junction	left_resid	tag_form	tag_sequence	tag_length	delta_mean_pll	within_tag_percentile	within_tag_rank	functional_tier	strict_structural_pass	structural_track	conservation_class	evA71_direct_insertion_score	evA71_direct_insertion_class	across_tag_spread
1|2	1	MAP8	GDGMVPPG	8	-0.00284174392219682	0.8934169278996865	35	HIGH_RISK	FALSE	structural near-miss	conserved	-5.7562	direct_insert_strongly_deleterious	0.00156196763631389
2|3	2	MAP8	GDGMVPPG	8	-0.00239854863212585	0.9059561128526644	31	HIGH_RISK	FALSE	structural near-miss	conserved	-5.777753	direct_insert_strongly_deleterious	0.0019066168958512598
3|4	3	MAP8	GDGMVPPG	8	0.00226515845620234	0.9780564263322884	8	HIGH_RISK	FALSE	structural near-miss	conserved	-5.554076	direct_insert_strongly_deleterious	0.01032816050943052
4|5	4	MAP8	GDGMVPPG	8	-0.00493230303391811	0.8401253918495297	52	HIGH_RISK	FALSE	structural near-miss	conserved	-5.674522	direct_insert_strongly_deleterious	0.00543350105683427
5|6	5	MAP8	GDGMVPPG	8	-0.01417050724219715	0.43887147335423193	180	HIGH_RISK	FALSE	structural near-miss	intermediate	-5.777753	direct_insert_strongly_deleterious	0.009409764903960841
6|7	6	MAP8	GDGMVPPG	8	-0.01355444441902387	0.46081504702194354	173	HIGH_RISK	FALSE	structural near-miss	intermediate	-5.8829	direct_insert_strongly_deleterious	0.0065881481593646
7|8	7	MAP8	GDGMVPPG	8	-0.01149688928457859	0.5579937304075235	142	HIGH_RISK	FALSE	structural near-miss	intermediate	-5.548728	direct_insert_strongly_deleterious	0.010076932432505629
8|9	8	MAP8	GDGMVPPG	8	-0.01106938181189276	0.5705329153605015	138	HIGH_RISK	FALSE	structural near-miss	intermediate	-5.379723	direct_insert_strongly_deleterious	0.0013619715056316702
9|10	9	MAP8	GDGMVPPG	8	-0.01215478330759056	0.5109717868338558	157	HIGH_RISK	FALSE	structural near-miss	conserved	-5.353998	direct_insert_strongly_deleterious	0.00993584189376984
10|11	10	MAP8	GDGMVPPG	8	-0.01353067493535142	0.46394984326018807	172	HIGH_RISK	FALSE	structural near-miss	conserved	-5.265505	direct_insert_strongly_deleterious	0.01955244320634008
11|12	11	MAP8	GDGMVPPG	8	-0.0137974506082048	0.45141065830721006	176	HIGH_RISK	FALSE	background	conserved	-5.493618	direct_insert_strongly_deleterious	0.00547287391308959
12|13	12	MAP8	GDGMVPPG	8	-9.4486829198192e-4	0.9310344827586208	23	HIGH_RISK	FALSE	background	conserved	-5.504886	direct_insert_strongly_deleterious	0.014601992517775381
13|14	13	MAP8	GDGMVPPG	8	-0.00228039034717753	0.915360501567398	28	HIGH_RISK	FALSE	structural near-miss	conserved	-5.487936	direct_insert_strongly_deleterious	0.02700259810094385
14|15	14	MAP8	GDGMVPPG	8	-0.00478774366474743	0.8463949843260188	50	HIGH_RISK	FALSE	structural near-miss	conserved	-5.84774	direct_insert_strongly_deleterious	0.00262019453908912
15|16	15	MAP8	GDGMVPPG	8	-0.0023378347397025	0.9122257053291536	29	HIGH_RISK	FALSE	structural near-miss	conserved	-5.19167	direct_insert_strongly_deleterious	0.00545551631543216
16|17	16	MAP8	GDGMVPPG	8	6.5364810506052e-4	0.962382445141066	13	HIGH_RISK	FALSE	structural near-miss	conserved	-5.580393	direct_insert_strongly_deleterious	0.02421277179877056
17|18	17	MAP8	GDGMVPPG	8	0.00532029047586668	0.9937304075235108	3	HIGH_RISK	FALSE	structural near-miss	conserved	-5.660236	direct_insert_strongly_deleterious	0.01021725438981224
18|19	18	MAP8	GDGMVPPG	8	-0.00261284236996228	0.90282131661442	32	HIGH_RISK	FALSE	structural near-miss	conserved	-5.886731	direct_insert_strongly_deleterious	0.0069845830261963
19|20	19	MAP8	GDGMVPPG	8	0.00270144664193683	0.9811912225705328	7	HIGH_RISK	FALSE	structural near-miss	conserved	-5.482222	direct_insert_strongly_deleterious	0.00554414173130756
20|21	20	MAP8	GDGMVPPG	8	0.00302031196484975	0.9843260188087776	6	HIGH_RISK	FALSE	structural near-miss	conserved	-5.379723	direct_insert_strongly_deleterious	0.00931731154013303
21|22	21	MAP8	GDGMVPPG	8	-0.00238831854619725	0.9090909090909092	30	HIGH_RISK	FALSE	structural near-miss	conserved	-5.794666	direct_insert_strongly_deleterious	0.00571075435727807
22|23	22	MAP8	GDGMVPPG	8	-6.417885272012e-4	0.9404388714733544	20	HIGH_RISK	FALSE	structural near-miss	conserved	-5.688607	direct_insert_strongly_deleterious	0.0032770442250034003
23|24	23	MAP8	GDGMVPPG	8	-0.00104038325474276	0.927899686520376	24	HIGH_RISK	FALSE	structural near-miss	conserved	-5.575185	direct_insert_strongly_deleterious	0.00144690664335867
24|25	24	MAP8	GDGMVPPG	8	-0.00287278731825368	0.890282131661442	36	HIGH_RISK	FALSE	structural near-miss	intermediate	-5.747447	direct_insert_strongly_deleterious	0.01016008627686248
25|26	25	MAP8	GDGMVPPG	8	0.00101140074829153	0.9717868338557992	10	HIGH_RISK	FALSE	structural near-miss	intermediate	-5.655428	direct_insert_strongly_deleterious	0.00806716800672368
26|27	26	MAP8	GDGMVPPG	8	8.0489986766751e-4	0.9655172413793104	12	HIGH_RISK	FALSE	structural near-miss	intermediate	-5.953299	direct_insert_strongly_deleterious	0.00647423285990943
27|28	27	MAP8	GDGMVPPG	8	0.00396709345814283	0.987460815047022	5	HIGH_RISK	FALSE	structural near-miss	intermediate	-5.819512	direct_insert_strongly_deleterious	0.00828992320705256
28|29	28	MAP8	GDGMVPPG	8	9.7993906667603e-4	0.9686520376175548	11	HIGH_RISK	FALSE	structural near-miss	intermediate	-5.725224	direct_insert_strongly_deleterious	0.0106899554799016
29|30	29	MAP8	GDGMVPPG	8	-0.00307775153361422	0.8840125391849529	38	HIGH_RISK	FALSE	structural near-miss	intermediate	-5.688607	direct_insert_strongly_deleterious	0.0081974252141137
30|31	30	MAP8	GDGMVPPG	8	5.5580711463099e-4	0.9592476489028212	14	HIGH_RISK	FALSE	structural near-miss	intermediate	-5.794666	direct_insert_strongly_deleterious	0.00279712301804834
31|32	31	MAP8	GDGMVPPG	8	-0.00112687549080092	0.9247648902821316	25	HIGH_RISK	FALSE	structural near-miss	intermediate	-5.747447	direct_insert_strongly_deleterious	0.011429268049692791
32|33	32	MAP8	GDGMVPPG	8	-0.0089244432279627	0.6677115987460815	107	HIGH_RISK	FALSE	structural near-miss	intermediate	-5.606036	direct_insert_strongly_deleterious	0.00706222574371962
33|34	33	MAP8	GDGMVPPG	8	-0.00743275123435083	0.7304075235109717	87	HIGH_RISK	FALSE	background	intermediate	-5.674522	direct_insert_strongly_deleterious	0.01170114811247202
34|35	34	MAP8	GDGMVPPG	8	-6.7778715664701e-4	0.9373040752351096	21	HIGH_RISK	FALSE	background	intermediate	-5.476475	direct_insert_strongly_deleterious	0.008171769614012
35|36	35	MAP8	GDGMVPPG	8	-0.00315963084403714	0.8808777429467085	39	HIGH_RISK	FALSE	background	intermediate	-5.476475	direct_insert_strongly_deleterious	0.007184207807242601
36|37	36	MAP8	GDGMVPPG	8	-0.00431056421294417	0.8620689655172413	45	HIGH_RISK	FALSE	structural near-miss	conserved	-5.386052	direct_insert_strongly_deleterious	0.00687900214702085
37|38	37	MAP8	GDGMVPPG	8	-8.5657154625096e-4	0.9341692789968652	22	HIGH_RISK	FALSE	background	intermediate	-5.373353	direct_insert_strongly_deleterious	0.0070660306507495
38|39	38	MAP8	GDGMVPPG	8	-0.00599218518141064	0.8025078369905956	64	HIGH_RISK	FALSE	background	intermediate	-5.45315	direct_insert_strongly_deleterious	0.01070202326005231
39|40	39	MAP8	GDGMVPPG	8	-0.00671581269906163	0.7711598746081505	74	HIGH_RISK	FALSE	structural near-miss	intermediate	-5.360491	direct_insert_strongly_deleterious	0.006465066482610029
40|41	40	MAP8	GDGMVPPG	8	-0.00708864379729856	0.7492163009404389	81	HIGH_RISK	FALSE	structural near-miss	intermediate	-5.764877	direct_insert_strongly_deleterious	0.01815803774488288
41|42	41	MAP8	GDGMVPPG	8	-0.01141817212001949	0.5642633228840126	140	HIGH_RISK	FALSE	structural near-miss	intermediate	-5.697888	direct_insert_strongly_deleterious	0.00485891693175278
42|43	42	MAP8	GDGMVPPG	8	-0.01678000749888975	0.33228840125391845	214	HIGH_RISK	FALSE	structural near-miss	variable	-5.272597	direct_insert_strongly_deleterious	0.014513945036242148
43|44	43	MAP8	GDGMVPPG	8	-0.01053948571479912	0.5924764890282131	131	HIGH_RISK	FALSE	structural near-miss	variable	-5.635963	direct_insert_strongly_deleterious	0.0073120103833002
44|45	44	MAP8	GDGMVPPG	8	-0.00982596393028245	0.6081504702194358	126	HIGH_RISK	FALSE	background	variable	-5.595858	direct_insert_strongly_deleterious	0.021211921658209388
45|46	45	MAP8	GDGMVPPG	8	-0.018168195783403	0.2946708463949843	226	HIGH_RISK	FALSE	background	variable	-5.340883	direct_insert_strongly_deleterious	0.00540216016213479
46|47	46	MAP8	GDGMVPPG	8	-0.01439029250802548	0.432601880877743	182	HIGH_RISK	FALSE	structural near-miss	variable	-5.559395	direct_insert_strongly_deleterious	0.0077097249058129
47|48	47	MAP8	GDGMVPPG	8	-0.00740144226982186	0.7335423197492164	86	HIGH_RISK	FALSE	background	variable	-5.60096	direct_insert_strongly_deleterious	0.02148778000872475
48|49	48	MAP8	GDGMVPPG	8	-0.01217917918920186	0.5078369905956113	158	HIGH_RISK	FALSE	background	variable	-5.747447	direct_insert_strongly_deleterious	0.02315040639953425
49|50	49	MAP8	GDGMVPPG	8	-0.00563091908272062	0.8150470219435737	60	HIGH_RISK	FALSE	background	variable	-5.595858	direct_insert_strongly_deleterious	0.01087998150196556
50|51	50	MAP8	GDGMVPPG	8	-5.1889502462243e-4	0.9435736677115988	19	HIGH_RISK	FALSE	background	variable	-5.559395	direct_insert_strongly_deleterious	0.012113808522142382
51|52	51	MAP8	GDGMVPPG	8	-0.00949994140753762	0.6332288401253918	118	HIGH_RISK	FALSE	background	variable	-5.300473	direct_insert_strongly_deleterious	0.03282232206200319
52|53	52	MAP8	GDGMVPPG	8	-0.01458791753066757	0.4263322884012539	184	HIGH_RISK	FALSE	background	intermediate	-5.764877	direct_insert_strongly_deleterious	0.01295888077179308
53|54	53	MAP8	GDGMVPPG	8	-0.00626791335811205	0.7931034482758621	67	HIGH_RISK	FALSE	background	intermediate	-5.595858	direct_insert_strongly_deleterious	0.00775111301265863
54|55	54	MAP8	GDGMVPPG	8	-0.00637350463950037	0.7742946708463949	73	HIGH_RISK	FALSE	background	intermediate	-5.621111	direct_insert_strongly_deleterious	0.02145040133035801
55|56	55	MAP8	GDGMVPPG	8	-0.026571964741672	0.11285266457680254	284	HIGH_RISK	FALSE	background	intermediate	-5.575185	direct_insert_strongly_deleterious	0.012975299051364962
56|57	56	MAP8	GDGMVPPG	8	-0.0259711937171434	0.11912225705329148	282	HIGH_RISK	FALSE	background	variable	-5.585575	direct_insert_strongly_deleterious	0.01386145624805923
57|58	57	MAP8	GDGMVPPG	8	-0.02032040748144137	0.23510971786833856	245	HIGH_RISK	FALSE	background	intermediate	-5.743042	direct_insert_strongly_deleterious	0.0072723733585693395
58|59	58	MAP8	GDGMVPPG	8	-0.02122902099211998	0.2068965517241379	254	HIGH_RISK	FALSE	background	variable	-5.782008	direct_insert_strongly_deleterious	0.006830602531518792
59|60	59	MAP8	GDGMVPPG	8	-0.02447572305627732	0.13793103448275867	276	HIGH_RISK	FALSE	background	variable	-5.909417	direct_insert_strongly_deleterious	0.00958008800584454
60|61	60	MAP8	GDGMVPPG	8	-0.02163097969360139	0.1974921630094044	257	HIGH_RISK	FALSE	background	variable	-5.72072	direct_insert_strongly_deleterious	0.02168802750793963
61|62	61	MAP8	GDGMVPPG	8	-0.0177770900528067	0.3134796238244514	220	HIGH_RISK	FALSE	background	variable	-5.564686	direct_insert_strongly_deleterious	0.01253699426589261
62|63	62	MAP8	GDGMVPPG	8	-0.01291071699280177	0.48589341692789967	165	HIGH_RISK	FALSE	background	variable	-5.236622	direct_insert_strongly_deleterious	0.00935756898287555
63|64	63	MAP8	GDGMVPPG	8	-0.00747467943893687	0.7272727272727273	88	HIGH_RISK	FALSE	background	variable	-5.554076	direct_insert_strongly_deleterious	0.01851060125027314
64|65	64	MAP8	GDGMVPPG	8	-0.01163674881505327	0.54858934169279	145	HIGH_RISK	FALSE	background	variable	-5.564686	direct_insert_strongly_deleterious	0.020471834145842298
65|66	65	MAP8	GDGMVPPG	8	-0.01815498792517278	0.29780564263322884	225	HIGH_RISK	FALSE	background	variable	-5.786245	direct_insert_strongly_deleterious	0.00809415987840012
66|67	66	MAP8	GDGMVPPG	8	-0.01748575731159851	0.31974921630094044	218	HIGH_RISK	FALSE	background	variable	-5.510472	direct_insert_strongly_deleterious	0.007634392695951229
67|68	67	MAP8	GDGMVPPG	8	-0.02042913867018159	0.23197492163009403	246	HIGH_RISK	FALSE	background	variable	-5.764877	direct_insert_strongly_deleterious	0.029567163782154623
68|69	68	MAP8	GDGMVPPG	8	-0.01751167376555873	0.3166144200626959	219	HIGH_RISK	FALSE	background	variable	-5.645743	direct_insert_strongly_deleterious	0.01192394566773647
69|70	69	MAP8	GDGMVPPG	8	-0.02691432740957289	0.109717868338558	285	HIGH_RISK	FALSE	background	variable	-5.660236	direct_insert_strongly_deleterious	0.00902734658809479
70|71	70	MAP8	GDGMVPPG	8	-0.0288991240973524	0.08463949843260188	293	HIGH_RISK	FALSE	background	variable	-5.548728	direct_insert_strongly_deleterious	0.013413013176589049
71|72	71	MAP8	GDGMVPPG	8	-0.03075844185465515	0.06896551724137934	298	HIGH_RISK	FALSE	structural near-miss	variable	-5.707083	direct_insert_strongly_deleterious	0.01268609345004635
72|73	72	MAP8	GDGMVPPG	8	-0.03006699041946525	0.07836990595611282	295	HIGH_RISK	FALSE	background	variable	-5.595858	direct_insert_strongly_deleterious	0.015895980524550442
73|74	73	MAP8	GDGMVPPG	8	-0.01070502112644078	0.5862068965517242	133	HIGH_RISK	FALSE	background	variable	-5.851708	direct_insert_strongly_deleterious	0.016055740762833
74|75	74	MAP8	GDGMVPPG	8	-0.00345094909737664	0.8714733542319749	42	HIGH_RISK	FALSE	background	variable	-5.702496	direct_insert_strongly_deleterious	0.02007793166733051
75|76	75	MAP8	GDGMVPPG	8	-0.00944053041841153	0.6363636363636364	117	HIGH_RISK	FALSE	structural near-miss	variable	-5.738617	direct_insert_strongly_deleterious	0.016318546011084838
76|77	76	MAP8	GDGMVPPG	8	-0.01051090204923133	0.5956112852664577	130	HIGH_RISK	FALSE	background	variable	-5.769187	direct_insert_strongly_deleterious	0.01801113439320767
77|78	77	MAP8	GDGMVPPG	8	-0.01470650306055487	0.4043887147335423	191	HIGH_RISK	FALSE	background	variable	-5.751833	direct_insert_strongly_deleterious	0.0086902110173801
78|79	78	MAP8	GDGMVPPG	8	-0.00931360597056052	0.6489028213166144	113	HIGH_RISK	FALSE	background	variable	-5.621111	direct_insert_strongly_deleterious	0.01375908367553968
79|80	79	MAP8	GDGMVPPG	8	-0.01273522482283784	0.49216300940438873	163	HIGH_RISK	FALSE	background	variable	-5.347462	direct_insert_strongly_deleterious	0.017758513359984022
80|81	80	MAP8	GDGMVPPG	8	-0.02057124225495377	0.2288401253918495	247	HIGH_RISK	FALSE	background	variable	-5.532512	direct_insert_strongly_deleterious	0.00847770440264118
81|82	81	MAP8	GDGMVPPG	8	-0.01465467079238713	0.4137931034482759	188	HIGH_RISK	FALSE	background	intermediate	-5.569949	direct_insert_strongly_deleterious	0.01053353939470325
82|83	82	MAP8	GDGMVPPG	8	-0.01658797179310989	0.335423197492163	213	HIGH_RISK	FALSE	background	intermediate	-5.258362	direct_insert_strongly_deleterious	0.014327216205079811
83|84	83	MAP8	GDGMVPPG	8	-0.0171050562347137	0.3260188087774295	216	HIGH_RISK	FALSE	background	intermediate	-5.482222	direct_insert_strongly_deleterious	0.00797974872923968
84|85	84	MAP8	GDGMVPPG	8	-0.01599697622472451	0.3479623824451411	209	HIGH_RISK	FALSE	background	intermediate	-5.60096	direct_insert_strongly_deleterious	0.01347811371977592
85|86	85	MAP8	GDGMVPPG	8	-0.01192125866443394	0.5297805642633229	151	HIGH_RISK	FALSE	background	intermediate	-5.373353	direct_insert_strongly_deleterious	0.0064993851233512406
86|87	86	MAP8	GDGMVPPG	8	-0.00636301960047847	0.7774294670846396	72	HIGH_RISK	FALSE	background	intermediate	-5.293577	direct_insert_strongly_deleterious	0.014613325357438079
87|88	87	MAP8	GDGMVPPG	8	-0.00497827042414078	0.8369905956112853	53	HIGH_RISK	FALSE	background	intermediate	-5.221861	direct_insert_strongly_deleterious	0.01246247640952002
88|89	88	MAP8	GDGMVPPG	8	-0.00967639215187698	0.6175548589341693	123	HIGH_RISK	FALSE	background	intermediate	-5.373353	direct_insert_strongly_deleterious	0.011533786271107781
89|90	89	MAP8	GDGMVPPG	8	-0.0070799114281006	0.7523510971786834	80	HIGH_RISK	FALSE	structural near-miss	intermediate	-5.679239	direct_insert_strongly_deleterious	0.0094310534886497
90|91	90	MAP8	GDGMVPPG	8	-0.01195504976780892	0.5203761755485894	154	HIGH_RISK	FALSE	structural near-miss	intermediate	-5.569949	direct_insert_strongly_deleterious	0.01955723620367377
91|92	91	MAP8	GDGMVPPG	8	-0.01507984818374552	0.3887147335423198	196	HIGH_RISK	FALSE	background	intermediate	-5.83574	direct_insert_strongly_deleterious	0.01570224635040328
92|93	92	MAP8	GDGMVPPG	8	-0.01574083820890282	0.3573667711598746	206	HIGH_RISK	FALSE	background	intermediate	-5.60096	direct_insert_strongly_deleterious	0.01521286269756895
93|94	93	MAP8	GDGMVPPG	8	-0.01520146611408934	0.37617554858934166	200	HIGH_RISK	FALSE	background	intermediate	-5.697888	direct_insert_strongly_deleterious	0.00855137801729677
94|95	94	MAP8	GDGMVPPG	8	-0.02286022807971521	0.16614420062695923	267	HIGH_RISK	FALSE	background	intermediate	-5.590729	direct_insert_strongly_deleterious	0.018298307704601058
95|96	95	MAP8	GDGMVPPG	8	-0.02289997637803109	0.15673981191222577	270	HIGH_RISK	FALSE	background	intermediate	-5.751833	direct_insert_strongly_deleterious	0.011333761969499982
96|97	96	MAP8	GDGMVPPG	8	-0.0182831683365312	0.2915360501567398	227	HIGH_RISK	FALSE	background	intermediate	-5.621111	direct_insert_strongly_deleterious	0.00897755273660427
97|98	97	MAP8	GDGMVPPG	8	-0.01357481333259169	0.457680250783699	174	HIGH_RISK	FALSE	background	variable	-5.410975	direct_insert_strongly_deleterious	0.01816809267778031
98|99	98	MAP8	GDGMVPPG	8	-0.03080084814476791	0.0658307210031348	299	HIGH_RISK	FALSE	background	variable	-5.516028	direct_insert_strongly_deleterious	0.0205582005957683
99|100	99	MAP8	GDGMVPPG	8	-0.02692518193171889	0.10658307210031348	286	HIGH_RISK	FALSE	structural near-miss	variable	-5.307323	direct_insert_strongly_deleterious	0.02120586447848849
100|101	100	MAP8	GDGMVPPG	8	-0.02479381517480705	0.12852664576802508	279	HIGH_RISK	FALSE	background	variable	-5.665021	direct_insert_strongly_deleterious	0.029971942118469208
101|102	101	MAP8	GDGMVPPG	8	-0.0214040409900309	0.20376175548589337	255	HIGH_RISK	FALSE	background	variable	-5.621111	direct_insert_strongly_deleterious	0.01316803625368746
102|103	102	MAP8	GDGMVPPG	8	-0.01845818198786064	0.27899686520376177	231	HIGH_RISK	FALSE	background	variable	-5.707083	direct_insert_strongly_deleterious	0.01958312310988618
103|104	103	MAP8	GDGMVPPG	8	-0.0227383509982495	0.17554858934169282	264	HIGH_RISK	FALSE	background	variable	-5.8829	direct_insert_strongly_deleterious	0.020179016631252992
104|105	104	MAP8	GDGMVPPG	8	-0.02221969483232477	0.1849529780564263	261	HIGH_RISK	FALSE	background	variable	-5.764877	direct_insert_strongly_deleterious	0.0280551330565606
105|106	105	MAP8	GDGMVPPG	8	-0.01953614474689402	0.2601880877742947	237	HIGH_RISK	FALSE	background	variable	-5.773479	direct_insert_strongly_deleterious	0.0032961344600401787
106|107	106	MAP8	GDGMVPPG	8	-0.01461424531215982	0.42006269592476486	186	HIGH_RISK	FALSE	background	variable	-5.859598	direct_insert_strongly_deleterious	0.01672545593442454
107|108	107	MAP8	GDGMVPPG	8	-0.00932223800602782	0.64576802507837	114	HIGH_RISK	FALSE	background	variable	-5.738617	direct_insert_strongly_deleterious	0.02551892494345109
108|109	108	MAP8	GDGMVPPG	8	-0.0200261551288845	0.24451410658307215	242	HIGH_RISK	FALSE	background	variable	-5.901912	direct_insert_strongly_deleterious	0.021645716173935618
109|110	109	MAP8	GDGMVPPG	8	-0.00979462977192069	0.6144200626959248	124	HIGH_RISK	FALSE	background	variable	-6.074456	direct_insert_strongly_deleterious	0.02058194332149599
110|111	110	MAP8	GDGMVPPG	8	-0.00777845202845117	0.7147335423197492	92	HIGH_RISK	FALSE	background	variable	-6.467696	direct_insert_strongly_deleterious	0.02657345480758755
111|112	111	MAP8	GDGMVPPG	8	-0.00926410814876455	0.6551724137931034	111	HIGH_RISK	FALSE	background	variable	-5.688607	direct_insert_strongly_deleterious	0.0064460409258368994
112|113	112	MAP8	GDGMVPPG	8	-0.0081018512759341	0.6990595611285266	97	HIGH_RISK	FALSE	background	variable	-5.580393	direct_insert_strongly_deleterious	0.01377630628969894
113|114	113	MAP8	GDGMVPPG	8	-0.00893861723004096	0.664576802507837	108	HIGH_RISK	FALSE	background	variable	-5.86352	direct_insert_strongly_deleterious	0.01181640331232846
114|115	114	MAP8	GDGMVPPG	8	-0.0071504477221187	0.7429467084639498	83	HIGH_RISK	FALSE	background	intermediate	-5.665021	direct_insert_strongly_deleterious	0.007785364294800257
115|116	115	MAP8	GDGMVPPG	8	-0.00514128064945262	0.8307210031347962	55	HIGH_RISK	FALSE	background	variable	-5.665021	direct_insert_strongly_deleterious	0.010908145492922301
116|117	116	MAP8	GDGMVPPG	8	-0.00627534746081037	0.7899686520376176	68	HIGH_RISK	FALSE	background	variable	-5.729709	direct_insert_strongly_deleterious	0.014457787825326019
117|118	117	MAP8	GDGMVPPG	8	-0.01104264114877695	0.5736677115987461	137	HIGH_RISK	FALSE	background	intermediate	-5.128408	direct_insert_strongly_deleterious	0.017261247879244213
118|119	118	MAP8	GDGMVPPG	8	-0.019901232660815	0.24764890282131655	241	HIGH_RISK	FALSE	background	intermediate	-5.45315	direct_insert_strongly_deleterious	0.018102346921569982
119|120	119	MAP8	GDGMVPPG	8	-0.02280749994716968	0.16927899686520376	266	HIGH_RISK	FALSE	background	intermediate	-5.128408	direct_insert_strongly_deleterious	0.01333434919209964
120|121	120	MAP8	GDGMVPPG	8	-0.03459987271921516	0.05329153605015668	303	HIGH_RISK	FALSE	background	intermediate	-5.476475	direct_insert_strongly_deleterious	0.024741840383039733
121|122	121	MAP8	GDGMVPPG	8	-0.03569186629301901	0.04702194357366773	305	HIGH_RISK	FALSE	background	intermediate	-5.353998	direct_insert_strongly_deleterious	0.025105855866048195
122|123	122	MAP8	GDGMVPPG	8	-0.03438715437862161	0.05642633228840121	302	HIGH_RISK	FALSE	background	intermediate	-5.669783	direct_insert_strongly_deleterious	0.015872211980096924
123|124	123	MAP8	GDGMVPPG	8	-0.04691550544227185	0.02821316614420066	311	EXCLUDE	FALSE	background	intermediate	-5.782008	direct_insert_strongly_deleterious	0.02146881671453072
124|125	124	MAP8	GDGMVPPG	8	-0.05487188901943751	0.00940438871473359	317	EXCLUDE	FALSE	background	intermediate	-6.042247	direct_insert_strongly_deleterious	0.009448837218374972
125|126	125	MAP8	GDGMVPPG	8	-0.06213176125189657	0.00313479623824453	319	EXCLUDE	FALSE	background	intermediate	-5.901912	direct_insert_strongly_deleterious	0.007894319594246024
126|127	126	MAP8	GDGMVPPG	8	-0.06118823227106462	0.00626959247648906	318	EXCLUDE	FALSE	background	intermediate	-5.953299	direct_insert_strongly_deleterious	0.01661262974253485
127|128	127	MAP8	GDGMVPPG	8	-0.05408378485951592	0.01567398119122254	315	EXCLUDE	FALSE	background	intermediate	-5.782008	direct_insert_strongly_deleterious	0.013033114875375514
128|129	128	MAP8	GDGMVPPG	8	-0.05346457602868559	0.01880877742946707	314	EXCLUDE	FALSE	background	intermediate	-5.470694	direct_insert_strongly_deleterious	0.016296327664138133
129|130	129	MAP8	GDGMVPPG	8	-0.06708380907603173	0	320	EXCLUDE	FALSE	background	intermediate	-5.7562	direct_insert_strongly_deleterious	0.011589088053673091
130|131	130	MAP8	GDGMVPPG	8	-0.05424279256895525	0.01253918495297801	316	EXCLUDE	FALSE	background	variable	-5.949715	direct_insert_strongly_deleterious	0.03730844926327315
131|132	131	MAP8	GDGMVPPG	8	-0.03911872836966879	0.03761755485893414	308	EXCLUDE	FALSE	background	intermediate	-5.839756	direct_insert_strongly_deleterious	0.04564961336780238
132|133	132	MAP8	GDGMVPPG	8	-0.04902634053345744	0.02507836990595613	312	HIGH_RISK	FALSE	background	intermediate	-5.548728	direct_insert_strongly_deleterious	0.01769700714929367
133|134	133	MAP8	GDGMVPPG	8	-0.02944685849793282	0.08150470219435735	294	HIGH_RISK	FALSE	background	intermediate	-5.72072	direct_insert_strongly_deleterious	0.01591614914713669
134|135	134	MAP8	GDGMVPPG	8	-0.03639434412041531	0.04075235109717867	307	HIGH_RISK	FALSE	background	intermediate	-5.293577	direct_insert_strongly_deleterious	0.017145986396138728
135|136	135	MAP8	GDGMVPPG	8	-0.02269034739718645	0.18181818181818177	262	HIGH_RISK	FALSE	background	variable	-5.559395	direct_insert_strongly_deleterious	0.0317043000885704
136|137	136	MAP8	GDGMVPPG	8	-0.03081133299978988	0.06269592476489028	300	HIGH_RISK	FALSE	background	variable	-5.660236	direct_insert_strongly_deleterious	0.009652710713786927
137|138	137	MAP8	GDGMVPPG	8	-0.00701401725625583	0.7586206896551724	78	HIGH_RISK	FALSE	background	variable	-6.019067	direct_insert_strongly_deleterious	0.01680381611046666
138|139	138	MAP8	GDGMVPPG	8	-0.01252959336297587	0.5015673981191222	160	HIGH_RISK	FALSE	background	variable	-4.22227	direct_insert_strongly_deleterious	0.0236729287508206
139|140	139	MAP8	GDGMVPPG	8	-0.02269268633457111	0.17868338557993735	263	HIGH_RISK	FALSE	background	variable	-5.626087	direct_insert_strongly_deleterious	0.02190031874312038
140|141	140	MAP8	GDGMVPPG	8	-0.01940379348523135	0.2633228840125392	236	CORE_CAUTION	FALSE	background	variable	-5.83574	direct_insert_strongly_deleterious	0.012665371200546451
141|142	141	MAP8	GDGMVPPG	8	-0.01134228955885419	0.567398119122257	139	CORE_CAUTION	FALSE	background	variable	-5.886731	direct_insert_strongly_deleterious	0.01969176798479432
142|143	142	MAP8	GDGMVPPG	8	-0.0118970177588622	0.5329153605015674	150	CORE_CAUTION	FALSE	background	intermediate	-5.98152	direct_insert_strongly_deleterious	0.02675877344345467
143|144	143	MAP8	GDGMVPPG	8	-0.01600435798935828	0.3448275862068966	210	CORE_CAUTION	FALSE	background	intermediate	-5.991901	direct_insert_strongly_deleterious	0.02393462171192516
144|145	144	MAP8	GDGMVPPG	8	-0.01808391836547329	0.30094043887147337	224	CORE_CAUTION	FALSE	background	intermediate	-5.843756	direct_insert_strongly_deleterious	0.021830175077425892
145|146	145	MAP8	GDGMVPPG	8	-0.01923546374635787	0.26645768025078365	235	CORE_CAUTION	FALSE	background	intermediate	-5.782008	direct_insert_strongly_deleterious	0.02469669180881694
146|147	146	MAP8	GDGMVPPG	8	-0.01445666626428865	0.42946708463949845	183	CORE_CAUTION	FALSE	background	intermediate	-5.97103	direct_insert_strongly_deleterious	0.02941800264076688
147|148	147	MAP8	GDGMVPPG	8	-0.02860396838808299	0.08777429467084641	292	EXCLUDE	FALSE	background	intermediate	-5.83574	direct_insert_strongly_deleterious	0.02513348388457582
148|149	148	MAP8	GDGMVPPG	8	-0.02214570349290889	0.18808777429467083	260	EXCLUDE	FALSE	background	intermediate	-5.905671	direct_insert_strongly_deleterious	0.01993128383977005
149|150	149	MAP8	GDGMVPPG	8	-0.02118227580459386	0.21316614420062696	252	EXCLUDE	FALSE	background	intermediate	-5.942508	direct_insert_strongly_deleterious	0.019927774409859378
150|151	150	MAP8	GDGMVPPG	8	-0.02095200601140456	0.219435736677116	250	EXCLUDE	FALSE	background	conserved	-5.743042	direct_insert_strongly_deleterious	0.01822926259079738
151|152	151	MAP8	GDGMVPPG	8	-0.01960178305484561	0.25391849529780564	239	EXCLUDE	FALSE	background	conserved	-6.138895	direct_insert_strongly_deleterious	0.022863990363489947
152|153	152	MAP8	GDGMVPPG	8	-0.01465654140614747	0.4106583072100314	189	EXCLUDE	FALSE	background	conserved	-5.855661	direct_insert_strongly_deleterious	0.026879547775930483
153|154	153	MAP8	GDGMVPPG	8	-0.01255546435056054	0.4984326018808778	161	EXCLUDE	FALSE	background	conserved	-6.111785	direct_insert_strongly_deleterious	0.01976149407049909
154|155	154	MAP8	GDGMVPPG	8	-0.00837642187529086	0.6896551724137931	100	EXCLUDE	FALSE	background	conserved	-5.98152	direct_insert_strongly_deleterious	0.02549263407307611
155|156	155	MAP8	GDGMVPPG	8	-0.00590096358174907	0.8056426332288401	63	EXCLUDE	TRUE	strict structural pass	conserved	-5.967509	direct_insert_strongly_deleterious	0.02217225996542993
156|157	156	MAP8	GDGMVPPG	8	-0.01563470551063739	0.3636363636363637	204	EXCLUDE	FALSE	background	conserved	-5.953299	direct_insert_strongly_deleterious	0.011844897390188791
157|158	157	MAP8	GDGMVPPG	8	-0.01207960437195376	0.5141065830721003	156	EXCLUDE	FALSE	background	conserved	-5.827659	direct_insert_strongly_deleterious	0.01495966446189634
158|159	158	MAP8	GDGMVPPG	8	-0.00782084200909594	0.7053291536050157	95	EXCLUDE	FALSE	background	conserved	-6.029067	direct_insert_strongly_deleterious	0.018076036776896832
159|160	159	MAP8	GDGMVPPG	8	-0.00541497674398883	0.8275862068965517	56	EXCLUDE	FALSE	background	conserved	-6.045515	direct_insert_strongly_deleterious	0.0142924810532823
160|161	160	MAP8	GDGMVPPG	8	-0.00810336605653239	0.6959247648902822	98	EXCLUDE	FALSE	background	conserved	-5.738617	direct_insert_strongly_deleterious	0.015735926709897097
161|162	161	MAP8	GDGMVPPG	8	-0.00283562626377342	0.896551724137931	34	HIGH_RISK	FALSE	background	conserved	-5.953299	direct_insert_strongly_deleterious	0.01656965252741304
162|163	162	MAP8	GDGMVPPG	8	-0.00545426479769117	0.8244514106583072	57	HIGH_RISK	FALSE	background	conserved	-6.087054	direct_insert_strongly_deleterious	0.011495862599806731
163|164	163	MAP8	GDGMVPPG	8	-0.00603492421835927	0.7993730407523512	65	HIGH_RISK	FALSE	background	conserved	-5.590729	direct_insert_strongly_deleterious	0.00198029515249765
164|165	164	MAP8	GDGMVPPG	8	-0.02062378677682952	0.22570532915360497	248	EXCLUDE	FALSE	background	conserved	-5.575185	direct_insert_strongly_deleterious	0.015186080721791399
165|166	165	MAP8	GDGMVPPG	8	-0.03072774955163959	0.07523510971786829	296	EXCLUDE	FALSE	background	conserved	-5.988452	direct_insert_strongly_deleterious	0.03156373503199238
166|167	166	MAP8	GDGMVPPG	8	-0.04411843033376295	0.03448275862068961	309	EXCLUDE	FALSE	background	conserved	-5.660236	direct_insert_strongly_deleterious	0.04058157260592932
167|168	167	MAP8	GDGMVPPG	8	-0.04673443566350066	0.03134796238244519	310	EXCLUDE	FALSE	background	conserved	-5.595858	direct_insert_strongly_deleterious	0.013632320102512363
168|169	168	MAP8	GDGMVPPG	8	-0.03572482256053666	0.0438871473354232	306	EXCLUDE	FALSE	background	conserved	-5.635963	direct_insert_strongly_deleterious	0.06541779788079749
169|170	169	MAP8	GDGMVPPG	8	-0.00341298914505028	0.8746081504702194	41	EXCLUDE	FALSE	background	conserved	-5.569949	direct_insert_strongly_deleterious	0.02253637098326155
170|171	170	MAP8	GDGMVPPG	8	5.1986884706023e-4	0.9561128526645768	15	EXCLUDE	FALSE	background	conserved	-5.635963	direct_insert_strongly_deleterious	0.01061042383821186
171|172	171	MAP8	GDGMVPPG	8	0.01305453298976733	0.9968652037617556	2	HIGH_RISK	FALSE	structural near-miss	conserved	-5.569949	direct_insert_strongly_deleterious	0.01378429496010192
172|173	172	MAP8	GDGMVPPG	8	0.02016160176439463	1	1	HIGH_RISK	FALSE	background	conserved	-5.679239	direct_insert_strongly_deleterious	0.022142384198431828
173|174	173	MAP8	GDGMVPPG	8	0.00505744217049519	0.9905956112852664	4	HIGH_RISK	FALSE	structural near-miss	conserved	-5.669783	direct_insert_strongly_deleterious	0.026543541734324272
174|175	174	MAP8	GDGMVPPG	8	-0.00781286891831944	0.7084639498432601	94	HIGH_RISK	TRUE	strict structural pass	conserved	-6.002175	direct_insert_strongly_deleterious	0.013871135194227769
175|176	175	MAP8	GDGMVPPG	8	-0.00557311409285121	0.8213166144200628	58	HIGH_RISK	TRUE	strict structural pass	intermediate	-5.679239	direct_insert_strongly_deleterious	0.00526897450138541
176|177	176	MAP8	GDGMVPPG	8	-0.00433896376538101	0.8589341692789969	46	HIGH_RISK	FALSE	structural near-miss	intermediate	-5.729709	direct_insert_strongly_deleterious	0.006990820643576709
177|178	177	MAP8	GDGMVPPG	8	-4.0111988691338e-4	0.9467084639498432	18	CORE_CAUTION	FALSE	background	intermediate	-5.760548	direct_insert_strongly_deleterious	0.01093992456211179
178|179	178	MAP8	GDGMVPPG	8	-0.00276160463372754	0.8996865203761756	33	CORE_CAUTION	FALSE	background	intermediate	-5.738617	direct_insert_strongly_deleterious	0.01220031466411076
179|180	179	MAP8	GDGMVPPG	8	-0.00849277694705819	0.6802507836990596	103	CORE_CAUTION	FALSE	background	intermediate	-5.711649	direct_insert_strongly_deleterious	0.01154584413790305
180|181	180	MAP8	GDGMVPPG	8	-0.01074490998086563	0.5830721003134796	134	CORE_CAUTION	FALSE	background	intermediate	-5.815414	direct_insert_strongly_deleterious	0.00790354186725439
181|182	181	MAP8	GDGMVPPG	8	-0.00334502849296614	0.877742946708464	40	CORE_CAUTION	FALSE	background	intermediate	-5.743042	direct_insert_strongly_deleterious	0.01054984508591472
182|183	182	MAP8	GDGMVPPG	8	-0.01314046142310498	0.4796238244514106	167	CORE_CAUTION	FALSE	background	conserved	-5.747447	direct_insert_strongly_deleterious	0.02068621351836031
183|184	183	MAP8	GDGMVPPG	8	-0.02853730279453126	0.09090909090909094	291	CORE_CAUTION	FALSE	background	conserved	-5.470694	direct_insert_strongly_deleterious	0.020806694126715986
184|185	184	MAP8	GDGMVPPG	8	-0.01282461359665676	0.4890282131661442	164	HIGH_RISK	FALSE	background	conserved	-5.44128	direct_insert_strongly_deleterious	0.018426550540788792
185|186	185	MAP8	GDGMVPPG	8	-0.01514425974949729	0.3855799373040753	197	HIGH_RISK	FALSE	background	intermediate	-5.843756	direct_insert_strongly_deleterious	0.012533134221601738
186|187	186	MAP8	GDGMVPPG	8	-0.01833796978278945	0.2821316614420063	230	HIGH_RISK	FALSE	background	intermediate	-5.621111	direct_insert_strongly_deleterious	0.014734640684839647
187|188	187	MAP8	GDGMVPPG	8	-0.01259062988790171	0.49529780564263326	162	HIGH_RISK	FALSE	structural near-miss	conserved	-5.782008	direct_insert_strongly_deleterious	0.008570522682440629
188|189	188	MAP8	GDGMVPPG	8	-0.00980347292038219	0.6112852664576802	125	EXCLUDE	FALSE	background	conserved	-5.927936	direct_insert_strongly_deleterious	0.006763560468552312
189|190	189	MAP8	GDGMVPPG	8	-0.0093873830010458	0.6426332288401254	115	EXCLUDE	FALSE	background	conserved	-6.048772	direct_insert_strongly_deleterious	0.00755334046298284
190|191	190	MAP8	GDGMVPPG	8	-0.01897227455710881	0.27586206896551724	232	HIGH_RISK	FALSE	background	conserved	-5.764877	direct_insert_strongly_deleterious	0.004704570614125549
191|192	191	MAP8	GDGMVPPG	8	-0.01183253186847332	0.5391849529780564	148	HIGH_RISK	FALSE	background	conserved	-5.819512	direct_insert_strongly_deleterious	0.005729845067429899
192|193	192	MAP8	GDGMVPPG	8	-0.01829572709406513	0.28840125391849525	228	HIGH_RISK	FALSE	background	conserved	-6.008966	direct_insert_strongly_deleterious	0.004440035738586538
193|194	193	MAP8	GDGMVPPG	8	-0.023452095768	0.15047021943573669	272	HIGH_RISK	FALSE	background	conserved	-5.60096	direct_insert_strongly_deleterious	0.007493512589258351
194|195	194	MAP8	GDGMVPPG	8	-0.02492907924831389	0.12225705329153602	281	HIGH_RISK	FALSE	background	conserved	-5.886731	direct_insert_strongly_deleterious	0.013317333125384861
195|196	195	MAP8	GDGMVPPG	8	-0.0228726982823435	0.15987460815047017	269	HIGH_RISK	FALSE	background	conserved	-5.8829	direct_insert_strongly_deleterious	0.0157874523021757
196|197	196	MAP8	GDGMVPPG	8	-0.02063951487179238	0.22257053291536055	249	EXCLUDE	FALSE	background	conserved	-5.855661	direct_insert_strongly_deleterious	0.013013863327495209
197|198	197	MAP8	GDGMVPPG	8	-0.01804625267144954	0.30721003134796243	222	EXCLUDE	FALSE	background	conserved	-5.516028	direct_insert_strongly_deleterious	0.011828716785054379
198|199	198	MAP8	GDGMVPPG	8	-0.01553432401234733	0.3699059561128527	202	EXCLUDE	FALSE	background	conserved	-5.811299	direct_insert_strongly_deleterious	0.003166327154934919
199|200	199	MAP8	GDGMVPPG	8	-0.0165539291448864	0.3385579937304075	212	EXCLUDE	FALSE	background	conserved	-5.725224	direct_insert_strongly_deleterious	0.00763842215987332
200|201	200	MAP8	GDGMVPPG	8	-0.01333234880231826	0.4702194357366771	170	HIGH_RISK	FALSE	background	conserved	-5.379723	direct_insert_strongly_deleterious	0.005400811388599269
201|202	201	MAP8	GDGMVPPG	8	-0.00954384598336544	0.6300940438871474	119	EXCLUDE	FALSE	background	conserved	-5.707083	direct_insert_strongly_deleterious	0.0032531165912628186
202|203	202	MAP8	GDGMVPPG	8	-0.01470000920301117	0.4075235109717869	190	EXCLUDE	FALSE	background	conserved	-6.07762	direct_insert_strongly_deleterious	0.019042626319622613
203|204	203	MAP8	GDGMVPPG	8	-0.01590015369356079	0.3510971786833855	208	HIGH_RISK	FALSE	structural near-miss	intermediate	-3.061137	direct_insert_strongly_deleterious	0.011735135336337962
204|205	204	MAP8	GDGMVPPG	8	-0.00940459758449963	0.6394984326018809	116	HIGH_RISK	FALSE	background	intermediate	-5.751833	direct_insert_strongly_deleterious	0.014787870471027809
205|206	205	MAP8	GDGMVPPG	8	-0.00888716592942184	0.670846394984326	106	HIGH_RISK	FALSE	background	intermediate	-5.693258	direct_insert_strongly_deleterious	0.012042959996303441
206|207	206	MAP8	GDGMVPPG	8	-0.02335753918712191	0.15360501567398122	271	HIGH_RISK	FALSE	structural near-miss	intermediate	-5.743042	direct_insert_strongly_deleterious	0.024565687764786837
207|208	207	MAP8	GDGMVPPG	8	-0.02347045066677733	0.14420062695924762	274	HIGH_RISK	FALSE	structural near-miss	intermediate	-5.459032	direct_insert_strongly_deleterious	0.025458289331123922
208|209	208	MAP8	GDGMVPPG	8	-0.02489959930790641	0.12539184952978055	280	HIGH_RISK	FALSE	structural near-miss	intermediate	-5.611086	direct_insert_strongly_deleterious	0.0193147789494672
209|210	209	MAP8	GDGMVPPG	8	-0.01517216481776984	0.3793103448275862	199	EXCLUDE	FALSE	background	intermediate	-5.898138	direct_insert_strongly_deleterious	0.014231571284960779
210|211	210	MAP8	GDGMVPPG	8	-0.01331014009072717	0.47335423197492166	169	EXCLUDE	FALSE	background	intermediate	-5.956871	direct_insert_strongly_deleterious	0.01621083692832491
211|212	211	MAP8	GDGMVPPG	8	-0.04919165535752556	0.0219435736677116	313	EXCLUDE	FALSE	background	intermediate	-5.84774	direct_insert_strongly_deleterious	0.03553991481546426
212|213	212	MAP8	GDGMVPPG	8	-0.03528254558849353	0.05015673981191226	304	EXCLUDE	FALSE	background	variable	-5.33426	direct_insert_strongly_deleterious	0.013189523215547005
213|214	213	MAP8	GDGMVPPG	8	-0.01250185923768798	0.5047021943573669	159	EXCLUDE	FALSE	background	intermediate	-5.176226	direct_insert_strongly_deleterious	0.02202758645636927
214|215	214	MAP8	GDGMVPPG	8	-0.01461357527510598	0.4231974921630094	185	EXCLUDE	FALSE	background	intermediate	-4.825647	direct_insert_strongly_deleterious	0.012131443179466569
215|216	215	MAP8	GDGMVPPG	8	-0.01473966475405363	0.4012539184952978	192	EXCLUDE	FALSE	background	intermediate	-5.913148	direct_insert_strongly_deleterious	0.00850485076353546
216|217	216	MAP8	GDGMVPPG	8	-0.00840728148375458	0.6865203761755485	101	EXCLUDE	TRUE	strict structural pass	intermediate	-5.827659	direct_insert_strongly_deleterious	0.008961943938253999
217|218	217	MAP8	GDGMVPPG	8	0.00142068513406767	0.974921630094044	9	HIGH_RISK	TRUE	strict structural pass	intermediate	-5.86352	direct_insert_strongly_deleterious	0.015822918552176532
218|219	218	MAP8	GDGMVPPG	8	-0.00416020268431838	0.8652037617554859	44	HIGH_RISK	TRUE	strict structural pass	intermediate	-5.760548	direct_insert_strongly_deleterious	0.016653120709285478
219|220	219	MAP8	GDGMVPPG	8	-0.00845366952322734	0.6833855799373041	102	HIGH_RISK	FALSE	structural near-miss	intermediate	-5.935248	direct_insert_strongly_deleterious	0.011225299871332698
220|221	220	MAP8	GDGMVPPG	8	-0.01497104295910611	0.39498432601880873	194	HIGH_RISK	FALSE	structural near-miss	variable	-5.729709	direct_insert_strongly_deleterious	0.01759252816022805
221|222	221	MAP8	GDGMVPPG	8	-0.01566687178024262	0.3605015673981191	205	HIGH_RISK	FALSE	structural near-miss	variable	-5.790465	direct_insert_strongly_deleterious	0.01392863579504455
222|223	222	MAP8	GDGMVPPG	8	-0.02017064957722825	0.2413793103448276	243	HIGH_RISK	FALSE	structural near-miss	variable	-5.871317	direct_insert_strongly_deleterious	0.021829564185118056
223|224	223	MAP8	GDGMVPPG	8	-0.02119863353872508	0.21003134796238243	253	CORE_CAUTION	FALSE	structural near-miss	variable	-5.978036	direct_insert_strongly_deleterious	0.017139863582645187
224|225	224	MAP8	GDGMVPPG	8	-0.01491809369264896	0.39811912225705326	193	CORE_CAUTION	FALSE	background	variable	-3.51897	direct_insert_strongly_deleterious	0.02343723552358634
225|226	225	MAP8	GDGMVPPG	8	-0.01958546593444632	0.25705329153605017	238	CORE_CAUTION	FALSE	background	intermediate	-6.16529	direct_insert_strongly_deleterious	0.009854296202625342
226|227	226	MAP8	GDGMVPPG	8	-0.02286799204045087	0.1630094043887147	268	HIGH_RISK	FALSE	structural near-miss	variable	-5.782008	direct_insert_strongly_deleterious	0.0024489813314922983
227|228	227	MAP8	GDGMVPPG	8	-0.0216210125661771	0.20062695924764895	256	HIGH_RISK	FALSE	background	intermediate	-5.855661	direct_insert_strongly_deleterious	0.015861715667616853
228|229	228	MAP8	GDGMVPPG	8	-0.01740411001089636	0.322884012539185	217	HIGH_RISK	FALSE	structural near-miss	intermediate	-5.769187	direct_insert_strongly_deleterious	0.02595792203099201
229|230	229	MAP8	GDGMVPPG	8	-0.01830858258965495	0.28526645768025083	229	HIGH_RISK	FALSE	background	intermediate	-5.606036	direct_insert_strongly_deleterious	0.013779818899770199
230|231	230	MAP8	GDGMVPPG	8	-0.01921454724625482	0.2695924764890282	234	HIGH_RISK	FALSE	background	variable	-6.005576	direct_insert_strongly_deleterious	0.0284928203731476
231|232	231	MAP8	GDGMVPPG	8	-0.02726680099091316	0.09717868338557988	289	HIGH_RISK	FALSE	background	variable	-5.747447	direct_insert_strongly_deleterious	0.015379052466260479
232|233	232	MAP8	GDGMVPPG	8	-0.02705499664718003	0.10344827586206896	287	EXCLUDE	FALSE	background	intermediate	-6.029067	direct_insert_strongly_deleterious	0.014839190306226161
233|234	233	MAP8	GDGMVPPG	8	-0.03072833996061375	0.07210031347962387	297	EXCLUDE	FALSE	background	intermediate	-5.859598	direct_insert_strongly_deleterious	0.01564941946787623
234|235	234	MAP8	GDGMVPPG	8	-0.03122864565508187	0.05956112852664574	301	EXCLUDE	FALSE	background	intermediate	-5.86352	direct_insert_strongly_deleterious	0.011916501425309534
235|236	235	MAP8	GDGMVPPG	8	-0.02346599549416472	0.14733542319749215	273	HIGH_RISK	FALSE	background	intermediate	-5.851708	direct_insert_strongly_deleterious	0.015152783049012799
236|237	236	MAP8	GDGMVPPG	8	-0.0275355659970935	0.09404388714733548	290	HIGH_RISK	FALSE	background	variable	-5.927936	direct_insert_strongly_deleterious	0.00912950264549384
237|238	237	MAP8	GDGMVPPG	8	-0.02465574763918132	0.13479623824451414	277	HIGH_RISK	FALSE	background	variable	-5.697888	direct_insert_strongly_deleterious	0.01601410899561895
238|239	238	MAP8	GDGMVPPG	8	-0.01789004858548271	0.31034482758620685	221	HIGH_RISK	FALSE	background	intermediate	-5.606036	direct_insert_strongly_deleterious	0.00864702505032345
239|240	239	MAP8	GDGMVPPG	8	-0.02028816382855502	0.2382445141065831	244	HIGH_RISK	FALSE	background	variable	-5.631037	direct_insert_strongly_deleterious	0.01825672958706193
240|241	240	MAP8	GDGMVPPG	8	-0.01497784790952838	0.3918495297805643	195	HIGH_RISK	FALSE	background	variable	-5.942508	direct_insert_strongly_deleterious	0.011814163690150542
241|242	241	MAP8	GDGMVPPG	8	-0.01392028484300045	0.445141065830721	178	CORE_CAUTION	FALSE	background	variable	-5.843756	direct_insert_strongly_deleterious	0.027506845204555028
242|243	242	MAP8	GDGMVPPG	8	-0.00836129692492537	0.6927899686520376	99	CORE_CAUTION	FALSE	background	variable	-6.045515	direct_insert_strongly_deleterious	0.01021483720233985
243|244	243	MAP8	GDGMVPPG	8	-0.00884271475499653	0.6739811912225706	105	CORE_CAUTION	FALSE	background	variable	-5.843756	direct_insert_strongly_deleterious	0.01828007773975981
244|245	244	MAP8	GDGMVPPG	8	-0.00623179414645447	0.7962382445141065	66	CORE_CAUTION	FALSE	structural near-miss	variable	-5.898138	direct_insert_strongly_deleterious	0.01900666174337705
245|246	245	MAP8	GDGMVPPG	8	-0.00628414591711123	0.786833855799373	69	CORE_CAUTION	FALSE	structural near-miss	variable	-5.769187	direct_insert_strongly_deleterious	0.02722421989804413
246|247	246	MAP8	GDGMVPPG	8	-4.884119826842337e-5	0.9529780564263324	16	CORE_CAUTION	FALSE	background	variable	-5.764877	direct_insert_strongly_deleterious	0.01903702437892861
247|248	247	MAP8	GDGMVPPG	8	-0.0071014428756877	0.7460815047021944	82	CORE_CAUTION	FALSE	background	variable	-5.645743	direct_insert_strongly_deleterious	0.01899004663765112
248|249	248	MAP8	GDGMVPPG	8	-0.00722601090474839	0.7398119122257053	84	CORE_CAUTION	FALSE	literature-rescue	lineage_indel_supported	-5.693258	direct_insert_strongly_deleterious	0.01683504179535288
249|250	249	MAP8	GDGMVPPG	8	-0.01195395691313683	0.5235109717868338	153	CORE_CAUTION	FALSE	background	variable	-5.693258	direct_insert_strongly_deleterious	0.012567349325094391
250|251	250	MAP8	GDGMVPPG	8	-0.0108665670409116	0.5799373040752351	135	CORE_CAUTION	FALSE	structural near-miss	variable	-5.711649	direct_insert_strongly_deleterious	0.00889263671794627
251|252	251	MAP8	GDGMVPPG	8	-0.01197304395884213	0.5172413793103448	155	CORE_CAUTION	FALSE	background	variable	-5.665021	direct_insert_strongly_deleterious	0.01249527961975216
252|253	252	MAP8	GDGMVPPG	8	-0.01401803384197197	0.44200626959247646	179	CORE_CAUTION	FALSE	background	variable	-5.683934	direct_insert_strongly_deleterious	0.021718845716818688
253|254	253	MAP8	GDGMVPPG	8	-0.00809690086334269	0.7021943573667712	96	CORE_CAUTION	FALSE	background	variable	-5.660236	direct_insert_strongly_deleterious	0.02127750982727948
254|255	254	MAP8	GDGMVPPG	8	-0.00672936661015111	0.768025078369906	75	HIGH_RISK	FALSE	background	variable	-5.901912	direct_insert_strongly_deleterious	0.018230317957176098
255|256	255	MAP8	GDGMVPPG	8	-0.00691723179965686	0.7617554858934169	77	HIGH_RISK	FALSE	background	variable	-5.585575	direct_insert_strongly_deleterious	0.01031638542870628
256|257	256	MAP8	GDGMVPPG	8	-0.0048218113369578	0.8432601880877743	51	HIGH_RISK	FALSE	literature-rescue	variable	-5.527047	direct_insert_strongly_deleterious	0.01213935755193595
257|258	257	MAP8	GDGMVPPG	8	-0.0062901587224835	0.780564263322884	71	HIGH_RISK	FALSE	background	variable	-5.782008	direct_insert_strongly_deleterious	0.01012774725077747
258|259	258	MAP8	GDGMVPPG	8	-0.00957470860376563	0.6269592476489028	120	HIGH_RISK	FALSE	background	lineage_indel_supported	-5.905671	direct_insert_strongly_deleterious	0.006985591326586161
259|260	259	MAP8	GDGMVPPG	8	-0.00965218878228491	0.6206896551724138	122	HIGH_RISK	FALSE	background	lineage_indel_supported	-5.711649	direct_insert_strongly_deleterious	0.013839350574616828
260|261	260	MAP8	GDGMVPPG	8	-0.01551495307461037	0.3730407523510971	201	HIGH_RISK	FALSE	background	lineage_indel_supported	-5.946118	direct_insert_strongly_deleterious	0.019646741083482848
261|262	261	MAP8	GDGMVPPG	8	-0.0086632405610878	0.677115987460815	104	EXCLUDE	FALSE	background	lineage_indel_supported	-5.798851	direct_insert_strongly_deleterious	0.00426744273098123
262|263	262	MAP8	GDGMVPPG	8	-0.01985956274538169	0.2507836990595611	240	EXCLUDE	FALSE	background	lineage_indel_supported	-5.97103	direct_insert_strongly_deleterious	0.01566074776138926
263|264	263	MAP8	GDGMVPPG	8	-0.01699750202539984	0.32915360501567403	215	HIGH_RISK	FALSE	structural near-miss	lineage_indel_supported	-5.827659	direct_insert_strongly_deleterious	0.009035683048795212
264|265	264	MAP8	GDGMVPPG	8	-0.00772277828961742	0.7178683385579938	91	HIGH_RISK	FALSE	structural near-miss	lineage_indel_supported	-5.827659	direct_insert_strongly_deleterious	0.00773773101324249
265|266	265	MAP8	GDGMVPPG	8	-0.00995457752553008	0.6018808777429467	128	HIGH_RISK	FALSE	structural near-miss	lineage_indel_supported	-5.674522	direct_insert_strongly_deleterious	0.00876191688985895
266|267	266	MAP8	GDGMVPPG	8	-0.01027903700025634	0.5987460815047022	129	HIGH_RISK	FALSE	background	lineage_indel_supported	-5.683934	direct_insert_strongly_deleterious	0.01698468805883424
267|268	267	MAP8	GDGMVPPG	8	-0.0180819568444388	0.3040752351097179	223	HIGH_RISK	FALSE	background	lineage_indel_supported	-5.729709	direct_insert_strongly_deleterious	0.02438964495570416
268|269	268	MAP8	GDGMVPPG	8	-0.00771051244294085	0.7210031347962382	90	HIGH_RISK	FALSE	background	lineage_indel_supported	-5.913148	direct_insert_strongly_deleterious	0.004673773249370241
269|270	269	MAP8	GDGMVPPG	8	-0.00900589765147641	0.6614420062695925	109	HIGH_RISK	FALSE	background	lineage_indel_supported	-5.815414	direct_insert_strongly_deleterious	0.00502249859837889
270|271	270	MAP8	GDGMVPPG	8	-0.01304943230715505	0.48275862068965514	166	HIGH_RISK	FALSE	background	intermediate	-5.798851	direct_insert_strongly_deleterious	0.021120604148284088
271|272	271	MAP8	GDGMVPPG	8	-0.01175337295412148	0.5454545454545454	146	HIGH_RISK	FALSE	background	intermediate	-5.794666	direct_insert_strongly_deleterious	0.01794511698069368
272|273	272	MAP8	GDGMVPPG	8	-0.0098726822892079	0.6050156739811912	127	EXCLUDE	FALSE	background	conserved	-5.611086	direct_insert_strongly_deleterious	0.01591144141938993
273|274	273	MAP8	GDGMVPPG	8	-0.00705941710303115	0.755485893416928	79	EXCLUDE	FALSE	background	conserved	-5.669783	direct_insert_strongly_deleterious	0.00641036757239811
274|275	274	MAP8	GDGMVPPG	8	-0.01365072315688031	0.4545454545454546	175	HIGH_RISK	FALSE	background	conserved	-5.683934	direct_insert_strongly_deleterious	0.008759756606410811
275|276	275	MAP8	GDGMVPPG	8	-0.01163301080328471	0.5517241379310345	144	HIGH_RISK	FALSE	background	conserved	-5.743042	direct_insert_strongly_deleterious	0.01582374549066533
276|277	276	MAP8	GDGMVPPG	8	-0.01192138299458234	0.5266457680250783	152	HIGH_RISK	FALSE	background	conserved	-5.811299	direct_insert_strongly_deleterious	0.01264187046384669
277|278	277	MAP8	GDGMVPPG	8	-0.0067963781114857	0.7648902821316614	76	EXCLUDE	FALSE	background	intermediate	-5.707083	direct_insert_strongly_deleterious	0.01130095347762116
278|279	278	MAP8	GDGMVPPG	8	-0.00748001406030596	0.7241379310344828	89	EXCLUDE	FALSE	background	intermediate	-5.924259	direct_insert_strongly_deleterious	0.01172148412601537
279|280	279	MAP8	GDGMVPPG	8	-0.00561861660024787	0.8181818181818181	59	HIGH_RISK	FALSE	structural near-miss	intermediate	-6.002175	direct_insert_strongly_deleterious	0.007854953591381879
280|281	280	MAP8	GDGMVPPG	8	-0.00441355469253501	0.8526645768025078	48	HIGH_RISK	FALSE	structural near-miss	intermediate	-5.697888	direct_insert_strongly_deleterious	0.0028289599221897896
281|282	281	MAP8	GDGMVPPG	8	-0.00727053880713235	0.7366771159874608	85	HIGH_RISK	FALSE	background	intermediate	-5.946118	direct_insert_strongly_deleterious	0.006681999334223311
282|283	282	MAP8	GDGMVPPG	8	-0.00914302110908815	0.658307210031348	110	HIGH_RISK	FALSE	background	intermediate	-5.729709	direct_insert_strongly_deleterious	0.02063587673403556
283|284	283	MAP8	GDGMVPPG	8	-0.00463290657915083	0.8495297805642633	49	HIGH_RISK	FALSE	background	intermediate	-5.510472	direct_insert_strongly_deleterious	0.0074135403788240205
284|285	284	MAP8	GDGMVPPG	8	-0.00587455216239396	0.8087774294670846	62	HIGH_RISK	FALSE	background	intermediate	-5.794666	direct_insert_strongly_deleterious	0.0060705879332645304
285|286	285	MAP8	GDGMVPPG	8	-0.01070312020365094	0.5893416927899686	132	HIGH_RISK	FALSE	background	variable	-5.773479	direct_insert_strongly_deleterious	0.00937996966802591
286|287	286	MAP8	GDGMVPPG	8	-0.0078082833237465	0.7115987460815048	93	HIGH_RISK	FALSE	background	variable	-5.738617	direct_insert_strongly_deleterious	0.00524487188775602
287|288	287	MAP8	GDGMVPPG	8	-0.0110303684884423	0.5768025078369906	136	HIGH_RISK	TRUE	strict structural pass	variable	-5.521553	direct_insert_strongly_deleterious	0.007279908255585889
288|289	288	MAP8	GDGMVPPG	8	-0.0114703275967507	0.561128526645768	141	HIGH_RISK	TRUE	strict structural pass	variable	-5.152603	direct_insert_strongly_deleterious	0.0075805405354141195
289|290	289	MAP8	GDGMVPPG	8	-0.01180661704503505	0.542319749216301	147	HIGH_RISK	TRUE	strict structural pass	variable	-3.51897	direct_insert_strongly_deleterious	0.006077733441673499
290|291	290	MAP8	GDGMVPPG	8	-0.01577462666267903	0.35423197492163006	207	HIGH_RISK	TRUE	strict structural pass	variable	-5.214399	direct_insert_strongly_deleterious	0.00919982977379074
291|292	291	MAP8	GDGMVPPG	8	-0.01428728722068894	0.4357366771159875	181	HIGH_RISK	FALSE	structural near-miss	variable	-5.626087	direct_insert_strongly_deleterious	0.00718425730724714
292|293	292	MAP8	GDGMVPPG	8	-0.01462675991254869	0.41692789968652033	187	HIGH_RISK	FALSE	background	variable	-5.679239	direct_insert_strongly_deleterious	0.01059083843840592
293|294	293	MAP8	GDGMVPPG	8	-0.02433223583471289	0.1410658307210031	275	HIGH_RISK	FALSE	background	variable	-5.807167	direct_insert_strongly_deleterious	0.01148610978458553
294|295	294	MAP8	GDGMVPPG	8	-0.02278663288076288	0.1724137931034483	265	HIGH_RISK	FALSE	background	variable	-5.532512	direct_insert_strongly_deleterious	0.01765649182238338
295|296	295	MAP8	GDGMVPPG	8	-0.02724260256384125	0.10031347962382442	288	HIGH_RISK	FALSE	background	variable	-5.353998	direct_insert_strongly_deleterious	0.0155894753165291
296|297	296	MAP8	GDGMVPPG	8	-0.01915642405828022	0.2727272727272727	233	HIGH_RISK	FALSE	background	variable	-5.665021	direct_insert_strongly_deleterious	0.011336497143000999
297|298	297	MAP8	GDGMVPPG	8	-0.02619836970698541	0.11598746081504709	283	HIGH_RISK	FALSE	background	variable	-5.45315	direct_insert_strongly_deleterious	0.014183963086268129
298|299	298	MAP8	GDGMVPPG	8	-0.02469850367913606	0.1316614420062696	278	HIGH_RISK	FALSE	background	variable	-5.33426	direct_insert_strongly_deleterious	0.0035020332690658407
299|300	299	MAP8	GDGMVPPG	8	-0.02176343603902264	0.1943573667711599	258	HIGH_RISK	FALSE	background	variable	-5.366943	direct_insert_strongly_deleterious	0.014769950831095
300|301	300	MAP8	GDGMVPPG	8	-0.02200620888236049	0.19122257053291536	259	HIGH_RISK	FALSE	structural near-miss	variable	-5.476475	direct_insert_strongly_deleterious	0.015987673574072492
301|302	301	MAP8	GDGMVPPG	8	-0.02101414694124281	0.2163009404388715	251	HIGH_RISK	FALSE	background	variable	-5.482222	direct_insert_strongly_deleterious	0.00959937831682644
302|303	302	MAP8	GDGMVPPG	8	-0.01383986522360558	0.4482758620689655	177	HIGH_RISK	FALSE	background	variable	-5.482222	direct_insert_strongly_deleterious	0.0012834660686174004
303|304	303	MAP8	GDGMVPPG	8	-0.01347586349082163	0.4670846394984326	171	HIGH_RISK	FALSE	background	variable	-5.688607	direct_insert_strongly_deleterious	0.014434491251519969
304|305	304	MAP8	GDGMVPPG	8	-0.0156248100398515	0.3667711598746082	203	HIGH_RISK	FALSE	background	variable	-5.650598	direct_insert_strongly_deleterious	0.010807663101846998
305|306	305	MAP8	GDGMVPPG	8	-0.01514475456203046	0.3824451410658307	198	HIGH_RISK	FALSE	background	variable	-5.674522	direct_insert_strongly_deleterious	0.004450325827386701
306|307	306	MAP8	GDGMVPPG	8	-0.00929210639741784	0.652037617554859	112	HIGH_RISK	FALSE	background	variable	-5.729709	direct_insert_strongly_deleterious	0.01417642386743046
307|308	307	MAP8	GDGMVPPG	8	-0.01629001220772208	0.34169278996865204	211	HIGH_RISK	FALSE	structural near-miss	variable	-5.7562	direct_insert_strongly_deleterious	0.00918549116362222
308|309	308	MAP8	GDGMVPPG	8	-0.01323100621168515	0.4764890282131662	168	HIGH_RISK	FALSE	background	variable	-5.660236	direct_insert_strongly_deleterious	0.007483090378456849
309|310	309	MAP8	GDGMVPPG	8	-0.00203977605196792	0.9184952978056428	27	HIGH_RISK	FALSE	background	variable	-5.258362	direct_insert_strongly_deleterious	0.00745586270318554
310|311	310	MAP8	GDGMVPPG	8	-0.00440192110348647	0.8557993730407524	47	HIGH_RISK	FALSE	background	variable	-5.379723	direct_insert_strongly_deleterious	0.0038999459073765204
311|312	311	MAP8	GDGMVPPG	8	-0.00291576943747129	0.8871473354231975	37	HIGH_RISK	FALSE	background	variable	-5.729709	direct_insert_strongly_deleterious	0.00624688294497844
312|313	312	MAP8	GDGMVPPG	8	-0.00964906725227576	0.6238244514106583	121	HIGH_RISK	FALSE	background	variable	-5.392341	direct_insert_strongly_deleterious	0.0039790196993707595
313|314	313	MAP8	GDGMVPPG	8	-0.00371931687890958	0.8683385579937304	43	HIGH_RISK	FALSE	background	variable	-5.221861	direct_insert_strongly_deleterious	0.005363628217005091
314|315	314	MAP8	GDGMVPPG	8	-0.00179639204305193	0.9216300940438872	26	HIGH_RISK	FALSE	background	variable	-5.447233	direct_insert_strongly_deleterious	0.00483042879330897
315|316	315	MAP8	GDGMVPPG	8	-1.5460474602502e-4	0.9498432601880876	17	EXCLUDE	FALSE	background	variable	-5.493618	direct_insert_strongly_deleterious	0.00927192679226074
316|317	316	MAP8	GDGMVPPG	8	-0.01185937100550527	0.5360501567398119	149	EXCLUDE	FALSE	background	variable	-5.176226	direct_insert_strongly_deleterious	0.002352627651320381
317|318	317	MAP8	GDGMVPPG	8	-0.00572699775606988	0.8119122257053292	61	EXCLUDE	FALSE	background	variable	-4.920455	direct_insert_strongly_deleterious	0.0020620872250769508
318|319	318	MAP8	GDGMVPPG	8	-0.005117340586549	0.8338557993730408	54	EXCLUDE	FALSE	background	variable	-5.034322	direct_insert_strongly_deleterious	0.007524427002011169
319|320	319	MAP8	GDGMVPPG	8	-0.01153547391090681	0.554858934169279	143	EXCLUDE	FALSE	background	variable	-5.060872	direct_insert_strongly_deleterious	0.00343098139376829
320|321	320	MAP8	GDGMVPPG	8	-0.00628573486099259	0.7836990595611285	70	EXCLUDE	FALSE	background	intermediate	-4.64443	direct_insert_strongly_deleterious	0.01555753274623185
1|2	1	HA	YPYDVPDYA	9	-0.00396389915357042	0.8557993730407524	47	HIGH_RISK	FALSE	structural near-miss	conserved	-5.7562	direct_insert_strongly_deleterious	0.00156196763631389
2|3	2	HA	YPYDVPDYA	9	-0.00133852512889287	0.9247648902821316	25	HIGH_RISK	FALSE	structural near-miss	conserved	-5.777753	direct_insert_strongly_deleterious	0.0019066168958512598
3|4	3	HA	YPYDVPDYA	9	-0.00806300205322818	0.6833855799373041	102	HIGH_RISK	FALSE	structural near-miss	conserved	-5.554076	direct_insert_strongly_deleterious	0.01032816050943052
4|5	4	HA	YPYDVPDYA	9	-0.00599823830991086	0.780564263322884	71	HIGH_RISK	FALSE	structural near-miss	conserved	-5.674522	direct_insert_strongly_deleterious	0.00543350105683427
5|6	5	HA	YPYDVPDYA	9	-0.00476074233823631	0.8181818181818181	59	HIGH_RISK	FALSE	structural near-miss	intermediate	-5.777753	direct_insert_strongly_deleterious	0.009409764903960841
6|7	6	HA	YPYDVPDYA	9	-0.00896523920653002	0.6489028213166144	113	HIGH_RISK	FALSE	structural near-miss	intermediate	-5.8829	direct_insert_strongly_deleterious	0.0065881481593646
7|8	7	HA	YPYDVPDYA	9	-0.01137770726884834	0.5579937304075235	142	HIGH_RISK	FALSE	structural near-miss	intermediate	-5.548728	direct_insert_strongly_deleterious	0.010076932432505629
8|9	8	HA	YPYDVPDYA	9	-0.00983181929501153	0.6112852664576802	125	HIGH_RISK	FALSE	structural near-miss	intermediate	-5.379723	direct_insert_strongly_deleterious	0.0013619715056316702
9|10	9	HA	YPYDVPDYA	9	-0.01341997748074641	0.4670846394984326	171	HIGH_RISK	FALSE	structural near-miss	conserved	-5.353998	direct_insert_strongly_deleterious	0.00993584189376984
10|11	10	HA	YPYDVPDYA	9	-0.01593625412692612	0.3699059561128527	202	HIGH_RISK	FALSE	structural near-miss	conserved	-5.265505	direct_insert_strongly_deleterious	0.01955244320634008
11|12	11	HA	YPYDVPDYA	9	-0.01344431709106208	0.46394984326018807	172	HIGH_RISK	FALSE	background	conserved	-5.493618	direct_insert_strongly_deleterious	0.00547287391308959
12|13	12	HA	YPYDVPDYA	9	-0.01113362718263788	0.567398119122257	139	HIGH_RISK	FALSE	background	conserved	-5.504886	direct_insert_strongly_deleterious	0.014601992517775381
13|14	13	HA	YPYDVPDYA	9	-0.01110347874127093	0.5705329153605015	138	HIGH_RISK	FALSE	structural near-miss	conserved	-5.487936	direct_insert_strongly_deleterious	0.02700259810094385
14|15	14	HA	YPYDVPDYA	9	-0.00536074053160628	0.8025078369905956	64	HIGH_RISK	FALSE	structural near-miss	conserved	-5.84774	direct_insert_strongly_deleterious	0.00262019453908912
15|16	15	HA	YPYDVPDYA	9	-0.00382517108696855	0.8620689655172413	45	HIGH_RISK	FALSE	structural near-miss	conserved	-5.19167	direct_insert_strongly_deleterious	0.00545551631543216
16|17	16	HA	YPYDVPDYA	9	-0.00662484241370453	0.755485893416928	79	HIGH_RISK	FALSE	structural near-miss	conserved	-5.580393	direct_insert_strongly_deleterious	0.02421277179877056
17|18	17	HA	YPYDVPDYA	9	-0.00451624365921743	0.8307210031347962	55	HIGH_RISK	FALSE	structural near-miss	conserved	-5.660236	direct_insert_strongly_deleterious	0.01021725438981224
18|19	18	HA	YPYDVPDYA	9	-0.00124900062882105	0.927899686520376	24	HIGH_RISK	FALSE	structural near-miss	conserved	-5.886731	direct_insert_strongly_deleterious	0.0069845830261963
19|20	19	HA	YPYDVPDYA	9	-0.00284269508937073	0.877742946708464	40	HIGH_RISK	FALSE	structural near-miss	conserved	-5.482222	direct_insert_strongly_deleterious	0.00554414173130756
20|21	20	HA	YPYDVPDYA	9	-0.00593750467075526	0.786833855799373	69	HIGH_RISK	FALSE	structural near-miss	conserved	-5.379723	direct_insert_strongly_deleterious	0.00931731154013303
21|22	21	HA	YPYDVPDYA	9	-0.00406113375432992	0.8463949843260188	50	HIGH_RISK	FALSE	structural near-miss	conserved	-5.794666	direct_insert_strongly_deleterious	0.00571075435727807
22|23	22	HA	YPYDVPDYA	9	-8.0549720734346e-4	0.9435736677115988	19	HIGH_RISK	FALSE	structural near-miss	conserved	-5.688607	direct_insert_strongly_deleterious	0.0032770442250034003
23|24	23	HA	YPYDVPDYA	9	-0.00170423592923718	0.9216300940438872	26	HIGH_RISK	FALSE	structural near-miss	conserved	-5.575185	direct_insert_strongly_deleterious	0.00144690664335867
24|25	24	HA	YPYDVPDYA	9	-0.00222137899282293	0.8996865203761756	33	HIGH_RISK	FALSE	structural near-miss	intermediate	-5.747447	direct_insert_strongly_deleterious	0.01016008627686248
25|26	25	HA	YPYDVPDYA	9	-0.00171831640897845	0.9184952978056428	27	HIGH_RISK	FALSE	structural near-miss	intermediate	-5.655428	direct_insert_strongly_deleterious	0.00806716800672368
26|27	26	HA	YPYDVPDYA	9	-0.00291983505657666	0.8746081504702194	41	HIGH_RISK	FALSE	structural near-miss	intermediate	-5.953299	direct_insert_strongly_deleterious	0.00647423285990943
27|28	27	HA	YPYDVPDYA	9	-0.00184995175709312	0.9090909090909092	30	HIGH_RISK	FALSE	structural near-miss	intermediate	-5.819512	direct_insert_strongly_deleterious	0.00828992320705256
28|29	28	HA	YPYDVPDYA	9	0.00189030492618691	0.962382445141066	13	HIGH_RISK	FALSE	structural near-miss	intermediate	-5.725224	direct_insert_strongly_deleterious	0.0106899554799016
29|30	29	HA	YPYDVPDYA	9	-0.00376583855771661	0.8652037617554859	44	HIGH_RISK	FALSE	structural near-miss	intermediate	-5.688607	direct_insert_strongly_deleterious	0.0081974252141137
30|31	30	HA	YPYDVPDYA	9	-0.00103130845299714	0.9341692789968652	22	HIGH_RISK	FALSE	structural near-miss	intermediate	-5.794666	direct_insert_strongly_deleterious	0.00279712301804834
31|32	31	HA	YPYDVPDYA	9	-0.0086327902391643	0.670846394984326	106	HIGH_RISK	FALSE	structural near-miss	intermediate	-5.747447	direct_insert_strongly_deleterious	0.011429268049692791
32|33	32	HA	YPYDVPDYA	9	-0.00186221748424308	0.9059561128526644	31	HIGH_RISK	FALSE	structural near-miss	intermediate	-5.606036	direct_insert_strongly_deleterious	0.00706222574371962
33|34	33	HA	YPYDVPDYA	9	-0.00464925508723546	0.8213166144200628	58	HIGH_RISK	FALSE	background	intermediate	-5.674522	direct_insert_strongly_deleterious	0.01170114811247202
34|35	34	HA	YPYDVPDYA	9	-0.00884955677065901	0.652037617554859	112	HIGH_RISK	FALSE	background	intermediate	-5.476475	direct_insert_strongly_deleterious	0.008171769614012
35|36	35	HA	YPYDVPDYA	9	-0.0089762143294334	0.64576802507837	114	HIGH_RISK	FALSE	background	intermediate	-5.476475	direct_insert_strongly_deleterious	0.007184207807242601
36|37	36	HA	YPYDVPDYA	9	-0.00597856352504022	0.7836990595611285	70	HIGH_RISK	FALSE	structural near-miss	conserved	-5.386052	direct_insert_strongly_deleterious	0.00687900214702085
37|38	37	HA	YPYDVPDYA	9	-0.002367682592467	0.896551724137931	34	HIGH_RISK	FALSE	background	intermediate	-5.373353	direct_insert_strongly_deleterious	0.0070660306507495
38|39	38	HA	YPYDVPDYA	9	-0.00746909637176607	0.7147335423197492	92	HIGH_RISK	FALSE	background	intermediate	-5.45315	direct_insert_strongly_deleterious	0.01070202326005231
39|40	39	HA	YPYDVPDYA	9	-0.00618900153902002	0.7742946708463949	73	HIGH_RISK	FALSE	structural near-miss	intermediate	-5.360491	direct_insert_strongly_deleterious	0.006465066482610029
40|41	40	HA	YPYDVPDYA	9	-0.01432716320808191	0.42946708463949845	183	HIGH_RISK	FALSE	structural near-miss	intermediate	-5.764877	direct_insert_strongly_deleterious	0.01815803774488288
41|42	41	HA	YPYDVPDYA	9	-0.01366735889946424	0.4482758620689655	177	HIGH_RISK	FALSE	structural near-miss	intermediate	-5.697888	direct_insert_strongly_deleterious	0.00485891693175278
42|43	42	HA	YPYDVPDYA	9	-0.00852769821659649	0.677115987460815	104	HIGH_RISK	FALSE	structural near-miss	variable	-5.272597	direct_insert_strongly_deleterious	0.014513945036242148
43|44	43	HA	YPYDVPDYA	9	-0.01263814871174373	0.5109717868338558	157	HIGH_RISK	FALSE	structural near-miss	variable	-5.635963	direct_insert_strongly_deleterious	0.0073120103833002
44|45	44	HA	YPYDVPDYA	9	-0.01847896595516873	0.28526645768025083	229	HIGH_RISK	FALSE	background	variable	-5.595858	direct_insert_strongly_deleterious	0.021211921658209388
45|46	45	HA	YPYDVPDYA	9	-0.01646877388219048	0.35423197492163006	207	HIGH_RISK	FALSE	background	variable	-5.340883	direct_insert_strongly_deleterious	0.00540216016213479
46|47	46	HA	YPYDVPDYA	9	-0.0076950862535563	0.7053291536050157	95	HIGH_RISK	FALSE	structural near-miss	variable	-5.559395	direct_insert_strongly_deleterious	0.0077097249058129
47|48	47	HA	YPYDVPDYA	9	-0.01643061150037894	0.3573667711598746	206	HIGH_RISK	FALSE	background	variable	-5.60096	direct_insert_strongly_deleterious	0.02148778000872475
48|49	48	HA	YPYDVPDYA	9	0.00555368964303193	0.9811912225705328	7	HIGH_RISK	FALSE	background	variable	-5.747447	direct_insert_strongly_deleterious	0.02315040639953425
49|50	49	HA	YPYDVPDYA	9	0.00524906241924494	0.9780564263322884	8	HIGH_RISK	FALSE	background	variable	-5.595858	direct_insert_strongly_deleterious	0.01087998150196556
50|51	50	HA	YPYDVPDYA	9	-0.00414019356964656	0.8432601880877743	51	HIGH_RISK	FALSE	background	variable	-5.559395	direct_insert_strongly_deleterious	0.012113808522142382
51|52	51	HA	YPYDVPDYA	9	-0.00113371034184206	0.9310344827586208	23	HIGH_RISK	FALSE	background	variable	-5.300473	direct_insert_strongly_deleterious	0.03282232206200319
52|53	52	HA	YPYDVPDYA	9	-0.00182487001532871	0.9122257053291536	29	HIGH_RISK	FALSE	background	intermediate	-5.764877	direct_insert_strongly_deleterious	0.01295888077179308
53|54	53	HA	YPYDVPDYA	9	-0.00244463775987435	0.890282131661442	36	HIGH_RISK	FALSE	background	intermediate	-5.595858	direct_insert_strongly_deleterious	0.00775111301265863
54|55	54	HA	YPYDVPDYA	9	-0.01006761948609424	0.5987460815047022	129	HIGH_RISK	FALSE	background	intermediate	-5.621111	direct_insert_strongly_deleterious	0.02145040133035801
55|56	55	HA	YPYDVPDYA	9	-0.01800634075975304	0.2946708463949843	226	HIGH_RISK	FALSE	background	intermediate	-5.575185	direct_insert_strongly_deleterious	0.012975299051364962
56|57	56	HA	YPYDVPDYA	9	-0.01210973746908417	0.5297805642633229	151	HIGH_RISK	FALSE	background	variable	-5.585575	direct_insert_strongly_deleterious	0.01386145624805923
57|58	57	HA	YPYDVPDYA	9	-0.02006887680487201	0.23510971786833856	245	HIGH_RISK	FALSE	background	intermediate	-5.743042	direct_insert_strongly_deleterious	0.0072723733585693395
58|59	58	HA	YPYDVPDYA	9	-0.01526701959022514	0.3918495297805643	195	HIGH_RISK	FALSE	background	variable	-5.782008	direct_insert_strongly_deleterious	0.006830602531518792
59|60	59	HA	YPYDVPDYA	9	-0.01746294483884281	0.31034482758620685	221	HIGH_RISK	FALSE	background	variable	-5.909417	direct_insert_strongly_deleterious	0.00958008800584454
60|61	60	HA	YPYDVPDYA	9	-0.02371100162582395	0.1630094043887147	268	HIGH_RISK	FALSE	background	variable	-5.72072	direct_insert_strongly_deleterious	0.02168802750793963
61|62	61	HA	YPYDVPDYA	9	-0.01940999790634157	0.2601880877742947	237	HIGH_RISK	FALSE	background	variable	-5.564686	direct_insert_strongly_deleterious	0.01253699426589261
62|63	62	HA	YPYDVPDYA	9	-0.01351241950118176	0.457680250783699	174	HIGH_RISK	FALSE	background	variable	-5.236622	direct_insert_strongly_deleterious	0.00935756898287555
63|64	63	HA	YPYDVPDYA	9	-0.01377366094429843	0.445141065830721	178	HIGH_RISK	FALSE	background	variable	-5.554076	direct_insert_strongly_deleterious	0.01851060125027314
64|65	64	HA	YPYDVPDYA	9	-0.01868835670820257	0.2695924764890282	234	HIGH_RISK	FALSE	background	variable	-5.564686	direct_insert_strongly_deleterious	0.020471834145842298
65|66	65	HA	YPYDVPDYA	9	-0.01278571639551806	0.49529780564263326	162	HIGH_RISK	FALSE	background	variable	-5.786245	direct_insert_strongly_deleterious	0.00809415987840012
66|67	66	HA	YPYDVPDYA	9	-0.01853589713407277	0.2821316614420063	230	HIGH_RISK	FALSE	background	variable	-5.510472	direct_insert_strongly_deleterious	0.007634392695951229
67|68	67	HA	YPYDVPDYA	9	-0.01546630017631889	0.3855799373040753	197	HIGH_RISK	FALSE	background	variable	-5.764877	direct_insert_strongly_deleterious	0.029567163782154623
68|69	68	HA	YPYDVPDYA	9	-0.02287834979088909	0.1724137931034483	265	HIGH_RISK	FALSE	background	variable	-5.645743	direct_insert_strongly_deleterious	0.01192394566773647
69|70	69	HA	YPYDVPDYA	9	-0.0263727270755667	0.12539184952978055	280	HIGH_RISK	FALSE	background	variable	-5.660236	direct_insert_strongly_deleterious	0.00902734658809479
70|71	70	HA	YPYDVPDYA	9	-0.01728592023482367	0.31974921630094044	218	HIGH_RISK	FALSE	background	variable	-5.548728	direct_insert_strongly_deleterious	0.013413013176589049
71|72	71	HA	YPYDVPDYA	9	-0.02159775015308529	0.1943573667711599	258	HIGH_RISK	FALSE	structural near-miss	variable	-5.707083	direct_insert_strongly_deleterious	0.01268609345004635
72|73	72	HA	YPYDVPDYA	9	-0.03484136931093351	0.07210031347962387	297	HIGH_RISK	FALSE	background	variable	-5.595858	direct_insert_strongly_deleterious	0.015895980524550442
73|74	73	HA	YPYDVPDYA	9	-0.02051373695732072	0.22257053291536055	249	HIGH_RISK	FALSE	background	variable	-5.851708	direct_insert_strongly_deleterious	0.016055740762833
74|75	74	HA	YPYDVPDYA	9	-0.01516228898290439	0.39811912225705326	193	HIGH_RISK	FALSE	background	variable	-5.702496	direct_insert_strongly_deleterious	0.02007793166733051
75|76	75	HA	YPYDVPDYA	9	-0.01643045239943896	0.3605015673981191	205	HIGH_RISK	FALSE	structural near-miss	variable	-5.738617	direct_insert_strongly_deleterious	0.016318546011084838
76|77	76	HA	YPYDVPDYA	9	-0.00881743067709317	0.658307210031348	110	HIGH_RISK	FALSE	background	variable	-5.769187	direct_insert_strongly_deleterious	0.01801113439320767
77|78	77	HA	YPYDVPDYA	9	-0.01428328417357605	0.432601880877743	182	HIGH_RISK	FALSE	background	variable	-5.751833	direct_insert_strongly_deleterious	0.0086902110173801
78|79	78	HA	YPYDVPDYA	9	-0.01273170750930008	0.5015673981191222	160	HIGH_RISK	FALSE	background	variable	-5.621111	direct_insert_strongly_deleterious	0.01375908367553968
79|80	79	HA	YPYDVPDYA	9	-0.02054981748604856	0.219435736677116	250	HIGH_RISK	FALSE	background	variable	-5.347462	direct_insert_strongly_deleterious	0.017758513359984022
80|81	80	HA	YPYDVPDYA	9	-0.01662775894855928	0.3510971786833855	208	HIGH_RISK	FALSE	background	variable	-5.532512	direct_insert_strongly_deleterious	0.00847770440264118
81|82	81	HA	YPYDVPDYA	9	-0.0162442692115543	0.3667711598746082	203	HIGH_RISK	FALSE	background	intermediate	-5.569949	direct_insert_strongly_deleterious	0.01053353939470325
82|83	82	HA	YPYDVPDYA	9	-0.0200333054386621	0.2413793103448276	243	HIGH_RISK	FALSE	background	intermediate	-5.258362	direct_insert_strongly_deleterious	0.014327216205079811
83|84	83	HA	YPYDVPDYA	9	-0.00959684046835152	0.6238244514106583	121	HIGH_RISK	FALSE	background	intermediate	-5.482222	direct_insert_strongly_deleterious	0.00797974872923968
84|85	84	HA	YPYDVPDYA	9	-0.01288002361800622	0.48275862068965514	166	HIGH_RISK	FALSE	background	intermediate	-5.60096	direct_insert_strongly_deleterious	0.01347811371977592
85|86	85	HA	YPYDVPDYA	9	-0.0058514007153021	0.7931034482758621	67	HIGH_RISK	FALSE	background	intermediate	-5.373353	direct_insert_strongly_deleterious	0.0064993851233512406
86|87	86	HA	YPYDVPDYA	9	-0.00929729577947302	0.6363636363636364	117	HIGH_RISK	FALSE	background	intermediate	-5.293577	direct_insert_strongly_deleterious	0.014613325357438079
87|88	87	HA	YPYDVPDYA	9	-0.01098478272052405	0.5736677115987461	137	HIGH_RISK	FALSE	background	intermediate	-5.221861	direct_insert_strongly_deleterious	0.01246247640952002
88|89	88	HA	YPYDVPDYA	9	-0.00757582101409637	0.7084639498432601	94	HIGH_RISK	FALSE	background	intermediate	-5.373353	direct_insert_strongly_deleterious	0.011533786271107781
89|90	89	HA	YPYDVPDYA	9	-0.01040366879695753	0.5862068965517242	133	HIGH_RISK	FALSE	structural near-miss	intermediate	-5.679239	direct_insert_strongly_deleterious	0.0094310534886497
90|91	90	HA	YPYDVPDYA	9	-0.01689560741697304	0.3385579937304075	212	HIGH_RISK	FALSE	structural near-miss	intermediate	-5.569949	direct_insert_strongly_deleterious	0.01955723620367377
91|92	91	HA	YPYDVPDYA	9	-0.01204888351151867	0.5360501567398119	149	HIGH_RISK	FALSE	background	intermediate	-5.83574	direct_insert_strongly_deleterious	0.01570224635040328
92|93	92	HA	YPYDVPDYA	9	-0.01019551767660376	0.5924764890282131	131	HIGH_RISK	FALSE	background	intermediate	-5.60096	direct_insert_strongly_deleterious	0.01521286269756895
93|94	93	HA	YPYDVPDYA	9	-0.01198529592746577	0.5391849529780564	148	HIGH_RISK	FALSE	background	intermediate	-5.697888	direct_insert_strongly_deleterious	0.00855137801729677
94|95	94	HA	YPYDVPDYA	9	-0.01562390639421629	0.3793103448275862	199	HIGH_RISK	FALSE	background	intermediate	-5.590729	direct_insert_strongly_deleterious	0.018298307704601058
95|96	95	HA	YPYDVPDYA	9	-0.01156621440853111	0.554858934169279	143	HIGH_RISK	FALSE	background	intermediate	-5.751833	direct_insert_strongly_deleterious	0.011333761969499982
96|97	96	HA	YPYDVPDYA	9	-0.01393239444632854	0.44200626959247646	179	HIGH_RISK	FALSE	background	intermediate	-5.621111	direct_insert_strongly_deleterious	0.00897755273660427
97|98	97	HA	YPYDVPDYA	9	-0.02005726037888822	0.2382445141065831	244	HIGH_RISK	FALSE	background	variable	-5.410975	direct_insert_strongly_deleterious	0.01816809267778031
98|99	98	HA	YPYDVPDYA	9	-0.01024264754899961	0.5893416927899686	132	HIGH_RISK	FALSE	background	variable	-5.516028	direct_insert_strongly_deleterious	0.0205582005957683
99|100	99	HA	YPYDVPDYA	9	-0.01856387656467406	0.27586206896551724	232	HIGH_RISK	FALSE	structural near-miss	variable	-5.307323	direct_insert_strongly_deleterious	0.02120586447848849
100|101	100	HA	YPYDVPDYA	9	-0.03840860706503202	0.04702194357366773	305	HIGH_RISK	FALSE	background	variable	-5.665021	direct_insert_strongly_deleterious	0.029971942118469208
101|102	101	HA	YPYDVPDYA	9	-0.02711706472902575	0.11285266457680254	284	HIGH_RISK	FALSE	background	variable	-5.621111	direct_insert_strongly_deleterious	0.01316803625368746
102|103	102	HA	YPYDVPDYA	9	-0.01918763665767775	0.26645768025078365	235	HIGH_RISK	FALSE	background	variable	-5.707083	direct_insert_strongly_deleterious	0.01958312310988618
103|104	103	HA	YPYDVPDYA	9	-0.02791734697751913	0.109717868338558	285	HIGH_RISK	FALSE	background	variable	-5.8829	direct_insert_strongly_deleterious	0.020179016631252992
104|105	104	HA	YPYDVPDYA	9	-0.03009372513405761	0.08777429467084641	292	HIGH_RISK	FALSE	background	variable	-5.764877	direct_insert_strongly_deleterious	0.0280551330565606
105|106	105	HA	YPYDVPDYA	9	-0.0220468270237113	0.18181818181818177	262	HIGH_RISK	FALSE	background	variable	-5.773479	direct_insert_strongly_deleterious	0.0032961344600401787
106|107	106	HA	YPYDVPDYA	9	-0.01935478722454009	0.2633228840125392	236	HIGH_RISK	FALSE	background	variable	-5.859598	direct_insert_strongly_deleterious	0.01672545593442454
107|108	107	HA	YPYDVPDYA	9	-0.02371465176121301	0.15987460815047017	269	HIGH_RISK	FALSE	background	variable	-5.738617	direct_insert_strongly_deleterious	0.02551892494345109
108|109	108	HA	YPYDVPDYA	9	-0.03088445959051444	0.08463949843260188	293	HIGH_RISK	FALSE	background	variable	-5.901912	direct_insert_strongly_deleterious	0.021645716173935618
109|110	109	HA	YPYDVPDYA	9	-0.0213624926380227	0.1974921630094044	257	HIGH_RISK	FALSE	background	variable	-6.074456	direct_insert_strongly_deleterious	0.02058194332149599
110|111	110	HA	YPYDVPDYA	9	-0.01738190569494691	0.3134796238244514	220	HIGH_RISK	FALSE	background	variable	-6.467696	direct_insert_strongly_deleterious	0.02657345480758755
111|112	111	HA	YPYDVPDYA	9	-0.00778366539630459	0.6990595611285266	97	HIGH_RISK	FALSE	background	variable	-5.688607	direct_insert_strongly_deleterious	0.0064460409258368994
112|113	112	HA	YPYDVPDYA	9	-0.00999652765750891	0.6018808777429467	128	HIGH_RISK	FALSE	background	variable	-5.580393	direct_insert_strongly_deleterious	0.01377630628969894
113|114	113	HA	YPYDVPDYA	9	-0.00878377985325284	0.6614420062695925	109	HIGH_RISK	FALSE	background	variable	-5.86352	direct_insert_strongly_deleterious	0.01181640331232846
114|115	114	HA	YPYDVPDYA	9	-0.00787518592526304	0.6927899686520376	99	HIGH_RISK	FALSE	background	intermediate	-5.665021	direct_insert_strongly_deleterious	0.007785364294800257
115|116	115	HA	YPYDVPDYA	9	-0.01128709871353317	0.561128526645768	141	HIGH_RISK	FALSE	background	variable	-5.665021	direct_insert_strongly_deleterious	0.010908145492922301
116|117	116	HA	YPYDVPDYA	9	-0.00978381660120941	0.6175548589341693	123	HIGH_RISK	FALSE	background	variable	-5.729709	direct_insert_strongly_deleterious	0.014457787825326019
117|118	117	HA	YPYDVPDYA	9	-0.01724937015300876	0.3260188087774295	216	HIGH_RISK	FALSE	background	intermediate	-5.128408	direct_insert_strongly_deleterious	0.017261247879244213
118|119	118	HA	YPYDVPDYA	9	-0.01504369865315879	0.4043887147335423	191	HIGH_RISK	FALSE	background	intermediate	-5.45315	direct_insert_strongly_deleterious	0.018102346921569982
119|120	119	HA	YPYDVPDYA	9	-0.01481724773282788	0.4137931034482759	188	HIGH_RISK	FALSE	background	intermediate	-5.128408	direct_insert_strongly_deleterious	0.01333434919209964
120|121	120	HA	YPYDVPDYA	9	-0.02656997674204397	0.12225705329153602	281	HIGH_RISK	FALSE	background	intermediate	-5.476475	direct_insert_strongly_deleterious	0.024741840383039733
121|122	121	HA	YPYDVPDYA	9	-0.03794537619521465	0.05329153605015668	303	HIGH_RISK	FALSE	background	intermediate	-5.353998	direct_insert_strongly_deleterious	0.025105855866048195
122|123	122	HA	YPYDVPDYA	9	-0.04291665002989031	0.03761755485893414	308	HIGH_RISK	FALSE	background	intermediate	-5.669783	direct_insert_strongly_deleterious	0.015872211980096924
123|124	123	HA	YPYDVPDYA	9	-0.05207660613754017	0.0219435736677116	313	EXCLUDE	FALSE	background	intermediate	-5.782008	direct_insert_strongly_deleterious	0.02146881671453072
124|125	124	HA	YPYDVPDYA	9	-0.05555955935950063	0.01880877742946707	314	EXCLUDE	FALSE	background	intermediate	-6.042247	direct_insert_strongly_deleterious	0.009448837218374972
125|126	125	HA	YPYDVPDYA	9	-0.06095816919865493	0.01253918495297801	316	EXCLUDE	FALSE	background	intermediate	-5.901912	direct_insert_strongly_deleterious	0.007894319594246024
126|127	126	HA	YPYDVPDYA	9	-0.05976014365417015	0.01567398119122254	315	EXCLUDE	FALSE	background	intermediate	-5.953299	direct_insert_strongly_deleterious	0.01661262974253485
127|128	127	HA	YPYDVPDYA	9	-0.04795702066049889	0.02821316614420066	311	EXCLUDE	FALSE	background	intermediate	-5.782008	direct_insert_strongly_deleterious	0.013033114875375514
128|129	128	HA	YPYDVPDYA	9	-0.06347052511508267	0.00940438871473359	317	EXCLUDE	FALSE	background	intermediate	-5.470694	direct_insert_strongly_deleterious	0.016296327664138133
129|130	129	HA	YPYDVPDYA	9	-0.07474867830338328	0	320	EXCLUDE	FALSE	background	intermediate	-5.7562	direct_insert_strongly_deleterious	0.011589088053673091
130|131	130	HA	YPYDVPDYA	9	-0.07013540238709615	0.00626959247648906	318	EXCLUDE	FALSE	background	variable	-5.949715	direct_insert_strongly_deleterious	0.03730844926327315
131|132	131	HA	YPYDVPDYA	9	-0.05138143691152797	0.02507836990595613	312	EXCLUDE	FALSE	background	intermediate	-5.839756	direct_insert_strongly_deleterious	0.04564961336780238
132|133	132	HA	YPYDVPDYA	9	-0.03664633835584396	0.06269592476489028	300	HIGH_RISK	FALSE	background	intermediate	-5.548728	direct_insert_strongly_deleterious	0.01769700714929367
133|134	133	HA	YPYDVPDYA	9	-0.04536300764506951	0.03448275862068961	309	HIGH_RISK	FALSE	background	intermediate	-5.72072	direct_insert_strongly_deleterious	0.01591614914713669
134|135	134	HA	YPYDVPDYA	9	-0.04289954927950656	0.04075235109717867	307	HIGH_RISK	FALSE	background	intermediate	-5.293577	direct_insert_strongly_deleterious	0.017145986396138728
135|136	135	HA	YPYDVPDYA	9	-0.04159702986143321	0.0438871473354232	306	HIGH_RISK	FALSE	background	variable	-5.559395	direct_insert_strongly_deleterious	0.0317043000885704
136|137	136	HA	YPYDVPDYA	9	-0.02959167325957024	0.09717868338557988	289	HIGH_RISK	FALSE	background	variable	-5.660236	direct_insert_strongly_deleterious	0.009652710713786927
137|138	137	HA	YPYDVPDYA	9	-0.02381783336672249	0.15673981191222577	270	HIGH_RISK	FALSE	background	variable	-6.019067	direct_insert_strongly_deleterious	0.01680381611046666
138|139	138	HA	YPYDVPDYA	9	-0.02202425599919788	0.1849529780564263	261	HIGH_RISK	FALSE	background	variable	-4.22227	direct_insert_strongly_deleterious	0.0236729287508206
139|140	139	HA	YPYDVPDYA	9	-0.02245114600599507	0.17868338557993735	263	HIGH_RISK	FALSE	background	variable	-5.626087	direct_insert_strongly_deleterious	0.02190031874312038
140|141	140	HA	YPYDVPDYA	9	-0.02498349087485296	0.13479623824451414	277	CORE_CAUTION	FALSE	background	variable	-5.83574	direct_insert_strongly_deleterious	0.012665371200546451
141|142	141	HA	YPYDVPDYA	9	-0.00990287903812348	0.6081504702194358	126	CORE_CAUTION	FALSE	background	variable	-5.886731	direct_insert_strongly_deleterious	0.01969176798479432
142|143	142	HA	YPYDVPDYA	9	-0.02673507909067884	0.11912225705329148	282	CORE_CAUTION	FALSE	background	intermediate	-5.98152	direct_insert_strongly_deleterious	0.02675877344345467
143|144	143	HA	YPYDVPDYA	9	-0.0228842084547538	0.16927899686520376	266	CORE_CAUTION	FALSE	background	intermediate	-5.991901	direct_insert_strongly_deleterious	0.02393462171192516
144|145	144	HA	YPYDVPDYA	9	-0.02112244973498533	0.2068965517241379	254	CORE_CAUTION	FALSE	background	intermediate	-5.843756	direct_insert_strongly_deleterious	0.021830175077425892
145|146	145	HA	YPYDVPDYA	9	-0.01513127207759179	0.4012539184952978	192	CORE_CAUTION	FALSE	background	intermediate	-5.782008	direct_insert_strongly_deleterious	0.02469669180881694
146|147	146	HA	YPYDVPDYA	9	-0.02576294469085827	0.12852664576802508	279	CORE_CAUTION	FALSE	background	intermediate	-5.97103	direct_insert_strongly_deleterious	0.02941800264076688
147|148	147	HA	YPYDVPDYA	9	-0.01521164431550303	0.39498432601880873	194	EXCLUDE	FALSE	background	intermediate	-5.83574	direct_insert_strongly_deleterious	0.02513348388457582
148|149	148	HA	YPYDVPDYA	9	-0.01275506690260597	0.4984326018808778	161	EXCLUDE	FALSE	background	intermediate	-5.905671	direct_insert_strongly_deleterious	0.01993128383977005
149|150	149	HA	YPYDVPDYA	9	-0.02122946767760503	0.20062695924764895	256	EXCLUDE	FALSE	background	intermediate	-5.942508	direct_insert_strongly_deleterious	0.019927774409859378
150|151	150	HA	YPYDVPDYA	9	-0.01769145740255728	0.30094043887147337	224	EXCLUDE	FALSE	background	conserved	-5.743042	direct_insert_strongly_deleterious	0.01822926259079738
151|152	151	HA	YPYDVPDYA	9	-0.01572807389286445	0.3730407523510971	201	EXCLUDE	FALSE	background	conserved	-6.138895	direct_insert_strongly_deleterious	0.022863990363489947
152|153	152	HA	YPYDVPDYA	9	-0.01813605182891997	0.2915360501567398	227	EXCLUDE	FALSE	background	conserved	-5.855661	direct_insert_strongly_deleterious	0.026879547775930483
153|154	153	HA	YPYDVPDYA	9	-0.013261615968708	0.4702194357366771	170	EXCLUDE	FALSE	background	conserved	-6.111785	direct_insert_strongly_deleterious	0.01976149407049909
154|155	154	HA	YPYDVPDYA	9	-0.00843957126482397	0.6802507836990596	103	EXCLUDE	FALSE	background	conserved	-5.98152	direct_insert_strongly_deleterious	0.02549263407307611
155|156	155	HA	YPYDVPDYA	9	-0.01498407130104562	0.4106583072100314	189	EXCLUDE	TRUE	strict structural pass	conserved	-5.967509	direct_insert_strongly_deleterious	0.02217225996542993
156|157	156	HA	YPYDVPDYA	9	-0.01748517205433852	0.30721003134796243	222	EXCLUDE	FALSE	background	conserved	-5.953299	direct_insert_strongly_deleterious	0.011844897390188791
157|158	157	HA	YPYDVPDYA	9	-0.01566521112471575	0.37617554858934166	200	EXCLUDE	FALSE	background	conserved	-5.827659	direct_insert_strongly_deleterious	0.01495966446189634
158|159	158	HA	YPYDVPDYA	9	-0.0127954490917741	0.49216300940438873	163	EXCLUDE	FALSE	background	conserved	-6.029067	direct_insert_strongly_deleterious	0.018076036776896832
159|160	159	HA	YPYDVPDYA	9	-0.01166425254029768	0.5517241379310345	144	EXCLUDE	FALSE	background	conserved	-6.045515	direct_insert_strongly_deleterious	0.0142924810532823
160|161	160	HA	YPYDVPDYA	9	-0.01192306344315863	0.542319749216301	147	EXCLUDE	FALSE	background	conserved	-5.738617	direct_insert_strongly_deleterious	0.015735926709897097
161|162	161	HA	YPYDVPDYA	9	-0.0147344133038052	0.4231974921630094	185	HIGH_RISK	FALSE	background	conserved	-5.953299	direct_insert_strongly_deleterious	0.01656965252741304
162|163	162	HA	YPYDVPDYA	9	-0.01117101899944028	0.5642633228840126	140	HIGH_RISK	FALSE	background	conserved	-6.087054	direct_insert_strongly_deleterious	0.011495862599806731
163|164	163	HA	YPYDVPDYA	9	-0.00405462906586162	0.8495297805642633	49	HIGH_RISK	FALSE	background	conserved	-5.590729	direct_insert_strongly_deleterious	0.00198029515249765
164|165	164	HA	YPYDVPDYA	9	-0.00543770605503812	0.7962382445141065	66	EXCLUDE	FALSE	background	conserved	-5.575185	direct_insert_strongly_deleterious	0.015186080721791399
165|166	165	HA	YPYDVPDYA	9	8.3598548035279e-4	0.9529780564263324	16	EXCLUDE	FALSE	background	conserved	-5.988452	direct_insert_strongly_deleterious	0.03156373503199238
166|167	166	HA	YPYDVPDYA	9	-0.00353685772783363	0.8714733542319749	42	EXCLUDE	FALSE	background	conserved	-5.660236	direct_insert_strongly_deleterious	0.04058157260592932
167|168	167	HA	YPYDVPDYA	9	-0.03560052572893824	0.06896551724137934	298	EXCLUDE	FALSE	background	conserved	-5.595858	direct_insert_strongly_deleterious	0.013632320102512363
168|169	168	HA	YPYDVPDYA	9	-0.07064381336740011	0.00313479623824453	319	EXCLUDE	FALSE	background	conserved	-5.635963	direct_insert_strongly_deleterious	0.06541779788079749
169|170	169	HA	YPYDVPDYA	9	-0.01268401060538737	0.5047021943573669	159	EXCLUDE	FALSE	background	conserved	-5.569949	direct_insert_strongly_deleterious	0.02253637098326155
170|171	170	HA	YPYDVPDYA	9	0.00505766869604151	0.974921630094044	9	EXCLUDE	FALSE	background	conserved	-5.635963	direct_insert_strongly_deleterious	0.01061042383821186
171|172	171	HA	YPYDVPDYA	9	0.00362220557967818	0.9717868338557992	10	HIGH_RISK	FALSE	structural near-miss	conserved	-5.569949	direct_insert_strongly_deleterious	0.01378429496010192
172|173	172	HA	YPYDVPDYA	9	-0.0019807824340372	0.90282131661442	32	HIGH_RISK	FALSE	background	conserved	-5.679239	direct_insert_strongly_deleterious	0.022142384198431828
173|174	173	HA	YPYDVPDYA	9	-0.01166676513853826	0.54858934169279	145	HIGH_RISK	FALSE	structural near-miss	conserved	-5.669783	direct_insert_strongly_deleterious	0.026543541734324272
174|175	174	HA	YPYDVPDYA	9	-0.00635141199570732	0.768025078369906	75	HIGH_RISK	TRUE	strict structural pass	conserved	-6.002175	direct_insert_strongly_deleterious	0.013871135194227769
175|176	175	HA	YPYDVPDYA	9	-0.00627569869050903	0.7711598746081505	74	HIGH_RISK	TRUE	strict structural pass	intermediate	-5.679239	direct_insert_strongly_deleterious	0.00526897450138541
176|177	176	HA	YPYDVPDYA	9	-0.00737706035435215	0.7178683385579938	91	HIGH_RISK	FALSE	structural near-miss	intermediate	-5.729709	direct_insert_strongly_deleterious	0.006990820643576709
177|178	177	HA	YPYDVPDYA	9	-0.0075434346723151	0.7115987460815048	93	CORE_CAUTION	FALSE	background	intermediate	-5.760548	direct_insert_strongly_deleterious	0.01093992456211179
178|179	178	HA	YPYDVPDYA	9	-0.009808114533429	0.6144200626959248	124	CORE_CAUTION	FALSE	background	intermediate	-5.738617	direct_insert_strongly_deleterious	0.01220031466411076
179|180	179	HA	YPYDVPDYA	9	-0.01051230597510466	0.5830721003134796	134	CORE_CAUTION	FALSE	background	intermediate	-5.711649	direct_insert_strongly_deleterious	0.01154584413790305
180|181	180	HA	YPYDVPDYA	9	-0.00789419714985451	0.6896551724137931	100	CORE_CAUTION	FALSE	background	intermediate	-5.815414	direct_insert_strongly_deleterious	0.00790354186725439
181|182	181	HA	YPYDVPDYA	9	-0.00642013553589571	0.7617554858934169	77	CORE_CAUTION	FALSE	background	intermediate	-5.743042	direct_insert_strongly_deleterious	0.01054984508591472
182|183	182	HA	YPYDVPDYA	9	-0.01215254030108914	0.5266457680250783	152	CORE_CAUTION	FALSE	background	conserved	-5.747447	direct_insert_strongly_deleterious	0.02068621351836031
183|184	183	HA	YPYDVPDYA	9	-0.01498649956661646	0.4075235109717869	190	CORE_CAUTION	FALSE	background	conserved	-5.470694	direct_insert_strongly_deleterious	0.020806694126715986
184|185	184	HA	YPYDVPDYA	9	-0.01283508368008945	0.4890282131661442	164	HIGH_RISK	FALSE	background	conserved	-5.44128	direct_insert_strongly_deleterious	0.018426550540788792
185|186	185	HA	YPYDVPDYA	9	-0.01958694477596978	0.25391849529780564	239	HIGH_RISK	FALSE	background	intermediate	-5.843756	direct_insert_strongly_deleterious	0.012533134221601738
186|187	186	HA	YPYDVPDYA	9	-0.02092959471162991	0.21003134796238243	253	HIGH_RISK	FALSE	background	intermediate	-5.621111	direct_insert_strongly_deleterious	0.014734640684839647
187|188	187	HA	YPYDVPDYA	9	-0.02116115257034234	0.20376175548589337	255	HIGH_RISK	FALSE	structural near-miss	conserved	-5.782008	direct_insert_strongly_deleterious	0.008570522682440629
188|189	188	HA	YPYDVPDYA	9	-0.01308232028096911	0.4796238244514106	167	EXCLUDE	FALSE	background	conserved	-5.927936	direct_insert_strongly_deleterious	0.006763560468552312
189|190	189	HA	YPYDVPDYA	9	-0.00859744666598949	0.6739811912225706	105	EXCLUDE	FALSE	background	conserved	-6.048772	direct_insert_strongly_deleterious	0.00755334046298284
190|191	190	HA	YPYDVPDYA	9	-0.01530710409483226	0.3887147335423198	196	HIGH_RISK	FALSE	background	conserved	-5.764877	direct_insert_strongly_deleterious	0.004704570614125549
191|192	191	HA	YPYDVPDYA	9	-0.01642641178307213	0.3636363636363637	204	HIGH_RISK	FALSE	background	conserved	-5.819512	direct_insert_strongly_deleterious	0.005729845067429899
192|193	192	HA	YPYDVPDYA	9	-0.01404566437009169	0.43887147335423193	180	HIGH_RISK	FALSE	background	conserved	-6.008966	direct_insert_strongly_deleterious	0.004440035738586538
193|194	193	HA	YPYDVPDYA	9	-0.020390962900795	0.22570532915360497	248	HIGH_RISK	FALSE	background	conserved	-5.60096	direct_insert_strongly_deleterious	0.007493512589258351
194|195	194	HA	YPYDVPDYA	9	-0.0171392465924991	0.32915360501567403	215	HIGH_RISK	FALSE	background	conserved	-5.886731	direct_insert_strongly_deleterious	0.013317333125384861
195|196	195	HA	YPYDVPDYA	9	-0.02474228240326947	0.13793103448275867	276	HIGH_RISK	FALSE	background	conserved	-5.8829	direct_insert_strongly_deleterious	0.0157874523021757
196|197	196	HA	YPYDVPDYA	9	-0.01706476968292936	0.33228840125391845	214	EXCLUDE	FALSE	background	conserved	-5.855661	direct_insert_strongly_deleterious	0.013013863327495209
197|198	197	HA	YPYDVPDYA	9	-0.01479350226398201	0.41692789968652033	187	EXCLUDE	FALSE	background	conserved	-5.516028	direct_insert_strongly_deleterious	0.011828716785054379
198|199	198	HA	YPYDVPDYA	9	-0.01474483507152291	0.42006269592476486	186	EXCLUDE	FALSE	background	conserved	-5.811299	direct_insert_strongly_deleterious	0.003166327154934919
199|200	199	HA	YPYDVPDYA	9	-0.01053701428473896	0.5799373040752351	135	EXCLUDE	FALSE	background	conserved	-5.725224	direct_insert_strongly_deleterious	0.00763842215987332
200|201	200	HA	YPYDVPDYA	9	-0.00793153741371899	0.6865203761755485	101	HIGH_RISK	FALSE	background	conserved	-5.379723	direct_insert_strongly_deleterious	0.005400811388599269
201|202	201	HA	YPYDVPDYA	9	-0.00970671414090373	0.6206896551724138	122	EXCLUDE	FALSE	background	conserved	-5.707083	direct_insert_strongly_deleterious	0.0032531165912628186
202|203	202	HA	YPYDVPDYA	9	-0.00663753035735448	0.7492163009404389	81	EXCLUDE	FALSE	background	conserved	-6.07762	direct_insert_strongly_deleterious	0.019042626319622613
203|204	203	HA	YPYDVPDYA	9	-0.02180990362655954	0.19122257053291536	259	HIGH_RISK	FALSE	structural near-miss	intermediate	-3.061137	direct_insert_strongly_deleterious	0.011735135336337962
204|205	204	HA	YPYDVPDYA	9	-0.01253906655043835	0.5172413793103448	155	HIGH_RISK	FALSE	background	intermediate	-5.751833	direct_insert_strongly_deleterious	0.014787870471027809
205|206	205	HA	YPYDVPDYA	9	0.0031557940668816	0.9655172413793104	12	HIGH_RISK	FALSE	background	intermediate	-5.693258	direct_insert_strongly_deleterious	0.012042959996303441
206|207	206	HA	YPYDVPDYA	9	-0.00602037655587883	0.7774294670846396	72	HIGH_RISK	FALSE	structural near-miss	intermediate	-5.743042	direct_insert_strongly_deleterious	0.024565687764786837
207|208	207	HA	YPYDVPDYA	9	0.00168176213953552	0.9561128526645768	15	HIGH_RISK	FALSE	structural near-miss	intermediate	-5.459032	direct_insert_strongly_deleterious	0.025458289331123922
208|209	208	HA	YPYDVPDYA	9	-0.00592070291442858	0.7899686520376176	68	HIGH_RISK	FALSE	structural near-miss	intermediate	-5.611086	direct_insert_strongly_deleterious	0.0193147789494672
209|210	209	HA	YPYDVPDYA	9	-0.00509206564422815	0.8087774294670846	62	EXCLUDE	FALSE	background	intermediate	-5.898138	direct_insert_strongly_deleterious	0.014231571284960779
210|211	210	HA	YPYDVPDYA	9	-0.00357061158699512	0.8683385579937304	43	EXCLUDE	FALSE	background	intermediate	-5.956871	direct_insert_strongly_deleterious	0.01621083692832491
211|212	211	HA	YPYDVPDYA	9	-0.04577687680272913	0.03134796238244519	310	EXCLUDE	FALSE	background	intermediate	-5.84774	direct_insert_strongly_deleterious	0.03553991481546426
212|213	212	HA	YPYDVPDYA	9	-0.03741268929435915	0.05642633228840121	302	EXCLUDE	FALSE	background	variable	-5.33426	direct_insert_strongly_deleterious	0.013189523215547005
213|214	213	HA	YPYDVPDYA	9	-0.03452944569405725	0.07523510971786829	296	EXCLUDE	FALSE	background	intermediate	-5.176226	direct_insert_strongly_deleterious	0.02202758645636927
214|215	214	HA	YPYDVPDYA	9	-0.02198876879209388	0.18808777429467083	260	EXCLUDE	FALSE	background	intermediate	-4.825647	direct_insert_strongly_deleterious	0.012131443179466569
215|216	215	HA	YPYDVPDYA	9	-0.01984455808266538	0.24764890282131655	241	EXCLUDE	FALSE	background	intermediate	-5.913148	direct_insert_strongly_deleterious	0.00850485076353546
216|217	216	HA	YPYDVPDYA	9	-0.01736922542200858	0.3166144200626959	219	EXCLUDE	TRUE	strict structural pass	intermediate	-5.827659	direct_insert_strongly_deleterious	0.008961943938253999
217|218	217	HA	YPYDVPDYA	9	-0.01178381712094411	0.5454545454545454	146	HIGH_RISK	TRUE	strict structural pass	intermediate	-5.86352	direct_insert_strongly_deleterious	0.015822918552176532
218|219	218	HA	YPYDVPDYA	9	-0.01679404644750271	0.34169278996865204	211	HIGH_RISK	TRUE	strict structural pass	intermediate	-5.760548	direct_insert_strongly_deleterious	0.016653120709285478
219|220	219	HA	YPYDVPDYA	9	-0.01967896939456004	0.2507836990595611	240	HIGH_RISK	FALSE	structural near-miss	intermediate	-5.935248	direct_insert_strongly_deleterious	0.011225299871332698
220|221	220	HA	YPYDVPDYA	9	-0.03211904897216611	0.08150470219435735	294	HIGH_RISK	FALSE	structural near-miss	variable	-5.729709	direct_insert_strongly_deleterious	0.01759252816022805
221|222	221	HA	YPYDVPDYA	9	-0.02959550757528717	0.09404388714733548	290	HIGH_RISK	FALSE	structural near-miss	variable	-5.790465	direct_insert_strongly_deleterious	0.01392863579504455
222|223	222	HA	YPYDVPDYA	9	-0.03624169632456953	0.0658307210031348	299	HIGH_RISK	FALSE	structural near-miss	variable	-5.871317	direct_insert_strongly_deleterious	0.021829564185118056
223|224	223	HA	YPYDVPDYA	9	-0.03833849712137027	0.05015673981191226	304	CORE_CAUTION	FALSE	structural near-miss	variable	-5.978036	direct_insert_strongly_deleterious	0.017139863582645187
224|225	224	HA	YPYDVPDYA	9	-0.03676653418693121	0.05956112852664574	301	CORE_CAUTION	FALSE	background	variable	-3.51897	direct_insert_strongly_deleterious	0.02343723552358634
225|226	225	HA	YPYDVPDYA	9	-0.02792847228606554	0.10658307210031348	286	CORE_CAUTION	FALSE	background	intermediate	-6.16529	direct_insert_strongly_deleterious	0.009854296202625342
226|227	226	HA	YPYDVPDYA	9	-0.02275147477676009	0.17554858934169282	264	HIGH_RISK	FALSE	structural near-miss	variable	-5.782008	direct_insert_strongly_deleterious	0.0024489813314922983
227|228	227	HA	YPYDVPDYA	9	-0.02818943095707071	0.10344827586206896	287	HIGH_RISK	FALSE	background	intermediate	-5.855661	direct_insert_strongly_deleterious	0.015861715667616853
228|229	228	HA	YPYDVPDYA	9	-0.02297492884497742	0.16614420062695923	267	HIGH_RISK	FALSE	structural near-miss	intermediate	-5.769187	direct_insert_strongly_deleterious	0.02595792203099201
229|230	229	HA	YPYDVPDYA	9	-0.01668515592985997	0.3479623824451411	209	HIGH_RISK	FALSE	background	intermediate	-5.606036	direct_insert_strongly_deleterious	0.013779818899770199
230|231	230	HA	YPYDVPDYA	9	-0.02547742370067673	0.1316614420062696	278	HIGH_RISK	FALSE	background	variable	-6.005576	direct_insert_strongly_deleterious	0.0284928203731476
231|232	231	HA	YPYDVPDYA	9	-0.02450446167681708	0.14420062695924762	274	HIGH_RISK	FALSE	background	variable	-5.747447	direct_insert_strongly_deleterious	0.015379052466260479
232|233	232	HA	YPYDVPDYA	9	-0.03274191084970113	0.07836990595611282	295	EXCLUDE	FALSE	background	intermediate	-6.029067	direct_insert_strongly_deleterious	0.014839190306226161
233|234	233	HA	YPYDVPDYA	9	-0.02884128762976701	0.10031347962382442	288	EXCLUDE	FALSE	background	intermediate	-5.859598	direct_insert_strongly_deleterious	0.01564941946787623
234|235	234	HA	YPYDVPDYA	9	-0.03002503657773125	0.09090909090909094	291	EXCLUDE	FALSE	background	intermediate	-5.86352	direct_insert_strongly_deleterious	0.011916501425309534
235|236	235	HA	YPYDVPDYA	9	-0.02471534888460791	0.1410658307210031	275	HIGH_RISK	FALSE	background	intermediate	-5.851708	direct_insert_strongly_deleterious	0.015152783049012799
236|237	236	HA	YPYDVPDYA	9	-0.02439510916391096	0.14733542319749215	273	HIGH_RISK	FALSE	background	variable	-5.927936	direct_insert_strongly_deleterious	0.00912950264549384
237|238	237	HA	YPYDVPDYA	9	-0.01206697630670916	0.5329153605015674	150	HIGH_RISK	FALSE	background	variable	-5.697888	direct_insert_strongly_deleterious	0.01601410899561895
238|239	238	HA	YPYDVPDYA	9	-0.01701857312839605	0.335423197492163	213	HIGH_RISK	FALSE	background	intermediate	-5.606036	direct_insert_strongly_deleterious	0.00864702505032345
239|240	239	HA	YPYDVPDYA	9	-0.01310313631698933	0.4764890282131662	168	HIGH_RISK	FALSE	background	variable	-5.631037	direct_insert_strongly_deleterious	0.01825672958706193
240|241	240	HA	YPYDVPDYA	9	-0.00904794059471214	0.6426332288401254	115	HIGH_RISK	FALSE	background	variable	-5.942508	direct_insert_strongly_deleterious	0.011814163690150542
241|242	241	HA	YPYDVPDYA	9	0.00344232691505208	0.9686520376175548	11	CORE_CAUTION	FALSE	background	variable	-5.843756	direct_insert_strongly_deleterious	0.027506845204555028
242|243	242	HA	YPYDVPDYA	9	-0.00776184664195689	0.7021943573667712	96	CORE_CAUTION	FALSE	background	variable	-6.045515	direct_insert_strongly_deleterious	0.01021483720233985
243|244	243	HA	YPYDVPDYA	9	1.8069235153284e-4	0.9498432601880876	17	CORE_CAUTION	FALSE	background	variable	-5.843756	direct_insert_strongly_deleterious	0.01828007773975981
244|245	244	HA	YPYDVPDYA	9	0.01037852574926878	0.9968652037617556	2	CORE_CAUTION	FALSE	structural near-miss	variable	-5.898138	direct_insert_strongly_deleterious	0.01900666174337705
245|246	245	HA	YPYDVPDYA	9	0.0130919148484776	1	1	CORE_CAUTION	FALSE	structural near-miss	variable	-5.769187	direct_insert_strongly_deleterious	0.02722421989804413
246|247	246	HA	YPYDVPDYA	9	0.00856394208287181	0.9937304075235108	3	CORE_CAUTION	FALSE	background	variable	-5.764877	direct_insert_strongly_deleterious	0.01903702437892861
247|248	247	HA	YPYDVPDYA	9	-0.0043969691516863	0.8338557993730408	54	CORE_CAUTION	FALSE	background	variable	-5.645743	direct_insert_strongly_deleterious	0.01899004663765112
248|249	248	HA	YPYDVPDYA	9	-0.00908804177845956	0.6394984326018809	116	CORE_CAUTION	FALSE	literature-rescue	lineage_indel_supported	-5.693258	direct_insert_strongly_deleterious	0.01683504179535288
249|250	249	HA	YPYDVPDYA	9	-0.01007687739974638	0.5956112852664577	130	CORE_CAUTION	FALSE	background	variable	-5.693258	direct_insert_strongly_deleterious	0.012567349325094391
250|251	250	HA	YPYDVPDYA	9	-0.00274663276691322	0.8808777429467085	39	CORE_CAUTION	FALSE	structural near-miss	variable	-5.711649	direct_insert_strongly_deleterious	0.00889263671794627
251|252	251	HA	YPYDVPDYA	9	-0.00482490676655933	0.8150470219435737	60	CORE_CAUTION	FALSE	background	variable	-5.665021	direct_insert_strongly_deleterious	0.01249527961975216
252|253	252	HA	YPYDVPDYA	9	0.0063353834972597	0.9843260188087776	6	CORE_CAUTION	FALSE	background	variable	-5.683934	direct_insert_strongly_deleterious	0.021718845716818688
253|254	253	HA	YPYDVPDYA	9	0.00703785121607047	0.987460815047022	5	CORE_CAUTION	FALSE	background	variable	-5.660236	direct_insert_strongly_deleterious	0.02127750982727948
254|255	254	HA	YPYDVPDYA	9	-0.00711040468720325	0.7335423197492164	86	HIGH_RISK	FALSE	background	variable	-5.901912	direct_insert_strongly_deleterious	0.018230317957176098
255|256	255	HA	YPYDVPDYA	9	-0.00522945801081542	0.8056426332288401	63	HIGH_RISK	FALSE	background	variable	-5.585575	direct_insert_strongly_deleterious	0.01031638542870628
256|257	256	HA	YPYDVPDYA	9	-3.6330486792035e-4	0.9467084639498432	18	HIGH_RISK	FALSE	literature-rescue	variable	-5.527047	direct_insert_strongly_deleterious	0.01213935755193595
257|258	257	HA	YPYDVPDYA	9	0.00183601164227642	0.9592476489028212	14	HIGH_RISK	FALSE	background	variable	-5.782008	direct_insert_strongly_deleterious	0.01012774725077747
258|259	258	HA	YPYDVPDYA	9	-0.00645877773792014	0.7586206896551724	78	HIGH_RISK	FALSE	background	lineage_indel_supported	-5.905671	direct_insert_strongly_deleterious	0.006985591326586161
259|260	259	HA	YPYDVPDYA	9	-0.00394055806216409	0.8589341692789969	46	HIGH_RISK	FALSE	background	lineage_indel_supported	-5.711649	direct_insert_strongly_deleterious	0.013839350574616828
260|261	260	HA	YPYDVPDYA	9	-0.00463595688176887	0.8244514106583072	57	HIGH_RISK	FALSE	background	lineage_indel_supported	-5.946118	direct_insert_strongly_deleterious	0.019646741083482848
261|262	261	HA	YPYDVPDYA	9	-0.00439579783010657	0.8369905956112853	53	EXCLUDE	FALSE	background	lineage_indel_supported	-5.798851	direct_insert_strongly_deleterious	0.00426744273098123
262|263	262	HA	YPYDVPDYA	9	-0.00951283083723808	0.6269592476489028	120	EXCLUDE	FALSE	background	lineage_indel_supported	-5.97103	direct_insert_strongly_deleterious	0.01566074776138926
263|264	263	HA	YPYDVPDYA	9	-0.01724973677237384	0.322884012539185	217	HIGH_RISK	FALSE	structural near-miss	lineage_indel_supported	-5.827659	direct_insert_strongly_deleterious	0.009035683048795212
264|265	264	HA	YPYDVPDYA	9	-0.0108969212916401	0.5768025078369906	136	HIGH_RISK	FALSE	structural near-miss	lineage_indel_supported	-5.827659	direct_insert_strongly_deleterious	0.00773773101324249
265|266	265	HA	YPYDVPDYA	9	-0.00238231644432662	0.8934169278996865	35	HIGH_RISK	FALSE	structural near-miss	lineage_indel_supported	-5.674522	direct_insert_strongly_deleterious	0.00876191688985895
266|267	266	HA	YPYDVPDYA	9	-9.3350974450956e-4	0.9373040752351096	21	HIGH_RISK	FALSE	background	lineage_indel_supported	-5.683934	direct_insert_strongly_deleterious	0.01698468805883424
267|268	267	HA	YPYDVPDYA	9	-0.01415978996763645	0.4357366771159875	181	HIGH_RISK	FALSE	background	lineage_indel_supported	-5.729709	direct_insert_strongly_deleterious	0.02438964495570416
268|269	268	HA	YPYDVPDYA	9	-0.00995704722283452	0.6050156739811912	127	HIGH_RISK	FALSE	background	lineage_indel_supported	-5.913148	direct_insert_strongly_deleterious	0.004673773249370241
269|270	269	HA	YPYDVPDYA	9	-0.00491167321691454	0.8119122257053292	61	HIGH_RISK	FALSE	background	lineage_indel_supported	-5.815414	direct_insert_strongly_deleterious	0.00502249859837889
270|271	270	HA	YPYDVPDYA	9	0.00807117184112904	0.9905956112852664	4	HIGH_RISK	FALSE	background	intermediate	-5.798851	direct_insert_strongly_deleterious	0.021120604148284088
271|272	271	HA	YPYDVPDYA	9	-0.00398907062403175	0.8526645768025078	48	HIGH_RISK	FALSE	background	intermediate	-5.794666	direct_insert_strongly_deleterious	0.01794511698069368
272|273	272	HA	YPYDVPDYA	9	-8.2734343288537e-4	0.9404388714733544	20	EXCLUDE	FALSE	background	conserved	-5.611086	direct_insert_strongly_deleterious	0.01591144141938993
273|274	273	HA	YPYDVPDYA	9	-0.00882540573058721	0.6551724137931034	111	EXCLUDE	FALSE	background	conserved	-5.669783	direct_insert_strongly_deleterious	0.00641036757239811
274|275	274	HA	YPYDVPDYA	9	-0.00539730631326174	0.7993730407523512	65	HIGH_RISK	FALSE	background	conserved	-5.683934	direct_insert_strongly_deleterious	0.008759756606410811
275|276	275	HA	YPYDVPDYA	9	-0.00683853091562314	0.7429467084639498	83	HIGH_RISK	FALSE	background	conserved	-5.743042	direct_insert_strongly_deleterious	0.01582374549066533
276|277	276	HA	YPYDVPDYA	9	-0.01346683367977075	0.46081504702194354	173	HIGH_RISK	FALSE	background	conserved	-5.811299	direct_insert_strongly_deleterious	0.01264187046384669
277|278	277	HA	YPYDVPDYA	9	-0.01242447782593236	0.5203761755485894	154	EXCLUDE	FALSE	background	intermediate	-5.707083	direct_insert_strongly_deleterious	0.01130095347762116
278|279	278	HA	YPYDVPDYA	9	-0.01556550459487882	0.3824451410658307	198	EXCLUDE	FALSE	background	intermediate	-5.924259	direct_insert_strongly_deleterious	0.01172148412601537
279|280	279	HA	YPYDVPDYA	9	-0.00737099430893861	0.7210031347962382	90	HIGH_RISK	FALSE	structural near-miss	intermediate	-6.002175	direct_insert_strongly_deleterious	0.007854953591381879
280|281	280	HA	YPYDVPDYA	9	-0.0072425146147248	0.7241379310344828	89	HIGH_RISK	FALSE	structural near-miss	intermediate	-5.697888	direct_insert_strongly_deleterious	0.0028289599221897896
281|282	281	HA	YPYDVPDYA	9	-0.00683301789802115	0.7460815047021944	82	HIGH_RISK	FALSE	background	intermediate	-5.946118	direct_insert_strongly_deleterious	0.006681999334223311
282|283	282	HA	YPYDVPDYA	9	-0.00176101375882353	0.915360501567398	28	HIGH_RISK	FALSE	background	intermediate	-5.729709	direct_insert_strongly_deleterious	0.02063587673403556
283|284	283	HA	YPYDVPDYA	9	-0.00685847912833548	0.7398119122257053	84	HIGH_RISK	FALSE	background	intermediate	-5.510472	direct_insert_strongly_deleterious	0.0074135403788240205
284|285	284	HA	YPYDVPDYA	9	-0.00418361419024782	0.8401253918495297	52	HIGH_RISK	FALSE	background	intermediate	-5.794666	direct_insert_strongly_deleterious	0.0060705879332645304
285|286	285	HA	YPYDVPDYA	9	-0.00269041377038226	0.8840125391849529	38	HIGH_RISK	FALSE	background	variable	-5.773479	direct_insert_strongly_deleterious	0.00937996966802591
286|287	286	HA	YPYDVPDYA	9	-0.00256341143599048	0.8871473354231975	37	HIGH_RISK	FALSE	background	variable	-5.738617	direct_insert_strongly_deleterious	0.00524487188775602
287|288	287	HA	YPYDVPDYA	9	-0.00462956193273278	0.8275862068965517	56	HIGH_RISK	TRUE	strict structural pass	variable	-5.521553	direct_insert_strongly_deleterious	0.007279908255585889
288|289	288	HA	YPYDVPDYA	9	-0.00635764623515511	0.7648902821316614	76	HIGH_RISK	TRUE	strict structural pass	variable	-5.152603	direct_insert_strongly_deleterious	0.0075805405354141195
289|290	289	HA	YPYDVPDYA	9	-0.0131519811521743	0.47335423197492166	169	HIGH_RISK	TRUE	strict structural pass	variable	-3.51897	direct_insert_strongly_deleterious	0.006077733441673499
290|291	290	HA	YPYDVPDYA	9	-0.01466252026405312	0.4263322884012539	184	HIGH_RISK	TRUE	strict structural pass	variable	-5.214399	direct_insert_strongly_deleterious	0.00919982977379074
291|292	291	HA	YPYDVPDYA	9	-0.0071030299134418	0.7366771159874608	85	HIGH_RISK	FALSE	structural near-miss	variable	-5.626087	direct_insert_strongly_deleterious	0.00718425730724714
292|293	292	HA	YPYDVPDYA	9	-0.01944417907605578	0.25705329153605017	238	HIGH_RISK	FALSE	background	variable	-5.679239	direct_insert_strongly_deleterious	0.01059083843840592
293|294	293	HA	YPYDVPDYA	9	-0.01284612605012736	0.48589341692789967	165	HIGH_RISK	FALSE	background	variable	-5.807167	direct_insert_strongly_deleterious	0.01148610978458553
294|295	294	HA	YPYDVPDYA	9	-0.01855580116258437	0.27899686520376177	231	HIGH_RISK	FALSE	background	variable	-5.532512	direct_insert_strongly_deleterious	0.01765649182238338
295|296	295	HA	YPYDVPDYA	9	-0.0206863356681124	0.21316614420062696	252	HIGH_RISK	FALSE	background	variable	-5.353998	direct_insert_strongly_deleterious	0.0155894753165291
296|297	296	HA	YPYDVPDYA	9	-0.01756400368433564	0.3040752351097179	223	HIGH_RISK	FALSE	background	variable	-5.665021	direct_insert_strongly_deleterious	0.011336497143000999
297|298	297	HA	YPYDVPDYA	9	-0.02703785633389222	0.11598746081504709	283	HIGH_RISK	FALSE	background	variable	-5.45315	direct_insert_strongly_deleterious	0.014183963086268129
298|299	298	HA	YPYDVPDYA	9	-0.02410294666268608	0.15360501567398122	271	HIGH_RISK	FALSE	background	variable	-5.33426	direct_insert_strongly_deleterious	0.0035020332690658407
299|300	299	HA	YPYDVPDYA	9	-0.02432906337932205	0.15047021943573669	272	HIGH_RISK	FALSE	background	variable	-5.366943	direct_insert_strongly_deleterious	0.014769950831095
300|301	300	HA	YPYDVPDYA	9	-0.02063752228058657	0.2163009404388715	251	HIGH_RISK	FALSE	structural near-miss	variable	-5.476475	direct_insert_strongly_deleterious	0.015987673574072492
301|302	301	HA	YPYDVPDYA	9	-0.02037912867797153	0.2288401253918495	247	HIGH_RISK	FALSE	background	variable	-5.482222	direct_insert_strongly_deleterious	0.00959937831682644
302|303	302	HA	YPYDVPDYA	9	-0.01255639915498818	0.5141065830721003	156	HIGH_RISK	FALSE	background	variable	-5.482222	direct_insert_strongly_deleterious	0.0012834660686174004
303|304	303	HA	YPYDVPDYA	9	-0.01822673486887494	0.28840125391849525	228	HIGH_RISK	FALSE	background	variable	-5.688607	direct_insert_strongly_deleterious	0.014434491251519969
304|305	304	HA	YPYDVPDYA	9	-0.02029252282713845	0.23197492163009403	246	HIGH_RISK	FALSE	background	variable	-5.650598	direct_insert_strongly_deleterious	0.010807663101846998
305|306	305	HA	YPYDVPDYA	9	-0.01360323559891085	0.45141065830721006	176	HIGH_RISK	FALSE	background	variable	-5.674522	direct_insert_strongly_deleterious	0.004450325827386701
306|307	306	HA	YPYDVPDYA	9	-0.0178303569058893	0.29780564263322884	225	HIGH_RISK	FALSE	background	variable	-5.729709	direct_insert_strongly_deleterious	0.01417642386743046
307|308	307	HA	YPYDVPDYA	9	-0.01997753478646258	0.24451410658307215	242	HIGH_RISK	FALSE	structural near-miss	variable	-5.7562	direct_insert_strongly_deleterious	0.00918549116362222
308|309	308	HA	YPYDVPDYA	9	-0.01866491967081574	0.2727272727272727	233	HIGH_RISK	FALSE	background	variable	-5.660236	direct_insert_strongly_deleterious	0.007483090378456849
309|310	309	HA	YPYDVPDYA	9	-0.00949563875515346	0.6300940438871474	119	HIGH_RISK	FALSE	background	variable	-5.258362	direct_insert_strongly_deleterious	0.00745586270318554
310|311	310	HA	YPYDVPDYA	9	-0.00722594169846546	0.7272727272727273	88	HIGH_RISK	FALSE	background	variable	-5.379723	direct_insert_strongly_deleterious	0.0038999459073765204
311|312	311	HA	YPYDVPDYA	9	-0.00866311737875591	0.6677115987460815	107	HIGH_RISK	FALSE	background	variable	-5.729709	direct_insert_strongly_deleterious	0.00624688294497844
312|313	312	HA	YPYDVPDYA	9	-0.00870689459148232	0.664576802507837	108	HIGH_RISK	FALSE	background	variable	-5.392341	direct_insert_strongly_deleterious	0.0039790196993707595
313|314	313	HA	YPYDVPDYA	9	-0.00785780568920735	0.6959247648902822	98	HIGH_RISK	FALSE	background	variable	-5.221861	direct_insert_strongly_deleterious	0.005363628217005091
314|315	314	HA	YPYDVPDYA	9	-0.0066268208363609	0.7523510971786834	80	HIGH_RISK	FALSE	background	variable	-5.447233	direct_insert_strongly_deleterious	0.00483042879330897
315|316	315	HA	YPYDVPDYA	9	-0.00942653153828576	0.6332288401253918	118	EXCLUDE	FALSE	background	variable	-5.493618	direct_insert_strongly_deleterious	0.00927192679226074
316|317	316	HA	YPYDVPDYA	9	-0.01236467569561616	0.5235109717868338	153	EXCLUDE	FALSE	background	variable	-5.176226	direct_insert_strongly_deleterious	0.002352627651320381
317|318	317	HA	YPYDVPDYA	9	-0.00719754835142349	0.7304075235109717	87	EXCLUDE	FALSE	background	variable	-4.920455	direct_insert_strongly_deleterious	0.0020620872250769508
318|319	318	HA	YPYDVPDYA	9	-0.01264176758856017	0.5078369905956113	158	EXCLUDE	FALSE	background	variable	-5.034322	direct_insert_strongly_deleterious	0.007524427002011169
319|320	319	HA	YPYDVPDYA	9	-0.01358444105498257	0.4545454545454546	175	EXCLUDE	FALSE	background	variable	-5.060872	direct_insert_strongly_deleterious	0.00343098139376829
320|321	320	HA	YPYDVPDYA	9	-0.01672447456275883	0.3448275862068966	210	EXCLUDE	FALSE	background	intermediate	-4.64443	direct_insert_strongly_deleterious	0.01555753274623185
1|2	1	G196_minimal	DLVPR	5	-0.00440371155851071	0.554858934169279	143	HIGH_RISK	FALSE	structural near-miss	conserved	-5.7562	direct_insert_strongly_deleterious	0.00156196763631389
2|3	2	G196_minimal	DLVPR	5	-0.00324514202474413	0.5956112852664577	130	HIGH_RISK	FALSE	structural near-miss	conserved	-5.777753	direct_insert_strongly_deleterious	0.0019066168958512598
3|4	3	G196_minimal	DLVPR	5	-0.00306480054998647	0.6112852664576802	125	HIGH_RISK	FALSE	structural near-miss	conserved	-5.554076	direct_insert_strongly_deleterious	0.01032816050943052
4|5	4	G196_minimal	DLVPR	5	-5.6473725307659e-4	0.7272727272727273	88	HIGH_RISK	FALSE	structural near-miss	conserved	-5.674522	direct_insert_strongly_deleterious	0.00543350105683427
5|6	5	G196_minimal	DLVPR	5	-0.0076417735357066	0.4263322884012539	184	HIGH_RISK	FALSE	structural near-miss	intermediate	-5.777753	direct_insert_strongly_deleterious	0.009409764903960841
6|7	6	G196_minimal	DLVPR	5	-0.00696629625965927	0.45141065830721006	176	HIGH_RISK	FALSE	structural near-miss	intermediate	-5.8829	direct_insert_strongly_deleterious	0.0065881481593646
7|8	7	G196_minimal	DLVPR	5	-0.00141995685207296	0.6833855799373041	102	HIGH_RISK	FALSE	structural near-miss	intermediate	-5.548728	direct_insert_strongly_deleterious	0.010076932432505629
8|9	8	G196_minimal	DLVPR	5	-0.0111937908006432	0.30721003134796243	222	HIGH_RISK	FALSE	structural near-miss	intermediate	-5.379723	direct_insert_strongly_deleterious	0.0013619715056316702
9|10	9	G196_minimal	DLVPR	5	-0.00348413558697657	0.5799373040752351	135	HIGH_RISK	FALSE	structural near-miss	conserved	-5.353998	direct_insert_strongly_deleterious	0.00993584189376984
10|11	10	G196_minimal	DLVPR	5	0.00361618907941396	0.8652037617554859	44	HIGH_RISK	FALSE	structural near-miss	conserved	-5.265505	direct_insert_strongly_deleterious	0.01955244320634008
11|12	11	G196_minimal	DLVPR	5	-0.00832457669511521	0.4043887147335423	191	HIGH_RISK	FALSE	background	conserved	-5.493618	direct_insert_strongly_deleterious	0.00547287391308959
12|13	12	G196_minimal	DLVPR	5	0.0034683653351375	0.8620689655172413	45	HIGH_RISK	FALSE	background	conserved	-5.504886	direct_insert_strongly_deleterious	0.014601992517775381
13|14	13	G196_minimal	DLVPR	5	0.01589911935967292	0.9905956112852664	4	HIGH_RISK	FALSE	structural near-miss	conserved	-5.487936	direct_insert_strongly_deleterious	0.02700259810094385
14|15	14	G196_minimal	DLVPR	5	-0.00492384703165083	0.5329153605015674	150	HIGH_RISK	FALSE	structural near-miss	conserved	-5.84774	direct_insert_strongly_deleterious	0.00262019453908912
15|16	15	G196_minimal	DLVPR	5	-0.00181454790239854	0.6614420062695925	109	HIGH_RISK	FALSE	structural near-miss	conserved	-5.19167	direct_insert_strongly_deleterious	0.00545551631543216
16|17	16	G196_minimal	DLVPR	5	0.01758792938506603	0.9968652037617556	2	HIGH_RISK	FALSE	structural near-miss	conserved	-5.580393	direct_insert_strongly_deleterious	0.02421277179877056
17|18	17	G196_minimal	DLVPR	5	0.00570101073059481	0.9247648902821316	25	HIGH_RISK	FALSE	structural near-miss	conserved	-5.660236	direct_insert_strongly_deleterious	0.01021725438981224
18|19	18	G196_minimal	DLVPR	5	0.00437174065623402	0.8871473354231975	37	HIGH_RISK	FALSE	structural near-miss	conserved	-5.886731	direct_insert_strongly_deleterious	0.0069845830261963
19|20	19	G196_minimal	DLVPR	5	0.00241590691595305	0.8275862068965517	56	HIGH_RISK	FALSE	structural near-miss	conserved	-5.482222	direct_insert_strongly_deleterious	0.00554414173130756
20|21	20	G196_minimal	DLVPR	5	0.00112771333511574	0.780564263322884	71	HIGH_RISK	FALSE	structural near-miss	conserved	-5.379723	direct_insert_strongly_deleterious	0.00931731154013303
21|22	21	G196_minimal	DLVPR	5	0.00153632690663574	0.786833855799373	69	HIGH_RISK	FALSE	structural near-miss	conserved	-5.794666	direct_insert_strongly_deleterious	0.00571075435727807
22|23	22	G196_minimal	DLVPR	5	0.00247154701765994	0.8307210031347962	55	HIGH_RISK	FALSE	structural near-miss	conserved	-5.688607	direct_insert_strongly_deleterious	0.0032770442250034003
23|24	23	G196_minimal	DLVPR	5	-2.5732928587851e-4	0.7366771159874608	85	HIGH_RISK	FALSE	structural near-miss	conserved	-5.575185	direct_insert_strongly_deleterious	0.00144690664335867
24|25	24	G196_minimal	DLVPR	5	0.0072872989586088	0.9498432601880876	17	HIGH_RISK	FALSE	structural near-miss	intermediate	-5.747447	direct_insert_strongly_deleterious	0.01016008627686248
25|26	25	G196_minimal	DLVPR	5	0.00634885159774523	0.9341692789968652	22	HIGH_RISK	FALSE	structural near-miss	intermediate	-5.655428	direct_insert_strongly_deleterious	0.00806716800672368
26|27	26	G196_minimal	DLVPR	5	0.00268696415462965	0.8369905956112853	53	HIGH_RISK	FALSE	structural near-miss	intermediate	-5.953299	direct_insert_strongly_deleterious	0.00647423285990943
27|28	27	G196_minimal	DLVPR	5	0.00643997144995944	0.9373040752351096	21	HIGH_RISK	FALSE	structural near-miss	intermediate	-5.819512	direct_insert_strongly_deleterious	0.00828992320705256
28|29	28	G196_minimal	DLVPR	5	0.00756889734613519	0.9592476489028212	14	HIGH_RISK	FALSE	structural near-miss	intermediate	-5.725224	direct_insert_strongly_deleterious	0.0106899554799016
29|30	29	G196_minimal	DLVPR	5	0.00443158665639709	0.8934169278996865	35	HIGH_RISK	FALSE	structural near-miss	intermediate	-5.688607	direct_insert_strongly_deleterious	0.0081974252141137
30|31	30	G196_minimal	DLVPR	5	0.0017658145650512	0.7962382445141065	66	HIGH_RISK	FALSE	structural near-miss	intermediate	-5.794666	direct_insert_strongly_deleterious	0.00279712301804834
31|32	31	G196_minimal	DLVPR	5	0.00279647781052849	0.8432601880877743	51	HIGH_RISK	FALSE	structural near-miss	intermediate	-5.747447	direct_insert_strongly_deleterious	0.011429268049692791
32|33	32	G196_minimal	DLVPR	5	-0.00313883701794415	0.6050156739811912	127	HIGH_RISK	FALSE	structural near-miss	intermediate	-5.606036	direct_insert_strongly_deleterious	0.00706222574371962
33|34	33	G196_minimal	DLVPR	5	0.00426839687812119	0.8840125391849529	38	HIGH_RISK	FALSE	background	intermediate	-5.674522	direct_insert_strongly_deleterious	0.01170114811247202
34|35	34	G196_minimal	DLVPR	5	-0.00310747209625805	0.6081504702194358	126	HIGH_RISK	FALSE	background	intermediate	-5.476475	direct_insert_strongly_deleterious	0.008171769614012
35|36	35	G196_minimal	DLVPR	5	-0.0017920065221908	0.6677115987460815	107	HIGH_RISK	FALSE	background	intermediate	-5.476475	direct_insert_strongly_deleterious	0.007184207807242601
36|37	36	G196_minimal	DLVPR	5	9.0043862198063e-4	0.7711598746081505	74	HIGH_RISK	FALSE	structural near-miss	conserved	-5.386052	direct_insert_strongly_deleterious	0.00687900214702085
37|38	37	G196_minimal	DLVPR	5	0.0046983480582825	0.90282131661442	32	HIGH_RISK	FALSE	background	intermediate	-5.373353	direct_insert_strongly_deleterious	0.0070660306507495
38|39	38	G196_minimal	DLVPR	5	0.00323292688828624	0.8557993730407524	47	HIGH_RISK	FALSE	background	intermediate	-5.45315	direct_insert_strongly_deleterious	0.01070202326005231
39|40	39	G196_minimal	DLVPR	5	-8.8698911084339e-4	0.7084639498432601	94	HIGH_RISK	FALSE	structural near-miss	intermediate	-5.360491	direct_insert_strongly_deleterious	0.006465066482610029
40|41	40	G196_minimal	DLVPR	5	0.00383087453680097	0.8746081504702194	41	HIGH_RISK	FALSE	structural near-miss	intermediate	-5.764877	direct_insert_strongly_deleterious	0.01815803774488288
41|42	41	G196_minimal	DLVPR	5	-0.00880844196771146	0.3824451410658307	198	HIGH_RISK	FALSE	structural near-miss	intermediate	-5.697888	direct_insert_strongly_deleterious	0.00485891693175278
42|43	42	G196_minimal	DLVPR	5	-0.0022660624626476	0.6394984326018809	116	HIGH_RISK	FALSE	structural near-miss	variable	-5.272597	direct_insert_strongly_deleterious	0.014513945036242148
43|44	43	G196_minimal	DLVPR	5	-0.00532613832844353	0.5141065830721003	156	HIGH_RISK	FALSE	structural near-miss	variable	-5.635963	direct_insert_strongly_deleterious	0.0073120103833002
44|45	44	G196_minimal	DLVPR	5	0.00273295570304066	0.8401253918495297	52	HIGH_RISK	FALSE	background	variable	-5.595858	direct_insert_strongly_deleterious	0.021211921658209388
45|46	45	G196_minimal	DLVPR	5	-0.01276603562126821	0.2601880877742947	237	HIGH_RISK	FALSE	background	variable	-5.340883	direct_insert_strongly_deleterious	0.00540216016213479
46|47	46	G196_minimal	DLVPR	5	-0.00668056760221258	0.46081504702194354	173	HIGH_RISK	FALSE	structural near-miss	variable	-5.559395	direct_insert_strongly_deleterious	0.0077097249058129
47|48	47	G196_minimal	DLVPR	5	0.00505716850834581	0.915360501567398	28	HIGH_RISK	FALSE	background	variable	-5.60096	direct_insert_strongly_deleterious	0.02148778000872475
48|49	48	G196_minimal	DLVPR	5	0.01097122721033239	0.9811912225705328	7	HIGH_RISK	FALSE	background	variable	-5.747447	direct_insert_strongly_deleterious	0.02315040639953425
49|50	49	G196_minimal	DLVPR	5	0.00394927867798822	0.877742946708464	40	HIGH_RISK	FALSE	background	variable	-5.595858	direct_insert_strongly_deleterious	0.01087998150196556
50|51	50	G196_minimal	DLVPR	5	0.00797361495249582	0.9655172413793104	12	HIGH_RISK	FALSE	background	variable	-5.559395	direct_insert_strongly_deleterious	0.012113808522142382
51|52	51	G196_minimal	DLVPR	5	0.02332238065446557	1	1	HIGH_RISK	FALSE	background	variable	-5.300473	direct_insert_strongly_deleterious	0.03282232206200319
52|53	52	G196_minimal	DLVPR	5	-0.00162903675887449	0.670846394984326	106	HIGH_RISK	FALSE	background	intermediate	-5.764877	direct_insert_strongly_deleterious	0.01295888077179308
53|54	53	G196_minimal	DLVPR	5	-0.00280522005081973	0.6206896551724138	122	HIGH_RISK	FALSE	background	intermediate	-5.595858	direct_insert_strongly_deleterious	0.00775111301265863
54|55	54	G196_minimal	DLVPR	5	0.01138278184426377	0.9843260188087776	6	HIGH_RISK	FALSE	background	intermediate	-5.621111	direct_insert_strongly_deleterious	0.02145040133035801
55|56	55	G196_minimal	DLVPR	5	-0.01359666569030704	0.22570532915360497	248	HIGH_RISK	FALSE	background	intermediate	-5.575185	direct_insert_strongly_deleterious	0.012975299051364962
56|57	56	G196_minimal	DLVPR	5	-0.01740439291778583	0.14733542319749215	273	HIGH_RISK	FALSE	background	variable	-5.585575	direct_insert_strongly_deleterious	0.01386145624805923
57|58	57	G196_minimal	DLVPR	5	-0.0150539605508988	0.1724137931034483	265	HIGH_RISK	FALSE	background	intermediate	-5.743042	direct_insert_strongly_deleterious	0.0072723733585693395
58|59	58	G196_minimal	DLVPR	5	-0.01786188742315264	0.14420062695924762	274	HIGH_RISK	FALSE	background	variable	-5.782008	direct_insert_strongly_deleterious	0.006830602531518792
59|60	59	G196_minimal	DLVPR	5	-0.01489563505043278	0.17868338557993735	263	HIGH_RISK	FALSE	background	variable	-5.909417	direct_insert_strongly_deleterious	0.00958008800584454
60|61	60	G196_minimal	DLVPR	5	-0.00202297411788432	0.652037617554859	112	HIGH_RISK	FALSE	background	variable	-5.72072	direct_insert_strongly_deleterious	0.02168802750793963
61|62	61	G196_minimal	DLVPR	5	-0.00687300364044896	0.4545454545454546	175	HIGH_RISK	FALSE	background	variable	-5.564686	direct_insert_strongly_deleterious	0.01253699426589261
62|63	62	G196_minimal	DLVPR	5	-0.01289866194092681	0.24764890282131655	241	HIGH_RISK	FALSE	background	variable	-5.236622	direct_insert_strongly_deleterious	0.00935756898287555
63|64	63	G196_minimal	DLVPR	5	0.00473694030597471	0.9059561128526644	31	HIGH_RISK	FALSE	background	variable	-5.554076	direct_insert_strongly_deleterious	0.01851060125027314
64|65	64	G196_minimal	DLVPR	5	0.00178347743763973	0.7993730407523512	65	HIGH_RISK	FALSE	background	variable	-5.564686	direct_insert_strongly_deleterious	0.020471834145842298
65|66	65	G196_minimal	DLVPR	5	-0.01006082804677266	0.3385579937304075	212	HIGH_RISK	FALSE	background	variable	-5.786245	direct_insert_strongly_deleterious	0.00809415987840012
66|67	66	G196_minimal	DLVPR	5	-0.01090150443812154	0.31974921630094044	218	HIGH_RISK	FALSE	background	variable	-5.510472	direct_insert_strongly_deleterious	0.007634392695951229
67|68	67	G196_minimal	DLVPR	5	0.00207095042513039	0.8244514106583072	57	HIGH_RISK	FALSE	background	variable	-5.764877	direct_insert_strongly_deleterious	0.029567163782154623
68|69	68	G196_minimal	DLVPR	5	-0.01095440412315262	0.3134796238244514	220	HIGH_RISK	FALSE	background	variable	-5.645743	direct_insert_strongly_deleterious	0.01192394566773647
69|70	69	G196_minimal	DLVPR	5	-0.0178869808214781	0.1410658307210031	275	HIGH_RISK	FALSE	background	variable	-5.660236	direct_insert_strongly_deleterious	0.00902734658809479
70|71	70	G196_minimal	DLVPR	5	-0.01548611092076335	0.16927899686520376	266	HIGH_RISK	FALSE	background	variable	-5.548728	direct_insert_strongly_deleterious	0.013413013176589049
71|72	71	G196_minimal	DLVPR	5	-0.01878979824892734	0.12852664576802508	279	HIGH_RISK	FALSE	structural near-miss	variable	-5.707083	direct_insert_strongly_deleterious	0.01268609345004635
72|73	72	G196_minimal	DLVPR	5	-0.01894538878638307	0.12539184952978055	280	HIGH_RISK	FALSE	background	variable	-5.595858	direct_insert_strongly_deleterious	0.015895980524550442
73|74	73	G196_minimal	DLVPR	5	-0.00445799619448772	0.5517241379310345	144	HIGH_RISK	FALSE	background	variable	-5.851708	direct_insert_strongly_deleterious	0.016055740762833
74|75	74	G196_minimal	DLVPR	5	0.00491564268442612	0.9122257053291536	29	HIGH_RISK	FALSE	background	variable	-5.702496	direct_insert_strongly_deleterious	0.02007793166733051
75|76	75	G196_minimal	DLVPR	5	-1.1190638835412e-4	0.7398119122257053	84	HIGH_RISK	FALSE	structural near-miss	variable	-5.738617	direct_insert_strongly_deleterious	0.016318546011084838
76|77	76	G196_minimal	DLVPR	5	0.00750023234397634	0.9561128526645768	15	HIGH_RISK	FALSE	background	variable	-5.769187	direct_insert_strongly_deleterious	0.01801113439320767
77|78	77	G196_minimal	DLVPR	5	-0.01081900251078815	0.322884012539185	217	HIGH_RISK	FALSE	background	variable	-5.751833	direct_insert_strongly_deleterious	0.0086902110173801
78|79	78	G196_minimal	DLVPR	5	0.0010273761662396	0.7742946708463949	73	HIGH_RISK	FALSE	background	variable	-5.621111	direct_insert_strongly_deleterious	0.01375908367553968
79|80	79	G196_minimal	DLVPR	5	-0.00279130412606454	0.6238244514106583	121	HIGH_RISK	FALSE	background	variable	-5.347462	direct_insert_strongly_deleterious	0.017758513359984022
80|81	80	G196_minimal	DLVPR	5	-0.01416556908158517	0.1974921630094044	257	HIGH_RISK	FALSE	background	variable	-5.532512	direct_insert_strongly_deleterious	0.00847770440264118
81|82	81	G196_minimal	DLVPR	5	-0.00571072981685105	0.49216300940438873	163	HIGH_RISK	FALSE	background	intermediate	-5.569949	direct_insert_strongly_deleterious	0.01053353939470325
82|83	82	G196_minimal	DLVPR	5	-0.00570608923358229	0.49529780564263326	162	HIGH_RISK	FALSE	background	intermediate	-5.258362	direct_insert_strongly_deleterious	0.014327216205079811
83|84	83	G196_minimal	DLVPR	5	-0.01223884999909996	0.28526645768025083	229	HIGH_RISK	FALSE	background	intermediate	-5.482222	direct_insert_strongly_deleterious	0.00797974872923968
84|85	84	G196_minimal	DLVPR	5	-0.00251886250494859	0.6363636363636364	117	HIGH_RISK	FALSE	background	intermediate	-5.60096	direct_insert_strongly_deleterious	0.01347811371977592
85|86	85	G196_minimal	DLVPR	5	-0.0054218735410827	0.5109717868338558	157	HIGH_RISK	FALSE	background	intermediate	-5.373353	direct_insert_strongly_deleterious	0.0064993851233512406
86|87	86	G196_minimal	DLVPR	5	0.00531602957796506	0.9184952978056428	27	HIGH_RISK	FALSE	background	intermediate	-5.293577	direct_insert_strongly_deleterious	0.014613325357438079
87|88	87	G196_minimal	DLVPR	5	-0.00422657704732953	0.5579937304075235	142	HIGH_RISK	FALSE	background	intermediate	-5.221861	direct_insert_strongly_deleterious	0.01246247640952002
88|89	88	G196_minimal	DLVPR	5	0.0018573941192308	0.8181818181818181	59	HIGH_RISK	FALSE	background	intermediate	-5.373353	direct_insert_strongly_deleterious	0.011533786271107781
89|90	89	G196_minimal	DLVPR	5	-9.7261530830783e-4	0.7021943573667712	96	HIGH_RISK	FALSE	structural near-miss	intermediate	-5.679239	direct_insert_strongly_deleterious	0.0094310534886497
90|91	90	G196_minimal	DLVPR	5	0.00266162878670073	0.8338557993730408	54	HIGH_RISK	FALSE	structural near-miss	intermediate	-5.569949	direct_insert_strongly_deleterious	0.01955723620367377
91|92	91	G196_minimal	DLVPR	5	6.2239816665776e-4	0.7648902821316614	76	HIGH_RISK	FALSE	background	intermediate	-5.83574	direct_insert_strongly_deleterious	0.01570224635040328
92|93	92	G196_minimal	DLVPR	5	-5.2797551133387e-4	0.7304075235109717	87	HIGH_RISK	FALSE	background	intermediate	-5.60096	direct_insert_strongly_deleterious	0.01521286269756895
93|94	93	G196_minimal	DLVPR	5	-0.00864131046377059	0.3918495297805643	195	HIGH_RISK	FALSE	background	intermediate	-5.697888	direct_insert_strongly_deleterious	0.00855137801729677
94|95	94	G196_minimal	DLVPR	5	-0.00456192037511415	0.54858934169279	145	HIGH_RISK	FALSE	background	intermediate	-5.590729	direct_insert_strongly_deleterious	0.018298307704601058
95|96	95	G196_minimal	DLVPR	5	-0.01424833025655569	0.1943573667711599	258	HIGH_RISK	FALSE	background	intermediate	-5.751833	direct_insert_strongly_deleterious	0.011333761969499982
96|97	96	G196_minimal	DLVPR	5	-0.00930561559992693	0.3636363636363637	204	HIGH_RISK	FALSE	background	intermediate	-5.621111	direct_insert_strongly_deleterious	0.00897755273660427
97|98	97	G196_minimal	DLVPR	5	-0.00188916770110791	0.658307210031348	110	HIGH_RISK	FALSE	background	variable	-5.410975	direct_insert_strongly_deleterious	0.01816809267778031
98|99	98	G196_minimal	DLVPR	5	-0.02583226564881036	0.05956112852664574	301	HIGH_RISK	FALSE	background	variable	-5.516028	direct_insert_strongly_deleterious	0.0205582005957683
99|100	99	G196_minimal	DLVPR	5	-0.00750613939266431	0.4357366771159875	181	HIGH_RISK	FALSE	structural near-miss	variable	-5.307323	direct_insert_strongly_deleterious	0.02120586447848849
100|101	100	G196_minimal	DLVPR	5	-0.00843666494656281	0.39811912225705326	193	HIGH_RISK	FALSE	background	variable	-5.665021	direct_insert_strongly_deleterious	0.029971942118469208
101|102	101	G196_minimal	DLVPR	5	-0.01394902847533829	0.20062695924764895	256	HIGH_RISK	FALSE	background	variable	-5.621111	direct_insert_strongly_deleterious	0.01316803625368746
102|103	102	G196_minimal	DLVPR	5	3.9548645220843e-4	0.755485893416928	79	HIGH_RISK	FALSE	background	variable	-5.707083	direct_insert_strongly_deleterious	0.01958312310988618
103|104	103	G196_minimal	DLVPR	5	-0.00773833034626614	0.42006269592476486	186	HIGH_RISK	FALSE	background	variable	-5.8829	direct_insert_strongly_deleterious	0.020179016631252992
104|105	104	G196_minimal	DLVPR	5	-0.00203859207749701	0.6489028213166144	113	HIGH_RISK	FALSE	background	variable	-5.764877	direct_insert_strongly_deleterious	0.0280551330565606
105|106	105	G196_minimal	DLVPR	5	-0.02143417776074585	0.08463949843260188	293	HIGH_RISK	FALSE	background	variable	-5.773479	direct_insert_strongly_deleterious	0.0032961344600401787
106|107	106	G196_minimal	DLVPR	5	-0.0064048539363557	0.4702194357366771	170	HIGH_RISK	FALSE	background	variable	-5.859598	direct_insert_strongly_deleterious	0.01672545593442454
107|108	107	G196_minimal	DLVPR	5	0.00180427318223808	0.8056426332288401	63	HIGH_RISK	FALSE	background	variable	-5.738617	direct_insert_strongly_deleterious	0.02551892494345109
108|109	108	G196_minimal	DLVPR	5	-0.00923874341657882	0.3699059561128527	202	HIGH_RISK	FALSE	background	variable	-5.901912	direct_insert_strongly_deleterious	0.021645716173935618
109|110	109	G196_minimal	DLVPR	5	-7.8054931652671e-4	0.7210031347962382	90	HIGH_RISK	FALSE	background	variable	-6.074456	direct_insert_strongly_deleterious	0.02058194332149599
110|111	110	G196_minimal	DLVPR	5	0.00919154911264064	0.9717868338557992	10	HIGH_RISK	FALSE	background	variable	-6.467696	direct_insert_strongly_deleterious	0.02657345480758755
111|112	111	G196_minimal	DLVPR	5	-0.00281806722292765	0.6175548589341693	123	HIGH_RISK	FALSE	background	variable	-5.688607	direct_insert_strongly_deleterious	0.0064460409258368994
112|113	112	G196_minimal	DLVPR	5	0.00377977863219003	0.8714733542319749	42	HIGH_RISK	FALSE	background	variable	-5.580393	direct_insert_strongly_deleterious	0.01377630628969894
113|114	113	G196_minimal	DLVPR	5	0.0028777860822875	0.8463949843260188	50	HIGH_RISK	FALSE	background	variable	-5.86352	direct_insert_strongly_deleterious	0.01181640331232846
114|115	114	G196_minimal	DLVPR	5	-8.982163046278302e-5	0.7429467084639498	83	HIGH_RISK	FALSE	background	intermediate	-5.665021	direct_insert_strongly_deleterious	0.007785364294800257
115|116	115	G196_minimal	DLVPR	5	-3.7895322061087e-4	0.7335423197492164	86	HIGH_RISK	FALSE	background	variable	-5.665021	direct_insert_strongly_deleterious	0.010908145492922301
116|117	116	G196_minimal	DLVPR	5	0.00467397122411661	0.8996865203761756	33	HIGH_RISK	FALSE	background	variable	-5.729709	direct_insert_strongly_deleterious	0.014457787825326019
117|118	117	G196_minimal	DLVPR	5	1.1877726235454134e-5	0.7492163009404389	81	HIGH_RISK	FALSE	background	intermediate	-5.128408	direct_insert_strongly_deleterious	0.017261247879244213
118|119	118	G196_minimal	DLVPR	5	-0.00179888573924502	0.664576802507837	108	HIGH_RISK	FALSE	background	intermediate	-5.45315	direct_insert_strongly_deleterious	0.018102346921569982
119|120	119	G196_minimal	DLVPR	5	-0.00947315075507004	0.3605015673981191	205	HIGH_RISK	FALSE	background	intermediate	-5.128408	direct_insert_strongly_deleterious	0.01333434919209964
120|121	120	G196_minimal	DLVPR	5	-0.00985803233617543	0.3510971786833855	208	HIGH_RISK	FALSE	background	intermediate	-5.476475	direct_insert_strongly_deleterious	0.024741840383039733
121|122	121	G196_minimal	DLVPR	5	-0.01283952032916646	0.25391849529780564	239	HIGH_RISK	FALSE	background	intermediate	-5.353998	direct_insert_strongly_deleterious	0.025105855866048195
122|123	122	G196_minimal	DLVPR	5	-0.03488617042340358	0.02507836990595613	312	HIGH_RISK	FALSE	background	intermediate	-5.669783	direct_insert_strongly_deleterious	0.015872211980096924
123|124	123	G196_minimal	DLVPR	5	-0.0392460513599242	0.01880877742946707	314	EXCLUDE	FALSE	background	intermediate	-5.782008	direct_insert_strongly_deleterious	0.02146881671453072
124|125	124	G196_minimal	DLVPR	5	-0.04611072214112566	0.01567398119122254	315	EXCLUDE	FALSE	background	intermediate	-6.042247	direct_insert_strongly_deleterious	0.009448837218374972
125|126	125	G196_minimal	DLVPR	5	-0.05674577388316182	0.00940438871473359	317	EXCLUDE	FALSE	background	intermediate	-5.901912	direct_insert_strongly_deleterious	0.007894319594246024
126|127	126	G196_minimal	DLVPR	5	-0.04616336157863365	0.01253918495297801	316	EXCLUDE	FALSE	background	intermediate	-5.953299	direct_insert_strongly_deleterious	0.01661262974253485
127|128	127	G196_minimal	DLVPR	5	-0.0609901355358744	0.00626959247648906	318	EXCLUDE	FALSE	background	intermediate	-5.782008	direct_insert_strongly_deleterious	0.013033114875375514
128|129	128	G196_minimal	DLVPR	5	-0.06683816170180767	0.00313479623824453	319	EXCLUDE	FALSE	background	intermediate	-5.470694	direct_insert_strongly_deleterious	0.016296327664138133
129|130	129	G196_minimal	DLVPR	5	-0.07867289712970482	0	320	EXCLUDE	FALSE	background	intermediate	-5.7562	direct_insert_strongly_deleterious	0.011589088053673091
130|131	130	G196_minimal	DLVPR	5	-0.032826953123823	0.03448275862068961	309	EXCLUDE	FALSE	background	variable	-5.949715	direct_insert_strongly_deleterious	0.03730844926327315
131|132	131	G196_minimal	DLVPR	5	-0.00793216781071626	0.4106583072100314	189	EXCLUDE	FALSE	background	intermediate	-5.839756	direct_insert_strongly_deleterious	0.04564961336780238
132|133	132	G196_minimal	DLVPR	5	-0.03132933338416377	0.03761755485893414	308	HIGH_RISK	FALSE	background	intermediate	-5.548728	direct_insert_strongly_deleterious	0.01769700714929367
133|134	133	G196_minimal	DLVPR	5	-0.03743675100506527	0.0219435736677116	313	HIGH_RISK	FALSE	background	intermediate	-5.72072	direct_insert_strongly_deleterious	0.01591614914713669
134|135	134	G196_minimal	DLVPR	5	-0.02575356288336783	0.06269592476489028	300	HIGH_RISK	FALSE	background	intermediate	-5.293577	direct_insert_strongly_deleterious	0.017145986396138728
135|136	135	G196_minimal	DLVPR	5	-0.00989272977286281	0.3448275862068966	210	HIGH_RISK	FALSE	background	variable	-5.559395	direct_insert_strongly_deleterious	0.0317043000885704
136|137	136	G196_minimal	DLVPR	5	-0.02159940241314029	0.07836990595611282	295	HIGH_RISK	FALSE	background	variable	-5.660236	direct_insert_strongly_deleterious	0.009652710713786927
137|138	137	G196_minimal	DLVPR	5	-0.01042532692198516	0.32915360501567403	215	HIGH_RISK	FALSE	background	variable	-6.019067	direct_insert_strongly_deleterious	0.01680381611046666
138|139	138	G196_minimal	DLVPR	5	0.00164867275162272	0.7899686520376176	68	HIGH_RISK	FALSE	background	variable	-4.22227	direct_insert_strongly_deleterious	0.0236729287508206
139|140	139	G196_minimal	DLVPR	5	-7.9236759145073e-4	0.7147335423197492	92	HIGH_RISK	FALSE	background	variable	-5.626087	direct_insert_strongly_deleterious	0.02190031874312038
140|141	140	G196_minimal	DLVPR	5	-0.01231811967430651	0.2821316614420063	230	CORE_CAUTION	FALSE	background	variable	-5.83574	direct_insert_strongly_deleterious	0.012665371200546451
141|142	141	G196_minimal	DLVPR	5	0.00463454008761532	0.896551724137931	34	CORE_CAUTION	FALSE	background	variable	-5.886731	direct_insert_strongly_deleterious	0.01969176798479432
142|143	142	G196_minimal	DLVPR	5	2.36943527758271e-5	0.7523510971786834	80	CORE_CAUTION	FALSE	background	intermediate	-5.98152	direct_insert_strongly_deleterious	0.02675877344345467
143|144	143	G196_minimal	DLVPR	5	0.00105041325717136	0.7774294670846396	72	CORE_CAUTION	FALSE	background	intermediate	-5.991901	direct_insert_strongly_deleterious	0.02393462171192516
144|145	144	G196_minimal	DLVPR	5	7.0772534244056e-4	0.768025078369906	75	CORE_CAUTION	FALSE	background	intermediate	-5.843756	direct_insert_strongly_deleterious	0.021830175077425892
145|146	145	G196_minimal	DLVPR	5	0.00546122806245907	0.9216300940438872	26	CORE_CAUTION	FALSE	background	intermediate	-5.782008	direct_insert_strongly_deleterious	0.02469669180881694
146|147	146	G196_minimal	DLVPR	5	0.00365505794990861	0.8683385579937304	43	CORE_CAUTION	FALSE	background	intermediate	-5.97103	direct_insert_strongly_deleterious	0.02941800264076688
147|148	147	G196_minimal	DLVPR	5	-0.00347048450350717	0.5830721003134796	134	EXCLUDE	FALSE	background	intermediate	-5.83574	direct_insert_strongly_deleterious	0.02513348388457582
148|149	148	G196_minimal	DLVPR	5	-0.00221441965313884	0.6426332288401254	115	EXCLUDE	FALSE	background	intermediate	-5.905671	direct_insert_strongly_deleterious	0.01993128383977005
149|150	149	G196_minimal	DLVPR	5	-0.00130169326774565	0.6896551724137931	100	EXCLUDE	FALSE	background	intermediate	-5.942508	direct_insert_strongly_deleterious	0.019927774409859378
150|151	150	G196_minimal	DLVPR	5	-0.00272274342060718	0.6300940438871474	119	EXCLUDE	FALSE	background	conserved	-5.743042	direct_insert_strongly_deleterious	0.01822926259079738
151|152	151	G196_minimal	DLVPR	5	0.00326220730864434	0.8589341692789969	46	EXCLUDE	FALSE	background	conserved	-6.138895	direct_insert_strongly_deleterious	0.022863990363489947
152|153	152	G196_minimal	DLVPR	5	0.00874349594701051	0.9686520376175548	11	EXCLUDE	FALSE	background	conserved	-5.855661	direct_insert_strongly_deleterious	0.026879547775930483
153|154	153	G196_minimal	DLVPR	5	0.00649987810179109	0.9404388714733544	20	EXCLUDE	FALSE	background	conserved	-6.111785	direct_insert_strongly_deleterious	0.01976149407049909
154|155	154	G196_minimal	DLVPR	5	0.00697409628521095	0.9435736677115988	19	EXCLUDE	FALSE	background	conserved	-5.98152	direct_insert_strongly_deleterious	0.02549263407307611
155|156	155	G196_minimal	DLVPR	5	0.00718818866438431	0.9467084639498432	18	EXCLUDE	TRUE	strict structural pass	conserved	-5.967509	direct_insert_strongly_deleterious	0.02217225996542993
156|157	156	G196_minimal	DLVPR	5	-0.00564027466414973	0.5015673981191222	160	EXCLUDE	FALSE	background	conserved	-5.953299	direct_insert_strongly_deleterious	0.011844897390188791
157|158	157	G196_minimal	DLVPR	5	-7.0554666281941e-4	0.7241379310344828	89	EXCLUDE	FALSE	background	conserved	-5.827659	direct_insert_strongly_deleterious	0.01495966446189634
158|159	158	G196_minimal	DLVPR	5	0.00442749357367233	0.890282131661442	36	EXCLUDE	FALSE	background	conserved	-6.029067	direct_insert_strongly_deleterious	0.018076036776896832
159|160	159	G196_minimal	DLVPR	5	-0.00161511550615411	0.6739811912225706	105	EXCLUDE	FALSE	background	conserved	-6.045515	direct_insert_strongly_deleterious	0.0142924810532823
160|161	160	G196_minimal	DLVPR	5	-5.940346959443232e-5	0.7460815047021944	82	EXCLUDE	FALSE	background	conserved	-5.738617	direct_insert_strongly_deleterious	0.015735926709897097
161|162	161	G196_minimal	DLVPR	5	0.00183523922360784	0.8150470219435737	60	HIGH_RISK	FALSE	background	conserved	-5.953299	direct_insert_strongly_deleterious	0.01656965252741304
162|163	162	G196_minimal	DLVPR	5	-0.00768552534188771	0.4231974921630094	185	HIGH_RISK	FALSE	background	conserved	-6.087054	direct_insert_strongly_deleterious	0.011495862599806731
163|164	163	G196_minimal	DLVPR	5	-0.00466332341982234	0.542319749216301	147	HIGH_RISK	FALSE	background	conserved	-5.590729	direct_insert_strongly_deleterious	0.00198029515249765
164|165	164	G196_minimal	DLVPR	5	-0.01273982938816953	0.2633228840125392	236	EXCLUDE	FALSE	background	conserved	-5.575185	direct_insert_strongly_deleterious	0.015186080721791399
165|166	165	G196_minimal	DLVPR	5	-0.01488747323078421	0.18181818181818177	262	EXCLUDE	FALSE	background	conserved	-5.988452	direct_insert_strongly_deleterious	0.03156373503199238
166|167	166	G196_minimal	DLVPR	5	-0.02005923745283189	0.10344827586206896	287	EXCLUDE	FALSE	background	conserved	-5.660236	direct_insert_strongly_deleterious	0.04058157260592932
167|168	167	G196_minimal	DLVPR	5	-0.0331021155609883	0.02821316614420066	311	EXCLUDE	FALSE	background	conserved	-5.595858	direct_insert_strongly_deleterious	0.013632320102512363
168|169	168	G196_minimal	DLVPR	5	-0.00522601548660262	0.5203761755485894	154	EXCLUDE	FALSE	background	conserved	-5.635963	direct_insert_strongly_deleterious	0.06541779788079749
169|170	169	G196_minimal	DLVPR	5	0.00985236037787418	0.9780564263322884	8	EXCLUDE	FALSE	background	conserved	-5.569949	direct_insert_strongly_deleterious	0.02253637098326155
170|171	170	G196_minimal	DLVPR	5	0.00182449332948975	0.8119122257053292	61	EXCLUDE	FALSE	background	conserved	-5.635963	direct_insert_strongly_deleterious	0.01061042383821186
171|172	171	G196_minimal	DLVPR	5	0.0174065005397801	0.9937304075235108	3	HIGH_RISK	FALSE	structural near-miss	conserved	-5.569949	direct_insert_strongly_deleterious	0.01378429496010192
172|173	172	G196_minimal	DLVPR	5	0.0073152521143136	0.9529780564263324	16	HIGH_RISK	FALSE	background	conserved	-5.679239	direct_insert_strongly_deleterious	0.022142384198431828
173|174	173	G196_minimal	DLVPR	5	0.01487677659578601	0.987460815047022	5	HIGH_RISK	FALSE	structural near-miss	conserved	-5.669783	direct_insert_strongly_deleterious	0.026543541734324272
174|175	174	G196_minimal	DLVPR	5	0.00605826627590833	0.927899686520376	24	HIGH_RISK	TRUE	strict structural pass	conserved	-6.002175	direct_insert_strongly_deleterious	0.013871135194227769
175|176	175	G196_minimal	DLVPR	5	-0.00100672418912362	0.6990595611285266	97	HIGH_RISK	TRUE	strict structural pass	intermediate	-5.679239	direct_insert_strongly_deleterious	0.00526897450138541
176|177	176	G196_minimal	DLVPR	5	-0.00340939245373261	0.5893416927899686	132	HIGH_RISK	FALSE	structural near-miss	intermediate	-5.729709	direct_insert_strongly_deleterious	0.006990820643576709
177|178	177	G196_minimal	DLVPR	5	-0.0074801677914329	0.43887147335423193	180	CORE_CAUTION	FALSE	background	intermediate	-5.760548	direct_insert_strongly_deleterious	0.01093992456211179
178|179	178	G196_minimal	DLVPR	5	-0.0149619192978383	0.17554858934169282	264	CORE_CAUTION	FALSE	background	intermediate	-5.738617	direct_insert_strongly_deleterious	0.01220031466411076
179|180	179	G196_minimal	DLVPR	5	-0.02003862108496124	0.10658307210031348	286	CORE_CAUTION	FALSE	background	intermediate	-5.711649	direct_insert_strongly_deleterious	0.01154584413790305
180|181	180	G196_minimal	DLVPR	5	-0.01361598722840362	0.22257053291536055	249	CORE_CAUTION	FALSE	background	intermediate	-5.815414	direct_insert_strongly_deleterious	0.00790354186725439
181|182	181	G196_minimal	DLVPR	5	-0.01389487357888086	0.2068965517241379	254	CORE_CAUTION	FALSE	background	intermediate	-5.743042	direct_insert_strongly_deleterious	0.01054984508591472
182|183	182	G196_minimal	DLVPR	5	-0.00528242048696858	0.5172413793103448	155	CORE_CAUTION	FALSE	background	conserved	-5.747447	direct_insert_strongly_deleterious	0.02068621351836031
183|184	183	G196_minimal	DLVPR	5	-0.02953408795823975	0.04075235109717867	307	CORE_CAUTION	FALSE	background	conserved	-5.470694	direct_insert_strongly_deleterious	0.020806694126715986
184|185	184	G196_minimal	DLVPR	5	-0.02819177212865797	0.05015673981191226	304	HIGH_RISK	FALSE	background	conserved	-5.44128	direct_insert_strongly_deleterious	0.018426550540788792
185|186	185	G196_minimal	DLVPR	5	-0.02148068349920695	0.08150470219435735	294	HIGH_RISK	FALSE	background	intermediate	-5.843756	direct_insert_strongly_deleterious	0.012533134221601738
186|187	186	G196_minimal	DLVPR	5	-0.0330726104676291	0.03134796238244519	310	HIGH_RISK	FALSE	background	intermediate	-5.621111	direct_insert_strongly_deleterious	0.014734640684839647
187|188	187	G196_minimal	DLVPR	5	-0.0185247710182419	0.1316614420062696	278	HIGH_RISK	FALSE	structural near-miss	conserved	-5.782008	direct_insert_strongly_deleterious	0.008570522682440629
188|189	188	G196_minimal	DLVPR	5	-0.0165670333889345	0.15360501567398122	271	EXCLUDE	FALSE	background	conserved	-5.927936	direct_insert_strongly_deleterious	0.006763560468552312
189|190	189	G196_minimal	DLVPR	5	-0.01615078712897233	0.15673981191222577	270	EXCLUDE	FALSE	background	conserved	-6.048772	direct_insert_strongly_deleterious	0.00755334046298284
190|191	190	G196_minimal	DLVPR	5	-0.02001167470895781	0.109717868338558	285	HIGH_RISK	FALSE	background	conserved	-5.764877	direct_insert_strongly_deleterious	0.004704570614125549
191|192	191	G196_minimal	DLVPR	5	-0.01108289831595898	0.31034482758620685	221	HIGH_RISK	FALSE	background	conserved	-5.819512	direct_insert_strongly_deleterious	0.005729845067429899
192|193	192	G196_minimal	DLVPR	5	-0.01385569135547859	0.21003134796238243	253	HIGH_RISK	FALSE	background	conserved	-6.008966	direct_insert_strongly_deleterious	0.004440035738586538
193|194	193	G196_minimal	DLVPR	5	-0.02044303825123084	0.09717868338557988	289	HIGH_RISK	FALSE	background	conserved	-5.60096	direct_insert_strongly_deleterious	0.007493512589258351
194|195	194	G196_minimal	DLVPR	5	-0.01283723294092986	0.25705329153605017	238	HIGH_RISK	FALSE	background	conserved	-5.886731	direct_insert_strongly_deleterious	0.013317333125384861
195|196	195	G196_minimal	DLVPR	5	-0.00895483010109377	0.37617554858934166	200	HIGH_RISK	FALSE	background	conserved	-5.8829	direct_insert_strongly_deleterious	0.0157874523021757
196|197	196	G196_minimal	DLVPR	5	-0.01264143650800786	0.26645768025078365	235	EXCLUDE	FALSE	background	conserved	-5.855661	direct_insert_strongly_deleterious	0.013013863327495209
197|198	197	G196_minimal	DLVPR	5	-0.01580853834140594	0.16614420062695923	267	EXCLUDE	FALSE	background	conserved	-5.516028	direct_insert_strongly_deleterious	0.011828716785054379
198|199	198	G196_minimal	DLVPR	5	-0.01791116222645783	0.13793103448275867	276	EXCLUDE	FALSE	background	conserved	-5.811299	direct_insert_strongly_deleterious	0.003166327154934919
199|200	199	G196_minimal	DLVPR	5	-0.01155254338414568	0.29780564263322884	225	EXCLUDE	FALSE	background	conserved	-5.725224	direct_insert_strongly_deleterious	0.00763842215987332
200|201	200	G196_minimal	DLVPR	5	-0.01304252402466366	0.2413793103448276	243	HIGH_RISK	FALSE	background	conserved	-5.379723	direct_insert_strongly_deleterious	0.005400811388599269
201|202	201	G196_minimal	DLVPR	5	-0.00841860979576303	0.4012539184952978	192	EXCLUDE	FALSE	background	conserved	-5.707083	direct_insert_strongly_deleterious	0.0032531165912628186
202|203	202	G196_minimal	DLVPR	5	-0.01998444982179537	0.11285266457680254	284	EXCLUDE	FALSE	background	conserved	-6.07762	direct_insert_strongly_deleterious	0.019042626319622613
203|204	203	G196_minimal	DLVPR	5	-0.02210456825002271	0.07523510971786829	296	HIGH_RISK	FALSE	structural near-miss	intermediate	-3.061137	direct_insert_strongly_deleterious	0.011735135336337962
204|205	204	G196_minimal	DLVPR	5	-0.01292652886644551	0.24451410658307215	242	HIGH_RISK	FALSE	background	intermediate	-5.751833	direct_insert_strongly_deleterious	0.014787870471027809
205|206	205	G196_minimal	DLVPR	5	-0.0046559476992769	0.5454545454545454	146	HIGH_RISK	FALSE	background	intermediate	-5.693258	direct_insert_strongly_deleterious	0.012042959996303441
206|207	206	G196_minimal	DLVPR	5	0.00120814857766493	0.7836990595611285	70	HIGH_RISK	FALSE	structural near-miss	intermediate	-5.743042	direct_insert_strongly_deleterious	0.024565687764786837
207|208	207	G196_minimal	DLVPR	5	0.00198783866434659	0.8213166144200628	58	HIGH_RISK	FALSE	structural near-miss	intermediate	-5.459032	direct_insert_strongly_deleterious	0.025458289331123922
208|209	208	G196_minimal	DLVPR	5	-0.00558482035843921	0.5047021943573669	159	HIGH_RISK	FALSE	structural near-miss	intermediate	-5.611086	direct_insert_strongly_deleterious	0.0193147789494672
209|210	209	G196_minimal	DLVPR	5	-9.4059353280906e-4	0.7053291536050157	95	EXCLUDE	FALSE	background	intermediate	-5.898138	direct_insert_strongly_deleterious	0.014231571284960779
210|211	210	G196_minimal	DLVPR	5	0.00290069683759774	0.8495297805642633	49	EXCLUDE	FALSE	background	intermediate	-5.956871	direct_insert_strongly_deleterious	0.01621083692832491
211|212	211	G196_minimal	DLVPR	5	-0.0136517405420613	0.219435736677116	250	EXCLUDE	FALSE	background	intermediate	-5.84774	direct_insert_strongly_deleterious	0.03553991481546426
212|213	212	G196_minimal	DLVPR	5	-0.02930370950977945	0.04702194357366773	305	EXCLUDE	FALSE	background	variable	-5.33426	direct_insert_strongly_deleterious	0.013189523215547005
213|214	213	G196_minimal	DLVPR	5	-0.02779600491790912	0.05329153605015668	303	EXCLUDE	FALSE	background	intermediate	-5.176226	direct_insert_strongly_deleterious	0.02202758645636927
214|215	214	G196_minimal	DLVPR	5	-0.01322615980448604	0.2382445141065831	244	EXCLUDE	FALSE	background	intermediate	-4.825647	direct_insert_strongly_deleterious	0.012131443179466569
215|216	215	G196_minimal	DLVPR	5	-0.01133970731912992	0.3040752351097179	223	EXCLUDE	FALSE	background	intermediate	-5.913148	direct_insert_strongly_deleterious	0.00850485076353546
216|217	216	G196_minimal	DLVPR	5	-0.01021121741904673	0.33228840125391845	214	EXCLUDE	TRUE	strict structural pass	intermediate	-5.827659	direct_insert_strongly_deleterious	0.008961943938253999
217|218	217	G196_minimal	DLVPR	5	-0.00569653381825752	0.4984326018808778	161	HIGH_RISK	TRUE	strict structural pass	intermediate	-5.86352	direct_insert_strongly_deleterious	0.015822918552176532
218|219	218	G196_minimal	DLVPR	5	-0.02081332339360386	0.09404388714733548	290	HIGH_RISK	TRUE	strict structural pass	intermediate	-5.760548	direct_insert_strongly_deleterious	0.016653120709285478
219|220	219	G196_minimal	DLVPR	5	-0.01910021609927481	0.12225705329153602	281	HIGH_RISK	FALSE	structural near-miss	intermediate	-5.935248	direct_insert_strongly_deleterious	0.011225299871332698
220|221	220	G196_minimal	DLVPR	5	-0.01452652081193806	0.18808777429467083	260	HIGH_RISK	FALSE	structural near-miss	variable	-5.729709	direct_insert_strongly_deleterious	0.01759252816022805
221|222	221	G196_minimal	DLVPR	5	-0.01690539831282134	0.15047021943573669	272	HIGH_RISK	FALSE	structural near-miss	variable	-5.790465	direct_insert_strongly_deleterious	0.01392863579504455
222|223	222	G196_minimal	DLVPR	5	-0.01441213213945147	0.19122257053291536	259	HIGH_RISK	FALSE	structural near-miss	variable	-5.871317	direct_insert_strongly_deleterious	0.021829564185118056
223|224	223	G196_minimal	DLVPR	5	-0.0238615403919522	0.0658307210031348	299	CORE_CAUTION	FALSE	structural near-miss	variable	-5.978036	direct_insert_strongly_deleterious	0.017139863582645187
224|225	224	G196_minimal	DLVPR	5	-0.02038138967908098	0.10031347962382442	288	CORE_CAUTION	FALSE	background	variable	-3.51897	direct_insert_strongly_deleterious	0.02343723552358634
225|226	225	G196_minimal	DLVPR	5	-0.02931099901442291	0.0438871473354232	306	CORE_CAUTION	FALSE	background	intermediate	-6.16529	direct_insert_strongly_deleterious	0.009854296202625342
226|227	226	G196_minimal	DLVPR	5	-0.02291710281285475	0.07210031347962387	297	HIGH_RISK	FALSE	structural near-miss	variable	-5.782008	direct_insert_strongly_deleterious	0.0024489813314922983
227|228	227	G196_minimal	DLVPR	5	-0.01599074470391448	0.15987460815047017	269	HIGH_RISK	FALSE	background	intermediate	-5.855661	direct_insert_strongly_deleterious	0.015861715667616853
228|229	228	G196_minimal	DLVPR	5	-0.02655940294240855	0.05642633228840121	302	HIGH_RISK	FALSE	structural near-miss	intermediate	-5.769187	direct_insert_strongly_deleterious	0.02595792203099201
229|230	229	G196_minimal	DLVPR	5	-0.01248101782863031	0.2695924764890282	234	HIGH_RISK	FALSE	background	intermediate	-5.606036	direct_insert_strongly_deleterious	0.013779818899770199
230|231	230	G196_minimal	DLVPR	5	-0.00200455907661645	0.6551724137931034	111	HIGH_RISK	FALSE	background	variable	-6.005576	direct_insert_strongly_deleterious	0.0284928203731476
231|232	231	G196_minimal	DLVPR	5	-0.0214205557453968	0.08777429467084641	292	HIGH_RISK	FALSE	background	variable	-5.747447	direct_insert_strongly_deleterious	0.015379052466260479
232|233	232	G196_minimal	DLVPR	5	-0.02102313864242777	0.09090909090909094	291	EXCLUDE	FALSE	background	intermediate	-6.029067	direct_insert_strongly_deleterious	0.014839190306226161
233|234	233	G196_minimal	DLVPR	5	-0.01594993854533744	0.1630094043887147	268	EXCLUDE	FALSE	background	intermediate	-5.859598	direct_insert_strongly_deleterious	0.01564941946787623
234|235	234	G196_minimal	DLVPR	5	-0.01950849048368486	0.11598746081504709	283	EXCLUDE	FALSE	background	intermediate	-5.86352	direct_insert_strongly_deleterious	0.011916501425309534
235|236	235	G196_minimal	DLVPR	5	-0.00956256583559511	0.35423197492163006	207	HIGH_RISK	FALSE	background	intermediate	-5.851708	direct_insert_strongly_deleterious	0.015152783049012799
236|237	236	G196_minimal	DLVPR	5	-0.01840606335159966	0.13479623824451414	277	HIGH_RISK	FALSE	background	variable	-5.927936	direct_insert_strongly_deleterious	0.00912950264549384
237|238	237	G196_minimal	DLVPR	5	-0.00864163864356237	0.3887147335423198	196	HIGH_RISK	FALSE	background	variable	-5.697888	direct_insert_strongly_deleterious	0.01601410899561895
238|239	238	G196_minimal	DLVPR	5	-0.00924302353515926	0.3667711598746082	203	HIGH_RISK	FALSE	background	intermediate	-5.606036	direct_insert_strongly_deleterious	0.00864702505032345
239|240	239	G196_minimal	DLVPR	5	-0.00362249878227416	0.5768025078369906	136	HIGH_RISK	FALSE	background	variable	-5.631037	direct_insert_strongly_deleterious	0.01825672958706193
240|241	240	G196_minimal	DLVPR	5	-0.01910149755914236	0.11912225705329148	282	HIGH_RISK	FALSE	background	variable	-5.942508	direct_insert_strongly_deleterious	0.011814163690150542
241|242	241	G196_minimal	DLVPR	5	-0.00589509981310953	0.48275862068965514	166	CORE_CAUTION	FALSE	background	variable	-5.843756	direct_insert_strongly_deleterious	0.027506845204555028
242|243	242	G196_minimal	DLVPR	5	-0.00265539647129386	0.6332288401253918	118	CORE_CAUTION	FALSE	background	variable	-6.045515	direct_insert_strongly_deleterious	0.01021483720233985
243|244	243	G196_minimal	DLVPR	5	-0.01155038828942389	0.30094043887147337	224	CORE_CAUTION	FALSE	background	variable	-5.843756	direct_insert_strongly_deleterious	0.01828007773975981
244|245	244	G196_minimal	DLVPR	5	-0.00220284024102879	0.64576802507837	114	CORE_CAUTION	FALSE	structural near-miss	variable	-5.898138	direct_insert_strongly_deleterious	0.01900666174337705
245|246	245	G196_minimal	DLVPR	5	-0.00276980838684925	0.6269592476489028	120	CORE_CAUTION	FALSE	structural near-miss	variable	-5.769187	direct_insert_strongly_deleterious	0.02722421989804413
246|247	246	G196_minimal	DLVPR	5	0.00935365602273252	0.974921630094044	9	CORE_CAUTION	FALSE	background	variable	-5.764877	direct_insert_strongly_deleterious	0.01903702437892861
247|248	247	G196_minimal	DLVPR	5	0.00479939162390374	0.9090909090909092	30	CORE_CAUTION	FALSE	background	variable	-5.645743	direct_insert_strongly_deleterious	0.01899004663765112
248|249	248	G196_minimal	DLVPR	5	0.00179705422670783	0.8025078369905956	64	CORE_CAUTION	FALSE	literature-rescue	lineage_indel_supported	-5.693258	direct_insert_strongly_deleterious	0.01683504179535288
249|250	249	G196_minimal	DLVPR	5	5.7691289776773e-4	0.7617554858934169	77	CORE_CAUTION	FALSE	background	variable	-5.693258	direct_insert_strongly_deleterious	0.012567349325094391
250|251	250	G196_minimal	DLVPR	5	-0.00322098169736584	0.5987460815047022	129	CORE_CAUTION	FALSE	structural near-miss	variable	-5.711649	direct_insert_strongly_deleterious	0.00889263671794627
251|252	251	G196_minimal	DLVPR	5	-0.00986034533006918	0.3479623824451411	209	CORE_CAUTION	FALSE	background	variable	-5.665021	direct_insert_strongly_deleterious	0.01249527961975216
252|253	252	G196_minimal	DLVPR	5	-0.00398585162506304	0.561128526645768	141	CORE_CAUTION	FALSE	background	variable	-5.683934	direct_insert_strongly_deleterious	0.021718845716818688
253|254	253	G196_minimal	DLVPR	5	-0.00126205027821324	0.6927899686520376	99	CORE_CAUTION	FALSE	background	variable	-5.660236	direct_insert_strongly_deleterious	0.02127750982727948
254|255	254	G196_minimal	DLVPR	5	0.00784065075129314	0.962382445141066	13	HIGH_RISK	FALSE	background	variable	-5.901912	direct_insert_strongly_deleterious	0.018230317957176098
255|256	255	G196_minimal	DLVPR	5	-0.00342013741081448	0.5862068965517242	133	HIGH_RISK	FALSE	background	variable	-5.585575	direct_insert_strongly_deleterious	0.01031638542870628
256|257	256	G196_minimal	DLVPR	5	0.00171275689800021	0.7931034482758621	67	HIGH_RISK	FALSE	literature-rescue	variable	-5.527047	direct_insert_strongly_deleterious	0.01213935755193595
257|258	257	G196_minimal	DLVPR	5	-0.0051220128263365	0.5266457680250783	152	HIGH_RISK	FALSE	background	variable	-5.782008	direct_insert_strongly_deleterious	0.01012774725077747
258|259	258	G196_minimal	DLVPR	5	-0.00676822935943199	0.457680250783699	174	HIGH_RISK	FALSE	background	lineage_indel_supported	-5.905671	direct_insert_strongly_deleterious	0.006985591326586161
259|260	259	G196_minimal	DLVPR	5	-0.00314630479086996	0.6018808777429467	128	HIGH_RISK	FALSE	background	lineage_indel_supported	-5.711649	direct_insert_strongly_deleterious	0.013839350574616828
260|261	260	G196_minimal	DLVPR	5	0.00413178800887248	0.8808777429467085	39	HIGH_RISK	FALSE	background	lineage_indel_supported	-5.946118	direct_insert_strongly_deleterious	0.019646741083482848
261|262	261	G196_minimal	DLVPR	5	-0.00848664504388141	0.39498432601880873	194	EXCLUDE	FALSE	background	lineage_indel_supported	-5.798851	direct_insert_strongly_deleterious	0.00426744273098123
262|263	262	G196_minimal	DLVPR	5	-0.00784934633118039	0.4137931034482759	188	EXCLUDE	FALSE	background	lineage_indel_supported	-5.97103	direct_insert_strongly_deleterious	0.01566074776138926
263|264	263	G196_minimal	DLVPR	5	-0.00867523845088857	0.3855799373040753	197	HIGH_RISK	FALSE	structural near-miss	lineage_indel_supported	-5.827659	direct_insert_strongly_deleterious	0.009035683048795212
264|265	264	G196_minimal	DLVPR	5	-0.01188052110737603	0.28840125391849525	228	HIGH_RISK	FALSE	structural near-miss	lineage_indel_supported	-5.827659	direct_insert_strongly_deleterious	0.00773773101324249
265|266	265	G196_minimal	DLVPR	5	-0.00119266063567113	0.6959247648902822	98	HIGH_RISK	FALSE	structural near-miss	lineage_indel_supported	-5.674522	direct_insert_strongly_deleterious	0.00876191688985895
266|267	266	G196_minimal	DLVPR	5	-0.01368400230738897	0.2163009404388715	251	HIGH_RISK	FALSE	background	lineage_indel_supported	-5.683934	direct_insert_strongly_deleterious	0.01698468805883424
267|268	267	G196_minimal	DLVPR	5	0.00630768811126536	0.9310344827586208	23	HIGH_RISK	FALSE	background	lineage_indel_supported	-5.729709	direct_insert_strongly_deleterious	0.02438964495570416
268|269	268	G196_minimal	DLVPR	5	-0.01238428569231109	0.27586206896551724	232	HIGH_RISK	FALSE	background	lineage_indel_supported	-5.913148	direct_insert_strongly_deleterious	0.004673773249370241
269|270	269	G196_minimal	DLVPR	5	-0.00553928879481846	0.5078369905956113	158	HIGH_RISK	FALSE	background	lineage_indel_supported	-5.815414	direct_insert_strongly_deleterious	0.00502249859837889
270|271	270	G196_minimal	DLVPR	5	-0.01186290005288492	0.2915360501567398	227	HIGH_RISK	FALSE	background	intermediate	-5.798851	direct_insert_strongly_deleterious	0.021120604148284088
271|272	271	G196_minimal	DLVPR	5	-0.00145304830582837	0.6802507836990596	103	HIGH_RISK	FALSE	background	intermediate	-5.794666	direct_insert_strongly_deleterious	0.01794511698069368
272|273	272	G196_minimal	DLVPR	5	0.00321940073345539	0.8526645768025078	48	EXCLUDE	FALSE	background	conserved	-5.611086	direct_insert_strongly_deleterious	0.01591144141938993
273|274	273	G196_minimal	DLVPR	5	-0.00599762403878401	0.4796238244514106	167	EXCLUDE	FALSE	background	conserved	-5.669783	direct_insert_strongly_deleterious	0.00641036757239811
274|275	274	G196_minimal	DLVPR	5	-0.00663351395182498	0.46394984326018807	172	HIGH_RISK	FALSE	background	conserved	-5.683934	direct_insert_strongly_deleterious	0.008759756606410811
275|276	275	G196_minimal	DLVPR	5	0.00181683649522401	0.8087774294670846	62	HIGH_RISK	FALSE	background	conserved	-5.743042	direct_insert_strongly_deleterious	0.01582374549066533
276|277	276	G196_minimal	DLVPR	5	-8.2496321592406e-4	0.7115987460815048	93	HIGH_RISK	FALSE	background	conserved	-5.811299	direct_insert_strongly_deleterious	0.01264187046384669
277|278	277	G196_minimal	DLVPR	5	-0.00146511382975544	0.677115987460815	104	EXCLUDE	FALSE	background	intermediate	-5.707083	direct_insert_strongly_deleterious	0.01130095347762116
278|279	278	G196_minimal	DLVPR	5	-0.00798170036468581	0.4075235109717869	190	EXCLUDE	FALSE	background	intermediate	-5.924259	direct_insert_strongly_deleterious	0.01172148412601537
279|280	279	G196_minimal	DLVPR	5	-0.01347357019162975	0.2288401253918495	247	HIGH_RISK	FALSE	structural near-miss	intermediate	-6.002175	direct_insert_strongly_deleterious	0.007854953591381879
280|281	280	G196_minimal	DLVPR	5	-0.00584237172854784	0.4890282131661442	164	HIGH_RISK	FALSE	structural near-miss	intermediate	-5.697888	direct_insert_strongly_deleterious	0.0028289599221897896
281|282	281	G196_minimal	DLVPR	5	-0.00479263211992675	0.5360501567398119	149	HIGH_RISK	FALSE	background	intermediate	-5.946118	direct_insert_strongly_deleterious	0.006681999334223311
282|283	282	G196_minimal	DLVPR	5	-0.00472056589344394	0.5391849529780564	148	HIGH_RISK	FALSE	background	intermediate	-5.729709	direct_insert_strongly_deleterious	0.02063587673403556
283|284	283	G196_minimal	DLVPR	5	5.5506125048854e-4	0.7586206896551724	78	HIGH_RISK	FALSE	background	intermediate	-5.510472	direct_insert_strongly_deleterious	0.0074135403788240205
284|285	284	G196_minimal	DLVPR	5	-7.8616777135787e-4	0.7178683385579938	91	HIGH_RISK	FALSE	background	intermediate	-5.794666	direct_insert_strongly_deleterious	0.0060705879332645304
285|286	285	G196_minimal	DLVPR	5	-0.00132315053562503	0.6865203761755485	101	HIGH_RISK	FALSE	background	variable	-5.773479	direct_insert_strongly_deleterious	0.00937996966802591
286|287	286	G196_minimal	DLVPR	5	-0.00373234929126331	0.5736677115987461	137	HIGH_RISK	FALSE	background	variable	-5.738617	direct_insert_strongly_deleterious	0.00524487188775602
287|288	287	G196_minimal	DLVPR	5	-0.00375046023285641	0.5705329153605015	138	HIGH_RISK	TRUE	strict structural pass	variable	-5.521553	direct_insert_strongly_deleterious	0.007279908255585889
288|289	288	G196_minimal	DLVPR	5	-0.00388978706133658	0.5642633228840126	140	HIGH_RISK	TRUE	strict structural pass	variable	-5.152603	direct_insert_strongly_deleterious	0.0075805405354141195
289|290	289	G196_minimal	DLVPR	5	-0.0070742477105008	0.4482758620689655	177	HIGH_RISK	TRUE	strict structural pass	variable	-3.51897	direct_insert_strongly_deleterious	0.006077733441673499
290|291	290	G196_minimal	DLVPR	5	-0.00657479688888829	0.4670846394984326	171	HIGH_RISK	TRUE	strict structural pass	variable	-5.214399	direct_insert_strongly_deleterious	0.00919982977379074
291|292	291	G196_minimal	DLVPR	5	-0.00751818133356074	0.432601880877743	182	HIGH_RISK	FALSE	structural near-miss	variable	-5.626087	direct_insert_strongly_deleterious	0.00718425730724714
292|293	292	G196_minimal	DLVPR	5	-0.00885334063764986	0.3793103448275862	199	HIGH_RISK	FALSE	background	variable	-5.679239	direct_insert_strongly_deleterious	0.01059083843840592
293|294	293	G196_minimal	DLVPR	5	-0.01329898837277543	0.23510971786833856	245	HIGH_RISK	FALSE	background	variable	-5.807167	direct_insert_strongly_deleterious	0.01148610978458553
294|295	294	G196_minimal	DLVPR	5	-0.0051301410583795	0.5235109717868338	153	HIGH_RISK	FALSE	background	variable	-5.532512	direct_insert_strongly_deleterious	0.01765649182238338
295|296	295	G196_minimal	DLVPR	5	-0.01457841261739334	0.1849529780564263	261	HIGH_RISK	FALSE	background	variable	-5.353998	direct_insert_strongly_deleterious	0.0155894753165291
296|297	296	G196_minimal	DLVPR	5	-0.01372758301589982	0.21316614420062696	252	HIGH_RISK	FALSE	background	variable	-5.665021	direct_insert_strongly_deleterious	0.011336497143000999
297|298	297	G196_minimal	DLVPR	5	-0.01285389324762409	0.2507836990595611	240	HIGH_RISK	FALSE	background	variable	-5.45315	direct_insert_strongly_deleterious	0.014183963086268129
298|299	298	G196_minimal	DLVPR	5	-0.02322037355663742	0.06896551724137934	298	HIGH_RISK	FALSE	background	variable	-5.33426	direct_insert_strongly_deleterious	0.0035020332690658407
299|300	299	G196_minimal	DLVPR	5	-0.01090541217336982	0.3166144200626959	219	HIGH_RISK	FALSE	background	variable	-5.366943	direct_insert_strongly_deleterious	0.014769950831095
300|301	300	G196_minimal	DLVPR	5	-0.00752356059561565	0.42946708463949845	183	HIGH_RISK	FALSE	structural near-miss	variable	-5.476475	direct_insert_strongly_deleterious	0.015987673574072492
301|302	301	G196_minimal	DLVPR	5	-0.01394880290386835	0.20376175548589337	255	HIGH_RISK	FALSE	background	variable	-5.482222	direct_insert_strongly_deleterious	0.00959937831682644
302|303	302	G196_minimal	DLVPR	5	-0.01344418738720953	0.23197492163009403	246	HIGH_RISK	FALSE	background	variable	-5.482222	direct_insert_strongly_deleterious	0.0012834660686174004
303|304	303	G196_minimal	DLVPR	5	-0.00379224361735497	0.567398119122257	139	HIGH_RISK	FALSE	background	variable	-5.688607	direct_insert_strongly_deleterious	0.014434491251519969
304|305	304	G196_minimal	DLVPR	5	-0.00948485972529145	0.3573667711598746	206	HIGH_RISK	FALSE	background	variable	-5.650598	direct_insert_strongly_deleterious	0.010807663101846998
305|306	305	G196_minimal	DLVPR	5	-0.01069442873464376	0.3260188087774295	216	HIGH_RISK	FALSE	background	variable	-5.674522	direct_insert_strongly_deleterious	0.004450325827386701
306|307	306	G196_minimal	DLVPR	5	-0.00497364632097641	0.5297805642633229	151	HIGH_RISK	FALSE	background	variable	-5.729709	direct_insert_strongly_deleterious	0.01417642386743046
307|308	307	G196_minimal	DLVPR	5	-0.01236531785681549	0.27899686520376177	231	HIGH_RISK	FALSE	structural near-miss	variable	-5.7562	direct_insert_strongly_deleterious	0.00918549116362222
308|309	308	G196_minimal	DLVPR	5	-0.01164929235854828	0.2946708463949843	226	HIGH_RISK	FALSE	background	variable	-5.660236	direct_insert_strongly_deleterious	0.007483090378456849
309|310	309	G196_minimal	DLVPR	5	-0.00723841952843606	0.445141065830721	178	HIGH_RISK	FALSE	background	variable	-5.258362	direct_insert_strongly_deleterious	0.00745586270318554
310|311	310	G196_minimal	DLVPR	5	-0.00332599579108894	0.5924764890282131	131	HIGH_RISK	FALSE	background	variable	-5.379723	direct_insert_strongly_deleterious	0.0038999459073765204
311|312	311	G196_minimal	DLVPR	5	-0.00896908521295936	0.3730407523510971	201	HIGH_RISK	FALSE	background	variable	-5.729709	direct_insert_strongly_deleterious	0.00624688294497844
312|313	312	G196_minimal	DLVPR	5	-0.01244891755063726	0.2727272727272727	233	HIGH_RISK	FALSE	background	variable	-5.392341	direct_insert_strongly_deleterious	0.0039790196993707595
313|314	313	G196_minimal	DLVPR	5	-0.00738501124150525	0.44200626959247646	179	HIGH_RISK	FALSE	background	variable	-5.221861	direct_insert_strongly_deleterious	0.005363628217005091
314|315	314	G196_minimal	DLVPR	5	-0.00599806673697056	0.4764890282131662	168	HIGH_RISK	FALSE	background	variable	-5.447233	direct_insert_strongly_deleterious	0.00483042879330897
315|316	315	G196_minimal	DLVPR	5	-0.00586439885871259	0.48589341692789967	165	EXCLUDE	FALSE	background	variable	-5.493618	direct_insert_strongly_deleterious	0.00927192679226074
316|317	316	G196_minimal	DLVPR	5	-0.01001204804429578	0.34169278996865204	211	EXCLUDE	FALSE	background	variable	-5.176226	direct_insert_strongly_deleterious	0.002352627651320381
317|318	317	G196_minimal	DLVPR	5	-0.00778908498114683	0.41692789968652033	187	EXCLUDE	FALSE	background	variable	-4.920455	direct_insert_strongly_deleterious	0.0020620872250769508
318|319	318	G196_minimal	DLVPR	5	-0.00623642495151388	0.47335423197492166	169	EXCLUDE	FALSE	background	variable	-5.034322	direct_insert_strongly_deleterious	0.007524427002011169
319|320	319	G196_minimal	DLVPR	5	-0.01015345966121428	0.335423197492163	213	EXCLUDE	FALSE	background	variable	-5.060872	direct_insert_strongly_deleterious	0.00343098139376829
320|321	320	G196_minimal	DLVPR	5	-0.00303496508851353	0.6144200626959248	124	EXCLUDE	FALSE	background	intermediate	-4.64443	direct_insert_strongly_deleterious	0.01555753274623185
1|2	1	G196_practical_GS	GSDLVPRGS	9	-0.00365684149394862	0.8432601880877743	51	HIGH_RISK	FALSE	structural near-miss	conserved	-5.7562	direct_insert_strongly_deleterious	0.00156196763631389
2|3	2	G196_practical_GS	GSDLVPRGS	9	-0.00203842968711365	0.8934169278996865	35	HIGH_RISK	FALSE	structural near-miss	conserved	-5.777753	direct_insert_strongly_deleterious	0.0019066168958512598
3|4	3	G196_practical_GS	GSDLVPRGS	9	-1.4622998681046e-4	0.927899686520376	24	HIGH_RISK	FALSE	structural near-miss	conserved	-5.554076	direct_insert_strongly_deleterious	0.01032816050943052
4|5	4	G196_practical_GS	GSDLVPRGS	9	-0.0056519980328189	0.780564263322884	71	HIGH_RISK	FALSE	structural near-miss	conserved	-5.674522	direct_insert_strongly_deleterious	0.00543350105683427
5|6	5	G196_practical_GS	GSDLVPRGS	9	-0.01087251739748929	0.5862068965517242	133	HIGH_RISK	FALSE	structural near-miss	intermediate	-5.777753	direct_insert_strongly_deleterious	0.009409764903960841
6|7	6	G196_practical_GS	GSDLVPRGS	9	-0.01234968008138004	0.5141065830721003	156	HIGH_RISK	FALSE	structural near-miss	intermediate	-5.8829	direct_insert_strongly_deleterious	0.0065881481593646
7|8	7	G196_practical_GS	GSDLVPRGS	9	-0.01142644890220312	0.5579937304075235	142	HIGH_RISK	FALSE	structural near-miss	intermediate	-5.548728	direct_insert_strongly_deleterious	0.010076932432505629
8|9	8	G196_practical_GS	GSDLVPRGS	9	-0.01007622931494411	0.6175548589341693	123	HIGH_RISK	FALSE	structural near-miss	intermediate	-5.379723	direct_insert_strongly_deleterious	0.0013619715056316702
9|10	9	G196_practical_GS	GSDLVPRGS	9	-0.01328434342295814	0.4764890282131662	168	HIGH_RISK	FALSE	structural near-miss	conserved	-5.353998	direct_insert_strongly_deleterious	0.00993584189376984
10|11	10	G196_practical_GS	GSDLVPRGS	9	-0.0139277862706959	0.45141065830721006	176	HIGH_RISK	FALSE	structural near-miss	conserved	-5.265505	direct_insert_strongly_deleterious	0.01955244320634008
11|12	11	G196_practical_GS	GSDLVPRGS	9	-0.01236123556500112	0.5109717868338558	157	HIGH_RISK	FALSE	background	conserved	-5.493618	direct_insert_strongly_deleterious	0.00547287391308959
12|13	12	G196_practical_GS	GSDLVPRGS	9	-0.00550012365664054	0.7899686520376176	68	HIGH_RISK	FALSE	background	conserved	-5.504886	direct_insert_strongly_deleterious	0.014601992517775381
13|14	13	G196_practical_GS	GSDLVPRGS	9	-0.00270386862995053	0.877742946708464	40	HIGH_RISK	FALSE	structural near-miss	conserved	-5.487936	direct_insert_strongly_deleterious	0.02700259810094385
14|15	14	G196_practical_GS	GSDLVPRGS	9	-0.00274054599251716	0.8714733542319749	42	HIGH_RISK	FALSE	structural near-miss	conserved	-5.84774	direct_insert_strongly_deleterious	0.00262019453908912
15|16	15	G196_practical_GS	GSDLVPRGS	9	0.00163034522846361	0.9592476489028212	14	HIGH_RISK	FALSE	structural near-miss	conserved	-5.19167	direct_insert_strongly_deleterious	0.00545551631543216
16|17	16	G196_practical_GS	GSDLVPRGS	9	0.00188432021627837	0.9686520376175548	11	HIGH_RISK	FALSE	structural near-miss	conserved	-5.580393	direct_insert_strongly_deleterious	0.02421277179877056
17|18	17	G196_practical_GS	GSDLVPRGS	9	0.00376136209135236	0.987460815047022	5	HIGH_RISK	FALSE	structural near-miss	conserved	-5.660236	direct_insert_strongly_deleterious	0.01021725438981224
18|19	18	G196_practical_GS	GSDLVPRGS	9	0.00357822095294801	0.9811912225705328	7	HIGH_RISK	FALSE	structural near-miss	conserved	-5.886731	direct_insert_strongly_deleterious	0.0069845830261963
19|20	19	G196_practical_GS	GSDLVPRGS	9	0.00122151468397557	0.9498432601880876	17	HIGH_RISK	FALSE	structural near-miss	conserved	-5.482222	direct_insert_strongly_deleterious	0.00554414173130756
20|21	20	G196_practical_GS	GSDLVPRGS	9	0.00337980686937777	0.974921630094044	9	HIGH_RISK	FALSE	structural near-miss	conserved	-5.379723	direct_insert_strongly_deleterious	0.00931731154013303
21|22	21	G196_practical_GS	GSDLVPRGS	9	0.00164962060294815	0.962382445141066	13	HIGH_RISK	FALSE	structural near-miss	conserved	-5.794666	direct_insert_strongly_deleterious	0.00571075435727807
22|23	22	G196_practical_GS	GSDLVPRGS	9	9.0668576681718e-4	0.9435736677115988	19	HIGH_RISK	FALSE	structural near-miss	conserved	-5.688607	direct_insert_strongly_deleterious	0.0032770442250034003
23|24	23	G196_practical_GS	GSDLVPRGS	9	-0.00110881872252521	0.915360501567398	28	HIGH_RISK	FALSE	structural near-miss	conserved	-5.575185	direct_insert_strongly_deleterious	0.00144690664335867
24|25	24	G196_practical_GS	GSDLVPRGS	9	0.00109396385138671	0.9467084639498432	18	HIGH_RISK	FALSE	structural near-miss	intermediate	-5.747447	direct_insert_strongly_deleterious	0.01016008627686248
25|26	25	G196_practical_GS	GSDLVPRGS	9	0.00622332475003872	0.9905956112852664	4	HIGH_RISK	FALSE	structural near-miss	intermediate	-5.655428	direct_insert_strongly_deleterious	0.00806716800672368
26|27	26	G196_practical_GS	GSDLVPRGS	9	0.00355439780333277	0.9780564263322884	8	HIGH_RISK	FALSE	structural near-miss	intermediate	-5.953299	direct_insert_strongly_deleterious	0.00647423285990943
27|28	27	G196_practical_GS	GSDLVPRGS	9	0.00374158396918655	0.9843260188087776	6	HIGH_RISK	FALSE	structural near-miss	intermediate	-5.819512	direct_insert_strongly_deleterious	0.00828992320705256
28|29	28	G196_practical_GS	GSDLVPRGS	9	0.01166989454657763	0.9968652037617556	2	HIGH_RISK	FALSE	structural near-miss	intermediate	-5.725224	direct_insert_strongly_deleterious	0.0106899554799016
29|30	29	G196_practical_GS	GSDLVPRGS	9	0.00150559037864228	0.9561128526645768	15	HIGH_RISK	FALSE	structural near-miss	intermediate	-5.688607	direct_insert_strongly_deleterious	0.0081974252141137
30|31	30	G196_practical_GS	GSDLVPRGS	9	-1.0444599065806e-4	0.9310344827586208	23	HIGH_RISK	FALSE	structural near-miss	intermediate	-5.794666	direct_insert_strongly_deleterious	0.00279712301804834
31|32	31	G196_practical_GS	GSDLVPRGS	9	0.00178840929864954	0.9655172413793104	12	HIGH_RISK	FALSE	structural near-miss	intermediate	-5.747447	direct_insert_strongly_deleterious	0.011429268049692791
32|33	32	G196_practical_GS	GSDLVPRGS	9	-0.00820534267776373	0.7053291536050157	95	HIGH_RISK	FALSE	structural near-miss	intermediate	-5.606036	direct_insert_strongly_deleterious	0.00706222574371962
33|34	33	G196_practical_GS	GSDLVPRGS	9	-0.00575801626979854	0.7774294670846396	72	HIGH_RISK	FALSE	background	intermediate	-5.674522	direct_insert_strongly_deleterious	0.01170114811247202
34|35	34	G196_practical_GS	GSDLVPRGS	9	-0.00400812395428173	0.8307210031347962	55	HIGH_RISK	FALSE	background	intermediate	-5.476475	direct_insert_strongly_deleterious	0.008171769614012
35|36	35	G196_practical_GS	GSDLVPRGS	9	-0.0021649025025332	0.890282131661442	36	HIGH_RISK	FALSE	background	intermediate	-5.476475	direct_insert_strongly_deleterious	0.007184207807242601
36|37	36	G196_practical_GS	GSDLVPRGS	9	3.66363410778e-4	0.9341692789968652	22	HIGH_RISK	FALSE	structural near-miss	conserved	-5.386052	direct_insert_strongly_deleterious	0.00687900214702085
37|38	37	G196_practical_GS	GSDLVPRGS	9	-2.8720193122389e-4	0.9216300940438872	26	HIGH_RISK	FALSE	background	intermediate	-5.373353	direct_insert_strongly_deleterious	0.0070660306507495
38|39	38	G196_practical_GS	GSDLVPRGS	9	-0.00642077891046355	0.7617554858934169	77	HIGH_RISK	FALSE	background	intermediate	-5.45315	direct_insert_strongly_deleterious	0.01070202326005231
39|40	39	G196_practical_GS	GSDLVPRGS	9	-0.00735205559345342	0.7398119122257053	84	HIGH_RISK	FALSE	structural near-miss	intermediate	-5.360491	direct_insert_strongly_deleterious	0.006465066482610029
40|41	40	G196_practical_GS	GSDLVPRGS	9	-0.00848249839170423	0.6865203761755485	101	HIGH_RISK	FALSE	structural near-miss	intermediate	-5.764877	direct_insert_strongly_deleterious	0.01815803774488288
41|42	41	G196_practical_GS	GSDLVPRGS	9	-0.00998945345258617	0.6238244514106583	121	HIGH_RISK	FALSE	structural near-miss	intermediate	-5.697888	direct_insert_strongly_deleterious	0.00485891693175278
42|43	42	G196_practical_GS	GSDLVPRGS	9	-0.01314840781138704	0.48589341692789967	165	HIGH_RISK	FALSE	structural near-miss	variable	-5.272597	direct_insert_strongly_deleterious	0.014513945036242148
43|44	43	G196_practical_GS	GSDLVPRGS	9	-0.00843586739212254	0.6927899686520376	99	HIGH_RISK	FALSE	structural near-miss	variable	-5.635963	direct_insert_strongly_deleterious	0.0073120103833002
44|45	44	G196_practical_GS	GSDLVPRGS	9	-0.00737041603099664	0.7366771159874608	85	HIGH_RISK	FALSE	background	variable	-5.595858	direct_insert_strongly_deleterious	0.021211921658209388
45|46	45	G196_practical_GS	GSDLVPRGS	9	-0.01542809526693167	0.3918495297805643	195	HIGH_RISK	FALSE	background	variable	-5.340883	direct_insert_strongly_deleterious	0.00540216016213479
46|47	46	G196_practical_GS	GSDLVPRGS	9	-0.01190439800029441	0.5297805642633229	151	HIGH_RISK	FALSE	structural near-miss	variable	-5.559395	direct_insert_strongly_deleterious	0.0077097249058129
47|48	47	G196_practical_GS	GSDLVPRGS	9	-0.00771073905697816	0.7178683385579938	91	HIGH_RISK	FALSE	background	variable	-5.60096	direct_insert_strongly_deleterious	0.02148778000872475
48|49	48	G196_practical_GS	GSDLVPRGS	9	-0.00660594528600588	0.755485893416928	79	HIGH_RISK	FALSE	background	variable	-5.747447	direct_insert_strongly_deleterious	0.02315040639953425
49|50	49	G196_practical_GS	GSDLVPRGS	9	0.00223484253959238	0.9717868338557992	10	HIGH_RISK	FALSE	background	variable	-5.595858	direct_insert_strongly_deleterious	0.01087998150196556
50|51	50	G196_practical_GS	GSDLVPRGS	9	-0.00197779161012068	0.896551724137931	34	HIGH_RISK	FALSE	background	variable	-5.559395	direct_insert_strongly_deleterious	0.012113808522142382
51|52	51	G196_practical_GS	GSDLVPRGS	9	-0.00387604614327807	0.8369905956112853	53	HIGH_RISK	FALSE	background	variable	-5.300473	direct_insert_strongly_deleterious	0.03282232206200319
52|53	52	G196_practical_GS	GSDLVPRGS	9	-0.00643557959606244	0.7586206896551724	78	HIGH_RISK	FALSE	background	intermediate	-5.764877	direct_insert_strongly_deleterious	0.01295888077179308
53|54	53	G196_practical_GS	GSDLVPRGS	9	-0.01019575077253298	0.6081504702194358	126	HIGH_RISK	FALSE	background	intermediate	-5.595858	direct_insert_strongly_deleterious	0.00775111301265863
54|55	54	G196_practical_GS	GSDLVPRGS	9	-0.00451951420163565	0.8213166144200628	58	HIGH_RISK	FALSE	background	intermediate	-5.621111	direct_insert_strongly_deleterious	0.02145040133035801
55|56	55	G196_practical_GS	GSDLVPRGS	9	-0.02362530853602473	0.1943573667711599	258	HIGH_RISK	FALSE	background	intermediate	-5.575185	direct_insert_strongly_deleterious	0.012975299051364962
56|57	56	G196_practical_GS	GSDLVPRGS	9	-0.02433660845811625	0.18181818181818177	262	HIGH_RISK	FALSE	background	variable	-5.585575	direct_insert_strongly_deleterious	0.01386145624805923
57|58	57	G196_practical_GS	GSDLVPRGS	9	-0.02232633390946814	0.23510971786833856	245	HIGH_RISK	FALSE	background	intermediate	-5.743042	direct_insert_strongly_deleterious	0.0072723733585693395
58|59	58	G196_practical_GS	GSDLVPRGS	9	-0.02209762212174393	0.2382445141065831	244	HIGH_RISK	FALSE	background	variable	-5.782008	direct_insert_strongly_deleterious	0.006830602531518792
59|60	59	G196_practical_GS	GSDLVPRGS	9	-0.02440484692035305	0.17868338557993735	263	HIGH_RISK	FALSE	background	variable	-5.909417	direct_insert_strongly_deleterious	0.00958008800584454
60|61	60	G196_practical_GS	GSDLVPRGS	9	-0.02050297088811348	0.25391849529780564	239	HIGH_RISK	FALSE	background	variable	-5.72072	direct_insert_strongly_deleterious	0.02168802750793963
61|62	61	G196_practical_GS	GSDLVPRGS	9	-0.01834011603770813	0.2946708463949843	226	HIGH_RISK	FALSE	background	variable	-5.564686	direct_insert_strongly_deleterious	0.01253699426589261
62|63	62	G196_practical_GS	GSDLVPRGS	9	-0.00415485051830621	0.8244514106583072	57	HIGH_RISK	FALSE	background	variable	-5.236622	direct_insert_strongly_deleterious	0.00935756898287555
63|64	63	G196_practical_GS	GSDLVPRGS	9	-0.00619123557585643	0.7648902821316614	76	HIGH_RISK	FALSE	background	variable	-5.554076	direct_insert_strongly_deleterious	0.01851060125027314
64|65	64	G196_practical_GS	GSDLVPRGS	9	-0.01072364790819824	0.5956112852664577	130	HIGH_RISK	FALSE	background	variable	-5.564686	direct_insert_strongly_deleterious	0.020471834145842298
65|66	65	G196_practical_GS	GSDLVPRGS	9	-0.01009771720706975	0.6144200626959248	124	HIGH_RISK	FALSE	background	variable	-5.786245	direct_insert_strongly_deleterious	0.00809415987840012
66|67	66	G196_practical_GS	GSDLVPRGS	9	-0.01473617649781422	0.4106583072100314	189	HIGH_RISK	FALSE	background	variable	-5.510472	direct_insert_strongly_deleterious	0.007634392695951229
67|68	67	G196_practical_GS	GSDLVPRGS	9	-0.02749621335702423	0.1316614420062696	278	HIGH_RISK	FALSE	background	variable	-5.764877	direct_insert_strongly_deleterious	0.029567163782154623
68|69	68	G196_practical_GS	GSDLVPRGS	9	-0.01726434566478829	0.3260188087774295	216	HIGH_RISK	FALSE	background	variable	-5.645743	direct_insert_strongly_deleterious	0.01192394566773647
69|70	69	G196_practical_GS	GSDLVPRGS	9	-0.02152464017388045	0.24451410658307215	242	HIGH_RISK	FALSE	background	variable	-5.660236	direct_insert_strongly_deleterious	0.00902734658809479
70|71	70	G196_practical_GS	GSDLVPRGS	9	-0.02494301165033929	0.17554858934169282	264	HIGH_RISK	FALSE	background	variable	-5.548728	direct_insert_strongly_deleterious	0.013413013176589049
71|72	71	G196_practical_GS	GSDLVPRGS	9	-0.03147589169897369	0.07523510971786829	296	HIGH_RISK	FALSE	structural near-miss	variable	-5.707083	direct_insert_strongly_deleterious	0.01268609345004635
72|73	72	G196_practical_GS	GSDLVPRGS	9	-0.0282269659520189	0.11598746081504709	283	HIGH_RISK	FALSE	background	variable	-5.595858	direct_insert_strongly_deleterious	0.015895980524550442
73|74	73	G196_practical_GS	GSDLVPRGS	9	-0.00747252040461177	0.7272727272727273	88	HIGH_RISK	FALSE	background	variable	-5.851708	direct_insert_strongly_deleterious	0.016055740762833
74|75	74	G196_practical_GS	GSDLVPRGS	9	7.8149213988654e-4	0.9404388714733544	20	HIGH_RISK	FALSE	background	variable	-5.702496	direct_insert_strongly_deleterious	0.02007793166733051
75|76	75	G196_practical_GS	GSDLVPRGS	9	-0.00801675098245802	0.7115987460815048	93	HIGH_RISK	FALSE	structural near-miss	variable	-5.738617	direct_insert_strongly_deleterious	0.016318546011084838
76|77	76	G196_practical_GS	GSDLVPRGS	9	-0.00168104820690384	0.8996865203761756	33	HIGH_RISK	FALSE	background	variable	-5.769187	direct_insert_strongly_deleterious	0.01801113439320767
77|78	77	G196_practical_GS	GSDLVPRGS	9	-0.00601629204317477	0.768025078369906	75	HIGH_RISK	FALSE	background	variable	-5.751833	direct_insert_strongly_deleterious	0.0086902110173801
78|79	78	G196_practical_GS	GSDLVPRGS	9	-0.00354307363433825	0.8526645768025078	48	HIGH_RISK	FALSE	background	variable	-5.621111	direct_insert_strongly_deleterious	0.01375908367553968
79|80	79	G196_practical_GS	GSDLVPRGS	9	-0.00553736919935454	0.786833855799373	69	HIGH_RISK	FALSE	background	variable	-5.347462	direct_insert_strongly_deleterious	0.017758513359984022
80|81	80	G196_practical_GS	GSDLVPRGS	9	-0.01209353785231259	0.5235109717868338	153	HIGH_RISK	FALSE	background	variable	-5.532512	direct_insert_strongly_deleterious	0.00847770440264118
81|82	81	G196_practical_GS	GSDLVPRGS	9	-0.01360413522265169	0.4702194357366771	170	HIGH_RISK	FALSE	background	intermediate	-5.569949	direct_insert_strongly_deleterious	0.01053353939470325
82|83	82	G196_practical_GS	GSDLVPRGS	9	-0.01618420417734167	0.3605015673981191	205	HIGH_RISK	FALSE	background	intermediate	-5.258362	direct_insert_strongly_deleterious	0.014327216205079811
83|84	83	G196_practical_GS	GSDLVPRGS	9	-0.00912530750547402	0.658307210031348	110	HIGH_RISK	FALSE	background	intermediate	-5.482222	direct_insert_strongly_deleterious	0.00797974872923968
84|85	84	G196_practical_GS	GSDLVPRGS	9	-0.01015584377518674	0.6112852664576802	125	HIGH_RISK	FALSE	background	intermediate	-5.60096	direct_insert_strongly_deleterious	0.01347811371977592
85|86	85	G196_practical_GS	GSDLVPRGS	9	-0.00863133675506633	0.6739811912225706	105	HIGH_RISK	FALSE	background	intermediate	-5.373353	direct_insert_strongly_deleterious	0.0064993851233512406
86|87	86	G196_practical_GS	GSDLVPRGS	9	-0.00357957705406963	0.8495297805642633	49	HIGH_RISK	FALSE	background	intermediate	-5.293577	direct_insert_strongly_deleterious	0.014613325357438079
87|88	87	G196_practical_GS	GSDLVPRGS	9	0.00147769368899597	0.9529780564263324	16	HIGH_RISK	FALSE	background	intermediate	-5.221861	direct_insert_strongly_deleterious	0.01246247640952002
88|89	88	G196_practical_GS	GSDLVPRGS	9	-0.00150698925851422	0.90282131661442	32	HIGH_RISK	FALSE	background	intermediate	-5.373353	direct_insert_strongly_deleterious	0.011533786271107781
89|90	89	G196_practical_GS	GSDLVPRGS	9	-0.00344378440051373	0.8589341692789969	46	HIGH_RISK	FALSE	structural near-miss	intermediate	-5.679239	direct_insert_strongly_deleterious	0.0094310534886497
90|91	90	G196_practical_GS	GSDLVPRGS	9	5.210768843149e-4	0.9373040752351096	21	HIGH_RISK	FALSE	structural near-miss	intermediate	-5.569949	direct_insert_strongly_deleterious	0.01955723620367377
91|92	91	G196_practical_GS	GSDLVPRGS	9	-0.00466824264353427	0.8056426332288401	63	HIGH_RISK	FALSE	background	intermediate	-5.83574	direct_insert_strongly_deleterious	0.01570224635040328
92|93	92	G196_practical_GS	GSDLVPRGS	9	-0.00912424034526848	0.6614420062695925	109	HIGH_RISK	FALSE	background	intermediate	-5.60096	direct_insert_strongly_deleterious	0.01521286269756895
93|94	93	G196_practical_GS	GSDLVPRGS	9	-0.01719268848106736	0.33228840125391845	214	HIGH_RISK	FALSE	background	intermediate	-5.697888	direct_insert_strongly_deleterious	0.00855137801729677
94|95	94	G196_practical_GS	GSDLVPRGS	9	-0.01816862212384284	0.3040752351097179	223	HIGH_RISK	FALSE	background	intermediate	-5.590729	direct_insert_strongly_deleterious	0.018298307704601058
95|96	95	G196_practical_GS	GSDLVPRGS	9	-0.01988542058310738	0.2633228840125392	236	HIGH_RISK	FALSE	background	intermediate	-5.751833	direct_insert_strongly_deleterious	0.011333761969499982
96|97	96	G196_practical_GS	GSDLVPRGS	9	-0.01632424252167341	0.3573667711598746	206	HIGH_RISK	FALSE	background	intermediate	-5.621111	direct_insert_strongly_deleterious	0.00897755273660427
97|98	97	G196_practical_GS	GSDLVPRGS	9	-0.01157031237461359	0.54858934169279	145	HIGH_RISK	FALSE	background	variable	-5.410975	direct_insert_strongly_deleterious	0.01816809267778031
98|99	98	G196_practical_GS	GSDLVPRGS	9	-0.02274058277016344	0.22257053291536055	249	HIGH_RISK	FALSE	background	variable	-5.516028	direct_insert_strongly_deleterious	0.0205582005957683
99|100	99	G196_practical_GS	GSDLVPRGS	9	-0.0287120038711528	0.11285266457680254	284	HIGH_RISK	FALSE	structural near-miss	variable	-5.307323	direct_insert_strongly_deleterious	0.02120586447848849
100|101	100	G196_practical_GS	GSDLVPRGS	9	-0.02648865739281891	0.14420062695924762	274	HIGH_RISK	FALSE	background	variable	-5.665021	direct_insert_strongly_deleterious	0.029971942118469208
101|102	101	G196_practical_GS	GSDLVPRGS	9	-0.0190142502427193	0.27899686520376177	231	HIGH_RISK	FALSE	background	variable	-5.621111	direct_insert_strongly_deleterious	0.01316803625368746
102|103	102	G196_practical_GS	GSDLVPRGS	9	-0.01529346781927065	0.39811912225705326	193	HIGH_RISK	FALSE	background	variable	-5.707083	direct_insert_strongly_deleterious	0.01958312310988618
103|104	103	G196_practical_GS	GSDLVPRGS	9	-0.01900639806736137	0.2821316614420063	230	HIGH_RISK	FALSE	background	variable	-5.8829	direct_insert_strongly_deleterious	0.020179016631252992
104|105	104	G196_practical_GS	GSDLVPRGS	9	-0.01971295128946515	0.26645768025078365	235	HIGH_RISK	FALSE	background	variable	-5.764877	direct_insert_strongly_deleterious	0.0280551330565606
105|106	105	G196_practical_GS	GSDLVPRGS	9	-0.01875069256367112	0.28526645768025083	229	HIGH_RISK	FALSE	background	variable	-5.773479	direct_insert_strongly_deleterious	0.0032961344600401787
106|107	106	G196_practical_GS	GSDLVPRGS	9	-0.02313030987078024	0.2163009404388715	251	HIGH_RISK	FALSE	background	variable	-5.859598	direct_insert_strongly_deleterious	0.01672545593442454
107|108	107	G196_practical_GS	GSDLVPRGS	9	-0.01379170817241526	0.46081504702194354	173	HIGH_RISK	FALSE	background	variable	-5.738617	direct_insert_strongly_deleterious	0.02551892494345109
108|109	108	G196_practical_GS	GSDLVPRGS	9	-0.01830756338147043	0.29780564263322884	225	HIGH_RISK	FALSE	background	variable	-5.901912	direct_insert_strongly_deleterious	0.021645716173935618
109|110	109	G196_practical_GS	GSDLVPRGS	9	-0.00265187310509595	0.8808777429467085	39	HIGH_RISK	FALSE	background	variable	-6.074456	direct_insert_strongly_deleterious	0.02058194332149599
110|111	110	G196_practical_GS	GSDLVPRGS	9	-0.00286994174690402	0.8683385579937304	43	HIGH_RISK	FALSE	background	variable	-6.467696	direct_insert_strongly_deleterious	0.02657345480758755
111|112	111	G196_practical_GS	GSDLVPRGS	9	-0.00770053031659934	0.7210031347962382	90	HIGH_RISK	FALSE	background	variable	-5.688607	direct_insert_strongly_deleterious	0.0064460409258368994
112|113	112	G196_practical_GS	GSDLVPRGS	9	-0.00730083673518278	0.7429467084639498	83	HIGH_RISK	FALSE	background	variable	-5.580393	direct_insert_strongly_deleterious	0.01377630628969894
113|114	113	G196_practical_GS	GSDLVPRGS	9	-0.00393717176481622	0.8338557993730408	54	HIGH_RISK	FALSE	background	variable	-5.86352	direct_insert_strongly_deleterious	0.01181640331232846
114|115	114	G196_practical_GS	GSDLVPRGS	9	-0.00661762142952193	0.7523510971786834	80	HIGH_RISK	FALSE	background	intermediate	-5.665021	direct_insert_strongly_deleterious	0.007785364294800257
115|116	115	G196_practical_GS	GSDLVPRGS	9	-0.00455257563939603	0.8150470219435737	60	HIGH_RISK	FALSE	background	variable	-5.665021	direct_insert_strongly_deleterious	0.010908145492922301
116|117	116	G196_practical_GS	GSDLVPRGS	9	-0.00465814978790568	0.8087774294670846	62	HIGH_RISK	FALSE	background	variable	-5.729709	direct_insert_strongly_deleterious	0.014457787825326019
117|118	117	G196_practical_GS	GSDLVPRGS	9	-0.01001107421057678	0.6206896551724138	122	HIGH_RISK	FALSE	background	intermediate	-5.128408	direct_insert_strongly_deleterious	0.017261247879244213
118|119	118	G196_practical_GS	GSDLVPRGS	9	-0.01226738444786645	0.5203761755485894	154	HIGH_RISK	FALSE	background	intermediate	-5.45315	direct_insert_strongly_deleterious	0.018102346921569982
119|120	119	G196_practical_GS	GSDLVPRGS	9	-0.01162423562430969	0.542319749216301	147	HIGH_RISK	FALSE	background	intermediate	-5.128408	direct_insert_strongly_deleterious	0.01333434919209964
120|121	120	G196_practical_GS	GSDLVPRGS	9	-0.02286496218692191	0.219435736677116	250	HIGH_RISK	FALSE	background	intermediate	-5.476475	direct_insert_strongly_deleterious	0.024741840383039733
121|122	121	G196_practical_GS	GSDLVPRGS	9	-0.03227807610327105	0.06269592476489028	300	HIGH_RISK	FALSE	background	intermediate	-5.353998	direct_insert_strongly_deleterious	0.025105855866048195
122|123	122	G196_practical_GS	GSDLVPRGS	9	-0.02704443804979339	0.13479623824451414	277	HIGH_RISK	FALSE	background	intermediate	-5.669783	direct_insert_strongly_deleterious	0.015872211980096924
123|124	123	G196_practical_GS	GSDLVPRGS	9	-0.03060778942300945	0.08777429467084641	292	EXCLUDE	FALSE	background	intermediate	-5.782008	direct_insert_strongly_deleterious	0.02146881671453072
124|125	124	G196_practical_GS	GSDLVPRGS	9	-0.04686084841352977	0.01880877742946707	314	EXCLUDE	FALSE	background	intermediate	-6.042247	direct_insert_strongly_deleterious	0.009448837218374972
125|126	125	G196_practical_GS	GSDLVPRGS	9	-0.05423744165765054	0.00313479623824453	319	EXCLUDE	FALSE	background	intermediate	-5.901912	direct_insert_strongly_deleterious	0.007894319594246024
126|127	126	G196_practical_GS	GSDLVPRGS	9	-0.04457560252852977	0.02507836990595613	312	EXCLUDE	FALSE	background	intermediate	-5.953299	direct_insert_strongly_deleterious	0.01661262974253485
127|128	127	G196_practical_GS	GSDLVPRGS	9	-0.04986167444088707	0.01253918495297801	316	EXCLUDE	FALSE	background	intermediate	-5.782008	direct_insert_strongly_deleterious	0.013033114875375514
128|129	128	G196_practical_GS	GSDLVPRGS	9	-0.05054183403766954	0.00940438871473359	317	EXCLUDE	FALSE	background	intermediate	-5.470694	direct_insert_strongly_deleterious	0.016296327664138133
129|130	129	G196_practical_GS	GSDLVPRGS	9	-0.06943206690142079	0	320	EXCLUDE	FALSE	background	intermediate	-5.7562	direct_insert_strongly_deleterious	0.011589088053673091
130|131	130	G196_practical_GS	GSDLVPRGS	9	-0.04872760648644769	0.01567398119122254	315	EXCLUDE	FALSE	background	variable	-5.949715	direct_insert_strongly_deleterious	0.03730844926327315
131|132	131	G196_practical_GS	GSDLVPRGS	9	-0.05358178117851864	0.00626959247648906	318	EXCLUDE	FALSE	background	intermediate	-5.839756	direct_insert_strongly_deleterious	0.04564961336780238
132|133	132	G196_practical_GS	GSDLVPRGS	9	-0.04129826391626956	0.03134796238244519	310	HIGH_RISK	FALSE	background	intermediate	-5.548728	direct_insert_strongly_deleterious	0.01769700714929367
133|134	133	G196_practical_GS	GSDLVPRGS	9	-0.03020411249309784	0.09717868338557988	289	HIGH_RISK	FALSE	background	intermediate	-5.72072	direct_insert_strongly_deleterious	0.01591614914713669
134|135	134	G196_practical_GS	GSDLVPRGS	9	-0.04126559406296337	0.03448275862068961	309	HIGH_RISK	FALSE	background	intermediate	-5.293577	direct_insert_strongly_deleterious	0.017145986396138728
135|136	135	G196_practical_GS	GSDLVPRGS	9	-0.03361879719932403	0.05642633228840121	302	HIGH_RISK	FALSE	background	variable	-5.559395	direct_insert_strongly_deleterious	0.0317043000885704
136|137	136	G196_practical_GS	GSDLVPRGS	9	-0.03125211312692722	0.08150470219435735	294	HIGH_RISK	FALSE	background	variable	-5.660236	direct_insert_strongly_deleterious	0.009652710713786927
137|138	137	G196_practical_GS	GSDLVPRGS	9	-0.01102115076546406	0.5768025078369906	136	HIGH_RISK	FALSE	background	variable	-6.019067	direct_insert_strongly_deleterious	0.01680381611046666
138|139	138	G196_practical_GS	GSDLVPRGS	9	-0.00737442797532805	0.7335423197492164	86	HIGH_RISK	FALSE	background	variable	-4.22227	direct_insert_strongly_deleterious	0.0236729287508206
139|140	139	G196_practical_GS	GSDLVPRGS	9	-0.01868716065436393	0.28840125391849525	228	HIGH_RISK	FALSE	background	variable	-5.626087	direct_insert_strongly_deleterious	0.02190031874312038
140|141	140	G196_practical_GS	GSDLVPRGS	9	-0.0191397535414608	0.27586206896551724	232	CORE_CAUTION	FALSE	background	variable	-5.83574	direct_insert_strongly_deleterious	0.012665371200546451
141|142	141	G196_practical_GS	GSDLVPRGS	9	-0.015057227897179	0.4012539184952978	192	CORE_CAUTION	FALSE	background	variable	-5.886731	direct_insert_strongly_deleterious	0.01969176798479432
142|143	142	G196_practical_GS	GSDLVPRGS	9	-0.00802049086347667	0.7084639498432601	94	CORE_CAUTION	FALSE	background	intermediate	-5.98152	direct_insert_strongly_deleterious	0.02675877344345467
143|144	143	G196_practical_GS	GSDLVPRGS	9	-0.01583307591298322	0.3730407523510971	201	CORE_CAUTION	FALSE	background	intermediate	-5.991901	direct_insert_strongly_deleterious	0.02393462171192516
144|145	144	G196_practical_GS	GSDLVPRGS	9	-0.01590498857189182	0.3699059561128527	202	CORE_CAUTION	FALSE	background	intermediate	-5.843756	direct_insert_strongly_deleterious	0.021830175077425892
145|146	145	G196_practical_GS	GSDLVPRGS	9	-0.01460395674478354	0.4137931034482759	188	CORE_CAUTION	FALSE	background	intermediate	-5.782008	direct_insert_strongly_deleterious	0.02469669180881694
146|147	146	G196_practical_GS	GSDLVPRGS	9	-0.01735392448707173	0.31974921630094044	218	CORE_CAUTION	FALSE	background	intermediate	-5.97103	direct_insert_strongly_deleterious	0.02941800264076688
147|148	147	G196_practical_GS	GSDLVPRGS	9	-0.01573205399443011	0.3824451410658307	198	EXCLUDE	FALSE	background	intermediate	-5.83574	direct_insert_strongly_deleterious	0.02513348388457582
148|149	148	G196_practical_GS	GSDLVPRGS	9	-0.00960332991981838	0.64576802507837	114	EXCLUDE	FALSE	background	intermediate	-5.905671	direct_insert_strongly_deleterious	0.01993128383977005
149|150	149	G196_practical_GS	GSDLVPRGS	9	-0.0087210961890185	0.670846394984326	106	EXCLUDE	FALSE	background	intermediate	-5.942508	direct_insert_strongly_deleterious	0.019927774409859378
150|151	150	G196_practical_GS	GSDLVPRGS	9	-0.00980489987036481	0.6394984326018809	116	EXCLUDE	FALSE	background	conserved	-5.743042	direct_insert_strongly_deleterious	0.01822926259079738
151|152	151	G196_practical_GS	GSDLVPRGS	9	-0.0082522687400921	0.6990595611285266	97	EXCLUDE	FALSE	background	conserved	-6.138895	direct_insert_strongly_deleterious	0.022863990363489947
152|153	152	G196_practical_GS	GSDLVPRGS	9	-0.01148908442905449	0.5517241379310345	144	EXCLUDE	FALSE	background	conserved	-5.855661	direct_insert_strongly_deleterious	0.026879547775930483
153|154	153	G196_practical_GS	GSDLVPRGS	9	-0.01112947112319373	0.5705329153605015	138	EXCLUDE	FALSE	background	conserved	-6.111785	direct_insert_strongly_deleterious	0.01976149407049909
154|155	154	G196_practical_GS	GSDLVPRGS	9	-0.01851853778786516	0.2915360501567398	227	EXCLUDE	FALSE	background	conserved	-5.98152	direct_insert_strongly_deleterious	0.02549263407307611
155|156	155	G196_practical_GS	GSDLVPRGS	9	-0.00953985174359006	0.6489028213166144	113	EXCLUDE	TRUE	strict structural pass	conserved	-5.967509	direct_insert_strongly_deleterious	0.02217225996542993
156|157	156	G196_practical_GS	GSDLVPRGS	9	-0.00993401927594428	0.6300940438871474	119	EXCLUDE	FALSE	background	conserved	-5.953299	direct_insert_strongly_deleterious	0.011844897390188791
157|158	157	G196_practical_GS	GSDLVPRGS	9	-0.01437707241514862	0.42006269592476486	186	EXCLUDE	FALSE	background	conserved	-5.827659	direct_insert_strongly_deleterious	0.01495966446189634
158|159	158	G196_practical_GS	GSDLVPRGS	9	-0.0136485432032245	0.4670846394984326	171	EXCLUDE	FALSE	background	conserved	-6.029067	direct_insert_strongly_deleterious	0.018076036776896832
159|160	159	G196_practical_GS	GSDLVPRGS	9	-0.01590759655943641	0.3667711598746082	203	EXCLUDE	FALSE	background	conserved	-6.045515	direct_insert_strongly_deleterious	0.0142924810532823
160|161	160	G196_practical_GS	GSDLVPRGS	9	-0.01579533017949153	0.3793103448275862	199	EXCLUDE	FALSE	background	conserved	-5.738617	direct_insert_strongly_deleterious	0.015735926709897097
161|162	161	G196_practical_GS	GSDLVPRGS	9	-0.01232741305748863	0.5172413793103448	155	HIGH_RISK	FALSE	background	conserved	-5.953299	direct_insert_strongly_deleterious	0.01656965252741304
162|163	162	G196_practical_GS	GSDLVPRGS	9	-0.0169501273974979	0.3385579937304075	212	HIGH_RISK	FALSE	background	conserved	-6.087054	direct_insert_strongly_deleterious	0.011495862599806731
163|164	163	G196_practical_GS	GSDLVPRGS	9	-0.00453021399736419	0.8181818181818181	59	HIGH_RISK	FALSE	background	conserved	-5.590729	direct_insert_strongly_deleterious	0.00198029515249765
164|165	164	G196_practical_GS	GSDLVPRGS	9	-0.01431393130996028	0.4231974921630094	185	EXCLUDE	FALSE	background	conserved	-5.575185	direct_insert_strongly_deleterious	0.015186080721791399
165|166	165	G196_practical_GS	GSDLVPRGS	9	-0.030267224748453	0.09404388714733548	290	EXCLUDE	FALSE	background	conserved	-5.988452	direct_insert_strongly_deleterious	0.03156373503199238
166|167	166	G196_practical_GS	GSDLVPRGS	9	-0.03341872669082235	0.05956112852664574	301	EXCLUDE	FALSE	background	conserved	-5.660236	direct_insert_strongly_deleterious	0.04058157260592932
167|168	167	G196_practical_GS	GSDLVPRGS	9	-0.03464835136115996	0.05329153605015668	303	EXCLUDE	FALSE	background	conserved	-5.595858	direct_insert_strongly_deleterious	0.013632320102512363
168|169	168	G196_practical_GS	GSDLVPRGS	9	-0.04469153935375081	0.0219435736677116	313	EXCLUDE	FALSE	background	conserved	-5.635963	direct_insert_strongly_deleterious	0.06541779788079749
169|170	169	G196_practical_GS	GSDLVPRGS	9	-2.5992045069278e-4	0.9247648902821316	25	EXCLUDE	FALSE	background	conserved	-5.569949	direct_insert_strongly_deleterious	0.02253637098326155
170|171	170	G196_practical_GS	GSDLVPRGS	9	-0.00555275514217035	0.7836990595611285	70	EXCLUDE	FALSE	background	conserved	-5.635963	direct_insert_strongly_deleterious	0.01061042383821186
171|172	171	G196_practical_GS	GSDLVPRGS	9	0.01628273936070057	1	1	HIGH_RISK	FALSE	structural near-miss	conserved	-5.569949	direct_insert_strongly_deleterious	0.01378429496010192
172|173	172	G196_practical_GS	GSDLVPRGS	9	0.01053320213923392	0.9937304075235108	3	HIGH_RISK	FALSE	background	conserved	-5.679239	direct_insert_strongly_deleterious	0.022142384198431828
173|174	173	G196_practical_GS	GSDLVPRGS	9	-0.00142760339421998	0.9059561128526644	31	HIGH_RISK	FALSE	structural near-miss	conserved	-5.669783	direct_insert_strongly_deleterious	0.026543541734324272
174|175	174	G196_practical_GS	GSDLVPRGS	9	-0.00716967688933012	0.7460815047021944	82	HIGH_RISK	TRUE	strict structural pass	conserved	-6.002175	direct_insert_strongly_deleterious	0.013871135194227769
175|176	175	G196_practical_GS	GSDLVPRGS	9	-0.00576508822825827	0.7742946708463949	73	HIGH_RISK	TRUE	strict structural pass	intermediate	-5.679239	direct_insert_strongly_deleterious	0.00526897450138541
176|177	176	G196_practical_GS	GSDLVPRGS	9	-3.8623971077544e-4	0.9184952978056428	27	HIGH_RISK	FALSE	structural near-miss	intermediate	-5.729709	direct_insert_strongly_deleterious	0.006990820643576709
177|178	177	G196_practical_GS	GSDLVPRGS	9	-0.01134104444902517	0.5642633228840126	140	CORE_CAUTION	FALSE	background	intermediate	-5.760548	direct_insert_strongly_deleterious	0.01093992456211179
178|179	178	G196_practical_GS	GSDLVPRGS	9	-0.01095211261886541	0.5830721003134796	134	CORE_CAUTION	FALSE	background	intermediate	-5.738617	direct_insert_strongly_deleterious	0.01220031466411076
179|180	179	G196_practical_GS	GSDLVPRGS	9	-0.00943931343827264	0.652037617554859	112	CORE_CAUTION	FALSE	background	intermediate	-5.711649	direct_insert_strongly_deleterious	0.01154584413790305
180|181	180	G196_practical_GS	GSDLVPRGS	9	-0.0157977390171089	0.37617554858934166	200	CORE_CAUTION	FALSE	background	intermediate	-5.815414	direct_insert_strongly_deleterious	0.00790354186725439
181|182	181	G196_practical_GS	GSDLVPRGS	9	-0.01104729488100053	0.5736677115987461	137	CORE_CAUTION	FALSE	background	intermediate	-5.743042	direct_insert_strongly_deleterious	0.01054984508591472
182|183	182	G196_practical_GS	GSDLVPRGS	9	-0.02596863400532889	0.15360501567398122	271	CORE_CAUTION	FALSE	background	conserved	-5.747447	direct_insert_strongly_deleterious	0.02068621351836031
183|184	183	G196_practical_GS	GSDLVPRGS	9	-0.03579319369333245	0.04702194357366773	305	CORE_CAUTION	FALSE	background	conserved	-5.470694	direct_insert_strongly_deleterious	0.020806694126715986
184|185	184	G196_practical_GS	GSDLVPRGS	9	-0.03125116413744555	0.08463949843260188	293	HIGH_RISK	FALSE	background	conserved	-5.44128	direct_insert_strongly_deleterious	0.018426550540788792
185|186	185	G196_practical_GS	GSDLVPRGS	9	-0.02767739397109903	0.12539184952978055	280	HIGH_RISK	FALSE	background	intermediate	-5.843756	direct_insert_strongly_deleterious	0.012533134221601738
186|187	186	G196_practical_GS	GSDLVPRGS	9	-0.02928959473970716	0.10658307210031348	286	HIGH_RISK	FALSE	background	intermediate	-5.621111	direct_insert_strongly_deleterious	0.014734640684839647
187|188	187	G196_practical_GS	GSDLVPRGS	9	-0.01993245800339371	0.2601880877742947	237	HIGH_RISK	FALSE	structural near-miss	conserved	-5.782008	direct_insert_strongly_deleterious	0.008570522682440629
188|189	188	G196_practical_GS	GSDLVPRGS	9	-0.01240846686971464	0.5078369905956113	158	EXCLUDE	FALSE	background	conserved	-5.927936	direct_insert_strongly_deleterious	0.006763560468552312
189|190	189	G196_practical_GS	GSDLVPRGS	9	-0.01609742703370953	0.3636363636363637	204	EXCLUDE	FALSE	background	conserved	-6.048772	direct_insert_strongly_deleterious	0.00755334046298284
190|191	190	G196_practical_GS	GSDLVPRGS	9	-0.01948493794851691	0.2695924764890282	234	HIGH_RISK	FALSE	background	conserved	-5.764877	direct_insert_strongly_deleterious	0.004704570614125549
191|192	191	G196_practical_GS	GSDLVPRGS	9	-0.01069656671564223	0.5987460815047022	129	HIGH_RISK	FALSE	background	conserved	-5.819512	direct_insert_strongly_deleterious	0.005729845067429899
192|193	192	G196_practical_GS	GSDLVPRGS	9	-0.01671311369733397	0.35423197492163006	207	HIGH_RISK	FALSE	background	conserved	-6.008966	direct_insert_strongly_deleterious	0.004440035738586538
193|194	193	G196_practical_GS	GSDLVPRGS	9	-0.02788447549005335	0.11912225705329148	282	HIGH_RISK	FALSE	background	conserved	-5.60096	direct_insert_strongly_deleterious	0.007493512589258351
194|195	194	G196_practical_GS	GSDLVPRGS	9	-0.02615456606631472	0.15047021943573669	272	HIGH_RISK	FALSE	background	conserved	-5.886731	direct_insert_strongly_deleterious	0.013317333125384861
195|196	195	G196_practical_GS	GSDLVPRGS	9	-0.02347541274336695	0.21003134796238243	253	HIGH_RISK	FALSE	background	conserved	-5.8829	direct_insert_strongly_deleterious	0.0157874523021757
196|197	196	G196_practical_GS	GSDLVPRGS	9	-0.02565529983550307	0.1630094043887147	268	EXCLUDE	FALSE	background	conserved	-5.855661	direct_insert_strongly_deleterious	0.013013863327495209
197|198	197	G196_practical_GS	GSDLVPRGS	9	-0.02662221904903639	0.1410658307210031	275	EXCLUDE	FALSE	background	conserved	-5.516028	direct_insert_strongly_deleterious	0.011828716785054379
198|199	198	G196_practical_GS	GSDLVPRGS	9	-0.01686019740945443	0.3479623824451411	209	EXCLUDE	FALSE	background	conserved	-5.811299	direct_insert_strongly_deleterious	0.003166327154934919
199|200	199	G196_practical_GS	GSDLVPRGS	9	-0.01817543644461228	0.30094043887147337	224	EXCLUDE	FALSE	background	conserved	-5.725224	direct_insert_strongly_deleterious	0.00763842215987332
200|201	200	G196_practical_GS	GSDLVPRGS	9	-0.0128875521503029	0.4890282131661442	164	HIGH_RISK	FALSE	background	conserved	-5.379723	direct_insert_strongly_deleterious	0.005400811388599269
201|202	201	G196_practical_GS	GSDLVPRGS	9	-0.01167172638702585	0.5329153605015674	150	EXCLUDE	FALSE	background	conserved	-5.707083	direct_insert_strongly_deleterious	0.0032531165912628186
202|203	202	G196_practical_GS	GSDLVPRGS	9	-0.02568015667697709	0.15673981191222577	270	EXCLUDE	FALSE	background	conserved	-6.07762	direct_insert_strongly_deleterious	0.019042626319622613
203|204	203	G196_practical_GS	GSDLVPRGS	9	-0.02763528902989875	0.12852664576802508	279	HIGH_RISK	FALSE	structural near-miss	intermediate	-3.061137	direct_insert_strongly_deleterious	0.011735135336337962
204|205	204	G196_practical_GS	GSDLVPRGS	9	-0.02419246805552744	0.18808777429467083	260	HIGH_RISK	FALSE	background	intermediate	-5.751833	direct_insert_strongly_deleterious	0.014787870471027809
205|206	205	G196_practical_GS	GSDLVPRGS	9	-0.00885438302535002	0.6677115987460815	107	HIGH_RISK	FALSE	background	intermediate	-5.693258	direct_insert_strongly_deleterious	0.012042959996303441
206|207	206	G196_practical_GS	GSDLVPRGS	9	-0.01750069972469514	0.3166144200626959	219	HIGH_RISK	FALSE	structural near-miss	intermediate	-5.743042	direct_insert_strongly_deleterious	0.024565687764786837
207|208	207	G196_practical_GS	GSDLVPRGS	9	-0.021077057793768	0.24764890282131655	241	HIGH_RISK	FALSE	structural near-miss	intermediate	-5.459032	direct_insert_strongly_deleterious	0.025458289331123922
208|209	208	G196_practical_GS	GSDLVPRGS	9	-0.02237957637647314	0.23197492163009403	246	HIGH_RISK	FALSE	structural near-miss	intermediate	-5.611086	direct_insert_strongly_deleterious	0.0193147789494672
209|210	209	G196_practical_GS	GSDLVPRGS	9	-0.01325493679131062	0.4796238244514106	167	EXCLUDE	FALSE	background	intermediate	-5.898138	direct_insert_strongly_deleterious	0.014231571284960779
210|211	210	G196_practical_GS	GSDLVPRGS	9	-0.00299849837400678	0.8652037617554859	44	EXCLUDE	FALSE	background	intermediate	-5.956871	direct_insert_strongly_deleterious	0.01621083692832491
211|212	211	G196_practical_GS	GSDLVPRGS	9	-0.03528391593675284	0.05015673981191226	304	EXCLUDE	FALSE	background	intermediate	-5.84774	direct_insert_strongly_deleterious	0.03553991481546426
212|213	212	G196_practical_GS	GSDLVPRGS	9	-0.02422316607881214	0.1849529780564263	261	EXCLUDE	FALSE	background	variable	-5.33426	direct_insert_strongly_deleterious	0.013189523215547005
213|214	213	G196_practical_GS	GSDLVPRGS	9	-0.01265558766486529	0.5047021943573669	159	EXCLUDE	FALSE	background	intermediate	-5.176226	direct_insert_strongly_deleterious	0.02202758645636927
214|215	214	G196_practical_GS	GSDLVPRGS	9	-0.00985732561262731	0.6332288401253918	118	EXCLUDE	FALSE	background	intermediate	-4.825647	direct_insert_strongly_deleterious	0.012131443179466569
215|216	215	G196_practical_GS	GSDLVPRGS	9	-0.0113422797524656	0.561128526645768	141	EXCLUDE	FALSE	background	intermediate	-5.913148	direct_insert_strongly_deleterious	0.00850485076353546
216|217	216	G196_practical_GS	GSDLVPRGS	9	-0.01158288340059199	0.5454545454545454	146	EXCLUDE	TRUE	strict structural pass	intermediate	-5.827659	direct_insert_strongly_deleterious	0.008961943938253999
217|218	217	G196_practical_GS	GSDLVPRGS	9	-0.01440223341810886	0.41692789968652033	187	HIGH_RISK	TRUE	strict structural pass	intermediate	-5.86352	direct_insert_strongly_deleterious	0.015822918552176532
218|219	218	G196_practical_GS	GSDLVPRGS	9	-0.01726123939073876	0.32915360501567403	215	HIGH_RISK	TRUE	strict structural pass	intermediate	-5.760548	direct_insert_strongly_deleterious	0.016653120709285478
219|220	219	G196_practical_GS	GSDLVPRGS	9	-0.01693160680774941	0.34169278996865204	211	HIGH_RISK	FALSE	structural near-miss	intermediate	-5.935248	direct_insert_strongly_deleterious	0.011225299871332698
220|221	220	G196_practical_GS	GSDLVPRGS	9	-0.02771543825274181	0.12225705329153602	281	HIGH_RISK	FALSE	structural near-miss	variable	-5.729709	direct_insert_strongly_deleterious	0.01759252816022805
221|222	221	G196_practical_GS	GSDLVPRGS	9	-0.02341643553625472	0.21316614420062696	252	HIGH_RISK	FALSE	structural near-miss	variable	-5.790465	direct_insert_strongly_deleterious	0.01392863579504455
222|223	222	G196_practical_GS	GSDLVPRGS	9	-0.02884960160001215	0.109717868338558	285	HIGH_RISK	FALSE	structural near-miss	variable	-5.871317	direct_insert_strongly_deleterious	0.021829564185118056
223|224	223	G196_practical_GS	GSDLVPRGS	9	-0.03211759463012198	0.0658307210031348	299	CORE_CAUTION	FALSE	structural near-miss	variable	-5.978036	direct_insert_strongly_deleterious	0.017139863582645187
224|225	224	G196_practical_GS	GSDLVPRGS	9	-0.0383553292162353	0.03761755485893414	308	CORE_CAUTION	FALSE	background	variable	-3.51897	direct_insert_strongly_deleterious	0.02343723552358634
225|226	225	G196_practical_GS	GSDLVPRGS	9	-0.02943976213707166	0.10344827586206896	287	CORE_CAUTION	FALSE	background	intermediate	-6.16529	direct_insert_strongly_deleterious	0.009854296202625342
226|227	226	G196_practical_GS	GSDLVPRGS	9	-0.02520045610825239	0.16927899686520376	266	HIGH_RISK	FALSE	structural near-miss	variable	-5.782008	direct_insert_strongly_deleterious	0.0024489813314922983
227|228	227	G196_practical_GS	GSDLVPRGS	9	-0.03185246037153133	0.06896551724137934	298	HIGH_RISK	FALSE	background	intermediate	-5.855661	direct_insert_strongly_deleterious	0.015861715667616853
228|229	228	G196_practical_GS	GSDLVPRGS	9	-0.04336203204188837	0.02821316614420066	311	HIGH_RISK	FALSE	structural near-miss	intermediate	-5.769187	direct_insert_strongly_deleterious	0.02595792203099201
229|230	229	G196_practical_GS	GSDLVPRGS	9	-0.02626083672840051	0.14733542319749215	273	HIGH_RISK	FALSE	background	intermediate	-5.606036	direct_insert_strongly_deleterious	0.013779818899770199
230|231	230	G196_practical_GS	GSDLVPRGS	9	-0.03049737944976405	0.09090909090909094	291	HIGH_RISK	FALSE	background	variable	-6.005576	direct_insert_strongly_deleterious	0.0284928203731476
231|232	231	G196_practical_GS	GSDLVPRGS	9	-0.03679960821165728	0.04075235109717867	307	HIGH_RISK	FALSE	background	variable	-5.747447	direct_insert_strongly_deleterious	0.015379052466260479
232|233	232	G196_practical_GS	GSDLVPRGS	9	-0.03586232894865393	0.0438871473354232	306	EXCLUDE	FALSE	background	intermediate	-6.029067	direct_insert_strongly_deleterious	0.014839190306226161
233|234	233	G196_practical_GS	GSDLVPRGS	9	-0.03159935801321367	0.07210031347962387	297	EXCLUDE	FALSE	background	intermediate	-5.859598	direct_insert_strongly_deleterious	0.01564941946787623
234|235	234	G196_practical_GS	GSDLVPRGS	9	-0.03142499190899439	0.07836990595611282	295	EXCLUDE	FALSE	background	intermediate	-5.86352	direct_insert_strongly_deleterious	0.011916501425309534
235|236	235	G196_practical_GS	GSDLVPRGS	9	-0.0224193642012187	0.22570532915360497	248	HIGH_RISK	FALSE	background	intermediate	-5.851708	direct_insert_strongly_deleterious	0.015152783049012799
236|237	236	G196_practical_GS	GSDLVPRGS	9	-0.02356426963190694	0.1974921630094044	257	HIGH_RISK	FALSE	background	variable	-5.927936	direct_insert_strongly_deleterious	0.00912950264549384
237|238	237	G196_practical_GS	GSDLVPRGS	9	-0.0169228112336679	0.3448275862068966	210	HIGH_RISK	FALSE	background	variable	-5.697888	direct_insert_strongly_deleterious	0.01601410899561895
238|239	238	G196_practical_GS	GSDLVPRGS	9	-0.01430428761709823	0.4263322884012539	184	HIGH_RISK	FALSE	background	intermediate	-5.606036	direct_insert_strongly_deleterious	0.00864702505032345
239|240	239	G196_practical_GS	GSDLVPRGS	9	-0.02187922836933609	0.2413793103448276	243	HIGH_RISK	FALSE	background	variable	-5.631037	direct_insert_strongly_deleterious	0.01825672958706193
240|241	240	G196_practical_GS	GSDLVPRGS	9	-0.02086210428486268	0.2507836990595611	240	HIGH_RISK	FALSE	background	variable	-5.942508	direct_insert_strongly_deleterious	0.011814163690150542
241|242	241	G196_practical_GS	GSDLVPRGS	9	-0.02406451828950295	0.19122257053291536	259	CORE_CAUTION	FALSE	background	variable	-5.843756	direct_insert_strongly_deleterious	0.027506845204555028
242|243	242	G196_practical_GS	GSDLVPRGS	9	-0.01287023367363371	0.49216300940438873	163	CORE_CAUTION	FALSE	background	variable	-6.045515	direct_insert_strongly_deleterious	0.01021483720233985
243|244	243	G196_practical_GS	GSDLVPRGS	9	-0.01809938538822697	0.30721003134796243	222	CORE_CAUTION	FALSE	background	variable	-5.843756	direct_insert_strongly_deleterious	0.01828007773975981
244|245	244	G196_practical_GS	GSDLVPRGS	9	-0.00862813599410827	0.6802507836990596	103	CORE_CAUTION	FALSE	structural near-miss	variable	-5.898138	direct_insert_strongly_deleterious	0.01900666174337705
245|246	245	G196_practical_GS	GSDLVPRGS	9	-0.01413230504956653	0.445141065830721	178	CORE_CAUTION	FALSE	structural near-miss	variable	-5.769187	direct_insert_strongly_deleterious	0.02722421989804413
246|247	246	G196_practical_GS	GSDLVPRGS	9	-0.00968336835619609	0.6426332288401254	115	CORE_CAUTION	FALSE	background	variable	-5.764877	direct_insert_strongly_deleterious	0.01903702437892861
247|248	247	G196_practical_GS	GSDLVPRGS	9	-0.01419065501374738	0.4357366771159875	181	CORE_CAUTION	FALSE	background	variable	-5.645743	direct_insert_strongly_deleterious	0.01899004663765112
248|249	248	G196_practical_GS	GSDLVPRGS	9	-0.01503798756864505	0.4043887147335423	191	CORE_CAUTION	FALSE	literature-rescue	lineage_indel_supported	-5.693258	direct_insert_strongly_deleterious	0.01683504179535288
249|250	249	G196_practical_GS	GSDLVPRGS	9	-0.01199043642732666	0.5266457680250783	152	CORE_CAUTION	FALSE	background	variable	-5.693258	direct_insert_strongly_deleterious	0.012567349325094391
250|251	250	G196_practical_GS	GSDLVPRGS	9	-0.01163926948485949	0.5391849529780564	148	CORE_CAUTION	FALSE	structural near-miss	variable	-5.711649	direct_insert_strongly_deleterious	0.00889263671794627
251|252	251	G196_practical_GS	GSDLVPRGS	9	-0.01732018638631149	0.322884012539185	217	CORE_CAUTION	FALSE	background	variable	-5.665021	direct_insert_strongly_deleterious	0.01249527961975216
252|253	252	G196_practical_GS	GSDLVPRGS	9	-0.01538346221955899	0.39498432601880873	194	CORE_CAUTION	FALSE	background	variable	-5.683934	direct_insert_strongly_deleterious	0.021718845716818688
253|254	253	G196_practical_GS	GSDLVPRGS	9	-0.01423965861120901	0.432601880877743	182	CORE_CAUTION	FALSE	background	variable	-5.660236	direct_insert_strongly_deleterious	0.02127750982727948
254|255	254	G196_practical_GS	GSDLVPRGS	9	-0.01038966720588296	0.6050156739811912	127	HIGH_RISK	FALSE	background	variable	-5.901912	direct_insert_strongly_deleterious	0.018230317957176098
255|256	255	G196_practical_GS	GSDLVPRGS	9	-0.01373652283952076	0.46394984326018807	172	HIGH_RISK	FALSE	background	variable	-5.585575	direct_insert_strongly_deleterious	0.01031638542870628
256|257	256	G196_practical_GS	GSDLVPRGS	9	-0.01042660065393574	0.6018808777429467	128	HIGH_RISK	FALSE	literature-rescue	variable	-5.527047	direct_insert_strongly_deleterious	0.01213935755193595
257|258	257	G196_practical_GS	GSDLVPRGS	9	-0.00829173560850105	0.6959247648902822	98	HIGH_RISK	FALSE	background	variable	-5.782008	direct_insert_strongly_deleterious	0.01012774725077747
258|259	258	G196_practical_GS	GSDLVPRGS	9	-0.0134443690645063	0.47335423197492166	169	HIGH_RISK	FALSE	background	lineage_indel_supported	-5.905671	direct_insert_strongly_deleterious	0.006985591326586161
259|260	259	G196_practical_GS	GSDLVPRGS	9	-0.01698565536548679	0.335423197492163	213	HIGH_RISK	FALSE	background	lineage_indel_supported	-5.711649	direct_insert_strongly_deleterious	0.013839350574616828
260|261	260	G196_practical_GS	GSDLVPRGS	9	-0.01479438306089608	0.4075235109717869	190	HIGH_RISK	FALSE	background	lineage_indel_supported	-5.946118	direct_insert_strongly_deleterious	0.019646741083482848
261|262	261	G196_practical_GS	GSDLVPRGS	9	-0.00751877400970801	0.7241379310344828	89	EXCLUDE	FALSE	background	lineage_indel_supported	-5.798851	direct_insert_strongly_deleterious	0.00426744273098123
262|263	262	G196_practical_GS	GSDLVPRGS	9	-0.02351009409256965	0.2068965517241379	254	EXCLUDE	FALSE	background	lineage_indel_supported	-5.97103	direct_insert_strongly_deleterious	0.01566074776138926
263|264	263	G196_practical_GS	GSDLVPRGS	9	-0.01771092149968378	0.3134796238244514	220	HIGH_RISK	FALSE	structural near-miss	lineage_indel_supported	-5.827659	direct_insert_strongly_deleterious	0.009035683048795212
264|265	264	G196_practical_GS	GSDLVPRGS	9	-0.01546050930285991	0.3887147335423198	196	HIGH_RISK	FALSE	structural near-miss	lineage_indel_supported	-5.827659	direct_insert_strongly_deleterious	0.00773773101324249
265|266	265	G196_practical_GS	GSDLVPRGS	9	-0.00982605170179473	0.6363636363636364	117	HIGH_RISK	FALSE	structural near-miss	lineage_indel_supported	-5.674522	direct_insert_strongly_deleterious	0.00876191688985895
266|267	266	G196_practical_GS	GSDLVPRGS	9	-0.0179181978033438	0.31034482758620685	221	HIGH_RISK	FALSE	background	lineage_indel_supported	-5.683934	direct_insert_strongly_deleterious	0.01698468805883424
267|268	267	G196_practical_GS	GSDLVPRGS	9	-0.01385958896727279	0.457680250783699	174	HIGH_RISK	FALSE	background	lineage_indel_supported	-5.729709	direct_insert_strongly_deleterious	0.02438964495570416
268|269	268	G196_practical_GS	GSDLVPRGS	9	-0.00824082529175473	0.7021943573667712	96	HIGH_RISK	FALSE	background	lineage_indel_supported	-5.913148	direct_insert_strongly_deleterious	0.004673773249370241
269|270	269	G196_practical_GS	GSDLVPRGS	9	-0.00993417181529343	0.6269592476489028	120	HIGH_RISK	FALSE	background	lineage_indel_supported	-5.815414	direct_insert_strongly_deleterious	0.00502249859837889
270|271	270	G196_practical_GS	GSDLVPRGS	9	-0.00460521457268425	0.8119122257053292	61	HIGH_RISK	FALSE	background	intermediate	-5.798851	direct_insert_strongly_deleterious	0.021120604148284088
271|272	271	G196_practical_GS	GSDLVPRGS	9	-0.01939816528652205	0.2727272727272727	233	HIGH_RISK	FALSE	background	intermediate	-5.794666	direct_insert_strongly_deleterious	0.01794511698069368
272|273	272	G196_practical_GS	GSDLVPRGS	9	-0.01269204068593454	0.5015673981191222	160	EXCLUDE	FALSE	background	conserved	-5.611086	direct_insert_strongly_deleterious	0.01591144141938993
273|274	273	G196_practical_GS	GSDLVPRGS	9	-0.0024150381581891	0.8871473354231975	37	EXCLUDE	FALSE	background	conserved	-5.669783	direct_insert_strongly_deleterious	0.00641036757239811
274|275	274	G196_practical_GS	GSDLVPRGS	9	-0.01415706291967255	0.43887147335423193	180	HIGH_RISK	FALSE	background	conserved	-5.683934	direct_insert_strongly_deleterious	0.008759756606410811
275|276	275	G196_practical_GS	GSDLVPRGS	9	-0.01400690899544132	0.4482758620689655	177	HIGH_RISK	FALSE	background	conserved	-5.743042	direct_insert_strongly_deleterious	0.01582374549066533
276|277	276	G196_practical_GS	GSDLVPRGS	9	-0.01083875421381375	0.5893416927899686	132	HIGH_RISK	FALSE	background	conserved	-5.811299	direct_insert_strongly_deleterious	0.01264187046384669
277|278	277	G196_practical_GS	GSDLVPRGS	9	-0.0011235243483112	0.9122257053291536	29	EXCLUDE	FALSE	background	intermediate	-5.707083	direct_insert_strongly_deleterious	0.01130095347762116
278|279	278	G196_practical_GS	GSDLVPRGS	9	-0.00384402046886345	0.8401253918495297	52	EXCLUDE	FALSE	background	intermediate	-5.924259	direct_insert_strongly_deleterious	0.01172148412601537
279|280	279	G196_practical_GS	GSDLVPRGS	9	-0.01166567292575582	0.5360501567398119	149	HIGH_RISK	FALSE	structural near-miss	intermediate	-6.002175	direct_insert_strongly_deleterious	0.007854953591381879
280|281	280	G196_practical_GS	GSDLVPRGS	9	-0.00542869060557427	0.7931034482758621	67	HIGH_RISK	FALSE	structural near-miss	intermediate	-5.697888	direct_insert_strongly_deleterious	0.0028289599221897896
281|282	281	G196_practical_GS	GSDLVPRGS	9	-0.01147463145415006	0.554858934169279	143	HIGH_RISK	FALSE	background	intermediate	-5.946118	direct_insert_strongly_deleterious	0.006681999334223311
282|283	282	G196_practical_GS	GSDLVPRGS	9	-0.02239689049285909	0.2288401253918495	247	HIGH_RISK	FALSE	background	intermediate	-5.729709	direct_insert_strongly_deleterious	0.02063587673403556
283|284	283	G196_practical_GS	GSDLVPRGS	9	-0.0051062966172308296	0.7993730407523512	65	HIGH_RISK	FALSE	background	intermediate	-5.510472	direct_insert_strongly_deleterious	0.0074135403788240205
284|285	284	G196_practical_GS	GSDLVPRGS	9	-0.0068567557046224	0.7492163009404389	81	HIGH_RISK	FALSE	background	intermediate	-5.794666	direct_insert_strongly_deleterious	0.0060705879332645304
285|286	285	G196_practical_GS	GSDLVPRGS	9	-0.00862847068886418	0.677115987460815	104	HIGH_RISK	FALSE	background	variable	-5.773479	direct_insert_strongly_deleterious	0.00937996966802591
286|287	286	G196_practical_GS	GSDLVPRGS	9	-0.00471489112375822	0.8025078369905956	64	HIGH_RISK	FALSE	background	variable	-5.738617	direct_insert_strongly_deleterious	0.00524487188775602
287|288	287	G196_practical_GS	GSDLVPRGS	9	-0.00939130373132934	0.6551724137931034	111	HIGH_RISK	TRUE	strict structural pass	variable	-5.521553	direct_insert_strongly_deleterious	0.007279908255585889
288|289	288	G196_practical_GS	GSDLVPRGS	9	-0.00858944327771205	0.6833855799373041	102	HIGH_RISK	TRUE	strict structural pass	variable	-5.152603	direct_insert_strongly_deleterious	0.0075805405354141195
289|290	289	G196_practical_GS	GSDLVPRGS	9	-0.00738262322311156	0.7304075235109717	87	HIGH_RISK	TRUE	strict structural pass	variable	-3.51897	direct_insert_strongly_deleterious	0.006077733441673499
290|291	290	G196_practical_GS	GSDLVPRGS	9	-0.01414144761468438	0.44200626959247646	179	HIGH_RISK	TRUE	strict structural pass	variable	-5.214399	direct_insert_strongly_deleterious	0.00919982977379074
291|292	291	G196_practical_GS	GSDLVPRGS	9	-0.01389263320943179	0.4545454545454546	175	HIGH_RISK	FALSE	structural near-miss	variable	-5.626087	direct_insert_strongly_deleterious	0.00718425730724714
292|293	292	G196_practical_GS	GSDLVPRGS	9	-0.01547185763211844	0.3855799373040753	197	HIGH_RISK	FALSE	background	variable	-5.679239	direct_insert_strongly_deleterious	0.01059083843840592
293|294	293	G196_practical_GS	GSDLVPRGS	9	-0.02003460054994521	0.25705329153605017	238	HIGH_RISK	FALSE	background	variable	-5.807167	direct_insert_strongly_deleterious	0.01148610978458553
294|295	294	G196_practical_GS	GSDLVPRGS	9	-0.01682822416567875	0.3510971786833855	208	HIGH_RISK	FALSE	background	variable	-5.532512	direct_insert_strongly_deleterious	0.01765649182238338
295|296	295	G196_practical_GS	GSDLVPRGS	9	-0.03016788793392244	0.10031347962382442	288	HIGH_RISK	FALSE	background	variable	-5.353998	direct_insert_strongly_deleterious	0.0155894753165291
296|297	296	G196_practical_GS	GSDLVPRGS	9	-0.02506408015890082	0.1724137931034483	265	HIGH_RISK	FALSE	background	variable	-5.665021	direct_insert_strongly_deleterious	0.011336497143000999
297|298	297	G196_practical_GS	GSDLVPRGS	9	-0.02546494284930078	0.16614420062695923	267	HIGH_RISK	FALSE	background	variable	-5.45315	direct_insert_strongly_deleterious	0.014183963086268129
298|299	298	G196_practical_GS	GSDLVPRGS	9	-0.02672240682570326	0.13793103448275867	276	HIGH_RISK	FALSE	background	variable	-5.33426	direct_insert_strongly_deleterious	0.0035020332690658407
299|300	299	G196_practical_GS	GSDLVPRGS	9	-0.02567536300446482	0.15987460815047017	269	HIGH_RISK	FALSE	background	variable	-5.366943	direct_insert_strongly_deleterious	0.014769950831095
300|301	300	G196_practical_GS	GSDLVPRGS	9	-0.02351123416968814	0.20376175548589337	255	HIGH_RISK	FALSE	structural near-miss	variable	-5.476475	direct_insert_strongly_deleterious	0.015987673574072492
301|302	301	G196_practical_GS	GSDLVPRGS	9	-0.02354818122069479	0.20062695924764895	256	HIGH_RISK	FALSE	background	variable	-5.482222	direct_insert_strongly_deleterious	0.00959937831682644
302|303	302	G196_practical_GS	GSDLVPRGS	9	-0.01317127914650884	0.48275862068965514	166	HIGH_RISK	FALSE	background	variable	-5.482222	direct_insert_strongly_deleterious	0.0012834660686174004
303|304	303	G196_practical_GS	GSDLVPRGS	9	-0.00792646768026283	0.7147335423197492	92	HIGH_RISK	FALSE	background	variable	-5.688607	direct_insert_strongly_deleterious	0.014434491251519969
304|305	304	G196_practical_GS	GSDLVPRGS	9	-0.01426313691183001	0.42946708463949845	183	HIGH_RISK	FALSE	background	variable	-5.650598	direct_insert_strongly_deleterious	0.010807663101846998
305|306	305	G196_practical_GS	GSDLVPRGS	9	-0.01272722319956987	0.49529780564263326	162	HIGH_RISK	FALSE	background	variable	-5.674522	direct_insert_strongly_deleterious	0.004450325827386701
306|307	306	G196_practical_GS	GSDLVPRGS	9	-0.00365393303845884	0.8463949843260188	50	HIGH_RISK	FALSE	background	variable	-5.729709	direct_insert_strongly_deleterious	0.01417642386743046
307|308	307	G196_practical_GS	GSDLVPRGS	9	-0.01079204362284036	0.5924764890282131	131	HIGH_RISK	FALSE	structural near-miss	variable	-5.7562	direct_insert_strongly_deleterious	0.00918549116362222
308|309	308	G196_practical_GS	GSDLVPRGS	9	-0.01118182929235889	0.567398119122257	139	HIGH_RISK	FALSE	background	variable	-5.660236	direct_insert_strongly_deleterious	0.007483090378456849
309|310	309	G196_practical_GS	GSDLVPRGS	9	-0.00411496719066395	0.8275862068965517	56	HIGH_RISK	FALSE	background	variable	-5.258362	direct_insert_strongly_deleterious	0.00745586270318554
310|311	310	G196_practical_GS	GSDLVPRGS	9	-0.00339615384910141	0.8620689655172413	45	HIGH_RISK	FALSE	background	variable	-5.379723	direct_insert_strongly_deleterious	0.0038999459073765204
311|312	311	G196_practical_GS	GSDLVPRGS	9	-0.00272220226798092	0.8746081504702194	41	HIGH_RISK	FALSE	background	variable	-5.729709	direct_insert_strongly_deleterious	0.00624688294497844
312|313	312	G196_practical_GS	GSDLVPRGS	9	-0.0084698978512665	0.6896551724137931	100	HIGH_RISK	FALSE	background	variable	-5.392341	direct_insert_strongly_deleterious	0.0039790196993707595
313|314	313	G196_practical_GS	GSDLVPRGS	9	-0.00908294509591467	0.664576802507837	108	HIGH_RISK	FALSE	background	variable	-5.221861	direct_insert_strongly_deleterious	0.005363628217005091
314|315	314	G196_practical_GS	GSDLVPRGS	9	-0.00353896508786721	0.8557993730407524	47	HIGH_RISK	FALSE	background	variable	-5.447233	direct_insert_strongly_deleterious	0.00483042879330897
315|316	315	G196_practical_GS	GSDLVPRGS	9	-0.00247119665544159	0.8840125391849529	38	EXCLUDE	FALSE	background	variable	-5.493618	direct_insert_strongly_deleterious	0.00927192679226074
316|317	316	G196_practical_GS	GSDLVPRGS	9	-0.01096765694014045	0.5799373040752351	135	EXCLUDE	FALSE	background	variable	-5.176226	direct_insert_strongly_deleterious	0.002352627651320381
317|318	317	G196_practical_GS	GSDLVPRGS	9	-0.0058611920058591	0.7711598746081505	74	EXCLUDE	FALSE	background	variable	-4.920455	direct_insert_strongly_deleterious	0.0020620872250769508
318|319	318	G196_practical_GS	GSDLVPRGS	9	-0.00527607788814732	0.7962382445141065	66	EXCLUDE	FALSE	background	variable	-5.034322	direct_insert_strongly_deleterious	0.007524427002011169
319|320	319	G196_practical_GS	GSDLVPRGS	9	-0.01272393358479373	0.4984326018808778	161	EXCLUDE	FALSE	background	variable	-5.060872	direct_insert_strongly_deleterious	0.00343098139376829
320|321	320	G196_practical_GS	GSDLVPRGS	9	-0.00116694181652698	0.9090909090909092	30	EXCLUDE	FALSE	background	intermediate	-4.64443	direct_insert_strongly_deleterious	0.01555753274623185
