construct_id	junction	tag_form	tag_sequence	tag_length	model_file	model_rank	model_seed	model_sha256	model_unique_sha_index	hexamer_structure	hexamer_source_path	hexamer_sha256	antibody_present	chain_fit_rmsd_A_mean	chain_fit_rmsd_A_max	alignment_residue_count_min	tag_ab_min_A	tag_ab_clashes_lt_2p0A	tag_ab_clashes_lt_2p5A	tag_ab_contacts_4p5A	tag_ab_contacts_5p0A	closest_tag_ab_pair	tag_other_protomer_min_A	tag_adjacent_protomer_min_A	tag_nonadjacent_protomer_min_A	tag_other_protomer_clashes_lt_2p0A	tag_other_protomer_clashes_lt_2p5A	tag_other_protomer_contacts_4p5A	worst_tag_chain_for_protomer_contact	tag_tag_min_A	tag_tag_clashes_lt_2p0A	tag_tag_clashes_lt_2p5A	tag_tag_contacts_4p5A	tag_overlaps_sequence_defined_9a5_epitope	analysis_note	hexamer_9a5_class
A89_2C_289_290_MAP8	289|290	MAP8	GDGMVPPG	8	results/open_structure_007/deep_subset/A89_2C_289_290_MAP8_unrelaxed_rank_001_alphafold2_ptm_model_1_seed_022.pdb	1	22	68e438d9c36d013b2ff501f00d9b18f68c876ce4207e949bd4c9e1f8ee5c01fd	2	1x9A5_100ps_showcase	HRV_A89_2C_HEXAMER/results_summary/SHOWCASE_1x_9A5_D_chain_after_npt_100ps_pbc_fixed.pdb	3d3f3f4956152103153d5c8a5135701ae3f7f3638eed42a1d528ef600b96bbc7	yes	3.1292263004414	3.18040995035675	321	18.512723864250145	0	0	0	0	B:ASP291:OD2--H:SER31:OG	3.8817198950136613	3.8817198950136613	3.9049779053307874	0	0	7	F	36.35249616780112	0	0	0	no	six_tagged_protomer_proxy_from_existing_tagged_monomer;endpoint_duplicates_removed_in_011a	ROBUST_9A5_CONTEXT
A89_2C_289_290_MAP8	289|290	MAP8	GDGMVPPG	8	results/open_structure_007/deep_subset/A89_2C_289_290_MAP8_unrelaxed_rank_001_alphafold2_ptm_model_1_seed_022.pdb	1	22	68e438d9c36d013b2ff501f00d9b18f68c876ce4207e949bd4c9e1f8ee5c01fd	2	1x9A5_1ns_rep1_reexported	results/9a5_context_011a_qc/reexported_1x9A5_endpoints/rep1_endpoint_last_frame_reexported.pdb	d0478a7a51689bb667669872868335018b6685e1e7218a351f1d7dc791f46d26	yes	3.158215056079693	3.2055884952327505	321	18.745363911963388	0	0	0	0	B:ASP291:OD2--H:SER31:OG	3.809068231866363	4.001228615863549	3.809068231866363	0	0	8	B	36.369299652279764	0	0	0	no	six_tagged_protomer_proxy_from_existing_tagged_monomer;endpoint_duplicates_removed_in_011a	ROBUST_9A5_CONTEXT
A89_2C_289_290_MAP8	289|290	MAP8	GDGMVPPG	8	results/open_structure_007/deep_subset/A89_2C_289_290_MAP8_unrelaxed_rank_001_alphafold2_ptm_model_1_seed_022.pdb	1	22	68e438d9c36d013b2ff501f00d9b18f68c876ce4207e949bd4c9e1f8ee5c01fd	2	1x9A5_1ns_rep2_reexported	results/9a5_context_011a_qc/reexported_1x9A5_endpoints/rep2_endpoint_last_frame_reexported.pdb	935684cc8c8088161467a728447c8fc821cd0c99d5175f2dc0ddfefc129df8c5	yes	3.182781598072749	3.270613341388944	321	18.84577183122911	0	0	0	0	B:ASP291:OD2--H:SER31:OG	3.6335919691142284	3.6335919691142284	4.003530561255588	0	0	9	F	36.50742765566605	0	0	0	no	six_tagged_protomer_proxy_from_existing_tagged_monomer;endpoint_duplicates_removed_in_011a	ROBUST_9A5_CONTEXT
A89_2C_289_290_MAP8	289|290	MAP8	GDGMVPPG	8	results/open_structure_007/deep_subset/A89_2C_289_290_MAP8_unrelaxed_rank_001_alphafold2_ptm_model_1_seed_022.pdb	1	22	68e438d9c36d013b2ff501f00d9b18f68c876ce4207e949bd4c9e1f8ee5c01fd	2	1x9A5_1ns_rep3_reexported	results/9a5_context_011a_qc/reexported_1x9A5_endpoints/rep3_endpoint_last_frame_reexported.pdb	5188d4f8df2e77f3c6bfbf01fcf4135cfde42c1c4ea56ec642c16cb6cd2370c1	yes	3.1913797556088745	3.230414634330701	321	18.607312034294974	0	0	0	0	B:ASP291:OD2--H:ASN75:O	3.809835114006598	3.8348243799762898	3.809835114006598	0	0	4	B	36.393023212200205	0	0	0	no	six_tagged_protomer_proxy_from_existing_tagged_monomer;endpoint_duplicates_removed_in_011a	ROBUST_9A5_CONTEXT
A89_2C_289_290_MAP8	289|290	MAP8	GDGMVPPG	8	results/open_structure_007/deep_subset/A89_2C_289_290_MAP8_unrelaxed_rank_001_alphafold2_ptm_model_1_seed_022.pdb	1	22	68e438d9c36d013b2ff501f00d9b18f68c876ce4207e949bd4c9e1f8ee5c01fd	2	free_hexamer_2ns_lead	HRV_A89_2C_HEXAMER/results_summary/selected_hexamer_01_md_representative.pdb	d6daf2cd8aa7db784561e85c5169e006a4c04b98ff68aebcdc63c6e34cfdc292	no	3.105253777790689	3.151650376161415	321		0	0	0	0	NA	3.7099568389392994	3.7452928880797196	3.7099568389392994	0	0	9	B	36.43310383528502	0	0	0	no	six_tagged_protomer_proxy_from_existing_tagged_monomer;endpoint_duplicates_removed_in_011a	ROBUST_9A5_CONTEXT
A89_2C_289_290_MAP8	289|290	MAP8	GDGMVPPG	8	results/open_structure_007/deep_subset/A89_2C_289_290_MAP8_unrelaxed_rank_001_alphafold2_ptm_model_1_seed_022.pdb	1	22	68e438d9c36d013b2ff501f00d9b18f68c876ce4207e949bd4c9e1f8ee5c01fd	2	free_hexamer_5ns_rep1	HRV_A89_2C_HEXAMER/results_summary/selected_hexamer_01_md_representative_5ns_rep1.pdb	2d4aa74795dd8fe100b63a25dc0065797cfad63972ced0e500b22a789fbdaaf8	no	3.1031525149775434	3.131182432678134	321		0	0	0	0	NA	3.8528413094176406	4.107876315479328	3.8528413094176406	0	0	7	A	36.41635018186954	0	0	0	no	six_tagged_protomer_proxy_from_existing_tagged_monomer;endpoint_duplicates_removed_in_011a	ROBUST_9A5_CONTEXT
A89_2C_289_290_MAP8	289|290	MAP8	GDGMVPPG	8	results/open_structure_007/deep_subset/A89_2C_289_290_MAP8_unrelaxed_rank_001_alphafold2_ptm_model_1_seed_022.pdb	1	22	68e438d9c36d013b2ff501f00d9b18f68c876ce4207e949bd4c9e1f8ee5c01fd	2	free_hexamer_5ns_rep2	HRV_A89_2C_HEXAMER/results_summary/selected_hexamer_01_md_representative_5ns_rep2.pdb	220bdfa9b1c09f29f933ae6e76e3f693a52185cb7acdfaa5926c15c56d8debc8	no	3.093414933440197	3.154252551850466	321		0	0	0	0	NA	3.6024037337301866	3.6024037337301866	4.06101984768289	0	0	5	F	36.43995958320069	0	0	0	no	six_tagged_protomer_proxy_from_existing_tagged_monomer;endpoint_duplicates_removed_in_011a	ROBUST_9A5_CONTEXT
A89_2C_289_290_MAP8	289|290	MAP8	GDGMVPPG	8	results/open_structure_007/deep_subset/A89_2C_289_290_MAP8_unrelaxed_rank_001_alphafold2_ptm_model_1_seed_022.pdb	1	22	68e438d9c36d013b2ff501f00d9b18f68c876ce4207e949bd4c9e1f8ee5c01fd	2	free_hexamer_5ns_rep3	HRV_A89_2C_HEXAMER/results_summary/selected_hexamer_01_md_representative_5ns_rep3.pdb	29e334a2081e858d4a1911f6f6ecac0e46e210946f8800f2634326944ebda336	no	3.084960061383255	3.1373376736976257	321		0	0	0	0	NA	3.3222125066884556	3.463995300230523	3.3222125066884556	0	0	12	A	36.34928381661775	0	0	0	no	six_tagged_protomer_proxy_from_existing_tagged_monomer;endpoint_duplicates_removed_in_011a	ROBUST_9A5_CONTEXT
A89_2C_289_290_MAP8	289|290	MAP8	GDGMVPPG	8	results/open_structure_007/deep_subset/A89_2C_289_290_MAP8_unrelaxed_rank_001_alphafold2_ptm_model_1_seed_022.pdb	1	22	68e438d9c36d013b2ff501f00d9b18f68c876ce4207e949bd4c9e1f8ee5c01fd	2	free_hexamer_control_model1	HRV_A89_2C_HEXAMER/results_summary/selected_hexamer_02_md_representative.pdb	be28894e60a05269dbf6ad02c070e56fad7f51fc8b1e8cc20b98406821fb5a78	no	3.139563040586724	3.154708150451925	321		0	0	0	0	NA	5.322539402744795	5.322539402744795	5.4736554999171965	0	0	0	F	37.65898108972626	0	0	0	no	six_tagged_protomer_proxy_from_existing_tagged_monomer;endpoint_duplicates_removed_in_011a	ROBUST_9A5_CONTEXT
A89_2C_289_290_MAP8	289|290	MAP8	GDGMVPPG	8	results/open_structure_007/deep_subset/A89_2C_289_290_MAP8_unrelaxed_rank_002_alphafold2_ptm_model_1_seed_021.pdb	2	21	5ade658968d62559ec88763f70e7985d422ba02c75445719bdf27a807a9eee95	1	1x9A5_100ps_showcase	HRV_A89_2C_HEXAMER/results_summary/SHOWCASE_1x_9A5_D_chain_after_npt_100ps_pbc_fixed.pdb	3d3f3f4956152103153d5c8a5135701ae3f7f3638eed42a1d528ef600b96bbc7	yes	2.276434673881987	2.3244796076352463	321	16.91561248342323	0	0	0	0	B:ASP291:OD2--H:SER31:OG	3.2377137102122764	3.2377137102122764	3.853065935588287	0	0	11	F	35.61729646674463	0	0	0	no	six_tagged_protomer_proxy_from_existing_tagged_monomer;endpoint_duplicates_removed_in_011a	ROBUST_9A5_CONTEXT
A89_2C_289_290_MAP8	289|290	MAP8	GDGMVPPG	8	results/open_structure_007/deep_subset/A89_2C_289_290_MAP8_unrelaxed_rank_002_alphafold2_ptm_model_1_seed_021.pdb	2	21	5ade658968d62559ec88763f70e7985d422ba02c75445719bdf27a807a9eee95	1	1x9A5_1ns_rep1_reexported	results/9a5_context_011a_qc/reexported_1x9A5_endpoints/rep1_endpoint_last_frame_reexported.pdb	d0478a7a51689bb667669872868335018b6685e1e7218a351f1d7dc791f46d26	yes	2.306091296984942	2.3757786668451875	321	17.172157491236263	0	0	0	0	B:ASP291:OD2--H:SER31:OG	2.9118208029690487	2.9118208029690487	3.3295807729253104	0	0	16	F	35.63295572453396	0	0	0	no	six_tagged_protomer_proxy_from_existing_tagged_monomer;endpoint_duplicates_removed_in_011a	ROBUST_9A5_CONTEXT
A89_2C_289_290_MAP8	289|290	MAP8	GDGMVPPG	8	results/open_structure_007/deep_subset/A89_2C_289_290_MAP8_unrelaxed_rank_002_alphafold2_ptm_model_1_seed_021.pdb	2	21	5ade658968d62559ec88763f70e7985d422ba02c75445719bdf27a807a9eee95	1	1x9A5_1ns_rep2_reexported	results/9a5_context_011a_qc/reexported_1x9A5_endpoints/rep2_endpoint_last_frame_reexported.pdb	935684cc8c8088161467a728447c8fc821cd0c99d5175f2dc0ddfefc129df8c5	yes	2.327998246900218	2.4328270640106435	321	17.276308150564255	0	0	0	0	B:ASP291:OD2--H:SER31:OG	3.4538981044315724	3.542753219155914	3.4538981044315724	0	0	13	B	35.779335915355254	0	0	0	no	six_tagged_protomer_proxy_from_existing_tagged_monomer;endpoint_duplicates_removed_in_011a	ROBUST_9A5_CONTEXT
A89_2C_289_290_MAP8	289|290	MAP8	GDGMVPPG	8	results/open_structure_007/deep_subset/A89_2C_289_290_MAP8_unrelaxed_rank_002_alphafold2_ptm_model_1_seed_021.pdb	2	21	5ade658968d62559ec88763f70e7985d422ba02c75445719bdf27a807a9eee95	1	1x9A5_1ns_rep3_reexported	results/9a5_context_011a_qc/reexported_1x9A5_endpoints/rep3_endpoint_last_frame_reexported.pdb	5188d4f8df2e77f3c6bfbf01fcf4135cfde42c1c4ea56ec642c16cb6cd2370c1	yes	2.331962079783257	2.3622357495067208	321	16.96219334710748	0	0	0	0	B:ASP291:OD2--H:ASN75:O	3.034331330599186	3.803279063776485	3.034331330599186	0	0	11	B	35.6626959272889	0	0	0	no	six_tagged_protomer_proxy_from_existing_tagged_monomer;endpoint_duplicates_removed_in_011a	ROBUST_9A5_CONTEXT
A89_2C_289_290_MAP8	289|290	MAP8	GDGMVPPG	8	results/open_structure_007/deep_subset/A89_2C_289_290_MAP8_unrelaxed_rank_002_alphafold2_ptm_model_1_seed_021.pdb	2	21	5ade658968d62559ec88763f70e7985d422ba02c75445719bdf27a807a9eee95	1	free_hexamer_2ns_lead	HRV_A89_2C_HEXAMER/results_summary/selected_hexamer_01_md_representative.pdb	d6daf2cd8aa7db784561e85c5169e006a4c04b98ff68aebcdc63c6e34cfdc292	no	2.2504337195044855	2.297456784446257	321		0	0	0	0	NA	3.625494132646823	3.625494132646823	3.7969898741375836	0	0	11	F	35.69533498668765	0	0	0	no	six_tagged_protomer_proxy_from_existing_tagged_monomer;endpoint_duplicates_removed_in_011a	ROBUST_9A5_CONTEXT
A89_2C_289_290_MAP8	289|290	MAP8	GDGMVPPG	8	results/open_structure_007/deep_subset/A89_2C_289_290_MAP8_unrelaxed_rank_002_alphafold2_ptm_model_1_seed_021.pdb	2	21	5ade658968d62559ec88763f70e7985d422ba02c75445719bdf27a807a9eee95	1	free_hexamer_5ns_rep1	HRV_A89_2C_HEXAMER/results_summary/selected_hexamer_01_md_representative_5ns_rep1.pdb	2d4aa74795dd8fe100b63a25dc0065797cfad63972ced0e500b22a789fbdaaf8	no	2.248924136068907	2.2750875264653247	321		0	0	0	0	NA	3.465517198134672	3.8787828304989085	3.465517198134672	0	0	8	A	35.708243532454965	0	0	0	no	six_tagged_protomer_proxy_from_existing_tagged_monomer;endpoint_duplicates_removed_in_011a	ROBUST_9A5_CONTEXT
A89_2C_289_290_MAP8	289|290	MAP8	GDGMVPPG	8	results/open_structure_007/deep_subset/A89_2C_289_290_MAP8_unrelaxed_rank_002_alphafold2_ptm_model_1_seed_021.pdb	2	21	5ade658968d62559ec88763f70e7985d422ba02c75445719bdf27a807a9eee95	1	free_hexamer_5ns_rep2	HRV_A89_2C_HEXAMER/results_summary/selected_hexamer_01_md_representative_5ns_rep2.pdb	220bdfa9b1c09f29f933ae6e76e3f693a52185cb7acdfaa5926c15c56d8debc8	no	2.244059935251844	2.310953621250492	321		0	0	0	0	NA	3.5214366012897735	3.5214366012897735	3.631378553874996	0	0	11	F	35.73583030647538	0	0	0	no	six_tagged_protomer_proxy_from_existing_tagged_monomer;endpoint_duplicates_removed_in_011a	ROBUST_9A5_CONTEXT
A89_2C_289_290_MAP8	289|290	MAP8	GDGMVPPG	8	results/open_structure_007/deep_subset/A89_2C_289_290_MAP8_unrelaxed_rank_002_alphafold2_ptm_model_1_seed_021.pdb	2	21	5ade658968d62559ec88763f70e7985d422ba02c75445719bdf27a807a9eee95	1	free_hexamer_5ns_rep3	HRV_A89_2C_HEXAMER/results_summary/selected_hexamer_01_md_representative_5ns_rep3.pdb	29e334a2081e858d4a1911f6f6ecac0e46e210946f8800f2634326944ebda336	no	2.2296033625493177	2.267458806229825	321		0	0	0	0	NA	3.3048658923755654	3.3048658923755654	3.3964199062930436	0	0	13	F	35.618164473515215	0	0	0	no	six_tagged_protomer_proxy_from_existing_tagged_monomer;endpoint_duplicates_removed_in_011a	ROBUST_9A5_CONTEXT
A89_2C_289_290_MAP8	289|290	MAP8	GDGMVPPG	8	results/open_structure_007/deep_subset/A89_2C_289_290_MAP8_unrelaxed_rank_002_alphafold2_ptm_model_1_seed_021.pdb	2	21	5ade658968d62559ec88763f70e7985d422ba02c75445719bdf27a807a9eee95	1	free_hexamer_control_model1	HRV_A89_2C_HEXAMER/results_summary/selected_hexamer_02_md_representative.pdb	be28894e60a05269dbf6ad02c070e56fad7f51fc8b1e8cc20b98406821fb5a78	no	2.2506435642753373	2.2745716520048025	321		0	0	0	0	NA	4.841402258064355	4.928088074327791	4.841402258064355	0	0	0	A	36.87238316076885	0	0	0	no	six_tagged_protomer_proxy_from_existing_tagged_monomer;endpoint_duplicates_removed_in_011a	ROBUST_9A5_CONTEXT
A89_2C_289_290_MAP8	289|290	MAP8	GDGMVPPG	8	results/open_structure_007/tier1_shallow/A89_2C_289_290_MAP8_unrelaxed_rank_001_alphafold2_ptm_model_1_seed_011.pdb	1	11	fa876ff64cf1bb526057f35cca4c78665cbf2d8ff56cf868dfda2bc023fee495	3	1x9A5_100ps_showcase	HRV_A89_2C_HEXAMER/results_summary/SHOWCASE_1x_9A5_D_chain_after_npt_100ps_pbc_fixed.pdb	3d3f3f4956152103153d5c8a5135701ae3f7f3638eed42a1d528ef600b96bbc7	yes	2.7717946848036057	2.8528665186029745	321	19.478290562344675	0	0	0	0	B:ASP291:OD2--H:SER31:OG	4.934204273123286	5.093440686364775	4.934204273123286	0	0	0	B	37.04032234538663	0	0	0	no	six_tagged_protomer_proxy_from_existing_tagged_monomer;endpoint_duplicates_removed_in_011a	ROBUST_9A5_CONTEXT
A89_2C_289_290_MAP8	289|290	MAP8	GDGMVPPG	8	results/open_structure_007/tier1_shallow/A89_2C_289_290_MAP8_unrelaxed_rank_001_alphafold2_ptm_model_1_seed_011.pdb	1	11	fa876ff64cf1bb526057f35cca4c78665cbf2d8ff56cf868dfda2bc023fee495	3	1x9A5_1ns_rep1_reexported	results/9a5_context_011a_qc/reexported_1x9A5_endpoints/rep1_endpoint_last_frame_reexported.pdb	d0478a7a51689bb667669872868335018b6685e1e7218a351f1d7dc791f46d26	yes	2.8237783880971086	2.875960316335851	321	19.724325492859204	0	0	0	0	B:ASP291:OD2--H:SER31:OG	4.387680360576676	5.197647358629195	4.387680360576676	0	0	1	A	37.04351368477121	0	0	0	no	six_tagged_protomer_proxy_from_existing_tagged_monomer;endpoint_duplicates_removed_in_011a	ROBUST_9A5_CONTEXT
A89_2C_289_290_MAP8	289|290	MAP8	GDGMVPPG	8	results/open_structure_007/tier1_shallow/A89_2C_289_290_MAP8_unrelaxed_rank_001_alphafold2_ptm_model_1_seed_011.pdb	1	11	fa876ff64cf1bb526057f35cca4c78665cbf2d8ff56cf868dfda2bc023fee495	3	1x9A5_1ns_rep2_reexported	results/9a5_context_011a_qc/reexported_1x9A5_endpoints/rep2_endpoint_last_frame_reexported.pdb	935684cc8c8088161467a728447c8fc821cd0c99d5175f2dc0ddfefc129df8c5	yes	2.8437908045724005	2.942066625115578	321	19.72787207601207	0	0	0	0	B:ASP291:OD2--H:SER31:OG	4.783024309034336	4.785996014480855	4.783024309034336	0	0	0	A	37.15611915856359	0	0	0	no	six_tagged_protomer_proxy_from_existing_tagged_monomer;endpoint_duplicates_removed_in_011a	ROBUST_9A5_CONTEXT
A89_2C_289_290_MAP8	289|290	MAP8	GDGMVPPG	8	results/open_structure_007/tier1_shallow/A89_2C_289_290_MAP8_unrelaxed_rank_001_alphafold2_ptm_model_1_seed_011.pdb	1	11	fa876ff64cf1bb526057f35cca4c78665cbf2d8ff56cf868dfda2bc023fee495	3	1x9A5_1ns_rep3_reexported	results/9a5_context_011a_qc/reexported_1x9A5_endpoints/rep3_endpoint_last_frame_reexported.pdb	5188d4f8df2e77f3c6bfbf01fcf4135cfde42c1c4ea56ec642c16cb6cd2370c1	yes	2.8464030294339766	2.9112059131324015	321	19.687921032977627	0	0	0	0	B:ASP291:OD2--H:ASN75:O	4.714075921768764	5.109067876773996	4.714075921768764	0	0	0	D	37.05719621195074	0	0	0	no	six_tagged_protomer_proxy_from_existing_tagged_monomer;endpoint_duplicates_removed_in_011a	ROBUST_9A5_CONTEXT
A89_2C_289_290_MAP8	289|290	MAP8	GDGMVPPG	8	results/open_structure_007/tier1_shallow/A89_2C_289_290_MAP8_unrelaxed_rank_001_alphafold2_ptm_model_1_seed_011.pdb	1	11	fa876ff64cf1bb526057f35cca4c78665cbf2d8ff56cf868dfda2bc023fee495	3	free_hexamer_2ns_lead	HRV_A89_2C_HEXAMER/results_summary/selected_hexamer_01_md_representative.pdb	d6daf2cd8aa7db784561e85c5169e006a4c04b98ff68aebcdc63c6e34cfdc292	no	2.7449115354029567	2.813436143614845	321		0	0	0	0	NA	4.3325602816816025	4.796724425430645	4.3325602816816025	0	0	1	B	37.01320408291294	0	0	0	no	six_tagged_protomer_proxy_from_existing_tagged_monomer;endpoint_duplicates_removed_in_011a	ROBUST_9A5_CONTEXT
A89_2C_289_290_MAP8	289|290	MAP8	GDGMVPPG	8	results/open_structure_007/tier1_shallow/A89_2C_289_290_MAP8_unrelaxed_rank_001_alphafold2_ptm_model_1_seed_011.pdb	1	11	fa876ff64cf1bb526057f35cca4c78665cbf2d8ff56cf868dfda2bc023fee495	3	free_hexamer_5ns_rep1	HRV_A89_2C_HEXAMER/results_summary/selected_hexamer_01_md_representative_5ns_rep1.pdb	2d4aa74795dd8fe100b63a25dc0065797cfad63972ced0e500b22a789fbdaaf8	no	2.7459904992223847	2.782372361971416	321		0	0	0	0	NA	4.6090989801545215	4.630352637286314	4.6090989801545215	0	0	0	A	36.89577197016754	0	0	0	no	six_tagged_protomer_proxy_from_existing_tagged_monomer;endpoint_duplicates_removed_in_011a	ROBUST_9A5_CONTEXT
A89_2C_289_290_MAP8	289|290	MAP8	GDGMVPPG	8	results/open_structure_007/tier1_shallow/A89_2C_289_290_MAP8_unrelaxed_rank_001_alphafold2_ptm_model_1_seed_011.pdb	1	11	fa876ff64cf1bb526057f35cca4c78665cbf2d8ff56cf868dfda2bc023fee495	3	free_hexamer_5ns_rep2	HRV_A89_2C_HEXAMER/results_summary/selected_hexamer_01_md_representative_5ns_rep2.pdb	220bdfa9b1c09f29f933ae6e76e3f693a52185cb7acdfaa5926c15c56d8debc8	no	2.727548505515681	2.7779138300829405	321		0	0	0	0	NA	4.851107998668215	4.86494247325063	4.851107998668215	0	0	0	D	36.90318074899602	0	0	0	no	six_tagged_protomer_proxy_from_existing_tagged_monomer;endpoint_duplicates_removed_in_011a	ROBUST_9A5_CONTEXT
A89_2C_289_290_MAP8	289|290	MAP8	GDGMVPPG	8	results/open_structure_007/tier1_shallow/A89_2C_289_290_MAP8_unrelaxed_rank_001_alphafold2_ptm_model_1_seed_011.pdb	1	11	fa876ff64cf1bb526057f35cca4c78665cbf2d8ff56cf868dfda2bc023fee495	3	free_hexamer_5ns_rep3	HRV_A89_2C_HEXAMER/results_summary/selected_hexamer_01_md_representative_5ns_rep3.pdb	29e334a2081e858d4a1911f6f6ecac0e46e210946f8800f2634326944ebda336	no	2.7314555776799136	2.821404543196933	321		0	0	0	0	NA	4.301784158426794	4.949198264204725	4.301784158426794	0	0	1	A	37.01950224051058	0	0	0	no	six_tagged_protomer_proxy_from_existing_tagged_monomer;endpoint_duplicates_removed_in_011a	ROBUST_9A5_CONTEXT
A89_2C_289_290_MAP8	289|290	MAP8	GDGMVPPG	8	results/open_structure_007/tier1_shallow/A89_2C_289_290_MAP8_unrelaxed_rank_001_alphafold2_ptm_model_1_seed_011.pdb	1	11	fa876ff64cf1bb526057f35cca4c78665cbf2d8ff56cf868dfda2bc023fee495	3	free_hexamer_control_model1	HRV_A89_2C_HEXAMER/results_summary/selected_hexamer_02_md_representative.pdb	be28894e60a05269dbf6ad02c070e56fad7f51fc8b1e8cc20b98406821fb5a78	no	3.2070347011482445	3.225977132133233	321		0	0	0	0	NA	5.9454855227811585	5.9454855227811585	6.007201704217542	0	0	0	F	37.17137868538709	0	0	0	no	six_tagged_protomer_proxy_from_existing_tagged_monomer;endpoint_duplicates_removed_in_011a	ROBUST_9A5_CONTEXT
A89_2C_289_290_G196_minimal	289|290	G196_minimal	DLVPR	5	results/open_structure_007/deep_subset/A89_2C_289_290_G196_minimal_unrelaxed_rank_001_alphafold2_ptm_model_1_seed_022.pdb	1	22	cf4f6776c69a22535020fad00e65e2ed003c909fce4b855d96d9112e459d55c2	3	1x9A5_100ps_showcase	HRV_A89_2C_HEXAMER/results_summary/SHOWCASE_1x_9A5_D_chain_after_npt_100ps_pbc_fixed.pdb	3d3f3f4956152103153d5c8a5135701ae3f7f3638eed42a1d528ef600b96bbc7	yes	3.124247650837633	3.1723347998341835	321	17.861636473455004	0	0	0	0	B:ASP290:OD2--H:ILE57:CD	8.656288146630803	8.656288146630803	9.915463965804076	0	0	0	F	37.460414303326374	0	0	0	no	six_tagged_protomer_proxy_from_existing_tagged_monomer;endpoint_duplicates_removed_in_011a	ROBUST_9A5_CONTEXT
A89_2C_289_290_G196_minimal	289|290	G196_minimal	DLVPR	5	results/open_structure_007/deep_subset/A89_2C_289_290_G196_minimal_unrelaxed_rank_001_alphafold2_ptm_model_1_seed_022.pdb	1	22	cf4f6776c69a22535020fad00e65e2ed003c909fce4b855d96d9112e459d55c2	3	1x9A5_1ns_rep1_reexported	results/9a5_context_011a_qc/reexported_1x9A5_endpoints/rep1_endpoint_last_frame_reexported.pdb	d0478a7a51689bb667669872868335018b6685e1e7218a351f1d7dc791f46d26	yes	3.15353223981452	3.209993858224044	321	18.37787834763323	0	0	0	0	B:ASP290:OD2--H:ILE57:CD	8.996834199209026	8.996834199209026	9.200760813739507	0	0	0	F	37.47523577778959	0	0	0	no	six_tagged_protomer_proxy_from_existing_tagged_monomer;endpoint_duplicates_removed_in_011a	ROBUST_9A5_CONTEXT
A89_2C_289_290_G196_minimal	289|290	G196_minimal	DLVPR	5	results/open_structure_007/deep_subset/A89_2C_289_290_G196_minimal_unrelaxed_rank_001_alphafold2_ptm_model_1_seed_022.pdb	1	22	cf4f6776c69a22535020fad00e65e2ed003c909fce4b855d96d9112e459d55c2	3	1x9A5_1ns_rep2_reexported	results/9a5_context_011a_qc/reexported_1x9A5_endpoints/rep2_endpoint_last_frame_reexported.pdb	935684cc8c8088161467a728447c8fc821cd0c99d5175f2dc0ddfefc129df8c5	yes	3.17838959992788	3.2759936482601013	321	17.830563534135653	0	0	0	0	B:ASP290:OD2--H:ILE57:CD	9.171482776287675	9.5395204273123	9.171482776287675	0	0	0	A	37.62984916123398	0	0	0	no	six_tagged_protomer_proxy_from_existing_tagged_monomer;endpoint_duplicates_removed_in_011a	ROBUST_9A5_CONTEXT
A89_2C_289_290_G196_minimal	289|290	G196_minimal	DLVPR	5	results/open_structure_007/deep_subset/A89_2C_289_290_G196_minimal_unrelaxed_rank_001_alphafold2_ptm_model_1_seed_022.pdb	1	22	cf4f6776c69a22535020fad00e65e2ed003c909fce4b855d96d9112e459d55c2	3	1x9A5_1ns_rep3_reexported	results/9a5_context_011a_qc/reexported_1x9A5_endpoints/rep3_endpoint_last_frame_reexported.pdb	5188d4f8df2e77f3c6bfbf01fcf4135cfde42c1c4ea56ec642c16cb6cd2370c1	yes	3.1835029885721546	3.219872480343591	321	18.335208874431775	0	0	0	0	B:ASP290:OD2--H:ALA55:CB	9.142921746751464	9.142921746751464	9.729688861258353	0	0	0	F	37.507866460089105	0	0	0	no	six_tagged_protomer_proxy_from_existing_tagged_monomer;endpoint_duplicates_removed_in_011a	ROBUST_9A5_CONTEXT
A89_2C_289_290_G196_minimal	289|290	G196_minimal	DLVPR	5	results/open_structure_007/deep_subset/A89_2C_289_290_G196_minimal_unrelaxed_rank_001_alphafold2_ptm_model_1_seed_022.pdb	1	22	cf4f6776c69a22535020fad00e65e2ed003c909fce4b855d96d9112e459d55c2	3	free_hexamer_2ns_lead	HRV_A89_2C_HEXAMER/results_summary/selected_hexamer_01_md_representative.pdb	d6daf2cd8aa7db784561e85c5169e006a4c04b98ff68aebcdc63c6e34cfdc292	no	3.099298967793462	3.1418899564973275	321		0	0	0	0	NA	9.313183791758037	9.313183791758037	9.754842795593316	0	0	0	F	37.54343193448658	0	0	0	no	six_tagged_protomer_proxy_from_existing_tagged_monomer;endpoint_duplicates_removed_in_011a	ROBUST_9A5_CONTEXT
A89_2C_289_290_G196_minimal	289|290	G196_minimal	DLVPR	5	results/open_structure_007/deep_subset/A89_2C_289_290_G196_minimal_unrelaxed_rank_001_alphafold2_ptm_model_1_seed_022.pdb	1	22	cf4f6776c69a22535020fad00e65e2ed003c909fce4b855d96d9112e459d55c2	3	free_hexamer_5ns_rep1	HRV_A89_2C_HEXAMER/results_summary/selected_hexamer_01_md_representative_5ns_rep1.pdb	2d4aa74795dd8fe100b63a25dc0065797cfad63972ced0e500b22a789fbdaaf8	no	3.0972873836357655	3.130022688769066	321		0	0	0	0	NA	9.007651289537364	9.496593903042147	9.007651289537364	0	0	0	A	37.51787927166528	0	0	0	no	six_tagged_protomer_proxy_from_existing_tagged_monomer;endpoint_duplicates_removed_in_011a	ROBUST_9A5_CONTEXT
A89_2C_289_290_G196_minimal	289|290	G196_minimal	DLVPR	5	results/open_structure_007/deep_subset/A89_2C_289_290_G196_minimal_unrelaxed_rank_001_alphafold2_ptm_model_1_seed_022.pdb	1	22	cf4f6776c69a22535020fad00e65e2ed003c909fce4b855d96d9112e459d55c2	3	free_hexamer_5ns_rep2	HRV_A89_2C_HEXAMER/results_summary/selected_hexamer_01_md_representative_5ns_rep2.pdb	220bdfa9b1c09f29f933ae6e76e3f693a52185cb7acdfaa5926c15c56d8debc8	no	3.0894335592899798	3.152171697114195	321		0	0	0	0	NA	9.396878372661948	9.842771085188254	9.396878372661948	0	0	0	A	37.54569399119027	0	0	0	no	six_tagged_protomer_proxy_from_existing_tagged_monomer;endpoint_duplicates_removed_in_011a	ROBUST_9A5_CONTEXT
A89_2C_289_290_G196_minimal	289|290	G196_minimal	DLVPR	5	results/open_structure_007/deep_subset/A89_2C_289_290_G196_minimal_unrelaxed_rank_001_alphafold2_ptm_model_1_seed_022.pdb	1	22	cf4f6776c69a22535020fad00e65e2ed003c909fce4b855d96d9112e459d55c2	3	free_hexamer_5ns_rep3	HRV_A89_2C_HEXAMER/results_summary/selected_hexamer_01_md_representative_5ns_rep3.pdb	29e334a2081e858d4a1911f6f6ecac0e46e210946f8800f2634326944ebda336	no	3.080284720461973	3.132354520703444	321		0	0	0	0	NA	9.437818414598558	9.88395933580136	9.437818414598558	0	0	0	A	37.45627582902813	0	0	0	no	six_tagged_protomer_proxy_from_existing_tagged_monomer;endpoint_duplicates_removed_in_011a	ROBUST_9A5_CONTEXT
A89_2C_289_290_G196_minimal	289|290	G196_minimal	DLVPR	5	results/open_structure_007/deep_subset/A89_2C_289_290_G196_minimal_unrelaxed_rank_001_alphafold2_ptm_model_1_seed_022.pdb	1	22	cf4f6776c69a22535020fad00e65e2ed003c909fce4b855d96d9112e459d55c2	3	free_hexamer_control_model1	HRV_A89_2C_HEXAMER/results_summary/selected_hexamer_02_md_representative.pdb	be28894e60a05269dbf6ad02c070e56fad7f51fc8b1e8cc20b98406821fb5a78	no	3.096695589902513	3.1128409353764046	321		0	0	0	0	NA	9.872558045433564	9.872558045433564	9.885109417763918	0	0	0	F	38.90666675616327	0	0	0	no	six_tagged_protomer_proxy_from_existing_tagged_monomer;endpoint_duplicates_removed_in_011a	ROBUST_9A5_CONTEXT
A89_2C_289_290_G196_minimal	289|290	G196_minimal	DLVPR	5	results/open_structure_007/deep_subset/A89_2C_289_290_G196_minimal_unrelaxed_rank_002_alphafold2_ptm_model_1_seed_021.pdb	2	21	44a76002f09f8fcd6365345e4a0eb3a1f73eac4a1561d5e01f5f8a1919987d18	1	1x9A5_100ps_showcase	HRV_A89_2C_HEXAMER/results_summary/SHOWCASE_1x_9A5_D_chain_after_npt_100ps_pbc_fixed.pdb	3d3f3f4956152103153d5c8a5135701ae3f7f3638eed42a1d528ef600b96bbc7	yes	2.75376444785492	2.7934616126396286	321	17.223065175658075	0	0	0	0	B:ASP290:OD2--H:ILE57:CD	8.186400987836034	8.186400987836034	9.433522860598474	0	0	0	F	36.75295871250972	0	0	0	no	six_tagged_protomer_proxy_from_existing_tagged_monomer;endpoint_duplicates_removed_in_011a	ROBUST_9A5_CONTEXT
A89_2C_289_290_G196_minimal	289|290	G196_minimal	DLVPR	5	results/open_structure_007/deep_subset/A89_2C_289_290_G196_minimal_unrelaxed_rank_002_alphafold2_ptm_model_1_seed_021.pdb	2	21	44a76002f09f8fcd6365345e4a0eb3a1f73eac4a1561d5e01f5f8a1919987d18	1	1x9A5_1ns_rep1_reexported	results/9a5_context_011a_qc/reexported_1x9A5_endpoints/rep1_endpoint_last_frame_reexported.pdb	d0478a7a51689bb667669872868335018b6685e1e7218a351f1d7dc791f46d26	yes	2.775789197821699	2.840557850005582	321	17.641551889055886	0	0	0	0	B:ASP290:OD2--H:ALA55:CB	8.538183029042223	8.538183029042223	8.62222814845741	0	0	0	F	36.76794346328971	0	0	0	no	six_tagged_protomer_proxy_from_existing_tagged_monomer;endpoint_duplicates_removed_in_011a	ROBUST_9A5_CONTEXT
A89_2C_289_290_G196_minimal	289|290	G196_minimal	DLVPR	5	results/open_structure_007/deep_subset/A89_2C_289_290_G196_minimal_unrelaxed_rank_002_alphafold2_ptm_model_1_seed_021.pdb	2	21	44a76002f09f8fcd6365345e4a0eb3a1f73eac4a1561d5e01f5f8a1919987d18	1	1x9A5_1ns_rep2_reexported	results/9a5_context_011a_qc/reexported_1x9A5_endpoints/rep2_endpoint_last_frame_reexported.pdb	935684cc8c8088161467a728447c8fc821cd0c99d5175f2dc0ddfefc129df8c5	yes	2.796028493309001	2.894102571576167	321	17.23464328598814	0	0	0	0	B:ASP290:OD2--H:ILE57:CD	8.793596232688536	9.12364052156305	8.793596232688536	0	0	0	A	36.92243225234647	0	0	0	no	six_tagged_protomer_proxy_from_existing_tagged_monomer;endpoint_duplicates_removed_in_011a	ROBUST_9A5_CONTEXT
A89_2C_289_290_G196_minimal	289|290	G196_minimal	DLVPR	5	results/open_structure_007/deep_subset/A89_2C_289_290_G196_minimal_unrelaxed_rank_002_alphafold2_ptm_model_1_seed_021.pdb	2	21	44a76002f09f8fcd6365345e4a0eb3a1f73eac4a1561d5e01f5f8a1919987d18	1	1x9A5_1ns_rep3_reexported	results/9a5_context_011a_qc/reexported_1x9A5_endpoints/rep3_endpoint_last_frame_reexported.pdb	5188d4f8df2e77f3c6bfbf01fcf4135cfde42c1c4ea56ec642c16cb6cd2370c1	yes	2.802130354470453	2.841990445686449	321	17.513723916829985	0	0	0	0	B:ASP290:OD2--H:ALA55:CB	8.567460541846664	8.567460541846664	9.347118889902694	0	0	0	F	36.80624038175036	0	0	0	no	six_tagged_protomer_proxy_from_existing_tagged_monomer;endpoint_duplicates_removed_in_011a	ROBUST_9A5_CONTEXT
A89_2C_289_290_G196_minimal	289|290	G196_minimal	DLVPR	5	results/open_structure_007/deep_subset/A89_2C_289_290_G196_minimal_unrelaxed_rank_002_alphafold2_ptm_model_1_seed_021.pdb	2	21	44a76002f09f8fcd6365345e4a0eb3a1f73eac4a1561d5e01f5f8a1919987d18	1	free_hexamer_2ns_lead	HRV_A89_2C_HEXAMER/results_summary/selected_hexamer_01_md_representative.pdb	d6daf2cd8aa7db784561e85c5169e006a4c04b98ff68aebcdc63c6e34cfdc292	no	2.729128198617908	2.764192082069227	321		0	0	0	0	NA	8.937931930990777	8.937931930990777	9.106389938024392	0	0	0	F	36.83323860226527	0	0	0	no	six_tagged_protomer_proxy_from_existing_tagged_monomer;endpoint_duplicates_removed_in_011a	ROBUST_9A5_CONTEXT
A89_2C_289_290_G196_minimal	289|290	G196_minimal	DLVPR	5	results/open_structure_007/deep_subset/A89_2C_289_290_G196_minimal_unrelaxed_rank_002_alphafold2_ptm_model_1_seed_021.pdb	2	21	44a76002f09f8fcd6365345e4a0eb3a1f73eac4a1561d5e01f5f8a1919987d18	1	free_hexamer_5ns_rep1	HRV_A89_2C_HEXAMER/results_summary/selected_hexamer_01_md_representative_5ns_rep1.pdb	2d4aa74795dd8fe100b63a25dc0065797cfad63972ced0e500b22a789fbdaaf8	no	2.725512419480916	2.7581272700458	321		0	0	0	0	NA	8.641879951906635	9.152436037830084	8.641879951906635	0	0	0	A	36.830606190195915	0	0	0	no	six_tagged_protomer_proxy_from_existing_tagged_monomer;endpoint_duplicates_removed_in_011a	ROBUST_9A5_CONTEXT
A89_2C_289_290_G196_minimal	289|290	G196_minimal	DLVPR	5	results/open_structure_007/deep_subset/A89_2C_289_290_G196_minimal_unrelaxed_rank_002_alphafold2_ptm_model_1_seed_021.pdb	2	21	44a76002f09f8fcd6365345e4a0eb3a1f73eac4a1561d5e01f5f8a1919987d18	1	free_hexamer_5ns_rep2	HRV_A89_2C_HEXAMER/results_summary/selected_hexamer_01_md_representative_5ns_rep2.pdb	220bdfa9b1c09f29f933ae6e76e3f693a52185cb7acdfaa5926c15c56d8debc8	no	2.7259948812659447	2.7966653321259463	321		0	0	0	0	NA	9.001142691013492	9.22224093916341	9.001142691013492	0	0	0	A	36.83101663460468	0	0	0	no	six_tagged_protomer_proxy_from_existing_tagged_monomer;endpoint_duplicates_removed_in_011a	ROBUST_9A5_CONTEXT
A89_2C_289_290_G196_minimal	289|290	G196_minimal	DLVPR	5	results/open_structure_007/deep_subset/A89_2C_289_290_G196_minimal_unrelaxed_rank_002_alphafold2_ptm_model_1_seed_021.pdb	2	21	44a76002f09f8fcd6365345e4a0eb3a1f73eac4a1561d5e01f5f8a1919987d18	1	free_hexamer_5ns_rep3	HRV_A89_2C_HEXAMER/results_summary/selected_hexamer_01_md_representative_5ns_rep3.pdb	29e334a2081e858d4a1911f6f6ecac0e46e210946f8800f2634326944ebda336	no	2.708673185259805	2.7374027602168196	321		0	0	0	0	NA	8.762634319150921	9.15864372389498	8.762634319150921	0	0	0	A	36.7526385892586	0	0	0	no	six_tagged_protomer_proxy_from_existing_tagged_monomer;endpoint_duplicates_removed_in_011a	ROBUST_9A5_CONTEXT
A89_2C_289_290_G196_minimal	289|290	G196_minimal	DLVPR	5	results/open_structure_007/deep_subset/A89_2C_289_290_G196_minimal_unrelaxed_rank_002_alphafold2_ptm_model_1_seed_021.pdb	2	21	44a76002f09f8fcd6365345e4a0eb3a1f73eac4a1561d5e01f5f8a1919987d18	1	free_hexamer_control_model1	HRV_A89_2C_HEXAMER/results_summary/selected_hexamer_02_md_representative.pdb	be28894e60a05269dbf6ad02c070e56fad7f51fc8b1e8cc20b98406821fb5a78	no	2.54645158437131	2.568188662422644	321		0	0	0	0	NA	9.335857095997065	9.377623241789179	9.335857095997065	0	0	0	E	38.27670979179287	0	0	0	no	six_tagged_protomer_proxy_from_existing_tagged_monomer;endpoint_duplicates_removed_in_011a	ROBUST_9A5_CONTEXT
A89_2C_289_290_G196_minimal	289|290	G196_minimal	DLVPR	5	results/open_structure_007/tier1_shallow/A89_2C_289_290_G196_minimal_unrelaxed_rank_001_alphafold2_ptm_model_1_seed_011.pdb	1	11	8dc128a6e8128afa10831bc8b23456ef733d105c2da35edfc72ff942bc6a28d7	2	1x9A5_100ps_showcase	HRV_A89_2C_HEXAMER/results_summary/SHOWCASE_1x_9A5_D_chain_after_npt_100ps_pbc_fixed.pdb	3d3f3f4956152103153d5c8a5135701ae3f7f3638eed42a1d528ef600b96bbc7	yes	3.3075769992313644	3.392993636051855	321	19.750162765648536	0	0	0	0	B:ASP290:OD2--H:ILE57:CD	8.8962397881571	8.8962397881571	10.028024474959627	0	0	0	F	39.14089377613104	0	0	0	no	six_tagged_protomer_proxy_from_existing_tagged_monomer;endpoint_duplicates_removed_in_011a	ROBUST_9A5_CONTEXT
A89_2C_289_290_G196_minimal	289|290	G196_minimal	DLVPR	5	results/open_structure_007/tier1_shallow/A89_2C_289_290_G196_minimal_unrelaxed_rank_001_alphafold2_ptm_model_1_seed_011.pdb	1	11	8dc128a6e8128afa10831bc8b23456ef733d105c2da35edfc72ff942bc6a28d7	2	1x9A5_1ns_rep1_reexported	results/9a5_context_011a_qc/reexported_1x9A5_endpoints/rep1_endpoint_last_frame_reexported.pdb	d0478a7a51689bb667669872868335018b6685e1e7218a351f1d7dc791f46d26	yes	3.353448772657101	3.3904528396961293	321	20.27962679262239	0	0	0	0	B:ASP290:OD2--H:ILE57:CD	9.090959777956071	9.090959777956071	9.546399230479514	0	0	0	F	39.15302823054946	0	0	0	no	six_tagged_protomer_proxy_from_existing_tagged_monomer;endpoint_duplicates_removed_in_011a	ROBUST_9A5_CONTEXT
A89_2C_289_290_G196_minimal	289|290	G196_minimal	DLVPR	5	results/open_structure_007/tier1_shallow/A89_2C_289_290_G196_minimal_unrelaxed_rank_001_alphafold2_ptm_model_1_seed_011.pdb	1	11	8dc128a6e8128afa10831bc8b23456ef733d105c2da35edfc72ff942bc6a28d7	2	1x9A5_1ns_rep2_reexported	results/9a5_context_011a_qc/reexported_1x9A5_endpoints/rep2_endpoint_last_frame_reexported.pdb	935684cc8c8088161467a728447c8fc821cd0c99d5175f2dc0ddfefc129df8c5	yes	3.3793089348428427	3.4462646428335773	321	19.686409391818223	0	0	0	0	B:ASP290:OD2--H:ILE57:CD	9.33360174054739	9.66957977778824	9.33360174054739	0	0	0	A	39.308283143461416	0	0	0	no	six_tagged_protomer_proxy_from_existing_tagged_monomer;endpoint_duplicates_removed_in_011a	ROBUST_9A5_CONTEXT
A89_2C_289_290_G196_minimal	289|290	G196_minimal	DLVPR	5	results/open_structure_007/tier1_shallow/A89_2C_289_290_G196_minimal_unrelaxed_rank_001_alphafold2_ptm_model_1_seed_011.pdb	1	11	8dc128a6e8128afa10831bc8b23456ef733d105c2da35edfc72ff942bc6a28d7	2	1x9A5_1ns_rep3_reexported	results/9a5_context_011a_qc/reexported_1x9A5_endpoints/rep3_endpoint_last_frame_reexported.pdb	5188d4f8df2e77f3c6bfbf01fcf4135cfde42c1c4ea56ec642c16cb6cd2370c1	yes	3.3828496626395235	3.4524199697029565	321	20.29006160777572	0	0	0	0	B:ASP290:OD2--H:ALA55:CB	9.45206601261769	9.45206601261769	9.655774728672693	0	0	0	F	39.181130439278846	0	0	0	no	six_tagged_protomer_proxy_from_existing_tagged_monomer;endpoint_duplicates_removed_in_011a	ROBUST_9A5_CONTEXT
A89_2C_289_290_G196_minimal	289|290	G196_minimal	DLVPR	5	results/open_structure_007/tier1_shallow/A89_2C_289_290_G196_minimal_unrelaxed_rank_001_alphafold2_ptm_model_1_seed_011.pdb	1	11	8dc128a6e8128afa10831bc8b23456ef733d105c2da35edfc72ff942bc6a28d7	2	free_hexamer_2ns_lead	HRV_A89_2C_HEXAMER/results_summary/selected_hexamer_01_md_representative.pdb	d6daf2cd8aa7db784561e85c5169e006a4c04b98ff68aebcdc63c6e34cfdc292	no	3.2813690130067723	3.3576197489510853	321		0	0	0	0	NA	9.452113498053269	9.452113498053269	9.728477213016113	0	0	0	F	39.226127970981786	0	0	0	no	six_tagged_protomer_proxy_from_existing_tagged_monomer;endpoint_duplicates_removed_in_011a	ROBUST_9A5_CONTEXT
A89_2C_289_290_G196_minimal	289|290	G196_minimal	DLVPR	5	results/open_structure_007/tier1_shallow/A89_2C_289_290_G196_minimal_unrelaxed_rank_001_alphafold2_ptm_model_1_seed_011.pdb	1	11	8dc128a6e8128afa10831bc8b23456ef733d105c2da35edfc72ff942bc6a28d7	2	free_hexamer_5ns_rep1	HRV_A89_2C_HEXAMER/results_summary/selected_hexamer_01_md_representative_5ns_rep1.pdb	2d4aa74795dd8fe100b63a25dc0065797cfad63972ced0e500b22a789fbdaaf8	no	3.281506175476488	3.326658303272023	321		0	0	0	0	NA	9.147654268083103	9.594422239765803	9.147654268083103	0	0	0	A	39.16813453683891	0	0	0	no	six_tagged_protomer_proxy_from_existing_tagged_monomer;endpoint_duplicates_removed_in_011a	ROBUST_9A5_CONTEXT
A89_2C_289_290_G196_minimal	289|290	G196_minimal	DLVPR	5	results/open_structure_007/tier1_shallow/A89_2C_289_290_G196_minimal_unrelaxed_rank_001_alphafold2_ptm_model_1_seed_011.pdb	1	11	8dc128a6e8128afa10831bc8b23456ef733d105c2da35edfc72ff942bc6a28d7	2	free_hexamer_5ns_rep2	HRV_A89_2C_HEXAMER/results_summary/selected_hexamer_01_md_representative_5ns_rep2.pdb	220bdfa9b1c09f29f933ae6e76e3f693a52185cb7acdfaa5926c15c56d8debc8	no	3.262829150770976	3.3208051972651567	321		0	0	0	0	NA	9.574456871776883	9.875764652187105	9.574456871776883	0	0	0	A	39.19112498291432	0	0	0	no	six_tagged_protomer_proxy_from_existing_tagged_monomer;endpoint_duplicates_removed_in_011a	ROBUST_9A5_CONTEXT
A89_2C_289_290_G196_minimal	289|290	G196_minimal	DLVPR	5	results/open_structure_007/tier1_shallow/A89_2C_289_290_G196_minimal_unrelaxed_rank_001_alphafold2_ptm_model_1_seed_011.pdb	1	11	8dc128a6e8128afa10831bc8b23456ef733d105c2da35edfc72ff942bc6a28d7	2	free_hexamer_5ns_rep3	HRV_A89_2C_HEXAMER/results_summary/selected_hexamer_01_md_representative_5ns_rep3.pdb	29e334a2081e858d4a1911f6f6ecac0e46e210946f8800f2634326944ebda336	no	3.2649487477398997	3.3487066180346066	321		0	0	0	0	NA	9.463713964366107	9.81515473273094	9.463713964366107	0	0	0	A	39.1329801803397	0	0	0	no	six_tagged_protomer_proxy_from_existing_tagged_monomer;endpoint_duplicates_removed_in_011a	ROBUST_9A5_CONTEXT
A89_2C_289_290_G196_minimal	289|290	G196_minimal	DLVPR	5	results/open_structure_007/tier1_shallow/A89_2C_289_290_G196_minimal_unrelaxed_rank_001_alphafold2_ptm_model_1_seed_011.pdb	1	11	8dc128a6e8128afa10831bc8b23456ef733d105c2da35edfc72ff942bc6a28d7	2	free_hexamer_control_model1	HRV_A89_2C_HEXAMER/results_summary/selected_hexamer_02_md_representative.pdb	be28894e60a05269dbf6ad02c070e56fad7f51fc8b1e8cc20b98406821fb5a78	no	3.521940243919218	3.5325114624378373	321		0	0	0	0	NA	10.217750731204571	10.217750731204571	10.31716367160206	0	0	0	F	40.46624810911725	0	0	0	no	six_tagged_protomer_proxy_from_existing_tagged_monomer;endpoint_duplicates_removed_in_011a	ROBUST_9A5_CONTEXT
A89_2C_248_249_HA	248|249	HA	YPYDVPDYA	9	results/open_structure_007/tier1_shallow/A89_2C_248_249_HA_unrelaxed_rank_001_alphafold2_ptm_model_1_seed_011.pdb	1	11	c9aedd61dd46b3ae99f9027cf7011fae82dec33f3f83da6b1f2a9f470deb8610	1	1x9A5_100ps_showcase	HRV_A89_2C_HEXAMER/results_summary/SHOWCASE_1x_9A5_D_chain_after_npt_100ps_pbc_fixed.pdb	3d3f3f4956152103153d5c8a5135701ae3f7f3638eed42a1d528ef600b96bbc7	yes	2.205766356386967	2.2653029731585903	321	14.931683062877964	0	0	0	0	E:TYR256:OH--L:ARG82:NH1	0.2190377315135234	0.7296460397414611	0.2190377315135234	84	174	1074	B	28.52648703106359	0	0	0	no	six_tagged_protomer_proxy_from_existing_tagged_monomer;endpoint_duplicates_removed_in_011a	HEXAMER_CONTEXT_SENSITIVE
A89_2C_248_249_HA	248|249	HA	YPYDVPDYA	9	results/open_structure_007/tier1_shallow/A89_2C_248_249_HA_unrelaxed_rank_001_alphafold2_ptm_model_1_seed_011.pdb	1	11	c9aedd61dd46b3ae99f9027cf7011fae82dec33f3f83da6b1f2a9f470deb8610	1	1x9A5_1ns_rep1_reexported	results/9a5_context_011a_qc/reexported_1x9A5_endpoints/rep1_endpoint_last_frame_reexported.pdb	d0478a7a51689bb667669872868335018b6685e1e7218a351f1d7dc791f46d26	yes	2.244671862132369	2.281869386833391	321	15.252205301669894	0	0	0	0	E:TYR256:OH--L:ARG82:NH1	0.5224297023224841	0.672990573311705	0.5224297023224841	85	176	1122	B	28.518896971743214	0	0	0	no	six_tagged_protomer_proxy_from_existing_tagged_monomer;endpoint_duplicates_removed_in_011a	HEXAMER_CONTEXT_SENSITIVE
A89_2C_248_249_HA	248|249	HA	YPYDVPDYA	9	results/open_structure_007/tier1_shallow/A89_2C_248_249_HA_unrelaxed_rank_001_alphafold2_ptm_model_1_seed_011.pdb	1	11	c9aedd61dd46b3ae99f9027cf7011fae82dec33f3f83da6b1f2a9f470deb8610	1	1x9A5_1ns_rep2_reexported	results/9a5_context_011a_qc/reexported_1x9A5_endpoints/rep2_endpoint_last_frame_reexported.pdb	935684cc8c8088161467a728447c8fc821cd0c99d5175f2dc0ddfefc129df8c5	yes	2.2648143177341162	2.3446185170645526	321	15.165619920444698	0	0	0	0	E:TYR256:OH--L:ARG82:NH1	0.42159928909013433	1.114492028747521	0.42159928909013433	86	162	1068	B	28.604168545444292	0	0	0	no	six_tagged_protomer_proxy_from_existing_tagged_monomer;endpoint_duplicates_removed_in_011a	HEXAMER_CONTEXT_SENSITIVE
A89_2C_248_249_HA	248|249	HA	YPYDVPDYA	9	results/open_structure_007/tier1_shallow/A89_2C_248_249_HA_unrelaxed_rank_001_alphafold2_ptm_model_1_seed_011.pdb	1	11	c9aedd61dd46b3ae99f9027cf7011fae82dec33f3f83da6b1f2a9f470deb8610	1	1x9A5_1ns_rep3_reexported	results/9a5_context_011a_qc/reexported_1x9A5_endpoints/rep3_endpoint_last_frame_reexported.pdb	5188d4f8df2e77f3c6bfbf01fcf4135cfde42c1c4ea56ec642c16cb6cd2370c1	yes	2.27193478405165	2.322268594011642	321	15.35640693010635	0	0	0	0	E:TYR256:OH--L:ARG82:NH1	0.06104369687043758	1.0876165425524178	0.06104369687043758	80	163	1060	B	28.614423147323077	0	0	0	no	six_tagged_protomer_proxy_from_existing_tagged_monomer;endpoint_duplicates_removed_in_011a	HEXAMER_CONTEXT_SENSITIVE
A89_2C_248_249_HA	248|249	HA	YPYDVPDYA	9	results/open_structure_007/tier1_shallow/A89_2C_248_249_HA_unrelaxed_rank_001_alphafold2_ptm_model_1_seed_011.pdb	1	11	c9aedd61dd46b3ae99f9027cf7011fae82dec33f3f83da6b1f2a9f470deb8610	1	free_hexamer_2ns_lead	HRV_A89_2C_HEXAMER/results_summary/selected_hexamer_01_md_representative.pdb	d6daf2cd8aa7db784561e85c5169e006a4c04b98ff68aebcdc63c6e34cfdc292	no	2.178569703006688	2.232998907430362	321		0	0	0	0	NA	0.3512558195563009	1.004088146689932	0.3512558195563009	78	166	1036	B	28.489728747960516	0	0	0	no	six_tagged_protomer_proxy_from_existing_tagged_monomer;endpoint_duplicates_removed_in_011a	HEXAMER_CONTEXT_SENSITIVE
A89_2C_248_249_HA	248|249	HA	YPYDVPDYA	9	results/open_structure_007/tier1_shallow/A89_2C_248_249_HA_unrelaxed_rank_001_alphafold2_ptm_model_1_seed_011.pdb	1	11	c9aedd61dd46b3ae99f9027cf7011fae82dec33f3f83da6b1f2a9f470deb8610	1	free_hexamer_5ns_rep1	HRV_A89_2C_HEXAMER/results_summary/selected_hexamer_01_md_representative_5ns_rep1.pdb	2d4aa74795dd8fe100b63a25dc0065797cfad63972ced0e500b22a789fbdaaf8	no	2.1755446705088555	2.21181567435064	321		0	0	0	0	NA	0.22367751952082407	0.6549088818717178	0.22367751952082407	80	161	1014	E	28.361975881404376	0	0	0	no	six_tagged_protomer_proxy_from_existing_tagged_monomer;endpoint_duplicates_removed_in_011a	HEXAMER_CONTEXT_SENSITIVE
A89_2C_248_249_HA	248|249	HA	YPYDVPDYA	9	results/open_structure_007/tier1_shallow/A89_2C_248_249_HA_unrelaxed_rank_001_alphafold2_ptm_model_1_seed_011.pdb	1	11	c9aedd61dd46b3ae99f9027cf7011fae82dec33f3f83da6b1f2a9f470deb8610	1	free_hexamer_5ns_rep2	HRV_A89_2C_HEXAMER/results_summary/selected_hexamer_01_md_representative_5ns_rep2.pdb	220bdfa9b1c09f29f933ae6e76e3f693a52185cb7acdfaa5926c15c56d8debc8	no	2.1677051497989153	2.2220445034943315	321		0	0	0	0	NA	0.3419816518365456	0.5302228827322458	0.3419816518365456	86	171	1000	C	28.36759894842737	0	0	0	no	six_tagged_protomer_proxy_from_existing_tagged_monomer;endpoint_duplicates_removed_in_011a	HEXAMER_CONTEXT_SENSITIVE
A89_2C_248_249_HA	248|249	HA	YPYDVPDYA	9	results/open_structure_007/tier1_shallow/A89_2C_248_249_HA_unrelaxed_rank_001_alphafold2_ptm_model_1_seed_011.pdb	1	11	c9aedd61dd46b3ae99f9027cf7011fae82dec33f3f83da6b1f2a9f470deb8610	1	free_hexamer_5ns_rep3	HRV_A89_2C_HEXAMER/results_summary/selected_hexamer_01_md_representative_5ns_rep3.pdb	29e334a2081e858d4a1911f6f6ecac0e46e210946f8800f2634326944ebda336	no	2.1615382747843257	2.235265858978245	321		0	0	0	0	NA	0.394360561973138	0.6214184748904696	0.394360561973138	65	145	932	F	28.52764374912601	0	0	0	no	six_tagged_protomer_proxy_from_existing_tagged_monomer;endpoint_duplicates_removed_in_011a	HEXAMER_CONTEXT_SENSITIVE
A89_2C_248_249_HA	248|249	HA	YPYDVPDYA	9	results/open_structure_007/tier1_shallow/A89_2C_248_249_HA_unrelaxed_rank_001_alphafold2_ptm_model_1_seed_011.pdb	1	11	c9aedd61dd46b3ae99f9027cf7011fae82dec33f3f83da6b1f2a9f470deb8610	1	free_hexamer_control_model1	HRV_A89_2C_HEXAMER/results_summary/selected_hexamer_02_md_representative.pdb	be28894e60a05269dbf6ad02c070e56fad7f51fc8b1e8cc20b98406821fb5a78	no	2.2646178562646764	2.28214733010769	321		0	0	0	0	NA	0.4143141802715512	0.4143141802715512	0.5328629773151906	127	211	1326	A	28.198019057424172	0	0	0	no	six_tagged_protomer_proxy_from_existing_tagged_monomer;endpoint_duplicates_removed_in_011a	HEXAMER_CONTEXT_SENSITIVE
A89_2C_248_249_MAP8	248|249	MAP8	GDGMVPPG	8	results/open_structure_007/tier1_shallow/A89_2C_248_249_MAP8_unrelaxed_rank_001_alphafold2_ptm_model_1_seed_011.pdb	1	11	8bf0a4380789ace1cbdca62c6f82a26366e6f6807ee82b6106c513c1b9932d0a	1	1x9A5_100ps_showcase	HRV_A89_2C_HEXAMER/results_summary/SHOWCASE_1x_9A5_D_chain_after_npt_100ps_pbc_fixed.pdb	3d3f3f4956152103153d5c8a5135701ae3f7f3638eed42a1d528ef600b96bbc7	yes	3.2534405321734017	3.336374767877057	321	12.771432197016651	0	0	0	0	B:GLY256:O--H:ILE57:CG2	2.9626035772748	3.5566296978328142	2.9626035772748	0	0	43	E	31.90640875688178	0	0	0	no	six_tagged_protomer_proxy_from_existing_tagged_monomer;endpoint_duplicates_removed_in_011a	ROBUST_9A5_CONTEXT
A89_2C_248_249_MAP8	248|249	MAP8	GDGMVPPG	8	results/open_structure_007/tier1_shallow/A89_2C_248_249_MAP8_unrelaxed_rank_001_alphafold2_ptm_model_1_seed_011.pdb	1	11	8bf0a4380789ace1cbdca62c6f82a26366e6f6807ee82b6106c513c1b9932d0a	1	1x9A5_1ns_rep1_reexported	results/9a5_context_011a_qc/reexported_1x9A5_endpoints/rep1_endpoint_last_frame_reexported.pdb	d0478a7a51689bb667669872868335018b6685e1e7218a351f1d7dc791f46d26	yes	3.3077583710659084	3.339456791528137	321	12.443831262307366	0	0	0	0	B:GLY256:O--H:ILE57:CG2	2.262650004216978	2.8656314661966995	2.262650004216978	0	1	58	E	31.876638688332957	0	0	0	no	six_tagged_protomer_proxy_from_existing_tagged_monomer;endpoint_duplicates_removed_in_011a	HEXAMER_CONTEXT_SENSITIVE
A89_2C_248_249_MAP8	248|249	MAP8	GDGMVPPG	8	results/open_structure_007/tier1_shallow/A89_2C_248_249_MAP8_unrelaxed_rank_001_alphafold2_ptm_model_1_seed_011.pdb	1	11	8bf0a4380789ace1cbdca62c6f82a26366e6f6807ee82b6106c513c1b9932d0a	1	1x9A5_1ns_rep2_reexported	results/9a5_context_011a_qc/reexported_1x9A5_endpoints/rep2_endpoint_last_frame_reexported.pdb	935684cc8c8088161467a728447c8fc821cd0c99d5175f2dc0ddfefc129df8c5	yes	3.3306222057354216	3.403994058211504	321	12.60808227343001	0	0	0	0	B:GLY256:O--H:ILE57:CG2	2.0051498568232633	3.104709340405899	2.0051498568232633	0	1	47	E	32.02618022878145	0	0	0	no	six_tagged_protomer_proxy_from_existing_tagged_monomer;endpoint_duplicates_removed_in_011a	HEXAMER_CONTEXT_SENSITIVE
A89_2C_248_249_MAP8	248|249	MAP8	GDGMVPPG	8	results/open_structure_007/tier1_shallow/A89_2C_248_249_MAP8_unrelaxed_rank_001_alphafold2_ptm_model_1_seed_011.pdb	1	11	8bf0a4380789ace1cbdca62c6f82a26366e6f6807ee82b6106c513c1b9932d0a	1	1x9A5_1ns_rep3_reexported	results/9a5_context_011a_qc/reexported_1x9A5_endpoints/rep3_endpoint_last_frame_reexported.pdb	5188d4f8df2e77f3c6bfbf01fcf4135cfde42c1c4ea56ec642c16cb6cd2370c1	yes	3.3308387048161276	3.4054974112311918	321	12.793692116886946	0	0	0	0	B:GLY256:O--H:ILE57:CG2	2.3023613784602253	3.2677727161861623	2.3023613784602253	0	1	58	E	31.96290284490852	0	0	0	no	six_tagged_protomer_proxy_from_existing_tagged_monomer;endpoint_duplicates_removed_in_011a	HEXAMER_CONTEXT_SENSITIVE
A89_2C_248_249_MAP8	248|249	MAP8	GDGMVPPG	8	results/open_structure_007/tier1_shallow/A89_2C_248_249_MAP8_unrelaxed_rank_001_alphafold2_ptm_model_1_seed_011.pdb	1	11	8bf0a4380789ace1cbdca62c6f82a26366e6f6807ee82b6106c513c1b9932d0a	1	free_hexamer_2ns_lead	HRV_A89_2C_HEXAMER/results_summary/selected_hexamer_01_md_representative.pdb	d6daf2cd8aa7db784561e85c5169e006a4c04b98ff68aebcdc63c6e34cfdc292	no	3.2289350423321364	3.309760858717657	321		0	0	0	0	NA	3.780830125817961	3.780830125817961	3.909555004161455	0	0	24	A	31.871954182297134	0	0	0	no	six_tagged_protomer_proxy_from_existing_tagged_monomer;endpoint_duplicates_removed_in_011a	ROBUST_9A5_CONTEXT
A89_2C_248_249_MAP8	248|249	MAP8	GDGMVPPG	8	results/open_structure_007/tier1_shallow/A89_2C_248_249_MAP8_unrelaxed_rank_001_alphafold2_ptm_model_1_seed_011.pdb	1	11	8bf0a4380789ace1cbdca62c6f82a26366e6f6807ee82b6106c513c1b9932d0a	1	free_hexamer_5ns_rep1	HRV_A89_2C_HEXAMER/results_summary/selected_hexamer_01_md_representative_5ns_rep1.pdb	2d4aa74795dd8fe100b63a25dc0065797cfad63972ced0e500b22a789fbdaaf8	no	3.2320066400341965	3.2829849626583187	321		0	0	0	0	NA	3.362786530226305	4.4216524996907545	3.362786530226305	0	0	20	F	31.691203485823753	0	0	0	no	six_tagged_protomer_proxy_from_existing_tagged_monomer;endpoint_duplicates_removed_in_011a	ROBUST_9A5_CONTEXT
A89_2C_248_249_MAP8	248|249	MAP8	GDGMVPPG	8	results/open_structure_007/tier1_shallow/A89_2C_248_249_MAP8_unrelaxed_rank_001_alphafold2_ptm_model_1_seed_011.pdb	1	11	8bf0a4380789ace1cbdca62c6f82a26366e6f6807ee82b6106c513c1b9932d0a	1	free_hexamer_5ns_rep2	HRV_A89_2C_HEXAMER/results_summary/selected_hexamer_01_md_representative_5ns_rep2.pdb	220bdfa9b1c09f29f933ae6e76e3f693a52185cb7acdfaa5926c15c56d8debc8	no	3.205657830891438	3.270289172646268	321		0	0	0	0	NA	3.156430256202034	4.541055320187221	3.156430256202034	0	0	12	F	31.641108878477795	0	0	0	no	six_tagged_protomer_proxy_from_existing_tagged_monomer;endpoint_duplicates_removed_in_011a	ROBUST_9A5_CONTEXT
A89_2C_248_249_MAP8	248|249	MAP8	GDGMVPPG	8	results/open_structure_007/tier1_shallow/A89_2C_248_249_MAP8_unrelaxed_rank_001_alphafold2_ptm_model_1_seed_011.pdb	1	11	8bf0a4380789ace1cbdca62c6f82a26366e6f6807ee82b6106c513c1b9932d0a	1	free_hexamer_5ns_rep3	HRV_A89_2C_HEXAMER/results_summary/selected_hexamer_01_md_representative_5ns_rep3.pdb	29e334a2081e858d4a1911f6f6ecac0e46e210946f8800f2634326944ebda336	no	3.21726210970061	3.3159347850608007	321		0	0	0	0	NA	2.9415635907023745	3.4578801684923772	2.9415635907023745	0	0	16	E	31.83853055514036	0	0	0	no	six_tagged_protomer_proxy_from_existing_tagged_monomer;endpoint_duplicates_removed_in_011a	ROBUST_9A5_CONTEXT
A89_2C_248_249_MAP8	248|249	MAP8	GDGMVPPG	8	results/open_structure_007/tier1_shallow/A89_2C_248_249_MAP8_unrelaxed_rank_001_alphafold2_ptm_model_1_seed_011.pdb	1	11	8bf0a4380789ace1cbdca62c6f82a26366e6f6807ee82b6106c513c1b9932d0a	1	free_hexamer_control_model1	HRV_A89_2C_HEXAMER/results_summary/selected_hexamer_02_md_representative.pdb	be28894e60a05269dbf6ad02c070e56fad7f51fc8b1e8cc20b98406821fb5a78	no	3.746300278429448	3.763652106108128	321		0	0	0	0	NA	3.7919943106333536	3.7919943106333536	3.884134935254962	0	0	13	A	30.869816112532448	0	0	0	no	six_tagged_protomer_proxy_from_existing_tagged_monomer;endpoint_duplicates_removed_in_011a	ROBUST_9A5_CONTEXT
A89_2C_288_289_MAP8	288|289	MAP8	GDGMVPPG	8	results/open_structure_007/tier1_shallow/A89_2C_288_289_MAP8_unrelaxed_rank_001_alphafold2_ptm_model_1_seed_011.pdb	1	11	ec79fa8644377f0ce2e83c2103eaa3139df8c4b0b9aa4196a82f3d261489ba1d	1	1x9A5_100ps_showcase	HRV_A89_2C_HEXAMER/results_summary/SHOWCASE_1x_9A5_D_chain_after_npt_100ps_pbc_fixed.pdb	3d3f3f4956152103153d5c8a5135701ae3f7f3638eed42a1d528ef600b96bbc7	yes	2.62693307413527	2.690705359537394	321	20.722323951753186	0	0	0	0	B:GLY289:N--H:ALA55:CB	7.193652642963489	7.243685566950417	7.193652642963489	0	0	0	B	39.25094451586165	0	0	0	no	six_tagged_protomer_proxy_from_existing_tagged_monomer;endpoint_duplicates_removed_in_011a	ROBUST_9A5_CONTEXT
A89_2C_288_289_MAP8	288|289	MAP8	GDGMVPPG	8	results/open_structure_007/tier1_shallow/A89_2C_288_289_MAP8_unrelaxed_rank_001_alphafold2_ptm_model_1_seed_011.pdb	1	11	ec79fa8644377f0ce2e83c2103eaa3139df8c4b0b9aa4196a82f3d261489ba1d	1	1x9A5_1ns_rep1_reexported	results/9a5_context_011a_qc/reexported_1x9A5_endpoints/rep1_endpoint_last_frame_reexported.pdb	d0478a7a51689bb667669872868335018b6685e1e7218a351f1d7dc791f46d26	yes	2.662297314979039	2.7000480708221244	321	21.10461191950589	0	0	0	0	B:GLY289:N--H:ALA55:CB	6.853862369644715	7.392958584818489	6.853862369644715	0	0	0	A	39.274900425430516	0	0	0	no	six_tagged_protomer_proxy_from_existing_tagged_monomer;endpoint_duplicates_removed_in_011a	ROBUST_9A5_CONTEXT
A89_2C_288_289_MAP8	288|289	MAP8	GDGMVPPG	8	results/open_structure_007/tier1_shallow/A89_2C_288_289_MAP8_unrelaxed_rank_001_alphafold2_ptm_model_1_seed_011.pdb	1	11	ec79fa8644377f0ce2e83c2103eaa3139df8c4b0b9aa4196a82f3d261489ba1d	1	1x9A5_1ns_rep2_reexported	results/9a5_context_011a_qc/reexported_1x9A5_endpoints/rep2_endpoint_last_frame_reexported.pdb	935684cc8c8088161467a728447c8fc821cd0c99d5175f2dc0ddfefc129df8c5	yes	2.6805079992502807	2.7557945638850745	321	20.68337896988966	0	0	0	0	B:GLY289:N--H:ALA55:CB	6.952342458737887	6.952342458737887	7.167590917469009	0	0	0	F	39.39866045548802	0	0	0	no	six_tagged_protomer_proxy_from_existing_tagged_monomer;endpoint_duplicates_removed_in_011a	ROBUST_9A5_CONTEXT
A89_2C_288_289_MAP8	288|289	MAP8	GDGMVPPG	8	results/open_structure_007/tier1_shallow/A89_2C_288_289_MAP8_unrelaxed_rank_001_alphafold2_ptm_model_1_seed_011.pdb	1	11	ec79fa8644377f0ce2e83c2103eaa3139df8c4b0b9aa4196a82f3d261489ba1d	1	1x9A5_1ns_rep3_reexported	results/9a5_context_011a_qc/reexported_1x9A5_endpoints/rep3_endpoint_last_frame_reexported.pdb	5188d4f8df2e77f3c6bfbf01fcf4135cfde42c1c4ea56ec642c16cb6cd2370c1	yes	2.690728346394349	2.7377711714529576	321	20.89644920170507	0	0	0	0	B:GLY289:N--H:ALA55:CB	7.21097695825746	7.21097695825746	7.261770542587644	0	0	0	C	39.29502682845714	0	0	0	no	six_tagged_protomer_proxy_from_existing_tagged_monomer;endpoint_duplicates_removed_in_011a	ROBUST_9A5_CONTEXT
A89_2C_288_289_MAP8	288|289	MAP8	GDGMVPPG	8	results/open_structure_007/tier1_shallow/A89_2C_288_289_MAP8_unrelaxed_rank_001_alphafold2_ptm_model_1_seed_011.pdb	1	11	ec79fa8644377f0ce2e83c2103eaa3139df8c4b0b9aa4196a82f3d261489ba1d	1	free_hexamer_2ns_lead	HRV_A89_2C_HEXAMER/results_summary/selected_hexamer_01_md_representative.pdb	d6daf2cd8aa7db784561e85c5169e006a4c04b98ff68aebcdc63c6e34cfdc292	no	2.6027105675254223	2.657939319522686	321		0	0	0	0	NA	6.777918382889034	6.992846430771937	6.777918382889034	0	0	0	B	39.32290357824228	0	0	0	no	six_tagged_protomer_proxy_from_existing_tagged_monomer;endpoint_duplicates_removed_in_011a	ROBUST_9A5_CONTEXT
A89_2C_288_289_MAP8	288|289	MAP8	GDGMVPPG	8	results/open_structure_007/tier1_shallow/A89_2C_288_289_MAP8_unrelaxed_rank_001_alphafold2_ptm_model_1_seed_011.pdb	1	11	ec79fa8644377f0ce2e83c2103eaa3139df8c4b0b9aa4196a82f3d261489ba1d	1	free_hexamer_5ns_rep1	HRV_A89_2C_HEXAMER/results_summary/selected_hexamer_01_md_representative_5ns_rep1.pdb	2d4aa74795dd8fe100b63a25dc0065797cfad63972ced0e500b22a789fbdaaf8	no	2.600399671563846	2.632361554081241	321		0	0	0	0	NA	6.90823165577029	7.2052327257492585	6.90823165577029	0	0	0	A	39.33699259346007	0	0	0	no	six_tagged_protomer_proxy_from_existing_tagged_monomer;endpoint_duplicates_removed_in_011a	ROBUST_9A5_CONTEXT
A89_2C_288_289_MAP8	288|289	MAP8	GDGMVPPG	8	results/open_structure_007/tier1_shallow/A89_2C_288_289_MAP8_unrelaxed_rank_001_alphafold2_ptm_model_1_seed_011.pdb	1	11	ec79fa8644377f0ce2e83c2103eaa3139df8c4b0b9aa4196a82f3d261489ba1d	1	free_hexamer_5ns_rep2	HRV_A89_2C_HEXAMER/results_summary/selected_hexamer_01_md_representative_5ns_rep2.pdb	220bdfa9b1c09f29f933ae6e76e3f693a52185cb7acdfaa5926c15c56d8debc8	no	2.586604746676029	2.642943161152106	321		0	0	0	0	NA	6.979330993056587	6.979330993056587	7.2430633068410915	0	0	0	F	39.36229667491243	0	0	0	no	six_tagged_protomer_proxy_from_existing_tagged_monomer;endpoint_duplicates_removed_in_011a	ROBUST_9A5_CONTEXT
A89_2C_288_289_MAP8	288|289	MAP8	GDGMVPPG	8	results/open_structure_007/tier1_shallow/A89_2C_288_289_MAP8_unrelaxed_rank_001_alphafold2_ptm_model_1_seed_011.pdb	1	11	ec79fa8644377f0ce2e83c2103eaa3139df8c4b0b9aa4196a82f3d261489ba1d	1	free_hexamer_5ns_rep3	HRV_A89_2C_HEXAMER/results_summary/selected_hexamer_01_md_representative_5ns_rep3.pdb	29e334a2081e858d4a1911f6f6ecac0e46e210946f8800f2634326944ebda336	no	2.582016024004382	2.6574714933935417	321		0	0	0	0	NA	6.539004941062979	6.919720685121417	6.539004941062979	0	0	0	A	39.25423282959745	0	0	0	no	six_tagged_protomer_proxy_from_existing_tagged_monomer;endpoint_duplicates_removed_in_011a	ROBUST_9A5_CONTEXT
A89_2C_288_289_MAP8	288|289	MAP8	GDGMVPPG	8	results/open_structure_007/tier1_shallow/A89_2C_288_289_MAP8_unrelaxed_rank_001_alphafold2_ptm_model_1_seed_011.pdb	1	11	ec79fa8644377f0ce2e83c2103eaa3139df8c4b0b9aa4196a82f3d261489ba1d	1	free_hexamer_control_model1	HRV_A89_2C_HEXAMER/results_summary/selected_hexamer_02_md_representative.pdb	be28894e60a05269dbf6ad02c070e56fad7f51fc8b1e8cc20b98406821fb5a78	no	2.7588393120609456	2.77385412555652	321		0	0	0	0	NA	8.394125093015884	8.394125093015884	8.569776681512119	0	0	0	F	40.33803823774985	0	0	0	no	six_tagged_protomer_proxy_from_existing_tagged_monomer;endpoint_duplicates_removed_in_011a	ROBUST_9A5_CONTEXT
A89_2C_288_289_HA	288|289	HA	YPYDVPDYA	9	results/open_structure_007/tier1_shallow/A89_2C_288_289_HA_unrelaxed_rank_001_alphafold2_ptm_model_1_seed_011.pdb	1	11	1eb3c85d3249da8c4d08de54b0d2b841f7a424937a096ff94d26e57e6bae15bf	1	1x9A5_100ps_showcase	HRV_A89_2C_HEXAMER/results_summary/SHOWCASE_1x_9A5_D_chain_after_npt_100ps_pbc_fixed.pdb	3d3f3f4956152103153d5c8a5135701ae3f7f3638eed42a1d528ef600b96bbc7	yes	2.2662199035226047	2.316839984643139	321	17.160847523957944	0	0	0	0	B:TYR291:OH--H:ILE57:CD	9.978617625806647	9.978617625806647	10.995467232209835	0	0	0	F	36.78673160705346	0	0	0	no	six_tagged_protomer_proxy_from_existing_tagged_monomer;endpoint_duplicates_removed_in_011a	ROBUST_9A5_CONTEXT
A89_2C_288_289_HA	288|289	HA	YPYDVPDYA	9	results/open_structure_007/tier1_shallow/A89_2C_288_289_HA_unrelaxed_rank_001_alphafold2_ptm_model_1_seed_011.pdb	1	11	1eb3c85d3249da8c4d08de54b0d2b841f7a424937a096ff94d26e57e6bae15bf	1	1x9A5_1ns_rep1_reexported	results/9a5_context_011a_qc/reexported_1x9A5_endpoints/rep1_endpoint_last_frame_reexported.pdb	d0478a7a51689bb667669872868335018b6685e1e7218a351f1d7dc791f46d26	yes	2.303627047518719	2.34470115247201	321	17.715467570489135	0	0	0	0	B:TYR291:OH--H:ILE57:CD	10.21380513893945	10.21380513893945	10.688197232840444	0	0	0	F	36.806628862729355	0	0	0	no	six_tagged_protomer_proxy_from_existing_tagged_monomer;endpoint_duplicates_removed_in_011a	ROBUST_9A5_CONTEXT
A89_2C_288_289_HA	288|289	HA	YPYDVPDYA	9	results/open_structure_007/tier1_shallow/A89_2C_288_289_HA_unrelaxed_rank_001_alphafold2_ptm_model_1_seed_011.pdb	1	11	1eb3c85d3249da8c4d08de54b0d2b841f7a424937a096ff94d26e57e6bae15bf	1	1x9A5_1ns_rep2_reexported	results/9a5_context_011a_qc/reexported_1x9A5_endpoints/rep2_endpoint_last_frame_reexported.pdb	935684cc8c8088161467a728447c8fc821cd0c99d5175f2dc0ddfefc129df8c5	yes	2.321329284926085	2.3913465550317348	321	17.12988670058538	0	0	0	0	B:TYR291:OH--H:ILE57:CD	10.555711180214495	10.64028068548554	10.555711180214495	0	0	0	A	36.96594984230246	0	0	0	no	six_tagged_protomer_proxy_from_existing_tagged_monomer;endpoint_duplicates_removed_in_011a	ROBUST_9A5_CONTEXT
A89_2C_288_289_HA	288|289	HA	YPYDVPDYA	9	results/open_structure_007/tier1_shallow/A89_2C_288_289_HA_unrelaxed_rank_001_alphafold2_ptm_model_1_seed_011.pdb	1	11	1eb3c85d3249da8c4d08de54b0d2b841f7a424937a096ff94d26e57e6bae15bf	1	1x9A5_1ns_rep3_reexported	results/9a5_context_011a_qc/reexported_1x9A5_endpoints/rep3_endpoint_last_frame_reexported.pdb	5188d4f8df2e77f3c6bfbf01fcf4135cfde42c1c4ea56ec642c16cb6cd2370c1	yes	2.3257717859335783	2.3775085710941743	321	17.82213797849979	0	0	0	0	B:TYR291:OH--H:ILE57:CD	10.606696421952872	10.606696421952872	10.712373441258116	0	0	0	F	36.836851700180624	0	0	0	no	six_tagged_protomer_proxy_from_existing_tagged_monomer;endpoint_duplicates_removed_in_011a	ROBUST_9A5_CONTEXT
A89_2C_288_289_HA	288|289	HA	YPYDVPDYA	9	results/open_structure_007/tier1_shallow/A89_2C_288_289_HA_unrelaxed_rank_001_alphafold2_ptm_model_1_seed_011.pdb	1	11	1eb3c85d3249da8c4d08de54b0d2b841f7a424937a096ff94d26e57e6bae15bf	1	free_hexamer_2ns_lead	HRV_A89_2C_HEXAMER/results_summary/selected_hexamer_01_md_representative.pdb	d6daf2cd8aa7db784561e85c5169e006a4c04b98ff68aebcdc63c6e34cfdc292	no	2.2406834391134662	2.2801120712379386	321		0	0	0	0	NA	10.484546779098366	10.484546779098366	10.801628886156147	0	0	0	F	36.87007701353495	0	0	0	no	six_tagged_protomer_proxy_from_existing_tagged_monomer;endpoint_duplicates_removed_in_011a	ROBUST_9A5_CONTEXT
A89_2C_288_289_HA	288|289	HA	YPYDVPDYA	9	results/open_structure_007/tier1_shallow/A89_2C_288_289_HA_unrelaxed_rank_001_alphafold2_ptm_model_1_seed_011.pdb	1	11	1eb3c85d3249da8c4d08de54b0d2b841f7a424937a096ff94d26e57e6bae15bf	1	free_hexamer_5ns_rep1	HRV_A89_2C_HEXAMER/results_summary/selected_hexamer_01_md_representative_5ns_rep1.pdb	2d4aa74795dd8fe100b63a25dc0065797cfad63972ced0e500b22a789fbdaaf8	no	2.2372565984465385	2.2681483938224245	321		0	0	0	0	NA	10.304997433725156	10.847786610649393	10.304997433725156	0	0	0	A	36.840247999492654	0	0	0	no	six_tagged_protomer_proxy_from_existing_tagged_monomer;endpoint_duplicates_removed_in_011a	ROBUST_9A5_CONTEXT
A89_2C_288_289_HA	288|289	HA	YPYDVPDYA	9	results/open_structure_007/tier1_shallow/A89_2C_288_289_HA_unrelaxed_rank_001_alphafold2_ptm_model_1_seed_011.pdb	1	11	1eb3c85d3249da8c4d08de54b0d2b841f7a424937a096ff94d26e57e6bae15bf	1	free_hexamer_5ns_rep2	HRV_A89_2C_HEXAMER/results_summary/selected_hexamer_01_md_representative_5ns_rep2.pdb	220bdfa9b1c09f29f933ae6e76e3f693a52185cb7acdfaa5926c15c56d8debc8	no	2.227127318352118	2.289006661375604	321		0	0	0	0	NA	10.721067762709334	10.830308989431837	10.721067762709334	0	0	0	A	36.861097182208844	0	0	0	no	six_tagged_protomer_proxy_from_existing_tagged_monomer;endpoint_duplicates_removed_in_011a	ROBUST_9A5_CONTEXT
A89_2C_288_289_HA	288|289	HA	YPYDVPDYA	9	results/open_structure_007/tier1_shallow/A89_2C_288_289_HA_unrelaxed_rank_001_alphafold2_ptm_model_1_seed_011.pdb	1	11	1eb3c85d3249da8c4d08de54b0d2b841f7a424937a096ff94d26e57e6bae15bf	1	free_hexamer_5ns_rep3	HRV_A89_2C_HEXAMER/results_summary/selected_hexamer_01_md_representative_5ns_rep3.pdb	29e334a2081e858d4a1911f6f6ecac0e46e210946f8800f2634326944ebda336	no	2.217259297998317	2.2744257632379674	321		0	0	0	0	NA	10.396851433360572	10.77718550355708	10.396851433360572	0	0	0	A	36.794302313766906	0	0	0	no	six_tagged_protomer_proxy_from_existing_tagged_monomer;endpoint_duplicates_removed_in_011a	ROBUST_9A5_CONTEXT
A89_2C_288_289_HA	288|289	HA	YPYDVPDYA	9	results/open_structure_007/tier1_shallow/A89_2C_288_289_HA_unrelaxed_rank_001_alphafold2_ptm_model_1_seed_011.pdb	1	11	1eb3c85d3249da8c4d08de54b0d2b841f7a424937a096ff94d26e57e6bae15bf	1	free_hexamer_control_model1	HRV_A89_2C_HEXAMER/results_summary/selected_hexamer_02_md_representative.pdb	be28894e60a05269dbf6ad02c070e56fad7f51fc8b1e8cc20b98406821fb5a78	no	2.2376019946274455	2.250134208222741	321		0	0	0	0	NA	11.529292018047764	11.529292018047764	11.724651079614164	0	0	0	F	38.301112523269005	0	0	0	no	six_tagged_protomer_proxy_from_existing_tagged_monomer;endpoint_duplicates_removed_in_011a	ROBUST_9A5_CONTEXT
A89_2C_290_291_MAP8	290|291	MAP8	GDGMVPPG	8	results/open_structure_007/deep_subset/A89_2C_290_291_MAP8_unrelaxed_rank_001_alphafold2_ptm_model_1_seed_022.pdb	1	22	568344930ede42f5a9d1bd93f3c5bdb85cbbfe29689ecd035d4bfaa955e7a172	3	1x9A5_100ps_showcase	HRV_A89_2C_HEXAMER/results_summary/SHOWCASE_1x_9A5_D_chain_after_npt_100ps_pbc_fixed.pdb	3d3f3f4956152103153d5c8a5135701ae3f7f3638eed42a1d528ef600b96bbc7	yes	1.9921753784213019	2.053193602708636	321	21.55820489283326	0	0	0	0	B:GLY291:N--H:ILE32:CG2	2.913023783331561	2.913023783331561	3.2177048595701465	0	0	20	F	29.988762932857604	0	0	0	no	six_tagged_protomer_proxy_from_existing_tagged_monomer;endpoint_duplicates_removed_in_011a	ROBUST_9A5_CONTEXT
A89_2C_290_291_MAP8	290|291	MAP8	GDGMVPPG	8	results/open_structure_007/deep_subset/A89_2C_290_291_MAP8_unrelaxed_rank_001_alphafold2_ptm_model_1_seed_022.pdb	1	22	568344930ede42f5a9d1bd93f3c5bdb85cbbfe29689ecd035d4bfaa955e7a172	3	1x9A5_1ns_rep1_reexported	results/9a5_context_011a_qc/reexported_1x9A5_endpoints/rep1_endpoint_last_frame_reexported.pdb	d0478a7a51689bb667669872868335018b6685e1e7218a351f1d7dc791f46d26	yes	2.0133029863517824	2.081762699438209	321	22.19333569616465	0	0	0	0	A:GLY291:N--L:ARG82:NH1	2.6893567868175525	2.6893567868175525	3.377405248556086	0	0	18	F	30.009292014598405	0	0	0	no	six_tagged_protomer_proxy_from_existing_tagged_monomer;endpoint_duplicates_removed_in_011a	ROBUST_9A5_CONTEXT
A89_2C_290_291_MAP8	290|291	MAP8	GDGMVPPG	8	results/open_structure_007/deep_subset/A89_2C_290_291_MAP8_unrelaxed_rank_001_alphafold2_ptm_model_1_seed_022.pdb	1	22	568344930ede42f5a9d1bd93f3c5bdb85cbbfe29689ecd035d4bfaa955e7a172	3	1x9A5_1ns_rep2_reexported	results/9a5_context_011a_qc/reexported_1x9A5_endpoints/rep2_endpoint_last_frame_reexported.pdb	935684cc8c8088161467a728447c8fc821cd0c99d5175f2dc0ddfefc129df8c5	yes	2.0429457365145787	2.1610747965156003	321	21.46755163166284	0	0	0	0	B:GLY298:CA--H:ILE57:CD	3.1626054800005967	3.3265447871575753	3.1626054800005967	0	0	21	E	30.163347097703717	0	0	0	no	six_tagged_protomer_proxy_from_existing_tagged_monomer;endpoint_duplicates_removed_in_011a	ROBUST_9A5_CONTEXT
A89_2C_290_291_MAP8	290|291	MAP8	GDGMVPPG	8	results/open_structure_007/deep_subset/A89_2C_290_291_MAP8_unrelaxed_rank_001_alphafold2_ptm_model_1_seed_022.pdb	1	22	568344930ede42f5a9d1bd93f3c5bdb85cbbfe29689ecd035d4bfaa955e7a172	3	1x9A5_1ns_rep3_reexported	results/9a5_context_011a_qc/reexported_1x9A5_endpoints/rep3_endpoint_last_frame_reexported.pdb	5188d4f8df2e77f3c6bfbf01fcf4135cfde42c1c4ea56ec642c16cb6cd2370c1	yes	2.0415794170143093	2.0962840298669327	321	22.07955272241481	0	0	0	0	B:GLY291:N--H:ILE32:CG2	3.11628811041295	3.375066374251558	3.11628811041295	0	0	21	D	30.022144144395284	0	0	0	no	six_tagged_protomer_proxy_from_existing_tagged_monomer;endpoint_duplicates_removed_in_011a	ROBUST_9A5_CONTEXT
A89_2C_290_291_MAP8	290|291	MAP8	GDGMVPPG	8	results/open_structure_007/deep_subset/A89_2C_290_291_MAP8_unrelaxed_rank_001_alphafold2_ptm_model_1_seed_022.pdb	1	22	568344930ede42f5a9d1bd93f3c5bdb85cbbfe29689ecd035d4bfaa955e7a172	3	free_hexamer_2ns_lead	HRV_A89_2C_HEXAMER/results_summary/selected_hexamer_01_md_representative.pdb	d6daf2cd8aa7db784561e85c5169e006a4c04b98ff68aebcdc63c6e34cfdc292	no	1.9641975112316878	2.010587844038546	321		0	0	0	0	NA	3.214711318044126	3.214711318044126	3.2186236425337444	0	0	20	F	30.068610774626364	0	0	0	no	six_tagged_protomer_proxy_from_existing_tagged_monomer;endpoint_duplicates_removed_in_011a	ROBUST_9A5_CONTEXT
A89_2C_290_291_MAP8	290|291	MAP8	GDGMVPPG	8	results/open_structure_007/deep_subset/A89_2C_290_291_MAP8_unrelaxed_rank_001_alphafold2_ptm_model_1_seed_022.pdb	1	22	568344930ede42f5a9d1bd93f3c5bdb85cbbfe29689ecd035d4bfaa955e7a172	3	free_hexamer_5ns_rep1	HRV_A89_2C_HEXAMER/results_summary/selected_hexamer_01_md_representative_5ns_rep1.pdb	2d4aa74795dd8fe100b63a25dc0065797cfad63972ced0e500b22a789fbdaaf8	no	1.9678334952386358	2.0003582811369243	321		0	0	0	0	NA	3.63037535585898	3.6420768934694365	3.63037535585898	0	0	10	E	30.006498790010088	0	0	0	no	six_tagged_protomer_proxy_from_existing_tagged_monomer;endpoint_duplicates_removed_in_011a	ROBUST_9A5_CONTEXT
A89_2C_290_291_MAP8	290|291	MAP8	GDGMVPPG	8	results/open_structure_007/deep_subset/A89_2C_290_291_MAP8_unrelaxed_rank_001_alphafold2_ptm_model_1_seed_022.pdb	1	22	568344930ede42f5a9d1bd93f3c5bdb85cbbfe29689ecd035d4bfaa955e7a172	3	free_hexamer_5ns_rep2	HRV_A89_2C_HEXAMER/results_summary/selected_hexamer_01_md_representative_5ns_rep2.pdb	220bdfa9b1c09f29f933ae6e76e3f693a52185cb7acdfaa5926c15c56d8debc8	no	1.9717643194567414	2.01606863878689	321		0	0	0	0	NA	3.2287615121605575	3.348427947061129	3.2287615121605575	0	0	18	B	30.027474957205175	0	0	0	no	six_tagged_protomer_proxy_from_existing_tagged_monomer;endpoint_duplicates_removed_in_011a	ROBUST_9A5_CONTEXT
A89_2C_290_291_MAP8	290|291	MAP8	GDGMVPPG	8	results/open_structure_007/deep_subset/A89_2C_290_291_MAP8_unrelaxed_rank_001_alphafold2_ptm_model_1_seed_022.pdb	1	22	568344930ede42f5a9d1bd93f3c5bdb85cbbfe29689ecd035d4bfaa955e7a172	3	free_hexamer_5ns_rep3	HRV_A89_2C_HEXAMER/results_summary/selected_hexamer_01_md_representative_5ns_rep3.pdb	29e334a2081e858d4a1911f6f6ecac0e46e210946f8800f2634326944ebda336	no	1.9588731677210014	1.9975317921235127	321		0	0	0	0	NA	3.198738508344567	3.397880941446408	3.198738508344567	0	0	30	B	30.002486404750005	0	0	0	no	six_tagged_protomer_proxy_from_existing_tagged_monomer;endpoint_duplicates_removed_in_011a	ROBUST_9A5_CONTEXT
A89_2C_290_291_MAP8	290|291	MAP8	GDGMVPPG	8	results/open_structure_007/deep_subset/A89_2C_290_291_MAP8_unrelaxed_rank_001_alphafold2_ptm_model_1_seed_022.pdb	1	22	568344930ede42f5a9d1bd93f3c5bdb85cbbfe29689ecd035d4bfaa955e7a172	3	free_hexamer_control_model1	HRV_A89_2C_HEXAMER/results_summary/selected_hexamer_02_md_representative.pdb	be28894e60a05269dbf6ad02c070e56fad7f51fc8b1e8cc20b98406821fb5a78	no	1.991606505681267	2.0244957081806656	321		0	0	0	0	NA	4.427769812992134	4.709107535449158	4.427769812992134	0	0	1	A	31.04220035489511	0	0	0	no	six_tagged_protomer_proxy_from_existing_tagged_monomer;endpoint_duplicates_removed_in_011a	ROBUST_9A5_CONTEXT
A89_2C_290_291_MAP8	290|291	MAP8	GDGMVPPG	8	results/open_structure_007/deep_subset/A89_2C_290_291_MAP8_unrelaxed_rank_002_alphafold2_ptm_model_1_seed_021.pdb	2	21	19ad9c403cdf784c251b5ac74574b63c85f823cce676e23d1c785c6fa3bd3880	2	1x9A5_100ps_showcase	HRV_A89_2C_HEXAMER/results_summary/SHOWCASE_1x_9A5_D_chain_after_npt_100ps_pbc_fixed.pdb	3d3f3f4956152103153d5c8a5135701ae3f7f3638eed42a1d528ef600b96bbc7	yes	2.9690262648679515	3.0146915973547426	321	22.178319285192597	0	0	0	0	B:GLY291:N--H:ILE32:CG2	3.1329622224785187	3.1329622224785187	3.150380515002565	0	0	20	F	30.03172068933014	0	0	0	no	six_tagged_protomer_proxy_from_existing_tagged_monomer;endpoint_duplicates_removed_in_011a	ROBUST_9A5_CONTEXT
A89_2C_290_291_MAP8	290|291	MAP8	GDGMVPPG	8	results/open_structure_007/deep_subset/A89_2C_290_291_MAP8_unrelaxed_rank_002_alphafold2_ptm_model_1_seed_021.pdb	2	21	19ad9c403cdf784c251b5ac74574b63c85f823cce676e23d1c785c6fa3bd3880	2	1x9A5_1ns_rep1_reexported	results/9a5_context_011a_qc/reexported_1x9A5_endpoints/rep1_endpoint_last_frame_reexported.pdb	d0478a7a51689bb667669872868335018b6685e1e7218a351f1d7dc791f46d26	yes	2.99298258218014	3.0588416711035626	321	22.599487340820854	0	0	0	0	A:GLY291:N--L:ARG82:NH1	2.9815684734413104	2.9815684734413104	3.145515777863852	0	0	21	F	30.05750122824646	0	0	0	no	six_tagged_protomer_proxy_from_existing_tagged_monomer;endpoint_duplicates_removed_in_011a	ROBUST_9A5_CONTEXT
A89_2C_290_291_MAP8	290|291	MAP8	GDGMVPPG	8	results/open_structure_007/deep_subset/A89_2C_290_291_MAP8_unrelaxed_rank_002_alphafold2_ptm_model_1_seed_021.pdb	2	21	19ad9c403cdf784c251b5ac74574b63c85f823cce676e23d1c785c6fa3bd3880	2	1x9A5_1ns_rep2_reexported	results/9a5_context_011a_qc/reexported_1x9A5_endpoints/rep2_endpoint_last_frame_reexported.pdb	935684cc8c8088161467a728447c8fc821cd0c99d5175f2dc0ddfefc129df8c5	yes	3.0219110922245362	3.13048941219702	321	22.15865010151188	0	0	0	0	B:GLY298:CA--H:ILE57:CD	3.105317938662137	3.460986947541848	3.105317938662137	0	0	20	E	30.19763095796182	0	0	0	no	six_tagged_protomer_proxy_from_existing_tagged_monomer;endpoint_duplicates_removed_in_011a	ROBUST_9A5_CONTEXT
A89_2C_290_291_MAP8	290|291	MAP8	GDGMVPPG	8	results/open_structure_007/deep_subset/A89_2C_290_291_MAP8_unrelaxed_rank_002_alphafold2_ptm_model_1_seed_021.pdb	2	21	19ad9c403cdf784c251b5ac74574b63c85f823cce676e23d1c785c6fa3bd3880	2	1x9A5_1ns_rep3_reexported	results/9a5_context_011a_qc/reexported_1x9A5_endpoints/rep3_endpoint_last_frame_reexported.pdb	5188d4f8df2e77f3c6bfbf01fcf4135cfde42c1c4ea56ec642c16cb6cd2370c1	yes	3.0254545241369595	3.0602479449675	321	22.654364759892587	0	0	0	0	B:GLY291:N--H:ILE32:CG2	3.2731176896547756	3.32811308758626	3.2731176896547756	0	0	19	D	30.064297906484395	0	0	0	no	six_tagged_protomer_proxy_from_existing_tagged_monomer;endpoint_duplicates_removed_in_011a	ROBUST_9A5_CONTEXT
A89_2C_290_291_MAP8	290|291	MAP8	GDGMVPPG	8	results/open_structure_007/deep_subset/A89_2C_290_291_MAP8_unrelaxed_rank_002_alphafold2_ptm_model_1_seed_021.pdb	2	21	19ad9c403cdf784c251b5ac74574b63c85f823cce676e23d1c785c6fa3bd3880	2	free_hexamer_2ns_lead	HRV_A89_2C_HEXAMER/results_summary/selected_hexamer_01_md_representative.pdb	d6daf2cd8aa7db784561e85c5169e006a4c04b98ff68aebcdc63c6e34cfdc292	no	2.9415319587671886	2.9819539299181383	321		0	0	0	0	NA	3.1969248398417216	3.4114656883075356	3.1969248398417216	0	0	18	B	30.112150387225466	0	0	0	no	six_tagged_protomer_proxy_from_existing_tagged_monomer;endpoint_duplicates_removed_in_011a	ROBUST_9A5_CONTEXT
A89_2C_290_291_MAP8	290|291	MAP8	GDGMVPPG	8	results/open_structure_007/deep_subset/A89_2C_290_291_MAP8_unrelaxed_rank_002_alphafold2_ptm_model_1_seed_021.pdb	2	21	19ad9c403cdf784c251b5ac74574b63c85f823cce676e23d1c785c6fa3bd3880	2	free_hexamer_5ns_rep1	HRV_A89_2C_HEXAMER/results_summary/selected_hexamer_01_md_representative_5ns_rep1.pdb	2d4aa74795dd8fe100b63a25dc0065797cfad63972ced0e500b22a789fbdaaf8	no	2.9417119340468116	2.974275335178233	321		0	0	0	0	NA	2.9863411996330265	3.208876034964751	2.9863411996330265	0	0	18	A	30.02572137080549	0	0	0	no	six_tagged_protomer_proxy_from_existing_tagged_monomer;endpoint_duplicates_removed_in_011a	ROBUST_9A5_CONTEXT
A89_2C_290_291_MAP8	290|291	MAP8	GDGMVPPG	8	results/open_structure_007/deep_subset/A89_2C_290_291_MAP8_unrelaxed_rank_002_alphafold2_ptm_model_1_seed_021.pdb	2	21	19ad9c403cdf784c251b5ac74574b63c85f823cce676e23d1c785c6fa3bd3880	2	free_hexamer_5ns_rep2	HRV_A89_2C_HEXAMER/results_summary/selected_hexamer_01_md_representative_5ns_rep2.pdb	220bdfa9b1c09f29f933ae6e76e3f693a52185cb7acdfaa5926c15c56d8debc8	no	2.939642955802271	3.0044342188676287	321		0	0	0	0	NA	3.1213209589186364	3.2385368792622113	3.1213209589186364	0	0	18	E	30.043562297089025	0	0	0	no	six_tagged_protomer_proxy_from_existing_tagged_monomer;endpoint_duplicates_removed_in_011a	ROBUST_9A5_CONTEXT
A89_2C_290_291_MAP8	290|291	MAP8	GDGMVPPG	8	results/open_structure_007/deep_subset/A89_2C_290_291_MAP8_unrelaxed_rank_002_alphafold2_ptm_model_1_seed_021.pdb	2	21	19ad9c403cdf784c251b5ac74574b63c85f823cce676e23d1c785c6fa3bd3880	2	free_hexamer_5ns_rep3	HRV_A89_2C_HEXAMER/results_summary/selected_hexamer_01_md_representative_5ns_rep3.pdb	29e334a2081e858d4a1911f6f6ecac0e46e210946f8800f2634326944ebda336	no	2.9291170469066508	2.975935969299624	321		0	0	0	0	NA	3.0569773310957586	3.096990090151963	3.0569773310957586	0	0	22	B	30.04300747099805	0	0	0	no	six_tagged_protomer_proxy_from_existing_tagged_monomer;endpoint_duplicates_removed_in_011a	ROBUST_9A5_CONTEXT
A89_2C_290_291_MAP8	290|291	MAP8	GDGMVPPG	8	results/open_structure_007/deep_subset/A89_2C_290_291_MAP8_unrelaxed_rank_002_alphafold2_ptm_model_1_seed_021.pdb	2	21	19ad9c403cdf784c251b5ac74574b63c85f823cce676e23d1c785c6fa3bd3880	2	free_hexamer_control_model1	HRV_A89_2C_HEXAMER/results_summary/selected_hexamer_02_md_representative.pdb	be28894e60a05269dbf6ad02c070e56fad7f51fc8b1e8cc20b98406821fb5a78	no	2.92346134136114	2.9414583173886397	321		0	0	0	0	NA	4.316869888313694	4.63043277940058	4.316869888313694	0	0	1	D	30.886687111620923	0	0	0	no	six_tagged_protomer_proxy_from_existing_tagged_monomer;endpoint_duplicates_removed_in_011a	ROBUST_9A5_CONTEXT
A89_2C_290_291_MAP8	290|291	MAP8	GDGMVPPG	8	results/open_structure_007/tier1_shallow/A89_2C_290_291_MAP8_unrelaxed_rank_001_alphafold2_ptm_model_1_seed_011.pdb	1	11	12d010de29c2b2fa308d3b3e07756cd3700d4815b314e8e21da5bd68fe3d552c	1	1x9A5_100ps_showcase	HRV_A89_2C_HEXAMER/results_summary/SHOWCASE_1x_9A5_D_chain_after_npt_100ps_pbc_fixed.pdb	3d3f3f4956152103153d5c8a5135701ae3f7f3638eed42a1d528ef600b96bbc7	yes	2.8437797661031388	2.887903264868869	321	21.881465174525502	0	0	0	0	B:GLY298:CA--H:ILE57:CD	4.9993603624219904	5.097539840728805	4.9993603624219904	0	0	0	D	32.027153434882095	0	0	0	no	six_tagged_protomer_proxy_from_existing_tagged_monomer;endpoint_duplicates_removed_in_011a	ROBUST_9A5_CONTEXT
A89_2C_290_291_MAP8	290|291	MAP8	GDGMVPPG	8	results/open_structure_007/tier1_shallow/A89_2C_290_291_MAP8_unrelaxed_rank_001_alphafold2_ptm_model_1_seed_011.pdb	1	11	12d010de29c2b2fa308d3b3e07756cd3700d4815b314e8e21da5bd68fe3d552c	1	1x9A5_1ns_rep1_reexported	results/9a5_context_011a_qc/reexported_1x9A5_endpoints/rep1_endpoint_last_frame_reexported.pdb	d0478a7a51689bb667669872868335018b6685e1e7218a351f1d7dc791f46d26	yes	2.865316419646339	2.894627526448438	321	22.482850629037188	0	0	0	0	B:GLY298:CA--H:ILE57:CD	4.769260228148197	4.769260228148197	5.068657189268667	0	0	0	F	32.05868837672517	0	0	0	no	six_tagged_protomer_proxy_from_existing_tagged_monomer;endpoint_duplicates_removed_in_011a	ROBUST_9A5_CONTEXT
A89_2C_290_291_MAP8	290|291	MAP8	GDGMVPPG	8	results/open_structure_007/tier1_shallow/A89_2C_290_291_MAP8_unrelaxed_rank_001_alphafold2_ptm_model_1_seed_011.pdb	1	11	12d010de29c2b2fa308d3b3e07756cd3700d4815b314e8e21da5bd68fe3d552c	1	1x9A5_1ns_rep2_reexported	results/9a5_context_011a_qc/reexported_1x9A5_endpoints/rep2_endpoint_last_frame_reexported.pdb	935684cc8c8088161467a728447c8fc821cd0c99d5175f2dc0ddfefc129df8c5	yes	2.890785110345613	2.9572019777814282	321	21.649386320307325	0	0	0	0	B:GLY298:CA--H:ILE57:CD	5.041221133079664	5.089541041403853	5.041221133079664	0	0	0	A	32.19704607481928	0	0	0	no	six_tagged_protomer_proxy_from_existing_tagged_monomer;endpoint_duplicates_removed_in_011a	ROBUST_9A5_CONTEXT
A89_2C_290_291_MAP8	290|291	MAP8	GDGMVPPG	8	results/open_structure_007/tier1_shallow/A89_2C_290_291_MAP8_unrelaxed_rank_001_alphafold2_ptm_model_1_seed_011.pdb	1	11	12d010de29c2b2fa308d3b3e07756cd3700d4815b314e8e21da5bd68fe3d552c	1	1x9A5_1ns_rep3_reexported	results/9a5_context_011a_qc/reexported_1x9A5_endpoints/rep3_endpoint_last_frame_reexported.pdb	5188d4f8df2e77f3c6bfbf01fcf4135cfde42c1c4ea56ec642c16cb6cd2370c1	yes	2.8966299310615815	2.9430167181556635	321	22.323587316425062	0	0	0	0	B:PRO297:CB--H:ALA55:CB	4.903628481032772	5.304912738708176	4.903628481032772	0	0	0	D	32.064924251975576	0	0	0	no	six_tagged_protomer_proxy_from_existing_tagged_monomer;endpoint_duplicates_removed_in_011a	ROBUST_9A5_CONTEXT
A89_2C_290_291_MAP8	290|291	MAP8	GDGMVPPG	8	results/open_structure_007/tier1_shallow/A89_2C_290_291_MAP8_unrelaxed_rank_001_alphafold2_ptm_model_1_seed_011.pdb	1	11	12d010de29c2b2fa308d3b3e07756cd3700d4815b314e8e21da5bd68fe3d552c	1	free_hexamer_2ns_lead	HRV_A89_2C_HEXAMER/results_summary/selected_hexamer_01_md_representative.pdb	d6daf2cd8aa7db784561e85c5169e006a4c04b98ff68aebcdc63c6e34cfdc292	no	2.8171800969670144	2.85808938333923	321		0	0	0	0	NA	4.833245084674754	4.833245084674754	5.437453432551932	0	0	0	F	32.10347175467081	0	0	0	no	six_tagged_protomer_proxy_from_existing_tagged_monomer;endpoint_duplicates_removed_in_011a	ROBUST_9A5_CONTEXT
A89_2C_290_291_MAP8	290|291	MAP8	GDGMVPPG	8	results/open_structure_007/tier1_shallow/A89_2C_290_291_MAP8_unrelaxed_rank_001_alphafold2_ptm_model_1_seed_011.pdb	1	11	12d010de29c2b2fa308d3b3e07756cd3700d4815b314e8e21da5bd68fe3d552c	1	free_hexamer_5ns_rep1	HRV_A89_2C_HEXAMER/results_summary/selected_hexamer_01_md_representative_5ns_rep1.pdb	2d4aa74795dd8fe100b63a25dc0065797cfad63972ced0e500b22a789fbdaaf8	no	2.8171965758155713	2.8567926050272905	321		0	0	0	0	NA	4.975539899680355	5.367036543268388	4.975539899680355	0	0	0	A	32.01359262996254	0	0	0	no	six_tagged_protomer_proxy_from_existing_tagged_monomer;endpoint_duplicates_removed_in_011a	ROBUST_9A5_CONTEXT
A89_2C_290_291_MAP8	290|291	MAP8	GDGMVPPG	8	results/open_structure_007/tier1_shallow/A89_2C_290_291_MAP8_unrelaxed_rank_001_alphafold2_ptm_model_1_seed_011.pdb	1	11	12d010de29c2b2fa308d3b3e07756cd3700d4815b314e8e21da5bd68fe3d552c	1	free_hexamer_5ns_rep2	HRV_A89_2C_HEXAMER/results_summary/selected_hexamer_01_md_representative_5ns_rep2.pdb	220bdfa9b1c09f29f933ae6e76e3f693a52185cb7acdfaa5926c15c56d8debc8	no	2.8165534561138057	2.8788994146666447	321		0	0	0	0	NA	5.318527367717045	5.4224411577424325	5.318527367717045	0	0	0	A	32.03187660248255	0	0	0	no	six_tagged_protomer_proxy_from_existing_tagged_monomer;endpoint_duplicates_removed_in_011a	ROBUST_9A5_CONTEXT
A89_2C_290_291_MAP8	290|291	MAP8	GDGMVPPG	8	results/open_structure_007/tier1_shallow/A89_2C_290_291_MAP8_unrelaxed_rank_001_alphafold2_ptm_model_1_seed_011.pdb	1	11	12d010de29c2b2fa308d3b3e07756cd3700d4815b314e8e21da5bd68fe3d552c	1	free_hexamer_5ns_rep3	HRV_A89_2C_HEXAMER/results_summary/selected_hexamer_01_md_representative_5ns_rep3.pdb	29e334a2081e858d4a1911f6f6ecac0e46e210946f8800f2634326944ebda336	no	2.804716826657609	2.855108834798911	321		0	0	0	0	NA	5.058064409106375	5.568568222207915	5.058064409106375	0	0	0	D	32.045584964578296	0	0	0	no	six_tagged_protomer_proxy_from_existing_tagged_monomer;endpoint_duplicates_removed_in_011a	ROBUST_9A5_CONTEXT
A89_2C_290_291_MAP8	290|291	MAP8	GDGMVPPG	8	results/open_structure_007/tier1_shallow/A89_2C_290_291_MAP8_unrelaxed_rank_001_alphafold2_ptm_model_1_seed_011.pdb	1	11	12d010de29c2b2fa308d3b3e07756cd3700d4815b314e8e21da5bd68fe3d552c	1	free_hexamer_control_model1	HRV_A89_2C_HEXAMER/results_summary/selected_hexamer_02_md_representative.pdb	be28894e60a05269dbf6ad02c070e56fad7f51fc8b1e8cc20b98406821fb5a78	no	2.553079299766309	2.5701774978236265	321		0	0	0	0	NA	5.818362465497181	6.415941323225995	5.818362465497181	0	0	0	A	32.74062400410275	0	0	0	no	six_tagged_protomer_proxy_from_existing_tagged_monomer;endpoint_duplicates_removed_in_011a	ROBUST_9A5_CONTEXT
A89_2C_256_257_MAP8	256|257	MAP8	GDGMVPPG	8	results/open_structure_007/tier1_shallow/A89_2C_256_257_MAP8_unrelaxed_rank_001_alphafold2_ptm_model_1_seed_011.pdb	1	11	2087e5987934d99e5b401824582288d13a8be24aee3418147a40c852ecbf3126	1	1x9A5_100ps_showcase	HRV_A89_2C_HEXAMER/results_summary/SHOWCASE_1x_9A5_D_chain_after_npt_100ps_pbc_fixed.pdb	3d3f3f4956152103153d5c8a5135701ae3f7f3638eed42a1d528ef600b96bbc7	yes	1.810194074315016	1.842357347186025	321	28.798390124701463	0	0	0	0	B:GLY257:O--H:TYR58:CE1	0.1498070752132757	0.35386823256854255	0.1498070752132757	199	352	1916	B	36.879168985089905	0	0	0	no	six_tagged_protomer_proxy_from_existing_tagged_monomer;endpoint_duplicates_removed_in_011a	HEXAMER_CONTEXT_SENSITIVE
A89_2C_256_257_MAP8	256|257	MAP8	GDGMVPPG	8	results/open_structure_007/tier1_shallow/A89_2C_256_257_MAP8_unrelaxed_rank_001_alphafold2_ptm_model_1_seed_011.pdb	1	11	2087e5987934d99e5b401824582288d13a8be24aee3418147a40c852ecbf3126	1	1x9A5_1ns_rep1_reexported	results/9a5_context_011a_qc/reexported_1x9A5_endpoints/rep1_endpoint_last_frame_reexported.pdb	d0478a7a51689bb667669872868335018b6685e1e7218a351f1d7dc791f46d26	yes	1.8267887468190123	1.867671974657567	321	28.116587052344673	0	0	0	0	E:GLY257:O--L:GLN17:OE1	0.05649155801430479	0.30834275756133417	0.05649155801430479	191	341	1892	B	36.82320052264009	0	0	0	no	six_tagged_protomer_proxy_from_existing_tagged_monomer;endpoint_duplicates_removed_in_011a	HEXAMER_CONTEXT_SENSITIVE
A89_2C_256_257_MAP8	256|257	MAP8	GDGMVPPG	8	results/open_structure_007/tier1_shallow/A89_2C_256_257_MAP8_unrelaxed_rank_001_alphafold2_ptm_model_1_seed_011.pdb	1	11	2087e5987934d99e5b401824582288d13a8be24aee3418147a40c852ecbf3126	1	1x9A5_1ns_rep2_reexported	results/9a5_context_011a_qc/reexported_1x9A5_endpoints/rep2_endpoint_last_frame_reexported.pdb	935684cc8c8088161467a728447c8fc821cd0c99d5175f2dc0ddfefc129df8c5	yes	1.8356154269544132	1.896762128874147	321	28.6528167218862	0	0	0	0	E:GLY257:O--L:GLN17:OE1	0.19372660012642332	0.19372660012642332	0.31954682006735496	193	341	1841	A	36.992347619074025	0	0	0	no	six_tagged_protomer_proxy_from_existing_tagged_monomer;endpoint_duplicates_removed_in_011a	HEXAMER_CONTEXT_SENSITIVE
A89_2C_256_257_MAP8	256|257	MAP8	GDGMVPPG	8	results/open_structure_007/tier1_shallow/A89_2C_256_257_MAP8_unrelaxed_rank_001_alphafold2_ptm_model_1_seed_011.pdb	1	11	2087e5987934d99e5b401824582288d13a8be24aee3418147a40c852ecbf3126	1	1x9A5_1ns_rep3_reexported	results/9a5_context_011a_qc/reexported_1x9A5_endpoints/rep3_endpoint_last_frame_reexported.pdb	5188d4f8df2e77f3c6bfbf01fcf4135cfde42c1c4ea56ec642c16cb6cd2370c1	yes	1.8343045737279757	1.8989558603107286	321	28.251253034231866	0	0	0	0	E:GLY257:O--L:GLN17:OE1	0.1774748559240503	0.3413859621222898	0.1774748559240503	201	346	1957	B	36.98141133402093	0	0	0	no	six_tagged_protomer_proxy_from_existing_tagged_monomer;endpoint_duplicates_removed_in_011a	HEXAMER_CONTEXT_SENSITIVE
A89_2C_256_257_MAP8	256|257	MAP8	GDGMVPPG	8	results/open_structure_007/tier1_shallow/A89_2C_256_257_MAP8_unrelaxed_rank_001_alphafold2_ptm_model_1_seed_011.pdb	1	11	2087e5987934d99e5b401824582288d13a8be24aee3418147a40c852ecbf3126	1	free_hexamer_2ns_lead	HRV_A89_2C_HEXAMER/results_summary/selected_hexamer_01_md_representative.pdb	d6daf2cd8aa7db784561e85c5169e006a4c04b98ff68aebcdc63c6e34cfdc292	no	1.7878638642194742	1.8041943011553772	321		0	0	0	0	NA	0.24975146585115365	0.40850533148955875	0.24975146585115365	200	351	1923	B	36.848884394155206	0	0	0	no	six_tagged_protomer_proxy_from_existing_tagged_monomer;endpoint_duplicates_removed_in_011a	HEXAMER_CONTEXT_SENSITIVE
A89_2C_256_257_MAP8	256|257	MAP8	GDGMVPPG	8	results/open_structure_007/tier1_shallow/A89_2C_256_257_MAP8_unrelaxed_rank_001_alphafold2_ptm_model_1_seed_011.pdb	1	11	2087e5987934d99e5b401824582288d13a8be24aee3418147a40c852ecbf3126	1	free_hexamer_5ns_rep1	HRV_A89_2C_HEXAMER/results_summary/selected_hexamer_01_md_representative_5ns_rep1.pdb	2d4aa74795dd8fe100b63a25dc0065797cfad63972ced0e500b22a789fbdaaf8	no	1.783750605847286	1.8471024639817542	321		0	0	0	0	NA	0.309559102860549	0.45363147773015117	0.309559102860549	197	339	1879	C	36.70388967320444	0	0	0	no	six_tagged_protomer_proxy_from_existing_tagged_monomer;endpoint_duplicates_removed_in_011a	HEXAMER_CONTEXT_SENSITIVE
A89_2C_256_257_MAP8	256|257	MAP8	GDGMVPPG	8	results/open_structure_007/tier1_shallow/A89_2C_256_257_MAP8_unrelaxed_rank_001_alphafold2_ptm_model_1_seed_011.pdb	1	11	2087e5987934d99e5b401824582288d13a8be24aee3418147a40c852ecbf3126	1	free_hexamer_5ns_rep2	HRV_A89_2C_HEXAMER/results_summary/selected_hexamer_01_md_representative_5ns_rep2.pdb	220bdfa9b1c09f29f933ae6e76e3f693a52185cb7acdfaa5926c15c56d8debc8	no	1.7982115301539163	1.841749524999723	321		0	0	0	0	NA	0.23573773802019918	0.23573773802019918	0.25290378116930884	189	349	1922	A	36.67912846740334	0	0	0	no	six_tagged_protomer_proxy_from_existing_tagged_monomer;endpoint_duplicates_removed_in_011a	HEXAMER_CONTEXT_SENSITIVE
A89_2C_256_257_MAP8	256|257	MAP8	GDGMVPPG	8	results/open_structure_007/tier1_shallow/A89_2C_256_257_MAP8_unrelaxed_rank_001_alphafold2_ptm_model_1_seed_011.pdb	1	11	2087e5987934d99e5b401824582288d13a8be24aee3418147a40c852ecbf3126	1	free_hexamer_5ns_rep3	HRV_A89_2C_HEXAMER/results_summary/selected_hexamer_01_md_representative_5ns_rep3.pdb	29e334a2081e858d4a1911f6f6ecac0e46e210946f8800f2634326944ebda336	no	1.7749100629937662	1.8260522868141418	321		0	0	0	0	NA	0.15053570675222788	0.17387284227046426	0.15053570675222788	185	332	1861	C	36.763536668010474	0	0	0	no	six_tagged_protomer_proxy_from_existing_tagged_monomer;endpoint_duplicates_removed_in_011a	HEXAMER_CONTEXT_SENSITIVE
A89_2C_256_257_MAP8	256|257	MAP8	GDGMVPPG	8	results/open_structure_007/tier1_shallow/A89_2C_256_257_MAP8_unrelaxed_rank_001_alphafold2_ptm_model_1_seed_011.pdb	1	11	2087e5987934d99e5b401824582288d13a8be24aee3418147a40c852ecbf3126	1	free_hexamer_control_model1	HRV_A89_2C_HEXAMER/results_summary/selected_hexamer_02_md_representative.pdb	be28894e60a05269dbf6ad02c070e56fad7f51fc8b1e8cc20b98406821fb5a78	no	1.2682522545164847	1.2934553785250953	321		0	0	0	0	NA	0.11850774134585165	0.28675670695978916	0.11850774134585165	270	522	2631	B	35.678156511128336	0	0	0	no	six_tagged_protomer_proxy_from_existing_tagged_monomer;endpoint_duplicates_removed_in_011a	HEXAMER_CONTEXT_SENSITIVE
A89_2C_224_225_MAP8	224|225	MAP8	GDGMVPPG	8	results/open_structure_007/tier1_shallow/A89_2C_224_225_MAP8_unrelaxed_rank_001_alphafold2_ptm_model_1_seed_011.pdb	1	11	9b9505b4d78d05d66b533ca21bf0c16fcf56b5fbcc1373db4c7ec99e14691cc2	1	1x9A5_100ps_showcase	HRV_A89_2C_HEXAMER/results_summary/SHOWCASE_1x_9A5_D_chain_after_npt_100ps_pbc_fixed.pdb	3d3f3f4956152103153d5c8a5135701ae3f7f3638eed42a1d528ef600b96bbc7	yes	2.4520550054112418	2.5208647346532542	321	0.4773533795517963	194	418	2538	3407	A:MET228:CA--L:VAL83:O	6.764961610748929	7.015006222341902	6.764961610748929	0	0	0	B	8.793041160881893	0	0	0	no	six_tagged_protomer_proxy_from_existing_tagged_monomer;endpoint_duplicates_removed_in_011a	ANTIBODY_STERIC_CONFLICT
A89_2C_224_225_MAP8	224|225	MAP8	GDGMVPPG	8	results/open_structure_007/tier1_shallow/A89_2C_224_225_MAP8_unrelaxed_rank_001_alphafold2_ptm_model_1_seed_011.pdb	1	11	9b9505b4d78d05d66b533ca21bf0c16fcf56b5fbcc1373db4c7ec99e14691cc2	1	1x9A5_1ns_rep1_reexported	results/9a5_context_011a_qc/reexported_1x9A5_endpoints/rep1_endpoint_last_frame_reexported.pdb	d0478a7a51689bb667669872868335018b6685e1e7218a351f1d7dc791f46d26	yes	2.483638719510558	2.584915265900859	321	0.38799824198449473	196	414	2487	3353	F:ASP226:O--H:GLU2:OE2	6.549901268591082	6.914210267500629	6.549901268591082	0	0	0	E	8.836361563295133	0	0	0	no	six_tagged_protomer_proxy_from_existing_tagged_monomer;endpoint_duplicates_removed_in_011a	ANTIBODY_STERIC_CONFLICT
A89_2C_224_225_MAP8	224|225	MAP8	GDGMVPPG	8	results/open_structure_007/tier1_shallow/A89_2C_224_225_MAP8_unrelaxed_rank_001_alphafold2_ptm_model_1_seed_011.pdb	1	11	9b9505b4d78d05d66b533ca21bf0c16fcf56b5fbcc1373db4c7ec99e14691cc2	1	1x9A5_1ns_rep2_reexported	results/9a5_context_011a_qc/reexported_1x9A5_endpoints/rep2_endpoint_last_frame_reexported.pdb	935684cc8c8088161467a728447c8fc821cd0c99d5175f2dc0ddfefc129df8c5	yes	2.5037391792521695	2.62622185252738	321	0.18045466921003125	196	424	2496	3343	F:ASP226:O--H:GLU2:OE1	6.0176570457790115	6.650475994936787	6.0176570457790115	0	0	0	A	8.852926084046938	0	0	0	no	six_tagged_protomer_proxy_from_existing_tagged_monomer;endpoint_duplicates_removed_in_011a	ANTIBODY_STERIC_CONFLICT
A89_2C_224_225_MAP8	224|225	MAP8	GDGMVPPG	8	results/open_structure_007/tier1_shallow/A89_2C_224_225_MAP8_unrelaxed_rank_001_alphafold2_ptm_model_1_seed_011.pdb	1	11	9b9505b4d78d05d66b533ca21bf0c16fcf56b5fbcc1373db4c7ec99e14691cc2	1	1x9A5_1ns_rep3_reexported	results/9a5_context_011a_qc/reexported_1x9A5_endpoints/rep3_endpoint_last_frame_reexported.pdb	5188d4f8df2e77f3c6bfbf01fcf4135cfde42c1c4ea56ec642c16cb6cd2370c1	yes	2.511426845847715	2.5781848927204143	321	0.48793921785056493	203	421	2464	3312	A:MET228:CB--L:VAL83:C	6.607226023289529	6.607226023289529	6.692930386068591	0	0	0	F	8.858357600606837	0	0	0	no	six_tagged_protomer_proxy_from_existing_tagged_monomer;endpoint_duplicates_removed_in_011a	ANTIBODY_STERIC_CONFLICT
A89_2C_224_225_MAP8	224|225	MAP8	GDGMVPPG	8	results/open_structure_007/tier1_shallow/A89_2C_224_225_MAP8_unrelaxed_rank_001_alphafold2_ptm_model_1_seed_011.pdb	1	11	9b9505b4d78d05d66b533ca21bf0c16fcf56b5fbcc1373db4c7ec99e14691cc2	1	free_hexamer_2ns_lead	HRV_A89_2C_HEXAMER/results_summary/selected_hexamer_01_md_representative.pdb	d6daf2cd8aa7db784561e85c5169e006a4c04b98ff68aebcdc63c6e34cfdc292	no	2.419695227492857	2.467110881021242	321		0	0	0	0	NA	6.753384859308093	6.988490819967443	6.753384859308093	0	0	0	E	8.748368261878333	0	0	0	no	six_tagged_protomer_proxy_from_existing_tagged_monomer;endpoint_duplicates_removed_in_011a	ROBUST_9A5_CONTEXT
A89_2C_224_225_MAP8	224|225	MAP8	GDGMVPPG	8	results/open_structure_007/tier1_shallow/A89_2C_224_225_MAP8_unrelaxed_rank_001_alphafold2_ptm_model_1_seed_011.pdb	1	11	9b9505b4d78d05d66b533ca21bf0c16fcf56b5fbcc1373db4c7ec99e14691cc2	1	free_hexamer_5ns_rep1	HRV_A89_2C_HEXAMER/results_summary/selected_hexamer_01_md_representative_5ns_rep1.pdb	2d4aa74795dd8fe100b63a25dc0065797cfad63972ced0e500b22a789fbdaaf8	no	2.4204216868796973	2.4469760125669207	321		0	0	0	0	NA	6.052320782951963	6.052320782951963	6.1848707339182685	0	0	0	F	8.681469225811362	0	0	0	no	six_tagged_protomer_proxy_from_existing_tagged_monomer;endpoint_duplicates_removed_in_011a	ROBUST_9A5_CONTEXT
A89_2C_224_225_MAP8	224|225	MAP8	GDGMVPPG	8	results/open_structure_007/tier1_shallow/A89_2C_224_225_MAP8_unrelaxed_rank_001_alphafold2_ptm_model_1_seed_011.pdb	1	11	9b9505b4d78d05d66b533ca21bf0c16fcf56b5fbcc1373db4c7ec99e14691cc2	1	free_hexamer_5ns_rep2	HRV_A89_2C_HEXAMER/results_summary/selected_hexamer_01_md_representative_5ns_rep2.pdb	220bdfa9b1c09f29f933ae6e76e3f693a52185cb7acdfaa5926c15c56d8debc8	no	2.4260087698951165	2.4733704538386108	321		0	0	0	0	NA	6.448391809674919	6.99522512598136	6.448391809674919	0	0	0	E	8.561938842799622	0	0	0	no	six_tagged_protomer_proxy_from_existing_tagged_monomer;endpoint_duplicates_removed_in_011a	ROBUST_9A5_CONTEXT
A89_2C_224_225_MAP8	224|225	MAP8	GDGMVPPG	8	results/open_structure_007/tier1_shallow/A89_2C_224_225_MAP8_unrelaxed_rank_001_alphafold2_ptm_model_1_seed_011.pdb	1	11	9b9505b4d78d05d66b533ca21bf0c16fcf56b5fbcc1373db4c7ec99e14691cc2	1	free_hexamer_5ns_rep3	HRV_A89_2C_HEXAMER/results_summary/selected_hexamer_01_md_representative_5ns_rep3.pdb	29e334a2081e858d4a1911f6f6ecac0e46e210946f8800f2634326944ebda336	no	2.4096526280838786	2.4407009121504024	321		0	0	0	0	NA	6.7923375204743355	6.7923375204743355	6.823910652086417	0	0	0	F	8.61972713830101	0	0	0	no	six_tagged_protomer_proxy_from_existing_tagged_monomer;endpoint_duplicates_removed_in_011a	ROBUST_9A5_CONTEXT
A89_2C_224_225_MAP8	224|225	MAP8	GDGMVPPG	8	results/open_structure_007/tier1_shallow/A89_2C_224_225_MAP8_unrelaxed_rank_001_alphafold2_ptm_model_1_seed_011.pdb	1	11	9b9505b4d78d05d66b533ca21bf0c16fcf56b5fbcc1373db4c7ec99e14691cc2	1	free_hexamer_control_model1	HRV_A89_2C_HEXAMER/results_summary/selected_hexamer_02_md_representative.pdb	be28894e60a05269dbf6ad02c070e56fad7f51fc8b1e8cc20b98406821fb5a78	no	2.3986940130636247	2.419868971683524	321		0	0	0	0	NA	7.683171774392378	7.879569378431672	7.683171774392378	0	0	0	D	10.741968242590373	0	0	0	no	six_tagged_protomer_proxy_from_existing_tagged_monomer;endpoint_duplicates_removed_in_011a	ROBUST_9A5_CONTEXT
A89_2C_224_225_HA	224|225	HA	YPYDVPDYA	9	results/open_structure_007/tier1_shallow/A89_2C_224_225_HA_unrelaxed_rank_001_alphafold2_ptm_model_1_seed_011.pdb	1	11	732ba24d808f420503df22ad919745d0c6d8568a2f4bf91a13c47ee871f9f68d	1	1x9A5_100ps_showcase	HRV_A89_2C_HEXAMER/results_summary/SHOWCASE_1x_9A5_D_chain_after_npt_100ps_pbc_fixed.pdb	3d3f3f4956152103153d5c8a5135701ae3f7f3638eed42a1d528ef600b96bbc7	yes	3.3069513805925275	3.3495538362507293	321	0.09932121179510656	395	786	4055	5408	D:TYR225:O--H:ASP63:CA	7.613279611769624	7.685811575326657	7.613279611769624	0	0	0	E	5.271720642997716	0	0	0	no	six_tagged_protomer_proxy_from_existing_tagged_monomer;endpoint_duplicates_removed_in_011a	ANTIBODY_STERIC_CONFLICT
A89_2C_224_225_HA	224|225	HA	YPYDVPDYA	9	results/open_structure_007/tier1_shallow/A89_2C_224_225_HA_unrelaxed_rank_001_alphafold2_ptm_model_1_seed_011.pdb	1	11	732ba24d808f420503df22ad919745d0c6d8568a2f4bf91a13c47ee871f9f68d	1	1x9A5_1ns_rep1_reexported	results/9a5_context_011a_qc/reexported_1x9A5_endpoints/rep1_endpoint_last_frame_reexported.pdb	d0478a7a51689bb667669872868335018b6685e1e7218a351f1d7dc791f46d26	yes	3.339510264422257	3.412695106665136	321	0.23363873847647787	420	778	4010	5354	B:ASP231:CG--H:THR29:N	7.178814872627886	7.353504590501963	7.178814872627886	0	0	0	B	5.257775560964586	0	0	0	no	six_tagged_protomer_proxy_from_existing_tagged_monomer;endpoint_duplicates_removed_in_011a	ANTIBODY_STERIC_CONFLICT
A89_2C_224_225_HA	224|225	HA	YPYDVPDYA	9	results/open_structure_007/tier1_shallow/A89_2C_224_225_HA_unrelaxed_rank_001_alphafold2_ptm_model_1_seed_011.pdb	1	11	732ba24d808f420503df22ad919745d0c6d8568a2f4bf91a13c47ee871f9f68d	1	1x9A5_1ns_rep2_reexported	results/9a5_context_011a_qc/reexported_1x9A5_endpoints/rep2_endpoint_last_frame_reexported.pdb	935684cc8c8088161467a728447c8fc821cd0c99d5175f2dc0ddfefc129df8c5	yes	3.3645676784819774	3.4683026505830115	321	0.2003496531349361	399	796	4027	5395	B:ASP228:CA--H:MET35:CE	6.548326957211859	7.061780248252292	6.548326957211859	0	0	0	A	5.239893076730944	0	0	0	no	six_tagged_protomer_proxy_from_existing_tagged_monomer;endpoint_duplicates_removed_in_011a	ANTIBODY_STERIC_CONFLICT
A89_2C_224_225_HA	224|225	HA	YPYDVPDYA	9	results/open_structure_007/tier1_shallow/A89_2C_224_225_HA_unrelaxed_rank_001_alphafold2_ptm_model_1_seed_011.pdb	1	11	732ba24d808f420503df22ad919745d0c6d8568a2f4bf91a13c47ee871f9f68d	1	1x9A5_1ns_rep3_reexported	results/9a5_context_011a_qc/reexported_1x9A5_endpoints/rep3_endpoint_last_frame_reexported.pdb	5188d4f8df2e77f3c6bfbf01fcf4135cfde42c1c4ea56ec642c16cb6cd2370c1	yes	3.3735540494130825	3.4089438293278307	321	0.17572192656132113	390	756	3999	5349	B:ASP231:CG--H:THR29:N	7.356326090812699	7.356326090812699	7.45577512981792	0	0	0	F	5.358042248108835	0	0	0	no	six_tagged_protomer_proxy_from_existing_tagged_monomer;endpoint_duplicates_removed_in_011a	ANTIBODY_STERIC_CONFLICT
A89_2C_224_225_HA	224|225	HA	YPYDVPDYA	9	results/open_structure_007/tier1_shallow/A89_2C_224_225_HA_unrelaxed_rank_001_alphafold2_ptm_model_1_seed_011.pdb	1	11	732ba24d808f420503df22ad919745d0c6d8568a2f4bf91a13c47ee871f9f68d	1	free_hexamer_2ns_lead	HRV_A89_2C_HEXAMER/results_summary/selected_hexamer_01_md_representative.pdb	d6daf2cd8aa7db784561e85c5169e006a4c04b98ff68aebcdc63c6e34cfdc292	no	3.279172411832836	3.3240612917346266	321		0	0	0	0	NA	7.614387059979668	7.646565888353238	7.614387059979668	0	0	0	E	5.272903423749625	0	0	0	no	six_tagged_protomer_proxy_from_existing_tagged_monomer;endpoint_duplicates_removed_in_011a	ROBUST_9A5_CONTEXT
A89_2C_224_225_HA	224|225	HA	YPYDVPDYA	9	results/open_structure_007/tier1_shallow/A89_2C_224_225_HA_unrelaxed_rank_001_alphafold2_ptm_model_1_seed_011.pdb	1	11	732ba24d808f420503df22ad919745d0c6d8568a2f4bf91a13c47ee871f9f68d	1	free_hexamer_5ns_rep1	HRV_A89_2C_HEXAMER/results_summary/selected_hexamer_01_md_representative_5ns_rep1.pdb	2d4aa74795dd8fe100b63a25dc0065797cfad63972ced0e500b22a789fbdaaf8	no	3.2802946343220247	3.30849982349534	321		0	0	0	0	NA	6.5375551620839225	6.5375551620839225	6.811431408097165	0	0	0	F	5.186268620798138	0	0	0	no	six_tagged_protomer_proxy_from_existing_tagged_monomer;endpoint_duplicates_removed_in_011a	ROBUST_9A5_CONTEXT
A89_2C_224_225_HA	224|225	HA	YPYDVPDYA	9	results/open_structure_007/tier1_shallow/A89_2C_224_225_HA_unrelaxed_rank_001_alphafold2_ptm_model_1_seed_011.pdb	1	11	732ba24d808f420503df22ad919745d0c6d8568a2f4bf91a13c47ee871f9f68d	1	free_hexamer_5ns_rep2	HRV_A89_2C_HEXAMER/results_summary/selected_hexamer_01_md_representative_5ns_rep2.pdb	220bdfa9b1c09f29f933ae6e76e3f693a52185cb7acdfaa5926c15c56d8debc8	no	3.273137509152388	3.322929042343253	321		0	0	0	0	NA	7.283588407859643	7.8299564848182985	7.283588407859643	0	0	0	E	5.177788550688063	0	0	0	no	six_tagged_protomer_proxy_from_existing_tagged_monomer;endpoint_duplicates_removed_in_011a	ROBUST_9A5_CONTEXT
A89_2C_224_225_HA	224|225	HA	YPYDVPDYA	9	results/open_structure_007/tier1_shallow/A89_2C_224_225_HA_unrelaxed_rank_001_alphafold2_ptm_model_1_seed_011.pdb	1	11	732ba24d808f420503df22ad919745d0c6d8568a2f4bf91a13c47ee871f9f68d	1	free_hexamer_5ns_rep3	HRV_A89_2C_HEXAMER/results_summary/selected_hexamer_01_md_representative_5ns_rep3.pdb	29e334a2081e858d4a1911f6f6ecac0e46e210946f8800f2634326944ebda336	no	3.2657568763551357	3.3303812647882673	321		0	0	0	0	NA	7.667081255433024	7.667081255433024	7.683977474271109	0	0	0	C	5.198702473022428	0	0	0	no	six_tagged_protomer_proxy_from_existing_tagged_monomer;endpoint_duplicates_removed_in_011a	ROBUST_9A5_CONTEXT
A89_2C_224_225_HA	224|225	HA	YPYDVPDYA	9	results/open_structure_007/tier1_shallow/A89_2C_224_225_HA_unrelaxed_rank_001_alphafold2_ptm_model_1_seed_011.pdb	1	11	732ba24d808f420503df22ad919745d0c6d8568a2f4bf91a13c47ee871f9f68d	1	free_hexamer_control_model1	HRV_A89_2C_HEXAMER/results_summary/selected_hexamer_02_md_representative.pdb	be28894e60a05269dbf6ad02c070e56fad7f51fc8b1e8cc20b98406821fb5a78	no	3.398927927624097	3.4142456366639182	321		0	0	0	0	NA	8.0691849183983	8.32635134229494	8.0691849183983	0	0	0	D	8.458819881949431	0	0	0	no	six_tagged_protomer_proxy_from_existing_tagged_monomer;endpoint_duplicates_removed_in_011a	ROBUST_9A5_CONTEXT
A89_2C_203_204_G196_minimal	203|204	G196_minimal	DLVPR	5	results/open_structure_007/tier1_shallow/A89_2C_203_204_G196_minimal_unrelaxed_rank_001_alphafold2_ptm_model_1_seed_011.pdb	1	11	0779902d88e6459a01e9126707883ce7a996c1fe6a8864e2c8c7e9fce1a42120	1	1x9A5_100ps_showcase	HRV_A89_2C_HEXAMER/results_summary/SHOWCASE_1x_9A5_D_chain_after_npt_100ps_pbc_fixed.pdb	3d3f3f4956152103153d5c8a5135701ae3f7f3638eed42a1d528ef600b96bbc7	yes	2.5965725528406103	2.6399321818269192	321	9.985090630266901	0	0	0	0	D:ARG208:NH2--L:ASP33:OD2	2.1003919779972002	2.1003919779972002	2.3830795993303155	0	6	177	C	4.15044365002568	0	0	7	no	six_tagged_protomer_proxy_from_existing_tagged_monomer;endpoint_duplicates_removed_in_011a	HEXAMER_CONTEXT_SENSITIVE
A89_2C_203_204_G196_minimal	203|204	G196_minimal	DLVPR	5	results/open_structure_007/tier1_shallow/A89_2C_203_204_G196_minimal_unrelaxed_rank_001_alphafold2_ptm_model_1_seed_011.pdb	1	11	0779902d88e6459a01e9126707883ce7a996c1fe6a8864e2c8c7e9fce1a42120	1	1x9A5_1ns_rep1_reexported	results/9a5_context_011a_qc/reexported_1x9A5_endpoints/rep1_endpoint_last_frame_reexported.pdb	d0478a7a51689bb667669872868335018b6685e1e7218a351f1d7dc791f46d26	yes	2.5820819908648955	2.6440854959743634	321	9.351780045840194	0	0	0	0	D:ARG208:NH2--L:ASP33:OD2	1.7525791726515367	1.7525791726515367	2.0259514833102115	2	11	196	F	4.112524826225339	0	0	7	no	six_tagged_protomer_proxy_from_existing_tagged_monomer;endpoint_duplicates_removed_in_011a	HEXAMER_CONTEXT_SENSITIVE
A89_2C_203_204_G196_minimal	203|204	G196_minimal	DLVPR	5	results/open_structure_007/tier1_shallow/A89_2C_203_204_G196_minimal_unrelaxed_rank_001_alphafold2_ptm_model_1_seed_011.pdb	1	11	0779902d88e6459a01e9126707883ce7a996c1fe6a8864e2c8c7e9fce1a42120	1	1x9A5_1ns_rep2_reexported	results/9a5_context_011a_qc/reexported_1x9A5_endpoints/rep2_endpoint_last_frame_reexported.pdb	935684cc8c8088161467a728447c8fc821cd0c99d5175f2dc0ddfefc129df8c5	yes	2.5849771404727453	2.641113584661061	321	9.90285891024029	0	0	0	0	D:ARG208:NH2--L:ASP33:OD2	1.9779809420807328	1.9779809420807328	2.0188719716101815	1	8	201	C	4.216234821156871	0	0	6	no	six_tagged_protomer_proxy_from_existing_tagged_monomer;endpoint_duplicates_removed_in_011a	HEXAMER_CONTEXT_SENSITIVE
A89_2C_203_204_G196_minimal	203|204	G196_minimal	DLVPR	5	results/open_structure_007/tier1_shallow/A89_2C_203_204_G196_minimal_unrelaxed_rank_001_alphafold2_ptm_model_1_seed_011.pdb	1	11	0779902d88e6459a01e9126707883ce7a996c1fe6a8864e2c8c7e9fce1a42120	1	1x9A5_1ns_rep3_reexported	results/9a5_context_011a_qc/reexported_1x9A5_endpoints/rep3_endpoint_last_frame_reexported.pdb	5188d4f8df2e77f3c6bfbf01fcf4135cfde42c1c4ea56ec642c16cb6cd2370c1	yes	2.590012170912792	2.6527398658542585	321	10.235076566059973	0	0	0	0	D:ARG208:NH2--L:ASP33:OD2	1.5800051886833133	1.5800051886833133	2.1580914995267046	1	13	212	C	4.125484026836033	0	0	7	no	six_tagged_protomer_proxy_from_existing_tagged_monomer;endpoint_duplicates_removed_in_011a	HEXAMER_CONTEXT_SENSITIVE
A89_2C_203_204_G196_minimal	203|204	G196_minimal	DLVPR	5	results/open_structure_007/tier1_shallow/A89_2C_203_204_G196_minimal_unrelaxed_rank_001_alphafold2_ptm_model_1_seed_011.pdb	1	11	0779902d88e6459a01e9126707883ce7a996c1fe6a8864e2c8c7e9fce1a42120	1	free_hexamer_2ns_lead	HRV_A89_2C_HEXAMER/results_summary/selected_hexamer_01_md_representative.pdb	d6daf2cd8aa7db784561e85c5169e006a4c04b98ff68aebcdc63c6e34cfdc292	no	2.5802828921109007	2.6149334349087225	321		0	0	0	0	NA	2.000874453951784	2.000874453951784	2.068240606529155	0	7	195	C	4.1657622954336135	0	0	7	no	six_tagged_protomer_proxy_from_existing_tagged_monomer;endpoint_duplicates_removed_in_011a	HEXAMER_CONTEXT_SENSITIVE
A89_2C_203_204_G196_minimal	203|204	G196_minimal	DLVPR	5	results/open_structure_007/tier1_shallow/A89_2C_203_204_G196_minimal_unrelaxed_rank_001_alphafold2_ptm_model_1_seed_011.pdb	1	11	0779902d88e6459a01e9126707883ce7a996c1fe6a8864e2c8c7e9fce1a42120	1	free_hexamer_5ns_rep1	HRV_A89_2C_HEXAMER/results_summary/selected_hexamer_01_md_representative_5ns_rep1.pdb	2d4aa74795dd8fe100b63a25dc0065797cfad63972ced0e500b22a789fbdaaf8	no	2.5673403037099294	2.6227751275208218	321		0	0	0	0	NA	1.9310648452469423	2.001550184442281	1.9310648452469423	1	10	197	D	3.989336431369696	0	0	9	no	six_tagged_protomer_proxy_from_existing_tagged_monomer;endpoint_duplicates_removed_in_011a	HEXAMER_CONTEXT_SENSITIVE
A89_2C_203_204_G196_minimal	203|204	G196_minimal	DLVPR	5	results/open_structure_007/tier1_shallow/A89_2C_203_204_G196_minimal_unrelaxed_rank_001_alphafold2_ptm_model_1_seed_011.pdb	1	11	0779902d88e6459a01e9126707883ce7a996c1fe6a8864e2c8c7e9fce1a42120	1	free_hexamer_5ns_rep2	HRV_A89_2C_HEXAMER/results_summary/selected_hexamer_01_md_representative_5ns_rep2.pdb	220bdfa9b1c09f29f933ae6e76e3f693a52185cb7acdfaa5926c15c56d8debc8	no	2.5962558635184316	2.6376280190336625	321		0	0	0	0	NA	2.057045169187944	2.3018762492913956	2.057045169187944	0	7	181	D	3.9494812698395463	0	0	7	no	six_tagged_protomer_proxy_from_existing_tagged_monomer;endpoint_duplicates_removed_in_011a	HEXAMER_CONTEXT_SENSITIVE
A89_2C_203_204_G196_minimal	203|204	G196_minimal	DLVPR	5	results/open_structure_007/tier1_shallow/A89_2C_203_204_G196_minimal_unrelaxed_rank_001_alphafold2_ptm_model_1_seed_011.pdb	1	11	0779902d88e6459a01e9126707883ce7a996c1fe6a8864e2c8c7e9fce1a42120	1	free_hexamer_5ns_rep3	HRV_A89_2C_HEXAMER/results_summary/selected_hexamer_01_md_representative_5ns_rep3.pdb	29e334a2081e858d4a1911f6f6ecac0e46e210946f8800f2634326944ebda336	no	2.5684845702366954	2.621041205400744	321		0	0	0	0	NA	2.0224458967180365	2.0224458967180365	2.0291004746814316	0	11	207	C	4.008474345299136	0	0	7	no	six_tagged_protomer_proxy_from_existing_tagged_monomer;endpoint_duplicates_removed_in_011a	HEXAMER_CONTEXT_SENSITIVE
A89_2C_203_204_G196_minimal	203|204	G196_minimal	DLVPR	5	results/open_structure_007/tier1_shallow/A89_2C_203_204_G196_minimal_unrelaxed_rank_001_alphafold2_ptm_model_1_seed_011.pdb	1	11	0779902d88e6459a01e9126707883ce7a996c1fe6a8864e2c8c7e9fce1a42120	1	free_hexamer_control_model1	HRV_A89_2C_HEXAMER/results_summary/selected_hexamer_02_md_representative.pdb	be28894e60a05269dbf6ad02c070e56fad7f51fc8b1e8cc20b98406821fb5a78	no	1.9474258066968406	1.9625672398015537	321		0	0	0	0	NA	1.545437277789883	1.699117659723709	1.545437277789883	15	44	381	E	3.970459187364916	0	0	6	no	six_tagged_protomer_proxy_from_existing_tagged_monomer;endpoint_duplicates_removed_in_011a	HEXAMER_CONTEXT_SENSITIVE
A89_2C_155_156_MAP8	155|156	MAP8	GDGMVPPG	8	results/open_structure_007/tier1_shallow/A89_2C_155_156_MAP8_unrelaxed_rank_001_alphafold2_ptm_model_1_seed_011.pdb	1	11	b52fb78793b9e9a9c47c62547f9506083d02e39c2c1fd7f0f20d10e5ea316e0e	1	1x9A5_100ps_showcase	HRV_A89_2C_HEXAMER/results_summary/SHOWCASE_1x_9A5_D_chain_after_npt_100ps_pbc_fixed.pdb	3d3f3f4956152103153d5c8a5135701ae3f7f3638eed42a1d528ef600b96bbc7	yes	2.372372915903015	2.4409875495389075	321	0.5481622442609957	43	77	397	561	D:PRO161:CA--L:SER32:O	0.5607417785444003	0.8620577281955834	0.5607417785444003	57	157	1037	F	0.4833184057718429	67	159	1003	yes	six_tagged_protomer_proxy_from_existing_tagged_monomer;endpoint_duplicates_removed_in_011a	ANTIBODY_STERIC_CONFLICT
A89_2C_155_156_MAP8	155|156	MAP8	GDGMVPPG	8	results/open_structure_007/tier1_shallow/A89_2C_155_156_MAP8_unrelaxed_rank_001_alphafold2_ptm_model_1_seed_011.pdb	1	11	b52fb78793b9e9a9c47c62547f9506083d02e39c2c1fd7f0f20d10e5ea316e0e	1	1x9A5_1ns_rep1_reexported	results/9a5_context_011a_qc/reexported_1x9A5_endpoints/rep1_endpoint_last_frame_reexported.pdb	d0478a7a51689bb667669872868335018b6685e1e7218a351f1d7dc791f46d26	yes	2.4187628024337973	2.4511013847652485	321	0.9385480063444462	40	68	432	608	B:ASP157:O--L:ASP33:CA	0.4995585969066546	0.5302602205094704	0.4995585969066546	78	170	1045	E	0.43132827750888225	67	143	993	yes	six_tagged_protomer_proxy_from_existing_tagged_monomer;endpoint_duplicates_removed_in_011a	ANTIBODY_STERIC_CONFLICT
A89_2C_155_156_MAP8	155|156	MAP8	GDGMVPPG	8	results/open_structure_007/tier1_shallow/A89_2C_155_156_MAP8_unrelaxed_rank_001_alphafold2_ptm_model_1_seed_011.pdb	1	11	b52fb78793b9e9a9c47c62547f9506083d02e39c2c1fd7f0f20d10e5ea316e0e	1	1x9A5_1ns_rep2_reexported	results/9a5_context_011a_qc/reexported_1x9A5_endpoints/rep2_endpoint_last_frame_reexported.pdb	935684cc8c8088161467a728447c8fc821cd0c99d5175f2dc0ddfefc129df8c5	yes	2.440959707941767	2.520929770987275	321	0.48160627220631863	52	90	462	622	B:GLY158:C--L:ASP33:O	0.5564594784990339	0.8956575999133704	0.5564594784990339	66	149	1020	C	0.4398833104993301	65	157	991	yes	six_tagged_protomer_proxy_from_existing_tagged_monomer;endpoint_duplicates_removed_in_011a	ANTIBODY_STERIC_CONFLICT
A89_2C_155_156_MAP8	155|156	MAP8	GDGMVPPG	8	results/open_structure_007/tier1_shallow/A89_2C_155_156_MAP8_unrelaxed_rank_001_alphafold2_ptm_model_1_seed_011.pdb	1	11	b52fb78793b9e9a9c47c62547f9506083d02e39c2c1fd7f0f20d10e5ea316e0e	1	1x9A5_1ns_rep3_reexported	results/9a5_context_011a_qc/reexported_1x9A5_endpoints/rep3_endpoint_last_frame_reexported.pdb	5188d4f8df2e77f3c6bfbf01fcf4135cfde42c1c4ea56ec642c16cb6cd2370c1	yes	2.449844720556559	2.5069131421740716	321	0.7615348485976383	39	75	424	589	B:GLY158:C--L:ASP33:O	0.4991276838000362	1.0234681148038525	0.4991276838000362	56	148	984	E	0.5430093805271137	67	149	976	yes	six_tagged_protomer_proxy_from_existing_tagged_monomer;endpoint_duplicates_removed_in_011a	ANTIBODY_STERIC_CONFLICT
A89_2C_155_156_MAP8	155|156	MAP8	GDGMVPPG	8	results/open_structure_007/tier1_shallow/A89_2C_155_156_MAP8_unrelaxed_rank_001_alphafold2_ptm_model_1_seed_011.pdb	1	11	b52fb78793b9e9a9c47c62547f9506083d02e39c2c1fd7f0f20d10e5ea316e0e	1	free_hexamer_2ns_lead	HRV_A89_2C_HEXAMER/results_summary/selected_hexamer_01_md_representative.pdb	d6daf2cd8aa7db784561e85c5169e006a4c04b98ff68aebcdc63c6e34cfdc292	no	2.348241304798042	2.4230886483533864	321		0	0	0	0	NA	0.8141484409396433	0.9916387791203639	0.8141484409396433	63	166	1040	B	0.4715982880249424	68	161	1013	yes	six_tagged_protomer_proxy_from_existing_tagged_monomer;endpoint_duplicates_removed_in_011a	TAG_TAG_HEXAMER_CONFLICT
A89_2C_155_156_MAP8	155|156	MAP8	GDGMVPPG	8	results/open_structure_007/tier1_shallow/A89_2C_155_156_MAP8_unrelaxed_rank_001_alphafold2_ptm_model_1_seed_011.pdb	1	11	b52fb78793b9e9a9c47c62547f9506083d02e39c2c1fd7f0f20d10e5ea316e0e	1	free_hexamer_5ns_rep1	HRV_A89_2C_HEXAMER/results_summary/selected_hexamer_01_md_representative_5ns_rep1.pdb	2d4aa74795dd8fe100b63a25dc0065797cfad63972ced0e500b22a789fbdaaf8	no	2.3491627153079846	2.4015632694019744	321		0	0	0	0	NA	0.41502956249195433	0.41502956249195433	0.9732110354953529	71	180	1123	D	0.4304963916108132	67	152	1004	yes	six_tagged_protomer_proxy_from_existing_tagged_monomer;endpoint_duplicates_removed_in_011a	TAG_TAG_HEXAMER_CONFLICT
A89_2C_155_156_MAP8	155|156	MAP8	GDGMVPPG	8	results/open_structure_007/tier1_shallow/A89_2C_155_156_MAP8_unrelaxed_rank_001_alphafold2_ptm_model_1_seed_011.pdb	1	11	b52fb78793b9e9a9c47c62547f9506083d02e39c2c1fd7f0f20d10e5ea316e0e	1	free_hexamer_5ns_rep2	HRV_A89_2C_HEXAMER/results_summary/selected_hexamer_01_md_representative_5ns_rep2.pdb	220bdfa9b1c09f29f933ae6e76e3f693a52185cb7acdfaa5926c15c56d8debc8	no	2.3342911543228295	2.3834151530926357	321		0	0	0	0	NA	0.6141241856396306	0.6141241856396306	0.832748778596445	76	171	1102	D	0.4786715310835327	70	151	1005	yes	six_tagged_protomer_proxy_from_existing_tagged_monomer;endpoint_duplicates_removed_in_011a	TAG_TAG_HEXAMER_CONFLICT
A89_2C_155_156_MAP8	155|156	MAP8	GDGMVPPG	8	results/open_structure_007/tier1_shallow/A89_2C_155_156_MAP8_unrelaxed_rank_001_alphafold2_ptm_model_1_seed_011.pdb	1	11	b52fb78793b9e9a9c47c62547f9506083d02e39c2c1fd7f0f20d10e5ea316e0e	1	free_hexamer_5ns_rep3	HRV_A89_2C_HEXAMER/results_summary/selected_hexamer_01_md_representative_5ns_rep3.pdb	29e334a2081e858d4a1911f6f6ecac0e46e210946f8800f2634326944ebda336	no	2.3376623169076787	2.427913338965932	321		0	0	0	0	NA	0.6305459123183684	1.0317394316816906	0.6305459123183684	61	159	1107	F	0.41092753975997726	69	148	1005	yes	six_tagged_protomer_proxy_from_existing_tagged_monomer;endpoint_duplicates_removed_in_011a	TAG_TAG_HEXAMER_CONFLICT
A89_2C_155_156_MAP8	155|156	MAP8	GDGMVPPG	8	results/open_structure_007/tier1_shallow/A89_2C_155_156_MAP8_unrelaxed_rank_001_alphafold2_ptm_model_1_seed_011.pdb	1	11	b52fb78793b9e9a9c47c62547f9506083d02e39c2c1fd7f0f20d10e5ea316e0e	1	free_hexamer_control_model1	HRV_A89_2C_HEXAMER/results_summary/selected_hexamer_02_md_representative.pdb	be28894e60a05269dbf6ad02c070e56fad7f51fc8b1e8cc20b98406821fb5a78	no	2.7456047063258957	2.7687670645211826	321		0	0	0	0	NA	0.5529721288276149	0.5529721288276149	0.7194142735876293	35	59	519	A	0.6395729576250627	128	268	919	yes	six_tagged_protomer_proxy_from_existing_tagged_monomer;endpoint_duplicates_removed_in_011a	TAG_TAG_HEXAMER_CONFLICT
