junction	left_resid	right_resid	functional_tier	functional_reasons	both_AF_coil	min_hex_coil_fraction	min_AF_rSASA	min_hexamer_mean_rSASA	max_any_chain_burial_fraction	min_interprotomer_heavy_atom_A	min_mean_pore_radial_A	min_AF_CA_pLDDT	strict_structural_pass	hrvA_primary_left_identity	hrvA_primary_right_identity	hrvA_primary_left_entropy	hrvA_primary_right_entropy	hrvA_primary_left_gap_frequency	hrvA_primary_right_gap_frequency	hrvA_primary_window_mean_entropy	hrvA_primary_window_max_entropy	hrvA_primary_window_mean_identity	hrvA_primary_window_min_identity	hrvA_primary_window_mean_gap_frequency	hrvA_primary_window_max_gap_frequency	hrvA_primary_natural_insertion_count	hrvA_primary_natural_insertion_frequency	hrvA_primary_natural_insertion_lengths	hrvA_expanded_window_mean_entropy	hrvA_expanded_window_max_entropy	hrvA_expanded_window_mean_identity	hrvA_expanded_window_min_identity	hrvA_expanded_window_mean_gap_frequency	hrvA_expanded_window_max_gap_frequency	hrvA_expanded_natural_insertion_count	hrvA_expanded_natural_insertion_frequency	hrvA_expanded_natural_insertion_lengths	hrvA_expanded_local_deletion_count	hrvA_expanded_local_deletion_frequency	hrvA_type_weighted_window_mean_entropy	hrvA_type_weighted_window_max_entropy	hrvA_type_weighted_window_mean_identity	hrvA_type_weighted_window_min_identity	hrvA_type_weighted_window_mean_gap_frequency	hrvA_type_weighted_window_max_gap_frequency	hrvA_primary_natural_insertion_type_count	hrvA_primary_natural_insertion_types	hrvA_expanded_natural_insertion_type_count	hrvA_expanded_natural_insertion_types	hrvA_expanded_local_deletion_type_count	hrvA_expanded_local_deletion_types	hrvA_expanded_indel_category	hrvA_expanded_indel_category_basis	structural_track	failed_gate_count	failed_gate_names	literature_rescue_status	literature_rescue_source	hrvA_conservation_class_v2	evolutionary_layer_effect_v2	exact_boundary_sensitivity	focal_junction	priority_interpretation_v2	a89_junction	a89_left_residue_x	a89_left_aa	a89_right_residue_x	a89_right_aa	eva71_source_junctions	eva71_source_left_positions	mapping_class	mapping_confidence	mapping_note	a89_local_context	eva71_local_context	eva71_alignment_flank_left_same_column	eva71_alignment_flank_right_same_column	eva71_alignment_residues_between_a89_flanks	insertion_design	insertion_length_aa	insertion_raw_log2_enrich2	insertion_relative_fitness_2pow_score	insertion_all_raw_log2_enrich2_for_mapped_sources	insertion_direct_class	deletion_1aa_left_raw_log2_enrich2	deletion_1aa_right_raw_log2_enrich2	deletion_2aa_spanning_raw_log2_enrich2	deletion_3aa_spanning_raw_log2_enrich2_values	deletion_context_best_design	deletion_context_best_raw_log2_enrich2	deletion_context_class	substitution_flank_mean_raw_log2_enrich2	source_identifier	direct_indel_integration_class	direct_indel_final_state_contribution	a89_junction_sub	a89_left_residue_sub	a89_right_residue_sub	mapping_class_sub	mapping_confidence_sub	eva71_source_left_positions_sub	eva71_substitution_flank_positions	eva71_substitution_window_positions	sub_left_mean	sub_left_max	sub_left_frac_gt0	sub_right_mean	sub_right_max	sub_right_frac_gt0	sub_flank_n_scores	sub_flank_mean	sub_flank_median	sub_flank_max	sub_flank_frac_gt0	sub_window_n_scores	sub_window_mean	sub_window_median	sub_window_max	sub_window_frac_gt0	substitution_mapping_note	a89_left_residue_y	a89_right_residue_y	natural_insertion_tip_count	natural_insertion_tip_frequency	natural_insertion_parsimony_change_count	natural_insertion_uncertain_internal_nodes	natural_insertion_root_state_uncertain	local_deletion_tip_count	local_deletion_tip_frequency	local_deletion_parsimony_change_count	local_deletion_uncertain_internal_nodes	local_deletion_root_state_uncertain	independent_indel_event_lower_bound	independent_indel_event_uncertainty	hard_functional_exclusion	direct_insertion_penalty_class	old_conflict_control	pareto_metric_af_exposure	pareto_metric_hex_exposure	pareto_metric_low_burial	pareto_metric_interface_distance	pareto_metric_pore_radial	pareto_metric_coil_context	pareto_metric_direct_insertion_relative	pareto_metric_substitution_window_mean	pareto_metric_substitution_window_max	pareto_metric_evolution_variability	pareto_metric_evolution_low_identity	pareto_metric_independent_indel_events	pareto_structure_only	pareto_structure_plus_direct	pareto_no_conservation	pareto_no_substitution	pareto_full	pareto_reviewable_subset_count	pareto_reviewable_any	method_hardening_candidate_class	plm_status	plm_delta_MAP8	plm_delta_HA	plm_delta_G196_minimal	plm_delta_G196_practical_GS
1|2	1	2	HIGH_RISK	A89_N-terminal_membrane-binding_by_similarity;A89_N-terminal_oligomerization_by_similarity	False	0.0	0.6301447153091431	0.5974925210850638	0.0	20.1618215288004	32.77336850195491	72.31999969482422	False	1.0	1.0	0.0	0.0	0.0	0.0	0.250978	1.005309	0.940631	0.766234	0.0	0.0	0	0.0	0	0.226484	0.904496	0.949309	0.801075	0.0	0.0	0	0.0	0	0	0.0	0.250978	1.005309	0.940631	0.766234	0.0	0.0	0	none	0	none	0	none	none	max(insertion_type_count,local_deletion_type_count)	structural near-miss	2	AF_coil;hexamer_coil_fraction_ge_0.8	False		conserved	weakens	unresolved_exact_subset_too_small	False	decreased; conserved local window	1|2	1	S	2	D	1|2	1	exact_aligned	high	A89 flanking residues align directly to adjacent EV-A71 2C residues	1:S|DSWLKK:7	1:S|ASWLKK:7	1	2	1-2	insertional_handle_SGRPGSLS	8	-5.7562	0.018502	-5.756200	direct_insert_strongly_deleterious	-5.108432	-4.729874	-4.775992	-4.936960	1AAdel_right_residue	-4.729874	deletion_context_strongly_deleterious	-0.986618	Bakhache_2024_NatMicrobiol_Dryad_10.5061_dryad.866t1g1xm_QVEU_eva71_dimple_c99331a6	direct_experiment_unfavorable	direct_experiment_unfavorable	1|2	1	2	exact_aligned	high	1	1,2	1-4	-2.422525816368421	1.385590227	0.10526315789473684	0.44928897410526314	2.168188852	0.631578947368421	38	-0.9866184211315789	-0.724992334	2.168188852	0.3684210526315789	76	-1.5069926241710527	-1.8449026444999999	2.168188852	0.3026315789473684	exact flank summaries	1	2	0	0.0	0	0	False	0	0.0	0	0	False	0	resolved_by_parsimony	False	direct_insert_strongly_deleterious		0.8701274704776425	0.9591085105133876	1.0	0.9226090270411912	0.5598016022135979	0.0	0.06637792010321154	0.7742857177236545	0.7863537419786777	0.14496465869569317	0.08126093063713516	0.0	True	True	True	True	True	5	True	pareto_reviewable_direct_conflicted	blocked_software_unavailable				
2|3	2	3	HIGH_RISK	A89_N-terminal_membrane-binding_by_similarity;A89_N-terminal_oligomerization_by_similarity	False	0.0	0.4967087805271148	0.4778793211906187	0.0	20.1618215288004	30.029173702848016	77.68000030517578	False	1.0	0.766234	0.0	1.005309	0.0	0.0	0.219606	1.005309	0.948052	0.766234	0.0	0.0	0	0.0	0	0.198174	0.904496	0.955645	0.801075	0.0	0.0	0	0.0	0	0	0.0	0.219606	1.005309	0.948052	0.766234	0.0	0.0	0	none	0	none	0	none	none	max(insertion_type_count,local_deletion_type_count)	structural near-miss	2	AF_coil;hexamer_coil_fraction_ge_0.8	False		conserved	weakens	unresolved_exact_subset_too_small	False	decreased; conserved local window	2|3	2	D	3	S	2|3	2	exact_aligned	high	A89 flanking residues align directly to adjacent EV-A71 2C residues	1:SD|SWLKKF:8	1:SA|SWLKKF:8	2	3	2-3	insertional_handle_SGRPGSLS	8	-5.777753	0.018227	-5.777753	direct_insert_strongly_deleterious	-4.729874	-4.787196	-5.07139	-4.936960;-4.705992	3AAdel_spanning_option_2	-4.705992	deletion_context_strongly_deleterious	-0.164481	Bakhache_2024_NatMicrobiol_Dryad_10.5061_dryad.866t1g1xm_QVEU_eva71_dimple_c99331a6	direct_experiment_unfavorable	direct_experiment_unfavorable	2|3	2	3	exact_aligned	high	2	2,3	1-5	0.44928897410526314	2.168188852	0.631578947368421	-0.7782518194210526	2.033601303	0.47368421052631576	38	-0.16448142265789473	0.4345320755	2.168188852	0.5526315789473685	95	-1.7632629880631578	-2.456785351	2.168188852	0.2736842105263158	exact flank summaries	2	3	0	0.0	0	0	False	0	0.0	0	0	False	0	resolved_by_parsimony	False	direct_insert_strongly_deleterious		0.6858741242510614	0.7671026963148053	1.0	0.9226090270411912	0.4975995272589656	0.0	0.06384370824310004	0.6532830152311934	0.7863537419786777	0.12305088463276688	0.06985618432012593	0.0	False	False	False	False	False	0	False	direct_homolog_strongly_unfavorable	blocked_software_unavailable				
3|4	3	4	HIGH_RISK	A89_N-terminal_membrane-binding_by_similarity;A89_N-terminal_oligomerization_by_similarity	False	0.0	0.4967087805271148	0.4778793211906187	0.0	21.64113763607964	30.029173702848016	83.56999969482422	False	0.766234	1.0	1.005309	0.0	0.0	0.0	0.195205	1.005309	0.953824	0.766234	0.0	0.0	0	0.0	0	0.176154	0.904496	0.960573	0.801075	0.0	0.0	0	0.0	0	0	0.0	0.195205	1.005309	0.953824	0.766234	0.0	0.0	0	none	0	none	0	none	none	max(insertion_type_count,local_deletion_type_count)	structural near-miss	2	AF_coil;hexamer_coil_fraction_ge_0.8	False		conserved	weakens	unresolved_exact_subset_too_small	False	decreased; conserved local window	3|4	3	S	4	W	3|4	3	exact_aligned	high	A89 flanking residues align directly to adjacent EV-A71 2C residues	1:SDS|WLKKFT:9	1:SAS|WLKKFN:9	3	4	3-4	insertional_handle_SGRPGSLS	8	-5.554076	0.021284	-5.554076	direct_insert_strongly_deleterious	-4.787196	-4.669065	-4.917589	-4.705992;-4.857117	1AAdel_right_residue	-4.669065	deletion_context_strongly_deleterious	-2.027367	Bakhache_2024_NatMicrobiol_Dryad_10.5061_dryad.866t1g1xm_QVEU_eva71_dimple_c99331a6	direct_experiment_unfavorable	direct_experiment_unfavorable	3|4	3	4	exact_aligned	high	3	3,4	1-6	-0.7782518194210526	2.033601303	0.47368421052631576	-3.276481835	-0.537190428	0.0	38	-2.0273668272105265	-2.833972599	2.033601303	0.23684210526315788	114	-1.978048972201754	-2.825365435	2.168188852	0.23684210526315788	exact flank summaries	3	4	0	0.0	0	0	False	0	0.0	0	0	False	0	resolved_by_parsimony	False	direct_insert_strongly_deleterious		0.6858741242510614	0.7671026963148053	1.0	1.0	0.4975995272589656	0.0	0.09201492881168503	0.5518679153985212	0.7863537419786777	0.10600645007617293	0.0609856553157091	0.0	True	True	True	True	True	5	True	pareto_reviewable_direct_conflicted	blocked_software_unavailable				
4|5	4	5	HIGH_RISK	A89_N-terminal_membrane-binding_by_similarity;A89_N-terminal_oligomerization_by_similarity	False	0.0	0.427451342344284	0.428822221645273	0.0	20.036653515882605	32.86640038982665	90.02999877929688	False	1.0	0.818182	0.0	0.751535	0.0	0.0	0.175684	1.005309	0.958442	0.766234	0.0	0.0	0	0.0	0	0.158539	0.904496	0.964516	0.801075	0.0	0.0	0	0.0	0	0	0.0	0.175684	1.005309	0.958442	0.766234	0.0	0.0	0	none	0	none	0	none	none	max(insertion_type_count,local_deletion_type_count)	structural near-miss	2	AF_coil;hexamer_coil_fraction_ge_0.8	False		conserved	weakens	unresolved_exact_subset_too_small	False	decreased; conserved local window	4|5	4	W	5	L	4|5	4	exact_aligned	high	A89 flanking residues align directly to adjacent EV-A71 2C residues	1:SDSW|LKKFTE:10	1:SASW|LKKFND:10	4	5	4-5	insertional_handle_SGRPGSLS	8	-5.674522	0.019579	-5.674522	direct_insert_strongly_deleterious	-4.669065	-4.699932	-4.836119	-4.857117;-4.735756	1AAdel_left_residue	-4.669065	deletion_context_strongly_deleterious	-3.032413	Bakhache_2024_NatMicrobiol_Dryad_10.5061_dryad.866t1g1xm_QVEU_eva71_dimple_c99331a6	direct_experiment_unfavorable	direct_experiment_unfavorable	4|5	4	5	exact_aligned	high	4	4,5	2-7	-3.276481835	-0.537190428	0.0	-2.788344443631579	1.407429229	0.15789473684210525	38	-3.032413139315789	-3.4575686384999997	1.407429229	0.07894736842105263	114	-2.0305181556754386	-2.744217146	2.168188852	0.21929824561403508	exact flank summaries	4	5	0	0.0	0	0	False	0	0.0	0	0	False	0	resolved_by_parsimony	False	direct_insert_strongly_deleterious		0.5902408545691537	0.6883551304212651	1.0	0.9160608158405136	0.5619103360631235	0.0	0.07630281527899369	0.5270936383363416	0.7863537419786777	0.09237076272814333	0.05388861738390089	0.0	True	True	True	True	True	5	True	pareto_reviewable_direct_conflicted	blocked_software_unavailable				
5|6	5	6	HIGH_RISK	A89_N-terminal_membrane-binding_by_similarity;A89_N-terminal_oligomerization_by_similarity	False	0.0	0.427451342344284	0.428822221645273	0.0	14.6520494949263	26.40899000673839	89.8499984741211	False	0.818182	1.0	0.751535	0.0	0.0	0.0	0.207016	1.005309	0.881936	0.116883	0.0	0.0	0	0.0	0	0.194561	0.904496	0.888563	0.129032	0.0	0.0	0	0.0	0	0	0.0	0.207016	1.005309	0.881936	0.116883	0.0	0.0	0	none	0	none	0	none	none	max(insertion_type_count,local_deletion_type_count)	structural near-miss	2	AF_coil;hexamer_coil_fraction_ge_0.8	False		intermediate	remains unresolved	unresolved_exact_subset_too_small	False	unchanged_or_unresolved	5|6	5	L	6	K	5|6	5	exact_aligned	high	A89 flanking residues align directly to adjacent EV-A71 2C residues	1:SDSWL|KKFTEA:11	1:SASWL|KKFNDA:11	5	6	5-6	insertional_handle_SGRPGSLS	8	-5.777753	0.018227	-5.777753	direct_insert_strongly_deleterious	-4.699932	-4.429327	-4.803771	-4.735756;-4.712016	1AAdel_right_residue	-4.429327	deletion_context_strongly_deleterious	-2.920162	Bakhache_2024_NatMicrobiol_Dryad_10.5061_dryad.866t1g1xm_QVEU_eva71_dimple_c99331a6	direct_experiment_unfavorable	direct_experiment_unfavorable	5|6	5	6	exact_aligned	high	5	5,6	3-8	-2.788344443631579	1.407429229	0.15789473684210525	-3.0519788928947365	1.039757124	0.05263157894736842	38	-2.920161668263158	-3.6461131485	1.407429229	0.10526315789473684	114	-2.5564479102017548	-3.209749247	2.033601303	0.12280701754385964	exact flank summaries	5	6	0	0.0	0	0	False	0	0.0	0	0	False	0	resolved_by_parsimony	False	direct_insert_strongly_deleterious		0.5902408545691537	0.6883551304212651	1.0	0.6343632515882368	0.41554159985226896	0.0	0.06384370824310004	0.27876636142314287	0.7357991418302702	0.11425659624017978	0.17146462085096828	0.0	False	False	False	False	False	0	False	direct_homolog_strongly_unfavorable	blocked_software_unavailable				
6|7	6	7	HIGH_RISK	A89_N-terminal_membrane-binding_by_similarity;A89_N-terminal_oligomerization_by_similarity	False	0.0	0.5626623034477234	0.6224613081937456	0.0	14.6520494949263	26.40899000673839	89.8499984741211	False	1.0	1.0	0.0	0.0	0.0	0.0	0.189765	1.005309	0.891775	0.116883	0.0	0.0	0	0.0	0	0.178347	0.904496	0.897849	0.129032	0.0	0.0	0	0.0	0	0	0.0	0.189765	1.005309	0.891775	0.116883	0.0	0.0	0	none	0	none	0	none	none	max(insertion_type_count,local_deletion_type_count)	structural near-miss	2	AF_coil;hexamer_coil_fraction_ge_0.8	False		intermediate	remains unresolved	unresolved_exact_subset_too_small	False	unchanged_or_unresolved	6|7	6	K	7	K	6|7	6	exact_aligned	high	A89 flanking residues align directly to adjacent EV-A71 2C residues	1:SDSWLK|KFTEAC:12	1:SASWLK|KFNDAA:12	6	7	6-7	insertional_handle_SGRPGSLS	8	-5.8829	0.016946	-5.882900	direct_insert_strongly_deleterious	-4.429327	-4.617607	-5.159624	-4.712016;-4.699932	1AAdel_left_residue	-4.429327	deletion_context_strongly_deleterious	-2.89466	Bakhache_2024_NatMicrobiol_Dryad_10.5061_dryad.866t1g1xm_QVEU_eva71_dimple_c99331a6	direct_experiment_unfavorable	direct_experiment_unfavorable	6|7	6	7	exact_aligned	high	6	6,7	4-9	-3.0519788928947365	1.039757124	0.05263157894736842	-2.737340917210526	-0.460904983	0.0	38	-2.8946599050526314	-3.31321244	1.039757124	0.02631578947368421	114	-2.8582918389210525	-3.3300363235	1.407429229	0.05263157894736842	exact flank summaries	6	7	0	0.0	0	0	False	0	0.0	0	0	False	0	resolved_by_parsimony	False	direct_insert_strongly_deleterious		0.7769452237521408	0.9991889723903729	1.0	0.6343632515882368	0.41554159985226896	0.0	0.052038888632907884	0.13624527333761552	0.5005925490928608	0.1022065351551504	0.15634384211318997	0.0	True	True	True	True	True	5	True	pareto_reviewable_direct_conflicted	blocked_software_unavailable				
7|8	7	8	HIGH_RISK	A89_N-terminal_membrane-binding_by_similarity;A89_N-terminal_oligomerization_by_similarity	False	0.0	0.4755269885063171	0.5349053382873535	0.0	19.25799563734346	27.8845231501556	90.62999725341795	False	1.0	1.0	0.0	0.0	0.0	0.0	0.189765	1.005309	0.891775	0.116883	0.0	0.0	0	0.0	0	0.178347	0.904496	0.897849	0.129032	0.0	0.0	0	0.0	0	0	0.0	0.189765	1.005309	0.891775	0.116883	0.0	0.0	0	none	0	none	0	none	none	max(insertion_type_count,local_deletion_type_count)	structural near-miss	2	AF_coil;hexamer_coil_fraction_ge_0.8	False		intermediate	remains unresolved	unresolved_exact_subset_too_small	False	unchanged_or_unresolved	7|8	7	K	8	F	7|8	7	exact_aligned	high	A89 flanking residues align directly to adjacent EV-A71 2C residues	2:DSWLKK|FTEACN:13	2:ASWLKK|FNDAAS:13	7	8	7-8	insertional_handle_SGRPGSLS	8	-5.548728	0.021363	-5.548728	direct_insert_strongly_deleterious	-4.617607	-4.637215	-5.041601	-4.699932;-4.792752	1AAdel_left_residue	-4.617607	deletion_context_strongly_deleterious	-2.721815	Bakhache_2024_NatMicrobiol_Dryad_10.5061_dryad.866t1g1xm_QVEU_eva71_dimple_c99331a6	direct_experiment_unfavorable	direct_experiment_unfavorable	7|8	7	8	exact_aligned	high	7	7,8	5-10	-2.737340917210526	-0.460904983	0.0	-2.706289553052631	0.278157343	0.05263157894736842	38	-2.721815235131579	-3.0753326285	0.278157343	0.02631578947368421	114	-2.751259026254385	-3.277683839	2.149912474	0.06140350877192982	exact flank summaries	7	8	0	0.0	0	0	False	0	0.0	0	0	False	0	resolved_by_parsimony	False	direct_insert_strongly_deleterious		0.6566255109349944	0.8586421489239093	1.0	0.8753250390003502	0.44898719315153185	0.0	0.09274293876422614	0.18678275801332636	0.7794886568440108	0.1022065351551504	0.15634384211318997	0.0	False	True	True	True	True	4	True	pareto_reviewable_direct_conflicted	blocked_software_unavailable				
8|9	8	9	HIGH_RISK	A89_N-terminal_membrane-binding_by_similarity;A89_N-terminal_oligomerization_by_similarity	False	0.0	0.3801142275333404	0.3668639493543048	0.0	16.339820886178366	29.71955126541756	91.08000183105467	False	1.0	1.0	0.0	0.0	0.0	0.0	0.189765	1.005309	0.891775	0.116883	0.0	0.0	0	0.0	0	0.178347	0.904496	0.897849	0.129032	0.0	0.0	0	0.0	0	0	0.0	0.189765	1.005309	0.891775	0.116883	0.0	0.0	0	none	0	none	0	none	none	max(insertion_type_count,local_deletion_type_count)	structural near-miss	2	AF_coil;hexamer_coil_fraction_ge_0.8	False		intermediate	remains unresolved	unresolved_exact_subset_too_small	False	unchanged_or_unresolved	8|9	8	F	9	T	8|9	8	exact_aligned	high	A89 flanking residues align directly to adjacent EV-A71 2C residues	3:SWLKKF|TEACNA:14	3:SWLKKF|NDAASA:14	8	9	8-9	insertional_handle_SGRPGSLS	8	-5.379723	0.024018	-5.379723	direct_insert_strongly_deleterious	-4.637215	-4.753199	-4.941745	-4.792752;-4.912687	1AAdel_left_residue	-4.637215	deletion_context_strongly_deleterious	-2.647802	Bakhache_2024_NatMicrobiol_Dryad_10.5061_dryad.866t1g1xm_QVEU_eva71_dimple_c99331a6	direct_experiment_unfavorable	direct_experiment_unfavorable	8|9	8	9	exact_aligned	high	8	8,9	6-11	-2.706289553052631	0.278157343	0.05263157894736842	-2.5893153917368426	0.510473047	0.05263157894736842	38	-2.6478024723947367	-3.114164175	0.510473047	0.05263157894736842	114	-2.583421732517544	-3.1857427315	2.163767278	0.06140350877192982	exact flank summaries	8	9	0	0.0	0	0	False	0	0.0	0	0	False	0	resolved_by_parsimony	False	direct_insert_strongly_deleterious		0.524875990007925	0.588898310203572	1.0	0.7226596403440334	0.49058138187549905	0.0	0.11720960235912087	0.26603018176041715	0.7846928832494902	0.1022065351551504	0.15634384211318997	0.0	False	True	True	True	True	4	True	pareto_reviewable_direct_conflicted	blocked_software_unavailable				
9|10	9	10	HIGH_RISK	A89_N-terminal_membrane-binding_by_similarity;A89_N-terminal_oligomerization_by_similarity	False	0.0	0.3801142275333404	0.3668639493543048	0.0	15.604063685429372	25.09797800758847	91.08000183105467	False	1.0	1.0	0.0	0.0	0.0	0.0	0.105989	0.751535	0.911255	0.116883	0.0	0.0	0	0.0	0	0.102973	0.680893	0.914426	0.129032	0.0	0.0	0	0.0	0	0	0.0	0.105989	0.751535	0.911255	0.116883	0.0	0.0	0	none	0	none	0	none	none	max(insertion_type_count,local_deletion_type_count)	structural near-miss	2	AF_coil;hexamer_coil_fraction_ge_0.8	False		conserved	weakens	unresolved_exact_subset_too_small	False	decreased; conserved local window	9|10	9	T	10	E	9|10	9	exact_aligned	high	A89 flanking residues align directly to adjacent EV-A71 2C residues	4:WLKKFT|EACNAA:15	4:WLKKFN|DAASAA:15	9	10	9-10	insertional_handle_SGRPGSLS	8	-5.353998	0.02445	-5.353998	direct_insert_strongly_deleterious	-4.753199	-4.955963	-4.862299	-4.912687;-5.282300	1AAdel_left_residue	-4.753199	deletion_context_strongly_deleterious	-2.6118	Bakhache_2024_NatMicrobiol_Dryad_10.5061_dryad.866t1g1xm_QVEU_eva71_dimple_c99331a6	direct_experiment_unfavorable	direct_experiment_unfavorable	9|10	9	10	exact_aligned	high	9	9,10	7-12	-2.5893153917368426	0.510473047	0.05263157894736842	-2.634284959	2.149912474	0.05263157894736842	38	-2.6118001753684212	-3.142661581	2.149912474	0.05263157894736842	114	-2.4567907224561405	-2.95833148	2.163767278	0.05263157894736842	exact flank summaries	9	10	0	0.0	0	0	False	0	0.0	0	0	False	0	resolved_by_parsimony	False	direct_insert_strongly_deleterious		0.524875990007925	0.588898310203572	1.0	0.6841682284360403	0.3858251720447076	0.0	0.12119061880845966	0.32582131095720174	0.7846928832494902	0.043687845371403265	0.12640657513362652	0.0	False	False	False	False	False	0	False	direct_homolog_strongly_unfavorable	blocked_software_unavailable				
10|11	10	11	HIGH_RISK	A89_N-terminal_membrane-binding_by_similarity;A89_N-terminal_oligomerization_by_similarity	False	0.0	0.4447887539863586	0.4170665256289267	0.0	15.604063685429372	25.09797800758847	92.11000061035156	False	1.0	0.116883	0.0	0.520335	0.0	0.0	0.114323	0.751535	0.910173	0.116883	0.0	0.0	0	0.0	0	0.110118	0.680893	0.91353	0.129032	0.0	0.0	0	0.0	0	0	0.0	0.114323	0.751535	0.910173	0.116883	0.0	0.0	0	none	0	none	0	none	none	max(insertion_type_count,local_deletion_type_count)	structural near-miss	2	AF_coil;hexamer_coil_fraction_ge_0.8	False		conserved	weakens	unresolved_exact_subset_too_small	False	decreased; conserved local window	10|11	10	E	11	A	10|11	10	exact_aligned	high	A89 flanking residues align directly to adjacent EV-A71 2C residues	5:LKKFTE|ACNAAR:16	5:LKKFND|AASAAK:16	10	11	10-11	insertional_handle_SGRPGSLS	8	-5.265505	0.025997	-5.265505	direct_insert_strongly_deleterious	-4.955963	-4.922467	-4.951246	-5.282300;-5.148041	1AAdel_right_residue	-4.922467	deletion_context_strongly_deleterious	-2.207803	Bakhache_2024_NatMicrobiol_Dryad_10.5061_dryad.866t1g1xm_QVEU_eva71_dimple_c99331a6	direct_experiment_unfavorable	direct_experiment_unfavorable	10|11	10	11	exact_aligned	high	10	10,11	8-13	-2.634284959	2.149912474	0.05263157894736842	-1.7813206812105262	2.163767278	0.15789473684210525	38	-2.2078028201052633	-2.9779992775	2.163767278	0.10526315789473684	114	-2.0655011323596493	-2.8320254594999996	2.163767278	0.14035087719298245	exact flank summaries	10	11	0	0.0	0	0	False	0	0.0	0	0	False	0	resolved_by_parsimony	False	direct_insert_strongly_deleterious		0.6141810031893751	0.6694846212543715	1.0	0.6841682284360403	0.3858251720447076	0.0	0.13544671243606873	0.5105757911076139	0.7846928832494902	0.04950925914930802	0.12806941511678302	0.0	False	True	True	True	True	4	True	pareto_reviewable_direct_conflicted	blocked_software_unavailable				
11|12	11	12	HIGH_RISK	A89_N-terminal_membrane-binding_by_similarity;A89_N-terminal_oligomerization_by_similarity	False	0.0	0.3017096221446991	0.2266252483436447	0.0	17.497497216685673	28.69958687140168	90.87999725341795	False	0.116883	1.0	0.520335	0.0	0.0	0.0	0.051695	0.520335	0.925325	0.116883	0.0	0.0	0	0.0	0	0.053377	0.554778	0.926523	0.129032	0.0	0.0	0	0.0	0	0	0.0	0.051695	0.520335	0.925325	0.116883	0.0	0.0	0	none	0	none	0	none	none	max(insertion_type_count,local_deletion_type_count)	background	3	AF_coil;hexamer_coil_fraction_ge_0.8;hexamer_rSASA_ge_0.25	False		conserved	weakens	unresolved_exact_subset_too_small	False	decreased; conserved local window	11|12	11	A	12	C	11|12	11	exact_aligned	high	A89 flanking residues align directly to adjacent EV-A71 2C residues	6:KKFTEA|CNAARG:17	6:KKFNDA|ASAAKG:17	11	12	11-12	insertional_handle_SGRPGSLS	8	-5.493618	0.022195	-5.493618	direct_insert_strongly_deleterious	-4.922467	-5.006432	-5.032924	-5.148041;-5.254760	1AAdel_left_residue	-4.922467	deletion_context_strongly_deleterious	-2.036757	Bakhache_2024_NatMicrobiol_Dryad_10.5061_dryad.866t1g1xm_QVEU_eva71_dimple_c99331a6	direct_experiment_unfavorable	direct_experiment_unfavorable	11|12	11	12	exact_aligned	high	11	11,12	9-14	-1.7813206812105262	2.163767278	0.15789473684210525	-2.292192832526316	-0.189930425	0.0	38	-2.036756756868421	-2.443155224	2.163767278	0.07894736842105263	114	-2.156279571254386	-2.9179222339999997	2.163767278	0.14035087719298245	exact flank summaries	11	12	0	0.0	0	0	False	0	0.0	0	0	False	0	resolved_by_parsimony	False	direct_insert_strongly_deleterious		0.4166119685804865	0.36378397505105303	1.0	0.7832239086221127	0.4674620677115484	0.0	0.10041008155554532	0.4677131039537666	0.7846928832494902	0.005762738621036022	0.10478350806984553	0.0	False	True	True	True	True	4	True	pareto_reviewable_direct_conflicted	blocked_software_unavailable				
12|13	12	13	HIGH_RISK	A89_N-terminal_membrane-binding_by_similarity;A89_N-terminal_oligomerization_by_similarity	False	0.0	0.3017096221446991	0.2266252483436447	0.0	13.895185071503036	26.325484225248484	90.87999725341795	False	1.0	1.0	0.0	0.0	0.0	0.0	0.051695	0.520335	0.925325	0.116883	0.0	0.0	0	0.0	0	0.053377	0.554778	0.926523	0.129032	0.0	0.0	0	0.0	0	0	0.0	0.051695	0.520335	0.925325	0.116883	0.0	0.0	0	none	0	none	0	none	none	max(insertion_type_count,local_deletion_type_count)	background	3	AF_coil;hexamer_coil_fraction_ge_0.8;hexamer_rSASA_ge_0.25	False		conserved	weakens	unresolved_exact_subset_too_small	False	decreased; conserved local window	12|13	12	C	13	N	12|13	12	exact_aligned	high	A89 flanking residues align directly to adjacent EV-A71 2C residues	7:KFTEAC|NAARGL:18	7:KFNDAA|SAAKGL:18	12	13	12-13	insertional_handle_SGRPGSLS	8	-5.504886	0.022022	-5.504886	direct_insert_strongly_deleterious	-5.006432	-4.941745	-4.983807	-5.254760	1AAdel_right_residue	-4.941745	deletion_context_strongly_deleterious	-1.340898	Bakhache_2024_NatMicrobiol_Dryad_10.5061_dryad.866t1g1xm_QVEU_eva71_dimple_c99331a6	direct_experiment_unfavorable	direct_experiment_unfavorable	12|13	12	13	exact_aligned	high	12	12,13	10-15	-2.292192832526316	-0.189930425	0.0	-0.38960337663157896	2.149155535	0.5263157894736842	38	-1.3408981045789474	-1.3480377225	2.149155535	0.2631578947368421	114	-2.115930959622807	-2.9443944965	2.32055681	0.15789473684210525	exact flank summaries	12	13	0	0.0	0	0	False	0	0.0	0	0	False	0	resolved_by_parsimony	False	direct_insert_strongly_deleterious		0.4166119685804865	0.36378397505105303	1.0	0.5947676074670054	0.4136487922130042	0.0	0.0988158319126388	0.4867644330855867	0.8435871283457878	0.005762738621036022	0.10478350806984553	0.0	False	False	True	False	True	2	True	weak_pareto_reviewable_direct_conflicted	blocked_software_unavailable				
13|14	13	14	HIGH_RISK	A89_N-terminal_membrane-binding_by_similarity;A89_N-terminal_oligomerization_by_similarity	False	0.0	0.4294111132621765	0.4149996291759402	0.0	13.895185071503036	25.63212456749129	92.02999877929688	False	1.0	1.0	0.0	0.0	0.0	0.0	0.051695	0.520335	0.925325	0.116883	0.0	0.0	0	0.0	0	0.053377	0.554778	0.926523	0.129032	0.0	0.0	0	0.0	0	0	0.0	0.051695	0.520335	0.925325	0.116883	0.0	0.0	0	none	0	none	0	none	none	max(insertion_type_count,local_deletion_type_count)	structural near-miss	2	AF_coil;hexamer_coil_fraction_ge_0.8	False		conserved	weakens	unresolved_exact_subset_too_small	False	decreased; conserved local window	13|14	13	N	14	A	13|14	13	exact_aligned	high	A89 flanking residues align directly to adjacent EV-A71 2C residues	8:FTEACN|AARGLE:19	8:FNDAAS|AAKGLE:19	13	14	13-14	insertional_handle_SGRPGSLS	8	-5.487936	0.022283	-5.487936	direct_insert_strongly_deleterious	-4.941745	-4.656447	-5.200983	-5.305791	1AAdel_right_residue	-4.656447	deletion_context_strongly_deleterious	-1.820282	Bakhache_2024_NatMicrobiol_Dryad_10.5061_dryad.866t1g1xm_QVEU_eva71_dimple_c99331a6	direct_experiment_unfavorable	direct_experiment_unfavorable	13|14	13	14	exact_aligned	high	13	13,14	11-16	-0.38960337663157896	2.149155535	0.5263157894736842	-3.2509601864210524	1.004438784	0.05263157894736842	38	-1.820281781526316	-2.9680442885	2.149155535	0.2894736842105263	114	-2.15949382327193	-3.0676567055	2.32055681	0.16666666666666666	exact flank summaries	13	14	0	0.0	0	0	False	0	0.0	0	0	False	0	resolved_by_parsimony	False	direct_insert_strongly_deleterious		0.5929469797973321	0.6661667923135016	1.0	0.5947676074670054	0.39793255755780876	0.0	0.101221029350781	0.4661954365391356	0.8435871283457878	0.005762738621036022	0.10478350806984553	0.0	False	True	True	True	True	4	True	pareto_reviewable_direct_conflicted	blocked_software_unavailable				
14|15	14	15	HIGH_RISK	A89_N-terminal_membrane-binding_by_similarity;A89_N-terminal_oligomerization_by_similarity	False	0.0	0.4294111132621765	0.4149996291759402	0.0	16.84727476206532	25.63212456749129	94.19000244140624	False	1.0	1.0	0.0	0.0	0.0	0.0	0.051695	0.520335	0.925325	0.116883	0.0	0.0	0	0.0	0	0.053377	0.554778	0.926523	0.129032	0.0	0.0	0	0.0	0	0	0.0	0.051695	0.520335	0.925325	0.116883	0.0	0.0	0	none	0	none	0	none	none	max(insertion_type_count,local_deletion_type_count)	structural near-miss	2	AF_coil;hexamer_coil_fraction_ge_0.8	False		conserved	weakens	unresolved_exact_subset_too_small	False	decreased; conserved local window	14|15	14	A	15	A	14|15	14	exact_aligned	high	A89 flanking residues align directly to adjacent EV-A71 2C residues	9:TEACNA|ARGLEW:20	9:NDAASA|AKGLEW:20	14	15	14-15	insertional_handle_SGRPGSLS	8	-5.84774	0.017364	-5.847740	direct_insert_strongly_deleterious	-4.656447	-4.960658	-5.275486	-5.305791;-5.075574	1AAdel_left_residue	-4.656447	deletion_context_strongly_deleterious	-2.799092	Bakhache_2024_NatMicrobiol_Dryad_10.5061_dryad.866t1g1xm_QVEU_eva71_dimple_c99331a6	direct_experiment_unfavorable	direct_experiment_unfavorable	14|15	14	15	exact_aligned	high	14	14,15	12-17	-3.2509601864210524	1.004438784	0.05263157894736842	-2.347223721947369	2.32055681	0.15789473684210525	38	-2.79909195418421	-3.569207283	2.32055681	0.10526315789473684	114	-2.38931322854386	-3.3843689755	2.32055681	0.14912280701754385	exact flank summaries	14	15	0	0.0	0	0	False	0	0.0	0	0	False	0	resolved_by_parsimony	False	direct_insert_strongly_deleterious		0.5929469797973321	0.6661667923135016	1.0	0.7492072788057275	0.39793255755780876	0.0	0.05589089066027739	0.35768203412783794	0.8435871283457878	0.005762738621036022	0.10478350806984553	0.0	False	False	False	False	False	0	False	direct_homolog_strongly_unfavorable	blocked_software_unavailable				
15|16	15	16	HIGH_RISK	A89_N-terminal_membrane-binding_by_similarity;A89_N-terminal_oligomerization_by_similarity	False	0.0	0.4335267841815948	0.4357210252944197	0.0	11.222370836094209	27.048365850858048	92.16999816894533	False	1.0	0.987013	0.0	0.100001	0.0	0.0	0.103718	0.624274	0.912338	0.116883	0.0	0.0	0	0.0	0	0.100827	0.569406	0.915323	0.129032	0.0	0.0	0	0.0	0	0	0.0	0.103718	0.624274	0.912338	0.116883	0.0	0.0	0	none	0	none	0	none	none	max(insertion_type_count,local_deletion_type_count)	structural near-miss	2	AF_coil;hexamer_coil_fraction_ge_0.8	False		conserved	weakens	unresolved_exact_subset_too_small	False	decreased; conserved local window	15|16	15	A	16	R	15|16	15	exact_aligned	high	A89 flanking residues align directly to adjacent EV-A71 2C residues	10:EACNAA|RGLEWI:21	10:DAASAA|KGLEWI:21	15	16	15-16	insertional_handle_SGRPGSLS	8	-5.19167	0.027362	-5.191670	direct_insert_strongly_deleterious	-4.960658	-4.577197	-5.163455	-5.075574;-4.997444	1AAdel_right_residue	-4.577197	deletion_context_strongly_deleterious	-2.621443	Bakhache_2024_NatMicrobiol_Dryad_10.5061_dryad.866t1g1xm_QVEU_eva71_dimple_c99331a6	direct_experiment_unfavorable	direct_experiment_unfavorable	15|16	15	16	exact_aligned	high	15	15,16	13-18	-2.347223721947369	2.32055681	0.15789473684210525	-2.895662140894737	1.138512544	0.10526315789473684	38	-2.6214429314210532	-3.479269026	2.32055681	0.13157894736842105	114	-2.3958381183859645	-3.4394285975	2.32055681	0.19298245614035087	exact flank summaries	15	16	0	0.0	0	0	False	0	0.0	0	0	False	0	resolved_by_parsimony	False	direct_insert_strongly_deleterious		0.5986300526525491	0.6994292460942801	1.0	0.45493833554966967	0.4300341949818333	0.0	0.14802561857807678	0.3546011889908143	0.8435871283457878	0.04210152059463081	0.12474219832978332	0.0	False	True	True	True	True	4	True	pareto_reviewable_direct_conflicted	blocked_software_unavailable				
16|17	16	17	HIGH_RISK	A89_N-terminal_membrane-binding_by_similarity;A89_N-terminal_oligomerization_by_similarity	False	0.0	0.2822425663471222	0.2705629544380383	0.0	11.222370836094209	24.183254788555924	92.16999816894533	False	0.987013	1.0	0.100001	0.0	0.0	0.0	0.103718	0.624274	0.912338	0.116883	0.0	0.0	0	0.0	0	0.100827	0.569406	0.915323	0.129032	0.0	0.0	0	0.0	0	0	0.0	0.103718	0.624274	0.912338	0.116883	0.0	0.0	0	none	0	none	0	none	none	max(insertion_type_count,local_deletion_type_count)	structural near-miss	2	AF_coil;hexamer_coil_fraction_ge_0.8	False		conserved	weakens	unresolved_exact_subset_too_small	False	decreased; conserved local window	16|17	16	R	17	G	16|17	16	exact_aligned	high	A89 flanking residues align directly to adjacent EV-A71 2C residues	11:ACNAAR|GLEWIG:22	11:AASAAK|GLEWIS:22	16	17	16-17	insertional_handle_SGRPGSLS	8	-5.580393	0.020899	-5.580393	direct_insert_strongly_deleterious	-4.577197	-4.969982	-4.992919	-4.997444;-4.927321	1AAdel_left_residue	-4.577197	deletion_context_strongly_deleterious	-3.02795	Bakhache_2024_NatMicrobiol_Dryad_10.5061_dryad.866t1g1xm_QVEU_eva71_dimple_c99331a6	direct_experiment_unfavorable	direct_experiment_unfavorable	16|17	16	17	exact_aligned	high	16	16,17	14-19	-2.895662140894737	1.138512544	0.10526315789473684	-3.1602371128421054	0.228658354	0.05263157894736842	38	-3.027949626868421	-3.5810863275	1.138512544	0.07894736842105263	114	-2.8900725403070178	-3.559359158	2.32055681	0.11403508771929824	exact flank summaries	16	17	0	0.0	0	0	False	0	0.0	0	0	False	0	resolved_by_parsimony	False	direct_insert_strongly_deleterious		0.38973112739072474	0.43431377477313077	1.0	0.45493833554966967	0.3650913370226741	0.0	0.08846703220752893	0.12123943849817714	0.8435871283457878	0.04210152059463081	0.12474219832978332	0.0	False	False	False	False	False	0	False	direct_homolog_strongly_unfavorable	blocked_software_unavailable				
17|18	17	18	HIGH_RISK	A89_N-terminal_membrane-binding_by_similarity;A89_N-terminal_oligomerization_by_similarity	False	0.0	0.2822425663471222	0.2705629544380383	0.0	14.6520494949263	24.183254788555924	93.54000091552734	False	1.0	1.0	0.0	0.0	0.0	0.0	0.10352	0.624274	0.908009	0.064935	0.0	0.0	0	0.0	0	0.098983	0.569406	0.910842	0.075269	0.0	0.0	0	0.0	0	0	0.0	0.10352	0.624274	0.908009	0.064935	0.0	0.0	0	none	0	none	0	none	none	max(insertion_type_count,local_deletion_type_count)	structural near-miss	2	AF_coil;hexamer_coil_fraction_ge_0.8	False		conserved	weakens	unresolved_exact_subset_too_small	False	decreased; conserved local window	17|18	17	G	18	L	17|18	17	exact_aligned	high	A89 flanking residues align directly to adjacent EV-A71 2C residues	12:CNAARG|LEWIGQ:23	12:ASAAKG|LEWISN:23	17	18	17-18	insertional_handle_SGRPGSLS	8	-5.660236	0.019774	-5.660236	direct_insert_strongly_deleterious	-4.969982	-4.787196	-4.758946	-4.927321;-4.974612	2AAdel_spanning_junction	-4.758946	deletion_context_strongly_deleterious	-2.74579	Bakhache_2024_NatMicrobiol_Dryad_10.5061_dryad.866t1g1xm_QVEU_eva71_dimple_c99331a6	direct_experiment_unfavorable	direct_experiment_unfavorable	17|18	17	18	exact_aligned	high	17	17,18	15-20	-3.1602371128421054	0.228658354	0.05263157894736842	-2.3313421715789473	2.060857035	0.2631578947368421	38	-2.7457896422105263	-3.515419607	2.060857035	0.15789473684210525	114	-2.7435736886315785	-3.4752188425000003	2.647068353	0.12280701754385964	exact flank summaries	17	18	0	0.0	0	0	False	0	0.0	0	0	False	0	resolved_by_parsimony	False	direct_insert_strongly_deleterious		0.38973112739072474	0.43431377477313077	1.0	0.6343632515882368	0.3650913370226741	0.0	0.07809980187070911	0.1904115296270355	0.9662333955737065	0.041963214867725945	0.131395095083096	0.0	False	False	False	False	False	0	False	direct_homolog_strongly_unfavorable	blocked_software_unavailable				
18|19	18	19	HIGH_RISK	A89_N-terminal_membrane-binding_by_similarity;A89_N-terminal_oligomerization_by_similarity	False	0.0	0.4885774552822113	0.4771236425379823	0.0	14.6520494949263	24.34685378675772	93.54000091552734	False	1.0	1.0	0.0	0.0	0.0	0.0	0.10352	0.624274	0.908009	0.064935	0.0	0.0	0	0.0	0	0.098983	0.569406	0.910842	0.075269	0.0	0.0	0	0.0	0	0	0.0	0.10352	0.624274	0.908009	0.064935	0.0	0.0	0	none	0	none	0	none	none	max(insertion_type_count,local_deletion_type_count)	structural near-miss	2	AF_coil;hexamer_coil_fraction_ge_0.8	False		conserved	weakens	unresolved_exact_subset_too_small	False	decreased; conserved local window	18|19	18	L	19	E	18|19	18	exact_aligned	high	A89 flanking residues align directly to adjacent EV-A71 2C residues	13:NAARGL|EWIGQK:24	13:SAAKGL|EWISNK:24	18	19	18-19	insertional_handle_SGRPGSLS	8	-5.886731	0.016901	-5.886731	direct_insert_strongly_deleterious	-4.787196	-5.167272	-5.075574	-4.974612;-4.597606	3AAdel_spanning_option_2	-4.597606	deletion_context_strongly_deleterious	-2.843176	Bakhache_2024_NatMicrobiol_Dryad_10.5061_dryad.866t1g1xm_QVEU_eva71_dimple_c99331a6	direct_experiment_unfavorable	direct_experiment_unfavorable	18|19	18	19	exact_aligned	high	18	18,19	16-21	-2.3313421715789473	2.060857035	0.2631578947368421	-3.3550099081578946	1.72920773	0.05263157894736842	38	-2.843176039868421	-3.5001592155	2.060857035	0.15789473684210525	114	-2.809855583175439	-3.4752188425000003	2.647068353	0.11403508771929824	exact flank summaries	18	19	0	0.0	0	0	False	0	0.0	0	0	False	0	resolved_by_parsimony	False	direct_insert_strongly_deleterious		0.6746460852068749	0.7658896638476529	1.0	0.6343632515882368	0.36879960042728477	0.0	0.05162419941943509	0.15911533039307288	0.9662333955737065	0.041963214867725945	0.131395095083096	0.0	False	False	False	False	False	0	False	direct_homolog_strongly_unfavorable	blocked_software_unavailable				
19|20	19	20	HIGH_RISK	A89_N-terminal_membrane-binding_by_similarity;A89_N-terminal_oligomerization_by_similarity	False	0.0	0.4885774552822113	0.4771236425379823	0.0	9.069988292407904	20.05813807401444	94.1500015258789	False	1.0	1.0	0.0	0.0	0.0	0.0	0.10352	0.624274	0.908009	0.064935	0.0	0.0	0	0.0	0	0.098983	0.569406	0.910842	0.075269	0.0	0.0	0	0.0	0	0	0.0	0.10352	0.624274	0.908009	0.064935	0.0	0.0	0	none	0	none	0	none	none	max(insertion_type_count,local_deletion_type_count)	structural near-miss	2	AF_coil;hexamer_coil_fraction_ge_0.8	False		conserved	weakens	unresolved_exact_subset_too_small	False	decreased; conserved local window	19|20	19	E	20	W	19|20	19	exact_aligned	high	A89 flanking residues align directly to adjacent EV-A71 2C residues	14:AARGLE|WIGQKI:25	14:AAKGLE|WISNKI:25	19	20	19-20	insertional_handle_SGRPGSLS	8	-5.482222	0.022371	-5.482222	direct_insert_strongly_deleterious	-5.167272	-4.577197	-5.028557	-4.597606;-4.941745	1AAdel_right_residue	-4.577197	deletion_context_strongly_deleterious	-2.863488	Bakhache_2024_NatMicrobiol_Dryad_10.5061_dryad.866t1g1xm_QVEU_eva71_dimple_c99331a6	direct_experiment_unfavorable	direct_experiment_unfavorable	19|20	19	20	exact_aligned	high	19	19,20	17-22	-3.3550099081578946	1.72920773	0.05263157894736842	-2.3719670763684206	2.647068353	0.10526315789473684	38	-2.863488492263158	-3.46792009	2.647068353	0.07894736842105263	114	-2.721407376991228	-3.4824960935	2.647068353	0.11403508771929824	exact flank summaries	19	20	0	0.0	0	0	False	0	0.0	0	0	False	0	resolved_by_parsimony	False	direct_insert_strongly_deleterious		0.6746460852068749	0.7658896638476529	1.0	0.3423356413616077	0.2715882011818719	0.0	0.10203197714601667	0.20087775588916287	0.9662333955737065	0.041963214867725945	0.131395095083096	0.0	False	True	True	True	True	4	True	pareto_reviewable_direct_conflicted	blocked_software_unavailable				
20|21	20	21	HIGH_RISK	A89_N-terminal_membrane-binding_by_similarity;A89_N-terminal_oligomerization_by_similarity	False	0.0	0.4161914587020874	0.4476131626393791	0.0	9.069988292407904	20.05813807401444	93.56999969482422	False	1.0	0.844156	0.0	0.624274	0.0	0.0	0.10352	0.624274	0.908009	0.064935	0.0	0.0	0	0.0	0	0.098983	0.569406	0.910842	0.075269	0.0	0.0	0	0.0	0	0	0.0	0.10352	0.624274	0.908009	0.064935	0.0	0.0	0	none	0	none	0	none	none	max(insertion_type_count,local_deletion_type_count)	structural near-miss	2	AF_coil;hexamer_coil_fraction_ge_0.8	False		conserved	weakens	unresolved_exact_subset_too_small	False	decreased; conserved local window	20|21	20	W	21	I	20|21	20	exact_aligned	high	A89 flanking residues align directly to adjacent EV-A71 2C residues	15:ARGLEW|IGQKIS:26	15:AKGLEW|ISNKIS:26	20	21	20-21	insertional_handle_SGRPGSLS	8	-5.379723	0.024018	-5.379723	direct_insert_strongly_deleterious	-4.577197	-4.76466	-4.825452	-4.941745;-4.846673	1AAdel_left_residue	-4.577197	deletion_context_strongly_deleterious	-2.558441	Bakhache_2024_NatMicrobiol_Dryad_10.5061_dryad.866t1g1xm_QVEU_eva71_dimple_c99331a6	direct_experiment_unfavorable	direct_experiment_unfavorable	20|21	20	21	exact_aligned	high	20	20,21	18-23	-2.3719670763684206	2.647068353	0.10526315789473684	-2.7449150892105263	0.990200388	0.10526315789473684	38	-2.558441082789473	-3.3304256965	2.647068353	0.10526315789473684	114	-2.0201932110701755	-3.2275826050000003	2.647068353	0.2543859649122807	exact flank summaries	20	21	0	0.0	0	0	False	0	0.0	0	0	False	0	resolved_by_parsimony	False	direct_insert_strongly_deleterious		0.5746927846838884	0.7185187739682548	1.0	0.3423356413616077	0.2715882011818719	0.0	0.11720960235912087	0.5319687482840834	0.9662333955737065	0.041963214867725945	0.131395095083096	0.0	False	True	True	True	True	4	True	pareto_reviewable_direct_conflicted	blocked_software_unavailable				
21|22	21	22	HIGH_RISK	A89_N-terminal_RNA-binding/RTN3_site_by_similarity;A89_N-terminal_membrane-binding_by_similarity;A89_N-terminal_oligomerization_by_similarity	False	0.0	0.3500325083732605	0.3296240476461557	0.0	14.770456689973956	21.02701938717852	93.56999969482422	False	0.844156	1.0	0.624274	0.0	0.0	0.0	0.10352	0.624274	0.908009	0.064935	0.0	0.0	0	0.0	0	0.098983	0.569406	0.910842	0.075269	0.0	0.0	0	0.0	0	0	0.0	0.10352	0.624274	0.908009	0.064935	0.0	0.0	0	none	0	none	0	none	none	max(insertion_type_count,local_deletion_type_count)	structural near-miss	2	AF_coil;hexamer_coil_fraction_ge_0.8	False		conserved	weakens	unresolved_exact_subset_too_small	False	decreased; conserved local window	21|22	21	I	22	G	21|22	21	exact_aligned	high	A89 flanking residues align directly to adjacent EV-A71 2C residues	16:RGLEWI|GQKISK:27	16:KGLEWI|SNKISK:27	21	22	21-22	insertional_handle_SGRPGSLS	8	-5.794666	0.018015	-5.794666	direct_insert_strongly_deleterious	-4.76466	-4.735756	-4.741604	-4.846673;-5.015341	1AAdel_right_residue	-4.735756	deletion_context_strongly_deleterious	-2.554944	Bakhache_2024_NatMicrobiol_Dryad_10.5061_dryad.866t1g1xm_QVEU_eva71_dimple_c99331a6	direct_experiment_unfavorable	direct_experiment_unfavorable	21|22	21	22	exact_aligned	high	21	21,22	19-24	-2.7449150892105263	0.990200388	0.10526315789473684	-2.3649729037894733	1.512904002	0.10526315789473684	38	-2.554943996499999	-3.4953944125	1.512904002	0.10526315789473684	114	-2.2141420470526314	-3.3801799615	2.647068353	0.21052631578947367	exact flank summaries	21	22	0	0.0	0	0	False	0	0.0	0	0	False	0	resolved_by_parsimony	False	direct_insert_strongly_deleterious		0.48333802330842174	0.5291199775909653	1.0	0.6405577680847246	0.2935496261081156	0.0	0.061890061281850435	0.44039228605599323	0.9662333955737065	0.041963214867725945	0.131395095083096	0.0	False	False	False	False	False	0	False	direct_homolog_strongly_unfavorable	blocked_software_unavailable				
22|23	22	23	HIGH_RISK	A89_N-terminal_RNA-binding/RTN3_site_by_similarity;A89_N-terminal_membrane-binding_by_similarity;A89_N-terminal_oligomerization_by_similarity	False	0.0	0.3500325083732605	0.3296240476461557	0.0	12.92317958474467	25.20107661965105	94.43000030517578	False	1.0	0.064935	0.0	0.517962	0.0	0.0	0.095186	0.624274	0.909091	0.064935	0.0	0.0	0	0.0	0	0.091837	0.569406	0.911738	0.075269	0.0	0.0	0	0.0	0	0	0.0	0.095186	0.624274	0.909091	0.064935	0.0	0.0	0	none	0	none	0	none	none	max(insertion_type_count,local_deletion_type_count)	structural near-miss	2	AF_coil;hexamer_coil_fraction_ge_0.8	False		conserved	weakens	unresolved_exact_subset_too_small	False	decreased; conserved local window	22|23	22	G	23	Q	22|23	22	exact_aligned	high	A89 flanking residues align directly to adjacent EV-A71 2C residues	17:GLEWIG|QKISKF:28	17:GLEWIS|NKISKF:28	22	23	22-23	insertional_handle_SGRPGSLS	8	-5.688607	0.019389	-5.688607	direct_insert_strongly_deleterious	-4.735756	-4.927321	-5.112464	-5.015341;-5.096236	1AAdel_left_residue	-4.735756	deletion_context_strongly_deleterious	-0.658963	Bakhache_2024_NatMicrobiol_Dryad_10.5061_dryad.866t1g1xm_QVEU_eva71_dimple_c99331a6	direct_experiment_unfavorable	direct_experiment_unfavorable	22|23	22	23	exact_aligned	high	22	22,23	20-25	-2.3649729037894733	1.512904002	0.10526315789473684	1.0470478826842105	2.080720941	0.8947368421052632	38	-0.6589625105526317	0.13149071	2.080720941	0.5	114	-2.0034720140350877	-3.2699357005	2.647068353	0.23684210526315788	exact flank summaries	22	23	0	0.0	0	0	False	0	0.0	0	0	False	0	resolved_by_parsimony	False	direct_insert_strongly_deleterious		0.48333802330842174	0.5291199775909653	1.0	0.5439167785120748	0.3881620861724227	0.0	0.07455190526655302	0.5398639648804371	0.9662333955737065	0.03614180108982119	0.1297322550999395	0.0	False	False	False	False	False	0	False	direct_homolog_strongly_unfavorable	blocked_software_unavailable				
23|24	23	24	HIGH_RISK	A89_N-terminal_RNA-binding/RTN3_site_by_similarity;A89_N-terminal_membrane-binding_by_similarity;A89_N-terminal_oligomerization_by_similarity	False	0.0	0.4181397259235382	0.4130826144748263	0.0	7.92059071902797	21.35780558469085	93.48999786376952	False	0.064935	1.0	0.517962	0.0	0.0	0.0	0.095186	0.624274	0.909091	0.064935	0.0	0.0	0	0.0	0	0.091837	0.569406	0.911738	0.075269	0.0	0.0	0	0.0	0	0	0.0	0.095186	0.624274	0.909091	0.064935	0.0	0.0	0	none	0	none	0	none	none	max(insertion_type_count,local_deletion_type_count)	structural near-miss	2	AF_coil;hexamer_coil_fraction_ge_0.8	False		conserved	weakens	unresolved_exact_subset_too_small	False	decreased; conserved local window	23|24	23	Q	24	K	23|24	23	exact_aligned	high	A89 flanking residues align directly to adjacent EV-A71 2C residues	18:LEWIGQ|KISKFI:29	18:LEWISN|KISKFI:29	23	24	23-24	insertional_handle_SGRPGSLS	8	-5.575185	0.020975	-5.575185	direct_insert_strongly_deleterious	-4.927321	-4.758946	-5.237154	-5.096236;-5.230023	1AAdel_right_residue	-4.758946	deletion_context_strongly_deleterious	-1.223994	Bakhache_2024_NatMicrobiol_Dryad_10.5061_dryad.866t1g1xm_QVEU_eva71_dimple_c99331a6	direct_experiment_unfavorable	direct_experiment_unfavorable	23|24	23	24	exact_aligned	high	23	23,24	21-26	1.0470478826842105	2.080720941	0.8947368421052632	-3.4950351874736842	-0.562080546	0.0	38	-1.2239936523947368	-1.8721917725	2.080720941	0.4473684210526316	114	-1.547798211008772	-2.0138168135	2.425844866	0.3333333333333333	exact flank summaries	23	24	0	0.0	0	0	False	0	0.0	0	0	False	0	resolved_by_parsimony	False	direct_insert_strongly_deleterious		0.5773830251763185	0.66308955695116	1.0	0.2822044793451478	0.30104748590229496	0.0	0.08916739621250519	0.7550186194561637	0.8831360733338799	0.03614180108982119	0.1297322550999395	0.0	False	False	True	False	True	2	True	weak_pareto_reviewable_direct_conflicted	blocked_software_unavailable				
24|25	24	25	HIGH_RISK	A89_N-terminal_RNA-binding/RTN3_site_by_similarity;A89_N-terminal_membrane-binding_by_similarity;A89_N-terminal_oligomerization_by_similarity	False	0.0	0.4501197338104248	0.4812449492977164	0.0	7.92059071902797	21.35780558469085	93.38999938964844	False	1.0	1.0	0.0	0.0	0.0	0.0	0.178022	0.99403	0.871212	0.064935	0.0	0.0	0	0.0	0	0.173382	0.978542	0.87724	0.075269	0.0	0.0	0	0.0	0	0	0.0	0.178022	0.99403	0.871212	0.064935	0.0	0.0	0	none	0	none	0	none	none	max(insertion_type_count,local_deletion_type_count)	structural near-miss	2	AF_coil;hexamer_coil_fraction_ge_0.8	False		intermediate	remains unresolved	unresolved_exact_subset_too_small	False	unchanged_or_unresolved	24|25	24	K	25	I	24|25	24	exact_aligned	high	A89 flanking residues align directly to adjacent EV-A71 2C residues	19:EWIGQK|ISKFID:30	19:EWISNK|ISKFID:30	24	25	24-25	insertional_handle_SGRPGSLS	8	-5.747447	0.018614	-5.747447	direct_insert_strongly_deleterious	-4.758946	-4.699932	-5.159624	-5.230023;-4.997444	1AAdel_right_residue	-4.699932	deletion_context_strongly_deleterious	-2.793012	Bakhache_2024_NatMicrobiol_Dryad_10.5061_dryad.866t1g1xm_QVEU_eva71_dimple_c99331a6	direct_experiment_unfavorable	direct_experiment_unfavorable	24|25	24	25	exact_aligned	high	24	24,25	22-27	-3.4950351874736842	-0.562080546	0.0	-2.090989710052632	2.425844866	0.21052631578947367	38	-2.7930124487631582	-3.5078394050000004	2.425844866	0.10526315789473684	114	-1.618305617254386	-2.933652767	2.425844866	0.32456140350877194	exact flank summaries	24	25	0	0.0	0	0	False	0	0.0	0	0	False	0	resolved_by_parsimony	False	direct_insert_strongly_deleterious		0.6215422201872933	0.7725052786850052	1.0	0.2822044793451478	0.30104748590229496	0.0	0.06741003547896603	0.7217272681977517	0.8831360733338799	0.09400388792765633	0.1879454858965966	0.0	False	False	True	False	True	2	True	weak_pareto_reviewable_direct_conflicted	blocked_software_unavailable				
25|26	25	26	HIGH_RISK	A89_N-terminal_RNA-binding/RTN3_site_by_similarity;A89_N-terminal_membrane-binding_by_similarity;A89_N-terminal_oligomerization_by_similarity	False	0.0	0.3644883930683136	0.405825953329763	0.0	11.756534934611553	22.32028647559821	93.38999938964844	False	1.0	1.0	0.0	0.0	0.0	0.0	0.178022	0.99403	0.871212	0.064935	0.0	0.0	0	0.0	0	0.173382	0.978542	0.87724	0.075269	0.0	0.0	0	0.0	0	0	0.0	0.178022	0.99403	0.871212	0.064935	0.0	0.0	0	none	0	none	0	none	none	max(insertion_type_count,local_deletion_type_count)	structural near-miss	2	AF_coil;hexamer_coil_fraction_ge_0.8	False		intermediate	remains unresolved	unresolved_exact_subset_too_small	False	unchanged_or_unresolved	25|26	25	I	26	S	25|26	25	exact_aligned	high	A89 flanking residues align directly to adjacent EV-A71 2C residues	20:WIGQKI|SKFIDW:31	20:WISNKI|SKFIDW:31	25	26	25-26	insertional_handle_SGRPGSLS	8	-5.655428	0.01984	-5.655428	direct_insert_strongly_deleterious	-4.699932	-4.78161	-5.067189	-4.997444;-5.104383	1AAdel_left_residue	-4.699932	deletion_context_strongly_deleterious	-0.864457	Bakhache_2024_NatMicrobiol_Dryad_10.5061_dryad.866t1g1xm_QVEU_eva71_dimple_c99331a6	direct_experiment_unfavorable	direct_experiment_unfavorable	25|26	25	26	exact_aligned	high	25	25,26	23-28	-2.090989710052632	2.425844866	0.21052631578947367	0.3620757417894737	2.23060504	0.6842105263157895	38	-0.8644569841315791	-0.33725104	2.425844866	0.4473684210526316	114	-1.7099024115526318	-3.094977046	2.425844866	0.30701754385964913	exact flank summaries	25	26	0	0.0	0	0	False	0	0.0	0	0	False	0	resolved_by_parsimony	False	direct_insert_strongly_deleterious		0.5032992513845028	0.6514410003307314	1.0	0.4828833292535196	0.3228638338299657	0.0	0.07870801271713589	0.6784781796905837	0.8831360733338799	0.09400388792765633	0.1879454858965966	0.0	False	False	True	False	True	2	True	weak_pareto_reviewable_direct_conflicted	blocked_software_unavailable				
26|27	26	27	HIGH_RISK	A89_N-terminal_RNA-binding/RTN3_site_by_similarity;A89_N-terminal_membrane-binding_by_similarity;A89_N-terminal_oligomerization_by_similarity	False	0.0	0.3644883930683136	0.405825953329763	0.0	8.302787169522096	23.659978489987235	91.88999938964844	False	1.0	1.0	0.0	0.0	0.0	0.0	0.28981	1.341449	0.794372	0.064935	0.0	0.0	0	0.0	0	0.28051	1.285536	0.801523	0.075269	0.0	0.0	0	0.0	0	0	0.0	0.28981	1.341449	0.794372	0.064935	0.0	0.0	0	none	0	none	0	none	none	max(insertion_type_count,local_deletion_type_count)	structural near-miss	2	AF_coil;hexamer_coil_fraction_ge_0.8	False		intermediate	remains unresolved	unresolved_exact_subset_too_small	False	unchanged_or_unresolved	26|27	26	S	27	K	26|27	26	exact_aligned	high	A89 flanking residues align directly to adjacent EV-A71 2C residues	21:IGQKIS|KFIDWI:32	21:ISNKIS|KFIDWL:32	26	27	26-27	insertional_handle_SGRPGSLS	8	-5.953299	0.016139	-5.953299	direct_insert_strongly_deleterious	-4.78161	-4.877683	-5.062969	-5.104383;-4.907761	1AAdel_left_residue	-4.78161	deletion_context_strongly_deleterious	-1.402942	Bakhache_2024_NatMicrobiol_Dryad_10.5061_dryad.866t1g1xm_QVEU_eva71_dimple_c99331a6	direct_experiment_unfavorable	direct_experiment_unfavorable	26|27	26	27	exact_aligned	high	26	26,27	24-29	0.3620757417894737	2.23060504	0.6842105263157895	-3.1679595266842107	1.432359929	0.05263157894736842	38	-1.4029418924473687	-1.46256639	2.23060504	0.3684210526315789	114	-2.278807737614035	-3.2068736529999997	2.425844866	0.17543859649122806	exact flank summaries	26	27	0	0.0	0	0	False	0	0.0	0	0	False	0	resolved_by_parsimony	False	direct_insert_strongly_deleterious		0.5032992513845028	0.6514410003307314	1.0	0.30219922895924106	0.3532303453918522	0.0	0.0446021287379625	0.40985920685934657	0.8831360733338799	0.17208934549958055	0.3060347874730673	0.0	False	False	False	False	False	0	False	direct_homolog_strongly_unfavorable	blocked_software_unavailable				
27|28	27	28	HIGH_RISK	A89_N-terminal_membrane-binding_by_similarity;A89_N-terminal_oligomerization_by_similarity	False	0.0	0.4745776355266571	0.5231240961286757	0.0	8.302787169522096	18.15886407641134	91.88999938964844	False	1.0	1.0	0.0	0.0	0.0	0.0	0.24612	1.341449	0.806277	0.064935	0.0	0.0	0	0.0	0	0.240205	1.285536	0.811828	0.075269	0.0	0.0	0	0.0	0	0	0.0	0.24612	1.341449	0.806277	0.064935	0.0	0.0	0	none	0	none	0	none	none	max(insertion_type_count,local_deletion_type_count)	structural near-miss	2	AF_coil;hexamer_coil_fraction_ge_0.8	False		intermediate	remains unresolved	unresolved_exact_subset_too_small	False	unchanged_or_unresolved	27|28	27	K	28	F	27|28	27	exact_aligned	high	A89 flanking residues align directly to adjacent EV-A71 2C residues	22:GQKISK|FIDWIK:33	22:SNKISK|FIDWLK:33	27	28	27-28	insertional_handle_SGRPGSLS	8	-5.819512	0.017707	-5.819512	direct_insert_strongly_deleterious	-4.877683	-4.846673	-5.219232	-4.907761;-4.997444	1AAdel_right_residue	-4.846673	deletion_context_strongly_deleterious	-3.041257	Bakhache_2024_NatMicrobiol_Dryad_10.5061_dryad.866t1g1xm_QVEU_eva71_dimple_c99331a6	direct_experiment_unfavorable	direct_experiment_unfavorable	27|28	27	28	exact_aligned	high	27	27,28	25-30	-3.1679595266842107	1.432359929	0.05263157894736842	-2.914553669578947	-0.323972685	0.0	38	-3.0412565981315787	-3.3819878865	1.432359929	0.02631578947368421	114	-1.5419671085526319	-2.4374023339999997	2.425844866	0.30701754385964913	exact flank summaries	27	28	0	0.0	0	0	False	0	0.0	0	0	False	0	resolved_by_parsimony	False	direct_insert_strongly_deleterious		0.6553146087141026	0.839730632511475	1.0	0.30219922895924106	0.22853776482190927	0.0	0.05905174399852555	0.7577718802897123	0.8831360733338799	0.14157127879011827	0.2877389371962858	0.0	False	False	False	False	False	0	False	direct_homolog_strongly_unfavorable	blocked_software_unavailable				
28|29	28	29	HIGH_RISK	A89_N-terminal_membrane-binding_by_similarity;A89_N-terminal_oligomerization_by_similarity	False	0.0	0.3892283141613006	0.4073375630903164	0.0	9.069988292407904	18.15886407641134	90.58999633789062	False	1.0	1.0	0.0	0.0	0.0	0.0	0.262766	1.341449	0.804113	0.064935	0.0	0.0	0	0.0	0	0.254482	1.285536	0.810036	0.075269	0.0	0.0	0	0.0	0	0	0.0	0.262766	1.341449	0.804113	0.064935	0.0	0.0	0	none	0	none	0	none	none	max(insertion_type_count,local_deletion_type_count)	structural near-miss	2	AF_coil;hexamer_coil_fraction_ge_0.8	False		intermediate	remains unresolved	unresolved_exact_subset_too_small	False	unchanged_or_unresolved	28|29	28	F	29	I	28|29	28	exact_aligned	high	A89 flanking residues align directly to adjacent EV-A71 2C residues	23:QKISKF|IDWIKS:34	23:NKISKF|IDWLKE:34	28	29	28-29	insertional_handle_SGRPGSLS	8	-5.725224	0.018903	-5.725224	direct_insert_strongly_deleterious	-4.846673	-4.907761	-5.312403	-4.997444;-4.662776	3AAdel_spanning_option_2	-4.662776	deletion_context_strongly_deleterious	-2.640469	Bakhache_2024_NatMicrobiol_Dryad_10.5061_dryad.866t1g1xm_QVEU_eva71_dimple_c99331a6	direct_experiment_unfavorable	direct_experiment_unfavorable	28|29	28	29	exact_aligned	high	28	28,29	26-31	-2.914553669578947	-0.323972685	0.0	-2.3663840736842108	0.916659802	0.10526315789473684	38	-2.640468871631579	-3.1789983619999997	0.916659802	0.05263157894736842	114	-1.6845803272982456	-2.791095991	2.23060504	0.2719298245614035	exact flank summaries	28	29	0	0.0	0	0	False	0	0.0	0	0	False	0	resolved_by_parsimony	False	direct_insert_strongly_deleterious		0.537461062850138	0.653867470511963	1.0	0.3423356413616077	0.22853776482190927	0.0	0.07007326176104686	0.6904344612558315	0.8097988931131844	0.15319873904293835	0.29106461716259874	0.0	False	False	True	False	True	2	True	weak_pareto_reviewable_direct_conflicted	blocked_software_unavailable				
29|30	29	30	HIGH_RISK	A89_N-terminal_membrane-binding_by_similarity;A89_N-terminal_oligomerization_by_similarity	False	0.0	0.3892283141613006	0.4073375630903164	0.0	9.74015491928499	23.91385274941617	90.58999633789062	False	1.0	0.545455	0.0	0.99403	0.0	0.0	0.219603	1.341449	0.882035	0.077922	0.0	0.0	0	0.0	0	0.210095	1.285536	0.887097	0.091398	0.0	0.0	0	0.0	0	0	0.0	0.219603	1.341449	0.882035	0.077922	0.0	0.0	0	none	0	none	0	none	none	max(insertion_type_count,local_deletion_type_count)	structural near-miss	2	AF_coil;hexamer_coil_fraction_ge_0.8	False		intermediate	remains unresolved	unresolved_exact_subset_too_small	False	unchanged_or_unresolved	29|30	29	I	30	D	29|30	29	exact_aligned	high	A89 flanking residues align directly to adjacent EV-A71 2C residues	24:KISKFI|DWIKSM:35	24:KISKFI|DWLKEK:35	29	30	29-30	insertional_handle_SGRPGSLS	8	-5.688607	0.019389	-5.688607	direct_insert_strongly_deleterious	-4.907761	-4.656447	-5.163455	-4.662776;-5.112464	1AAdel_right_residue	-4.656447	deletion_context_strongly_deleterious	-0.720188	Bakhache_2024_NatMicrobiol_Dryad_10.5061_dryad.866t1g1xm_QVEU_eva71_dimple_c99331a6	direct_experiment_unfavorable	direct_experiment_unfavorable	29|30	29	30	exact_aligned	high	29	29,30	27-32	-2.3663840736842108	0.916659802	0.10526315789473684	0.9260085868947366	2.144568489	0.7894736842105263	38	-0.720187743394737	-0.068019796	2.144568489	0.4473684210526316	114	-2.1228614103245613	-3.126812964	2.144568489	0.20175438596491227	exact flank summaries	29	30	0	0.0	0	0	False	0	0.0	0	0	False	0	resolved_by_parsimony	False	direct_insert_strongly_deleterious		0.537461062850138	0.653867470511963	1.0	0.37739565797558916	0.35898485878105824	0.0	0.07455190526655302	0.48349209502953233	0.7774813164408202	0.12304878909145012	0.17131247560297158	0.0	False	False	False	False	True	1	True	weak_pareto_reviewable_direct_conflicted	blocked_software_unavailable				
30|31	30	31	HIGH_RISK	A89_N-terminal_membrane-binding_by_similarity;A89_N-terminal_oligomerization_by_similarity	False	0.0	0.4335289895534515	0.4125907713473358	0.0	7.585599420635388	17.0999970319231	90.8499984741211	False	0.545455	1.0	0.99403	0.0	0.0	0.0	0.219603	1.341449	0.882035	0.077922	0.0	0.0	0	0.0	0	0.210095	1.285536	0.887097	0.091398	0.0	0.0	0	0.0	0	0	0.0	0.219603	1.341449	0.882035	0.077922	0.0	0.0	0	none	0	none	0	none	none	max(insertion_type_count,local_deletion_type_count)	structural near-miss	2	AF_coil;hexamer_coil_fraction_ge_0.8	False		intermediate	remains unresolved	unresolved_exact_subset_too_small	False	unchanged_or_unresolved	30|31	30	D	31	W	30|31	30	exact_aligned	high	A89 flanking residues align directly to adjacent EV-A71 2C residues	25:ISKFID|WIKSML:36	25:ISKFID|WLKEKI:36	30	31	30-31	insertional_handle_SGRPGSLS	8	-5.794666	0.018015	-5.794666	direct_insert_strongly_deleterious	-4.656447	-5.001948	-5.140243	-5.112464;-4.729874	1AAdel_left_residue	-4.656447	deletion_context_strongly_deleterious	-1.01033	Bakhache_2024_NatMicrobiol_Dryad_10.5061_dryad.866t1g1xm_QVEU_eva71_dimple_c99331a6	direct_experiment_unfavorable	direct_experiment_unfavorable	30|31	30	31	exact_aligned	high	30	30,31	28-33	0.9260085868947366	2.144568489	0.7894736842105263	-2.946669022526316	-0.533123683	0.0	38	-1.0103302178157896	-0.6250695505	2.144568489	0.39473684210526316	114	-1.9196283124473685	-2.820288722	2.144568489	0.21052631578947367	exact flank summaries	30	31	0	0.0	0	0	False	0	0.0	0	0	False	0	resolved_by_parsimony	False	direct_insert_strongly_deleterious		0.5986330979127703	0.6623000392371023	1.0	0.2646792848395472	0.2045366526232844	0.0	0.061890061281850435	0.5794522899797718	0.7774813164408202	0.12304878909145012	0.17131247560297158	0.0	False	False	False	False	False	0	False	direct_homolog_strongly_unfavorable	blocked_software_unavailable				
31|32	31	32	HIGH_RISK	A89_N-terminal_membrane-binding_by_similarity;A89_N-terminal_oligomerization_by_similarity	False	0.0	0.3567967414855957	0.342931076153079	0.0	7.585599420635388	17.0999970319231	90.23999786376952	False	1.0	0.077922	0.0	1.341449	0.0	0.0	0.219603	1.341449	0.882035	0.077922	0.0	0.0	0	0.0	0	0.210095	1.285536	0.887097	0.091398	0.0	0.0	0	0.0	0	0	0.0	0.219603	1.341449	0.882035	0.077922	0.0	0.0	0	none	0	none	0	none	none	max(insertion_type_count,local_deletion_type_count)	structural near-miss	2	AF_coil;hexamer_coil_fraction_ge_0.8	False		intermediate	remains unresolved	unresolved_exact_subset_too_small	False	unchanged_or_unresolved	31|32	31	W	32	I	31|32	31	exact_aligned	high	A89 flanking residues align directly to adjacent EV-A71 2C residues	26:SKFIDW|IKSMLP:37	26:SKFIDW|LKEKII:37	31	32	31-32	insertional_handle_SGRPGSLS	8	-5.747447	0.018614	-5.747447	direct_insert_strongly_deleterious	-5.001948	-4.681526	-4.380337	-4.729874;-5.037272	2AAdel_spanning_junction	-4.380337	deletion_context_strongly_deleterious	-2.60714	Bakhache_2024_NatMicrobiol_Dryad_10.5061_dryad.866t1g1xm_QVEU_eva71_dimple_c99331a6	direct_experiment_unfavorable	direct_experiment_unfavorable	31|32	31	32	exact_aligned	high	31	31,32	29-34	-2.946669022526316	-0.533123683	0.0	-2.267610756368421	1.815261996	0.2631578947368421	38	-2.6071398894473687	-3.2524385880000004	1.815261996	0.13157894736842105	114	-1.3894871980701753	-1.282429222	2.262158865	0.3157894736842105	exact flank summaries	31	32	0	0.0	0	0	False	0	0.0	0	0	False	0	resolved_by_parsimony	False	direct_insert_strongly_deleterious		0.49267833023279206	0.5504807207638783	1.0	0.2646792848395472	0.2045366526232844	0.0	0.06741003547896603	0.8297680368642346	0.8216513342779153	0.12304878909145012	0.17131247560297158	0.0	False	False	False	False	False	0	False	direct_homolog_strongly_unfavorable	blocked_software_unavailable				
32|33	32	33	HIGH_RISK	A89_N-terminal_membrane-binding_by_similarity;A89_N-terminal_oligomerization_by_similarity	False	0.0	0.3567967414855957	0.342931076153079	0.0	7.92059071902797	21.43627987039837	87.04000091552734	False	0.077922	0.987013	1.341449	0.100001	0.0	0.0	0.219603	1.341449	0.882035	0.077922	0.0	0.0	0	0.0	0	0.210095	1.285536	0.887097	0.091398	0.0	0.0	0	0.0	0	0	0.0	0.219603	1.341449	0.882035	0.077922	0.0	0.0	0	none	0	none	0	none	none	max(insertion_type_count,local_deletion_type_count)	structural near-miss	2	AF_coil;hexamer_coil_fraction_ge_0.8	False		intermediate	remains unresolved	unresolved_exact_subset_too_small	False	unchanged_or_unresolved	32|33	32	I	33	K	32|33	32	exact_aligned	high	A89 flanking residues align directly to adjacent EV-A71 2C residues	27:KFIDWI|KSMLPQ:38	27:KFIDWL|KEKIIP:38	32	33	32-33	insertional_handle_SGRPGSLS	8	-5.606036	0.020531	-5.606036	direct_insert_strongly_deleterious	-4.681526	-5.427436	-4.84141	-5.037272;-5.305791	1AAdel_left_residue	-4.681526	deletion_context_strongly_deleterious	-2.108086	Bakhache_2024_NatMicrobiol_Dryad_10.5061_dryad.866t1g1xm_QVEU_eva71_dimple_c99331a6	direct_experiment_unfavorable	direct_experiment_unfavorable	32|33	32	33	exact_aligned	high	32	32,33	30-35	-2.267610756368421	1.815261996	0.2631578947368421	-1.9485609394210526	0.927859422	0.10526315789473684	38	-2.1080858478947366	-2.6262236039999998	1.815261996	0.18421052631578946	114	-1.0289546955701754	-0.341098097	2.262158865	0.38596491228070173	exact flank summaries	32	33	0	0.0	0	0	False	0	0.0	0	0	False	0	resolved_by_parsimony	False	direct_insert_strongly_deleterious		0.49267833023279206	0.5504807207638783	1.0	0.2822044793451478	0.30282624570578226	0.0	0.08507579597290697	1.0	0.8216513342779153	0.12304878909145012	0.17131247560297158	0.0	False	False	True	False	True	2	True	weak_pareto_reviewable_direct_conflicted	blocked_software_unavailable				
33|34	33	34	HIGH_RISK	A89_N-terminal_membrane-binding_by_similarity;A89_N-terminal_oligomerization_by_similarity	False	0.0	0.4137580096721649	0.4283050126926873	0.1059042812878691	6.3865247698501815	23.8140360519416	87.04000091552734	False	0.987013	0.974026	0.100001	0.199755	0.0	0.0	0.227936	1.341449	0.880952	0.077922	0.0	0.0	0	0.0	0	0.21724	1.285536	0.886201	0.091398	0.0	0.0	0	0.0	0	0	0.0	0.227936	1.341449	0.880952	0.077922	0.0	0.0	0	none	0	none	0	none	none	max(insertion_type_count,local_deletion_type_count)	background	3	AF_coil;hexamer_coil_fraction_ge_0.8;burial_lt_0.10	False		intermediate	remains unresolved	unresolved_exact_subset_too_small	False	unchanged_or_unresolved	33|34	33	K	34	S	33|34	33	exact_aligned	high	A89 flanking residues align directly to adjacent EV-A71 2C residues	28:FIDWIK|SMLPQA:39	28:FIDWLK|EKIIPA:39	33	34	33-34	insertional_handle_SGRPGSLS	8	-5.674522	0.019579	-5.674522	direct_insert_strongly_deleterious	-5.427436	-5.11648	-5.041601	-5.305791;-5.140243	2AAdel_spanning_junction	-5.041601	deletion_context_strongly_deleterious	-0.841134	Bakhache_2024_NatMicrobiol_Dryad_10.5061_dryad.866t1g1xm_QVEU_eva71_dimple_c99331a6	direct_experiment_unfavorable	direct_experiment_unfavorable	33|34	33	34	exact_aligned	high	33	33,34	31-36	-1.9485609394210526	0.927859422	0.10526315789473684	0.2662930166842105	2.262158865	0.631578947368421	38	-0.8411339613684211	-0.2897412495	2.262158865	0.3684210526315789	114	-1.487421715982456	-1.1904974635	2.262158865	0.2894736842105263	exact flank summaries	33	34	0	0.0	0	0	False	0	0.0	0	0	False	0	resolved_by_parsimony	False	direct_insert_strongly_deleterious		0.5713325869427966	0.6875248949109731	0.8940957187121309	0.2019492480219368	0.3567223351074263	0.0	0.07630281527899369	0.7835264771508705	0.8216513342779153	0.12886950435558264	0.17297685240681496	0.0	False	False	True	True	True	3	True	pareto_reviewable_direct_conflicted	blocked_software_unavailable				
34|35	34	35	HIGH_RISK	A89_N-terminal_membrane-binding_by_similarity;A89_N-terminal_oligomerization_by_similarity	False	0.0	0.3866536915302276	0.3521181515284947	0.1945948698609725	5.276790886924877	18.01826120487846	86.11000061035156	False	0.974026	1.0	0.199755	0.0	0.0	0.0	0.291236	1.341449	0.866883	0.077922	0.0	0.0	0	0.0	0	0.275595	1.285536	0.873656	0.091398	0.0	0.0	0	0.0	0	0	0.0	0.291236	1.341449	0.866883	0.077922	0.0	0.0	0	none	0	none	0	none	none	max(insertion_type_count,local_deletion_type_count)	background	3	AF_coil;hexamer_coil_fraction_ge_0.8;burial_lt_0.10	False		intermediate	remains unresolved	unresolved_exact_subset_too_small	False	unchanged_or_unresolved	34|35	34	S	35	M	34|35;35|36	34-35	ambiguous	low	A89 junction spans multiple EV-A71 residues/junctions in the sequence alignment	29:IDWIKS|MLPQAQ:40		34	36	34-36	insertional_handle_SGRPGSLS	8	-5.476475	0.02246	-5.476475;-5.716195	direct_insert_strongly_deleterious							no_direct_deletion_context		Bakhache_2024_NatMicrobiol_Dryad_10.5061_dryad.866t1g1xm_QVEU_eva71_dimple_c99331a6	mapping_uncertain	mapping_uncertain	34|35	34	35	ambiguous	low	34-35	34,35,36	32-38							57	-0.5872298591929824	-0.097672125	2.262158865	0.45614035087719296	133	-1.645336502954887	-1.916915531	2.262158865	0.2706766917293233	ambiguous source positions summarized jointly	34	35	0	0.0	0	0	False	0	0.0	0	0	False	0	resolved_by_parsimony	False	direct_insert_strongly_deleterious		0.5339059273027249	0.5652280219740883	0.8054051301390275	0.14389310673993402	0.22535074968844604	0.0	0.10285214025710732	0.7089641450224846	0.8216513342779153	0.17308542613880445	0.19459838264990925	0.0	False	False	False	False	False	0	False	mapping_uncertain	blocked_software_unavailable				
35|36	35	36	HIGH_RISK	A89_N-terminal_membrane-binding_by_similarity;A89_N-terminal_oligomerization_by_similarity	False	0.0	0.3866536915302276	0.3521181515284947	0.1945948698609725	5.276790886924877	18.01826120487846	86.11000061035156	False	1.0	1.0	0.0	0.0	0.0	0.0	0.305718	1.341449	0.864719	0.077922	0.0	0.0	0	0.0	0	0.288079	1.285536	0.871864	0.091398	0.0	0.0	0	0.0	0	0	0.0	0.305718	1.341449	0.864719	0.077922	0.0	0.0	0	none	0	none	0	none	none	max(insertion_type_count,local_deletion_type_count)	background	3	AF_coil;hexamer_coil_fraction_ge_0.8;burial_lt_0.10	False		intermediate	remains unresolved	unresolved_exact_subset_too_small	False	unchanged_or_unresolved	35|36	35	M	36	L	36|37	36	exact_aligned	high	A89 flanking residues align directly to adjacent EV-A71 2C residues	30:DWIKSM|LPQAQL:41	31:WLKEKI|IPAAKE:42	36	37	36-37	insertional_handle_SGRPGSLS	8	-5.476475	0.02246	-5.476475	direct_insert_strongly_deleterious	-4.825452	-4.872581	-5.140243	-5.258244;-5.001948	1AAdel_left_residue	-4.825452	deletion_context_strongly_deleterious	-1.968107	Bakhache_2024_NatMicrobiol_Dryad_10.5061_dryad.866t1g1xm_QVEU_eva71_dimple_c99331a6	direct_experiment_unfavorable	direct_experiment_unfavorable	35|36	35	36	exact_aligned	high	36	36,37	34-39	-1.8247935355789473	2.026512612	0.21052631578947367	-2.111420698315789	1.919644914	0.15789473684210525	38	-1.9681071169473687	-2.928589615	2.026512612	0.18421052631578946	114	-1.3774692488070175	-1.3296201605	2.262158865	0.32456140350877194	exact flank summaries	35	36	0	0.0	0	0	False	0	0.0	0	0	False	0	resolved_by_parsimony	False	direct_insert_strongly_deleterious		0.5339059273027249	0.5652280219740883	0.8054051301390275	0.14389310673993402	0.22535074968844604	0.0	0.10285214025710732	0.8354425296817951	0.8216513342779153	0.18320130258848247	0.19792406261622206	0.0	False	False	True	False	True	2	True	weak_pareto_reviewable_direct_conflicted	blocked_software_unavailable				
36|37	36	37	HIGH_RISK	A89_N-terminal_membrane-binding_by_similarity;A89_N-terminal_oligomerization_by_similarity	False	0.0	0.4173215329647064	0.4541169351606227	0.0	7.54248047418891	24.25704921633069	85.12000274658203	False	1.0	1.0	0.0	0.0	0.0	0.0	0.222882	1.341449	0.902597	0.077922	0.0	0.0	0	0.0	0	0.206534	1.285536	0.906362	0.091398	0.0	0.0	0	0.0	0	0	0.0	0.222882	1.341449	0.902597	0.077922	0.0	0.0	0	none	0	none	0	none	none	max(insertion_type_count,local_deletion_type_count)	structural near-miss	2	AF_coil;hexamer_coil_fraction_ge_0.8	False		conserved	weakens	unresolved_exact_subset_too_small	False	decreased; conserved local window	36|37	36	L	37	P	37|38	37	exact_aligned	high	A89 flanking residues align directly to adjacent EV-A71 2C residues	31:WIKSML|PQAQLK:42	32:LKEKII|PAAKEK:43	37	38	37-38	insertional_handle_SGRPGSLS	8	-5.386052	0.023913	-5.386052	direct_insert_strongly_deleterious	-4.872581	-4.922467	-5.050203	-5.001948;-4.650077	3AAdel_spanning_option_2	-4.650077	deletion_context_strongly_deleterious	-2.769747	Bakhache_2024_NatMicrobiol_Dryad_10.5061_dryad.866t1g1xm_QVEU_eva71_dimple_c99331a6	direct_experiment_unfavorable	direct_experiment_unfavorable	36|37	36	37	exact_aligned	high	37	37,38	35-40	-2.111420698315789	1.919644914	0.15789473684210525	-3.4280735490000005	-0.620305186	0.0	38	-2.7697471236578948	-3.4091021919999998	1.919644914	0.07894736842105263	114	-1.662627181736842	-2.2858392729999997	2.434351082	0.2719298245614035	exact flank summaries	36	37	0	0.0	0	0	False	0	0.0	0	0	False	0	resolved_by_parsimony	False	direct_insert_strongly_deleterious		0.5762532336342572	0.7289587767388999	1.0	0.2624235011013514	0.3667640194901046	0.0	0.11624199419435101	0.7008000372857567	0.8863312303290934	0.12533921575064735	0.13971236864025185	0.0	False	True	True	True	True	4	True	pareto_reviewable_direct_conflicted	blocked_software_unavailable				
37|38	37	38	HIGH_RISK	A89_N-terminal_membrane-binding_by_similarity;A89_N-terminal_oligomerization_by_similarity	False	0.0	0.4173215329647064	0.3825437362105758	0.3428126370245481	3.3957818640344923	20.724569873100688	85.11000061035156	False	1.0	1.0	0.0	0.0	0.0	0.0	0.298126	1.341449	0.835498	0.077922	0.0	0.0	0	0.0	0	0.2784	1.285536	0.83871	0.091398	0.0	0.0	0	0.0	0	0	0.0	0.298126	1.341449	0.835498	0.077922	0.0	0.0	0	none	0	none	0	none	none	max(insertion_type_count,local_deletion_type_count)	background	4	AF_coil;hexamer_coil_fraction_ge_0.8;burial_lt_0.10;interprotomer_distance_gt_4.5A	False		intermediate	remains unresolved	unresolved_exact_subset_too_small	False	unchanged_or_unresolved	37|38	37	P	38	Q	38|39	38	exact_aligned	high	A89 flanking residues align directly to adjacent EV-A71 2C residues	32:IKSMLP|QAQLKI:43	33:KEKIIP|AAKEKV:44	38	39	38-39	insertional_handle_SGRPGSLS	8	-5.373353	0.024125	-5.373353	direct_insert_strongly_deleterious	-4.922467	-4.057165	-3.934312	-4.650077;-4.380337	2AAdel_spanning_junction	-3.934312	deletion_context_strongly_deleterious	-2.195853	Bakhache_2024_NatMicrobiol_Dryad_10.5061_dryad.866t1g1xm_QVEU_eva71_dimple_c99331a6	direct_experiment_unfavorable	direct_experiment_unfavorable	37|38	37	38	exact_aligned	high	38	38,39	36-41	-3.4280735490000005	-0.620305186	0.0	-0.9636316679473683	1.488678675	0.42105263157894735	38	-2.195852608473684	-2.8865592945	1.488678675	0.21052631578947367	114	-1.8764679136491227	-2.759523803	2.434351082	0.2543859649122807	exact flank summaries	37	38	0	0.0	0	0	False	0	0.0	0	0	False	0	resolved_by_parsimony	False	direct_insert_strongly_deleterious		0.5762532336342572	0.614067858752188	0.6571873629754519	0.045487419335148646	0.28669406783988177	0.0	0.11819564115560062	0.599831255443913	0.8863312303290934	0.17789818602958485	0.242831499906254	0.0	False	False	True	True	True	3	True	pareto_reviewable_direct_conflicted	blocked_software_unavailable				
38|39	38	39	HIGH_RISK	A89_N-terminal_membrane-binding_by_similarity;A89_N-terminal_oligomerization_by_similarity	False	0.0	0.3792674541473388	0.3273100939215924	0.3428126370245481	3.3957818640344923	20.724569873100688	85.11000061035156	False	1.0	0.987013	0.0	0.100001	0.0	0.0	0.278937	1.111174	0.837662	0.103896	0.0	0.0	0	0.0	0	0.262485	1.094556	0.840054	0.107527	0.0	0.0	0	0.0	0	0	0.0	0.278937	1.111174	0.837662	0.103896	0.0	0.0	0	none	0	none	0	none	none	max(insertion_type_count,local_deletion_type_count)	background	4	AF_coil;hexamer_coil_fraction_ge_0.8;burial_lt_0.10;interprotomer_distance_gt_4.5A	False		intermediate	remains unresolved	unresolved_exact_subset_too_small	False	unchanged_or_unresolved	38|39	38	Q	39	A	39|40	39	exact_aligned	high	A89 flanking residues align directly to adjacent EV-A71 2C residues	33:KSMLPQ|AQLKID:44	34:EKIIPA|AKEKVE:45	39	40	39-40	insertional_handle_SGRPGSLS	8	-5.45315	0.022826	-5.453150	direct_insert_strongly_deleterious	-4.057165	-4.363459	-4.45295	-4.380337;-4.675315	1AAdel_left_residue	-4.057165	deletion_context_strongly_deleterious	-1.204143	Bakhache_2024_NatMicrobiol_Dryad_10.5061_dryad.866t1g1xm_QVEU_eva71_dimple_c99331a6	direct_experiment_unfavorable	direct_experiment_unfavorable	38|39	38	39	exact_aligned	high	39	39,40	37-42	-0.9636316679473683	1.488678675	0.42105263157894735	-1.4446545808947366	2.434351082	0.3157894736842105	38	-1.2041431244210525	-1.3209875604999999	2.434351082	0.3684210526315789	114	-2.0128394294385967	-2.8487115034999997	2.434351082	0.23684210526315788	exact flank summaries	38	39	0	0.0	0	0	False	0	0.0	0	0	False	0	resolved_by_parsimony	False	direct_insert_strongly_deleterious		0.5237067335394836	0.5254055667291649	0.6571873629754519	0.045487419335148646	0.28669406783988177	0.0	0.10622494586001935	0.5354409697202501	0.8863312303290934	0.16449440525394118	0.23950581993994102	0.0	False	False	False	False	False	0	False	direct_homolog_strongly_unfavorable	blocked_software_unavailable				
39|40	39	40	HIGH_RISK	A89_N-terminal_membrane-binding_by_similarity;A89_N-terminal_oligomerization_by_similarity	False	0.0	0.3792674541473388	0.3273100939215924	0.0	9.46033338977708	22.56688539527572	85.33000183105469	False	0.987013	0.831169	0.100001	0.759595	0.0	0.0	0.313964	1.111174	0.829004	0.103896	0.0	0.0	0	0.0	0	0.294988	1.094556	0.832437	0.107527	0.0	0.0	0	0.0	0	0	0.0	0.313964	1.111174	0.829004	0.103896	0.0	0.0	0	none	0	none	0	none	none	max(insertion_type_count,local_deletion_type_count)	structural near-miss	2	AF_coil;hexamer_coil_fraction_ge_0.8	False		intermediate	remains unresolved	unresolved_exact_subset_too_small	False	unchanged_or_unresolved	39|40	39	A	40	Q	40|41	40	exact_aligned	high	A89 flanking residues align directly to adjacent EV-A71 2C residues	34:SMLPQA|QLKIDY:45	35:KIIPAA|KEKVEF:46	40	41	40-41	insertional_handle_SGRPGSLS	8	-5.360491	0.024341	-5.360491	direct_insert_strongly_deleterious	-4.363459	-5.028557	-4.775992	-4.675315;-4.328824	3AAdel_spanning_option_2	-4.328824	deletion_context_strongly_deleterious	-1.465444	Bakhache_2024_NatMicrobiol_Dryad_10.5061_dryad.866t1g1xm_QVEU_eva71_dimple_c99331a6	direct_experiment_unfavorable	direct_experiment_unfavorable	39|40	39	40	exact_aligned	high	40	40,41	38-43	-1.4446545808947366	2.434351082	0.3157894736842105	-1.4862334501578944	2.026827087	0.42105263157894735	38	-1.4654440155263158	-2.2524870119999996	2.434351082	0.3684210526315789	114	-2.205471781491228	-2.9605947185000003	2.434351082	0.21052631578947367	exact flank summaries	39	40	0	0.0	0	0	False	0	0.0	0	0	False	0	resolved_by_parsimony	False	direct_insert_strongly_deleterious		0.5237067335394836	0.5254055667291649	1.0	0.36275669047102505	0.32845343865339294	0.0	0.12018614938027002	0.44448610926802423	0.8863312303290934	0.18896124715442952	0.25281161344656633	0.0	False	False	False	False	True	1	True	weak_pareto_reviewable_direct_conflicted	blocked_software_unavailable				
40|41	40	41	HIGH_RISK	A89_N-terminal_membrane-binding_by_similarity;A89_N-terminal_oligomerization_by_similarity	False	0.0	0.3778323531150818	0.3341553120273065	0.0	8.648653268484932	24.152726954603747	85.55999755859375	False	0.831169	0.974026	0.759595	0.173781	0.0	0.0	0.351903	1.111174	0.8171	0.103896	0.0	0.0	0	0.0	0	0.331644	1.094556	0.821685	0.107527	0.0	0.0	0	0.0	0	0	0.0	0.351903	1.111174	0.8171	0.103896	0.0	0.0	0	none	0	none	0	none	none	max(insertion_type_count,local_deletion_type_count)	structural near-miss	2	AF_coil;hexamer_coil_fraction_ge_0.8	False		intermediate	remains unresolved	unresolved_exact_subset_too_small	False	unchanged_or_unresolved	40|41	40	Q	41	L	41|42	41	exact_aligned	high	A89 flanking residues align directly to adjacent EV-A71 2C residues	35:MLPQAQ|LKIDYL:46	36:IIPAAK|EKVEFL:47	41	42	41-42	insertional_handle_SGRPGSLS	8	-5.764877	0.018391	-5.764877	direct_insert_strongly_deleterious	-5.028557	-4.825452	-4.84141	-4.328824;-5.208323	3AAdel_spanning_option_1	-4.328824	deletion_context_strongly_deleterious	-2.064628	Bakhache_2024_NatMicrobiol_Dryad_10.5061_dryad.866t1g1xm_QVEU_eva71_dimple_c99331a6	direct_experiment_unfavorable	direct_experiment_unfavorable	40|41	40	41	exact_aligned	high	41	41,42	39-44	-1.4862334501578944	2.026827087	0.42105263157894735	-2.643022630315789	0.203927682	0.10526315789473684	38	-2.0646280402368418	-2.9256658385	2.026827087	0.2631578947368421	114	-1.8316750549035088	-2.633645195	2.434351082	0.2543859649122807	exact flank summaries	40	41	0	0.0	0	0	False	0	0.0	0	0	False	0	resolved_by_parsimony	False	direct_insert_strongly_deleterious		0.5217250921787924	0.5363936656757223	1.0	0.32029334270578247	0.36439936915788773	0.0	0.06535502004331199	0.6209810164941776	0.8863312303290934	0.21546216115970052	0.2711059269026608	0.0	False	False	False	False	True	1	True	weak_pareto_reviewable_direct_conflicted	blocked_software_unavailable				
41|42	41	42	HIGH_RISK	A89_N-terminal_membrane-binding_by_similarity;A89_N-terminal_oligomerization_by_similarity	False	0.0	0.3152824640274048	0.3341553120273065	0.0	8.648653268484932	16.13192447836819	86.0199966430664	False	0.974026	1.0	0.173781	0.0	0.0	0.0	0.533563	2.179913	0.738095	0.051948	0.0	0.0	0	0.0	0	0.5119	2.163079	0.743279	0.05914	0.0	0.0	0	0.0	0	0	0.0	0.533902	2.183979	0.738095	0.051948	0.0	0.0	0	none	0	none	0	none	none	max(insertion_type_count,local_deletion_type_count)	structural near-miss	2	AF_coil;hexamer_coil_fraction_ge_0.8	False		intermediate	remains unresolved	unresolved_exact_subset_too_small	False	unchanged_or_unresolved	41|42	41	L	42	K	42|43	42	exact_aligned	high	A89 flanking residues align directly to adjacent EV-A71 2C residues	36:LPQAQL|KIDYLT:47	37:IPAAKE|KVEFLN:48	42	43	42-43	insertional_handle_SGRPGSLS	8	-5.697888	0.019265	-5.697888	direct_insert_strongly_deleterious	-4.825452	-5.032924	-5.189872	-5.208323;-4.803771	3AAdel_spanning_option_2	-4.803771	deletion_context_strongly_deleterious	-2.955119	Bakhache_2024_NatMicrobiol_Dryad_10.5061_dryad.866t1g1xm_QVEU_eva71_dimple_c99331a6	direct_experiment_unfavorable	direct_experiment_unfavorable	41|42	41	42	exact_aligned	high	42	42,43	40-45	-2.643022630315789	0.203927682	0.10526315789473684	-3.267214810631579	-0.686058484	0.0	38	-2.955118720473684	-3.3380132455	0.203927682	0.05263157894736842	114	-2.01018840595614	-2.837537073	2.434351082	0.21052631578947367	exact flank summaries	41	42	0	0.0	0	0	False	0	0.0	0	0	False	0	resolved_by_parsimony	False	direct_insert_strongly_deleterious		0.43535385800313725	0.5363936656757223	1.0	0.32029334270578247	0.18259355967764443	0.0	0.07340920610053911	0.5366926985619171	0.8863312303290934	0.3425909691948441	0.3925224452661313	0.0	False	False	False	False	True	1	True	weak_pareto_reviewable_direct_conflicted	blocked_software_unavailable				
42|43	42	43	HIGH_RISK	A89_N-terminal_membrane-binding_by_similarity;A89_N-terminal_oligomerization_by_similarity	False	0.0	0.3152824640274048	0.3686150480798408	0.0	8.781699827724397	16.13192447836819	85.93000030517578	False	1.0	0.194805	0.0	0.902932	0.0	0.0	0.656765	2.179913	0.661255	0.051948	0.0	0.0	0	0.0	0	0.630049	2.163079	0.667563	0.05914	0.0	0.0	0	0.0	0	0	0.0	0.657104	2.183979	0.661255	0.051948	0.0	0.0	0	none	0	none	0	none	none	max(insertion_type_count,local_deletion_type_count)	structural near-miss	2	AF_coil;hexamer_coil_fraction_ge_0.8	False		variable	supports	unresolved_exact_subset_too_small	False	outside_strict_review_only; near-miss plus V2 evolutionary support	42|43	42	K	43	I	43|44	43	exact_aligned	high	A89 flanking residues align directly to adjacent EV-A71 2C residues	37:PQAQLK|IDYLTK:48	38:PAAKEK|VEFLNN:49	43	44	43-44	insertional_handle_SGRPGSLS	8	-5.272597	0.02587	-5.272597	direct_insert_strongly_deleterious	-5.032924	-4.862299	-5.015341	-4.803771;-5.088023	3AAdel_spanning_option_1	-4.803771	deletion_context_strongly_deleterious	-2.226254	Bakhache_2024_NatMicrobiol_Dryad_10.5061_dryad.866t1g1xm_QVEU_eva71_dimple_c99331a6	direct_experiment_unfavorable	direct_experiment_unfavorable	42|43	42	43	exact_aligned	high	43	43,44	41-46	-3.267214810631579	-0.686058484	0.0	-1.185293189473684	1.807841218	0.2631578947368421	38	-2.2262540000526316	-3.026902957	1.807841218	0.13157894736842105	114	-2.259441552096491	-2.957163973	2.026827087	0.15789473684210525	exact flank summaries	42	43	0	0.0	0	0	False	0	0.0	0	0	False	0	resolved_by_parsimony	False	direct_insert_strongly_deleterious		0.43535385800313725	0.5917092134887891	1.0	0.32725372299076533	0.18259355967764443	0.0	0.13427636732249	0.4190033027626084	0.733254569291848	0.4286492629631933	0.5106117468426018	0.0	False	False	False	False	False	0	False	direct_homolog_strongly_unfavorable	blocked_software_unavailable				
43|44	43	44	HIGH_RISK	A89_N-terminal_membrane-binding_by_similarity;A89_N-terminal_oligomerization_by_similarity	False	0.0	0.3378402590751648	0.3179676668631598	0.0	8.781699827724397	23.462485336288395	85.93000030517578	False	0.194805	0.103896	0.902932	1.111174	0.0	0.0	0.68781	2.179913	0.656926	0.051948	0.0	0.0	0	0.0	0	0.663503	2.163079	0.662634	0.05914	0.0	0.0	0	0.0	0	0	0.0	0.688149	2.183979	0.656926	0.051948	0.0	0.0	0	none	0	none	0	none	none	max(insertion_type_count,local_deletion_type_count)	structural near-miss	2	AF_coil;hexamer_coil_fraction_ge_0.8	False		variable	supports	unresolved_exact_subset_too_small	False	outside_strict_review_only; near-miss plus V2 evolutionary support	43|44	43	I	44	D	44|45	44	exact_aligned	high	A89 flanking residues align directly to adjacent EV-A71 2C residues	38:QAQLKI|DYLTKL:49	39:AAKEKV|EFLNNL:50	44	45	44-45	insertional_handle_SGRPGSLS	8	-5.635963	0.02011	-5.635963	direct_insert_strongly_deleterious	-4.862299	-4.693834	-4.941745	-5.088023;-4.770342	1AAdel_right_residue	-4.693834	deletion_context_strongly_deleterious	-1.610002	Bakhache_2024_NatMicrobiol_Dryad_10.5061_dryad.866t1g1xm_QVEU_eva71_dimple_c99331a6	direct_experiment_unfavorable	direct_experiment_unfavorable	43|44	43	44	exact_aligned	high	44	44,45	42-47	-1.185293189473684	1.807841218	0.2631578947368421	-2.0347117742631577	1.046732276	0.15789473684210525	38	-1.610002481868421	-1.5361649895	1.807841218	0.21052631578947367	114	-2.4920289659561408	-3.1404425025	1.807841218	0.08771929824561403	exact flank summaries	43	44	0	0.0	0	0	False	0	0.0	0	0	False	0	resolved_by_parsimony	False	direct_insert_strongly_deleterious		0.4665025079364008	0.5104088914832207	1.0	0.32725372299076533	0.34875381043398407	0.0	0.08119614799797263	0.30918293486942816	0.6509977548413034	0.45033462302259486	0.5172646435959145	0.0	False	False	False	False	False	0	False	direct_homolog_strongly_unfavorable	blocked_software_unavailable				
44|45	44	45	HIGH_RISK	A89_N-terminal_membrane-binding_by_similarity;A89_N-terminal_oligomerization_by_similarity	False	0.0	0.0008487476734444	0.0	0.0	9.950103665681892	18.90997415132494	87.5199966430664	False	0.103896	0.883117	1.111174	0.520335	0.0	0.0	0.696143	2.179913	0.655844	0.051948	0.0	0.0	0	0.0	0	0.670649	2.163079	0.661738	0.05914	0.0	0.0	0	0.0	0	0	0.0	0.696482	2.183979	0.655844	0.051948	0.0	0.0	0	none	0	none	0	none	none	max(insertion_type_count,local_deletion_type_count)	background	4	AF_coil;hexamer_coil_fraction_ge_0.8;AF_rSASA_ge_0.25;hexamer_rSASA_ge_0.25	False		variable	supports	unresolved_exact_subset_too_small	False	unchanged_or_unresolved	44|45	44	D	45	Y	45|46	45	exact_aligned	high	A89 flanking residues align directly to adjacent EV-A71 2C residues	39:AQLKID|YLTKLK:50	40:AKEKVE|FLNNLK:51	45	46	45-46	insertional_handle_SGRPGSLS	8	-5.595858	0.020677	-5.595858	direct_insert_strongly_deleterious	-4.693834	-4.604317	-5.215609	-4.770342;-4.630722	1AAdel_right_residue	-4.604317	deletion_context_strongly_deleterious	-2.487443	Bakhache_2024_NatMicrobiol_Dryad_10.5061_dryad.866t1g1xm_QVEU_eva71_dimple_c99331a6	direct_experiment_unfavorable	direct_experiment_unfavorable	44|45	44	45	exact_aligned	high	45	45,46	43-48	-2.0347117742631577	1.046732276	0.15789473684210525	-2.940173457736842	-0.708184377	0.0	38	-2.4874426160000005	-3.1531673985	1.046732276	0.07894736842105263	114	-2.2100443261666665	-3.1128149195	1.989416253	0.14912280701754385	exact flank summaries	44	45	0	0.0	0	0	False	0	0.0	0	0	False	0	resolved_by_parsimony	False	direct_insert_strongly_deleterious		0.0011719826386319048	0.0	1.0	0.38837920481536636	0.24556301579686202	0.0	0.08642123208772981	0.4423270993279263	0.7192020825043186	0.4561553382867274	0.5189274835790709	0.0	False	False	False	False	False	0	False	direct_homolog_strongly_unfavorable	blocked_software_unavailable				
45|46	45	46	HIGH_RISK	A89_N-terminal_membrane-binding_by_similarity;A89_N-terminal_oligomerization_by_similarity	False	0.0	0.0008487476734444	0.0	0.0251178479959423	6.895842084633951	18.90997415132494	88.05999755859375	False	0.883117	0.831169	0.520335	0.655024	0.0	0.0	0.766088	2.179913	0.59632	0.051948	0.0	0.0	0	0.0	0	0.741496	2.163079	0.600806	0.05914	0.0	0.0	0	0.0	0	0	0.0	0.766427	2.183979	0.59632	0.051948	0.0	0.0	0	none	0	none	0	none	none	max(insertion_type_count,local_deletion_type_count)	background	4	AF_coil;hexamer_coil_fraction_ge_0.8;AF_rSASA_ge_0.25;hexamer_rSASA_ge_0.25	False		variable	supports	unresolved_exact_subset_too_small	False	unchanged_or_unresolved	45|46	45	Y	46	L	46|47	46	exact_aligned	high	A89 flanking residues align directly to adjacent EV-A71 2C residues	40:QLKIDY|LTKLKQ:51	41:KEKVEF|LNNLKQ:52	46	47	46-47	insertional_handle_SGRPGSLS	8	-5.340883	0.024674	-5.340883	direct_insert_strongly_deleterious	-4.604317	-4.78161	-4.687699	-4.630722;-4.897835	1AAdel_left_residue	-4.604317	deletion_context_strongly_deleterious	-2.910966	Bakhache_2024_NatMicrobiol_Dryad_10.5061_dryad.866t1g1xm_QVEU_eva71_dimple_c99331a6	direct_experiment_unfavorable	direct_experiment_unfavorable	45|46	45	46	exact_aligned	high	46	46,47	44-49	-2.940173457736842	-0.708184377	0.0	-2.8817579333157894	-0.132503704	0.0	38	-2.910965695526316	-3.4451267740000002	-0.132503704	0.0	114	-1.974863093350877	-2.6327848549999997	1.989416253	0.20175438596491227	exact flank summaries	45	46	0	0.0	0	0	False	0	0.0	0	0	False	0	resolved_by_parsimony	False	direct_insert_strongly_deleterious		0.0011719826386319048	0.0	0.9748821520040577	0.22859437298334806	0.24556301579686202	0.0	0.12325484955996868	0.5533721859076621	0.7192020825043186	0.5050128840865291	0.6104051981422911	0.0	False	False	True	False	True	2	True	weak_pareto_reviewable_direct_conflicted	blocked_software_unavailable				
46|47	46	47	HIGH_RISK	A89_N-terminal_membrane-binding_by_similarity;A89_N-terminal_oligomerization_by_similarity	False	0.0	0.330196738243103	0.3015147251869315	0.0251178479959423	6.895842084633951	20.024468182104204	88.05999755859375	False	0.831169	0.051948	0.655024	2.179913	0.0	0.0	0.702788	2.179913	0.61039	0.051948	0.0	0.0	0	0.0	0	0.683142	2.163079	0.613351	0.05914	0.0	0.0	0	0.0	0	0	0.0	0.703127	2.183979	0.61039	0.051948	0.0	0.0	0	none	0	none	0	none	none	max(insertion_type_count,local_deletion_type_count)	structural near-miss	2	AF_coil;hexamer_coil_fraction_ge_0.8	False		variable	supports	unresolved_exact_subset_too_small	False	outside_strict_review_only; near-miss plus V2 evolutionary support	46|47	46	L	47	T	47|48	47	exact_aligned	high	A89 flanking residues align directly to adjacent EV-A71 2C residues	41:LKIDYL|TKLKQL:52	42:EKVEFL|NNLKQL:53	47	48	47-48	insertional_handle_SGRPGSLS	8	-5.559395	0.021206	-5.559395	direct_insert_strongly_deleterious	-4.78161	-4.846673	-5.148041	-4.897835;-4.851909	1AAdel_left_residue	-4.78161	deletion_context_strongly_deleterious	-1.916436	Bakhache_2024_NatMicrobiol_Dryad_10.5061_dryad.866t1g1xm_QVEU_eva71_dimple_c99331a6	direct_experiment_unfavorable	direct_experiment_unfavorable	46|47	46	47	exact_aligned	high	47	47,48	45-50	-2.8817579333157894	-0.132503704	0.0	-0.9511147915789473	1.989416253	0.47368421052631576	38	-1.9164363624473686	-3.1137814895	1.989416253	0.23684210526315788	114	-2.1948525665350873	-3.0270993754999997	1.989416253	0.17543859649122806	exact flank summaries	46	47	0	0.0	0	0	False	0	0.0	0	0	False	0	resolved_by_parsimony	False	direct_insert_strongly_deleterious		0.45594804753140916	0.48399825732834667	0.9748821520040577	0.22859437298334806	0.27082501296323797	0.0	0.09129613417499884	0.44950016430164635	0.7192020825043186	0.46079696230330724	0.58878213107851	0.0	False	False	False	False	False	0	False	direct_homolog_strongly_unfavorable	blocked_software_unavailable				
47|48	47	48	HIGH_RISK	A89_N-terminal_membrane-binding_by_similarity;A89_N-terminal_oligomerization_by_similarity	False	0.0	0.2257784754037857	0.2030699724531443	0.0	8.836898446920639	25.382761688666463	88.08000183105469	False	0.051948	0.077922	2.179913	1.478425	0.0	0.0	0.82145	2.179913	0.57684	0.051948	0.0	0.0	0	0.0	0	0.798241	2.163079	0.581541	0.05914	0.0	0.0	0	0.0	0	0	0.0	0.821789	2.183979	0.57684	0.051948	0.0	0.0	0	none	0	none	0	none	none	max(insertion_type_count,local_deletion_type_count)	background	4	AF_coil;hexamer_coil_fraction_ge_0.8;AF_rSASA_ge_0.25;hexamer_rSASA_ge_0.25	False		variable	supports	unresolved_exact_subset_too_small	False	unchanged_or_unresolved	47|48	47	T	48	K	48|49	48	exact_aligned	high	A89 flanking residues align directly to adjacent EV-A71 2C residues	42:KIDYLT|KLKQLN:53	43:KVEFLN|NLKQLP:54	48	49	48-49	insertional_handle_SGRPGSLS	8	-5.60096	0.020604	-5.600960	direct_insert_strongly_deleterious	-4.846673	-5.019766	-5.328743	-4.851909;-4.941745	1AAdel_left_residue	-4.846673	deletion_context_strongly_deleterious	-1.403621	Bakhache_2024_NatMicrobiol_Dryad_10.5061_dryad.866t1g1xm_QVEU_eva71_dimple_c99331a6	direct_experiment_unfavorable	direct_experiment_unfavorable	47|48	47	48	exact_aligned	high	48	48,49	46-51	-0.9511147915789473	1.989416253	0.47368421052631576	-1.8561274137368422	0.914163792	0.3157894736842105	38	-1.4036211026578946	-1.556642461	1.989416253	0.39473684210526316	114	-2.2648389382894734	-3.170244253	1.989416253	0.17543859649122806	exact flank summaries	47	48	0	0.0	0	0	False	0	0.0	0	0	False	0	resolved_by_parsimony	False	direct_insert_strongly_deleterious		0.31176339167585526	0.3259725133560315	1.0	0.33014145930659355	0.392280302665185	0.0	0.0857485140303184	0.4164548289327537	0.7192020825043186	0.5436840035456559	0.6403424651218544	0.0	False	False	False	False	False	0	False	direct_homolog_strongly_unfavorable	blocked_software_unavailable				
48|49	48	49	HIGH_RISK	A89_N-terminal_membrane-binding_by_similarity;A89_N-terminal_oligomerization_by_similarity	False	0.0	0.1425718367099762	0.1294613453879285	0.0464073114752538	6.384070366179198	20.02653291143536	88.16000366210938	False	0.077922	0.948052	1.478425	0.372537	0.0	0.0	0.890313	2.179913	0.555195	0.051948	0.0	0.0	0	0.0	0	0.864014	2.163079	0.561828	0.05914	0.0	0.0	0	0.0	0	0	0.0	0.890101	2.183979	0.555556	0.051948	0.0	0.0	0	none	0	none	0	none	none	max(insertion_type_count,local_deletion_type_count)	background	4	AF_coil;hexamer_coil_fraction_ge_0.8;AF_rSASA_ge_0.25;hexamer_rSASA_ge_0.25	False		variable	supports	unresolved_exact_subset_too_small	False	unchanged_or_unresolved	48|49	48	K	49	L	49|50	49	exact_aligned	high	A89 flanking residues align directly to adjacent EV-A71 2C residues	43:IDYLTK|LKQLNL:54	44:VEFLNN|LKQLPL:55	49	50	49-50	insertional_handle_SGRPGSLS	8	-5.747447	0.018614	-5.747447	direct_insert_strongly_deleterious	-5.019766	-5.219232	-5.124464	-4.941745;-4.820076	3AAdel_spanning_option_2	-4.820076	deletion_context_strongly_deleterious	-2.180679	Bakhache_2024_NatMicrobiol_Dryad_10.5061_dryad.866t1g1xm_QVEU_eva71_dimple_c99331a6	direct_experiment_unfavorable	direct_experiment_unfavorable	48|49	48	49	exact_aligned	high	49	49,50	47-52	-1.8561274137368422	0.914163792	0.3157894736842105	-2.505230028578947	1.416192694	0.10526315789473684	38	-2.180678721157895	-2.8719779384999997	1.416192694	0.21052631578947367	114	-1.9720765464122805	-2.9258186444999996	1.989416253	0.23684210526315788	exact flank summaries	48	49	0	0.0	0	0	False	0	0.0	0	0	False	0	resolved_by_parsimony	False	direct_insert_strongly_deleterious		0.19686854245368468	0.2078142801161487	0.9535926885247462	0.20182084498002012	0.2708718137401578	0.0	0.06741003547896603	0.5546879046083006	0.7192020825043186	0.5914008763553787	0.6730521566204697	0.0	False	False	False	False	False	0	False	direct_homolog_strongly_unfavorable	blocked_software_unavailable				
49|50	49	50	HIGH_RISK	A89_N-terminal_membrane-binding_by_similarity;A89_N-terminal_oligomerization_by_similarity	False	0.0	0.1425718367099762	0.1294613453879285	0.2538375144473472	3.3957818640344923	20.02653291143536	87.11000061035156	False	0.948052	0.987013	0.372537	0.100001	0.0	0.0	0.858232	2.179913	0.614719	0.051948	0.0	0.0	0	0.0	0	0.834902	2.163079	0.621864	0.05914	0.0	0.0	0	0.0	0	0	0.0	0.85802	2.183979	0.615079	0.051948	0.0	0.0	0	none	0	none	0	none	none	max(insertion_type_count,local_deletion_type_count)	background	6	AF_coil;hexamer_coil_fraction_ge_0.8;AF_rSASA_ge_0.25;hexamer_rSASA_ge_0.25;burial_lt_0.10;interprotomer_distance_gt_4.5A	False		variable	supports	unresolved_exact_subset_too_small	False	unchanged_or_unresolved	49|50	49	L	50	K	50|51	50	exact_aligned	high	A89 flanking residues align directly to adjacent EV-A71 2C residues	44:DYLTKL|KQLNLL:55	45:EFLNNL|KQLPLL:56	50	51	50-51	insertional_handle_SGRPGSLS	8	-5.595858	0.020677	-5.595858	direct_insert_strongly_deleterious	-5.219232	-4.476028	-5.037272	-4.820076;-4.718004	1AAdel_right_residue	-4.476028	deletion_context_strongly_deleterious	-2.47993	Bakhache_2024_NatMicrobiol_Dryad_10.5061_dryad.866t1g1xm_QVEU_eva71_dimple_c99331a6	direct_experiment_unfavorable	direct_experiment_unfavorable	49|50	49	50	exact_aligned	high	50	50,51	48-53	-2.505230028578947	1.416192694	0.10526315789473684	-2.454630004789474	1.661294607	0.15789473684210525	38	-2.479930016684211	-3.309903011	1.661294607	0.13157894736842105	114	-1.948598376342105	-2.8721032859999998	1.989416253	0.24561403508771928	exact flank summaries	49	50	0	0.0	0	0	False	0	0.0	0	0	False	0	resolved_by_parsimony	False	direct_insert_strongly_deleterious		0.19686854245368468	0.2078142801161487	0.7461624855526527	0.045487419335148646	0.2708718137401578	0.0	0.08642123208772981	0.5657735486325348	0.7192020825043186	0.5689918560279295	0.5815759788779363	0.0	False	False	False	False	False	0	False	direct_homolog_strongly_unfavorable	blocked_software_unavailable				
50|51	50	51	HIGH_RISK	A89_N-terminal_membrane-binding_by_similarity;A89_N-terminal_oligomerization_by_similarity	True	0.6666666666666666	0.3757533133029938	0.3327042191116898	0.2538375144473472	3.3957818640344923	24.41230271196968	87.11000061035156	False	0.987013	0.272727	0.100001	0.939339	0.0	0.0	0.765634	2.179913	0.689394	0.051948	0.0	0.0	0	0.0	0	0.743689	2.163079	0.696237	0.05914	0.0	0.0	0	0.0	0	0	0.0	0.765422	2.183979	0.689755	0.051948	0.0	0.0	0	none	0	none	0	none	none	max(insertion_type_count,local_deletion_type_count)	background	3	hexamer_coil_fraction_ge_0.8;burial_lt_0.10;interprotomer_distance_gt_4.5A	False		variable	supports	unresolved_exact_subset_too_small	False	unchanged_or_unresolved	50|51	50	K	51	Q	51|52	51	exact_aligned	high	A89 flanking residues align directly to adjacent EV-A71 2C residues	45:YLTKLK|QLNLLE:56	46:FLNNLK|QLPLLE:57	51	52	51-52	insertional_handle_SGRPGSLS	8	-5.559395	0.021206	-5.559395	direct_insert_strongly_deleterious	-4.476028	-4.437263	-5.178636	-4.718004;-4.922467	1AAdel_right_residue	-4.437263	deletion_context_strongly_deleterious	-1.819115	Bakhache_2024_NatMicrobiol_Dryad_10.5061_dryad.866t1g1xm_QVEU_eva71_dimple_c99331a6	direct_experiment_unfavorable	direct_experiment_unfavorable	50|51	50	51	exact_aligned	high	51	51,52	49-54	-2.454630004789474	1.661294607	0.15789473684210525	-1.1835991064736842	1.33355928	0.3684210526315789	38	-1.8191145556315789	-2.918912453	1.661294607	0.2631578947368421	114	-2.014257414640351	-2.8993287215	2.06477518	0.23684210526315788	exact flank summaries	50	51	0	0.0	0	0	False	0	0.0	0	0	False	0	resolved_by_parsimony	False	direct_insert_strongly_deleterious		0.5188542759856787	0.5340643385029132	0.7461624855526527	0.045487419335148646	0.3702831171780123	0.6666666666666666	0.09129613417499884	0.5347714422770424	0.7475088645982405	0.5043108777454212	0.46681235726777864	0.0	False	False	True	False	True	2	True	weak_pareto_reviewable_direct_conflicted	blocked_software_unavailable				
51|52	51	52	HIGH_RISK	A89_N-terminal_membrane-binding_by_similarity;A89_N-terminal_oligomerization_by_similarity	False	0.0	0.0175236277282238	0.0110059935803437	0.0	6.412801823643846	20.71853776333036	88.37000274658203	False	0.272727	1.0	0.939339	0.0	0.0	0.0	0.722273	2.179913	0.699134	0.051948	0.0	0.0	0	0.0	0	0.704041	2.163079	0.704749	0.05914	0.0	0.0	0	0.0	0	0	0.0	0.722061	2.183979	0.699495	0.051948	0.0	0.0	0	none	0	none	0	none	none	max(insertion_type_count,local_deletion_type_count)	background	4	AF_coil;hexamer_coil_fraction_ge_0.8;AF_rSASA_ge_0.25;hexamer_rSASA_ge_0.25	False		variable	supports	unresolved_exact_subset_too_small	False	unchanged_or_unresolved	51|52	51	Q	52	L	52|53	52	exact_aligned	high	A89 flanking residues align directly to adjacent EV-A71 2C residues	46:LTKLKQ|LNLLEK:57	47:LNNLKQ|LPLLEN:58	52	53	52-53	insertional_handle_SGRPGSLS	8	-5.300473	0.025375	-5.300473	direct_insert_strongly_deleterious	-4.437263	-4.337596	-4.556363	-4.922467;-4.527891	1AAdel_right_residue	-4.337596	deletion_context_strongly_deleterious	-1.962244	Bakhache_2024_NatMicrobiol_Dryad_10.5061_dryad.866t1g1xm_QVEU_eva71_dimple_c99331a6	direct_experiment_unfavorable	direct_experiment_unfavorable	51|52	51	52	exact_aligned	high	52	52,53	50-55	-1.1835991064736842	1.33355928	0.3684210526315789	-2.7408889128947367	1.205694563	0.05263157894736842	38	-1.9622440096842104	-2.8386143280000002	1.33355928	0.21052631578947367	114	-2.2393729435526315	-3.064436592	2.06477518	0.19298245614035087	exact flank summaries	51	52	0	0.0	0	0	False	0	0.0	0	0	False	0	resolved_by_parsimony	False	direct_insert_strongly_deleterious		0.024197282780148096	0.01766706985786777	1.0	0.20332394187511396	0.2865573393014447	0.0	0.1297147859742893	0.42847906044363576	0.7475088645982405	0.474022622067028	0.45184372377799703	0.0	False	False	False	False	False	0	False	direct_homolog_strongly_unfavorable	blocked_software_unavailable				
52|53	52	53	HIGH_RISK	A89_N-terminal_membrane-binding_by_similarity;A89_N-terminal_oligomerization_by_similarity	False	0.0	0.0175236277282238	0.0110059935803437	0.8349649544852223	2.77891632887036	20.71853776333036	88.37000274658203	False	1.0	0.571429	0.0	1.597722	0.0	0.0	0.708795	2.179913	0.705628	0.051948	0.0	0.0	0	0.0	0	0.693354	2.163079	0.710125	0.05914	0.0	0.0	0	0.0	0	0	0.0	0.708583	2.183979	0.705989	0.051948	0.0	0.0	0	none	0	none	0	none	none	max(insertion_type_count,local_deletion_type_count)	background	6	AF_coil;hexamer_coil_fraction_ge_0.8;AF_rSASA_ge_0.25;hexamer_rSASA_ge_0.25;burial_lt_0.10;interprotomer_distance_gt_4.5A	False		intermediate	remains unresolved	unresolved_exact_subset_too_small	False	unchanged_or_unresolved	52|53	52	L	53	N	53|54	53	exact_aligned	high	A89 flanking residues align directly to adjacent EV-A71 2C residues	47:TKLKQL|NLLEKQ:58	48:NNLKQL|PLLENQ:59	53	54	53-54	insertional_handle_SGRPGSLS	8	-5.764877	0.018391	-5.764877	direct_insert_strongly_deleterious	-4.337596	-4.650077	-4.505993	-4.527891;-4.498585	1AAdel_left_residue	-4.337596	deletion_context_strongly_deleterious	-2.042979	Bakhache_2024_NatMicrobiol_Dryad_10.5061_dryad.866t1g1xm_QVEU_eva71_dimple_c99331a6	direct_experiment_unfavorable	direct_experiment_unfavorable	52|53	52	53	exact_aligned	high	53	53,54	51-56	-2.7408889128947367	1.205694563	0.05263157894736842	-1.345069021368421	2.06477518	0.42105263157894735	38	-2.042978967131579	-2.939307435	2.06477518	0.23684210526315788	114	-2.2956448285877196	-3.1218792825	2.06477518	0.19298245614035087	exact flank summaries	52	53	0	0.0	0	0	False	0	0.0	0	0	False	0	resolved_by_parsimony	False	direct_insert_strongly_deleterious		0.024197282780148096	0.01766706985786777	0.16503504551477766	0.013215869180184444	0.2865573393014447	0.0	0.06535502004331199	0.40190926883691885	0.7475088645982405	0.46460805344468575	0.44186361023768467	0.0	False	False	False	False	False	0	False	direct_homolog_strongly_unfavorable	blocked_software_unavailable				
53|54	53	54	HIGH_RISK	A89_N-terminal_membrane-binding_by_similarity;A89_N-terminal_oligomerization_by_similarity	False	0.0	0.4748033583164215	0.108179811330942	0.8349649544852223	2.77891632887036	22.75715068051648	87.80000305175781	False	0.571429	0.74026	1.597722	0.826354	0.0	0.0	0.631672	1.597722	0.756494	0.077922	0.0	0.0	0	0.0	0	0.616876	1.531	0.760753	0.091398	0.0	0.0	0	0.0	0	0	0.0	0.63191	1.597722	0.756494	0.077922	0.0	0.0	0	none	0	none	0	none	none	max(insertion_type_count,local_deletion_type_count)	background	5	AF_coil;hexamer_coil_fraction_ge_0.8;hexamer_rSASA_ge_0.25;burial_lt_0.10;interprotomer_distance_gt_4.5A	False		intermediate	remains unresolved	unresolved_exact_subset_too_small	False	unchanged_or_unresolved	53|54	53	N	54	L	54|55	54	exact_aligned	high	A89 flanking residues align directly to adjacent EV-A71 2C residues	48:KLKQLN|LLEKQI:59	49:NLKQLP|LLENQI:60	54	55	54-55	insertional_handle_SGRPGSLS	8	-5.595858	0.020677	-5.595858	direct_insert_strongly_deleterious	-4.650077	-4.809236	-4.798277	-4.498585;-4.705992	3AAdel_spanning_option_1	-4.498585	deletion_context_strongly_deleterious	-2.275945	Bakhache_2024_NatMicrobiol_Dryad_10.5061_dryad.866t1g1xm_QVEU_eva71_dimple_c99331a6	direct_experiment_unfavorable	direct_experiment_unfavorable	53|54	53	54	exact_aligned	high	54	54,55	52-57	-1.345069021368421	2.06477518	0.42105263157894735	-3.206820587210526	0.758686739	0.05263157894736842	38	-2.275944804289474	-3.042041232	2.06477518	0.23684210526315788	114	-2.378052193622807	-3.0866914879999996	2.06477518	0.16666666666666666	exact flank summaries	53	54	0	0.0	0	0	False	0	0.0	0	0	False	0	resolved_by_parsimony	False	direct_insert_strongly_deleterious		0.6556262952129579	0.17365268024579594	0.16503504551477766	0.013215869180184444	0.33276614106710717	0.0	0.08642123208772981	0.36299913610410495	0.7475088645982405	0.4110509069852076	0.3642464814490375	0.0	False	False	False	True	True	2	True	weak_pareto_reviewable_direct_conflicted	blocked_software_unavailable				
54|55	54	55	HIGH_RISK	A89_N-terminal_membrane-binding_by_similarity;A89_N-terminal_oligomerization_by_similarity	False	0.0	0.0256595984101295	0.0193748912012596	0.0	6.675570779982434	26.95524225194933	86.8499984741211	False	0.74026	0.909091	0.826354	0.517962	0.0	0.0	0.577333	1.597722	0.811688	0.272727	0.0	0.0	0	0.0	0	0.565248	1.531	0.816308	0.258065	0.0	0.0	0	0.0	0	0	0.0	0.577571	1.597722	0.811688	0.272727	0.0	0.0	0	none	0	none	0	none	none	max(insertion_type_count,local_deletion_type_count)	background	4	AF_coil;hexamer_coil_fraction_ge_0.8;AF_rSASA_ge_0.25;hexamer_rSASA_ge_0.25	False		intermediate	remains unresolved	unresolved_exact_subset_too_small	False	unchanged_or_unresolved	54|55	54	L	55	L	55|56	55	exact_aligned	high	A89 flanking residues align directly to adjacent EV-A71 2C residues	49:LKQLNL|LEKQIE:60	50:LKQLPL|LENQIS:61	55	56	55-56	insertional_handle_SGRPGSLS	8	-5.621111	0.020318	-5.621111	direct_insert_strongly_deleterious	-4.809236	-5.075574	-5.050203	-4.705992;-4.841410	3AAdel_spanning_option_1	-4.705992	deletion_context_strongly_deleterious	-3.024841	Bakhache_2024_NatMicrobiol_Dryad_10.5061_dryad.866t1g1xm_QVEU_eva71_dimple_c99331a6	direct_experiment_unfavorable	direct_experiment_unfavorable	54|55	54	55	exact_aligned	high	55	55,56	53-58	-3.206820587210526	0.758686739	0.05263157894736842	-2.8428613387894734	0.946679089	0.10526315789473684	38	-3.0248409630000004	-3.4353882875	0.946679089	0.07894736842105263	114	-2.66471256822807	-3.208032374	2.06477518	0.11403508771929824	exact flank summaries	54	55	0	0.0	0	0	False	0	0.0	0	0	False	0	resolved_by_parsimony	False	direct_insert_strongly_deleterious		0.03543173641807762	0.03110101362884418	1.0	0.21707079766499368	0.42792338233790206	0.0	0.08311293369580242	0.22764723860829494	0.7475088645982405	0.37309436711508925	0.2794232004598168	0.0	False	False	False	False	False	0	False	direct_homolog_strongly_unfavorable	blocked_software_unavailable				
55|56	55	56	HIGH_RISK	A89_N-terminal_membrane-binding_by_similarity;A89_N-terminal_oligomerization_by_similarity	False	0.0	0.0256595984101295	0.0193748912012596	0.3419370941955444	3.777539486036115	20.67043017542177	86.75	False	0.909091	1.0	0.517962	0.0	0.0	0.0	0.724516	2.138732	0.737013	0.051948	0.0	0.0	0	0.0	0	0.709628	2.134017	0.74328	0.064516	0.0	0.0	0	0.0	0	0	0.0	0.724753	2.138732	0.737013	0.051948	0.0	0.0	0	none	0	none	0	none	none	max(insertion_type_count,local_deletion_type_count)	background	6	AF_coil;hexamer_coil_fraction_ge_0.8;AF_rSASA_ge_0.25;hexamer_rSASA_ge_0.25;burial_lt_0.10;interprotomer_distance_gt_4.5A	False		intermediate	remains unresolved	unresolved_exact_subset_too_small	False	unchanged_or_unresolved	55|56	55	L	56	E	56|57	56	exact_aligned	high	A89 flanking residues align directly to adjacent EV-A71 2C residues	50:KQLNLL|EKQIET:61	51:KQLPLL|ENQISN:62	56	57	56-57	insertional_handle_SGRPGSLS	8	-5.575185	0.020975	-5.575185	direct_insert_strongly_deleterious	-5.075574	-4.637215	-4.983807	-4.841410;-4.979220	1AAdel_right_residue	-4.637215	deletion_context_strongly_deleterious	-2.895968	Bakhache_2024_NatMicrobiol_Dryad_10.5061_dryad.866t1g1xm_QVEU_eva71_dimple_c99331a6	direct_experiment_unfavorable	direct_experiment_unfavorable	55|56	55	56	exact_aligned	high	56	56,57	54-59	-2.8428613387894734	0.946679089	0.10526315789473684	-2.949074195	-0.563068623	0.0	38	-2.895967766894737	-3.2616247400000002	0.946679089	0.05263157894736842	114	-2.731498148745614	-3.2616247400000002	2.06477518	0.10526315789473684	exact flank summaries	55	56	0	0.0	0	0	False	0	0.0	0	0	False	0	resolved_by_parsimony	False	direct_insert_strongly_deleterious		0.03543173641807762	0.03110101362884418	0.6580629058044556	0.06545921147326382	0.28546689492411753	0.0	0.08916739621250519	0.19611321490217098	0.7475088645982405	0.47590302114191635	0.39418528524928764	0.0	False	False	False	False	False	0	False	direct_homolog_strongly_unfavorable	blocked_software_unavailable				
56|57	56	57	HIGH_RISK	A89_N-terminal_membrane-binding_by_similarity;A89_N-terminal_oligomerization_by_similarity	False	0.0	0.235518530011177	0.181070453204738	0.3620447603734189	2.610017448031644	20.67043017542177	84.7699966430664	False	1.0	1.0	0.0	0.0	0.0	0.0	0.745076	2.138732	0.660173	0.051948	0.0	0.0	0	0.0	0	0.73459	2.134017	0.667115	0.064516	0.0	0.0	0	0.0	0	0	0.0	0.745314	2.138732	0.660173	0.051948	0.0	0.0	0	none	0	none	0	none	none	max(insertion_type_count,local_deletion_type_count)	background	6	AF_coil;hexamer_coil_fraction_ge_0.8;AF_rSASA_ge_0.25;hexamer_rSASA_ge_0.25;burial_lt_0.10;interprotomer_distance_gt_4.5A	False		variable	supports	unresolved_exact_subset_too_small	False	unchanged_or_unresolved	56|57	56	E	57	K	57|58	57	exact_aligned	high	A89 flanking residues align directly to adjacent EV-A71 2C residues	51:QLNLLE|KQIETI:62	52:QLPLLE|NQISNL:63	57	58	57-58	insertional_handle_SGRPGSLS	8	-5.585575	0.020824	-5.585575	direct_insert_strongly_deleterious	-4.637215	-4.630722	-5.148041	-4.979220;-4.892835	1AAdel_right_residue	-4.630722	deletion_context_strongly_deleterious	-2.926318	Bakhache_2024_NatMicrobiol_Dryad_10.5061_dryad.866t1g1xm_QVEU_eva71_dimple_c99331a6	direct_experiment_unfavorable	direct_experiment_unfavorable	56|57	56	57	exact_aligned	high	57	57,58	55-60	-2.949074195	-0.563068623	0.0	-2.903561354105263	1.006309041	0.05263157894736842	38	-2.926317774552632	-3.1875734215	1.006309041	0.02631578947368421	114	-2.802445804798246	-3.2903652635	1.347177325	0.08771929824561403	exact flank summaries	56	57	0	0.0	0	0	False	0	0.0	0	0	False	0	resolved_by_parsimony	False	direct_insert_strongly_deleterious		0.3252128245949042	0.29065838741512184	0.6379552396265811	0.00437986134153339	0.28546689492411753	0.0	0.08777588351840758	0.1626139917087763	0.47796035958103433	0.4902651628130827	0.5122745868257583	0.0	False	False	False	False	False	0	False	direct_homolog_strongly_unfavorable	blocked_software_unavailable				
57|58	57	58	HIGH_RISK	A89_N-terminal_membrane-binding_by_similarity;A89_N-terminal_oligomerization_by_similarity	False	0.0	0.3012292683124542	0.2781775891339337	0.3620447603734189	2.610017448031644	27.38120167106153	84.7699966430664	False	1.0	0.909091	0.0	0.493285	0.0	0.0	0.689572	2.138732	0.717533	0.051948	0.0	0.0	0	0.0	0	0.676198	2.134017	0.726255	0.064516	0.0	0.0	0	0.0	0	0	0.0	0.68981	2.138732	0.717533	0.051948	0.0	0.0	0	none	0	none	0	none	none	max(insertion_type_count,local_deletion_type_count)	background	4	AF_coil;hexamer_coil_fraction_ge_0.8;burial_lt_0.10;interprotomer_distance_gt_4.5A	False		intermediate	remains unresolved	unresolved_exact_subset_too_small	False	unchanged_or_unresolved	57|58	57	K	58	Q	58|59	58	exact_aligned	high	A89 flanking residues align directly to adjacent EV-A71 2C residues	52:LNLLEK|QIETIR:63	53:LPLLEN|QISNLE:64	58	59	58-59	insertional_handle_SGRPGSLS	8	-5.743042	0.018671	-5.743042	direct_insert_strongly_deleterious	-4.630722	-4.513346	-5.265176	-4.892835;-5.045911	1AAdel_right_residue	-4.513346	deletion_context_strongly_deleterious	-3.022582	Bakhache_2024_NatMicrobiol_Dryad_10.5061_dryad.866t1g1xm_QVEU_eva71_dimple_c99331a6	direct_experiment_unfavorable	direct_experiment_unfavorable	57|58	57	58	exact_aligned	high	58	58,59	56-61	-2.903561354105263	1.006309041	0.05263157894736842	-3.1416023959999997	-0.257078788	0.0	38	-3.0225818750526314	-3.4073630695	1.006309041	0.02631578947368421	114	-2.3485900123947374	-3.1352816675	1.864566697	0.16666666666666666	exact flank summaries	57	58	0	0.0	0	0	False	0	0.0	0	0	False	0	resolved_by_parsimony	False	direct_insert_strongly_deleterious		0.4159486779825793	0.4465369586349486	0.6379552396265811	0.00437986134153339	0.4375785131339634	0.0	0.06793530848269824	0.37691023958004183	0.6723053269783954	0.4514948543982968	0.42412255222885104	0.0	False	False	False	False	False	0	False	direct_homolog_strongly_unfavorable	blocked_software_unavailable				
58|59	58	59	HIGH_RISK	A89_N-terminal_membrane-binding_by_similarity;A89_N-terminal_oligomerization_by_similarity	False	0.0	0.0802377611398696	0.0169589600183838	0.8653690719572652	2.859982636813903	25.912168708251315	86.20999908447266	False	0.909091	0.662338	0.493285	1.254438	0.0	0.0	0.904798	2.582712	0.65368	0.051948	0.0	0.0	0	0.0	0	0.895728	2.634363	0.661738	0.064516	0.0	0.0	0	0.0	0	0	0.0	0.905874	2.592765	0.65368	0.051948	0.0	0.0	0	none	0	none	0	none	none	max(insertion_type_count,local_deletion_type_count)	background	6	AF_coil;hexamer_coil_fraction_ge_0.8;AF_rSASA_ge_0.25;hexamer_rSASA_ge_0.25;burial_lt_0.10;interprotomer_distance_gt_4.5A	False		variable	supports	unresolved_exact_subset_too_small	False	unchanged_or_unresolved	58|59	58	Q	59	I	59|60	59	exact_aligned	high	A89 flanking residues align directly to adjacent EV-A71 2C residues	53:NLLEKQ|IETIRL:64	54:PLLENQ|ISNLEQ:65	59	60	59-60	insertional_handle_SGRPGSLS	8	-5.782008	0.018174	-5.782008	direct_insert_strongly_deleterious	-4.513346	-4.753199	-5.261716	-5.045911;-4.669065	1AAdel_left_residue	-4.513346	deletion_context_strongly_deleterious	-2.456179	Bakhache_2024_NatMicrobiol_Dryad_10.5061_dryad.866t1g1xm_QVEU_eva71_dimple_c99331a6	direct_experiment_unfavorable	direct_experiment_unfavorable	58|59	58	59	exact_aligned	high	59	59,60	57-62	-3.1416023959999997	-0.257078788	0.0	-1.7707549576842108	1.347177325	0.3157894736842105	38	-2.4561786768421054	-3.255966604	1.347177325	0.15789473684210525	114	-1.9850057514035087	-2.8859115204999997	2.245010363	0.22807017543859648	exact flank summaries	58	59	0	0.0	0	0	False	0	0.0	0	0	False	0	resolved_by_parsimony	False	direct_insert_strongly_deleterious		0.110795311681972	0.027222906244164513	0.1346309280427348	0.01745688326436688	0.40428025803440387	0.0	0.06335529650278762	0.5485831458634451	0.8152099088400082	0.6024185340850273	0.5222531635453838	0.0	False	False	False	False	False	0	False	direct_homolog_strongly_unfavorable	blocked_software_unavailable				
59|60	59	60	HIGH_RISK	A89_N-terminal_membrane-binding_by_similarity;A89_N-terminal_oligomerization_by_similarity	False	0.0	0.0802377611398696	0.0169589600183838	0.8653690719572652	2.859982636813903	25.912168708251315	80.11000061035156	False	0.662338	0.74026	1.254438	0.826354	0.0	0.0	0.771655	2.582712	0.689394	0.051948	0.0	0.0	0	0.0	0	0.768145	2.634363	0.695341	0.064516	0.0	0.0	0	0.0	0	0	0.0	0.77273	2.592765	0.689394	0.051948	0.0	0.0	0	none	0	none	0	none	none	max(insertion_type_count,local_deletion_type_count)	background	6	AF_coil;hexamer_coil_fraction_ge_0.8;AF_rSASA_ge_0.25;hexamer_rSASA_ge_0.25;burial_lt_0.10;interprotomer_distance_gt_4.5A	False		variable	supports	unresolved_exact_subset_too_small	False	unchanged_or_unresolved	59|60	59	I	60	E	60|61	60	exact_aligned	high	A89 flanking residues align directly to adjacent EV-A71 2C residues	54:LLEKQI|ETIRLA:65	55:LLENQI|SNLEQS:66	60	61	60-61	insertional_handle_SGRPGSLS	8	-5.909417	0.016638	-5.909417	direct_insert_strongly_deleterious	-4.753199	-4.787196	-5.309102	-4.669065;-4.846673	3AAdel_spanning_option_1	-4.669065	deletion_context_strongly_deleterious	-1.12722	Bakhache_2024_NatMicrobiol_Dryad_10.5061_dryad.866t1g1xm_QVEU_eva71_dimple_c99331a6	direct_experiment_unfavorable	direct_experiment_unfavorable	59|60	59	60	exact_aligned	high	60	60,61	58-63	-1.7707549576842108	1.347177325	0.3157894736842105	-0.48368583278947375	1.864566697	0.5263157894736842	38	-1.1272203952368423	-1.1264560915	1.864566697	0.42105263157894735	114	-1.8660687127719298	-2.7535680869999997	2.245010363	0.2543859649122807	exact flank summaries	59	60	0	0.0	0	0	False	0	0.0	0	0	False	0	resolved_by_parsimony	False	direct_insert_strongly_deleterious		0.110795311681972	0.027222906244164513	0.1346309280427348	0.01745688326436688	0.40428025803440387	0.0	0.04920057134958301	0.6047414268378715	0.8152099088400082	0.5094156163930007	0.4673671495357265	0.0	False	False	False	False	False	0	False	direct_homolog_strongly_unfavorable	blocked_software_unavailable				
60|61	60	61	HIGH_RISK	A89_N-terminal_membrane-binding_by_similarity;A89_N-terminal_oligomerization_by_similarity	False	0.0	0.4500952064990997	0.4536442941473436	0.2054130486505098	3.5244027346863573	26.30483545386728	80.11000061035156	False	0.74026	0.051948	0.826354	2.138732	0.0	0.0	0.812837	2.582712	0.634199	0.051948	0.0	0.0	0	0.0	0	0.809282	2.634363	0.638889	0.064516	0.0	0.0	0	0.0	0	0	0.0	0.814464	2.592765	0.633838	0.051948	0.0	0.0	0	none	0	none	0	none	none	max(insertion_type_count,local_deletion_type_count)	background	4	AF_coil;hexamer_coil_fraction_ge_0.8;burial_lt_0.10;interprotomer_distance_gt_4.5A	False		variable	supports	unresolved_exact_subset_too_small	False	unchanged_or_unresolved	60|61	60	E	61	T	61|62	61	exact_aligned	high	A89 flanking residues align directly to adjacent EV-A71 2C residues	55:LEKQIE|TIRLAP:66	56:LENQIS|NLEQSA:67	61	62	61-62	insertional_handle_SGRPGSLS	8	-5.72072	0.018962	-5.720720	direct_insert_strongly_deleterious	-4.787196	-4.662776	-4.836119	-4.846673;-3.972778	3AAdel_spanning_option_2	-3.972778	deletion_context_strongly_deleterious	-0.572521	Bakhache_2024_NatMicrobiol_Dryad_10.5061_dryad.866t1g1xm_QVEU_eva71_dimple_c99331a6	direct_experiment_unfavorable	direct_experiment_unfavorable	60|61	60	61	exact_aligned	high	61	61,62	59-64	-0.48368583278947375	1.864566697	0.5263157894736842	-0.6613557728421053	2.245010363	0.47368421052631576	38	-0.5725208028157894	-0.03841934999999999	2.245010363	0.5	114	-1.684995729105263	-2.3224219175	2.245010363	0.2807017543859649	exact flank summaries	60	61	0	0.0	0	0	False	0	0.0	0	0	False	0	resolved_by_parsimony	False	direct_insert_strongly_deleterious		0.6215083519553739	0.7282000826929386	0.7945869513494902	0.05221626807381647	0.41318075094071816	0.0	0.07061696539648896	0.6902383217549312	0.8152099088400082	0.5385673901639482	0.5527467596135818	0.0	False	False	True	True	True	3	True	pareto_reviewable_direct_conflicted	blocked_software_unavailable				
61|62	61	62	HIGH_RISK	A89_N-terminal_membrane-binding_by_similarity;A89_N-terminal_oligomerization_by_similarity	False	0.1666666666666666	0.0057469620369374	0.0063949261875523	0.3636364137380001	3.792808082655992	30.642637527140494	81.7300033569336	False	0.051948	0.064935	2.138732	0.346731	0.0	0.0	0.968319	2.582712	0.564935	0.051948	0.0	0.0	0	0.0	0	0.96965	2.634363	0.569893	0.064516	0.0	0.0	0	0.0	0	0	0.0	0.968541	2.592765	0.563673	0.051948	0.0	0.0	0	none	0	none	0	none	none	max(insertion_type_count,local_deletion_type_count)	background	6	AF_coil;hexamer_coil_fraction_ge_0.8;AF_rSASA_ge_0.25;hexamer_rSASA_ge_0.25;burial_lt_0.10;interprotomer_distance_gt_4.5A	False		variable	supports	unresolved_exact_subset_too_small	False	unchanged_or_unresolved	61|62	61	T	62	I	62|63	62	exact_aligned	high	A89 flanking residues align directly to adjacent EV-A71 2C residues	56:EKQIET|IRLAPA:67	57:ENQISN|LEQSAA:68	62	63	62-63	insertional_handle_SGRPGSLS	8	-5.564686	0.021128	-5.564686	direct_insert_strongly_deleterious	-4.662776	-3.166554	-4.758946	-3.972778;-4.969982	1AAdel_right_residue	-3.166554	deletion_context_strongly_deleterious	-1.448404	Bakhache_2024_NatMicrobiol_Dryad_10.5061_dryad.866t1g1xm_QVEU_eva71_dimple_c99331a6	direct_experiment_unfavorable	direct_experiment_unfavorable	61|62	61	62	exact_aligned	high	62	62,63	60-65	-0.6613557728421053	2.245010363	0.47368421052631576	-2.2354519632105267	2.09885003	0.15789473684210525	38	-1.4484038680263156	-2.259894802	2.245010363	0.3157894736842105	114	-1.6101379800964915	-2.3224219175	2.245010363	0.2894736842105263	exact flank summaries	61	62	0	0.0	0	0	False	0	0.0	0	0	False	0	resolved_by_parsimony	False	direct_insert_strongly_deleterious		0.007935620848106513	0.010265280173629385	0.6363635862619998	0.06625799379052064	0.5115047801925456	0.1666666666666666	0.09057733953831268	0.7255837662885695	0.8152099088400082	0.646192296650417	0.6605777831054228	0.0	False	False	True	False	True	2	True	weak_pareto_reviewable_direct_conflicted	blocked_software_unavailable				
62|63	62	63	HIGH_RISK	A89_N-terminal_membrane-binding_by_similarity;A89_N-terminal_oligomerization_by_similarity	False	0.1666666666666666	0.0057469620369374	0.0063949261875523	0.9944364613859936	2.5262970969045355	27.321222391634908	77.7300033569336	False	0.064935	0.961039	0.346731	0.273286	0.0	0.0	1.159035	2.582712	0.485931	0.051948	0.0	0.0	0	0.0	0	1.168237	2.634363	0.492384	0.064516	0.0	0.0	0	0.0	0	0	0.0	1.159257	2.592765	0.484668	0.051948	0.0	0.0	0	none	0	none	0	none	none	max(insertion_type_count,local_deletion_type_count)	background	6	AF_coil;hexamer_coil_fraction_ge_0.8;AF_rSASA_ge_0.25;hexamer_rSASA_ge_0.25;burial_lt_0.10;interprotomer_distance_gt_4.5A	False		variable	supports	unresolved_exact_subset_too_small	False	unchanged_or_unresolved	62|63	62	I	63	R	63|64	63	exact_aligned	high	A89 flanking residues align directly to adjacent EV-A71 2C residues	57:KQIETI|RLAPAS:68	58:NQISNL|EQSAAS:69	63	64	63-64	insertional_handle_SGRPGSLS	8	-5.236622	0.026523	-5.236622	direct_insert_strongly_deleterious	-3.166554	-4.951246	-4.468394	-4.969982;-4.712016	1AAdel_left_residue	-3.166554	deletion_context_strongly_deleterious	-2.026288	Bakhache_2024_NatMicrobiol_Dryad_10.5061_dryad.866t1g1xm_QVEU_eva71_dimple_c99331a6	direct_experiment_unfavorable	direct_experiment_unfavorable	62|63	62	63	exact_aligned	high	63	63,64	61-66	-2.2354519632105267	2.09885003	0.15789473684210525	-1.8171234521052635	0.889359658	0.21052631578947367	38	-2.026287707657894	-2.8305421725	2.09885003	0.18421052631578946	114	-1.7845729595350877	-2.6620889969999997	2.245010363	0.24561403508771928	exact flank summaries	62	63	0	0.0	0	0	False	0	0.0	0	0	False	0	resolved_by_parsimony	False	direct_insert_strongly_deleterious		0.007935620848106513	0.010265280173629385	0.00556353861400638	0.0	0.4362189756711588	0.1666666666666666	0.14029396857577295	0.6432211255183962	0.8152099088400082	0.7794100492382359	0.7819943014688931	0.0	False	False	True	False	True	2	True	weak_pareto_reviewable_direct_conflicted	blocked_software_unavailable				
63|64	63	64	HIGH_RISK	A89_N-terminal_membrane-binding_by_similarity;A89_N-terminal_oligomerization_by_similarity	False	0.1666666666666666	0.6958425641059875	0.0081887286872469	0.9944364613859936	2.5262970969045355	27.321222391634908	71.63999938964844	False	0.961039	0.233766	0.273286	2.582712	0.0	0.0	1.294729	2.582712	0.408009	0.051948	0.0	0.0	0	0.0	0	1.30694	2.634363	0.415323	0.064516	0.0	0.0	0	0.0	0	0	0.0	1.293869	2.592765	0.406313	0.051948	0.0	0.0	0	none	0	none	0	none	none	max(insertion_type_count,local_deletion_type_count)	background	5	AF_coil;hexamer_coil_fraction_ge_0.8;hexamer_rSASA_ge_0.25;burial_lt_0.10;interprotomer_distance_gt_4.5A	False		variable	supports	unresolved_exact_subset_too_small	False	unchanged_or_unresolved	63|64	63	R	64	L	64|65	64	exact_aligned	high	A89 flanking residues align directly to adjacent EV-A71 2C residues	58:QIETIR|LAPASV:69	59:QISNLE|QSAASQ:70	64	65	64-65	insertional_handle_SGRPGSLS	8	-5.554076	0.021284	-5.554076	direct_insert_strongly_deleterious	-4.951246	-4.803771	-5.006432	-4.712016;-4.662776	3AAdel_spanning_option_2	-4.662776	deletion_context_strongly_deleterious	-2.25479	Bakhache_2024_NatMicrobiol_Dryad_10.5061_dryad.866t1g1xm_QVEU_eva71_dimple_c99331a6	direct_experiment_unfavorable	direct_experiment_unfavorable	63|64	63	64	exact_aligned	high	64	64,65	62-67	-1.8171234521052635	0.889359658	0.21052631578947367	-2.6924559019473686	0.384732188	0.05263157894736842	38	-2.254789677026316	-3.0238376935	0.889359658	0.13157894736842105	114	-2.1428806559210525	-2.9658834489999997	2.245010363	0.16666666666666666	exact flank summaries	63	64	0	0.0	0	0	False	0	0.0	0	0	False	0	resolved_by_parsimony	False	direct_insert_strongly_deleterious		0.9608455255538896	0.013144732523113007	0.00556353861400638	0.0	0.4362189756711588	0.1666666666666666	0.09201492881168503	0.4740396449598255	0.8152099088400082	0.8734383851479208	0.9024118863859201	0.0	True	True	True	True	True	5	True	pareto_reviewable_direct_conflicted	blocked_software_unavailable				
64|65	64	65	HIGH_RISK	A89_N-terminal_membrane-binding_by_similarity;A89_N-terminal_oligomerization_by_similarity	False	0.1666666666666666	0.1974540650844574	0.1527948120767756	0.5668591758271173	2.8376213166119064	35.46004409013391	71.63999938964844	False	0.233766	1.0	2.582712	0.0	0.0	0.0	1.261956	2.582712	0.414502	0.051948	0.0	0.0	0	0.0	0	1.273841	2.634363	0.421595	0.064516	0.0	0.0	0	0.0	0	0	0.0	1.261095	2.592765	0.412807	0.051948	0.0	0.0	0	none	0	none	0	none	none	max(insertion_type_count,local_deletion_type_count)	background	6	AF_coil;hexamer_coil_fraction_ge_0.8;AF_rSASA_ge_0.25;hexamer_rSASA_ge_0.25;burial_lt_0.10;interprotomer_distance_gt_4.5A	False		variable	supports	unresolved_exact_subset_too_small	False	unchanged_or_unresolved	64|65	64	L	65	A	65|66	65	exact_aligned	high	A89 flanking residues align directly to adjacent EV-A71 2C residues	59:IETIRL|APASVQ:70	60:ISNLEQ|SAASQE:71	65	66	65-66	insertional_handle_SGRPGSLS	8	-5.564686	0.021128	-5.564686	direct_insert_strongly_deleterious	-4.803771	-4.556363	-4.798277	-4.662776;-4.630722	1AAdel_right_residue	-4.556363	deletion_context_strongly_deleterious	-2.75491	Bakhache_2024_NatMicrobiol_Dryad_10.5061_dryad.866t1g1xm_QVEU_eva71_dimple_c99331a6	direct_experiment_unfavorable	direct_experiment_unfavorable	64|65	64	65	exact_aligned	high	65	65,66	63-68	-2.6924559019473686	0.384732188	0.05263157894736842	-2.817364834315789	1.068377292	0.05263157894736842	38	-2.7549103681315787	-3.27126982	1.068377292	0.05263157894736842	114	-2.575408593903509	-3.119459081	2.09885003	0.08771929824561403	exact flank summaries	64	65	0	0.0	0	0	False	0	0.0	0	0	False	0	resolved_by_parsimony	False	direct_insert_strongly_deleterious		0.27265198297057563	0.2452696886632086	0.4331408241728827	0.016287042472016667	0.6206999015504667	0.1666666666666666	0.09057733953831268	0.2698137305602821	0.760308268626818	0.8505452947763046	0.8924317728456078	0.0	False	False	False	True	True	2	True	weak_pareto_reviewable_direct_conflicted	blocked_software_unavailable				
65|66	65	66	HIGH_RISK	A89_N-terminal_membrane-binding_by_similarity;A89_N-terminal_oligomerization_by_similarity	True	1.0	0.1974540650844574	0.1527948120767756	0.71964290456505	3.5149498833164627	36.96235858789368	78.5199966430664	False	1.0	0.077922	0.0	1.320545	0.0	0.0	1.23357	2.582712	0.426407	0.051948	0.0	0.0	0	0.0	0	1.241006	2.634363	0.435036	0.064516	0.0	0.0	0	0.0	0	0	0.0	1.229672	2.592765	0.425433	0.051948	0.0	0.0	0	none	0	none	0	none	none	max(insertion_type_count,local_deletion_type_count)	background	4	AF_rSASA_ge_0.25;hexamer_rSASA_ge_0.25;burial_lt_0.10;interprotomer_distance_gt_4.5A	False		variable	supports	unresolved_exact_subset_too_small	False	unchanged_or_unresolved	65|66	65	A	66	P	66|67	66	exact_aligned	high	A89 flanking residues align directly to adjacent EV-A71 2C residues	60:ETIRLA|PASVQE:71	61:SNLEQS|AASQED:72	66	67	66-67	insertional_handle_SGRPGSLS	8	-5.786245	0.01812	-5.786245	direct_insert_strongly_deleterious	-4.556363	-4.197179	-4.643667	-4.630722;-4.166564	3AAdel_spanning_option_2	-4.166564	deletion_context_strongly_deleterious	-2.725448	Bakhache_2024_NatMicrobiol_Dryad_10.5061_dryad.866t1g1xm_QVEU_eva71_dimple_c99331a6	direct_experiment_unfavorable	direct_experiment_unfavorable	65|66	65	66	exact_aligned	high	66	66,67	64-69	-2.817364834315789	1.068377292	0.05263157894736842	-2.633532011105263	0.380851454	0.05263157894736842	38	-2.7254484227105267	-3.3241866155000004	1.068377292	0.05263157894736842	114	-2.4370853273157898	-3.070566398	1.302275036	0.11403508771929824	exact flank summaries	65	66	0	0.0	0	0	False	0	0.0	0	0	False	0	resolved_by_parsimony	False	direct_insert_strongly_deleterious		0.27265198297057563	0.2452696886632086	0.28035709543495	0.051721738634738945	0.6547525420647248	1.0	0.06285766944662029	0.3351255708390355	0.4610938865453804	0.8285958965109936	0.8730278748536177	0.0	False	False	False	True	True	2	True	weak_pareto_reviewable_direct_conflicted	blocked_software_unavailable				
66|67	66	67	HIGH_RISK	A89_N-terminal_membrane-binding_by_similarity;A89_N-terminal_oligomerization_by_similarity	False	0.0	0.3782648146152496	0.219234072687241	0.71964290456505	3.5149498833164627	38.39077725657673	78.5199966430664	False	0.077922	0.077922	1.320545	2.383743	0.0	0.0	1.261909	2.582712	0.428571	0.051948	0.0	0.0	0	0.0	0	1.264058	2.634363	0.438172	0.064516	0.0	0.0	0	0.0	0	0	0.0	1.258012	2.592765	0.427597	0.051948	0.0	0.0	0	none	0	none	0	none	none	max(insertion_type_count,local_deletion_type_count)	background	5	AF_coil;hexamer_coil_fraction_ge_0.8;hexamer_rSASA_ge_0.25;burial_lt_0.10;interprotomer_distance_gt_4.5A	False		variable	supports	unresolved_exact_subset_too_small	False	unchanged_or_unresolved	66|67	66	P	67	A	67|68	67	exact_aligned	high	A89 flanking residues align directly to adjacent EV-A71 2C residues	61:TIRLAP|ASVQEK:72	62:NLEQSA|ASQEDL:73	67	68	67-68	insertional_handle_SGRPGSLS	8	-5.510472	0.021937	-5.510472	direct_insert_strongly_deleterious	-4.197179	-4.421327	-4.145621	-4.166564;-4.337596	2AAdel_spanning_junction	-4.145621	deletion_context_strongly_deleterious	-2.945028	Bakhache_2024_NatMicrobiol_Dryad_10.5061_dryad.866t1g1xm_QVEU_eva71_dimple_c99331a6	direct_experiment_unfavorable	direct_experiment_unfavorable	66|67	66	67	exact_aligned	high	67	67,68	65-70	-2.633532011105263	0.380851454	0.05263157894736842	-3.2565234007368424	-1.970399676	0.0	38	-2.945027705921053	-3.1937553015	0.380851454	0.02631578947368421	114	-2.685081090675438	-3.1858377620000002	1.302275036	0.07894736842105263	exact flank summaries	66	67	0	0.0	0	0	False	0	0.0	0	0	False	0	resolved_by_parsimony	False	direct_insert_strongly_deleterious		0.5223222512473015	0.3519194926942154	0.28035709543495	0.051721738634738945	0.6871302016699888	0.0	0.098032530064968	0.2180298711356068	0.4610938865453804	0.8483917768164676	0.8697021948873048	0.0	False	False	False	True	True	2	True	weak_pareto_reviewable_direct_conflicted	blocked_software_unavailable				
67|68	67	68	HIGH_RISK	A89_N-terminal_membrane-binding_by_similarity;A89_N-terminal_oligomerization_by_similarity	False	0.0	0.3782648146152496	0.275585024239789	0.2996868659339148	4.319307467795337	38.39077725657673	78.61000061035156	False	0.077922	0.051948	2.383743	2.288592	0.0	0.0	1.150959	2.582712	0.49026	0.051948	0.0	0.0	0	0.0	0	1.149962	2.634363	0.500896	0.069892	0.0	0.0	0	0.0	0	0	0.0	1.147062	2.592765	0.489286	0.051948	0.0	0.0	0	none	0	none	0	none	none	max(insertion_type_count,local_deletion_type_count)	background	4	AF_coil;hexamer_coil_fraction_ge_0.8;burial_lt_0.10;interprotomer_distance_gt_4.5A	False		variable	supports	unresolved_exact_subset_too_small	False	unchanged_or_unresolved	67|68	67	A	68	S	68|69	68	exact_aligned	high	A89 flanking residues align directly to adjacent EV-A71 2C residues	62:IRLAPA|SVQEKI:73	63:LEQSAA|SQEDLE:74	68	69	68-69	insertional_handle_SGRPGSLS	8	-5.764877	0.018391	-5.764877	direct_insert_strongly_deleterious	-4.421327	-4.637215	-4.527891	-4.337596;-4.328824	3AAdel_spanning_option_2	-4.328824	deletion_context_strongly_deleterious	-2.331018	Bakhache_2024_NatMicrobiol_Dryad_10.5061_dryad.866t1g1xm_QVEU_eva71_dimple_c99331a6	direct_experiment_unfavorable	direct_experiment_unfavorable	67|68	67	68	exact_aligned	high	68	68,69	66-71	-3.2565234007368424	-1.970399676	0.0	-1.4055123636842104	1.302275036	0.3157894736842105	38	-2.331017882210526	-2.9754738645	1.302275036	0.15789473684210525	114	-2.3614985839035088	-3.1038288019999998	1.431092453	0.16666666666666666	exact flank summaries	67	68	0	0.0	0	0	False	0	0.0	0	0	False	0	resolved_by_parsimony	False	direct_insert_strongly_deleterious		0.5223222512473015	0.44237531482137116	0.7003131340660852	0.09380200516013189	0.6871302016699888	0.0	0.06535502004331199	0.3708152233083354	0.5094810743422671	0.7708916737856862	0.774897263537085	0.0	False	False	False	False	False	0	False	direct_homolog_strongly_unfavorable	blocked_software_unavailable				
68|69	68	69	HIGH_RISK	A89_N-terminal_membrane-binding_by_similarity;A89_N-terminal_oligomerization_by_similarity	False	0.0	0.3440462946891784	0.3097918024465042	0.1138308985278357	5.682708488779805	36.33837306594909	81.01000213623047	False	0.051948	0.064935	2.288592	1.628336	0.0	0.0	1.236509	2.582712	0.49026	0.051948	0.0	0.0	0	0.0	0	1.231832	2.634363	0.5	0.064516	0.0	0.0	0	0.0	0	0	0.0	1.234788	2.592765	0.488853	0.051948	0.0	0.0	0	none	0	none	0	none	none	max(insertion_type_count,local_deletion_type_count)	background	3	AF_coil;hexamer_coil_fraction_ge_0.8;burial_lt_0.10	False		variable	supports	unresolved_exact_subset_too_small	False	unchanged_or_unresolved	68|69	68	S	69	V	69|70	69	exact_aligned	high	A89 flanking residues align directly to adjacent EV-A71 2C residues	63:RLAPAS|VQEKIF:74	64:EQSAAS|QEDLEA:75	69	70	69-70	insertional_handle_SGRPGSLS	8	-5.645743	0.019974	-5.645743	direct_insert_strongly_deleterious	-4.637215	-4.699932	-4.877683	-4.328824;-5.015341	3AAdel_spanning_option_1	-4.328824	deletion_context_strongly_deleterious	-2.355305	Bakhache_2024_NatMicrobiol_Dryad_10.5061_dryad.866t1g1xm_QVEU_eva71_dimple_c99331a6	direct_experiment_unfavorable	direct_experiment_unfavorable	68|69	68	69	exact_aligned	high	69	69,70	67-72	-1.4055123636842104	1.302275036	0.3157894736842105	-3.3050980322631576	-0.620421447	0.0	38	-2.3553051979736837	-3.038683569	1.302275036	0.15789473684210525	114	-1.9653206564298245	-2.9488731265	1.870418282	0.2543859649122807	exact flank summaries	68	69	0	0.0	0	0	False	0	0.0	0	0	False	0	resolved_by_parsimony	False	direct_insert_strongly_deleterious		0.4750720348074889	0.49728480897825894	0.8861691014721643	0.16512883721976807	0.6406087960670884	0.0	0.0799428650416993	0.5578778206532284	0.6745033352050658	0.8321694929698081	0.7755627068944849	0.0	False	False	True	True	True	3	True	pareto_reviewable_direct_conflicted	blocked_software_unavailable				
69|70	69	70	HIGH_RISK	A89_N-terminal_membrane-binding_by_similarity;A89_N-terminal_oligomerization_by_similarity	False	0.0	0.1380454748868942	0.0794570152847855	0.6412312054018182	2.9055092813975527	33.998561022918295	84.06999969482422	False	0.064935	0.987013	1.628336	0.100001	0.0	0.0	1.476777	3.156502	0.41342	0.038961	0.0	0.0	0	0.0	0	1.472531	3.1236	0.423387	0.048387	0.0	0.0	0	0.0	0	0	0.0	1.475056	3.156502	0.412013	0.038961	0.0	0.0	0	none	0	none	0	none	none	max(insertion_type_count,local_deletion_type_count)	background	6	AF_coil;hexamer_coil_fraction_ge_0.8;AF_rSASA_ge_0.25;hexamer_rSASA_ge_0.25;burial_lt_0.10;interprotomer_distance_gt_4.5A	False		variable	supports	unresolved_exact_subset_too_small	False	unchanged_or_unresolved	69|70	69	V	70	Q	70|71	70	exact_aligned	high	A89 flanking residues align directly to adjacent EV-A71 2C residues	64:LAPASV|QEKIFI:75	65:QSAASQ|EDLEAM:76	70	71	70-71	insertional_handle_SGRPGSLS	8	-5.660236	0.019774	-5.660236	direct_insert_strongly_deleterious	-4.699932	-4.498585	-5.092138	-5.015341;-5.159624	1AAdel_right_residue	-4.498585	deletion_context_strongly_deleterious	-2.028029	Bakhache_2024_NatMicrobiol_Dryad_10.5061_dryad.866t1g1xm_QVEU_eva71_dimple_c99331a6	direct_experiment_unfavorable	direct_experiment_unfavorable	69|70	69	70	exact_aligned	high	70	70,71	68-73	-3.3050980322631576	-0.620421447	0.0	-0.7509608613157897	1.431092453	0.5789473684210527	38	-2.0280294467894735	-3.0325540689999997	1.431092453	0.2894736842105263	114	-2.035674486087719	-2.9196888085	1.870418282	0.2543859649122807	exact flank summaries	69	70	0	0.0	0	0	False	0	0.0	0	0	False	0	resolved_by_parsimony	False	direct_insert_strongly_deleterious		0.19061837218660133	0.12754619830426386	0.3587687945981818	0.01983862662708783	0.5875727783150982	0.0	0.07809980187070911	0.5246589833674482	0.6745033352050658	1.0	0.8936520084709554	0.0	False	False	False	True	True	2	True	weak_pareto_reviewable_direct_conflicted	blocked_software_unavailable				
70|71	70	71	HIGH_RISK	A89_N-terminal_membrane-binding_by_similarity;A89_N-terminal_oligomerization_by_similarity	False	0.0	0.1380454748868942	0.0794570152847855	0.6412312054018182	2.9055092813975527	33.998561022918295	84.33000183105469	False	0.987013	0.805195	0.100001	0.913803	0.0	0.0	1.335705	3.156502	0.461922	0.038961	0.0	0.0	0	0.0	0	1.324741	3.1236	0.473863	0.048387	0.0	0.0	0	0.0	0	0	0.0	1.333147	3.156502	0.460515	0.038961	0.0	0.0	0	none	0	none	0	none	none	max(insertion_type_count,local_deletion_type_count)	background	6	AF_coil;hexamer_coil_fraction_ge_0.8;AF_rSASA_ge_0.25;hexamer_rSASA_ge_0.25;burial_lt_0.10;interprotomer_distance_gt_4.5A	False		variable	supports	unresolved_exact_subset_too_small	False	unchanged_or_unresolved	70|71	70	Q	71	E	71|72;72|73;73|74	71-73	ambiguous	low	A89 junction spans multiple EV-A71 residues/junctions in the sequence alignment	65:APASVQ|EKIFIE:76		71	74	71-74	insertional_handle_SGRPGSLS	8	-5.548728	0.021363	-5.716195;-5.798851;-5.548728	direct_insert_strongly_deleterious							no_direct_deletion_context		Bakhache_2024_NatMicrobiol_Dryad_10.5061_dryad.866t1g1xm_QVEU_eva71_dimple_c99331a6	mapping_uncertain	mapping_uncertain	70|71	70	71	ambiguous	low	71-73	71,72,73,74	69-76							76	-1.8123551947105263	-2.6469582055	1.870418282	0.3157894736842105	152	-1.7548017712236843	-2.540063902	2.318471685	0.3223684210526316	ambiguous source positions summarized jointly	70	71	0	0.0	0	0	False	0	0.0	0	0	False	0	resolved_by_parsimony	False	direct_insert_strongly_deleterious		0.19061837218660133	0.12754619830426386	0.3587687945981818	0.01983862662708783	0.5875727783150982	0.0	0.09274293876422614	0.6572781322958496	0.8428039009119154	0.9008746090942303	0.8191131315180407	0.0	False	False	False	True	True	2	True	mapping_uncertain	blocked_software_unavailable				
71|72	71	72	HIGH_RISK	A89_N-terminal_oligomerization_by_similarity	False	0.0	0.4216254949569702	0.3611368883529229	0.0	9.182551538712476	34.22820856344504	84.33000183105469	False	0.805195	0.766234	0.913803	1.16643	0.0	0.0	1.432609	3.156502	0.440277	0.038961	0.0	0.0	0	0.0	0	1.416282	3.1236	0.45415	0.048387	0.0	0.0	0	0.0	0	0	0.0	1.431206	3.156502	0.438509	0.038961	0.0	0.0	0	none	0	none	0	none	none	max(insertion_type_count,local_deletion_type_count)	structural near-miss	2	AF_coil;hexamer_coil_fraction_ge_0.8	False		variable	supports	unresolved_exact_subset_too_small	False	outside_strict_review_only; near-miss plus V2 evolutionary support	71|72	71	E	72	K	74|75	74	exact_aligned	high	A89 flanking residues align directly to adjacent EV-A71 2C residues	66:PASVQE|KIFIEI:77	69:SQEDLE|AMFGNV:80	74	75	74-75	insertional_handle_SGRPGSLS	8	-5.707083	0.019142	-5.707083	direct_insert_strongly_deleterious	-4.590849	-4.584046	-4.176873	-5.144150;-5.120480	2AAdel_spanning_junction	-4.176873	deletion_context_strongly_deleterious	-1.171566	Bakhache_2024_NatMicrobiol_Dryad_10.5061_dryad.866t1g1xm_QVEU_eva71_dimple_c99331a6	direct_experiment_unfavorable	direct_experiment_unfavorable	71|72	71	72	exact_aligned	high	74	74,75	72-77	-3.002507659	0.072162517	0.05263157894736842	0.6593755968421052	2.318471685	0.8421052631578947	38	-1.1715660310789475	-0.9584678820000001	2.318471685	0.4473684210526316	114	-1.9102579903508772	-2.7355594515000003	2.318471685	0.2982456140350877	exact flank summaries	71	72	0	0.0	0	0	False	0	0.0	0	0	False	0	resolved_by_parsimony	False	direct_insert_strongly_deleterious		0.5821963058688996	0.5797051023343261	1.0	0.3482244295036734	0.5927781498629344	0.0	0.07227572225038012	0.583876657587794	0.8428039009119154	0.9693701710869783	0.8529324075525516	0.0	False	True	True	True	True	4	True	pareto_reviewable_direct_conflicted	blocked_software_unavailable				
72|73	72	73	HIGH_RISK	A89_N-terminal_oligomerization_by_similarity	False	0.0	0.0906742885708808	0.1032125494000068	0.0	9.316374462407786	31.088175746781783	86.83000183105469	False	0.766234	0.792208	1.16643	0.807328	0.0	0.0	1.450497	3.156502	0.438112	0.038961	0.0	0.0	0	0.0	0	1.435529	3.1236	0.452358	0.048387	0.0	0.0	0	0.0	0	0	0.0	1.451314	3.156502	0.436345	0.038961	0.0	0.0	0	none	0	none	0	none	none	max(insertion_type_count,local_deletion_type_count)	background	4	AF_coil;hexamer_coil_fraction_ge_0.8;AF_rSASA_ge_0.25;hexamer_rSASA_ge_0.25	False		variable	supports	unresolved_exact_subset_too_small	False	unchanged_or_unresolved	72|73	72	K	73	I	75|76	75	exact_aligned	high	A89 flanking residues align directly to adjacent EV-A71 2C residues	67:ASVQEK|IFIEIN:78	70:QEDLEA|MFGNVS:81	75	76	75-76	insertional_handle_SGRPGSLS	8	-5.595858	0.020677	-5.595858	direct_insert_strongly_deleterious	-4.584046	-4.693834	-4.814671	-5.120480;-4.597606	1AAdel_left_residue	-4.584046	deletion_context_strongly_deleterious	-1.039191	Bakhache_2024_NatMicrobiol_Dryad_10.5061_dryad.866t1g1xm_QVEU_eva71_dimple_c99331a6	direct_experiment_unfavorable	direct_experiment_unfavorable	72|73	72	73	exact_aligned	high	75	75,76	73-78	0.6593755968421052	2.318471685	0.8421052631578947	-2.737758591842105	1.624326759	0.15789473684210525	38	-1.0391914974999998	-0.22321054099999998	2.318471685	0.5	114	-2.237360018157895	-2.9798977420000003	2.318471685	0.22807017543859648	exact flank summaries	72	73	0	0.0	0	0	False	0	0.0	0	0	False	0	resolved_by_parsimony	False	direct_insert_strongly_deleterious		0.1252064604125635	0.1656791190315781	1.0	0.35522542558423426	0.5216036994610684	0.0	0.08642123208772981	0.4294294996945098	0.8428039009119154	0.9834158860193167	0.8562580875188645	0.0	False	False	False	True	True	2	True	weak_pareto_reviewable_direct_conflicted	blocked_software_unavailable				
73|74	73	74	HIGH_RISK	A89_N-terminal_oligomerization_by_similarity	False	0.0	0.0906742885708808	0.1032125494000068	0.0	9.316374462407786	29.225261422414423	88.0199966430664	False	0.792208	0.064935	0.807328	1.373336	0.0	0.0	1.350113	3.156502	0.497636	0.038961	0.0	0.0	0	0.0	0	1.322415	3.1236	0.513738	0.048387	0.0	0.0	0	0.0	0	0	0.0	1.352335	3.156502	0.49677	0.038961	0.0	0.0	0	none	0	none	0	none	none	max(insertion_type_count,local_deletion_type_count)	background	4	AF_coil;hexamer_coil_fraction_ge_0.8;AF_rSASA_ge_0.25;hexamer_rSASA_ge_0.25	False		variable	supports	unresolved_exact_subset_too_small	False	unchanged_or_unresolved	73|74	73	I	74	F	76|77	76	exact_aligned	high	A89 flanking residues align directly to adjacent EV-A71 2C residues	68:SVQEKI|FIEINT:79	71:EDLEAM|FGNVSY:82	76	77	76-77	insertional_handle_SGRPGSLS	8	-5.851708	0.017317	-5.851708	direct_insert_strongly_deleterious	-4.693834	-4.437263	-4.712016	-4.597606;-4.872581	1AAdel_right_residue	-4.437263	deletion_context_strongly_deleterious	-2.811232	Bakhache_2024_NatMicrobiol_Dryad_10.5061_dryad.866t1g1xm_QVEU_eva71_dimple_c99331a6	direct_experiment_unfavorable	direct_experiment_unfavorable	73|74	73	74	exact_aligned	high	76	76,77	74-79	-2.737758591842105	1.624326759	0.15789473684210525	-2.884705029578947	0.738403811	0.10526315789473684	38	-2.8112318107105265	-3.4961592935	1.624326759	0.13157894736842105	114	-2.2104383861403507	-3.0263432420000003	2.318471685	0.22807017543859648	exact flank summaries	73	74	0	0.0	0	0	False	0	0.0	0	0	False	0	resolved_by_parsimony	False	direct_insert_strongly_deleterious		0.1252064604125635	0.1656791190315781	1.0	0.35522542558423426	0.47937742001615846	0.0	0.055457770815094676	0.4421410367608946	0.8428039009119154	0.9142776913561017	0.763395697516805	0.0	False	False	False	False	True	1	True	weak_pareto_reviewable_direct_conflicted	blocked_software_unavailable				
74|75	74	75	HIGH_RISK	A89_N-terminal_oligomerization_by_similarity	False	0.0	0.2374373376369476	0.1758534643385145	0.0	9.791355445243465	29.225261422414423	87.56999969482422	False	0.064935	0.038961	1.373336	3.156502	0.0	0.0	1.218682	3.156502	0.560407	0.038961	0.0	0.0	0	0.0	0	1.179024	3.1236	0.57691	0.048387	0.0	0.0	0	0.0	0	0	0.0	1.220903	3.156502	0.559541	0.038961	0.0	0.0	0	none	0	none	0	none	none	max(insertion_type_count,local_deletion_type_count)	background	4	AF_coil;hexamer_coil_fraction_ge_0.8;AF_rSASA_ge_0.25;hexamer_rSASA_ge_0.25	False		variable	supports	unresolved_exact_subset_too_small	False	unchanged_or_unresolved	74|75	74	F	75	I	77|78	77	exact_aligned	high	A89 flanking residues align directly to adjacent EV-A71 2C residues	69:VQEKIF|IEINTL:80	72:DLEAMF|GNVSYL:83	77	78	77-78	insertional_handle_SGRPGSLS	8	-5.702496	0.019203	-5.702496	direct_insert_strongly_deleterious	-4.437263	-4.328824	-4.892835	-4.872581;-4.936960	1AAdel_right_residue	-4.328824	deletion_context_strongly_deleterious	-2.643807	Bakhache_2024_NatMicrobiol_Dryad_10.5061_dryad.866t1g1xm_QVEU_eva71_dimple_c99331a6	direct_experiment_unfavorable	direct_experiment_unfavorable	74|75	74	75	exact_aligned	high	77	77,78	75-80	-2.884705029578947	0.738403811	0.10526315789473684	-2.4029094363157895	0.612011214	0.15789473684210525	38	-2.6438072329473683	-3.4125585745	0.738403811	0.13157894736842105	114	-2.1535214804298244	-3.0201586895	2.318471685	0.22807017543859648	exact flank summaries	74	75	0	0.0	0	0	False	0	0.0	0	0	False	0	resolved_by_parsimony	False	direct_insert_strongly_deleterious		0.32786238617208235	0.28228395887539426	1.0	0.38007423255503914	0.47937742001615846	0.0	0.07283785651753215	0.4690153865838101	0.8428039009119154	0.8224706292421615	0.6669279261834288	0.0	False	False	False	True	True	2	True	weak_pareto_reviewable_direct_conflicted	blocked_software_unavailable				
75|76	75	76	HIGH_RISK	A89_N-terminal_oligomerization_by_similarity	False	0.0	0.2754515707492828	0.2637290783527186	0.0	10.13481533309612	28.72409741522989	87.56999969482422	False	0.038961	0.815789	3.156502	0.88985	0.0	0.0	1.161626	3.156502	0.621013	0.038961	0.0	0.0	0	0.0	0	1.113556	3.1236	0.638738	0.048387	0.0	0.0	0	0.0	0	0	0.0	1.16493	3.156502	0.62058	0.038961	0.0	0.0	0	none	0	none	0	none	none	max(insertion_type_count,local_deletion_type_count)	structural near-miss	2	AF_coil;hexamer_coil_fraction_ge_0.8	False		variable	supports	unresolved_exact_subset_too_small	False	outside_strict_review_only; near-miss plus V2 evolutionary support	75|76	75	I	76	E	78|79	78	exact_aligned	high	A89 flanking residues align directly to adjacent EV-A71 2C residues	70:QEKIFI|EINTLH:81	73:LEAMFG|NVSYLA:84	78	79	78-79	insertional_handle_SGRPGSLS	8	-5.738617	0.018729	-5.738617	direct_insert_strongly_deleterious	-4.328824	-4.513346	-4.960658	-4.936960;-4.705992	1AAdel_left_residue	-4.328824	deletion_context_strongly_deleterious	-2.648517	Bakhache_2024_NatMicrobiol_Dryad_10.5061_dryad.866t1g1xm_QVEU_eva71_dimple_c99331a6	direct_experiment_unfavorable	direct_experiment_unfavorable	75|76	75	76	exact_aligned	high	78	78,79	76-81	-2.4029094363157895	0.612011214	0.15789473684210525	-2.8941251969473685	0.105635895	0.05263157894736842	38	-2.6485173166315787	-3.2813126635	0.612011214	0.10526315789473684	114	-2.240076871210526	-3.0520203935000003	2.061109503	0.19298245614035087	exact flank summaries	75	76	0	0.0	0	0	False	0	0.0	0	0	False	0	resolved_by_parsimony	False	direct_insert_strongly_deleterious		0.38035386582204855	0.4233438822942743	1.0	0.39804246447142616	0.46801764295164333	0.0	0.06846979680228539	0.42814668822676755	0.7461319405336808	0.783372717868192	0.5731219282796521	0.0	False	False	False	True	True	2	True	weak_pareto_reviewable_direct_conflicted	blocked_software_unavailable				
76|77	76	77	HIGH_RISK	A89_N-terminal_oligomerization_by_similarity	False	0.0	0.0108553729951381	0.0011860707840943	0.0	8.49137049034512	25.995586830072217	89.51000213623047	False	0.815789	0.74026	0.88985	1.162838	0.0	0.0	1.153293	3.156502	0.622095	0.038961	0.0	0.0	0	0.0	0	1.106411	3.1236	0.639634	0.048387	0.0	0.0	0	0.0	0	0	0.0	1.156597	3.156502	0.621662	0.038961	0.0	0.0	0	none	0	none	0	none	none	max(insertion_type_count,local_deletion_type_count)	background	4	AF_coil;hexamer_coil_fraction_ge_0.8;AF_rSASA_ge_0.25;hexamer_rSASA_ge_0.25	False		variable	supports	unresolved_exact_subset_too_small	False	unchanged_or_unresolved	76|77	76	E	77	I	79|80	79	exact_aligned	high	A89 flanking residues align directly to adjacent EV-A71 2C residues	71:EKIFIE|INTLHD:82	74:EAMFGN|VSYLAH:85	79	80	79-80	insertional_handle_SGRPGSLS	8	-5.769187	0.018336	-5.769187	direct_insert_strongly_deleterious	-4.513346	-4.846673	-4.693834	-4.705992;-4.836119	1AAdel_left_residue	-4.513346	deletion_context_strongly_deleterious	-2.777566	Bakhache_2024_NatMicrobiol_Dryad_10.5061_dryad.866t1g1xm_QVEU_eva71_dimple_c99331a6	direct_experiment_unfavorable	direct_experiment_unfavorable	76|77	76	77	exact_aligned	high	79	79,80	77-82	-2.8941251969473685	0.105635895	0.05263157894736842	-2.661006224736842	1.443328355	0.05263157894736842	38	-2.7775657108421057	-3.1795965295	1.443328355	0.05263157894736842	114	-2.269488987	-3.052890252	2.061109503	0.16666666666666666	exact flank summaries	76	77	0	0.0	0	0	False	0	0.0	0	0	False	0	resolved_by_parsimony	False	direct_insert_strongly_deleterious		0.014989506403647174	0.001903907652317168	1.0	0.31206503560494814	0.4061710787107519	0.0	0.0648481776712897	0.41425922405613136	0.7461319405336808	0.7775520026040594	0.5714590882964956	0.0	False	False	False	False	False	0	False	direct_homolog_strongly_unfavorable	blocked_software_unavailable				
77|78	77	78	HIGH_RISK	A89_N-terminal_oligomerization_by_similarity	False	0.0	0.0108553729951381	0.0011860707840943	0.1445151608764216	5.467473175026241	25.995586830072217	89.94999694824219	False	0.74026	0.051948	1.162838	1.535211	0.0	0.0	1.148484	3.156502	0.623177	0.038961	0.0	0.0	0	0.0	0	1.100953	3.1236	0.640978	0.048387	0.0	0.0	0	0.0	0	0	0.0	1.154036	3.156502	0.622384	0.038961	0.0	0.0	0	none	0	none	0	none	none	max(insertion_type_count,local_deletion_type_count)	background	5	AF_coil;hexamer_coil_fraction_ge_0.8;AF_rSASA_ge_0.25;hexamer_rSASA_ge_0.25;burial_lt_0.10	False		variable	supports	unresolved_exact_subset_too_small	False	unchanged_or_unresolved	77|78	77	I	78	N	80|81	80	exact_aligned	high	A89 flanking residues align directly to adjacent EV-A71 2C residues	72:KIFIEI|NTLHDL:83	75:AMFGNV|SYLAHF:86	80	81	80-81	insertional_handle_SGRPGSLS	8	-5.751833	0.018558	-5.751833	direct_insert_strongly_deleterious	-4.846673	-4.057165	-4.912687	-4.836119;-4.452950	1AAdel_right_residue	-4.057165	deletion_context_strongly_deleterious	-1.260481	Bakhache_2024_NatMicrobiol_Dryad_10.5061_dryad.866t1g1xm_QVEU_eva71_dimple_c99331a6	direct_experiment_unfavorable	direct_experiment_unfavorable	77|78	77	78	exact_aligned	high	80	80,81	78-83	-2.661006224736842	1.443328355	0.05263157894736842	0.1400432521578948	2.061109503	0.631578947368421	38	-1.2604814862894738	-0.881600817	2.061109503	0.34210526315789475	114	-2.2156368005701754	-3.0213349550000004	2.061109503	0.15789473684210525	exact flank summaries	77	78	0	0.0	0	0	False	0	0.0	0	0	False	0	resolved_by_parsimony	False	direct_insert_strongly_deleterious		0.014989506403647174	0.001903907652317168	0.8554848391235784	0.15386872164033394	0.4061710787107519	0.0	0.0668939777910888	0.43968651105947787	0.7461319405336808	0.7757631088333354	0.5703495037606001	0.0	False	False	False	False	False	0	False	direct_homolog_strongly_unfavorable	blocked_software_unavailable				
78|79	78	79	HIGH_RISK	A89_N-terminal_oligomerization_by_similarity	False	0.0	0.2493228018283844	0.2435521117642394	0.1445151608764216	5.467473175026241	26.260770235489712	88.8499984741211	False	0.051948	0.792208	1.535211	1.179135	0.0	0.0	1.051282	3.156502	0.642658	0.038961	0.0	0.0	0	0.0	0	1.011381	3.1236	0.658003	0.048387	0.0	0.0	0	0.0	0	0	0.0	1.056834	3.156502	0.641864	0.038961	0.0	0.0	0	none	0	none	0	none	none	max(insertion_type_count,local_deletion_type_count)	background	5	AF_coil;hexamer_coil_fraction_ge_0.8;AF_rSASA_ge_0.25;hexamer_rSASA_ge_0.25;burial_lt_0.10	False		variable	supports	unresolved_exact_subset_too_small	False	unchanged_or_unresolved	78|79	78	N	79	T	81|82	81	exact_aligned	high	A89 flanking residues align directly to adjacent EV-A71 2C residues	73:IFIEIN|TLHDLS:84	76:MFGNVS|YLAHFC:87	81	82	81-82	insertional_handle_SGRPGSLS	8	-5.621111	0.020318	-5.621111	direct_insert_strongly_deleterious	-4.057165	-4.630722	-4.483604	-4.452950;-4.637215	1AAdel_left_residue	-4.057165	deletion_context_strongly_deleterious	-1.387094	Bakhache_2024_NatMicrobiol_Dryad_10.5061_dryad.866t1g1xm_QVEU_eva71_dimple_c99331a6	direct_experiment_unfavorable	direct_experiment_unfavorable	78|79	78	79	exact_aligned	high	81	81,82	79-84	0.1400432521578948	2.061109503	0.631578947368421	-2.9142312865789477	-0.28578459	0.0	38	-1.3870940172105264	-1.559219843	2.061109503	0.3157894736842105	114	-2.2255512208508774	-3.0231489225	2.061109503	0.14035087719298245	exact flank summaries	78	79	0	0.0	0	0	False	0	0.0	0	0	False	0	resolved_by_parsimony	False	direct_insert_strongly_deleterious		0.34427428115603675	0.3909553591104007	0.8554848391235784	0.15386872164033394	0.41218193408657	0.0	0.08311293369580242	0.4350052376207899	0.7461319405336808	0.7078661731434028	0.5404122367810368	0.0	False	False	False	False	False	0	False	direct_homolog_strongly_unfavorable	blocked_software_unavailable				
79|80	79	80	HIGH_RISK	A89_N-terminal_oligomerization_by_similarity	False	0.0	0.0237820651382207	0.0006603595876377	0.0	7.96835310066058	23.082552842931463	88.8499984741211	False	0.792208	0.805195	1.179135	0.711416	0.0	0.0	1.089692	3.156502	0.582052	0.038961	0.0	0.0	0	0.0	0	1.049739	3.1236	0.596175	0.048387	0.0	0.0	0	0.0	0	0	0.0	1.095244	3.156502	0.581258	0.038961	0.0	0.0	0	none	0	none	0	none	none	max(insertion_type_count,local_deletion_type_count)	background	4	AF_coil;hexamer_coil_fraction_ge_0.8;AF_rSASA_ge_0.25;hexamer_rSASA_ge_0.25	False		variable	supports	unresolved_exact_subset_too_small	False	unchanged_or_unresolved	79|80	79	T	80	L	82|83	82	exact_aligned	high	A89 flanking residues align directly to adjacent EV-A71 2C residues	74:FIEINT|LHDLSL:85	77:FGNVSY|LAHFCR:88	82	83	82-83	insertional_handle_SGRPGSLS	8	-5.347462	0.024561	-5.347462	direct_insert_strongly_deleterious	-4.630722	-4.563356	-4.643667	-4.637215;-4.857117	1AAdel_right_residue	-4.563356	deletion_context_strongly_deleterious	-2.737912	Bakhache_2024_NatMicrobiol_Dryad_10.5061_dryad.866t1g1xm_QVEU_eva71_dimple_c99331a6	direct_experiment_unfavorable	direct_experiment_unfavorable	79|80	79	80	exact_aligned	high	82	82,83	80-85	-2.9142312865789477	-0.28578459	0.0	-2.5615919110000003	0.202819417	0.05263157894736842	38	-2.7379115987894735	-3.0981027735	0.202819417	0.02631578947368421	114	-2.050768488368421	-2.7592412294999997	2.061109503	0.14912280701754385	exact flank summaries	79	80	0	0.0	0	0	False	0	0.0	0	0	False	0	resolved_by_parsimony	False	direct_insert_strongly_deleterious		0.03283916801762354	0.001060024147837425	1.0	0.2847031861240363	0.3401419620924671	0.0	0.12221351886835921	0.5175320763008112	0.7461319405336808	0.7346960871354021	0.6335527913274134	0.0	False	False	True	False	True	2	True	weak_pareto_reviewable_direct_conflicted	blocked_software_unavailable				
80|81	80	81	HIGH_RISK	A89_N-terminal_oligomerization_by_similarity	False	0.0	0.0237820651382207	0.0006603595876377	0.0	6.184186198205185	20.33442384743871	90.05999755859375	False	0.805195	0.792208	0.711416	0.943661	0.0	0.0	0.975247	3.156502	0.659974	0.038961	0.0	0.0	0	0.0	0	0.935761	3.1236	0.674132	0.048387	0.0	0.0	0	0.0	0	0	0.0	0.978623	3.156502	0.659613	0.038961	0.0	0.0	0	none	0	none	0	none	none	max(insertion_type_count,local_deletion_type_count)	background	4	AF_coil;hexamer_coil_fraction_ge_0.8;AF_rSASA_ge_0.25;hexamer_rSASA_ge_0.25	False		variable	supports	unresolved_exact_subset_too_small	False	unchanged_or_unresolved	80|81	80	L	81	H	83|84	83	exact_aligned	high	A89 flanking residues align directly to adjacent EV-A71 2C residues	75:IEINTL|HDLSLK:86	78:GNVSYL|AHFCRK:89	83	84	83-84	insertional_handle_SGRPGSLS	8	-5.532512	0.021605	-5.532512	direct_insert_strongly_deleterious	-4.563356	-4.302037	-4.413262	-4.857117;-4.846673	1AAdel_right_residue	-4.302037	deletion_context_strongly_deleterious	-2.511994	Bakhache_2024_NatMicrobiol_Dryad_10.5061_dryad.866t1g1xm_QVEU_eva71_dimple_c99331a6	direct_experiment_unfavorable	direct_experiment_unfavorable	80|81	80	81	exact_aligned	high	83	83,84	81-86	-2.5615919110000003	0.202819417	0.05263157894736842	-2.462395958	0.783697636	0.05263157894736842	38	-2.5119939345	-3.1158640515	0.783697636	0.05263157894736842	114	-2.0124115111491228	-2.663200723	2.061109503	0.14912280701754385	exact flank summaries	80	81	0	0.0	0	0	False	0	0.0	0	0	False	0	resolved_by_parsimony	False	direct_insert_strongly_deleterious		0.03283916801762354	0.001060024147837425	1.0	0.1913638303078674	0.27785071155213714	0.0	0.09497304520112426	0.5356430191054615	0.7461319405336808	0.6532347125022091	0.5131352064103865	0.0	False	False	False	False	True	1	True	weak_pareto_reviewable_direct_conflicted	blocked_software_unavailable				
81|82	81	82	HIGH_RISK	A89_N-terminal_oligomerization_by_similarity	False	0.0	0.1180206984281539	0.1136250453335898	0.5732345913557811	2.610017448031644	20.33442384743871	88.16000366210938	False	0.792208	1.0	0.943661	0.0	0.0	0.0	0.726687	1.535211	0.737896	0.051948	0.0	0.0	0	0.0	0	0.687945	1.513878	0.751641	0.064516	0.0	0.0	0	0.0	0	0	0.0	0.730063	1.561847	0.737535	0.051948	0.0	0.0	0	none	0	none	0	none	none	max(insertion_type_count,local_deletion_type_count)	background	6	AF_coil;hexamer_coil_fraction_ge_0.8;AF_rSASA_ge_0.25;hexamer_rSASA_ge_0.25;burial_lt_0.10;interprotomer_distance_gt_4.5A	False		intermediate	remains unresolved	unresolved_exact_subset_too_small	False	unchanged_or_unresolved	81|82	81	H	82	D	84|85	84	exact_aligned	high	A89 flanking residues align directly to adjacent EV-A71 2C residues	76:EINTLH|DLSLKF:87	79:NVSYLA|HFCRKF:90	84	85	84-85	insertional_handle_SGRPGSLS	8	-5.569949	0.021051	-5.569949	direct_insert_strongly_deleterious	-4.302037	-4.283771	-4.21708	-4.846673;-4.113360	3AAdel_spanning_option_2	-4.11336	deletion_context_strongly_deleterious	-2.153912	Bakhache_2024_NatMicrobiol_Dryad_10.5061_dryad.866t1g1xm_QVEU_eva71_dimple_c99331a6	direct_experiment_unfavorable	direct_experiment_unfavorable	81|82	81	82	exact_aligned	high	84	84,85	82-87	-2.462395958	0.783697636	0.05263157894736842	-1.8454288020526313	0.060454031	0.10526315789473684	38	-2.1539123800263162	-2.717194856	0.783697636	0.07894736842105263	114	-2.4170055144561404	-2.8947782965	1.766678506	0.07017543859649122	exact flank summaries	81	82	0	0.0	0	0	False	0	0.0	0	0	False	0	resolved_by_parsimony	False	direct_insert_strongly_deleterious		0.1629674093781997	0.18239349304156457	0.42676540864421886	0.00437986134153339	0.27785071155213714	0.0	0.08986776021748145	0.34460661884107213	0.6355359646412007	0.47961212927254687	0.39338306485075925	0.0	False	False	False	False	False	0	False	direct_homolog_strongly_unfavorable	blocked_software_unavailable				
82|83	82	83	HIGH_RISK	A89_N-terminal_oligomerization_by_similarity	False	0.0	0.0663394480943679	0.053628712744262	0.5732345913557811	2.610017448031644	20.78600482139717	88.1500015258789	False	1.0	0.818182	0.0	0.856106	0.0	0.0	0.652533	1.535211	0.753247	0.051948	0.0	0.0	0	0.0	0	0.616205	1.513878	0.765681	0.064516	0.0	0.0	0	0.0	0	0	0.0	0.655909	1.561847	0.752886	0.051948	0.0	0.0	0	none	0	none	0	none	none	max(insertion_type_count,local_deletion_type_count)	background	6	AF_coil;hexamer_coil_fraction_ge_0.8;AF_rSASA_ge_0.25;hexamer_rSASA_ge_0.25;burial_lt_0.10;interprotomer_distance_gt_4.5A	False		intermediate	remains unresolved	unresolved_exact_subset_too_small	False	unchanged_or_unresolved	82|83	82	D	83	L	85|86	85	exact_aligned	high	A89 flanking residues align directly to adjacent EV-A71 2C residues	77:INTLHD|LSLKFL:88	80:VSYLAH|FCRKFQ:91	85	86	85-86	insertional_handle_SGRPGSLS	8	-5.258362	0.026126	-5.258362	direct_insert_strongly_deleterious	-4.283771	-4.246208	-4.460702	-4.113360;-4.302037	3AAdel_spanning_option_1	-4.11336	deletion_context_strongly_deleterious	-2.138147	Bakhache_2024_NatMicrobiol_Dryad_10.5061_dryad.866t1g1xm_QVEU_eva71_dimple_c99331a6	direct_experiment_unfavorable	direct_experiment_unfavorable	82|83	82	83	exact_aligned	high	85	85,86	83-88	-1.8454288020526313	0.060454031	0.10526315789473684	-2.4308643614210528	1.766678506	0.05263157894736842	38	-2.1381465817368417	-2.445870546	1.766678506	0.07894736842105263	114	-2.4226436751140357	-2.9469035774999996	1.766678506	0.07017543859649122	exact flank summaries	82	83	0	0.0	0	0	False	0	0.0	0	0	False	0	resolved_by_parsimony	False	direct_insert_strongly_deleterious		0.09160399946370487	0.08608602281329084	0.42676540864421886	0.00437986134153339	0.2880866006367574	0.0	0.13663548818135743	0.34194445897861053	0.6355359646412007	0.4278145390053583	0.3697913304871413	0.0	False	False	False	False	False	0	False	direct_homolog_strongly_unfavorable	blocked_software_unavailable				
83|84	83	84	HIGH_RISK	A89_N-terminal_oligomerization_by_similarity	False	0.0	0.0194417964667081	0.0019201775071441	0.0	5.763378484796446	17.788381579041175	88.1500015258789	False	0.818182	1.0	0.856106	0.0	0.0	0.0	0.55563	1.535211	0.774892	0.051948	0.0	0.0	0	0.0	0	0.524664	1.513878	0.785394	0.064516	0.0	0.0	0	0.0	0	0	0.0	0.55785	1.561847	0.774892	0.051948	0.0	0.0	0	none	0	none	0	none	none	max(insertion_type_count,local_deletion_type_count)	background	4	AF_coil;hexamer_coil_fraction_ge_0.8;AF_rSASA_ge_0.25;hexamer_rSASA_ge_0.25	False		intermediate	remains unresolved	unresolved_exact_subset_too_small	False	unchanged_or_unresolved	83|84	83	L	84	S	86|87	86	exact_aligned	high	A89 flanking residues align directly to adjacent EV-A71 2C residues	78:NTLHDL|SLKFLP:89	81:SYLAHF|CRKFQP:92	86	87	86-87	insertional_handle_SGRPGSLS	8	-5.482222	0.022371	-5.482222	direct_insert_strongly_deleterious	-4.246208	-4.283771	-4.76466	-4.302037;-4.217080	3AAdel_spanning_option_2	-4.21708	deletion_context_strongly_deleterious	-2.359193	Bakhache_2024_NatMicrobiol_Dryad_10.5061_dryad.866t1g1xm_QVEU_eva71_dimple_c99331a6	direct_experiment_unfavorable	direct_experiment_unfavorable	83|84	83	84	exact_aligned	high	86	86,87	84-89	-2.4308643614210528	1.766678506	0.05263157894736842	-2.28752076768421	0.480249765	0.15789473684210525	38	-2.359192564552632	-2.7016882515000002	1.766678506	0.10526315789473684	114	-2.459317424105263	-2.9904799685	1.766678506	0.06140350877192982	exact flank summaries	83	84	0	0.0	0	0	False	0	0.0	0	0	False	0	resolved_by_parsimony	False	direct_insert_strongly_deleterious		0.02684596215778568	0.003082312370126043	1.0	0.16934911809793238	0.2201401175126518	0.0	0.10203197714601667	0.3246282829250385	0.6355359646412007	0.3593189770126103	0.3359720544526305	0.0	False	False	False	False	False	0	False	direct_homolog_strongly_unfavorable	blocked_software_unavailable				
84|85	84	85	HIGH_RISK	A89_N-terminal_oligomerization_by_similarity	False	0.0	0.0194417964667081	0.0019201775071441	0.7401672858443802	2.77891632887036	17.788381579041175	85.0999984741211	False	1.0	0.064935	0.0	1.268249	0.0	0.0	0.427696	1.268249	0.853896	0.064935	0.0	0.0	0	0.0	0	0.398507	1.225155	0.863351	0.075269	0.0	0.0	0	0.0	0	0	0.0	0.427696	1.268249	0.853896	0.064935	0.0	0.0	0	none	0	none	0	none	none	max(insertion_type_count,local_deletion_type_count)	background	6	AF_coil;hexamer_coil_fraction_ge_0.8;AF_rSASA_ge_0.25;hexamer_rSASA_ge_0.25;burial_lt_0.10;interprotomer_distance_gt_4.5A	False		intermediate	remains unresolved	unresolved_exact_subset_too_small	False	unchanged_or_unresolved	84|85	84	S	85	L	87|88	87	exact_aligned	high	A89 flanking residues align directly to adjacent EV-A71 2C residues	79:TLHDLS|LKFLPL:90	82:YLAHFC|RKFQPL:93	87	88	87-88	insertional_handle_SGRPGSLS	8	-5.60096	0.020604	-5.600960	direct_insert_strongly_deleterious	-4.283771	-4.604317	-3.972778	-4.217080;-4.113360	2AAdel_spanning_junction	-3.972778	deletion_context_strongly_deleterious	-2.617791	Bakhache_2024_NatMicrobiol_Dryad_10.5061_dryad.866t1g1xm_QVEU_eva71_dimple_c99331a6	direct_experiment_unfavorable	direct_experiment_unfavorable	84|85	84	85	exact_aligned	high	87	87,88	85-90	-2.28752076768421	0.480249765	0.15789473684210525	-2.9480602505263156	-0.089547947	0.0	38	-2.6177905091052636	-3.22978084	0.480249765	0.07894736842105263	114	-2.3911885509298245	-2.896633431	1.980780691	0.07017543859649122	exact flank summaries	84	85	0	0.0	0	0	False	0	0.0	0	0	False	0	resolved_by_parsimony	False	direct_insert_strongly_deleterious		0.02684596215778568	0.003082312370126043	0.2598327141556198	0.013215869180184444	0.2201401175126518	0.0	0.0857485140303184	0.35679656663444537	0.7159583397717217	0.2684046154996015	0.21455707290984705	0.0	False	False	False	False	False	0	False	direct_homolog_strongly_unfavorable	blocked_software_unavailable				
85|86	85	86	HIGH_RISK	A89_N-terminal_oligomerization_by_similarity	False	0.0	0.4709523618221283	0.1552707109087537	0.7401672858443802	2.77891632887036	18.07892138281843	85.0999984741211	False	0.064935	1.0	1.268249	0.0	0.0	0.0	0.329434	1.268249	0.871212	0.064935	0.0	0.0	0	0.0	0	0.308499	1.225155	0.878584	0.075269	0.0	0.0	0	0.0	0	0	0.0	0.329434	1.268249	0.871212	0.064935	0.0	0.0	0	none	0	none	0	none	none	max(insertion_type_count,local_deletion_type_count)	background	5	AF_coil;hexamer_coil_fraction_ge_0.8;hexamer_rSASA_ge_0.25;burial_lt_0.10;interprotomer_distance_gt_4.5A	False		intermediate	remains unresolved	unresolved_exact_subset_too_small	False	unchanged_or_unresolved	85|86	85	L	86	K	88|89	88	exact_aligned	high	A89 flanking residues align directly to adjacent EV-A71 2C residues	80:LHDLSL|KFLPLY:91	83:LAHFCR|KFQPLY:94	88	89	88-89	insertional_handle_SGRPGSLS	8	-5.373353	0.024125	-5.373353	direct_insert_strongly_deleterious	-4.604317	-4.255732	-4.520645	-4.113360;-4.505993	3AAdel_spanning_option_1	-4.11336	deletion_context_strongly_deleterious	-2.864847	Bakhache_2024_NatMicrobiol_Dryad_10.5061_dryad.866t1g1xm_QVEU_eva71_dimple_c99331a6	direct_experiment_unfavorable	direct_experiment_unfavorable	85|86	85	86	exact_aligned	high	88	88,89	86-91	-2.9480602505263156	-0.089547947	0.0	-2.7816344049473685	-0.241559294	0.0	38	-2.864847327736842	-3.2928513534999997	-0.089547947	0.0	114	-2.087825212385965	-2.7392799745	1.980780691	0.14035087719298245	exact flank summaries	85	86	0	0.0	0	0	False	0	0.0	0	0	False	0	resolved_by_parsimony	False	direct_insert_strongly_deleterious		0.6503086947364488	0.24924405747473435	0.2598327141556198	0.013215869180184444	0.22672572093181814	0.0	0.11819564115560062	0.5000350716392502	0.7159583397717217	0.19976725521108737	0.1879454858965966	0.0	False	True	True	True	True	4	True	pareto_reviewable_direct_conflicted	blocked_software_unavailable				
86|87	86	87	HIGH_RISK	A89_N-terminal_oligomerization_by_similarity	False	0.0	0.133597657084465	0.0914197074042426	0.3142887732828723	3.3569938738379586	15.011469363565029	80.4800033569336	False	1.0	0.974026	0.0	0.173781	0.0	0.0	0.289942	1.268249	0.884199	0.064935	0.0	0.0	0	0.0	0	0.270435	1.225155	0.890233	0.075269	0.0	0.0	0	0.0	0	0	0.0	0.289942	1.268249	0.884199	0.064935	0.0	0.0	0	none	0	none	0	none	none	max(insertion_type_count,local_deletion_type_count)	background	6	AF_coil;hexamer_coil_fraction_ge_0.8;AF_rSASA_ge_0.25;hexamer_rSASA_ge_0.25;burial_lt_0.10;interprotomer_distance_gt_4.5A	False		intermediate	remains unresolved	unresolved_exact_subset_too_small	False	unchanged_or_unresolved	86|87	86	K	87	F	89|90	89	exact_aligned	high	A89 flanking residues align directly to adjacent EV-A71 2C residues	81:HDLSLK|FLPLYA:92	84:AHFCRK|FQPLYA:95	89	90	89-90	insertional_handle_SGRPGSLS	8	-5.293577	0.025496	-5.293577	direct_insert_strongly_deleterious	-4.255732	-4.491123	-4.718004	-4.505993;-4.792752	1AAdel_left_residue	-4.255732	deletion_context_strongly_deleterious	-2.417629	Bakhache_2024_NatMicrobiol_Dryad_10.5061_dryad.866t1g1xm_QVEU_eva71_dimple_c99331a6	direct_experiment_unfavorable	direct_experiment_unfavorable	86|87	86	87	exact_aligned	high	89	89,90	87-92	-2.7816344049473685	-0.241559294	0.0	-2.053622718947368	1.980780691	0.10526315789473684	38	-2.4176285619473683	-3.1041618714999997	1.980780691	0.05263157894736842	114	-2.1708160236140355	-2.919214155	1.980780691	0.13157894736842105	exact flank summaries	86	87	0	0.0	0	0	False	0	0.0	0	0	False	0	resolved_by_parsimony	False	direct_insert_strongly_deleterious		0.18447665845077402	0.14674898229825678	0.6857112267171277	0.043458211185750835	0.15719644389819265	0.0	0.13082983919273836	0.46084945419943507	0.7159583397717217	0.1721815493175171	0.16798679563665878	0.0	False	False	False	False	False	0	False	direct_homolog_strongly_unfavorable	blocked_software_unavailable				
87|88	87	88	HIGH_RISK	A89_N-terminal_oligomerization_by_similarity	True	0.8333333333333334	0.133597657084465	0.0914197074042426	0.5613719003271358	3.2807506201940995	13.446278294446222	72.36000061035156	False	0.974026	1.0	0.173781	0.0	0.0	0.0	0.314355	1.268249	0.886364	0.064935	0.0	0.0	0	0.0	0	0.299931	1.232772	0.890233	0.075269	0.0	0.0	0	0.0	0	0	0.0	0.314178	1.268249	0.886364	0.064935	0.0	0.0	0	none	0	none	0	none	none	max(insertion_type_count,local_deletion_type_count)	background	4	AF_rSASA_ge_0.25;hexamer_rSASA_ge_0.25;burial_lt_0.10;interprotomer_distance_gt_4.5A	False		intermediate	remains unresolved	unresolved_exact_subset_too_small	False	unchanged_or_unresolved	87|88	87	F	88	L	90|91	90	exact_aligned	high	A89 flanking residues align directly to adjacent EV-A71 2C residues	82:DLSLKF|LPLYAS:93	85:HFCRKF|QPLYAT:96	90	91	90-91	insertional_handle_SGRPGSLS	8	-5.221861	0.026796	-5.221861	direct_insert_strongly_deleterious	-4.491123	-4.770342	-4.584046	-4.792752;-4.735756	1AAdel_left_residue	-4.491123	deletion_context_strongly_deleterious	-1.039436	Bakhache_2024_NatMicrobiol_Dryad_10.5061_dryad.866t1g1xm_QVEU_eva71_dimple_c99331a6	direct_experiment_unfavorable	direct_experiment_unfavorable	87|88	87	88	exact_aligned	high	90	90,91	88-93	-2.053622718947368	1.980780691	0.10526315789473684	-0.025248770789473667	1.91342656	0.5263157894736842	38	-1.039435744868421	-0.6529756234999999	1.980780691	0.3157894736842105	114	-1.795629352359649	-2.408804988	1.980780691	0.21929824561403508	exact flank summaries	87	88	0	0.0	0	0	False	0	0.0	0	0	False	0	resolved_by_parsimony	False	direct_insert_strongly_deleterious		0.18447665845077402	0.14674898229825678	0.4386280996728642	0.03946951698306567	0.12171859362628984	0.8333333333333334	0.14280974980417455	0.6380006490213423	0.7159583397717217	0.18911072910169033	0.16465957884965893	0.0	False	False	True	False	True	2	True	weak_pareto_reviewable_direct_conflicted	blocked_software_unavailable				
88|89	88	89	HIGH_RISK	A89_N-terminal_oligomerization_by_similarity	True	1.0	0.4302075803279876	0.2118298576443547	0.5613719003271358	3.2807506201940995	9.928155661267295	69.76000213623047	False	1.0	1.0	0.0	0.0	0.0	0.0	0.314355	1.268249	0.886364	0.064935	0.0	0.0	0	0.0	0	0.299931	1.232772	0.890233	0.075269	0.0	0.0	0	0.0	0	0	0.0	0.314178	1.268249	0.886364	0.064935	0.0	0.0	0	none	0	none	0	none	none	max(insertion_type_count,local_deletion_type_count)	background	3	hexamer_rSASA_ge_0.25;burial_lt_0.10;interprotomer_distance_gt_4.5A	False		intermediate	remains unresolved	unresolved_exact_subset_too_small	False	unchanged_or_unresolved	88|89	88	L	89	P	91|92	91	exact_aligned	high	A89 flanking residues align directly to adjacent EV-A71 2C residues	83:LSLKFL|PLYASE:94	86:FCRKFQ|PLYATE:97	91	92	91-92	insertional_handle_SGRPGSLS	8	-5.373353	0.024125	-5.373353	direct_insert_strongly_deleterious	-4.770342	-5.108432	-4.735756	-4.735756;-4.741604	2AAdel_spanning_junction	-4.735756	deletion_context_strongly_deleterious	-1.477029	Bakhache_2024_NatMicrobiol_Dryad_10.5061_dryad.866t1g1xm_QVEU_eva71_dimple_c99331a6	direct_experiment_unfavorable	direct_experiment_unfavorable	88|89	88	89	exact_aligned	high	91	91,92	89-94	-0.025248770789473667	1.91342656	0.5263157894736842	-2.9288092287894734	-0.17677226	0.0	38	-1.4770289997894734	-1.557918013	1.91342656	0.2631578947368421	114	-1.8033238409210528	-2.382353396	1.980780691	0.22807017543859648	exact flank summaries	88	89	0	0.0	0	0	False	0	0.0	0	0	False	0	resolved_by_parsimony	False	direct_insert_strongly_deleterious		0.5940467714109982	0.3400340792192366	0.4386280996728642	0.03946951698306567	0.04197406244366263	1.0	0.11819564115560062	0.6343675566259251	0.7159583397717217	0.18911072910169033	0.16465957884965893	0.0	False	True	True	True	True	4	True	pareto_reviewable_direct_conflicted	blocked_software_unavailable				
89|90	89	90	HIGH_RISK	A89_N-terminal_oligomerization_by_similarity	True	1.0	0.6237772703170776	0.4083142350554716	0.4679047881139906	3.389945723300788	9.928155661267295	68.61000061035156	False	1.0	1.0	0.0	0.0	0.0	0.0	0.300016	1.268249	0.886364	0.064935	0.0	0.0	0	0.0	0	0.286481	1.232772	0.890233	0.075269	0.0	0.0	0	0.0	0	0	0.0	0.299839	1.268249	0.886364	0.064935	0.0	0.0	0	none	0	none	0	none	none	max(insertion_type_count,local_deletion_type_count)	structural near-miss	2	burial_lt_0.10;interprotomer_distance_gt_4.5A	False		intermediate	remains unresolved	unresolved_exact_subset_too_small	False	unchanged_or_unresolved	89|90	89	P	90	L	92|93	92	exact_aligned	high	A89 flanking residues align directly to adjacent EV-A71 2C residues	84:SLKFLP|LYASEA:95	87:CRKFQP|LYATEA:98	92	93	92-93	insertional_handle_SGRPGSLS	8	-5.679239	0.019515	-5.679239	direct_insert_strongly_deleterious	-5.108432	-4.617607	-4.836119	-4.741604;-5.163455	1AAdel_right_residue	-4.617607	deletion_context_strongly_deleterious	-1.482605	Bakhache_2024_NatMicrobiol_Dryad_10.5061_dryad.866t1g1xm_QVEU_eva71_dimple_c99331a6	direct_experiment_unfavorable	direct_experiment_unfavorable	89|90	89	90	exact_aligned	high	92	92,93	90-95	-2.9288092287894734	-0.17677226	0.0	-0.036400740157894775	1.709264757	0.6842105263157895	38	-1.4826049844736844	-2.06946046	1.709264757	0.34210526315789475	114	-1.7321710912807016	-2.1627001955000003	1.980780691	0.2543859649122807	exact flank summaries	89	90	0	0.0	0	0	False	0	0.0	0	0	False	0	resolved_by_parsimony	False	direct_insert_strongly_deleterious		0.8613350634800954	0.6554352464433824	0.5320952118860094	0.04518209945964441	0.04197406244366263	1.0	0.07571303506427683	0.6679636184783087	0.7159583397717217	0.1790947401214436	0.16465957884965893	0.0	True	True	True	True	True	5	True	pareto_reviewable_direct_conflicted	blocked_software_unavailable				
90|91	90	91	HIGH_RISK	A89_N-terminal_oligomerization_by_similarity	True	1.0	0.1818446367979049	0.1895285293327689	0.0924141747491156	5.363602669977667	11.283222270060197	68.61000061035156	False	1.0	1.0	0.0	0.0	0.0	0.0	0.32891	1.268249	0.808442	0.064935	0.0	0.0	0	0.0	0	0.318588	1.232772	0.813172	0.075269	0.0	0.0	0	0.0	0	0	0.0	0.328733	1.268249	0.808442	0.064935	0.0	0.0	0	none	0	none	0	none	none	max(insertion_type_count,local_deletion_type_count)	structural near-miss	2	AF_rSASA_ge_0.25;hexamer_rSASA_ge_0.25	False		intermediate	remains unresolved	unresolved_exact_subset_too_small	False	unchanged_or_unresolved	90|91	90	L	91	Y	93|94	93	exact_aligned	high	A89 flanking residues align directly to adjacent EV-A71 2C residues	85:LKFLPL|YASEAR:96	88:RKFQPL|YATEAK:99	93	94	93-94	insertional_handle_SGRPGSLS	8	-5.569949	0.021051	-5.569949	direct_insert_strongly_deleterious	-4.617607	-4.637215	-4.787196	-5.163455;-4.549321	3AAdel_spanning_option_2	-4.549321	deletion_context_strongly_deleterious	-1.515314	Bakhache_2024_NatMicrobiol_Dryad_10.5061_dryad.866t1g1xm_QVEU_eva71_dimple_c99331a6	direct_experiment_unfavorable	direct_experiment_unfavorable	90|91	90	91	exact_aligned	high	93	93,94	91-96	-0.036400740157894775	1.709264757	0.6842105263157895	-2.9942271818947366	0.945131002	0.05263157894736842	38	-1.5153139610263158	-1.718087845	1.709264757	0.3684210526315789	114	-1.2399404822543858	-1.027886509	2.736962537	0.37719298245614036	exact flank summaries	90	91	0	0.0	0	0	False	0	0.0	0	0	False	0	resolved_by_parsimony	False	direct_insert_strongly_deleterious		0.25109789861406906	0.3042354825429948	0.9075858252508844	0.14843469749371893	0.07268906663946056	1.0	0.08986776021748145	0.9003792323522982	1.0	0.19927759705674236	0.2844117204092861	0.0	False	False	True	False	True	2	True	weak_pareto_reviewable_direct_conflicted	blocked_software_unavailable				
91|92	91	92	HIGH_RISK	A89_N-terminal_oligomerization_by_similarity	False	0.0	0.1818446367979049	0.1895285293327689	0.0981879219088742	6.408443497769307	10.747896024947302	77.31999969482422	False	1.0	0.961039	0.0	0.237508	0.0	0.0	0.239869	1.236611	0.884199	0.064935	0.0	0.0	0	0.0	0	0.230769	1.232772	0.888441	0.075269	0.0	0.0	0	0.0	0	0	0.0	0.239692	1.234489	0.884199	0.064935	0.0	0.0	0	none	0	none	0	none	none	max(insertion_type_count,local_deletion_type_count)	background	4	AF_coil;hexamer_coil_fraction_ge_0.8;AF_rSASA_ge_0.25;hexamer_rSASA_ge_0.25	False		intermediate	remains unresolved	unresolved_exact_subset_too_small	False	unchanged_or_unresolved	91|92	91	Y	92	A	94|95	94	exact_aligned	high	A89 flanking residues align directly to adjacent EV-A71 2C residues	86:KFLPLY|ASEARR:97	89:KFQPLY|ATEAKR:100	94	95	94-95	insertional_handle_SGRPGSLS	8	-5.83574	0.017509	-5.835740	direct_insert_strongly_deleterious	-4.637215	-4.912687	-4.965331	-4.549321;-4.787196	3AAdel_spanning_option_1	-4.549321	deletion_context_strongly_deleterious	-2.674473	Bakhache_2024_NatMicrobiol_Dryad_10.5061_dryad.866t1g1xm_QVEU_eva71_dimple_c99331a6	direct_experiment_unfavorable	direct_experiment_unfavorable	91|92	91	92	exact_aligned	high	94	94,95	92-97	-2.9942271818947366	0.945131002	0.05263157894736842	-2.354717907105263	1.02378119	0.15789473684210525	38	-2.6744725445	-3.2845108075000002	1.02378119	0.10526315789473684	114	-1.6595288849035088	-2.382353396	2.736962537	0.2982456140350877	exact flank summaries	91	92	0	0.0	0	0	False	0	0.0	0	0	False	0	resolved_by_parsimony	False	direct_insert_strongly_deleterious		0.25109789861406906	0.3042354825429948	0.9018120780911258	0.20309593443421442	0.060554941454713816	0.0	0.05722711145924527	0.7022629543560857	1.0	0.1370812322621159	0.16798679563665878	0.0	False	False	False	False	False	0	False	direct_homolog_strongly_unfavorable	blocked_software_unavailable				
92|93	92	93	HIGH_RISK	A89_N-terminal_oligomerization_by_similarity	False	0.0	0.4203880131244659	0.1103470904852754	0.8245172328286764	3.2807506201940995	10.747896024947302	84.05999755859375	False	0.961039	0.818182	0.237508	1.236611	0.0	0.0	0.248202	1.236611	0.883117	0.064935	0.0	0.0	0	0.0	0	0.237914	1.232772	0.887545	0.075269	0.0	0.0	0	0.0	0	0	0.0	0.248025	1.234489	0.883117	0.064935	0.0	0.0	0	none	0	none	0	none	none	max(insertion_type_count,local_deletion_type_count)	background	5	AF_coil;hexamer_coil_fraction_ge_0.8;hexamer_rSASA_ge_0.25;burial_lt_0.10;interprotomer_distance_gt_4.5A	False		intermediate	remains unresolved	unresolved_exact_subset_too_small	False	unchanged_or_unresolved	92|93	92	A	93	S	95|96	95	exact_aligned	high	A89 flanking residues align directly to adjacent EV-A71 2C residues	87:FLPLYA|SEARRI:98	90:FQPLYA|TEAKRV:101	95	96	95-96	insertional_handle_SGRPGSLS	8	-5.60096	0.020604	-5.600960	direct_insert_strongly_deleterious	-4.912687	-4.354912	-4.997444	-4.787196;-5.010897	1AAdel_right_residue	-4.354912	deletion_context_strongly_deleterious	-0.727478	Bakhache_2024_NatMicrobiol_Dryad_10.5061_dryad.866t1g1xm_QVEU_eva71_dimple_c99331a6	direct_experiment_unfavorable	direct_experiment_unfavorable	92|93	92	93	exact_aligned	high	95	95,96	93-98	-2.354717907105263	1.02378119	0.15789473684210525	0.8997609352105262	2.736962537	0.8421052631578947	38	-0.7274784859473682	-0.274667757	2.736962537	0.5	114	-1.5474522698596493	-2.2692786294999996	2.736962537	0.32456140350877194	exact flank summaries	92	93	0	0.0	0	0	False	0	0.0	0	0	False	0	resolved_by_parsimony	False	direct_insert_strongly_deleterious		0.5804875445153258	0.17713164576958948	0.1754827671713236	0.03946951698306567	0.060554941454713816	0.0	0.0857485140303184	0.7551819618470335	1.0	0.14290194752624838	0.1696496356198151	0.0	False	False	True	True	True	3	True	pareto_reviewable_direct_conflicted	blocked_software_unavailable				
93|94	93	94	HIGH_RISK	A89_N-terminal_oligomerization_by_similarity	False	0.0	0.2437525540590286	0.0625024903871909	0.8303207167797105	3.2807506201940995	12.38677019092088	86.97000122070312	False	0.818182	1.0	1.236611	0.0	0.0	0.0	0.250367	1.236611	0.883117	0.064935	0.0	0.0	0	0.0	0	0.239706	1.232772	0.887545	0.075269	0.0	0.0	0	0.0	0	0	0.0	0.25019	1.234489	0.883117	0.064935	0.0	0.0	0	none	0	none	0	none	none	max(insertion_type_count,local_deletion_type_count)	background	6	AF_coil;hexamer_coil_fraction_ge_0.8;AF_rSASA_ge_0.25;hexamer_rSASA_ge_0.25;burial_lt_0.10;interprotomer_distance_gt_4.5A	False		intermediate	remains unresolved	unresolved_exact_subset_too_small	False	unchanged_or_unresolved	93|94	93	S	94	E	96|97	96	exact_aligned	high	A89 flanking residues align directly to adjacent EV-A71 2C residues	88:LPLYAS|EARRIK:99	91:QPLYAT|EAKRVY:102	96	97	96-97	insertional_handle_SGRPGSLS	8	-5.697888	0.019265	-5.697888	direct_insert_strongly_deleterious	-4.354912	-4.877683	-4.825452	-5.010897;-4.932152	1AAdel_left_residue	-4.354912	deletion_context_strongly_deleterious	-0.821509	Bakhache_2024_NatMicrobiol_Dryad_10.5061_dryad.866t1g1xm_QVEU_eva71_dimple_c99331a6	direct_experiment_unfavorable	direct_experiment_unfavorable	93|94	93	94	exact_aligned	high	96	96,97	94-99	0.8997609352105262	2.736962537	0.8421052631578947	-2.5427791866842107	0.574591603	0.05263157894736842	38	-0.8215091257368421	-0.7025251690000001	2.736962537	0.4473684210526316	114	-2.0345529690526316	-2.9439408345	2.736962537	0.21929824561403508	exact flank summaries	93	94	0	0.0	0	0	False	0	0.0	0	0	False	0	resolved_by_parsimony	False	direct_insert_strongly_deleterious		0.3365826740002019	0.10033041141631546	0.16967928322028947	0.03946951698306567	0.09770295067996113	0.0	0.07340920610053911	0.52518852798617	1.0	0.1444142298431627	0.1696496356198151	0.0	False	False	False	False	False	0	False	direct_homolog_strongly_unfavorable	blocked_software_unavailable				
94|95	94	95	HIGH_RISK	A89_N-terminal_oligomerization_by_similarity	False	0.0	0.0864153131842613	0.0559051609778589	0.8303207167797105	3.4262094845315483	15.049432754370008	86.62999725341797	False	1.0	0.818182	0.0	0.684038	0.0	0.0	0.452788	2.429053	0.805195	0.064935	0.0	0.0	0	0.0	0	0.437788	2.376988	0.810932	0.075269	0.0	0.0	0	0.0	0	0	0.0	0.452916	2.43271	0.805195	0.064935	0.0	0.0	0	none	0	none	0	none	none	max(insertion_type_count,local_deletion_type_count)	background	6	AF_coil;hexamer_coil_fraction_ge_0.8;AF_rSASA_ge_0.25;hexamer_rSASA_ge_0.25;burial_lt_0.10;interprotomer_distance_gt_4.5A	False		intermediate	remains unresolved	unresolved_exact_subset_too_small	False	unchanged_or_unresolved	94|95	94	E	95	A	97|98	97	exact_aligned	high	A89 flanking residues align directly to adjacent EV-A71 2C residues	89:PLYASE|ARRIKN:100	92:PLYATE|AKRVYA:103	97	98	97-98	insertional_handle_SGRPGSLS	8	-5.590729	0.02075	-5.590729	direct_insert_strongly_deleterious	-4.877683	-4.396935	-5.001948	-4.932152;-4.781610	1AAdel_right_residue	-4.396935	deletion_context_strongly_deleterious	-2.399564	Bakhache_2024_NatMicrobiol_Dryad_10.5061_dryad.866t1g1xm_QVEU_eva71_dimple_c99331a6	direct_experiment_unfavorable	direct_experiment_unfavorable	94|95	94	95	exact_aligned	high	97	97,98	95-100	-2.5427791866842107	0.574591603	0.05263157894736842	-2.256349538526316	1.357350372	0.15789473684210525	38	-2.399564362605263	-3.0302594345	1.357350372	0.10526315789473684	114	-2.0461398139473688	-3.0091278299999997	2.736962537	0.21052631578947367	exact flank summaries	94	95	0	0.0	0	0	False	0	0.0	0	0	False	0	resolved_by_parsimony	False	direct_insert_strongly_deleterious		0.11932550737121693	0.08974022901259339	0.16967928322028947	0.047079251630829884	0.1580569519354325	0.0	0.08709395014514124	0.5197175889188088	1.0	0.28602113283566555	0.28940177717944227	0.0	False	False	False	False	False	0	False	direct_homolog_strongly_unfavorable	blocked_software_unavailable				
95|96	95	96	HIGH_RISK	A89_N-terminal_oligomerization_by_similarity	False	0.0	0.0864153131842613	0.0559051609778589	0.0084680925042405	6.358563849051674	9.08891392019646	86.62999725341797	False	0.818182	0.064935	0.684038	0.346731	0.0	0.0	0.485589	2.429053	0.799784	0.064935	0.0	0.0	0	0.0	0	0.468161	2.376988	0.806004	0.075269	0.0	0.0	0	0.0	0	0	0.0	0.485716	2.43271	0.799784	0.064935	0.0	0.0	0	none	0	none	0	none	none	max(insertion_type_count,local_deletion_type_count)	background	4	AF_coil;hexamer_coil_fraction_ge_0.8;AF_rSASA_ge_0.25;hexamer_rSASA_ge_0.25	False		intermediate	remains unresolved	unresolved_exact_subset_too_small	False	unchanged_or_unresolved	95|96	95	A	96	R	98|99	98	exact_aligned	high	A89 flanking residues align directly to adjacent EV-A71 2C residues	90:LYASEA|RRIKNL:101	93:LYATEA|KRVYAL:104	98	99	98-99	insertional_handle_SGRPGSLS	8	-5.751833	0.018558	-5.751833	direct_insert_strongly_deleterious	-4.396935	-4.527891	-5.261716	-4.781610;-4.770342	1AAdel_left_residue	-4.396935	deletion_context_strongly_deleterious	-2.607677	Bakhache_2024_NatMicrobiol_Dryad_10.5061_dryad.866t1g1xm_QVEU_eva71_dimple_c99331a6	direct_experiment_unfavorable	direct_experiment_unfavorable	95|96	95	96	exact_aligned	high	98	98,99	96-101	-2.256349538526316	1.357350372	0.15789473684210525	-2.9590049353157895	0.92405155	0.05263157894736842	38	-2.607677236921053	-3.2873104265	1.357350372	0.10526315789473684	114	-2.0361693390877194	-2.991994731	2.736962537	0.20175438596491227	exact flank summaries	95	96	0	0.0	0	0	False	0	0.0	0	0	False	0	resolved_by_parsimony	False	direct_insert_strongly_deleterious		0.11932550737121693	0.08974022901259339	0.9915319074957595	0.20048646203943266	0.02295114989381975	0.0	0.0668939777910888	0.524425329544091	1.0	0.30893238456536026	0.2977175139159112	0.0	False	False	False	False	False	0	False	direct_homolog_strongly_unfavorable	blocked_software_unavailable				
96|97	96	97	HIGH_RISK	A89_N-terminal_oligomerization_by_similarity	False	0.0	0.3254839777946472	0.1130792647962732	0.6897048693472984	3.298062850198578	9.08891392019646	87.80000305175781	False	0.064935	0.974026	0.346731	0.199755	0.0	0.0	0.629402	2.429053	0.746056	0.064935	0.0	0.0	0	0.0	0	0.610978	2.376988	0.75392	0.075269	0.0	0.0	0	0.0	0	0	0.0	0.629354	2.43271	0.745926	0.064935	0.0	0.0	0	none	0	none	0	none	none	max(insertion_type_count,local_deletion_type_count)	background	5	AF_coil;hexamer_coil_fraction_ge_0.8;hexamer_rSASA_ge_0.25;burial_lt_0.10;interprotomer_distance_gt_4.5A	False		intermediate	remains unresolved	unresolved_exact_subset_too_small	False	unchanged_or_unresolved	96|97	96	R	97	R	99|100	99	exact_aligned	high	A89 flanking residues align directly to adjacent EV-A71 2C residues	91:YASEAR|RIKNLY:102	94:YATEAK|RVYALE:105	99	100	99-100	insertional_handle_SGRPGSLS	8	-5.621111	0.020318	-5.621111	direct_insert_strongly_deleterious	-4.527891	-4.498585	-5.006432	-4.770342;-5.607062	1AAdel_right_residue	-4.498585	deletion_context_strongly_deleterious	-3.011377	Bakhache_2024_NatMicrobiol_Dryad_10.5061_dryad.866t1g1xm_QVEU_eva71_dimple_c99331a6	direct_experiment_unfavorable	direct_experiment_unfavorable	96|97	96	97	exact_aligned	high	99	99,100	97-102	-2.9590049353157895	0.92405155	0.05263157894736842	-3.063748251263158	-0.013334807	0.0	38	-3.011376593289473	-3.4235274955	0.92405155	0.02631578947368421	114	-2.4358574411842104	-3.154680404	1.778606755	0.11403508771929824	exact flank summaries	96	97	0	0.0	0	0	False	0	0.0	0	0	False	0	resolved_by_parsimony	False	direct_insert_strongly_deleterious		0.44944049104738765	0.18151739377715487	0.31029513065270165	0.04037521274176153	0.02295114989381975	0.0	0.08311293369580242	0.33570533955679743	0.640016526648208	0.4092655057833448	0.38048760246751934	0.0	False	False	False	False	False	0	False	direct_homolog_strongly_unfavorable	blocked_software_unavailable				
97|98	97	98	HIGH_RISK	A89_N-terminal_oligomerization_by_similarity	False	0.0	0.0044698594138026	0.000299452424251	0.6897048693472984	3.298062850198578	16.66689057361052	89.47000122070312	False	0.974026	0.987013	0.199755	0.100001	0.0	0.0	0.753198	2.429053	0.67138	0.064935	0.0	0.0	0	0.0	0	0.735585	2.376988	0.679995	0.075269	0.0	0.0	0	0.0	0	0	0.0	0.753151	2.43271	0.671251	0.064935	0.0	0.0	0	none	0	none	0	none	none	max(insertion_type_count,local_deletion_type_count)	background	6	AF_coil;hexamer_coil_fraction_ge_0.8;AF_rSASA_ge_0.25;hexamer_rSASA_ge_0.25;burial_lt_0.10;interprotomer_distance_gt_4.5A	False		variable	supports	unresolved_exact_subset_too_small	False	unchanged_or_unresolved	97|98	97	R	98	I	100|101	100	exact_aligned	high	A89 flanking residues align directly to adjacent EV-A71 2C residues	92:ASEARR|IKNLYI:103	95:ATEAKR|VYALEK:106	100	101	100-101	insertional_handle_SGRPGSLS	8	-5.410975	0.023504	-5.410975	direct_insert_strongly_deleterious	-4.498585	-4.597606	-4.992919	-5.607062;-5.265176	1AAdel_left_residue	-4.498585	deletion_context_strongly_deleterious	-2.679322	Bakhache_2024_NatMicrobiol_Dryad_10.5061_dryad.866t1g1xm_QVEU_eva71_dimple_c99331a6	direct_experiment_unfavorable	direct_experiment_unfavorable	97|98	97	98	exact_aligned	high	100	100,101	98-103	-3.063748251263158	-0.013334807	0.0	-2.294895057947368	1.778606755	0.10526315789473684	38	-2.6793216546052627	-3.3168084120000003	1.778606755	0.05263157894736842	114	-1.897440709394737	-2.9153477465	2.223259682	0.24561403508771928	exact flank summaries	97	98	0	0.0	0	0	False	0	0.0	0	0	False	0	resolved_by_parsimony	False	direct_insert_strongly_deleterious		0.0061721496199720685	0.0004806878052154071	0.31029513065270165	0.04037521274176153	0.1947195214225176	0.0	0.11247293000967609	0.5899285693685533	0.8070397847157434	0.49573941524618076	0.49524968725699015	0.0	False	False	False	False	False	0	False	direct_homolog_strongly_unfavorable	blocked_software_unavailable				
98|99	98	99	HIGH_RISK	A89_N-terminal_oligomerization_by_similarity	False	0.0	0.0044698594138026	0.000299452424251	0.0	6.7735842723772	15.117870890210542	88.68000030517578	False	0.987013	0.974026	0.100001	0.199755	0.0	0.0	0.810563	2.429053	0.654064	0.064935	0.0	0.0	0	0.0	0	0.791209	2.376988	0.663867	0.075269	0.0	0.0	0	0.0	0	0	0.0	0.810515	2.43271	0.653935	0.064935	0.0	0.0	0	none	0	none	0	none	none	max(insertion_type_count,local_deletion_type_count)	background	4	AF_coil;hexamer_coil_fraction_ge_0.8;AF_rSASA_ge_0.25;hexamer_rSASA_ge_0.25	False		variable	supports	unresolved_exact_subset_too_small	False	unchanged_or_unresolved	98|99	98	I	99	K	101|102	101	exact_aligned	high	A89 flanking residues align directly to adjacent EV-A71 2C residues	93:SEARRI|KNLYIK:104	96:TEAKRV|YALEKR:107	101	102	101-102	insertional_handle_SGRPGSLS	8	-5.516028	0.021853	-5.516028	direct_insert_strongly_deleterious	-4.597606	-4.527891	-4.630722	-5.265176;-4.452950	3AAdel_spanning_option_2	-4.45295	deletion_context_strongly_deleterious	-1.896631	Bakhache_2024_NatMicrobiol_Dryad_10.5061_dryad.866t1g1xm_QVEU_eva71_dimple_c99331a6	direct_experiment_unfavorable	direct_experiment_unfavorable	98|99	98	99	exact_aligned	high	101	101,102	99-104	-2.294895057947368	1.778606755	0.10526315789473684	-1.4983676773684214	1.616596208	0.3157894736842105	38	-1.8966313676578948	-2.5695008535	1.778606755	0.21052631578947367	114	-1.8681448147105264	-2.921804468	2.223259682	0.24561403508771928	exact flank summaries	98	99	0	0.0	0	0	False	0	0.0	0	0	False	0	resolved_by_parsimony	False	direct_insert_strongly_deleterious		0.0061721496199720685	0.0004806878052154071	1.0	0.2221984100138329	0.15960822448237183	0.0	0.0972584435331521	0.6037611576354373	0.8070397847157434	0.5358089592773456	0.5218612742702405	0.0	False	False	False	False	True	1	True	weak_pareto_reviewable_direct_conflicted	blocked_software_unavailable				
99|100	99	100	HIGH_RISK	A89_N-terminal_oligomerization_by_similarity	False	0.0	0.4164459109306335	0.3056302421113364	0.0	6.7735842723772	15.117870890210542	88.04000091552734	False	0.974026	0.064935	0.199755	2.429053	0.0	0.0	0.791969	2.429053	0.6519	0.064935	0.0	0.0	0	0.0	0	0.766076	2.376988	0.663867	0.075269	0.0	0.0	0	0.0	0	0	0.0	0.792098	2.43271	0.65177	0.064935	0.0	0.0	0	none	0	none	0	none	none	max(insertion_type_count,local_deletion_type_count)	structural near-miss	2	AF_coil;hexamer_coil_fraction_ge_0.8	False		variable	supports	unresolved_exact_subset_too_small	False	outside_strict_review_only; near-miss plus V2 evolutionary support	99|100	99	K	100	N	102|103	102	exact_aligned	high	A89 flanking residues align directly to adjacent EV-A71 2C residues	94:EARRIK|NLYIKC:105	97:EAKRVY|ALEKRM:108	102	103	102-103	insertional_handle_SGRPGSLS	8	-5.307323	0.025254	-5.307323	direct_insert_strongly_deleterious	-4.527891	-4.630722	-4.705992	-4.452950;-4.476028	3AAdel_spanning_option_1	-4.45295	deletion_context_strongly_deleterious	-0.405323	Bakhache_2024_NatMicrobiol_Dryad_10.5061_dryad.866t1g1xm_QVEU_eva71_dimple_c99331a6	direct_experiment_unfavorable	direct_experiment_unfavorable	99|100	99	100	exact_aligned	high	102	102,103	100-105	-1.4983676773684214	1.616596208	0.3157894736842105	0.6877212040526316	2.223259682	0.8421052631578947	38	-0.4053232366578948	0.530974141	2.223259682	0.5789473684210527	114	-1.9402639883157893	-2.9680224125	2.223259682	0.23684210526315788	exact flank summaries	99	100	0	0.0	0	0	False	0	0.0	0	0	False	0	resolved_by_parsimony	False	direct_insert_strongly_deleterious		0.5750441418699493	0.49060457819105857	1.0	0.2221984100138329	0.15960822448237183	0.0	0.1285997327558402	0.5697087811716731	0.8070397847157434	0.5229444311338765	0.5251884910572404	0.0	False	False	True	True	True	3	True	pareto_reviewable_direct_conflicted	blocked_software_unavailable				
100|101	100	101	HIGH_RISK	A89_N-terminal_oligomerization_by_similarity	False	0.0	0.0650877580046653	0.0278639415801065	0.0	6.345692518306317	16.090816964022746	88.04000091552734	False	0.064935	0.935065	2.429053	0.39361	0.0	0.0	0.976142	2.429053	0.582636	0.064935	0.0	0.0	0	0.0	0	0.952275	2.376988	0.59711	0.075269	0.0	0.0	0	0.0	0	0	0.0	0.976847	2.43271	0.582867	0.064935	0.0	0.0	0	none	0	none	0	none	none	max(insertion_type_count,local_deletion_type_count)	background	4	AF_coil;hexamer_coil_fraction_ge_0.8;AF_rSASA_ge_0.25;hexamer_rSASA_ge_0.25	False		variable	supports	unresolved_exact_subset_too_small	False	unchanged_or_unresolved	100|101	100	N	101	L	103|104	103	exact_aligned	high	A89 flanking residues align directly to adjacent EV-A71 2C residues	95:ARRIKN|LYIKCS:106	98:AKRVYA|LEKRMN:109	103	104	103-104	insertional_handle_SGRPGSLS	8	-5.665021	0.019709	-5.665021	direct_insert_strongly_deleterious	-4.630722	-4.729874	-4.927321	-4.476028;-4.872581	3AAdel_spanning_option_1	-4.476028	deletion_context_strongly_deleterious	-0.696426	Bakhache_2024_NatMicrobiol_Dryad_10.5061_dryad.866t1g1xm_QVEU_eva71_dimple_c99331a6	direct_experiment_unfavorable	direct_experiment_unfavorable	100|101	100	101	exact_aligned	high	103	103,104	101-106	0.6877212040526316	2.223259682	0.8421052631578947	-2.0805741704210527	1.865416269	0.15789473684210525	38	-0.6964264831842106	0.04928319249999999	2.223259682	0.5	114	-1.8480063990614037	-2.8797022070000002	2.223259682	0.24561403508771928	exact flank summaries	100	101	0	0.0	0	0	False	0	0.0	0	0	False	0	resolved_by_parsimony	False	direct_insert_strongly_deleterious		0.08987561881539533	0.0447278293247846	1.0	0.19981309357899596	0.18166178446644363	0.0	0.07750080634013731	0.6132698760079068	0.8070397847157434	0.6519941520426988	0.6310800468422945	0.0	False	False	False	False	True	1	True	weak_pareto_reviewable_direct_conflicted	blocked_software_unavailable				
101|102	101	102	HIGH_RISK	A89_N-terminal_oligomerization_by_similarity	False	0.0	0.0650877580046653	0.0278639415801065	0.0	6.116904961971463	21.42864299138417	88.80999755859375	False	0.935065	0.355263	0.39361	1.725757	0.0	0.0	1.109636	2.429053	0.545839	0.064935	0.0	0.0	0	0.0	0	1.083055	2.376988	0.561716	0.075269	0.0	0.0	0	0.0	0	0	0.0	1.110341	2.43271	0.546071	0.064935	0.0	0.0	0	none	0	none	0	none	none	max(insertion_type_count,local_deletion_type_count)	background	4	AF_coil;hexamer_coil_fraction_ge_0.8;AF_rSASA_ge_0.25;hexamer_rSASA_ge_0.25	False		variable	supports	unresolved_exact_subset_too_small	False	unchanged_or_unresolved	101|102	101	L	102	Y	104|105	104	exact_aligned	high	A89 flanking residues align directly to adjacent EV-A71 2C residues	96:RRIKNL|YIKCSN:107	99:KRVYAL|EKRMNN:110	104	105	104-105	insertional_handle_SGRPGSLS	8	-5.621111	0.020318	-5.621111	direct_insert_strongly_deleterious	-4.729874	-4.468394	-4.563356	-4.872581;-4.836119	1AAdel_right_residue	-4.468394	deletion_context_strongly_deleterious	-2.736147	Bakhache_2024_NatMicrobiol_Dryad_10.5061_dryad.866t1g1xm_QVEU_eva71_dimple_c99331a6	direct_experiment_unfavorable	direct_experiment_unfavorable	101|102	101	102	exact_aligned	high	104	104,105	102-107	-2.0805741704210527	1.865416269	0.15789473684210525	-3.391719976947368	-0.580994735	0.0	38	-2.7361470736842106	-3.2624388604999996	1.865416269	0.07894736842105263	114	-1.8624670069561402	-2.7817508485	2.223259682	0.23684210526315788	exact flank summaries	101	102	0	0.0	0	0	False	0	0.0	0	0	False	0	resolved_by_parsimony	False	direct_insert_strongly_deleterious		0.08987561881539533	0.0447278293247846	1.0	0.18784398738289862	0.3026531422070746	0.0	0.08311293369580242	0.6064420375939277	0.8070397847157434	0.7452415495550119	0.6876289008351083	0.0	False	False	False	False	True	1	True	weak_pareto_reviewable_direct_conflicted	blocked_software_unavailable				
102|103	102	103	HIGH_RISK	A89_N-terminal_oligomerization_by_similarity	False	0.0	0.2400562763214111	0.2283071438169298	0.0	5.910082018071061	18.2779590542909	84.73999786376953	False	0.355263	0.103896	1.725757	1.485562	0.0	0.0	1.141206	2.429053	0.55125	0.064935	0.0	0.0	0	0.0	0	1.116087	2.376988	0.568884	0.080645	0.0	0.0	0	0.0	0	0	0.0	1.141912	2.43271	0.551482	0.064935	0.0	0.0	0	none	0	none	0	none	none	max(insertion_type_count,local_deletion_type_count)	background	4	AF_coil;hexamer_coil_fraction_ge_0.8;AF_rSASA_ge_0.25;hexamer_rSASA_ge_0.25	False		variable	supports	unresolved_exact_subset_too_small	False	unchanged_or_unresolved	102|103	102	Y	103	I	105|106	105	exact_aligned	high	A89 flanking residues align directly to adjacent EV-A71 2C residues	97:RIKNLY|IKCSNV:108	100:RVYALE|KRMNNY:111	105	106	105-106	insertional_handle_SGRPGSLS	8	-5.707083	0.019142	-5.707083	direct_insert_strongly_deleterious	-4.468394	-4.302037	-4.681526	-4.836119;-4.927321	1AAdel_right_residue	-4.302037	deletion_context_strongly_deleterious	-2.950961	Bakhache_2024_NatMicrobiol_Dryad_10.5061_dryad.866t1g1xm_QVEU_eva71_dimple_c99331a6	direct_experiment_unfavorable	direct_experiment_unfavorable	102|103	102	103	exact_aligned	high	105	105,106	103-108	-3.391719976947368	-0.580994735	0.0	-2.510202715736842	0.5302271	0.05263157894736842	38	-2.950961346342105	-3.2204152539999997	0.5302271	0.02631578947368421	114	-1.9317908784473683	-2.8811144365	2.223259682	0.21929824561403508	exact flank summaries	102	103	0	0.0	0	0	False	0	0.0	0	0	False	0	resolved_by_parsimony	False	direct_insert_strongly_deleterious		0.3314787149890753	0.36648379171033474	1.0	0.17702396806458276	0.23123726514280324	0.0	0.07227572225038012	0.5737095137457531	0.8070397847157434	0.7672943278586153	0.6793131640986392	0.0	False	False	False	False	False	0	False	direct_homolog_strongly_unfavorable	blocked_software_unavailable				
103|104	103	104	HIGH_RISK	A89_N-terminal_oligomerization_by_similarity	False	0.0	0.3045889437198639	0.2473862029977659	0.3229687812162712	2.970873178511459	18.2779590542909	84.55000305175781	False	0.103896	0.753247	1.485562	0.92588	0.0	0.0	1.206538	2.429053	0.536099	0.064935	0.0	0.0	0	0.0	0	1.177863	2.376988	0.555444	0.080645	0.0	0.0	0	0.0	0	0	0.0	1.207244	2.43271	0.53633	0.064935	0.0	0.0	0	none	0	none	0	none	none	max(insertion_type_count,local_deletion_type_count)	background	5	AF_coil;hexamer_coil_fraction_ge_0.8;hexamer_rSASA_ge_0.25;burial_lt_0.10;interprotomer_distance_gt_4.5A	False		variable	supports	unresolved_exact_subset_too_small	False	unchanged_or_unresolved	103|104	103	I	104	K	106|107	106	exact_aligned	high	A89 flanking residues align directly to adjacent EV-A71 2C residues	98:IKNLYI|KCSNVI:109	101:VYALEK|RMNNYM:112	106	107	106-107	insertional_handle_SGRPGSLS	8	-5.8829	0.016946	-5.882900	direct_insert_strongly_deleterious	-4.302037	-4.498585	-4.723957	-4.927321;-4.830800	1AAdel_left_residue	-4.302037	deletion_context_strongly_deleterious	-2.445931	Bakhache_2024_NatMicrobiol_Dryad_10.5061_dryad.866t1g1xm_QVEU_eva71_dimple_c99331a6	direct_experiment_unfavorable	direct_experiment_unfavorable	103|104	103	104	exact_aligned	high	106	106,107	104-109	-2.510202715736842	0.5302271	0.05263157894736842	-2.3816587053157896	0.920533043	0.05263157894736842	38	-2.4459307105263157	-2.8186791385000003	0.920533043	0.05263157894736842	114	-2.2596682783157895	-2.955334258	1.968329771	0.12280701754385964	exact flank summaries	103	104	0	0.0	0	0	False	0	0.0	0	0	False	0	resolved_by_parsimony	False	direct_insert_strongly_deleterious		0.42058784386440556	0.3971099290880833	0.6770312187837288	0.02325816324210409	0.23123726514280324	0.0	0.052038888632907884	0.41889624986408214	0.7112814488798325	0.8129296296270426	0.7025990711455768	0.0	False	False	False	False	False	0	False	direct_homolog_strongly_unfavorable	blocked_software_unavailable				
104|105	104	105	HIGH_RISK	A89_N-terminal_oligomerization_by_similarity	False	0.0	0.0	0.0008428790969049	0.3229687812162712	2.970873178511459	20.49467287375324	84.55000305175781	False	0.753247	0.792208	0.92588	1.013487	0.0	0.0	1.271712	2.429053	0.52203	0.064935	0.0	0.0	0	0.0	0	1.236571	2.376988	0.543347	0.080645	0.0	0.0	0	0.0	0	0	0.0	1.272417	2.43271	0.522261	0.064935	0.0	0.0	0	none	0	none	0	none	none	max(insertion_type_count,local_deletion_type_count)	background	6	AF_coil;hexamer_coil_fraction_ge_0.8;AF_rSASA_ge_0.25;hexamer_rSASA_ge_0.25;burial_lt_0.10;interprotomer_distance_gt_4.5A	False		variable	supports	unresolved_exact_subset_too_small	False	unchanged_or_unresolved	104|105	104	K	105	C	107|108	107	exact_aligned	high	A89 flanking residues align directly to adjacent EV-A71 2C residues	99:KNLYIK|CSNVIK:110	102:YALEKR|MNNYMQ:113	107	108	107-108	insertional_handle_SGRPGSLS	8	-5.764877	0.018391	-5.764877	direct_insert_strongly_deleterious	-4.498585	-4.88781	-4.775992	-4.830800;-4.798277	1AAdel_left_residue	-4.498585	deletion_context_strongly_deleterious	-2.147985	Bakhache_2024_NatMicrobiol_Dryad_10.5061_dryad.866t1g1xm_QVEU_eva71_dimple_c99331a6	direct_experiment_unfavorable	direct_experiment_unfavorable	104|105	104	105	exact_aligned	high	107	107,108	105-110	-2.3816587053157896	0.920533043	0.05263157894736842	-1.9143109063157893	1.968329771	0.21052631578947367	38	-2.1479848058157893	-2.7609635514999997	1.968329771	0.13157894736842105	114	-2.2405150565175442	-2.8379852905	1.968329771	0.12280701754385964	exact flank summaries	104	105	0	0.0	0	0	False	0	0.0	0	0	False	0	resolved_by_parsimony	False	direct_insert_strongly_deleterious		0.0	0.0013530085928225967	0.6770312187837288	0.02325816324210409	0.2814830418624589	0.0	0.06535502004331199	0.42793979108292146	0.7112814488798325	0.8584538677056827	0.7242206013886712	0.0	False	False	False	False	False	0	False	direct_homolog_strongly_unfavorable	blocked_software_unavailable				
105|106	105	106	HIGH_RISK	A89_N-terminal_oligomerization_by_similarity	False	0.0	0.0	0.0008428790969049	0.0	4.519969759985777	25.83112607741816	83.23999786376953	False	0.792208	0.168831	1.013487	2.210073	0.0	0.0	1.355085	2.429053	0.446272	0.064935	0.0	0.0	0	0.0	0	1.321026	2.376988	0.468078	0.075269	0.0	0.0	0	0.0	0	0	0.0	1.355791	2.43271	0.446503	0.064935	0.0	0.0	0	none	0	none	0	none	none	max(insertion_type_count,local_deletion_type_count)	background	4	AF_coil;hexamer_coil_fraction_ge_0.8;AF_rSASA_ge_0.25;hexamer_rSASA_ge_0.25	False		variable	supports	unresolved_exact_subset_too_small	False	unchanged_or_unresolved	105|106	105	C	106	S	108|109	108	exact_aligned	high	A89 flanking residues align directly to adjacent EV-A71 2C residues	100:NLYIKC|SNVIKG:111	103:ALEKRM|NNYMQF:114	108	109	108-109	insertional_handle_SGRPGSLS	8	-5.773479	0.018281	-5.773479	direct_insert_strongly_deleterious	-4.88781	-4.505993	-4.792752	-4.798277;-4.877683	1AAdel_right_residue	-4.505993	deletion_context_strongly_deleterious	-1.596927	Bakhache_2024_NatMicrobiol_Dryad_10.5061_dryad.866t1g1xm_QVEU_eva71_dimple_c99331a6	direct_experiment_unfavorable	direct_experiment_unfavorable	105|106	105	106	exact_aligned	high	108	108,109	106-111	-1.9143109063157893	1.968329771	0.21052631578947367	-1.2795431951578948	1.824435248	0.2631578947368421	38	-1.596927050736842	-1.8818771609999998	1.968329771	0.23684210526315788	114	-2.0501405648684212	-2.543814515	1.968329771	0.14035087719298245	exact flank summaries	105	106	0	0.0	0	0	False	0	0.0	0	0	False	0	resolved_by_parsimony	False	direct_insert_strongly_deleterious		0.0	0.0013530085928225967	1.0	0.10429972769039264	0.4024432821027953	0.0	0.06434133529926737	0.5178285617753879	0.7112814488798325	0.9166917549529866	0.8406470629819853	0.0	False	False	False	False	False	0	False	direct_homolog_strongly_unfavorable	blocked_software_unavailable				
106|107	106	107	HIGH_RISK	A89_N-terminal_oligomerization_by_similarity	False	0.0	0.061687272042036	0.0526407123893819	0.5565850270741642	3.3591962191298923	22.58389525228132	76.38999938964844	False	0.168831	0.376623	2.210073	2.285966	0.0	0.0	1.303973	2.285966	0.446272	0.064935	0.0	0.0	0	0.0	0	1.274809	2.234385	0.46763	0.075269	0.0	0.0	0	0.0	0	0	0.0	1.304374	2.285966	0.446503	0.064935	0.0	0.0	0	none	0	none	0	none	none	max(insertion_type_count,local_deletion_type_count)	background	6	AF_coil;hexamer_coil_fraction_ge_0.8;AF_rSASA_ge_0.25;hexamer_rSASA_ge_0.25;burial_lt_0.10;interprotomer_distance_gt_4.5A	False		variable	supports	unresolved_exact_subset_too_small	False	unchanged_or_unresolved	106|107	106	S	107	N	109|110	109	exact_aligned	high	A89 flanking residues align directly to adjacent EV-A71 2C residues	101:LYIKCS|NVIKGG:112	104:LEKRMN|NYMQFK:115	109	110	109-110	insertional_handle_SGRPGSLS	8	-5.859598	0.017222	-5.859598	direct_insert_strongly_deleterious	-4.505993	-4.556363	-4.90281	-4.877683;-4.867453	1AAdel_left_residue	-4.505993	deletion_context_strongly_deleterious	-1.622599	Bakhache_2024_NatMicrobiol_Dryad_10.5061_dryad.866t1g1xm_QVEU_eva71_dimple_c99331a6	direct_experiment_unfavorable	direct_experiment_unfavorable	106|107	106	107	exact_aligned	high	109	109,110	107-112	-1.2795431951578948	1.824435248	0.2631578947368421	-1.965654839631579	0.251176347	0.15789473684210525	38	-1.6225990173947369	-1.6059374860000002	1.824435248	0.21052631578947367	114	-2.119691690929825	-2.565045425	1.968329771	0.13157894736842105	exact flank summaries	106	107	0	0.0	0	0	False	0	0.0	0	0	False	0	resolved_by_parsimony	False	direct_insert_strongly_deleterious		0.08518010018741512	0.08450006229442965	0.44341497292583576	0.04357342769971652	0.3288389974339774	0.0	0.05458231580887436	0.48498873555823335	0.7112814488798325	0.8807762723253733	0.8406470629819853	0.0	False	False	False	False	False	0	False	direct_homolog_strongly_unfavorable	blocked_software_unavailable				
107|108	107	108	HIGH_RISK	A89_N-terminal_oligomerization_by_similarity	False	0.0	0.171036958694458	0.0046011592864533	0.997362285535915	2.941874124738428	22.58389525228132	76.38999938964844	False	0.376623	0.12987	2.285966	0.725576	0.0	0.0	1.279505	2.285966	0.450601	0.064935	0.0	0.0	0	0.0	0	1.251581	2.234385	0.471662	0.075269	0.0	0.0	0	0.0	0	0	0.0	1.279906	2.285966	0.450832	0.064935	0.0	0.0	0	none	0	none	0	none	none	max(insertion_type_count,local_deletion_type_count)	background	6	AF_coil;hexamer_coil_fraction_ge_0.8;AF_rSASA_ge_0.25;hexamer_rSASA_ge_0.25;burial_lt_0.10;interprotomer_distance_gt_4.5A	False		variable	supports	unresolved_exact_subset_too_small	False	unchanged_or_unresolved	107|108	107	N	108	V	110|111	110	exact_aligned	high	A89 flanking residues align directly to adjacent EV-A71 2C residues	102:YIKCSN|VIKGGK:113	105:EKRMNN|YMQFKS:116	110	111	110-111	insertional_handle_SGRPGSLS	8	-5.738617	0.018729	-5.738617	direct_insert_strongly_deleterious	-4.556363	-4.11336	-4.396935	-4.867453;-4.520645	1AAdel_right_residue	-4.11336	deletion_context_strongly_deleterious	-2.107564	Bakhache_2024_NatMicrobiol_Dryad_10.5061_dryad.866t1g1xm_QVEU_eva71_dimple_c99331a6	direct_experiment_unfavorable	direct_experiment_unfavorable	107|108	107	108	exact_aligned	high	110	110,111	108-113	-1.965654839631579	0.251176347	0.15789473684210525	-2.2494730270526317	0.677673861	0.10526315789473684	38	-2.107563933342106	-2.2707486230000002	0.677673861	0.13157894736842105	114	-2.206920408368421	-2.819220079	1.968329771	0.12280701754385964	exact flank summaries	107	108	0	0.0	0	0	False	0	0.0	0	0	False	0	resolved_by_parsimony	False	direct_insert_strongly_deleterious		0.23617425110672574	0.007385884967816684	0.002637714464085006	0.021741066946500746	0.3288389974339774	0.0	0.06846979680228539	0.44380211380174633	0.7112814488798325	0.8636850373460389	0.8339941662286726	0.0	False	False	False	False	False	0	False	direct_homolog_strongly_unfavorable	blocked_software_unavailable				
108|109	108	109	HIGH_RISK	A89_N-terminal_oligomerization_by_similarity	False	0.0	0.1874177157878875	0.0046011592864533	0.997362285535915	2.941874124738428	27.93387598563532	77.16999816894531	False	0.12987	0.792208	0.725576	0.983741	0.0	0.0	1.135692	2.285966	0.504329	0.064935	0.0	0.0	0	0.0	0	1.108764	2.234385	0.523745	0.075269	0.0	0.0	0	0.0	0	0	0.0	1.136268	2.285966	0.50469	0.064935	0.0	0.0	0	none	0	none	0	none	none	max(insertion_type_count,local_deletion_type_count)	background	6	AF_coil;hexamer_coil_fraction_ge_0.8;AF_rSASA_ge_0.25;hexamer_rSASA_ge_0.25;burial_lt_0.10;interprotomer_distance_gt_4.5A	False		variable	supports	unresolved_exact_subset_too_small	False	unchanged_or_unresolved	108|109	108	V	109	I	111|112	111	exact_aligned	high	A89 flanking residues align directly to adjacent EV-A71 2C residues	103:IKCSNV|IKGGKR:114	106:KRMNNY|MQFKSK:117	111	112	111-112	insertional_handle_SGRPGSLS	8	-5.901912	0.016724	-5.901912	direct_insert_strongly_deleterious	-4.11336	-4.643667	-4.535086	-4.520645;-4.723957	1AAdel_left_residue	-4.11336	deletion_context_strongly_deleterious	-2.588491	Bakhache_2024_NatMicrobiol_Dryad_10.5061_dryad.866t1g1xm_QVEU_eva71_dimple_c99331a6	direct_experiment_unfavorable	direct_experiment_unfavorable	108|109	108	109	exact_aligned	high	111	111,112	109-114	-2.2494730270526317	0.677673861	0.10526315789473684	-2.927509472105263	-0.096844831	0.0	38	-2.588491249578947	-2.8916041335	0.677673861	0.05263157894736842	114	-2.419273311026316	-2.8652820820000002	1.824435248	0.08771929824561403	exact flank summaries	108	109	0	0.0	0	0	False	0	0.0	0	0	False	0	resolved_by_parsimony	False	direct_insert_strongly_deleterious		0.2587934152255932	0.007385884967816684	0.002637714464085006	0.021741066946500746	0.4501058632884813	0.0	0.04999308851310878	0.343535837539923	0.6572309061077751	0.7633519161280544	0.7512240776770648	0.0	False	False	False	False	False	0	False	direct_homolog_strongly_unfavorable	blocked_software_unavailable				
109|110	109	110	HIGH_RISK	A89_N-terminal_oligomerization_by_similarity	False	0.0	0.1874177157878875	0.1229928834789295	0.0158379561453722	4.863630483821248	27.463219843090968	67.66999816894531	False	0.792208	0.818182	0.983741	0.88208	0.0	0.0	1.175086	2.285966	0.501082	0.064935	0.0	0.0	0	0.0	0	1.146907	2.234385	0.520609	0.075269	0.0	0.0	0	0.0	0	0	0.0	1.175662	2.285966	0.501443	0.064935	0.0	0.0	0	none	0	none	0	none	none	max(insertion_type_count,local_deletion_type_count)	background	4	AF_coil;hexamer_coil_fraction_ge_0.8;AF_rSASA_ge_0.25;hexamer_rSASA_ge_0.25	False		variable	supports	unresolved_exact_subset_too_small	False	unchanged_or_unresolved	109|110	109	I	110	K	112|113;113|114;114|115	112-114	ambiguous	low	A89 junction spans multiple EV-A71 residues/junctions in the sequence alignment	104:KCSNVI|KGGKRN:115		112	115	112-115	insertional_handle_SGRPGSLS	8	-6.074456	0.014839	-6.074456;-6.264408;-6.227020	direct_insert_strongly_deleterious							no_direct_deletion_context		Bakhache_2024_NatMicrobiol_Dryad_10.5061_dryad.866t1g1xm_QVEU_eva71_dimple_c99331a6	mapping_uncertain	mapping_uncertain	109|110	109	110	ambiguous	low	112-114	112,113,114,115	110-117							76	-3.005114362526315	-3.224747234	-0.096844831	0.0	152	-2.778371793671053	-3.0672191900000003	0.677673861	0.046052631578947366	ambiguous source positions summarized jointly	109	110	0	0.0	0	0	False	0	0.0	0	0	False	0	resolved_by_parsimony	False	direct_insert_strongly_deleterious		0.2587934152255932	0.19743095873902747	0.9841620438546278	0.12227846641599967	0.4394376014486405	0.0	0.032622218126526284	0.17398097289997788	0.22647736451962766	0.7908691676719445	0.756214134447221	0.0	False	False	False	False	False	0	False	mapping_uncertain	blocked_software_unavailable				
110|111	110	111	HIGH_RISK	A89_N-terminal_oligomerization_by_similarity	False	0.0	0.179453432559967	0.0247852441210013	0.9570076087260404	2.5915459750480347	27.463219843090968	63.68000030517578	False	0.818182	0.064935	0.88208	1.200235	0.0	0.0	1.097929	2.285966	0.521645	0.064935	0.0	0.0	0	0.0	0	1.07415	2.234385	0.539426	0.075269	0.0	0.0	0	0.0	0	0	0.0	1.098506	2.285966	0.522006	0.064935	0.0	0.0	0	none	0	none	0	none	none	max(insertion_type_count,local_deletion_type_count)	background	6	AF_coil;hexamer_coil_fraction_ge_0.8;AF_rSASA_ge_0.25;hexamer_rSASA_ge_0.25;burial_lt_0.10;interprotomer_distance_gt_4.5A	False		variable	supports	unresolved_exact_subset_too_small	False	unchanged_or_unresolved	110|111	110	K	111	G	115|116	115	exact_aligned	high	A89 flanking residues align directly to adjacent EV-A71 2C residues	105:CSNVIK|GGKRNE:116	110:NYMQFK|SKHRIE:121	115	116	115-116	insertional_handle_SGRPGSLS	8	-6.467696	0.011299	-6.467696	direct_insert_strongly_deleterious	-4.505993	-4.460702	-4.584046	-4.437263;-4.590849	3AAdel_spanning_option_1	-4.437263	deletion_context_strongly_deleterious	-2.881029	Bakhache_2024_NatMicrobiol_Dryad_10.5061_dryad.866t1g1xm_QVEU_eva71_dimple_c99331a6	direct_experiment_unfavorable	direct_experiment_unfavorable	110|111	110	111	exact_aligned	high	115	115,116	113-118	-2.999488645789474	-0.167008737	0.0	-2.7625692372105264	0.527700392	0.10526315789473684	38	-2.8810289414999994	-3.2591818894999998	0.527700392	0.05263157894736842	114	-2.970872180666667	-3.2880706999999996	0.527700392	0.017543859649122806	exact flank summaries	110	111	0	0.0	0	0	False	0	0.0	0	0	False	0	resolved_by_parsimony	False	direct_insert_strongly_deleterious		0.24779603406707915	0.03978583452129926	0.042992391273959596	0.0034135193547534044	0.4394376014486405	0.0	0.0	0.08308842214400837	0.1701434107884054	0.7369746390604711	0.7246124906638143	0.0	False	False	False	False	False	0	False	direct_homolog_strongly_unfavorable	blocked_software_unavailable				
111|112	111	112	HIGH_RISK	A89_N-terminal_oligomerization_by_similarity	False	0.0	0.179453432559967	0.0247852441210013	0.9570076087260404	2.5915459750480347	29.63536731095894	63.5099983215332	False	0.064935	0.064935	1.200235	1.815706	0.0	0.0	1.013472	2.285966	0.538961	0.064935	0.0	0.0	0	0.0	0	0.996553	2.234385	0.554659	0.075269	0.0	0.0	0	0.0	0	0	0.0	1.014048	2.285966	0.539322	0.064935	0.0	0.0	0	none	0	none	0	none	none	max(insertion_type_count,local_deletion_type_count)	background	6	AF_coil;hexamer_coil_fraction_ge_0.8;AF_rSASA_ge_0.25;hexamer_rSASA_ge_0.25;burial_lt_0.10;interprotomer_distance_gt_4.5A	False		variable	supports	unresolved_exact_subset_too_small	False	unchanged_or_unresolved	111|112	111	G	112	G	116|117	116	exact_aligned	high	A89 flanking residues align directly to adjacent EV-A71 2C residues	106:SNVIKG|GKRNEP:117	111:YMQFKS|KHRIEP:122	116	117	116-117	insertional_handle_SGRPGSLS	8	-5.688607	0.019389	-5.688607	direct_insert_strongly_deleterious	-4.460702	-4.166564	-4.965331	-4.590849;-4.753199	1AAdel_right_residue	-4.166564	deletion_context_strongly_deleterious	-2.995695	Bakhache_2024_NatMicrobiol_Dryad_10.5061_dryad.866t1g1xm_QVEU_eva71_dimple_c99331a6	direct_experiment_unfavorable	direct_experiment_unfavorable	111|112	111	112	exact_aligned	high	116	116,117	114-119	-2.7625692372105264	0.527700392	0.10526315789473684	-3.228819795368421	-0.560490977	0.0	38	-2.995694516289474	-3.3845745335	0.527700392	0.05263157894736842	114	-2.9874169774210526	-3.2880706999999996	0.527700392	0.017543859649122806	exact flank summaries	111	112	0	0.0	0	0	False	0	0.0	0	0	False	0	resolved_by_parsimony	False	direct_insert_strongly_deleterious		0.24779603406707915	0.03978583452129926	0.042992391273959596	0.0034135193547534044	0.48867320223500255	0.0	0.07455190526655302	0.07527649614107797	0.1701434107884054	0.6779795628840517	0.6980009036505639	0.0	False	False	False	False	False	0	False	direct_homolog_strongly_unfavorable	blocked_software_unavailable				
112|113	112	113	HIGH_RISK	A89_N-terminal_oligomerization_by_similarity	False	0.0	0.4261288046836853	0.2200173170138628	0.6972885518600127	2.818691116026029	31.891637787340603	63.5099983215332	False	0.064935	0.987013	1.815706	0.100001	0.0	0.0	0.829299	2.285966	0.608225	0.064935	0.0	0.0	0	0.0	0	0.810354	2.193801	0.621416	0.075269	0.0	0.0	0	0.0	0	0	0.0	0.829299	2.285966	0.608225	0.064935	0.0	0.0	0	none	0	none	0	none	none	max(insertion_type_count,local_deletion_type_count)	background	5	AF_coil;hexamer_coil_fraction_ge_0.8;hexamer_rSASA_ge_0.25;burial_lt_0.10;interprotomer_distance_gt_4.5A	False		variable	supports	unresolved_exact_subset_too_small	False	unchanged_or_unresolved	112|113	112	G	113	K	117|118	117	exact_aligned	high	A89 flanking residues align directly to adjacent EV-A71 2C residues	107:NVIKGG|KRNEPV:118	112:MQFKSK|HRIEPV:123	117	118	117-118	insertional_handle_SGRPGSLS	8	-5.580393	0.020899	-5.580393	direct_insert_strongly_deleterious	-4.166564	-4.405132	-4.758946	-4.753199;-4.712016	1AAdel_left_residue	-4.166564	deletion_context_strongly_deleterious	-2.984858	Bakhache_2024_NatMicrobiol_Dryad_10.5061_dryad.866t1g1xm_QVEU_eva71_dimple_c99331a6	direct_experiment_unfavorable	direct_experiment_unfavorable	112|113	112	113	exact_aligned	high	117	117,118	115-120	-3.228819795368421	-0.560490977	0.0	-2.7408960734210526	-0.840631048	0.0	38	-2.9848579343947366	-3.2577569825	-0.560490977	0.0	114	-2.939791100964912	-3.28190335	0.527700392	0.017543859649122806	exact flank summaries	112	113	0	0.0	0	0	False	0	0.0	0	0	False	0	resolved_by_parsimony	False	direct_insert_strongly_deleterious		0.5884146449362384	0.3531767742048025	0.3027114481399873	0.015296701979922021	0.5398156012131986	0.0	0.08846703220752893	0.09776391791018807	0.1701434107884054	0.5489298419752293	0.5921093478655097	0.0	False	False	False	False	False	0	False	direct_homolog_strongly_unfavorable	blocked_software_unavailable				
113|114	113	114	HIGH_RISK	A89_N-terminal_oligomerization_by_similarity	True	1.0	0.0946313664317131	0.0700621430891273	0.115549201942622	4.436643677005419	29.303210743043653	71.23999786376953	False	0.987013	1.0	0.100001	0.0	0.0	0.0	0.693388	1.958287	0.646104	0.064935	0.0	0.0	0	0.0	0	0.677337	1.953005	0.657706	0.075269	0.0	0.0	0	0.0	0	0	0.0	0.693388	1.958287	0.646104	0.064935	0.0	0.0	0	none	0	none	0	none	none	max(insertion_type_count,local_deletion_type_count)	background	4	AF_rSASA_ge_0.25;hexamer_rSASA_ge_0.25;burial_lt_0.10;interprotomer_distance_gt_4.5A	False		variable	supports	unresolved_exact_subset_too_small	False	unchanged_or_unresolved	113|114	113	K	114	R	118|119	118	exact_aligned	high	A89 flanking residues align directly to adjacent EV-A71 2C residues	108:VIKGGK|RNEPVA:119	113:QFKSKH|RIEPVC:124	118	119	118-119	insertional_handle_SGRPGSLS	8	-5.86352	0.017175	-5.863520	direct_insert_strongly_deleterious	-4.405132	-4.877683	-4.527891	-4.712016;-4.758946	1AAdel_left_residue	-4.405132	deletion_context_strongly_deleterious	-2.872598	Bakhache_2024_NatMicrobiol_Dryad_10.5061_dryad.866t1g1xm_QVEU_eva71_dimple_c99331a6	direct_experiment_unfavorable	direct_experiment_unfavorable	113|114	113	114	exact_aligned	high	118	118,119	116-121	-2.7408960734210526	-0.840631048	0.0	-3.0042997904736843	-0.683443338	0.0	38	-2.872597931947368	-3.2577569825	-0.683443338	0.0	114	-2.8927997770000005	-3.2577569825	0.527700392	0.02631578947368421	exact flank summaries	113	114	0	0.0	0	0	False	0	0.0	0	0	False	0	resolved_by_parsimony	False	direct_insert_strongly_deleterious		0.1306705420209285	0.112465336937702	0.884450798057378	0.09994049263375773	0.4811442805488072	1.0	0.05414919596369165	0.11995172420622552	0.1701434107884054	0.4539941366753958	0.5338961170688525	0.0	False	False	False	False	False	0	False	direct_homolog_strongly_unfavorable	blocked_software_unavailable				
114|115	114	115	HIGH_RISK	A89_N-terminal_oligomerization_by_similarity	True	1.0	0.0946313664317131	0.0700621430891273	0.115549201942622	5.507963110618422	29.303210743043653	82.3499984741211	False	1.0	0.064935	0.0	1.958287	0.0	0.0	0.69436	1.958287	0.701299	0.064935	0.0	0.0	0	0.0	0	0.672178	1.953005	0.711021	0.075269	0.0	0.0	0	0.0	0	0	0.0	0.693656	1.958287	0.701659	0.064935	0.0	0.0	0	none	0	none	0	none	none	max(insertion_type_count,local_deletion_type_count)	background	3	AF_rSASA_ge_0.25;hexamer_rSASA_ge_0.25;burial_lt_0.10	False		intermediate	remains unresolved	unresolved_exact_subset_too_small	False	unchanged_or_unresolved	114|115	114	R	115	N	119|120	119	exact_aligned	high	A89 flanking residues align directly to adjacent EV-A71 2C residues	109:IKGGKR|NEPVAV:120	114:FKSKHR|IEPVCL:125	119	120	119-120	insertional_handle_SGRPGSLS	8	-5.665021	0.019709	-5.665021	direct_insert_strongly_deleterious	-4.877683	-4.491123	-4.405132	-4.758946;-4.669065	2AAdel_spanning_junction	-4.405132	deletion_context_strongly_deleterious	-2.953486	Bakhache_2024_NatMicrobiol_Dryad_10.5061_dryad.866t1g1xm_QVEU_eva71_dimple_c99331a6	direct_experiment_unfavorable	direct_experiment_unfavorable	114|115	114	115	exact_aligned	high	119	119,120	117-122	-3.0042997904736843	-0.683443338	0.0	-2.902673063526316	-0.098830026	0.0	38	-2.9534864270000005	-3.3794187475	-0.098830026	0.0	114	-2.8647623764912282	-3.091447733	0.074740927	0.008771929824561403	exact flank summaries	114	115	0	0.0	0	0	False	0	0.0	0	0	False	0	resolved_by_parsimony	False	direct_insert_strongly_deleterious		0.1306705420209285	0.112465336937702	0.884450798057378	0.15598696769680503	0.4811442805488072	1.0	0.07750080634013731	0.133190091612038	0.0	0.454181338366358	0.4485180438116841	0.0	False	False	False	False	False	0	False	direct_homolog_strongly_unfavorable	blocked_software_unavailable				
115|116	115	116	HIGH_RISK	A89_N-terminal_oligomerization_by_similarity;near_Walker_A	True	1.0	0.2647157311439514	0.132799727321562	0.4156346746336356	3.588941542602284	34.307565255939245	88.02999877929688	False	0.064935	1.0	1.958287	0.0	0.0	0.0	0.769346	1.958287	0.649351	0.064935	0.0	0.0	0	0.0	0	0.749154	1.953005	0.65681	0.075269	0.0	0.0	0	0.0	0	0	0.0	0.768643	1.958287	0.649711	0.064935	0.0	0.0	0	none	0	none	0	none	none	max(insertion_type_count,local_deletion_type_count)	background	3	hexamer_rSASA_ge_0.25;burial_lt_0.10;interprotomer_distance_gt_4.5A	False		variable	supports	unresolved_exact_subset_too_small	False	unchanged_or_unresolved	115|116	115	N	116	E	120|121	120	exact_aligned	high	A89 flanking residues align directly to adjacent EV-A71 2C residues	110:KGGKRN|EPVAVL:121	115:KSKHRI|EPVCLI:126	120	121	120-121	insertional_handle_SGRPGSLS	8	-5.665021	0.019709	-5.665021	direct_insert_strongly_deleterious	-4.491123	-4.187078	-4.396935	-4.669065;-4.302037	1AAdel_right_residue	-4.187078	deletion_context_strongly_deleterious	-2.810107	Bakhache_2024_NatMicrobiol_Dryad_10.5061_dryad.866t1g1xm_QVEU_eva71_dimple_c99331a6	direct_experiment_unfavorable	direct_experiment_unfavorable	115|116	115	116	exact_aligned	high	120	120,121	118-123	-2.902673063526316	-0.098830026	0.0	-2.7175407019999995	0.074740927	0.05263157894736842	38	-2.810106882763158	-3.0846946535	0.074740927	0.02631578947368421	114	-2.7438591624122806	-3.0047060290000003	0.074740927	0.008771929824561403	exact flank summaries	115	116	0	0.0	0	0	False	0	0.0	0	0	False	0	resolved_by_parsimony	False	direct_insert_strongly_deleterious		0.36552941560880226	0.2131731263123778	0.5843653253663643	0.055592639840227866	0.5945769109918029	1.0	0.07750080634013731	0.19027673800138253	0.0	0.506560790605828	0.5283528048514354	0.0	False	False	False	False	False	0	False	direct_homolog_strongly_unfavorable	blocked_software_unavailable				
116|117	116	117	HIGH_RISK	A89_N-terminal_oligomerization_by_similarity;near_Walker_A	True	1.0	0.0071204495616257	0.0116470311797639	0.4156346746336356	3.588941542602284	31.866352270521062	91.41000366210938	False	1.0	1.0	0.0	0.0	0.0	0.0	0.77102	1.958287	0.645022	0.064935	0.0	0.0	0	0.0	0	0.756815	1.953005	0.651882	0.075269	0.0	0.0	0	0.0	0	0	0.0	0.770316	1.958287	0.645382	0.064935	0.0	0.0	0	none	0	none	0	none	none	max(insertion_type_count,local_deletion_type_count)	background	4	AF_rSASA_ge_0.25;hexamer_rSASA_ge_0.25;burial_lt_0.10;interprotomer_distance_gt_4.5A	False		variable	supports	unresolved_exact_subset_too_small	False	unchanged_or_unresolved	116|117	116	E	117	P	121|122	121	exact_aligned	high	A89 flanking residues align directly to adjacent EV-A71 2C residues	111:GGKRNE|PVAVLI:122	116:SKHRIE|PVCLII:127	121	122	121-122	insertional_handle_SGRPGSLS	8	-5.729709	0.018845	-5.729709	direct_insert_strongly_deleterious	-4.187078	-4.346292	-4.236593	-4.302037;-4.437263	1AAdel_left_residue	-4.187078	deletion_context_strongly_deleterious	-2.655943	Bakhache_2024_NatMicrobiol_Dryad_10.5061_dryad.866t1g1xm_QVEU_eva71_dimple_c99331a6	direct_experiment_unfavorable	direct_experiment_unfavorable	116|117	116	117	exact_aligned	high	121	121,122	119-124	-2.7175407019999995	0.074740927	0.05263157894736842	-2.5943448341578947	-0.57528669	0.0	38	-2.6559427680789476	-2.8116521155000003	0.074740927	0.02631578947368421	114	-2.6716981920087717	-2.8738007459999997	0.074740927	0.017543859649122806	exact flank summaries	116	117	0	0.0	0	0	False	0	0.0	0	0	False	0	resolved_by_parsimony	False	direct_insert_strongly_deleterious		0.009832183965363348	0.01869607791314258	0.5843653253663643	0.055592639840227866	0.5392424598265203	1.0	0.06953877344145971	0.22434884958186668	0.0	0.5077294041467969	0.5350057016047481	0.0	False	False	False	False	False	0	False	direct_homolog_strongly_unfavorable	blocked_software_unavailable				
117|118	117	118	HIGH_RISK	A89_N-terminal_oligomerization_by_similarity;near_Walker_A	False	0.0	0.0071204495616257	0.0081811405118854	0.0	7.343297346635068	31.866352270521062	94.33999633789062	False	1.0	1.0	0.0	0.0	0.0	0.0	0.671	1.958287	0.722944	0.064935	0.0	0.0	0	0.0	0	0.658084	1.953005	0.728943	0.075269	0.0	0.0	0	0.0	0	0	0.0	0.670297	1.958287	0.723304	0.064935	0.0	0.0	0	none	0	none	0	none	none	max(insertion_type_count,local_deletion_type_count)	background	4	AF_coil;hexamer_coil_fraction_ge_0.8;AF_rSASA_ge_0.25;hexamer_rSASA_ge_0.25	False		intermediate	remains unresolved	unresolved_exact_subset_too_small	False	unchanged_or_unresolved	117|118	117	P	118	V	122|123	122	exact_aligned	high	A89 flanking residues align directly to adjacent EV-A71 2C residues	112:GKRNEP|VAVLIH:123	117:KHRIEP|VCLIIR:128	122	123	122-123	insertional_handle_SGRPGSLS	8	-5.128408	0.028589	-5.128408	direct_insert_strongly_deleterious	-4.346292	-4.06866	-4.421327	-4.437263;-4.283771	1AAdel_right_residue	-4.06866	deletion_context_strongly_deleterious	-2.548873	Bakhache_2024_NatMicrobiol_Dryad_10.5061_dryad.866t1g1xm_QVEU_eva71_dimple_c99331a6	direct_experiment_unfavorable	direct_experiment_unfavorable	117|118	117	118	exact_aligned	high	122	122,123	120-125	-2.5943448341578947	-0.57528669	0.0	-2.503400510894737	-0.133618312	0.0	38	-2.5488726725263153	-2.770589497	-0.133618312	0.0	114	-2.6213078808508774	-2.83899937	1.883323345	0.043859649122807015	exact flank summaries	117	118	0	0.0	0	0	False	0	0.0	0	0	False	0	resolved_by_parsimony	False	direct_insert_strongly_deleterious		0.009832183965363348	0.01313255181237329	1.0	0.25200316161980435	0.5392424598265203	0.0	0.15933281113210154	0.24814154935775	0.6793508140744151	0.4378647551604452	0.4152535600451211	0.0	False	False	False	False	False	0	False	direct_homolog_strongly_unfavorable	blocked_software_unavailable				
118|119	118	119	HIGH_RISK	A89_N-terminal_oligomerization_by_similarity;near_Walker_A	False	0.0	0.0	0.0004573033145539	0.0	9.84135882493807	33.493937884525174	95.12999725341795	False	1.0	0.831169	0.0	0.655024	0.0	0.0	0.519691	1.958287	0.800866	0.064935	0.0	0.0	0	0.0	0	0.506219	1.953005	0.806004	0.075269	0.0	0.0	0	0.0	0	0	0.0	0.518988	1.958287	0.801227	0.064935	0.0	0.0	0	none	0	none	0	none	none	max(insertion_type_count,local_deletion_type_count)	background	4	AF_coil;hexamer_coil_fraction_ge_0.8;AF_rSASA_ge_0.25;hexamer_rSASA_ge_0.25	False		intermediate	remains unresolved	unresolved_exact_subset_too_small	False	unchanged_or_unresolved	118|119	118	V	119	A	123|124	123	exact_aligned	high	A89 flanking residues align directly to adjacent EV-A71 2C residues	113:KRNEPV|AVLIHG:124	118:HRIEPV|CLIIRG:129	123	124	123-124	insertional_handle_SGRPGSLS	8	-5.45315	0.022826	-5.453150	direct_insert_strongly_deleterious	-4.06866	-4.145621	-4.156147	-4.283771;-3.934312	3AAdel_spanning_option_2	-3.934312	deletion_context_strongly_deleterious	-2.405665	Bakhache_2024_NatMicrobiol_Dryad_10.5061_dryad.866t1g1xm_QVEU_eva71_dimple_c99331a6	direct_experiment_unfavorable	direct_experiment_unfavorable	118|119	118	119	exact_aligned	high	123	123,124	121-126	-2.503400510894737	-0.133618312	0.0	-2.3079302509999997	0.05811564	0.05263157894736842	38	-2.4056653809473683	-2.7042049365	0.05811564	0.02631578947368421	114	-2.5407381517280703	-2.8100172135	1.883323345	0.05263157894736842	exact flank summaries	118	119	0	0.0	0	0	False	0	0.0	0	0	False	0	resolved_by_parsimony	False	direct_insert_strongly_deleterious		0.0	0.0007340736250189534	1.0	0.38269017798195104	0.5761345938653696	0.0	0.10622494586001935	0.28618400894956536	0.6793508140744151	0.3321733347955555	0.29549988166480706	0.0	False	False	False	False	False	0	False	direct_homolog_strongly_unfavorable	blocked_software_unavailable				
119|120	119	120	HIGH_RISK	A89_N-terminal_oligomerization_by_similarity;near_Walker_A	False	0.0	0.0	0.0004573033145539	0.0	10.622430111324793	33.31861448962639	95.23999786376952	False	0.831169	0.792208	0.655024	0.737241	0.0	0.0	0.658372	1.958287	0.728355	0.064935	0.0	0.0	0	0.0	0	0.646877	1.953005	0.733871	0.075269	0.0	0.0	0	0.0	0	0	0.0	0.656417	1.958287	0.729077	0.064935	0.0	0.0	0	none	0	none	0	none	none	max(insertion_type_count,local_deletion_type_count)	background	4	AF_coil;hexamer_coil_fraction_ge_0.8;AF_rSASA_ge_0.25;hexamer_rSASA_ge_0.25	False		intermediate	remains unresolved	unresolved_exact_subset_too_small	False	unchanged_or_unresolved	119|120	119	A	120	V	124|125	124	exact_aligned	high	A89 flanking residues align directly to adjacent EV-A71 2C residues	114:RNEPVA|VLIHGS:125	119:RIEPVC|LIIRGS:130	124	125	124-125	insertional_handle_SGRPGSLS	8	-5.128408	0.028589	-5.128408	direct_insert_strongly_deleterious	-4.145621	-4.476028	-4.226884	-3.934312;-4.302037	3AAdel_spanning_option_1	-3.934312	deletion_context_strongly_deleterious	-2.504944	Bakhache_2024_NatMicrobiol_Dryad_10.5061_dryad.866t1g1xm_QVEU_eva71_dimple_c99331a6	direct_experiment_unfavorable	direct_experiment_unfavorable	119|120	119	120	exact_aligned	high	124	124,125	122-127	-2.3079302509999997	0.05811564	0.05263157894736842	-2.7019579235263156	1.883323345	0.15789473684210525	38	-2.5049440872631576	-2.8351870525000002	1.883323345	0.10526315789473684	114	-2.476508285973684	-2.8156698475	1.883323345	0.06140350877192982	exact flank summaries	119	120	0	0.0	0	0	False	0	0.0	0	0	False	0	resolved_by_parsimony	False	direct_insert_strongly_deleterious		0.0	0.0007340736250189534	1.0	0.4235522131522653	0.5721605760753994	0.0	0.15933281113210154	0.31651130555527374	0.6793508140744151	0.4281693840016597	0.4063814942200174	0.0	False	False	False	False	False	0	False	direct_homolog_strongly_unfavorable	blocked_software_unavailable				
120|121	120	121	HIGH_RISK	A89_N-terminal_oligomerization_by_similarity;near_Walker_A	False	0.0	0.0043809069320559	0.0030329910560129	0.0	13.16982629451811	31.18995535083002	94.4000015258789	False	0.792208	0.168831	0.737241	1.88358	0.0	0.0	0.658372	1.958287	0.728355	0.064935	0.0	0.0	0	0.0	0	0.646877	1.953005	0.733871	0.075269	0.0	0.0	0	0.0	0	0	0.0	0.656417	1.958287	0.729077	0.064935	0.0	0.0	0	none	0	none	0	none	none	max(insertion_type_count,local_deletion_type_count)	background	4	AF_coil;hexamer_coil_fraction_ge_0.8;AF_rSASA_ge_0.25;hexamer_rSASA_ge_0.25	False		intermediate	remains unresolved	unresolved_exact_subset_too_small	False	unchanged_or_unresolved	120|121	120	V	121	L	125|126	125	exact_aligned	high	A89 flanking residues align directly to adjacent EV-A71 2C residues	115:NEPVAV|LIHGSP:126	120:IEPVCL|IIRGSP:131	125	126	125-126	insertional_handle_SGRPGSLS	8	-5.476475	0.02246	-5.476475	direct_insert_strongly_deleterious	-4.476028	-3.699664	-3.414733	-4.302037;-4.283771	2AAdel_spanning_junction	-3.414733	deletion_context_strongly_deleterious	-2.560606	Bakhache_2024_NatMicrobiol_Dryad_10.5061_dryad.866t1g1xm_QVEU_eva71_dimple_c99331a6	direct_experiment_unfavorable	direct_experiment_unfavorable	120|121	120	121	exact_aligned	high	125	125,126	123-128	-2.7019579235263156	1.883323345	0.15789473684210525	-2.4192546887894735	1.663783725	0.05263157894736842	38	-2.560606306157895	-3.107401937	1.883323345	0.10526315789473684	114	-2.565864203649123	-2.9750916185	1.883323345	0.06140350877192982	exact flank summaries	120	121	0	0.0	0	0	False	0	0.0	0	0	False	0	resolved_by_parsimony	False	direct_insert_strongly_deleterious		0.006049320695036955	0.004868625851333151	1.0	0.5568201929699641	0.5239107159170145	0.0	0.10285214025710732	0.2743202876076263	0.6793508140744151	0.4281693840016597	0.4063814942200174	0.0	False	False	False	False	False	0	False	direct_homolog_strongly_unfavorable	blocked_software_unavailable				
121|122	121	122	HIGH_RISK	A89_N-terminal_oligomerization_by_similarity;near_Walker_A	False	0.0	0.0043809069320559	0.0049138326834502	0.0	9.84027008073727	31.18995535083002	94.4000015258789	False	0.168831	0.766234	1.88358	0.902164	0.0	0.0	0.495181	1.88358	0.806277	0.116883	0.0	0.0	0	0.0	0	0.484126	1.836326	0.810932	0.123656	0.0	0.0	0	0.0	0	0	0.0	0.493226	1.88358	0.806999	0.121212	0.0	0.0	0	none	0	none	0	none	none	max(insertion_type_count,local_deletion_type_count)	background	4	AF_coil;hexamer_coil_fraction_ge_0.8;AF_rSASA_ge_0.25;hexamer_rSASA_ge_0.25	False		intermediate	remains unresolved	unresolved_exact_subset_too_small	False	unchanged_or_unresolved	121|122	121	L	122	I	126|127	126	exact_aligned	high	A89 flanking residues align directly to adjacent EV-A71 2C residues	116:EPVAVL|IHGSPG:127	121:EPVCLI|IRGSPG:132	126	127	126-127	insertional_handle_SGRPGSLS	8	-5.353998	0.02445	-5.353998	direct_insert_strongly_deleterious	-3.699664	-4.255732	-4.460702	-4.283771;-4.429327	1AAdel_left_residue	-3.699664	deletion_context_strongly_deleterious	-2.375708	Bakhache_2024_NatMicrobiol_Dryad_10.5061_dryad.866t1g1xm_QVEU_eva71_dimple_c99331a6	direct_experiment_unfavorable	direct_experiment_unfavorable	121|122	121	122	exact_aligned	high	126	126,127	124-129	-2.4192546887894735	1.663783725	0.05263157894736842	-2.332161507473684	1.868442271	0.10526315789473684	38	-2.375708098131579	-2.817511615	1.868442271	0.07894736842105263	114	-2.6915865637105263	-3.0820827729999998	1.883323345	0.06140350877192982	exact flank summaries	121	122	0	0.0	0	0	False	0	0.0	0	0	False	0	resolved_by_parsimony	False	direct_insert_strongly_deleterious		0.006049320695036955	0.007887795377550773	1.0	0.3826332199237047	0.5239107159170145	0.0	0.12119061880845966	0.2149581939963457	0.6793508140744151	0.3141782229949337	0.28662935266039025	0.0	False	False	False	False	False	0	False	direct_homolog_strongly_unfavorable	blocked_software_unavailable				
122|123	122	123	HIGH_RISK	A89_N-terminal_oligomerization_by_similarity;near_Walker_A	False	0.0	0.0076626162044703	0.0049138326834502	0.0	9.84027008073727	32.404982631907984	94.27999877929688	False	0.766234	1.0	0.902164	0.0	0.0	0.0	0.542307	1.88358	0.797619	0.116883	0.0	0.0	0	0.0	0	0.530095	1.836326	0.802419	0.123656	0.0	0.0	0	0.0	0	0	0.0	0.540352	1.88358	0.798341	0.121212	0.0	0.0	0	none	0	none	0	none	none	max(insertion_type_count,local_deletion_type_count)	background	4	AF_coil;hexamer_coil_fraction_ge_0.8;AF_rSASA_ge_0.25;hexamer_rSASA_ge_0.25	False		intermediate	remains unresolved	unresolved_exact_subset_too_small	False	unchanged_or_unresolved	122|123	122	I	123	H	127|128	127	exact_aligned	high	A89 flanking residues align directly to adjacent EV-A71 2C residues	117:PVAVLI|HGSPGT:128	122:PVCLII|RGSPGT:133	127	128	127-128	insertional_handle_SGRPGSLS	8	-5.669783	0.019644	-5.669783	direct_insert_strongly_deleterious	-4.255732	-4.604317	-4.563356	-4.429327;-5.247754	1AAdel_left_residue	-4.255732	deletion_context_strongly_deleterious	-2.731321	Bakhache_2024_NatMicrobiol_Dryad_10.5061_dryad.866t1g1xm_QVEU_eva71_dimple_c99331a6	direct_experiment_unfavorable	direct_experiment_unfavorable	122|123	122	123	exact_aligned	high	127	127,128	125-130	-2.332161507473684	1.868442271	0.10526315789473684	-3.1304803402105263	-1.593334982	0.0	38	-2.7313209238421052	-3.0769125959999997	1.868442271	0.05263157894736842	114	-2.530808950710526	-3.0502572	1.92664936	0.10526315789473684	exact flank summaries	122	123	0	0.0	0	0	False	0	0.0	0	0	False	0	resolved_by_parsimony	False	direct_insert_strongly_deleterious		0.01058082801180955	0.007887795377550773	1.0	0.3826332199237047	0.5514514787062055	0.0	0.07690181080956549	0.2908722613813589	0.6956251974079649	0.34709638302583595	0.29993514616701555	0.0	False	False	False	False	False	0	False	direct_homolog_strongly_unfavorable	blocked_software_unavailable				
123|124	123	124	EXCLUDE	Walker_A/ATP_binding	False	0.0	0.0211604814976453	0.0146659892052412	0.0	7.774130208225026	32.404982631907984	92.66000366210938	False	1.0	1.0	0.0	0.0	0.0	0.0	0.542307	1.88358	0.797619	0.116883	0.0	0.0	0	0.0	0	0.530095	1.836326	0.802419	0.123656	0.0	0.0	0	0.0	0	0	0.0	0.540352	1.88358	0.798341	0.121212	0.0	0.0	0	none	0	none	0	none	none	max(insertion_type_count,local_deletion_type_count)	background	4	AF_coil;hexamer_coil_fraction_ge_0.8;AF_rSASA_ge_0.25;hexamer_rSASA_ge_0.25	False		intermediate	weakens	unresolved_exact_subset_too_small	False	decreased_or_excluded; hard functional feature dominates	123|124	123	H	124	G	128|129	128	exact_aligned	high	A89 flanking residues align directly to adjacent EV-A71 2C residues	118:VAVLIH|GSPGTG:129	123:VCLIIR|GSPGTG:134	128	129	128-129	insertional_handle_SGRPGSLS	8	-5.782008	0.018174	-5.782008	direct_insert_strongly_deleterious	-4.604317	-4.597606	-4.681526	-5.247754;-5.240700	1AAdel_right_residue	-4.597606	deletion_context_strongly_deleterious	-3.194108	Bakhache_2024_NatMicrobiol_Dryad_10.5061_dryad.866t1g1xm_QVEU_eva71_dimple_c99331a6	direct_experiment_unfavorable	direct_experiment_unfavorable	123|124	123	124	exact_aligned	high	128	128,129	126-131	-3.1304803402105263	-1.593334982	0.0	-3.2577346712631576	-0.387658125	0.0	38	-3.1941075057368424	-3.2132618015	-0.387658125	0.0	114	-2.603757002078947	-3.0502572	1.92664936	0.07894736842105263	exact flank summaries	123	124	0	0.0	0	0	False	0	0.0	0	0	False	0	resolved_by_parsimony	True	direct_insert_strongly_deleterious		0.029219186945973433	0.02354217762642375	1.0	0.27454234318958953	0.5514514787062055	0.0	0.06335529650278762	0.256428515241231	0.6956251974079649	0.34709638302583595	0.29993514616701555	0.0	False	False	False	False	False	0	False	hard_excluded	blocked_software_unavailable				
124|125	124	125	EXCLUDE	Walker_A/ATP_binding	True	1.0	0.1626730859279632	0.145354749300541	0.0	6.518284920567035	33.07104269258921	92.18000030517578	False	1.0	0.116883	0.0	1.764164	0.0	0.0	0.542307	1.88358	0.797619	0.116883	0.0	0.0	0	0.0	0	0.530095	1.836326	0.802419	0.123656	0.0	0.0	0	0.0	0	0	0.0	0.540352	1.88358	0.798341	0.121212	0.0	0.0	0	none	0	none	0	none	none	max(insertion_type_count,local_deletion_type_count)	background	2	AF_rSASA_ge_0.25;hexamer_rSASA_ge_0.25	False		intermediate	weakens	unresolved_exact_subset_too_small	False	decreased_or_excluded; hard functional feature dominates	124|125	124	G	125	S	129|130	129	exact_aligned	high	A89 flanking residues align directly to adjacent EV-A71 2C residues	119:AVLIHG|SPGTGK:130	124:CLIIRG|SPGTGK:135	129	130	129-130	insertional_handle_SGRPGSLS	8	-6.042247	0.015174	-6.042247	direct_insert_strongly_deleterious	-4.597606	-4.363459	-4.872581	-5.240700;-4.687699	1AAdel_right_residue	-4.363459	deletion_context_strongly_deleterious	-2.3005	Bakhache_2024_NatMicrobiol_Dryad_10.5061_dryad.866t1g1xm_QVEU_eva71_dimple_c99331a6	direct_experiment_unfavorable	direct_experiment_unfavorable	124|125	124	125	exact_aligned	high	129	129,130	127-132	-3.2577346712631576	-0.387658125	0.0	-1.343264573	1.92664936	0.3157894736842105	38	-2.300499622131579	-2.9078844735000002	1.92664936	0.15789473684210525	114	-2.706842416561404	-3.1586417740000003	1.92664936	0.07017543859649122	exact flank summaries	124	125	0	0.0	0	0	False	0	0.0	0	0	False	0	resolved_by_parsimony	True	direct_insert_strongly_deleterious		0.22462510171786412	0.23332673159576015	1.0	0.20884232936607966	0.5665489192495168	1.0	0.03570934893793485	0.20775486624612355	0.6956251974079649	0.34709638302583595	0.29993514616701555	0.0	False	False	False	False	False	0	False	hard_excluded	blocked_software_unavailable				
125|126	125	126	EXCLUDE	Walker_A/ATP_binding	True	1.0	0.4636946022510528	0.2997566639002514	0.5672628866538938	3.648734866222398	30.831379675414624	92.18000030517578	False	0.116883	1.0	1.764164	0.0	0.0	0.0	0.487722	1.88358	0.811688	0.116883	0.0	0.0	0	0.0	0	0.480295	1.836326	0.814516	0.123656	0.0	0.0	0	0.0	0	0	0.0	0.485767	1.88358	0.81241	0.121212	0.0	0.0	0	none	0	none	0	none	none	max(insertion_type_count,local_deletion_type_count)	background	2	burial_lt_0.10;interprotomer_distance_gt_4.5A	False		intermediate	weakens	unresolved_exact_subset_too_small	False	decreased_or_excluded; hard functional feature dominates	125|126	125	S	126	P	130|131	130	exact_aligned	high	A89 flanking residues align directly to adjacent EV-A71 2C residues	120:VLIHGS|PGTGKS:131	125:LIIRGS|PGTGKS:136	130	131	130-131	insertional_handle_SGRPGSLS	8	-5.901912	0.016724	-5.901912	direct_insert_strongly_deleterious	-4.363459	-4.396935	-4.610984	-4.687699;-4.851909	1AAdel_left_residue	-4.363459	deletion_context_strongly_deleterious	-2.241455	Bakhache_2024_NatMicrobiol_Dryad_10.5061_dryad.866t1g1xm_QVEU_eva71_dimple_c99331a6	direct_experiment_unfavorable	direct_experiment_unfavorable	125|126	125	126	exact_aligned	high	130	130,131	128-133	-1.343264573	1.92664936	0.3157894736842105	-3.139646231736842	-0.288287906	0.0	38	-2.241455402368421	-2.592050559	1.92664936	0.15789473684210525	114	-2.561943207236842	-2.995868632	1.92664936	0.09649122807017543	exact flank summaries	125	126	0	0.0	0	0	False	0	0.0	0	0	False	0	resolved_by_parsimony	True	direct_insert_strongly_deleterious		0.6402869079571744	0.48117617758248327	0.4327371133461062	0.0587207498287768	0.5157829579873096	1.0	0.04999308851310878	0.2761716572125368	0.6956251974079649	0.3089680087677449	0.2783136159239213	0.0	False	False	False	False	False	0	False	hard_excluded	blocked_software_unavailable				
126|127	126	127	EXCLUDE	Walker_A/ATP_binding	True	1.0	0.351993978023529	0.2604277561872433	0.5672628866538938	3.648734866222398	30.831379675414624	91.91999816894533	False	1.0	1.0	0.0	0.0	0.0	0.0	0.540949	1.88358	0.752165	0.077922	0.0	0.0	0	0.0	0	0.536244	1.836326	0.755376	0.091398	0.0	0.0	0	0.0	0	0	0.0	0.539698	1.88358	0.752525	0.077922	0.0	0.0	0	none	0	none	0	none	none	max(insertion_type_count,local_deletion_type_count)	background	2	burial_lt_0.10;interprotomer_distance_gt_4.5A	False		intermediate	weakens	unresolved_exact_subset_too_small	False	decreased_or_excluded; hard functional feature dominates	126|127	126	P	127	G	131|132	131	exact_aligned	high	A89 flanking residues align directly to adjacent EV-A71 2C residues	121:LIHGSP|GTGKSL:132	126:IIRGSP|GTGKSL:137	131	132	131-132	insertional_handle_SGRPGSLS	8	-5.953299	0.016139	-5.953299	direct_insert_strongly_deleterious	-4.396935	-4.723957	-4.577197	-4.851909;-4.907761	1AAdel_left_residue	-4.396935	deletion_context_strongly_deleterious	-3.088707	Bakhache_2024_NatMicrobiol_Dryad_10.5061_dryad.866t1g1xm_QVEU_eva71_dimple_c99331a6	direct_experiment_unfavorable	direct_experiment_unfavorable	126|127	126	127	exact_aligned	high	131	131,132	129-134	-3.139646231736842	-0.288287906	0.0	-3.037767175684211	-0.91527844	0.0	38	-3.088706703710526	-3.3716433185	-0.288287906	0.0	114	-2.532186283991228	-3.114954558	1.92664936	0.10526315789473684	exact flank summaries	126	127	0	0.0	0	0	False	0	0.0	0	0	False	0	resolved_by_parsimony	True	direct_insert_strongly_deleterious		0.4860464942100137	0.41804452527620867	0.4327371133461062	0.0587207498287768	0.5157829579873096	1.0	0.0446021287379625	0.29022192848032957	0.6956251974079649	0.3466395550187865	0.37034612275508916	0.0	False	False	False	False	False	0	False	hard_excluded	blocked_software_unavailable				
127|128	127	128	EXCLUDE	Walker_A/ATP_binding	True	1.0	0.1191432774066925	0.0839371403982472	0.3021238801427418	5.379684091391312	34.02688332256667	91.91999816894533	False	1.0	0.896104	0.0	0.565514	0.0	0.0	0.452465	1.764164	0.752165	0.077922	0.0	0.0	0	0.0	0	0.450403	1.773637	0.755824	0.091398	0.0	0.0	0	0.0	0	0	0.0	0.451214	1.749146	0.752525	0.077922	0.0	0.0	0	none	0	none	0	none	none	max(insertion_type_count,local_deletion_type_count)	background	3	AF_rSASA_ge_0.25;hexamer_rSASA_ge_0.25;burial_lt_0.10	False		intermediate	weakens	unresolved_exact_subset_too_small	False	decreased_or_excluded; hard functional feature dominates	127|128	127	G	128	T	132|133	132	exact_aligned	high	A89 flanking residues align directly to adjacent EV-A71 2C residues	122:IHGSPG|TGKSLA:133	127:IRGSPG|TGKSLA:138	132	133	132-133	insertional_handle_SGRPGSLS	8	-5.782008	0.018174	-5.782008	direct_insert_strongly_deleterious	-4.723957	-4.597606	-4.319974	-4.907761;-4.862299	2AAdel_spanning_junction	-4.319974	deletion_context_strongly_deleterious	-2.250267	Bakhache_2024_NatMicrobiol_Dryad_10.5061_dryad.866t1g1xm_QVEU_eva71_dimple_c99331a6	direct_experiment_unfavorable	direct_experiment_unfavorable	127|128	127	128	exact_aligned	high	132	132,133	130-135	-3.037767175684211	-0.91527844	0.0	-1.4627662515263158	1.687209367	0.2631578947368421	38	-2.2502667136052636	-2.821934696	1.687209367	0.13157894736842105	114	-2.4929482256403506	-3.0197699865	1.92664936	0.10526315789473684	exact flank summaries	127	128	0	0.0	0	0	False	0	0.0	0	0	False	0	resolved_by_parsimony	True	direct_insert_strongly_deleterious		0.16451750855903308	0.1347377964797231	0.6978761198572583	0.14927600304270777	0.5882147538068486	1.0	0.06335529650278762	0.3087488897290054	0.6956251974079649	0.2848322623953015	0.37034612275508916	0.0	False	False	False	False	False	0	False	hard_excluded	blocked_software_unavailable				
128|129	128	129	EXCLUDE	Walker_A/ATP_binding	True	1.0	0.1137867644429206	0.0740036865075429	0.2971014990765001	5.321109484233952	35.84419634920626	92.4800033569336	False	0.896104	1.0	0.565514	0.0	0.0	0.0	0.377285	1.764164	0.771645	0.077922	0.0	0.0	0	0.0	0	0.376888	1.773637	0.773746	0.091398	0.0	0.0	0	0.0	0	0	0.0	0.376034	1.749146	0.772006	0.077922	0.0	0.0	0	none	0	none	0	none	none	max(insertion_type_count,local_deletion_type_count)	background	3	AF_rSASA_ge_0.25;hexamer_rSASA_ge_0.25;burial_lt_0.10	False		intermediate	weakens	unresolved_exact_subset_too_small	False	decreased_or_excluded; hard functional feature dominates	128|129	128	T	129	G	133|134	133	exact_aligned	high	A89 flanking residues align directly to adjacent EV-A71 2C residues	123:HGSPGT|GKSLAT:134	128:RGSPGT|GKSLAT:139	133	134	133-134	insertional_handle_SGRPGSLS	8	-5.470694	0.022551	-5.470694	direct_insert_strongly_deleterious	-4.597606	-4.741604	-4.681526	-4.862299;-4.637215	1AAdel_left_residue	-4.597606	deletion_context_strongly_deleterious	-2.207353	Bakhache_2024_NatMicrobiol_Dryad_10.5061_dryad.866t1g1xm_QVEU_eva71_dimple_c99331a6	direct_experiment_unfavorable	direct_experiment_unfavorable	128|129	128	129	exact_aligned	high	133	133,134	131-136	-1.4627662515263158	1.687209367	0.2631578947368421	-2.951938800736842	0.126318797	0.05263157894736842	38	-2.207352526131579	-2.821934696	1.687209367	0.15789473684210525	114	-2.7325226865	-3.1681431745	1.687209367	0.05263157894736842	exact flank summaries	128	129	0	0.0	0	0	False	0	0.0	0	0	False	0	resolved_by_parsimony	True	direct_insert_strongly_deleterious		0.15712103444362138	0.1187923915932066	0.7028985009234999	0.14621165065968297	0.6294073984164276	1.0	0.10369073399990786	0.1956294608105802	0.605685279521114	0.2323179969977878	0.340407318954839	0.0	False	False	False	False	False	0	False	hard_excluded	blocked_software_unavailable				
129|130	129	130	EXCLUDE	Walker_A/ATP_binding	False	0.0	0.0518701188266277	0.0314776072394376	0.2971014990765001	5.321109484233952	31.87704644191577	92.6500015258789	False	1.0	1.0	0.0	0.0	0.0	0.0	0.460365	1.764164	0.732684	0.077922	0.0	0.0	0	0.0	0	0.459971	1.773637	0.734767	0.091398	0.0	0.0	0	0.0	0	0	0.0	0.459113	1.749146	0.733045	0.077922	0.0	0.0	0	none	0	none	0	none	none	max(insertion_type_count,local_deletion_type_count)	background	5	AF_coil;hexamer_coil_fraction_ge_0.8;AF_rSASA_ge_0.25;hexamer_rSASA_ge_0.25;burial_lt_0.10	False		intermediate	weakens	unresolved_exact_subset_too_small	False	decreased_or_excluded; hard functional feature dominates	129|130	129	G	130	K	134|135	134	exact_aligned	high	A89 flanking residues align directly to adjacent EV-A71 2C residues	124:GSPGTG|KSLATS:135	129:GSPGTG|KSLATG:140	134	135	134-135	insertional_handle_SGRPGSLS	8	-5.7562	0.018502	-5.756200	direct_insert_strongly_deleterious	-4.741604	-4.405132	-4.8308	-4.637215;-4.699932	1AAdel_right_residue	-4.405132	deletion_context_strongly_deleterious	-2.987123	Bakhache_2024_NatMicrobiol_Dryad_10.5061_dryad.866t1g1xm_QVEU_eva71_dimple_c99331a6	direct_experiment_unfavorable	direct_experiment_unfavorable	129|130	129	130	exact_aligned	high	134	134,135	132-137	-2.951938800736842	0.126318797	0.05263157894736842	-3.022306321157895	-0.317352231	0.0	38	-2.9871225609473684	-3.3782290795	0.126318797	0.02631578947368421	114	-2.623376748368421	-3.1502121205	1.687209367	0.06140350877192982	exact flank summaries	129	130	0	0.0	0	0	False	0	0.0	0	0	False	0	resolved_by_parsimony	True	direct_insert_strongly_deleterious		0.07162420661711996	0.050528567184599575	0.7028985009234999	0.14621165065968297	0.539484862315909	0.0	0.06637792010321154	0.247164696018489	0.605685279521114	0.29034982268227894	0.4002833897346526	0.0	False	False	False	False	False	0	False	hard_excluded	blocked_software_unavailable				
130|131	130	131	EXCLUDE	Walker_A/ATP_binding	False	0.0	0.0518701188266277	0.0314776072394376	0.722171786294147	3.269023047403827	30.281265977333817	94.1500015258789	False	1.0	1.0	0.0	0.0	0.0	0.0	0.548303	1.764164	0.655844	0.077922	0.0	0.0	0	0.0	0	0.545421	1.773637	0.658602	0.086022	0.0	0.0	0	0.0	0	0	0.0	0.547052	1.749146	0.656205	0.077922	0.0	0.0	0	none	0	none	0	none	none	max(insertion_type_count,local_deletion_type_count)	background	6	AF_coil;hexamer_coil_fraction_ge_0.8;AF_rSASA_ge_0.25;hexamer_rSASA_ge_0.25;burial_lt_0.10;interprotomer_distance_gt_4.5A	False		variable	weakens	unresolved_exact_subset_too_small	False	decreased_or_excluded; hard functional feature dominates	130|131	130	K	131	S	135|136	135	exact_aligned	high	A89 flanking residues align directly to adjacent EV-A71 2C residues	125:SPGTGK|SLATSV:136	130:SPGTGK|SLATGI:141	135	136	135-136	insertional_handle_SGRPGSLS	8	-5.949715	0.016179	-5.949715	direct_insert_strongly_deleterious	-4.405132	-4.460702	-4.421327	-4.699932;-4.798277	1AAdel_left_residue	-4.405132	deletion_context_strongly_deleterious	-2.901509	Bakhache_2024_NatMicrobiol_Dryad_10.5061_dryad.866t1g1xm_QVEU_eva71_dimple_c99331a6	direct_experiment_unfavorable	direct_experiment_unfavorable	130|131	130	131	exact_aligned	high	135	135,136	133-138	-3.022306321157895	-0.317352231	0.0	-2.7807113381578947	-0.217711688	0.0	38	-2.901508829657895	-3.1616391449999997	-0.217711688	0.0	114	-2.56638384545614	-3.0960066685000003	1.687209367	0.07017543859649122	exact flank summaries	130	131	0	0.0	0	0	False	0	0.0	0	0	False	0	resolved_by_parsimony	True	direct_insert_strongly_deleterious		0.07162420661711996	0.050528567184599575	0.277828213705853	0.03885598464591447	0.503313648777654	0.0	0.04497074137216052	0.2740749292992282	0.605685279521114	0.35177642529988945	0.5183726913111231	0.0	False	False	False	False	False	0	False	hard_excluded	blocked_software_unavailable				
131|132	131	132	EXCLUDE	Walker_A/ATP_binding	False	0.0	0.2543744146823883	0.0506707677002965	0.915039945753893	3.269023047403827	30.281265977333817	93.7300033569336	False	1.0	0.077922	0.0	1.375968	0.0	0.0	0.40129	1.375968	0.729437	0.077922	0.0	0.0	0	0.0	0	0.397618	1.391158	0.731631	0.086022	0.0	0.0	0	0.0	0	0	0.0	0.40129	1.375968	0.729437	0.077922	0.0	0.0	0	none	0	none	0	none	none	max(insertion_type_count,local_deletion_type_count)	background	5	AF_coil;hexamer_coil_fraction_ge_0.8;hexamer_rSASA_ge_0.25;burial_lt_0.10;interprotomer_distance_gt_4.5A	False		intermediate	weakens	unresolved_exact_subset_too_small	False	decreased_or_excluded; hard functional feature dominates	131|132	131	S	132	L	136|137	136	exact_aligned	high	A89 flanking residues align directly to adjacent EV-A71 2C residues	126:PGTGKS|LATSVL:137	131:PGTGKS|LATGII:142	136	137	136-137	insertional_handle_SGRPGSLS	8	-5.839756	0.017461	-5.839756	direct_insert_strongly_deleterious	-4.460702	-4.413262	-4.437263	-4.798277;-4.102371	3AAdel_spanning_option_2	-4.102371	deletion_context_strongly_deleterious	-2.632741	Bakhache_2024_NatMicrobiol_Dryad_10.5061_dryad.866t1g1xm_QVEU_eva71_dimple_c99331a6	direct_experiment_unfavorable	direct_experiment_unfavorable	131|132	131	132	exact_aligned	high	136	136,137	134-139	-2.7807113381578947	-0.217711688	0.0	-2.484770602947368	1.189028843	0.05263157894736842	38	-2.6327409705526312	-3.1376032745	1.189028843	0.02631578947368421	114	-2.765535177263158	-3.180493864	2.217710281	0.03508771929824561	exact flank summaries	131	132	0	0.0	0	0	False	0	0.0	0	0	False	0	resolved_by_parsimony	True	direct_insert_strongly_deleterious		0.3512497377578276	0.08133786251808554	0.08496005424610698	0.03885598464591447	0.503313648777654	0.0	0.05678477629820763	0.18004201426513677	0.8049552846954765	0.24995966082965274	0.4058282387727564	0.0	False	False	False	False	False	0	False	hard_excluded	blocked_software_unavailable				
132|133	132	133	HIGH_RISK	A89_N-terminal_oligomerization_by_similarity;near_Walker_A	False	0.0	0.0	0.00054692393241	0.915039945753893	3.3449336680888138	33.68919646010821	93.7300033569336	False	0.077922	0.168831	1.375968	0.821775	0.0	0.0	0.415771	1.375968	0.727273	0.077922	0.0	0.0	0	0.0	0	0.412494	1.391158	0.729391	0.086022	0.0	0.0	0	0.0	0	0	0.0	0.415771	1.375968	0.727273	0.077922	0.0	0.0	0	none	0	none	0	none	none	max(insertion_type_count,local_deletion_type_count)	background	6	AF_coil;hexamer_coil_fraction_ge_0.8;AF_rSASA_ge_0.25;hexamer_rSASA_ge_0.25;burial_lt_0.10;interprotomer_distance_gt_4.5A	False		intermediate	remains unresolved	unresolved_exact_subset_too_small	False	unchanged_or_unresolved	132|133	132	L	133	A	137|138	137	exact_aligned	high	A89 flanking residues align directly to adjacent EV-A71 2C residues	127:GTGKSL|ATSVLA:138	132:GTGKSL|ATGIIA:143	137	138	137-138	insertional_handle_SGRPGSLS	8	-5.548728	0.021363	-5.548728	direct_insert_strongly_deleterious	-4.413262	-4.556363	-4.380337	-4.102371;-4.520645	3AAdel_spanning_option_1	-4.102371	deletion_context_strongly_deleterious	-2.59029	Bakhache_2024_NatMicrobiol_Dryad_10.5061_dryad.866t1g1xm_QVEU_eva71_dimple_c99331a6	direct_experiment_unfavorable	direct_experiment_unfavorable	132|133	132	133	exact_aligned	high	137	137,138	135-140	-2.484770602947368	1.189028843	0.05263157894736842	-2.6958097582105265	0.478932556	0.05263157894736842	38	-2.5902901805789473	-3.1147655665	1.189028843	0.05263157894736842	114	-2.454764175666667	-3.0320246945	2.217710281	0.09649122807017543	exact flank summaries	132	133	0	0.0	0	0	False	0	0.0	0	0	False	0	resolved_by_parsimony	False	direct_insert_strongly_deleterious		0.0	0.0008779346680779613	0.08496005424610698	0.04282727703150414	0.5805604781203443	0.0	0.09274293876422614	0.3267781817967693	0.8049552846954765	0.26007483876555854	0.4091539187390694	0.0	False	False	False	False	False	0	False	direct_homolog_strongly_unfavorable	blocked_software_unavailable				
133|134	133	134	HIGH_RISK	A89_N-terminal_oligomerization_by_similarity;near_Walker_A	False	0.0	0.0	0.00054692393241	0.0	6.007213549253377	31.639531318303245	94.2699966430664	False	0.168831	1.0	0.821775	0.0	0.0	0.0	0.435564	1.375968	0.724026	0.077922	0.0	0.0	0	0.0	0	0.431772	1.391158	0.726255	0.086022	0.0	0.0	0	0.0	0	0	0.0	0.435564	1.375968	0.724026	0.077922	0.0	0.0	0	none	0	none	0	none	none	max(insertion_type_count,local_deletion_type_count)	background	4	AF_coil;hexamer_coil_fraction_ge_0.8;AF_rSASA_ge_0.25;hexamer_rSASA_ge_0.25	False		intermediate	remains unresolved	unresolved_exact_subset_too_small	False	unchanged_or_unresolved	133|134	133	A	134	T	138|139	138	exact_aligned	high	A89 flanking residues align directly to adjacent EV-A71 2C residues	128:TGKSLA|TSVLAR:139	133:TGKSLA|TGIIAR:144	138	139	138-139	insertional_handle_SGRPGSLS	8	-5.72072	0.018962	-5.720720	direct_insert_strongly_deleterious	-4.556363	-4.236593	-4.758946	-4.520645;-4.729874	1AAdel_right_residue	-4.236593	deletion_context_strongly_deleterious	-2.676742	Bakhache_2024_NatMicrobiol_Dryad_10.5061_dryad.866t1g1xm_QVEU_eva71_dimple_c99331a6	direct_experiment_unfavorable	direct_experiment_unfavorable	133|134	133	134	exact_aligned	high	138	138,139	136-141	-2.6958097582105265	0.478932556	0.05263157894736842	-2.657674242368421	2.217710281	0.05263157894736842	38	-2.6767420002894737	-3.067472361	2.217710281	0.05263157894736842	114	-2.4222088375263158	-3.0634713305	2.217710281	0.10526315789473684	exact flank summaries	133	134	0	0.0	0	0	False	0	0.0	0	0	False	0	resolved_by_parsimony	False	direct_insert_strongly_deleterious		0.0	0.0008779346680779613	1.0	0.1821054402842044	0.5341011579496544	0.0	0.07061696539648896	0.3421497754360436	0.8049552846954765	0.27390052185963926	0.4141439755092256	0.0	False	False	False	False	False	0	False	direct_homolog_strongly_unfavorable	blocked_software_unavailable				
134|135	134	135	HIGH_RISK	A89_N-terminal_oligomerization_by_similarity;near_Walker_A	False	0.0	0.0166456028819084	0.0020802699881353	0.8564359361813837	3.309270032747796	31.639531318303245	93.83000183105467	False	1.0	0.532468	0.0	0.996956	0.0	0.0	0.388437	1.375968	0.732684	0.077922	0.0	0.0	0	0.0	0	0.385804	1.391158	0.734767	0.086022	0.0	0.0	0	0.0	0	0	0.0	0.388437	1.375968	0.732684	0.077922	0.0	0.0	0	none	0	none	0	none	none	max(insertion_type_count,local_deletion_type_count)	background	6	AF_coil;hexamer_coil_fraction_ge_0.8;AF_rSASA_ge_0.25;hexamer_rSASA_ge_0.25;burial_lt_0.10;interprotomer_distance_gt_4.5A	False		intermediate	remains unresolved	unresolved_exact_subset_too_small	False	unchanged_or_unresolved	134|135	134	T	135	S	139|140	139	exact_aligned	high	A89 flanking residues align directly to adjacent EV-A71 2C residues	129:GKSLAT|SVLARM:140	134:GKSLAT|GIIARA:145	139	140	139-140	insertional_handle_SGRPGSLS	8	-5.293577	0.025496	-5.293577	direct_insert_strongly_deleterious	-4.236593	-4.597606	-4.584046	-4.729874;-4.328824	1AAdel_left_residue	-4.236593	deletion_context_strongly_deleterious	-1.872494	Bakhache_2024_NatMicrobiol_Dryad_10.5061_dryad.866t1g1xm_QVEU_eva71_dimple_c99331a6	direct_experiment_unfavorable	direct_experiment_unfavorable	134|135	134	135	exact_aligned	high	139	139,140	137-142	-2.657674242368421	2.217710281	0.05263157894736842	-1.0873127911578948	1.757633993	0.42105263157894735	38	-1.8724935167631578	-2.381834448	2.217710281	0.23684210526315788	114	-2.4275370653596493	-3.0994461225	2.217710281	0.11403508771929824	exact flank summaries	134	135	0	0.0	0	0	False	0	0.0	0	0	False	0	resolved_by_parsimony	False	direct_insert_strongly_deleterious		0.022984873122525035	0.0033392964420086812	0.1435640638186163	0.04096152066969059	0.5341011579496544	0.0	0.13082983919273836	0.3396339559806174	0.8049552846954765	0.24098166331496473	0.4008381820026003	0.0	False	False	False	False	False	0	False	direct_homolog_strongly_unfavorable	blocked_software_unavailable				
135|136	135	136	HIGH_RISK	near_Walker_A	False	0.0	0.1208047196269035	0.043658834888089	0.8564359361813837	3.309270032747796	32.225826018549505	93.48999786376952	False	0.532468	0.077922	0.996956	1.055261	0.0	0.0	0.455612	1.375968	0.669913	0.077922	0.0	0.0	0	0.0	0	0.452324	1.391158	0.671595	0.086022	0.0	0.0	0	0.0	0	0	0.0	0.455612	1.375968	0.669913	0.077922	0.0	0.0	0	none	0	none	0	none	none	max(insertion_type_count,local_deletion_type_count)	background	6	AF_coil;hexamer_coil_fraction_ge_0.8;AF_rSASA_ge_0.25;hexamer_rSASA_ge_0.25;burial_lt_0.10;interprotomer_distance_gt_4.5A	False		variable	supports	unresolved_exact_subset_too_small	False	unchanged_or_unresolved	135|136	135	S	136	V	140|141	140	exact_aligned	high	A89 flanking residues align directly to adjacent EV-A71 2C residues	130:KSLATS|VLARML:141	135:KSLATG|IIARAI:146	140	141	140-141	insertional_handle_SGRPGSLS	8	-5.559395	0.021206	-5.559395	direct_insert_strongly_deleterious	-4.597606	-3.934312	-4.753199	-4.328824;-4.705992	1AAdel_right_residue	-3.934312	deletion_context_strongly_deleterious	-1.957144	Bakhache_2024_NatMicrobiol_Dryad_10.5061_dryad.866t1g1xm_QVEU_eva71_dimple_c99331a6	direct_experiment_unfavorable	direct_experiment_unfavorable	135|136	135	136	exact_aligned	high	140	140,141	138-143	-1.0873127911578948	1.757633993	0.42105263157894735	-2.8269742923157897	0.422170241	0.05263157894736842	38	-1.9571435417368421	-2.4054104020000002	1.757633993	0.23684210526315788	114	-2.4489729804824565	-3.0810182035	2.217710281	0.12280701754385964	exact flank summaries	135	136	0	0.0	0	0	False	0	0.0	0	0	False	0	resolved_by_parsimony	False	direct_insert_strongly_deleterious		0.1668116903260066	0.07008214935347033	0.1435640638186163	0.04096152066969059	0.5473905741755326	0.0	0.09129613417499884	0.3295125996877347	0.8049552846954765	0.2879043259656429	0.49730595333597666	0.0	False	False	False	False	False	0	False	direct_homolog_strongly_unfavorable	blocked_software_unavailable				
136|137	136	137	HIGH_RISK	near_Walker_A	False	0.0	0.0056325942277908	0.0030701729294474	0.116619300344984	6.189622490610736	35.52282967304622	93.48999786376952	False	0.077922	1.0	1.055261	0.0	0.0	0.0	0.455612	1.375968	0.669913	0.077922	0.0	0.0	0	0.0	0	0.452324	1.391158	0.671595	0.086022	0.0	0.0	0	0.0	0	0	0.0	0.455612	1.375968	0.669913	0.077922	0.0	0.0	0	none	0	none	0	none	none	max(insertion_type_count,local_deletion_type_count)	background	5	AF_coil;hexamer_coil_fraction_ge_0.8;AF_rSASA_ge_0.25;hexamer_rSASA_ge_0.25;burial_lt_0.10	False		variable	supports	unresolved_exact_subset_too_small	False	unchanged_or_unresolved	136|137	136	V	137	L	141|142	141	exact_aligned	high	A89 flanking residues align directly to adjacent EV-A71 2C residues	131:SLATSV|LARMLT:142	136:SLATGI|IARAIA:147	141	142	141-142	insertional_handle_SGRPGSLS	8	-5.660236	0.019774	-5.660236	direct_insert_strongly_deleterious	-3.934312	-4.570301	-4.505993	-4.705992;-4.505993	1AAdel_left_residue	-3.934312	deletion_context_strongly_deleterious	-2.819827	Bakhache_2024_NatMicrobiol_Dryad_10.5061_dryad.866t1g1xm_QVEU_eva71_dimple_c99331a6	direct_experiment_unfavorable	direct_experiment_unfavorable	136|137	136	137	exact_aligned	high	141	141,142	139-144	-2.8269742923157897	0.422170241	0.05263157894736842	-2.812680705157894	1.053331414	0.05263157894736842	38	-2.819827498736842	-3.3567676955000003	1.053331414	0.05263157894736842	114	-2.5146553720526312	-3.1884044405	2.217710281	0.12280701754385964	exact flank summaries	136	137	0	0.0	0	0	False	0	0.0	0	0	False	0	resolved_by_parsimony	False	direct_insert_strongly_deleterious		0.007777697485331061	0.004928311035648259	0.883380699655016	0.19164823196920533	0.622123048892504	0.0	0.07809980187070911	0.29849946666114197	0.8049552846954765	0.2879043259656429	0.49730595333597666	0.0	False	False	False	False	False	0	False	direct_homolog_strongly_unfavorable	blocked_software_unavailable				
137|138	137	138	HIGH_RISK	near_Walker_A	False	0.0	0.0	0.0	0.0	5.303669630204646	32.91761418353025	93.87000274658205	False	1.0	0.974026	0.0	0.173781	0.0	0.0	0.572416	1.401649	0.591991	0.064935	0.0	0.0	0	0.0	0	0.567245	1.391158	0.594534	0.075269	0.0	0.0	0	0.0	0	0	0.0	0.572416	1.401649	0.591991	0.064935	0.0	0.0	0	none	0	none	0	none	none	max(insertion_type_count,local_deletion_type_count)	background	4	AF_coil;hexamer_coil_fraction_ge_0.8;AF_rSASA_ge_0.25;hexamer_rSASA_ge_0.25	False		variable	supports	unresolved_exact_subset_too_small	False	unchanged_or_unresolved	137|138	137	L	138	A	142|143	142	exact_aligned	high	A89 flanking residues align directly to adjacent EV-A71 2C residues	132:LATSVL|ARMLTV:143	137:LATGII|ARAIAD:148	142	143	142-143	insertional_handle_SGRPGSLS	8	-6.019067	0.01542	-6.019067	direct_insert_strongly_deleterious	-4.570301	-4.476028	-4.468394	-4.505993;-4.662776	2AAdel_spanning_junction	-4.468394	deletion_context_strongly_deleterious	-2.713033	Bakhache_2024_NatMicrobiol_Dryad_10.5061_dryad.866t1g1xm_QVEU_eva71_dimple_c99331a6	direct_experiment_unfavorable	direct_experiment_unfavorable	137|138	137	138	exact_aligned	high	142	142,143	140-145	-2.812680705157894	1.053331414	0.05263157894736842	-2.613386093684211	0.860072944	0.10526315789473684	38	-2.7130333994210525	-3.2346659774999997	1.053331414	0.07894736842105263	114	-2.3822442579122804	-3.1331198705	1.757633993	0.13157894736842105	exact flank summaries	137	138	0	0.0	0	0	False	0	0.0	0	0	False	0	resolved_by_parsimony	False	direct_insert_strongly_deleterious		0.0	0.0	1.0	0.1452992782026089	0.5630711881410077	0.0	0.03797631663825277	0.3610197768822872	0.6321386092272011	0.3694935286191571	0.6170580948956036	0.0	False	False	False	False	False	0	False	direct_homolog_strongly_unfavorable	blocked_software_unavailable				
138|139	138	139	HIGH_RISK	near_Walker_A	False	0.0	0.0	0.0	0.7139900413987406	2.5915459750480347	31.557723196705098	92.87999725341795	False	0.974026	0.961039	0.173781	0.237508	0.0	0.0	0.551044	1.401649	0.634199	0.064935	0.0	0.0	0	0.0	0	0.542476	1.379048	0.636649	0.075269	0.0	0.0	0	0.0	0	0	0.0	0.551044	1.401649	0.634199	0.064935	0.0	0.0	0	none	0	none	0	none	none	max(insertion_type_count,local_deletion_type_count)	background	6	AF_coil;hexamer_coil_fraction_ge_0.8;AF_rSASA_ge_0.25;hexamer_rSASA_ge_0.25;burial_lt_0.10;interprotomer_distance_gt_4.5A	False		variable	supports	unresolved_exact_subset_too_small	False	unchanged_or_unresolved	138|139	138	A	139	R	143|144	143	exact_aligned	high	A89 flanking residues align directly to adjacent EV-A71 2C residues	133:ATSVLA|RMLTVE:144	138:ATGIIA|RAIADK:149	143	144	143-144	insertional_handle_SGRPGSLS	8	-4.22227	0.053576	-4.222270	direct_insert_strongly_deleterious	-4.476028	-4.505993	-4.319974	-4.662776;-4.483604	2AAdel_spanning_junction	-4.319974	deletion_context_strongly_deleterious	-2.851645	Bakhache_2024_NatMicrobiol_Dryad_10.5061_dryad.866t1g1xm_QVEU_eva71_dimple_c99331a6	direct_experiment_unfavorable	direct_experiment_unfavorable	138|139	138	139	exact_aligned	high	143	143,144	141-146	-2.613386093684211	0.860072944	0.10526315789473684	-3.089904107631579	0.501219216	0.05263157894736842	38	-2.8516451006578953	-3.2755205634999998	0.860072944	0.07894736842105263	114	-2.593520689929825	-3.1790670545	1.284585014	0.07894736842105263	exact flank summaries	138	139	0	0.0	0	0	False	0	0.0	0	0	False	0	resolved_by_parsimony	False	direct_insert_strongly_deleterious		0.0	0.0	0.28600995860125944	0.0034135193547534044	0.5322468308030534	0.0	0.3895959083997604	0.26126177576651616	0.454449052045671	0.35456489227869864	0.552191967345634	0.0	False	False	False	False	False	0	False	direct_homolog_strongly_unfavorable	blocked_software_unavailable				
139|140	139	140	HIGH_RISK	near_Walker_A	False	0.0	0.0111516956239938	0.0013286942128269	0.7139900413987406	2.5915459750480347	31.557723196705098	91.56999969482422	False	0.961039	1.0	0.237508	0.0	0.0	0.0	0.515464	1.401649	0.626623	0.064935	0.0	0.0	0	0.0	0	0.512049	1.379048	0.629928	0.075269	0.0	0.0	0	0.0	0	0	0.0	0.515464	1.401649	0.626623	0.064935	0.0	0.0	0	none	0	none	0	none	none	max(insertion_type_count,local_deletion_type_count)	background	6	AF_coil;hexamer_coil_fraction_ge_0.8;AF_rSASA_ge_0.25;hexamer_rSASA_ge_0.25;burial_lt_0.10;interprotomer_distance_gt_4.5A	False		variable	supports	unresolved_exact_subset_too_small	False	unchanged_or_unresolved	139|140	139	R	140	M	144|145	144	exact_aligned	high	A89 flanking residues align directly to adjacent EV-A71 2C residues	134:TSVLAR|MLTVET:145	139:TGIIAR|AIADKY:150	144	145	144-145	insertional_handle_SGRPGSLS	8	-5.626087	0.020248	-5.626087	direct_insert_strongly_deleterious	-4.505993	-4.476028	-4.513346	-4.483604;-4.452950	3AAdel_spanning_option_2	-4.45295	deletion_context_strongly_deleterious	-2.476556	Bakhache_2024_NatMicrobiol_Dryad_10.5061_dryad.866t1g1xm_QVEU_eva71_dimple_c99331a6	direct_experiment_unfavorable	direct_experiment_unfavorable	139|140	139	140	exact_aligned	high	144	144,145	142-147	-3.089904107631579	0.501219216	0.05263157894736842	-1.8632075575263158	1.284585014	0.10526315789473684	38	-2.4765558325789474	-3.2121306785	1.284585014	0.07894736842105263	114	-2.5468881476052636	-3.1269435995	1.284585014	0.07017543859649122	exact flank summaries	139	140	0	0.0	0	0	False	0	0.0	0	0	False	0	resolved_by_parsimony	False	direct_insert_strongly_deleterious		0.015398679809735333	0.00213285000635303	0.28600995860125944	0.0034135193547534044	0.5322468308030534	0.0	0.08246786158595584	0.2832801768007524	0.454449052045671	0.3297117722621578	0.5638349208691027	0.0	False	False	False	False	False	0	False	direct_homolog_strongly_unfavorable	blocked_software_unavailable				
140|141	140	141	CORE_CAUTION	A89_SF3_helicase_domain_by_PROSITE	False	0.0	0.0111516956239938	0.0013286942128269	0.625046231467774	3.5915036332323296	36.56089703115144	91.56999969482422	False	1.0	0.246753	0.0	0.806091	0.0	0.0	0.515464	1.401649	0.626623	0.064935	0.0	0.0	0	0.0	0	0.512049	1.379048	0.629928	0.075269	0.0	0.0	0	0.0	0	0	0.0	0.515464	1.401649	0.626623	0.064935	0.0	0.0	0	none	0	none	0	none	none	max(insertion_type_count,local_deletion_type_count)	background	6	AF_coil;hexamer_coil_fraction_ge_0.8;AF_rSASA_ge_0.25;hexamer_rSASA_ge_0.25;burial_lt_0.10;interprotomer_distance_gt_4.5A	False		variable	supports	unresolved_exact_subset_too_small	False	unchanged_or_unresolved	140|141	140	M	141	L	145|146	145	exact_aligned	high	A89 flanking residues align directly to adjacent EV-A71 2C residues	135:SVLARM|LTVETD:146	140:GIIARA|IADKYH:151	145	146	145-146	insertional_handle_SGRPGSLS	8	-5.83574	0.017509	-5.835740	direct_insert_strongly_deleterious	-4.476028	-4.687699	-4.505993	-4.452950;-4.563356	3AAdel_spanning_option_1	-4.45295	deletion_context_strongly_deleterious	-2.109089	Bakhache_2024_NatMicrobiol_Dryad_10.5061_dryad.866t1g1xm_QVEU_eva71_dimple_c99331a6	direct_experiment_unfavorable	direct_experiment_unfavorable	140|141	140	141	exact_aligned	high	145	145,146	143-148	-1.8632075575263158	1.284585014	0.10526315789473684	-2.354971383263158	1.226257649	0.10526315789473684	38	-2.1090894703947365	-2.6226431165	1.284585014	0.10526315789473684	114	-2.2880839206666663	-2.879009502	2.185777451	0.09649122807017543	exact flank summaries	140	141	0	0.0	0	0	False	0	0.0	0	0	False	0	resolved_by_parsimony	False	direct_insert_strongly_deleterious		0.015398679809735333	0.00213285000635303	0.37495376853222595	0.05572667656550394	0.645652699060864	0.0	0.05722711145924527	0.40547928870909294	0.7929604793494257	0.3297117722621578	0.5638349208691027	0.0	False	False	False	False	False	0	False	direct_homolog_strongly_unfavorable	blocked_software_unavailable				
141|142	141	142	CORE_CAUTION	A89_SF3_helicase_domain_by_PROSITE	False	0.0	0.1203475669026374	0.0252087928762483	0.8706709368822607	2.723176243834595	32.75843820955455	90.68000030517578	False	0.246753	1.0	0.806091	0.0	0.0	0.0	0.465286	1.401649	0.659091	0.064935	0.0	0.0	0	0.0	0	0.46422	1.379048	0.661738	0.075269	0.0	0.0	0	0.0	0	0	0.0	0.465286	1.401649	0.659091	0.064935	0.0	0.0	0	none	0	none	0	none	none	max(insertion_type_count,local_deletion_type_count)	background	6	AF_coil;hexamer_coil_fraction_ge_0.8;AF_rSASA_ge_0.25;hexamer_rSASA_ge_0.25;burial_lt_0.10;interprotomer_distance_gt_4.5A	False		variable	supports	unresolved_exact_subset_too_small	False	unchanged_or_unresolved	141|142	141	L	142	T	146|147	146	exact_aligned	high	A89 flanking residues align directly to adjacent EV-A71 2C residues	136:VLARML|TVETDI:147	141:IIARAI|ADKYHS:152	146	147	146-147	insertional_handle_SGRPGSLS	8	-5.886731	0.016901	-5.886731	direct_insert_strongly_deleterious	-4.687699	-4.421327	-4.498585	-4.563356;-4.445137	1AAdel_right_residue	-4.421327	deletion_context_strongly_deleterious	-2.451075	Bakhache_2024_NatMicrobiol_Dryad_10.5061_dryad.866t1g1xm_QVEU_eva71_dimple_c99331a6	direct_experiment_unfavorable	direct_experiment_unfavorable	141|142	141	142	exact_aligned	high	146	146,147	144-149	-2.354971383263158	1.226257649	0.10526315789473684	-2.5471790383684216	-0.280334708	0.0	38	-2.451075210815789	-2.9399010435	1.226257649	0.05263157894736842	114	-2.212290789780702	-2.7400442765	2.185777451	0.09649122807017543	exact flank summaries	141	142	0	0.0	0	0	False	0	0.0	0	0	False	0	resolved_by_parsimony	False	direct_insert_strongly_deleterious		0.16618043668866953	0.04046572456416879	0.12932906311773928	0.0102998058773529	0.559463180477909	0.0	0.05162419941943509	0.44126639076911794	0.7929604793494257	0.29466174819835833	0.5139374268089147	0.0	False	False	False	False	False	0	False	direct_homolog_strongly_unfavorable	blocked_software_unavailable				
142|143	142	143	CORE_CAUTION	A89_SF3_helicase_domain_by_PROSITE	True	1.0	0.1203475669026374	0.018668462261843	0.9822866214584328	2.5262970969045355	31.06155436779605	87.98999786376953	False	1.0	0.064935	0.0	1.401649	0.0	0.0	0.377348	1.401649	0.735931	0.064935	0.0	0.0	0	0.0	0	0.37877	1.379048	0.737903	0.075269	0.0	0.0	0	0.0	0	0	0.0	0.377348	1.401649	0.735931	0.064935	0.0	0.0	0	none	0	none	0	none	none	max(insertion_type_count,local_deletion_type_count)	background	4	AF_rSASA_ge_0.25;hexamer_rSASA_ge_0.25;burial_lt_0.10;interprotomer_distance_gt_4.5A	False		intermediate	remains unresolved	unresolved_exact_subset_too_small	False	unchanged_or_unresolved	142|143	142	T	143	V	147|148;148|149;149|150	147-149	ambiguous	low	A89 junction spans multiple EV-A71 residues/junctions in the sequence alignment	137:LARMLT|VETDIY:148		147	150	147-150	insertional_handle_SGRPGSLS	8	-5.98152	0.015826	-6.108727;-6.080775;-5.981520	direct_insert_strongly_deleterious							no_direct_deletion_context		Bakhache_2024_NatMicrobiol_Dryad_10.5061_dryad.866t1g1xm_QVEU_eva71_dimple_c99331a6	mapping_uncertain	mapping_uncertain	142|143	142	143	ambiguous	low	147-149	147,148,149,150	145-152							76	-2.052372801618421	-2.625002782	2.185777451	0.09210526315789473	152	-2.172057887	-2.7400442765	2.185777451	0.09210526315789473	ambiguous source positions summarized jointly	142	143	0	0.0	0	0	False	0	0.0	0	0	False	0	resolved_by_parsimony	False	direct_insert_strongly_deleterious		0.16618043668866953	0.029967037915412695	0.017713378541567182	0.0	0.5210002783731759	1.0	0.04171773487536285	0.4602630858673895	0.7929604793494257	0.2332358440945201	0.3958481252324441	0.0	False	False	False	False	False	0	False	mapping_uncertain	blocked_software_unavailable				
143|144	143	144	CORE_CAUTION	A89_SF3_helicase_domain_by_PROSITE	False	1.0	0.4846948683261871	0.018668462261843	0.9822866214584328	2.5262970969045355	27.91794231754719	87.5999984741211	False	0.064935	0.584416	1.401649	1.119512	0.0	0.0	0.377348	1.401649	0.735931	0.064935	0.0	0.0	0	0.0	0	0.37877	1.379048	0.737903	0.075269	0.0	0.0	0	0.0	0	0	0.0	0.377348	1.401649	0.735931	0.064935	0.0	0.0	0	none	0	none	0	none	none	max(insertion_type_count,local_deletion_type_count)	background	4	AF_coil;hexamer_rSASA_ge_0.25;burial_lt_0.10;interprotomer_distance_gt_4.5A	False		intermediate	remains unresolved	unresolved_exact_subset_too_small	False	unchanged_or_unresolved	143|144	143	V	144	E	150|151	150	exact_aligned	high	A89 flanking residues align directly to adjacent EV-A71 2C residues	138:ARMLTV|ETDIYS:149	145:AIADKY|HSSVYS:156	150	151	150-151	insertional_handle_SGRPGSLS	8	-5.991901	0.015713	-5.991901	direct_insert_strongly_deleterious	-4.319974	-4.8308	-4.520645	-4.483604;-4.513346	1AAdel_left_residue	-4.319974	deletion_context_strongly_deleterious	-2.252169	Bakhache_2024_NatMicrobiol_Dryad_10.5061_dryad.866t1g1xm_QVEU_eva71_dimple_c99331a6	direct_experiment_unfavorable	direct_experiment_unfavorable	143|144	143	144	exact_aligned	high	150	150,151	148-153	-2.243829516210526	1.052090234	0.05263157894736842	-2.2605086819473685	1.270966225	0.10526315789473684	38	-2.2521690990789476	-2.9024983515000002	1.270966225	0.07894736842105263	114	-2.170813297192982	-2.7400442765	2.185777451	0.11403508771929824	exact flank summaries	143	144	0	0.0	0	0	False	0	0.0	0	0	False	0	resolved_by_parsimony	False	direct_insert_strongly_deleterious		0.6692848634353054	0.029967037915412695	0.017713378541567182	0.0	0.4497446982512752	1.0	0.04067640418375341	0.460850741528608	0.7929604793494257	0.2332358440945201	0.3958481252324441	0.0	False	False	False	False	False	0	False	direct_homolog_strongly_unfavorable	blocked_software_unavailable				
144|145	144	145	CORE_CAUTION	A89_SF3_helicase_domain_by_PROSITE	False	1.0	0.5297373533248901	0.0891482163616003	0.8923795494209782	2.5363125225241663	25.90683575947988	87.0199966430664	False	0.584416	0.077922	1.119512	0.394815	0.0	0.0	0.362866	1.401649	0.738095	0.064935	0.0	0.0	0	0.0	0	0.363894	1.379048	0.740143	0.075269	0.0	0.0	0	0.0	0	0	0.0	0.362866	1.401649	0.738095	0.064935	0.0	0.0	0	none	0	none	0	none	none	max(insertion_type_count,local_deletion_type_count)	background	4	AF_coil;hexamer_rSASA_ge_0.25;burial_lt_0.10;interprotomer_distance_gt_4.5A	False		intermediate	remains unresolved	unresolved_exact_subset_too_small	False	unchanged_or_unresolved	144|145	144	E	145	T	151|152	151	exact_aligned	high	A89 flanking residues align directly to adjacent EV-A71 2C residues	139:RMLTVE|TDIYSL:150	146:IADKYH|SSVYSL:157	151	152	151-152	insertional_handle_SGRPGSLS	8	-5.843756	0.017412	-5.843756	direct_insert_strongly_deleterious	-4.8308	-4.857117	-4.820076	-4.513346;-4.527891	3AAdel_spanning_option_1	-4.513346	deletion_context_strongly_deleterious	-2.474396	Bakhache_2024_NatMicrobiol_Dryad_10.5061_dryad.866t1g1xm_QVEU_eva71_dimple_c99331a6	direct_experiment_unfavorable	direct_experiment_unfavorable	144|145	144	145	exact_aligned	high	151	151,152	149-154	-2.2605086819473685	1.270966225	0.10526315789473684	-2.688284266789474	0.800381096	0.05263157894736842	38	-2.4743964743684215	-3.0065614304999997	1.270966225	0.07894736842105263	114	-2.447610443315789	-2.947170119	1.275039132	0.07894736842105263	exact flank summaries	144	145	0	0.0	0	0	False	0	0.0	0	0	False	0	resolved_by_parsimony	False	direct_insert_strongly_deleterious		0.7314812170407166	0.1431027334940094	0.10762045057902181	0.0005239607204205832	0.4041593772283772	1.0	0.05633322582131503	0.33015594633503803	0.4508633693346063	0.22311996764484207	0.3925224452661313	0.0	False	False	False	False	False	0	False	direct_homolog_strongly_unfavorable	blocked_software_unavailable				
145|146	145	146	CORE_CAUTION	A89_SF3_helicase_domain_by_PROSITE	False	1.0	0.1851692795753479	0.1190402701316925	0.858348188389677	2.600789837523032	25.90683575947988	87.0199966430664	False	0.077922	1.0	0.394815	0.0	0.0	0.0	0.343073	1.401649	0.741342	0.064935	0.0	0.0	0	0.0	0	0.344616	1.379048	0.743279	0.075269	0.0	0.0	0	0.0	0	0	0.0	0.343073	1.401649	0.741342	0.064935	0.0	0.0	0	none	0	none	0	none	none	max(insertion_type_count,local_deletion_type_count)	background	5	AF_coil;AF_rSASA_ge_0.25;hexamer_rSASA_ge_0.25;burial_lt_0.10;interprotomer_distance_gt_4.5A	False		intermediate	remains unresolved	unresolved_exact_subset_too_small	False	unchanged_or_unresolved	145|146	145	T	146	D	152|153	152	exact_aligned	high	A89 flanking residues align directly to adjacent EV-A71 2C residues	140:MLTVET|DIYSLP:151	147:ADKYHS|SVYSLP:158	152	153	152-153	insertional_handle_SGRPGSLS	8	-5.782008	0.018174	-5.782008	direct_insert_strongly_deleterious	-4.857117	-4.97922	-5.032924	-4.527891;-5.032924	3AAdel_spanning_option_1	-4.527891	deletion_context_strongly_deleterious	-2.551029	Bakhache_2024_NatMicrobiol_Dryad_10.5061_dryad.866t1g1xm_QVEU_eva71_dimple_c99331a6	direct_experiment_unfavorable	direct_experiment_unfavorable	145|146	145	146	exact_aligned	high	152	152,153	150-155	-2.688284266789474	0.800381096	0.05263157894736842	-2.4137746663157897	0.277352138	0.15789473684210525	38	-2.5510294665526314	-3.0371958164999997	0.800381096	0.10526315789473684	114	-2.6163077723157895	-3.1350067475	1.270966225	0.06140350877192982	exact flank summaries	145	146	0	0.0	0	0	False	0	0.0	0	0	False	0	resolved_by_parsimony	False	direct_insert_strongly_deleterious		0.2556886901257602	0.19108613438336977	0.14165181161032303	0.003897115461979744	0.4041593772283772	1.0	0.06335529650278762	0.25050244133258637	0.4493334790412133	0.20929428455076135	0.38753238849597516	0.0	False	False	False	False	False	0	False	direct_homolog_strongly_unfavorable	blocked_software_unavailable				
146|147	146	147	CORE_CAUTION	A89_SF3_helicase_domain_by_PROSITE	False	0.0	0.1603751480579376	0.0860095637300494	0.7812562202693234	2.600789837523032	25.501798723059565	90.68000030517578	False	1.0	0.922078	0.0	0.394815	0.0	0.0	0.343073	1.401649	0.741342	0.064935	0.0	0.0	0	0.0	0	0.344616	1.379048	0.743279	0.075269	0.0	0.0	0	0.0	0	0	0.0	0.343073	1.401649	0.741342	0.064935	0.0	0.0	0	none	0	none	0	none	none	max(insertion_type_count,local_deletion_type_count)	background	6	AF_coil;hexamer_coil_fraction_ge_0.8;AF_rSASA_ge_0.25;hexamer_rSASA_ge_0.25;burial_lt_0.10;interprotomer_distance_gt_4.5A	False		intermediate	remains unresolved	unresolved_exact_subset_too_small	False	unchanged_or_unresolved	146|147	146	D	147	I	153|154	153	exact_aligned	high	A89 flanking residues align directly to adjacent EV-A71 2C residues	141:LTVETD|IYSLPP:152	148:DKYHSS|VYSLPP:159	153	154	153-154	insertional_handle_SGRPGSLS	8	-5.97103	0.015942	-5.971030	direct_insert_strongly_deleterious	-4.97922	-5.010897	-4.951246	-5.032924;-4.951246	2AAdel_spanning_junction	-4.951246	deletion_context_strongly_deleterious	-2.667206	Bakhache_2024_NatMicrobiol_Dryad_10.5061_dryad.866t1g1xm_QVEU_eva71_dimple_c99331a6	direct_experiment_unfavorable	direct_experiment_unfavorable	146|147	146	147	exact_aligned	high	153	153,154	151-156	-2.4137746663157897	0.277352138	0.15789473684210525	-2.920638220263158	-0.562959704	0.0	38	-2.6672064432894738	-3.0130217385	0.277352138	0.07894736842105263	114	-2.651567958429825	-3.1719390875	1.270966225	0.05263157894736842	exact flank summaries	146	147	0	0.0	0	0	False	0	0.0	0	0	False	0	resolved_by_parsimony	False	direct_insert_strongly_deleterious		0.22145202287171492	0.1380644972914894	0.2187437797306766	0.003897115461979744	0.39497848959349874	0.0	0.042786711514537175	0.2338537046414341	0.4493334790412133	0.20929428455076135	0.38753238849597516	0.0	False	False	False	False	False	0	False	direct_homolog_strongly_unfavorable	blocked_software_unavailable				
147|148	147	148	EXCLUDE	9A5_epitope_and_H163-equivalent_pore-loop	False	0.0	0.0634387955069542	0.0697448975837427	0.0718609033547522	2.792740468444077	18.459138787364804	93.48999786376952	False	0.922078	1.0	0.394815	0.0	0.0	0.0	0.344032	1.401649	0.788961	0.064935	0.0	0.0	0	0.0	0	0.342159	1.379048	0.793459	0.075269	0.0	0.0	0	0.0	0	0	0.0	0.34641	1.401649	0.788961	0.064935	0.0	0.0	0	none	0	none	0	none	none	max(insertion_type_count,local_deletion_type_count)	background	5	AF_coil;hexamer_coil_fraction_ge_0.8;AF_rSASA_ge_0.25;hexamer_rSASA_ge_0.25;interprotomer_distance_gt_4.5A	False		intermediate	weakens	unresolved_exact_subset_too_small	False	decreased_or_excluded; hard functional feature dominates	147|148	147	I	148	Y	154|155	154	exact_aligned	high	A89 flanking residues align directly to adjacent EV-A71 2C residues	142:TVETDI|YSLPPD:153	149:KYHSSV|YSLPPD:160	154	155	154-155	insertional_handle_SGRPGSLS	8	-5.83574	0.017509	-5.835740	direct_insert_strongly_deleterious	-5.010897	-4.922467	-5.230023	-4.951246;-5.006432	1AAdel_right_residue	-4.922467	deletion_context_strongly_deleterious	-3.045725	Bakhache_2024_NatMicrobiol_Dryad_10.5061_dryad.866t1g1xm_QVEU_eva71_dimple_c99331a6	direct_experiment_unfavorable	direct_experiment_unfavorable	147|148	147	148	exact_aligned	high	154	154,155	152-157	-2.920638220263158	-0.562959704	0.0	-3.1708112823684207	-0.048290347	0.0	38	-3.045724751315789	-3.289599503	-0.048290347	0.0	114	-2.7029072379736845	-3.2282307159999997	1.362363397	0.05263157894736842	exact flank summaries	147	148	0	0.0	0	0	False	0	0.0	0	0	False	0	resolved_by_parsimony	True	direct_insert_strongly_deleterious		0.08759866951757893	0.11195608727615992	0.9281390966452479	0.013939084189244293	0.23534402729416035	0.0	0.05722711145924527	0.2096129322225117	0.4836646450330632	0.2116252250087489	0.31435052420953624	0.0	False	False	False	False	False	0	False	hard_excluded	blocked_software_unavailable				
148|149	148	149	EXCLUDE	9A5_epitope_and_H163-equivalent_pore-loop	False	0.0	0.0634387955069542	0.0697448975837427	0.6354848859426351	3.464012518758942	18.459138787364804	93.5	False	1.0	1.0	0.0	0.0	0.0	0.0	0.344032	1.401649	0.788961	0.064935	0.0	0.0	0	0.0	0	0.342159	1.379048	0.793459	0.075269	0.0	0.0	0	0.0	0	0	0.0	0.34641	1.401649	0.788961	0.064935	0.0	0.0	0	none	0	none	0	none	none	max(insertion_type_count,local_deletion_type_count)	background	6	AF_coil;hexamer_coil_fraction_ge_0.8;AF_rSASA_ge_0.25;hexamer_rSASA_ge_0.25;burial_lt_0.10;interprotomer_distance_gt_4.5A	False		intermediate	weakens	unresolved_exact_subset_too_small	False	decreased_or_excluded; hard functional feature dominates	148|149	148	Y	149	S	155|156	155	exact_aligned	high	A89 flanking residues align directly to adjacent EV-A71 2C residues	143:VETDIY|SLPPDP:154	150:YHSSVY|SLPPDP:161	155	156	155-156	insertional_handle_SGRPGSLS	8	-5.905671	0.016681	-5.905671	direct_insert_strongly_deleterious	-4.922467	-4.872581	-5.12048	-5.006432;-4.988373	1AAdel_right_residue	-4.872581	deletion_context_strongly_deleterious	-2.813101	Bakhache_2024_NatMicrobiol_Dryad_10.5061_dryad.866t1g1xm_QVEU_eva71_dimple_c99331a6	direct_experiment_unfavorable	direct_experiment_unfavorable	148|149	148	149	exact_aligned	high	155	155,156	153-158	-3.1708112823684207	-0.048290347	0.0	-2.4553906328947366	-0.151518461	0.0	38	-2.813100957631579	-3.337297236	-0.048290347	0.0	114	-2.7481261233245617	-3.2373236404999997	1.362363397	0.043859649122807015	exact flank summaries	148	149	0	0.0	0	0	False	0	0.0	0	0	False	0	resolved_by_parsimony	True	direct_insert_strongly_deleterious		0.08759866951757893	0.11195608727615992	0.3645151140573649	0.049056931441965	0.23534402729416035	0.0	0.04959682993134591	0.1882620149800616	0.4836646450330632	0.2116252250087489	0.31435052420953624	0.0	False	False	False	False	False	0	False	hard_excluded	blocked_software_unavailable				
149|150	149	150	EXCLUDE	9A5_epitope_and_H163-equivalent_pore-loop	False	0.0	0.0487416312098503	0.019217867954058	0.6354848859426351	3.464012518758942	20.4309010755822	90.58999633789062	False	1.0	1.0	0.0	0.0	0.0	0.0	0.227228	1.119512	0.866883	0.077922	0.0	0.0	0	0.0	0	0.227238	1.093932	0.87052	0.091398	0.0	0.0	0	0.0	0	0	0.0	0.229606	1.119512	0.866883	0.077922	0.0	0.0	0	none	0	none	0	none	none	max(insertion_type_count,local_deletion_type_count)	background	6	AF_coil;hexamer_coil_fraction_ge_0.8;AF_rSASA_ge_0.25;hexamer_rSASA_ge_0.25;burial_lt_0.10;interprotomer_distance_gt_4.5A	False		intermediate	weakens	unresolved_exact_subset_too_small	False	decreased_or_excluded; hard functional feature dominates	149|150	149	S	150	L	156|157	156	exact_aligned	high	A89 flanking residues align directly to adjacent EV-A71 2C residues	144:ETDIYS|LPPDPK:155	151:HSSVYS|LPPDPD:162	156	157	156-157	insertional_handle_SGRPGSLS	8	-5.942508	0.01626	-5.942508	direct_insert_strongly_deleterious	-4.872581	-5.050203	-4.76466	-4.988373;-4.764660	2AAdel_spanning_junction	-4.76466	deletion_context_strongly_deleterious	-2.511967	Bakhache_2024_NatMicrobiol_Dryad_10.5061_dryad.866t1g1xm_QVEU_eva71_dimple_c99331a6	direct_experiment_unfavorable	direct_experiment_unfavorable	149|150	149	150	exact_aligned	high	156	156,157	154-159	-2.4553906328947366	-0.151518461	0.0	-2.568544359210526	1.362363397	0.10526315789473684	38	-2.511967496052632	-3.19034592	1.362363397	0.05263157894736842	114	-2.89567553095614	-3.2694305275	1.362363397	0.017543859649122806	exact flank summaries	149	150	0	0.0	0	0	False	0	0.0	0	0	False	0	resolved_by_parsimony	True	direct_insert_strongly_deleterious		0.06730427351243358	0.03084895636046866	0.3645151140573649	0.049056931441965	0.28003754019066873	0.0	0.04571718195641156	0.1185938847935387	0.4836646450330632	0.1300360223552348	0.19459838264990925	0.0	False	False	False	False	False	0	False	hard_excluded	blocked_software_unavailable				
150|151	150	151	EXCLUDE	9A5_epitope_and_H163-equivalent_pore-loop	False	0.1666666666666666	0.0487416312098503	0.019217867954058	0.417048601663235	5.047389820068311	17.641896500216895	85.41000366210938	False	1.0	1.0	0.0	0.0	0.0	0.0	0.142268	0.817589	0.900433	0.077922	0.0	0.0	0	0.0	0	0.146004	0.768758	0.902778	0.091398	0.0	0.0	0	0.0	0	0	0.0	0.144647	0.846128	0.900433	0.077922	0.0	0.0	0	none	0	none	0	none	none	max(insertion_type_count,local_deletion_type_count)	background	5	AF_coil;hexamer_coil_fraction_ge_0.8;AF_rSASA_ge_0.25;hexamer_rSASA_ge_0.25;burial_lt_0.10	False		conserved	weakens	unresolved_exact_subset_too_small	False	decreased_or_excluded; hard functional feature dominates	150|151	150	L	151	P	157|158	157	exact_aligned	high	A89 flanking residues align directly to adjacent EV-A71 2C residues	145:TDIYSL|PPDPKY:156	152:SSVYSL|PPDPDH:163	157	158	157-158	insertional_handle_SGRPGSLS	8	-5.743042	0.018671	-5.743042	direct_insert_strongly_deleterious	-5.050203	-4.922467	-4.88276	-4.764660;-4.887810	3AAdel_spanning_option_1	-4.76466	deletion_context_strongly_deleterious	-2.764071	Bakhache_2024_NatMicrobiol_Dryad_10.5061_dryad.866t1g1xm_QVEU_eva71_dimple_c99331a6	direct_experiment_unfavorable	direct_experiment_unfavorable	150|151	150	151	exact_aligned	high	157	157,158	155-160	-2.568544359210526	1.362363397	0.10526315789473684	-2.9595975788947366	-0.824905453	0.0	38	-2.7640709690526317	-3.2305458084999996	1.362363397	0.05263157894736842	114	-2.874758708280702	-3.3198792944999997	1.362363397	0.02631578947368421	exact flank summaries	150	151	0	0.0	0	0	False	0	0.0	0	0	False	0	resolved_by_parsimony	True	direct_insert_strongly_deleterious		0.06730427351243358	0.03084895636046866	0.582951398336765	0.13189190451245963	0.2168197716480913	0.1666666666666666	0.06793530848269824	0.12847014216814956	0.4836646450330632	0.07069099077891969	0.14303804860656463	0.0	False	False	False	False	False	0	False	hard_excluded	blocked_software_unavailable				
151|152	151	152	EXCLUDE	9A5_epitope_and_H163-equivalent_pore-loop	True	1.0	0.4339269995689392	0.2463748160148316	0.5308253376554922	3.6290560267956335	17.608166561182305	80.9800033569336	False	1.0	1.0	0.0	0.0	0.0	0.0	0.109367	0.817589	0.977273	0.818182	0.0	0.0	0	0.0	0	0.109244	0.768758	0.978495	0.844086	0.0	0.0	0	0.0	0	0	0.0	0.111745	0.846128	0.977273	0.818182	0.0	0.0	0	none	0	none	0	none	none	max(insertion_type_count,local_deletion_type_count)	background	3	hexamer_rSASA_ge_0.25;burial_lt_0.10;interprotomer_distance_gt_4.5A	False		conserved	weakens	unresolved_exact_subset_too_small	False	decreased_or_excluded; hard functional feature dominates	151|152	151	P	152	P	158|159	158	exact_aligned	high	A89 flanking residues align directly to adjacent EV-A71 2C residues	146:DIYSLP|PDPKYF:157	153:SVYSLP|PDPDHF:164	158	159	158-159	insertional_handle_SGRPGSLS	8	-6.138895	0.014191	-6.138895	direct_insert_strongly_deleterious	-4.922467	-4.851909	-5.041601	-4.887810;-4.887810	1AAdel_right_residue	-4.851909	deletion_context_strongly_deleterious	-3.129334	Bakhache_2024_NatMicrobiol_Dryad_10.5061_dryad.866t1g1xm_QVEU_eva71_dimple_c99331a6	direct_experiment_unfavorable	direct_experiment_unfavorable	151|152	151	152	exact_aligned	high	158	158,159	156-161	-2.9595975788947366	-0.824905453	0.0	-3.299071112105263	-0.703094251	0.0	38	-3.1293343455000002	-3.320509892	-0.703094251	0.0	114	-2.9096289831403506	-3.325914332	1.362363397	0.02631578947368421	exact flank summaries	151	152	0	0.0	0	0	False	0	0.0	0	0	False	0	resolved_by_parsimony	True	direct_insert_strongly_deleterious		0.5991826850783648	0.3954864278248489	0.4691746623445078	0.05769124401697401	0.21605522235416816	1.0	0.02665069345251809	0.11200550915093165	0.4836646450330632	0.047708490644455794	0.024948747030094143	0.0	False	False	False	False	False	0	False	hard_excluded	blocked_software_unavailable				
152|153	152	153	EXCLUDE	9A5_epitope_and_H163-equivalent_pore-loop	True	1.0	0.3200831413269043	0.1844263439145524	0.5308253376554922	3.6290560267956335	14.316516404762718	77.87000274658203	False	1.0	0.818182	0.0	0.817589	0.0	0.0	0.109367	0.817589	0.977273	0.818182	0.0	0.0	0	0.0	0	0.109244	0.768758	0.978495	0.844086	0.0	0.0	0	0.0	0	0	0.0	0.111745	0.846128	0.977273	0.818182	0.0	0.0	0	none	0	none	0	none	none	max(insertion_type_count,local_deletion_type_count)	background	3	hexamer_rSASA_ge_0.25;burial_lt_0.10;interprotomer_distance_gt_4.5A	False		conserved	weakens	unresolved_exact_subset_too_small	False	decreased_or_excluded; hard functional feature dominates	152|153	152	P	153	D	159|160	159	exact_aligned	high	A89 flanking residues align directly to adjacent EV-A71 2C residues	147:IYSLPP|DPKYFD:158	154:VYSLPP|DPDHFD:165	159	160	159-160	insertional_handle_SGRPGSLS	8	-5.855661	0.017269	-5.855661	direct_insert_strongly_deleterious	-4.851909	-4.917589	-5.400649	-4.887810;-5.104383	1AAdel_left_residue	-4.851909	deletion_context_strongly_deleterious	-3.047104	Bakhache_2024_NatMicrobiol_Dryad_10.5061_dryad.866t1g1xm_QVEU_eva71_dimple_c99331a6	direct_experiment_unfavorable	direct_experiment_unfavorable	152|153	152	153	exact_aligned	high	159	159,160	157-162	-3.299071112105263	-0.703094251	0.0	-2.7951372842105258	0.003976309	0.05263157894736842	38	-3.047104198157895	-3.4048257305	0.003976309	0.02631578947368421	114	-2.5754433308333335	-3.2409952185	1.530059823	0.11403508771929824	exact flank summaries	152	153	0	0.0	0	0	False	0	0.0	0	0	False	0	resolved_by_parsimony	True	direct_insert_strongly_deleterious		0.4419828133743549	0.29604533909493636	0.4691746623445078	0.05769124401697401	0.14144409422992812	1.0	0.05501543565405704	0.2697973288885428	0.5466558045105795	0.047708490644455794	0.024948747030094143	0.0	False	False	False	False	False	0	False	hard_excluded	blocked_software_unavailable				
153|154	153	154	EXCLUDE	9A5_epitope_and_H163-equivalent_pore-loop	True	1.0	0.0789448395371437	0.0193348946811268	0.0	7.588864073560073	14.316516404762718	77.02999877929688	False	0.818182	1.0	0.817589	0.0	0.0	0.0	0.076466	0.817589	0.983766	0.818182	0.001082	0.012987	0	0.0	0	0.073989	0.768758	0.985663	0.844086	0.000896	0.010753	0	0.0	0	2	0.010753	0.078844	0.846128	0.983766	0.818182	0.001082	0.012987	0	none	0	none	1	A12	singleton_or_rare	max(insertion_type_count,local_deletion_type_count)	background	2	AF_rSASA_ge_0.25;hexamer_rSASA_ge_0.25	False		conserved	weakens	unresolved_exact_subset_too_small	False	decreased_or_excluded; hard functional feature dominates	153|154	153	D	154	P	160|161	160	exact_aligned	high	A89 flanking residues align directly to adjacent EV-A71 2C residues	148:YSLPPD|PKYFDG:159	155:YSLPPD|PDHFDG:166	160	161	160-161	insertional_handle_SGRPGSLS	8	-6.111785	0.01446	-6.111785	direct_insert_strongly_deleterious	-4.917589	-5.028557		-5.104383;-5.151917	1AAdel_left_residue	-4.917589	deletion_context_strongly_deleterious	-3.087585	Bakhache_2024_NatMicrobiol_Dryad_10.5061_dryad.866t1g1xm_QVEU_eva71_dimple_c99331a6	direct_experiment_unfavorable	direct_experiment_unfavorable	153|154	153	154	exact_aligned	high	160	160,161	158-163	-2.7951372842105258	0.003976309	0.05263157894736842	-3.3800329315263165	-0.352158456	0.0	38	-3.087585107868421	-3.4633668275	0.003976309	0.02631578947368421	114	-2.5969366319122806	-3.255137626	1.530059823	0.11403508771929824	exact flank summaries	153	154	0	0.0	0	0	False	0	0.0	0	0	False	0	resolved_by_parsimony	True	direct_insert_strongly_deleterious		0.10900999701317583	0.031036810309979825	1.0	0.26485007637285846	0.14144409422992812	1.0	0.02912961341749989	0.2596488767751658	0.5466558045105795	0.024726689023764136	0.014970170310468512	0.0	False	False	False	False	False	0	False	hard_excluded	blocked_software_unavailable				
154|155	154	155	EXCLUDE	9A5_epitope_and_H163-equivalent_pore-loop	True	1.0	0.0789448395371437	0.0193348946811268	0.0	7.292829437453074	9.43789975850813	77.02999877929688	False	1.0	1.0	0.0	0.0	0.0	0.0	0.084799	0.817589	0.982684	0.818182	0.001082	0.012987	0	0.0	0	0.081135	0.768758	0.984767	0.844086	0.000896	0.010753	0	0.0	0	2	0.010753	0.087178	0.846128	0.982684	0.818182	0.001082	0.012987	0	none	0	none	1	A12	singleton_or_rare	max(insertion_type_count,local_deletion_type_count)	background	2	AF_rSASA_ge_0.25;hexamer_rSASA_ge_0.25	False		conserved	weakens	unresolved_exact_subset_too_small	False	decreased_or_excluded; hard functional feature dominates	154|155	154	P	155	K	161|162	161	exact_aligned	high	A89 flanking residues align directly to adjacent EV-A71 2C residues	149:SLPPDP|KYFDGY:160	156:SLPPDP|DHFDGY:167	161	162	161-162	insertional_handle_SGRPGSLS	8	-5.98152	0.015826	-5.981520	direct_insert_strongly_deleterious	-5.028557	-4.630722	-5.484513	-5.151917;-4.960658	1AAdel_right_residue	-4.630722	deletion_context_strongly_deleterious	-1.915155	Bakhache_2024_NatMicrobiol_Dryad_10.5061_dryad.866t1g1xm_QVEU_eva71_dimple_c99331a6	direct_experiment_unfavorable	direct_experiment_unfavorable	154|155	154	155	exact_aligned	high	161	161,162	159-164	-3.3800329315263165	-0.352158456	0.0	-0.4502767190526316	1.530059823	0.5263157894736842	38	-1.9151548252894732	-2.831834884	1.530059823	0.2631578947368421	114	-2.617485001131579	-3.283302998	1.530059823	0.11403508771929824	exact flank summaries	154	155	0	0.0	0	0	False	0	0.0	0	0	False	0	resolved_by_parsimony	True	direct_insert_strongly_deleterious		0.10900999701317583	0.031036810309979825	1.0	0.24936291415979747	0.03086153704265937	1.0	0.04171773487536285	0.24994659138568218	0.5466558045105795	0.030548102801668895	0.016633010293625	0.0	False	False	False	False	False	0	False	hard_excluded	blocked_software_unavailable				
155|156	155	156	EXCLUDE	9A5_epitope_and_H163-equivalent_pore-loop	True	1.0	0.4379809200763702	0.4421064040808926	0.0	5.9359918918931385	9.30698173622562	82.23999786376953	True	1.0	0.987013	0.0	0.100001	0.0	0.0	0.107573	0.817589	0.979437	0.818182	0.001082	0.012987	0	0.0	0	0.100736	0.768758	0.982079	0.844086	0.000896	0.010753	0	0.0	0	2	0.010753	0.109951	0.846128	0.979437	0.818182	0.001082	0.012987	0	none	0	none	1	A12	singleton_or_rare	max(insertion_type_count,local_deletion_type_count)	strict structural pass	0	none	False		conserved	weakens	unresolved_exact_subset_too_small	True	decreased_or_excluded; hard functional feature dominates	155|156	155	K	156	Y	162|163	162	exact_aligned	high	A89 flanking residues align directly to adjacent EV-A71 2C residues	150:LPPDPK|YFDGYD:161	157:LPPDPD|HFDGYK:168	162	163	162-163	insertional_handle_SGRPGSLS	8	-5.967509	0.015981	-5.967509	direct_insert_strongly_deleterious	-4.630722	-5.058732	-4.809236	-4.960658;-4.675315	1AAdel_left_residue	-4.630722	deletion_context_strongly_deleterious	-1.57389	Bakhache_2024_NatMicrobiol_Dryad_10.5061_dryad.866t1g1xm_QVEU_eva71_dimple_c99331a6	experimental_conflict	experimental_conflict	155|156	155	156	exact_aligned	high	162	162,163	160-165	-0.4502767190526316	1.530059823	0.5263157894736842	-2.6975041656842103	0.631358854	0.10526315789473684	38	-1.573890442368421	-1.92553411	1.530059823	0.3157894736842105	114	-2.5291509611052634	-3.245153933	1.530059823	0.11403508771929824	exact flank summaries	155	156	0	0.0	0	0	False	0	0.0	0	0	False	0	resolved_by_parsimony	True	direct_insert_strongly_deleterious		0.6047804906473885	0.7096792005637285	1.0	0.178379452760831	0.027894046310011952	1.0	0.04314610883288023	0.2916551112587081	0.5466558045105795	0.04645535693704505	0.02162306706378117	0.0	False	False	False	False	False	0	False	hard_excluded	blocked_software_unavailable				
156|157	156	157	EXCLUDE	9A5_epitope_and_H163-equivalent_pore-loop	True	1.0	0.0005241442704573	0.0	0.0	5.9359918918931385	9.30698173622562	86.22000122070312	False	0.987013	1.0	0.100001	0.0	0.0	0.0	0.140374	0.817589	0.974026	0.818182	0.001082	0.012987	0	0.0	0	0.139887	0.768758	0.97491	0.844086	0.000896	0.010753	0	0.0	0	2	0.010753	0.142752	0.846128	0.974026	0.818182	0.001082	0.012987	0	none	0	none	1	A12	singleton_or_rare	max(insertion_type_count,local_deletion_type_count)	background	2	AF_rSASA_ge_0.25;hexamer_rSASA_ge_0.25	False		conserved	weakens	unresolved_exact_subset_too_small	False	decreased_or_excluded; hard functional feature dominates	156|157	156	Y	157	F	163|164	163	exact_aligned	high	A89 flanking residues align directly to adjacent EV-A71 2C residues	151:PPDPKY|FDGYDQ:162	158:PPDPDH|FDGYKQ:169	163	164	163-164	insertional_handle_SGRPGSLS	8	-5.953299	0.016139	-5.953299	direct_insert_strongly_deleterious	-5.058732	-4.965331	-4.965331	-4.675315;-4.735756	3AAdel_spanning_option_1	-4.675315	deletion_context_strongly_deleterious	-2.890196	Bakhache_2024_NatMicrobiol_Dryad_10.5061_dryad.866t1g1xm_QVEU_eva71_dimple_c99331a6	direct_experiment_unfavorable	direct_experiment_unfavorable	156|157	156	157	exact_aligned	high	163	163,164	161-166	-2.6975041656842103	0.631358854	0.10526315789473684	-3.0828877942105266	-0.268011379	0.0	38	-2.8901959799473684	-3.4225182675	0.631358854	0.05263157894736842	114	-2.5238318705789475	-3.1316246695	1.530059823	0.10526315789473684	exact flank summaries	156	157	0	0.0	0	0	False	1	0.012987012987012988	1	1	False	1	uncertain	True	direct_insert_strongly_deleterious		0.000723758078324302	0.0	1.0	0.178379452760831	0.027894046310011952	1.0	0.0446021287379625	0.2941666163688239	0.5466558045105795	0.06936730718051203	0.029938803800250314	0.5	False	False	False	False	False	0	False	hard_excluded	blocked_software_unavailable				
157|158	157	158	EXCLUDE	9A5_epitope_and_H163-equivalent_pore-loop	True	1.0	0.0005241442704573	0.0	0.8174872804747856	2.5938429247427166	12.021603134917276	85.29000091552734	False	1.0	1.0	0.0	0.0	0.0	0.0	0.140374	0.817589	0.974026	0.818182	0.001082	0.012987	0	0.0	0	0.139887	0.768758	0.97491	0.844086	0.000896	0.010753	0	0.0	0	2	0.010753	0.142752	0.846128	0.974026	0.818182	0.001082	0.012987	0	none	0	none	1	A12	singleton_or_rare	max(insertion_type_count,local_deletion_type_count)	background	4	AF_rSASA_ge_0.25;hexamer_rSASA_ge_0.25;burial_lt_0.10;interprotomer_distance_gt_4.5A	False		conserved	weakens	unresolved_exact_subset_too_small	False	decreased_or_excluded; hard functional feature dominates	157|158	157	F	158	D	164|165	164	exact_aligned	high	A89 flanking residues align directly to adjacent EV-A71 2C residues	152:PDPKYF|DGYDQQ:163	159:PDPDHF|DGYKQQ:170	164	165	164-165	insertional_handle_SGRPGSLS	8	-5.827659	0.017608	-5.827659	direct_insert_strongly_deleterious	-4.965331	-5.092138	-4.965331	-4.735756;-4.862299	3AAdel_spanning_option_1	-4.735756	deletion_context_strongly_deleterious	-2.925977	Bakhache_2024_NatMicrobiol_Dryad_10.5061_dryad.866t1g1xm_QVEU_eva71_dimple_c99331a6	direct_experiment_unfavorable	direct_experiment_unfavorable	157|158	157	158	exact_aligned	high	164	164,165	162-167	-3.0828877942105266	-0.268011379	0.0	-2.769066871947368	-0.255415992	0.0	38	-2.925977333078947	-3.270906231	-0.255415992	0.0	114	-2.4612072568245607	-3.0645968705	1.530059823	0.10526315789473684	exact flank summaries	157	158	0	0.0	0	0	False	1	0.012987012987012988	1	1	False	1	uncertain	True	direct_insert_strongly_deleterious		0.000723758078324302	0.0	0.18251271952521442	0.00353368513327373	0.08942578734013888	1.0	0.0581394277288854	0.3237359641144639	0.5466558045105795	0.06936730718051203	0.029938803800250314	0.5	False	False	False	False	False	0	False	hard_excluded	blocked_software_unavailable				
158|159	158	159	EXCLUDE	9A5_epitope_and_H163-equivalent_pore-loop	True	1.0	0.3945758938789367	0.1026160679950615	0.8174872804747856	2.5938429247427166	12.021603134917276	85.29000091552734	False	1.0	1.0	0.0	0.0	0.0	0.012987	0.164925	0.817589	0.969697	0.818182	0.001082	0.012987	0	0.0	0	0.163179	0.768758	0.970878	0.844086	0.000896	0.010753	0	0.0	0	2	0.010753	0.167303	0.846128	0.969697	0.818182	0.001082	0.012987	0	none	0	none	1	A12	singleton_or_rare	max(insertion_type_count,local_deletion_type_count)	background	3	hexamer_rSASA_ge_0.25;burial_lt_0.10;interprotomer_distance_gt_4.5A	False		conserved	weakens	unresolved_exact_subset_too_small	False	decreased_or_excluded; hard functional feature dominates	158|159	158	D	159	G	165|166	165	exact_aligned	high	A89 flanking residues align directly to adjacent EV-A71 2C residues	153:DPKYFD|GYDQQS:164	160:DPDHFD|GYKQQI:171	165	166	165-166	insertional_handle_SGRPGSLS	8	-6.029067	0.015313	-6.029067	direct_insert_strongly_deleterious	-5.092138	-4.951246	-4.88781	-4.862299;-4.705992	3AAdel_spanning_option_2	-4.705992	deletion_context_strongly_deleterious	-2.766145	Bakhache_2024_NatMicrobiol_Dryad_10.5061_dryad.866t1g1xm_QVEU_eva71_dimple_c99331a6	direct_experiment_unfavorable	direct_experiment_unfavorable	158|159	158	159	exact_aligned	high	165	165,166	163-168	-2.769066871947368	-0.255415992	0.0	-2.763222741052632	-0.373841025	0.0	38	-2.7661448065000003	-3.249108944	-0.255415992	0.0	114	-2.8882886062105264	-3.2591973355	0.631358854	0.017543859649122806	exact flank summaries	158	159	0	0.0	0	0	False	1	0.012987012987012988	1	1	False	1	uncertain	True	direct_insert_strongly_deleterious		0.5448452016040455	0.16472163358756434	0.18251271952521442	0.00353368513327373	0.08942578734013888	1.0	0.03699027784177303	0.12208175535239905	0.20908023768915315	0.08651651880294299	0.036591700553562805	0.5	False	False	False	False	False	0	False	hard_excluded	blocked_software_unavailable				
159|160	159	160	EXCLUDE	9A5_epitope_and_H163-equivalent_pore-loop	True	1.0	0.005092485807836	0.0006365607314387	0.4466068196822368	4.2626282255986165	16.59689422733146	86.61000061035156	False	1.0	0.987013	0.0	0.100001	0.012987	0.0	0.105126	0.39361	0.983766	0.935065	0.001082	0.012987	0	0.0	0	0.106261	0.469807	0.982975	0.913978	0.000896	0.010753	0	0.0	0	2	0.010753	0.105126	0.39361	0.983766	0.935065	0.001082	0.012987	0	none	0	none	1	A12	singleton_or_rare	max(insertion_type_count,local_deletion_type_count)	background	4	AF_rSASA_ge_0.25;hexamer_rSASA_ge_0.25;burial_lt_0.10;interprotomer_distance_gt_4.5A	False		conserved	weakens	unresolved_exact_subset_too_small	False	decreased_or_excluded; hard functional feature dominates	159|160	159	G	160	Y	166|167	166	exact_aligned	high	A89 flanking residues align directly to adjacent EV-A71 2C residues	154:PKYFDG|YDQQSV:165	161:PDHFDG|YKQQIV:172	166	167	166-167	insertional_handle_SGRPGSLS	8	-6.045515	0.01514	-6.045515	direct_insert_strongly_deleterious	-4.951246	-4.84141	-5.088023	-4.705992;-5.108432	3AAdel_spanning_option_1	-4.705992	deletion_context_strongly_deleterious	-2.883754	Bakhache_2024_NatMicrobiol_Dryad_10.5061_dryad.866t1g1xm_QVEU_eva71_dimple_c99331a6	direct_experiment_unfavorable	direct_experiment_unfavorable	159|160	159	160	exact_aligned	high	166	166,167	164-169	-2.763222741052632	-0.373841025	0.0	-3.004285249	-0.111390908	0.0	38	-2.8837539950263156	-3.2726285004999998	-0.111390908	0.0	114	-2.8101130223859654	-3.202549189	1.706058481	0.008771929824561403	exact flank summaries	159	160	0	0.0	0	0	False	1	0.012987012987012988	1	1	False	1	uncertain	True	direct_insert_strongly_deleterious		0.007031895510290475	0.0010218216855212554	0.5533931803177632	0.09083680950074051	0.1931329292537629	1.0	0.03539602819886652	0.15899377579843252	0.6127654992628506	0.04308502798595429	0.014970170310468512	0.5	False	False	False	False	False	0	False	hard_excluded	blocked_software_unavailable				
160|161	160	161	EXCLUDE	9A5_epitope_and_H163-equivalent_pore-loop	True	1.0	0.005092485807836	0.0006365607314387	0.1834182699604022	4.568084922800071	18.96009156491533	87.56999969482422	False	0.987013	0.961039	0.100001	0.273286	0.0	0.0	0.105126	0.39361	0.983766	0.935065	0.001082	0.012987	0	0.0	0	0.106261	0.469807	0.982975	0.913978	0.000896	0.010753	0	0.0	0	2	0.010753	0.105126	0.39361	0.983766	0.935065	0.001082	0.012987	0	none	0	none	1	A12	singleton_or_rare	max(insertion_type_count,local_deletion_type_count)	background	3	AF_rSASA_ge_0.25;hexamer_rSASA_ge_0.25;burial_lt_0.10	False		conserved	weakens	unresolved_exact_subset_too_small	False	decreased_or_excluded; hard functional feature dominates	160|161	160	Y	161	D	167|168	167	exact_aligned	high	A89 flanking residues align directly to adjacent EV-A71 2C residues	155:KYFDGY|DQQSVV:166	162:DHFDGY|KQQIVT:173	167	168	167-168	insertional_handle_SGRPGSLS	8	-5.738617	0.018729	-5.738617	direct_insert_strongly_deleterious	-4.84141	-4.965331	-4.836119	-5.108432;-5.083891	2AAdel_spanning_junction	-4.836119	deletion_context_strongly_deleterious	-3.008525	Bakhache_2024_NatMicrobiol_Dryad_10.5061_dryad.866t1g1xm_QVEU_eva71_dimple_c99331a6	direct_experiment_unfavorable	direct_experiment_unfavorable	160|161	160	161	exact_aligned	high	167	167,168	165-170	-3.004285249	-0.111390908	0.0	-3.0127648153684206	-0.411935206	0.0	38	-3.0085250321842105	-3.2823285005000002	-0.111390908	0.0	114	-2.723598159219298	-3.2031941645	1.706058481	0.008771929824561403	exact flank summaries	160	161	0	0.0	0	0	False	1	0.012987012987012988	1	1	False	1	uncertain	True	direct_insert_strongly_deleterious		0.007031895510290475	0.0010218216855212554	0.8165817300395978	0.106816890348155	0.24669901646186454	1.0	0.06846979680228539	0.1998433383071106	0.6127654992628506	0.04308502798595429	0.014970170310468512	0.5	False	False	False	False	False	0	False	hard_excluded	blocked_software_unavailable				
161|162	161	162	HIGH_RISK	near_Walker_B	True	1.0	0.1400275826454162	0.1024526779739945	0.1834182699604022	4.568084922800071	20.811694874622432	87.56999969482422	False	0.961039	0.935065	0.273286	0.39361	0.0	0.0	0.105126	0.39361	0.983766	0.935065	0.001082	0.012987	0	0.0	0	0.106261	0.469807	0.982975	0.913978	0.000896	0.010753	0	0.0	0	2	0.010753	0.105126	0.39361	0.983766	0.935065	0.001082	0.012987	0	none	0	none	1	A12	singleton_or_rare	max(insertion_type_count,local_deletion_type_count)	background	3	AF_rSASA_ge_0.25;hexamer_rSASA_ge_0.25;burial_lt_0.10	False		conserved	weakens	unresolved_exact_subset_too_small	False	decreased; conserved local window	161|162	161	D	162	Q	168|169	168	exact_aligned	high	A89 flanking residues align directly to adjacent EV-A71 2C residues	156:YFDGYD|QQSVVI:167	163:HFDGYK|QQIVTV:174	168	169	168-169	insertional_handle_SGRPGSLS	8	-5.953299	0.016139	-5.953299	direct_insert_strongly_deleterious	-4.965331	-5.024171	-5.083891	-5.083891;-5.155778	1AAdel_left_residue	-4.965331	deletion_context_strongly_deleterious	-2.620608	Bakhache_2024_NatMicrobiol_Dryad_10.5061_dryad.866t1g1xm_QVEU_eva71_dimple_c99331a6	direct_experiment_unfavorable	direct_experiment_unfavorable	161|162	161	162	exact_aligned	high	168	168,169	166-171	-3.0127648153684206	-0.411935206	0.0	-2.2284506627368423	1.706058481	0.05263157894736842	38	-2.6206077390526317	-3.1482516405	1.706058481	0.02631578947368421	114	-2.502152602184211	-3.1482516405	2.165878696	0.07017543859649122	exact flank summaries	161	162	0	0.0	0	0	False	1	0.012987012987012988	1	1	False	1	uncertain	False	direct_insert_strongly_deleterious		0.1933553409625606	0.16445935622975955	0.8165817300395978	0.106816890348155	0.2886689115633819	1.0	0.0446021287379625	0.3044028763248403	0.7854859870211931	0.04308502798595429	0.014970170310468512	0.5	False	False	False	True	True	2	True	weak_pareto_reviewable_direct_conflicted	blocked_software_unavailable				
162|163	162	163	HIGH_RISK	near_Walker_B	True	1.0	0.0838670060038566	0.0747751285411693	0.1893620182858821	5.678175043973363	22.82311496433569	87.87999725341797	False	0.935065	1.0	0.39361	0.0	0.0	0.0	0.096793	0.39361	0.984849	0.935065	0.001082	0.012987	0	0.0	0	0.096334	0.469807	0.984319	0.913978	0.000896	0.010753	0	0.0	0	2	0.010753	0.096793	0.39361	0.984849	0.935065	0.001082	0.012987	0	none	0	none	1	A12	singleton_or_rare	max(insertion_type_count,local_deletion_type_count)	background	3	AF_rSASA_ge_0.25;hexamer_rSASA_ge_0.25;burial_lt_0.10	False		conserved	weakens	unresolved_exact_subset_too_small	False	decreased; conserved local window	162|163	162	Q	163	Q	169|170	169	exact_aligned	high	A89 flanking residues align directly to adjacent EV-A71 2C residues	157:FDGYDQ|QSVVIM:168	164:FDGYKQ|QIVTVM:175	169	170	169-170	insertional_handle_SGRPGSLS	8	-6.087054	0.01471	-6.087054	direct_insert_strongly_deleterious	-5.024171	-4.836119	-4.88781	-5.155778;-5.028557	1AAdel_right_residue	-4.836119	deletion_context_strongly_deleterious	-2.396125	Bakhache_2024_NatMicrobiol_Dryad_10.5061_dryad.866t1g1xm_QVEU_eva71_dimple_c99331a6	direct_experiment_unfavorable	direct_experiment_unfavorable	162|163	162	163	exact_aligned	high	169	169,170	167-172	-2.2284506627368423	1.706058481	0.05263157894736842	-2.5637986152105263	-0.045111333	0.0	38	-2.396124638973684	-3.0501988325	1.706058481	0.02631578947368421	114	-2.4944922452456146	-3.1482516405	2.165878696	0.08771929824561403	exact flank summaries	162	163	0	0.0	0	0	False	0	0.0	0	0	False	0	resolved_by_parsimony	False	direct_insert_strongly_deleterious		0.11580670918563232	0.12003072779610194	0.8106379817141179	0.16489166836674254	0.3342613393408545	1.0	0.031433442381237624	0.30801985285521	0.7854859870211931	0.037264312721821784	0.013305793506625316	0.0	False	False	False	False	False	0	False	direct_homolog_strongly_unfavorable	blocked_software_unavailable				
163|164	163	164	HIGH_RISK	near_Walker_B	True	1.0	0.0838670060038566	0.0747751285411693	0.1893620182858821	5.376576394075993	22.82311496433569	91.87000274658205	False	1.0	0.948052	0.0	0.294615	0.0	0.0	0.096793	0.39361	0.984849	0.935065	0.001082	0.012987	0	0.0	0	0.096334	0.469807	0.984319	0.913978	0.000896	0.010753	0	0.0	0	2	0.010753	0.096793	0.39361	0.984849	0.935065	0.001082	0.012987	0	none	0	none	1	A12	singleton_or_rare	max(insertion_type_count,local_deletion_type_count)	background	3	AF_rSASA_ge_0.25;hexamer_rSASA_ge_0.25;burial_lt_0.10	False		conserved	weakens	unresolved_exact_subset_too_small	False	decreased; conserved local window	163|164	163	Q	164	S	170|171	170	exact_aligned	high	A89 flanking residues align directly to adjacent EV-A71 2C residues	158:DGYDQQ|SVVIMD:169	165:DGYKQQ|IVTVMD:176	170	171	170-171	insertional_handle_SGRPGSLS	8	-5.590729	0.02075	-5.590729	direct_insert_strongly_deleterious	-4.836119	-5.100318	-4.969982	-5.028557;-4.637215	3AAdel_spanning_option_2	-4.637215	deletion_context_strongly_deleterious	-2.002096	Bakhache_2024_NatMicrobiol_Dryad_10.5061_dryad.866t1g1xm_QVEU_eva71_dimple_c99331a6	direct_experiment_unfavorable	direct_experiment_unfavorable	163|164	163	164	exact_aligned	high	170	170,171	168-173	-2.5637986152105263	-0.045111333	0.0	-1.4403935297368422	2.165878696	0.3684210526315789	38	-2.0020960724736847	-2.473853025	2.165878696	0.18421052631578946	114	-2.3322785236403507	-3.095727631	2.165878696	0.12280701754385964	exact flank summaries	163	164	0	0.0	0	0	False	0	0.0	0	0	False	0	resolved_by_parsimony	False	direct_insert_strongly_deleterious		0.11580670918563232	0.12003072779610194	0.8106379817141179	0.14911342270054118	0.3342613393408545	1.0	0.08709395014514124	0.3846120049772579	0.7854859870211931	0.037264312721821784	0.013305793506625316	0.0	False	False	False	False	False	0	False	direct_homolog_strongly_unfavorable	blocked_software_unavailable				
164|165	164	165	EXCLUDE	Walker_B	False	0.0	0.0014459152007475	0.0	0.0	5.376576394075993	28.154519917433003	92.86000061035156	False	0.948052	0.987013	0.294615	0.100001	0.0	0.0	0.096793	0.39361	0.984849	0.935065	0.001082	0.012987	0	0.0	0	0.096334	0.469807	0.984319	0.913978	0.000896	0.010753	0	0.0	0	2	0.010753	0.096793	0.39361	0.984849	0.935065	0.001082	0.012987	0	none	0	none	1	A12	singleton_or_rare	max(insertion_type_count,local_deletion_type_count)	background	4	AF_coil;hexamer_coil_fraction_ge_0.8;AF_rSASA_ge_0.25;hexamer_rSASA_ge_0.25	False		conserved	weakens	unresolved_exact_subset_too_small	False	decreased_or_excluded; hard functional feature dominates	164|165	164	S	165	V	171|172	171	exact_aligned	high	A89 flanking residues align directly to adjacent EV-A71 2C residues	159:GYDQQS|VVIMDD:170	166:GYKQQI|VTVMDD:177	171	172	171-172	insertional_handle_SGRPGSLS	8	-5.575185	0.020975	-5.575185	direct_insert_strongly_deleterious	-5.100318	-4.687699	-4.498585	-4.637215;-4.068660	3AAdel_spanning_option_2	-4.06866	deletion_context_strongly_deleterious	-2.078827	Bakhache_2024_NatMicrobiol_Dryad_10.5061_dryad.866t1g1xm_QVEU_eva71_dimple_c99331a6	direct_experiment_unfavorable	direct_experiment_unfavorable	164|165	164	165	exact_aligned	high	171	171,172	169-174	-1.4403935297368422	2.165878696	0.3684210526315789	-2.717260599421052	0.139991705	0.10526315789473684	38	-2.0788270645789475	-2.994058003	2.165878696	0.23684210526315788	114	-2.128244299508772	-2.8922001435	2.165878696	0.14912280701754385	exact flank summaries	164	165	0	0.0	0	0	False	0	0.0	0	0	False	0	resolved_by_parsimony	True	direct_insert_strongly_deleterious		0.0019965739703686446	0.0	1.0	0.14911342270054118	0.4551071519682903	0.0	0.08916739621250519	0.4809504662254262	0.7854859870211931	0.037264312721821784	0.013305793506625316	0.0	False	False	False	False	False	0	False	hard_excluded	blocked_software_unavailable				
165|166	165	166	EXCLUDE	Walker_B	False	0.0	0.0	0.0	0.0	5.538748567863431	25.810248369324	95.11000061035156	False	0.987013	1.0	0.100001	0.0	0.0	0.0	0.143216	0.557082	0.974026	0.87013	0.0	0.0	0	0.0	0	0.141316	0.539779	0.974014	0.876344	0.0	0.0	0	0.0	0	0	0.0	0.143216	0.557082	0.974026	0.87013	0.0	0.0	0	none	0	none	0	none	none	max(insertion_type_count,local_deletion_type_count)	background	4	AF_coil;hexamer_coil_fraction_ge_0.8;AF_rSASA_ge_0.25;hexamer_rSASA_ge_0.25	False		conserved	weakens	unresolved_exact_subset_too_small	False	decreased_or_excluded; hard functional feature dominates	165|166	165	V	166	V	172|173	172	exact_aligned	high	A89 flanking residues align directly to adjacent EV-A71 2C residues	160:YDQQSV|VIMDDI:171	167:YKQQIV|TVMDDL:178	172	173	172-173	insertional_handle_SGRPGSLS	8	-5.988452	0.015751	-5.988452	direct_insert_strongly_deleterious	-4.687699	-4.88276	-4.699932	-4.068660;-4.445137	3AAdel_spanning_option_1	-4.06866	deletion_context_strongly_deleterious	-2.374132	Bakhache_2024_NatMicrobiol_Dryad_10.5061_dryad.866t1g1xm_QVEU_eva71_dimple_c99331a6	direct_experiment_unfavorable	direct_experiment_unfavorable	165|166	165	166	exact_aligned	high	172	172,173	170-175	-2.717260599421052	0.139991705	0.10526315789473684	-2.031002919368421	1.327136707	0.21052631578947367	38	-2.374131759394737	-3.0600491145	1.327136707	0.15789473684210525	114	-2.2895217198070172	-3.0352312675	2.165878696	0.14912280701754385	exact flank summaries	165	166	0	0.0	0	0	False	0	0.0	0	0	False	0	resolved_by_parsimony	True	direct_insert_strongly_deleterious		0.0	0.0	1.0	0.15759752035519187	0.40197005157113763	0.0	0.04102658618624155	0.40480040575524096	0.7854859870211931	0.06969141757083455	0.029938803800250314	0.0	False	False	False	False	False	0	False	hard_excluded	blocked_software_unavailable				
166|167	166	167	EXCLUDE	Walker_B	False	0.0	0.0	8.475880399060889e-05	0.1532728886743831	6.701322880777161	25.397225871542847	95.54000091552734	False	1.0	1.0	0.0	0.0	0.0	0.0	0.134883	0.557082	0.975108	0.87013	0.0	0.0	0	0.0	0	0.134171	0.539779	0.97491	0.876344	0.0	0.0	0	0.0	0	0	0.0	0.134883	0.557082	0.975108	0.87013	0.0	0.0	0	none	0	none	0	none	none	max(insertion_type_count,local_deletion_type_count)	background	5	AF_coil;hexamer_coil_fraction_ge_0.8;AF_rSASA_ge_0.25;hexamer_rSASA_ge_0.25;burial_lt_0.10	False		conserved	weakens	unresolved_exact_subset_too_small	False	decreased_or_excluded; hard functional feature dominates	166|167	166	V	167	I	173|174	173	exact_aligned	high	A89 flanking residues align directly to adjacent EV-A71 2C residues	161:DQQSVV|IMDDIM:172	168:KQQIVT|VMDDLC:179	173	174	173-174	insertional_handle_SGRPGSLS	8	-5.660236	0.019774	-5.660236	direct_insert_strongly_deleterious	-4.88276	-4.699932	-4.851909	-4.445137;-4.955963	3AAdel_spanning_option_1	-4.445137	deletion_context_strongly_deleterious	-1.909781	Bakhache_2024_NatMicrobiol_Dryad_10.5061_dryad.866t1g1xm_QVEU_eva71_dimple_c99331a6	direct_experiment_unfavorable	direct_experiment_unfavorable	166|167	166	167	exact_aligned	high	173	173,174	171-176	-2.031002919368421	1.327136707	0.21052631578947367	-1.788559470578947	0.615617434	0.15789473684210525	38	-1.9097811949736845	-2.5530324515	1.327136707	0.18421052631578946	114	-2.37167253177193	-3.1347204609999997	2.165878696	0.14912280701754385	exact flank summaries	166	167	0	0.0	0	0	False	0	0.0	0	0	False	0	resolved_by_parsimony	True	direct_insert_strongly_deleterious		0.0	0.00013605674946474446	0.846727111325617	0.21841802840657112	0.39260815919626174	0.0	0.07809980187070911	0.3660114092098207	0.7854859870211931	0.06387070230670204	0.028275963817093828	0.0	False	False	False	False	False	0	False	hard_excluded	blocked_software_unavailable				
167|168	167	168	EXCLUDE	Walker_B	False	0.0	0.0268926657736301	0.0147231955613408	0.1532728886743831	6.701322880777161	23.625144816167573	93.5199966430664	False	1.0	1.0	0.0	0.0	0.0	0.0	0.112109	0.557082	0.978355	0.87013	0.0	0.0	0	0.0	0	0.11457	0.539779	0.977599	0.876344	0.0	0.0	0	0.0	0	0	0.0	0.112109	0.557082	0.978355	0.87013	0.0	0.0	0	none	0	none	0	none	none	max(insertion_type_count,local_deletion_type_count)	background	5	AF_coil;hexamer_coil_fraction_ge_0.8;AF_rSASA_ge_0.25;hexamer_rSASA_ge_0.25;burial_lt_0.10	False		conserved	weakens	unresolved_exact_subset_too_small	False	decreased_or_excluded; hard functional feature dominates	167|168	167	I	168	M	174|175	174	exact_aligned	high	A89 flanking residues align directly to adjacent EV-A71 2C residues	162:QQSVVI|MDDIMQ:173	169:QQIVTV|MDDLCQ:180	174	175	174-175	insertional_handle_SGRPGSLS	8	-5.595858	0.020677	-5.595858	direct_insert_strongly_deleterious	-4.699932	-0.924258	-4.917589	-4.955963;-4.825452	1AAdel_right_residue	-0.924258	deletion_context_partly_deleterious	-2.492337	Bakhache_2024_NatMicrobiol_Dryad_10.5061_dryad.866t1g1xm_QVEU_eva71_dimple_c99331a6	direct_experiment_unfavorable	direct_experiment_unfavorable	167|168	167	168	exact_aligned	high	174	174,175	172-177	-1.788559470578947	0.615617434	0.15789473684210525	-3.196115184526316	0.756225842	0.05263157894736842	38	-2.4923373275526317	-3.1118157025	0.756225842	0.10526315789473684	114	-2.598075428245614	-3.2546173475	1.327136707	0.09649122807017543	exact flank summaries	167	168	0	0.0	0	0	False	0	0.0	0	0	False	0	resolved_by_parsimony	True	direct_insert_strongly_deleterious		0.03713440210718833	0.023634006563279637	0.846727111325617	0.21841802840657112	0.35244077797827755	0.0	0.08642123208772981	0.2591111734222339	0.47043257980315173	0.04796274965755363	0.023285907046937657	0.0	False	False	False	False	False	0	False	hard_excluded	blocked_software_unavailable				
168|169	168	169	EXCLUDE	Walker_B	False	0.0	0.0268926657736301	0.0147231955613408	0.7126251366244708	2.8704863955599063	23.625144816167573	91.9800033569336	False	1.0	1.0	0.0	0.0	0.0	0.0	0.079308	0.557082	0.983766	0.87013	0.0	0.0	0	0.0	0	0.075419	0.539779	0.984767	0.876344	0.0	0.0	0	0.0	0	0	0.0	0.079308	0.557082	0.983766	0.87013	0.0	0.0	0	none	0	none	0	none	none	max(insertion_type_count,local_deletion_type_count)	background	6	AF_coil;hexamer_coil_fraction_ge_0.8;AF_rSASA_ge_0.25;hexamer_rSASA_ge_0.25;burial_lt_0.10;interprotomer_distance_gt_4.5A	False		conserved	weakens	unresolved_exact_subset_too_small	False	decreased_or_excluded; hard functional feature dominates	168|169	168	M	169	D	175|176	175	exact_aligned	high	A89 flanking residues align directly to adjacent EV-A71 2C residues	163:QSVVIM|DDIMQN:174	170:QIVTVM|DDLCQN:181	175	176	175-176	insertional_handle_SGRPGSLS	8	-5.635963	0.02011	-5.635963	direct_insert_strongly_deleterious	-0.924258	-4.872581	-5.226439	-4.825452;-4.974612	1AAdel_left_residue	-0.924258	deletion_context_partly_deleterious	-3.126409	Bakhache_2024_NatMicrobiol_Dryad_10.5061_dryad.866t1g1xm_QVEU_eva71_dimple_c99331a6	direct_experiment_unfavorable	direct_experiment_unfavorable	168|169	168	169	exact_aligned	high	175	175,176	173-178	-3.196115184526316	0.756225842	0.05263157894736842	-3.056703487	-0.355072444	0.0	38	-3.126409335763158	-3.634617651	0.756225842	0.02631578947368421	114	-2.5971802437280704	-3.37675932	1.327136707	0.08771929824561403	exact flank summaries	168	169	0	0.0	0	0	False	0	0.0	0	0	False	0	resolved_by_parsimony	True	direct_insert_strongly_deleterious		0.03713440210718833	0.023634006563279637	0.2873748633755292	0.018006391314118915	0.35244077797827755	0.0	0.08119614799797263	0.25953385103585686	0.47043257980315173	0.025050799414086652	0.014970170310468512	0.0	False	False	False	False	False	0	False	hard_excluded	blocked_software_unavailable				
169|170	169	170	EXCLUDE	Walker_B	True	0.6666666666666666	0.1853162497282028	0.1188181801369359	0.7126251366244708	2.8704863955599063	23.74755381145281	90.87000274658205	False	1.0	1.0	0.0	0.0	0.0	0.0	0.079308	0.557082	0.983766	0.87013	0.0	0.0	0	0.0	0	0.075419	0.539779	0.984767	0.876344	0.0	0.0	0	0.0	0	0	0.0	0.079308	0.557082	0.983766	0.87013	0.0	0.0	0	none	0	none	0	none	none	max(insertion_type_count,local_deletion_type_count)	background	5	hexamer_coil_fraction_ge_0.8;AF_rSASA_ge_0.25;hexamer_rSASA_ge_0.25;burial_lt_0.10;interprotomer_distance_gt_4.5A	False		conserved	weakens	unresolved_exact_subset_too_small	False	decreased_or_excluded; hard functional feature dominates	169|170	169	D	170	D	176|177	176	exact_aligned	high	A89 flanking residues align directly to adjacent EV-A71 2C residues	164:SVVIMD|DIMQNP:175	171:IVTVMD|DLCQNP:182	176	177	176-177	insertional_handle_SGRPGSLS	8	-5.569949	0.021051	-5.569949	direct_insert_strongly_deleterious	-4.872581	-4.983807	-5.230023	-4.974612;-5.124464	1AAdel_left_residue	-4.872581	deletion_context_strongly_deleterious	-2.927757	Bakhache_2024_NatMicrobiol_Dryad_10.5061_dryad.866t1g1xm_QVEU_eva71_dimple_c99331a6	direct_experiment_unfavorable	direct_experiment_unfavorable	169|170	169	170	exact_aligned	high	176	176,177	174-179	-3.056703487	-0.355072444	0.0	-2.798810908578947	0.168737941	0.05263157894736842	38	-2.927757197789474	-3.481678155	0.168737941	0.02631578947368421	114	-2.636548652605263	-3.351797733	1.404163312	0.07017543859649122	exact flank summaries	169	170	0	0.0	0	0	False	0	0.0	0	0	False	0	resolved_by_parsimony	True	direct_insert_strongly_deleterious		0.25589163202820336	0.19072963049996702	0.2873748633755292	0.018006391314118915	0.3552153964209375	0.6666666666666666	0.08986776021748145	0.24094534242089224	0.49936578532994486	0.025050799414086652	0.014970170310468512	0.0	False	False	False	False	False	0	False	hard_excluded	blocked_software_unavailable				
170|171	170	171	EXCLUDE	Walker_B	True	0.8333333333333334	0.0236264001578092	0.0176160366805475	0.2737730063959065	5.054715851787944	23.74755381145281	89.66999816894531	False	1.0	0.87013	0.0	0.557082	0.0	0.0	0.220479	1.988662	0.945887	0.493506	0.0	0.0	0	0.0	0	0.220061	2.015207	0.945341	0.478495	0.0	0.0	0	0.0	0	0	0.0	0.220479	1.988662	0.945887	0.493506	0.0	0.0	0	none	0	none	0	none	none	max(insertion_type_count,local_deletion_type_count)	background	3	AF_rSASA_ge_0.25;hexamer_rSASA_ge_0.25;burial_lt_0.10	False		conserved	weakens	unresolved_exact_subset_too_small	False	decreased_or_excluded; hard functional feature dominates	170|171	170	D	171	I	177|178	177	exact_aligned	high	A89 flanking residues align directly to adjacent EV-A71 2C residues	165:VVIMDD|IMQNPS:176	172:VTVMDD|LCQNPD:183	177	178	177-178	insertional_handle_SGRPGSLS	8	-5.635963	0.02011	-5.635963	direct_insert_strongly_deleterious	-4.983807	-4.718004	-5.079741	-5.124464;-4.936960	1AAdel_right_residue	-4.718004	deletion_context_strongly_deleterious	-2.75535	Bakhache_2024_NatMicrobiol_Dryad_10.5061_dryad.866t1g1xm_QVEU_eva71_dimple_c99331a6	direct_experiment_unfavorable	direct_experiment_unfavorable	170|171	170	171	exact_aligned	high	177	177,178	175-180	-2.798810908578947	0.168737941	0.05263157894736842	-2.7118894923157897	0.28265779	0.05263157894736842	38	-2.7553502004473684	-3.4547801419999997	0.28265779	0.05263157894736842	114	-2.9423218204210526	-3.5142229755	1.404163312	0.043859649122807015	exact flank summaries	170	171	0	0.0	0	0	False	0	0.0	0	0	False	0	resolved_by_parsimony	True	direct_insert_strongly_deleterious		0.03262421997099752	0.02827766056576917	0.7262269936040935	0.13227516858963667	0.3552153964209375	0.8333333333333334	0.08119614799797263	0.0965689927975356	0.49936578532994486	0.12366068715593834	0.07318340110712561	0.0	False	False	False	False	False	0	False	hard_excluded	blocked_software_unavailable				
171|172	171	172	HIGH_RISK	near_Walker_B	True	0.8333333333333334	0.0236264001578092	0.0176160366805475	0.0	8.544909527314154	21.971920427975704	85.54000091552734	False	0.87013	1.0	0.557082	0.0	0.0	0.0	0.212145	1.988662	0.94697	0.493506	0.0	0.0	0	0.0	0	0.212916	2.015207	0.946237	0.478495	0.0	0.0	0	0.0	0	0	0.0	0.212145	1.988662	0.94697	0.493506	0.0	0.0	0	none	0	none	0	none	none	max(insertion_type_count,local_deletion_type_count)	structural near-miss	2	AF_rSASA_ge_0.25;hexamer_rSASA_ge_0.25	False		conserved	weakens	unresolved_exact_subset_too_small	False	decreased; conserved local window	171|172	171	I	172	M	178|179	178	exact_aligned	high	A89 flanking residues align directly to adjacent EV-A71 2C residues	166:VIMDDI|MQNPSG:177	173:TVMDDL|CQNPDG:184	178	179	178-179	insertional_handle_SGRPGSLS	8	-5.569949	0.021051	-5.569949	direct_insert_strongly_deleterious	-4.718004	-4.872581	-4.814671	-4.936960;-5.079741	1AAdel_left_residue	-4.718004	deletion_context_strongly_deleterious	-2.489551	Bakhache_2024_NatMicrobiol_Dryad_10.5061_dryad.866t1g1xm_QVEU_eva71_dimple_c99331a6	direct_experiment_unfavorable	direct_experiment_unfavorable	171|172	171	172	exact_aligned	high	178	178,179	176-181	-2.7118894923157897	0.28265779	0.05263157894736842	-2.2672133726315793	1.404163312	0.10526315789473684	38	-2.4895514324736845	-3.086347761	1.404163312	0.07894736842105263	114	-2.962264853570176	-3.4964462165	1.404163312	0.043859649122807015	exact flank summaries	171	172	0	0.0	0	0	False	0	0.0	0	0	False	0	resolved_by_parsimony	False	direct_insert_strongly_deleterious		0.03262421997099752	0.02827766056576917	1.0	0.3148659502586334	0.3149674953437488	0.8333333333333334	0.08986776021748145	0.08715252781777434	0.49936578532994486	0.11783927337803357	0.07151902430328241	0.0	False	False	False	False	False	0	False	direct_homolog_strongly_unfavorable	blocked_software_unavailable				
172|173	172	173	HIGH_RISK	near_Walker_B	True	1.0	0.0785250216722488	0.0475169892112414	0.429276163607056	3.540589771180839	19.56241578397885	83.23999786376953	False	1.0	1.0	0.0	0.0	0.0	0.0	0.281008	1.988662	0.925325	0.493506	0.0	0.0	0	0.0	0	0.28224	2.015207	0.924283	0.478495	0.0	0.0	0	0.0	0	0	0.0	0.281008	1.988662	0.925325	0.493506	0.0	0.0	0	none	0	none	0	none	none	max(insertion_type_count,local_deletion_type_count)	background	4	AF_rSASA_ge_0.25;hexamer_rSASA_ge_0.25;burial_lt_0.10;interprotomer_distance_gt_4.5A	False		conserved	weakens	unresolved_exact_subset_too_small	False	decreased; conserved local window	172|173	172	M	173	Q	179|180	179	exact_aligned	high	A89 flanking residues align directly to adjacent EV-A71 2C residues	167:IMDDIM|QNPSGE:178	174:VMDDLC|QNPDGK:185	179	180	179-180	insertional_handle_SGRPGSLS	8	-5.679239	0.019515	-5.679239	direct_insert_strongly_deleterious	-4.872581	-4.955963	-4.983807	-5.079741;-4.792752	3AAdel_spanning_option_2	-4.792752	deletion_context_strongly_deleterious	-2.945206	Bakhache_2024_NatMicrobiol_Dryad_10.5061_dryad.866t1g1xm_QVEU_eva71_dimple_c99331a6	direct_experiment_unfavorable	direct_experiment_unfavorable	172|173	172	173	exact_aligned	high	179	179,180	177-182	-2.2672133726315793	1.404163312	0.10526315789473684	-3.623198477473684	-0.860792819	0.0	38	-2.945205925052632	-3.511971457	1.404163312	0.05263157894736842	114	-2.9917285490526315	-3.5214929065	1.404163312	0.05263157894736842	exact flank summaries	172	173	0	0.0	0	0	False	0	0.0	0	0	False	0	resolved_by_parsimony	False	direct_insert_strongly_deleterious		0.10843029675073197	0.07627534594694313	0.570723836392944	0.05306309891508385	0.2603517703528684	1.0	0.07571303506427683	0.07324070935915211	0.49936578532994486	0.16594102727626428	0.10478350806984553	0.0	False	False	False	False	False	0	False	direct_homolog_strongly_unfavorable	blocked_software_unavailable				
173|174	173	174	HIGH_RISK	near_Walker_B	True	1.0	0.2740916609764099	0.2881220271444728	0.429276163607056	3.540589771180839	14.6098804774453	77.55999755859375	False	1.0	1.0	0.0	0.0	0.0	0.0	0.281008	1.988662	0.925325	0.493506	0.0	0.0	0	0.0	0	0.28224	2.015207	0.924283	0.478495	0.0	0.0	0	0.0	0	0	0.0	0.281008	1.988662	0.925325	0.493506	0.0	0.0	0	none	0	none	0	none	none	max(insertion_type_count,local_deletion_type_count)	structural near-miss	2	burial_lt_0.10;interprotomer_distance_gt_4.5A	False		conserved	weakens	unresolved_exact_subset_too_small	False	decreased; conserved local window	173|174	173	Q	174	N	180|181	180	exact_aligned	high	A89 flanking residues align directly to adjacent EV-A71 2C residues	168:MDDIMQ|NPSGED:179	175:MDDLCQ|NPDGKD:186	180	181	180-181	insertional_handle_SGRPGSLS	8	-5.669783	0.019644	-5.669783	direct_insert_strongly_deleterious	-4.955963	-5.050203	-4.90281	-4.792752;-4.814671	3AAdel_spanning_option_1	-4.792752	deletion_context_strongly_deleterious	-3.469486	Bakhache_2024_NatMicrobiol_Dryad_10.5061_dryad.866t1g1xm_QVEU_eva71_dimple_c99331a6	direct_experiment_unfavorable	direct_experiment_unfavorable	173|174	173	174	exact_aligned	high	180	180,181	178-183	-3.623198477473684	-0.860792819	0.0	-3.3157733834210523	0.043159211	0.05263157894736842	38	-3.469485930447369	-3.7558357395	0.043159211	0.02631578947368421	114	-3.054957843114035	-3.522538856	1.404163312	0.05263157894736842	exact flank summaries	173	174	0	0.0	0	0	False	0	0.0	0	0	False	0	resolved_by_parsimony	False	direct_insert_strongly_deleterious		0.3784760513740338	0.4624999954790918	0.570723836392944	0.05306309891508385	0.14809371474664104	1.0	0.07690181080956549	0.04338585083426419	0.49936578532994486	0.16594102727626428	0.10478350806984553	0.0	False	False	False	False	False	0	False	direct_homolog_strongly_unfavorable	blocked_software_unavailable				
174|175	174	175	HIGH_RISK	near_Walker_B	True	1.0	0.2740916609764099	0.2881220271444728	0.0	6.622725715521305	14.6098804774453	76.91999816894531	True	1.0	1.0	0.0	0.0	0.0	0.0	0.281008	1.988662	0.925325	0.493506	0.0	0.0	0	0.0	0	0.28224	2.015207	0.924283	0.478495	0.0	0.0	0	0.0	0	0	0.0	0.281008	1.988662	0.925325	0.493506	0.0	0.0	0	none	0	none	0	none	none	max(insertion_type_count,local_deletion_type_count)	strict structural pass	0	none	False		conserved	weakens	unresolved_exact_subset_too_small	True	decreased; conserved local window	174|175	174	N	175	P	181|182	181	exact_aligned	high	A89 flanking residues align directly to adjacent EV-A71 2C residues	169:DDIMQN|PSGEDM:180	176:DDLCQN|PDGKDM:187	181	182	181-182	insertional_handle_SGRPGSLS	8	-6.002175	0.015601	-6.002175	direct_insert_strongly_deleterious	-5.050203	-4.997444	-5.075574	-4.814671;-5.071390	3AAdel_spanning_option_1	-4.814671	deletion_context_strongly_deleterious	-3.27463	Bakhache_2024_NatMicrobiol_Dryad_10.5061_dryad.866t1g1xm_QVEU_eva71_dimple_c99331a6	experimental_conflict	experimental_conflict	174|175	174	175	exact_aligned	high	181	181,182	179-184	-3.3157733834210523	0.043159211	0.05263157894736842	-3.233485659894736	0.321597381	0.05263157894736842	38	-3.2746295216578942	-3.595873785	0.321597381	0.05263157894736842	114	-3.146844284921053	-3.5694640135	1.404163312	0.043859649122807015	exact flank summaries	174	175	0	0.0	0	0	False	0	0.0	0	0	False	0	resolved_by_parsimony	False	direct_insert_strongly_deleterious		0.3784760513740338	0.4624999954790918	1.0	0.2143061884414522	0.14809371474664104	1.0	0.0396442888079989	0.0	0.49936578532994486	0.16594102727626428	0.10478350806984553	0.0	False	False	False	False	False	0	False	direct_homolog_strongly_unfavorable	blocked_software_unavailable				
175|176	175	176	HIGH_RISK	near_Walker_B	True	1.0	0.2676988244056701	0.2866328988023983	0.0	8.938145032535846	15.503618500595657	76.91999816894531	True	1.0	0.493506	0.0	1.988662	0.0	0.0	0.370562	1.988662	0.888528	0.493506	0.0	0.0	0	0.0	0	0.370015	2.015207	0.889337	0.478495	0.0	0.0	0	0.0	0	0	0.0	0.370562	1.988662	0.888528	0.493506	0.0	0.0	0	none	0	none	0	none	none	max(insertion_type_count,local_deletion_type_count)	strict structural pass	0	none	False		intermediate	remains unresolved	unresolved_exact_subset_too_small	True	unchanged_or_unresolved	175|176	175	P	176	S	182|183	182	exact_aligned	high	A89 flanking residues align directly to adjacent EV-A71 2C residues	170:DIMQNP|SGEDMT:181	177:DLCQNP|DGKDMS:188	182	183	182-183	insertional_handle_SGRPGSLS	8	-5.679239	0.019515	-5.679239	direct_insert_strongly_deleterious	-4.997444	-4.857117	-4.825452	-5.071390;-5.112464	2AAdel_spanning_junction	-4.825452	deletion_context_strongly_deleterious	-3.205836	Bakhache_2024_NatMicrobiol_Dryad_10.5061_dryad.866t1g1xm_QVEU_eva71_dimple_c99331a6	experimental_conflict	experimental_conflict	175|176	175	176	exact_aligned	high	182	182,183	180-185	-3.233485659894736	0.321597381	0.05263157894736842	-3.1781866729473682	0.241283561	0.05263157894736842	38	-3.205836166421053	-3.5860634415000003	0.321597381	0.05263157894736842	114	-3.1243735284473684	-3.5647846000000003	1.237756002	0.05263157894736842	exact flank summaries	175	176	0	0.0	0	0	False	0	0.0	0	0	False	0	resolved_by_parsimony	False	direct_insert_strongly_deleterious		0.36964858273177775	0.4601096129793466	1.0	0.33543821213106556	0.1683518828343788	1.0	0.07571303506427683	0.010609975414521947	0.4368588515063553	0.22849572963605336	0.16133389888334612	0.0	False	False	False	False	False	0	False	direct_homolog_strongly_unfavorable	blocked_software_unavailable				
176|177	176	177	HIGH_RISK	near_Walker_B	True	1.0	0.0	0.0	0.0	6.894942130219226	15.503618500595657	80.36000061035156	False	0.493506	1.0	1.988662	0.0	0.0	0.0	0.385044	1.988662	0.886364	0.493506	0.0	0.0	0	0.0	0	0.382499	2.015207	0.887545	0.478495	0.0	0.0	0	0.0	0	0	0.0	0.385044	1.988662	0.886364	0.493506	0.0	0.0	0	none	0	none	0	none	none	max(insertion_type_count,local_deletion_type_count)	structural near-miss	2	AF_rSASA_ge_0.25;hexamer_rSASA_ge_0.25	False		intermediate	remains unresolved	unresolved_exact_subset_too_small	False	unchanged_or_unresolved	176|177	176	S	177	G	183|184	183	exact_aligned	high	A89 flanking residues align directly to adjacent EV-A71 2C residues	171:IMQNPS|GEDMTL:182	178:LCQNPD|GKDMSL:189	183	184	183-184	insertional_handle_SGRPGSLS	8	-5.729709	0.018845	-5.729709	direct_insert_strongly_deleterious	-4.857117	-4.803771	-5.186141	-5.112464;-5.079741	1AAdel_right_residue	-4.803771	deletion_context_strongly_deleterious	-3.220697	Bakhache_2024_NatMicrobiol_Dryad_10.5061_dryad.866t1g1xm_QVEU_eva71_dimple_c99331a6	direct_experiment_unfavorable	direct_experiment_unfavorable	176|177	176	177	exact_aligned	high	183	183,184	181-186	-3.1781866729473682	0.241283561	0.05263157894736842	-3.2632081431578945	-0.557300971	0.0	38	-3.220697408052631	-3.6023428845	0.241283561	0.02631578947368421	114	-3.038984468596491	-3.4947512950000004	1.237756002	0.05263157894736842	exact flank summaries	176	177	0	0.0	0	0	False	0	0.0	0	0	False	0	resolved_by_parsimony	False	direct_insert_strongly_deleterious		0.0	0.0	1.0	0.22854729153305392	0.1683518828343788	1.0	0.06953877344145971	0.0509279694592675	0.4368588515063553	0.2386116060857314	0.16465957884965893	0.0	False	False	False	False	False	0	False	direct_homolog_strongly_unfavorable	blocked_software_unavailable				
177|178	177	178	CORE_CAUTION	A89_SF3_helicase_domain_by_PROSITE	False	0.0	0.0	0.0	0.0	6.445075245398348	13.994597698323298	80.7300033569336	False	1.0	0.74026	0.0	0.826354	0.0	0.0	0.338621	1.988662	0.897186	0.493506	0.0	0.0	0	0.0	0	0.337517	2.015207	0.897849	0.478495	0.0	0.0	0	0.0	0	0	0.0	0.338621	1.988662	0.897186	0.493506	0.0	0.0	0	none	0	none	0	none	none	max(insertion_type_count,local_deletion_type_count)	background	4	AF_coil;hexamer_coil_fraction_ge_0.8;AF_rSASA_ge_0.25;hexamer_rSASA_ge_0.25	False		intermediate	remains unresolved	unresolved_exact_subset_too_small	False	unchanged_or_unresolved	177|178	177	G	178	E	184|185	184	exact_aligned	high	A89 flanking residues align directly to adjacent EV-A71 2C residues	172:MQNPSG|EDMTLF:183	179:CQNPDG|KDMSLF:190	184	185	184-185	insertional_handle_SGRPGSLS	8	-5.760548	0.018446	-5.760548	direct_insert_strongly_deleterious	-4.803771	-4.846673	-5.096236	-5.079741;-5.289068	1AAdel_left_residue	-4.803771	deletion_context_strongly_deleterious	-2.697798	Bakhache_2024_NatMicrobiol_Dryad_10.5061_dryad.866t1g1xm_QVEU_eva71_dimple_c99331a6	direct_experiment_unfavorable	direct_experiment_unfavorable	177|178	177	178	exact_aligned	high	184	184,185	182-187	-3.2632081431578945	-0.557300971	0.0	-2.132388833789474	1.237756002	0.15789473684210525	38	-2.6977984884736843	-3.326311039	1.237756002	0.07894736842105263	114	-2.9365952849298242	-3.4455043925	1.237756002	0.05263157894736842	exact flank summaries	177	178	0	0.0	0	0	False	0	0.0	0	0	False	0	resolved_by_parsimony	False	direct_insert_strongly_deleterious		0.0	0.0	1.0	0.2050123379508415	0.1341472319540577	0.0	0.06586186241533429	0.09927288044117029	0.4368588515063553	0.20618450123671864	0.14802810537672081	0.0	False	False	False	False	False	0	False	direct_homolog_strongly_unfavorable	blocked_software_unavailable				
178|179	178	179	CORE_CAUTION	A89_SF3_helicase_domain_by_PROSITE	False	0.0	0.0584539286792278	0.0144475710824363	0.0	6.445075245398348	13.994597698323298	83.12000274658203	False	0.74026	1.0	0.826354	0.0	0.0	0.0	0.338621	1.988662	0.897186	0.493506	0.0	0.0	0	0.0	0	0.337517	2.015207	0.897849	0.478495	0.0	0.0	0	0.0	0	0	0.0	0.338621	1.988662	0.897186	0.493506	0.0	0.0	0	none	0	none	0	none	none	max(insertion_type_count,local_deletion_type_count)	background	4	AF_coil;hexamer_coil_fraction_ge_0.8;AF_rSASA_ge_0.25;hexamer_rSASA_ge_0.25	False		intermediate	remains unresolved	unresolved_exact_subset_too_small	False	unchanged_or_unresolved	178|179	178	E	179	D	185|186	185	exact_aligned	high	A89 flanking residues align directly to adjacent EV-A71 2C residues	173:QNPSGE|DMTLFC:184	180:QNPDGK|DMSLFC:191	185	186	185-186	insertional_handle_SGRPGSLS	8	-5.738617	0.018729	-5.738617	direct_insert_strongly_deleterious	-4.846673	-5.032924	-5.104383	-5.289068;-4.932152	1AAdel_left_residue	-4.846673	deletion_context_strongly_deleterious	-2.621626	Bakhache_2024_NatMicrobiol_Dryad_10.5061_dryad.866t1g1xm_QVEU_eva71_dimple_c99331a6	direct_experiment_unfavorable	direct_experiment_unfavorable	178|179	178	179	exact_aligned	high	185	185,186	183-188	-2.132388833789474	1.237756002	0.15789473684210525	-3.110864118368421	-0.152547927	0.0	38	-2.6216264760789474	-3.080116129	1.237756002	0.07894736842105263	114	-2.7794568893333333	-3.283441872	1.710409661	0.06140350877192982	exact flank summaries	178	179	0	0.0	0	0	False	0	0.0	0	0	False	0	resolved_by_parsimony	False	direct_insert_strongly_deleterious		0.08071537833366485	0.023191567914937983	1.0	0.2050123379508415	0.1341472319540577	0.0	0.06846979680228539	0.17346862529331483	0.6143999161662579	0.20618450123671864	0.14802810537672081	0.0	False	False	False	False	False	0	False	direct_homolog_strongly_unfavorable	blocked_software_unavailable				
179|180	179	180	CORE_CAUTION	A89_SF3_helicase_domain_by_PROSITE	False	0.0	0.0	0.0006981317419558	0.0	7.905215610796805	19.8160674660166	86.2699966430664	False	1.0	1.0	0.0	0.0	0.0	0.0	0.338621	1.988662	0.897186	0.493506	0.0	0.0	0	0.0	0	0.337517	2.015207	0.897849	0.478495	0.0	0.0	0	0.0	0	0	0.0	0.338621	1.988662	0.897186	0.493506	0.0	0.0	0	none	0	none	0	none	none	max(insertion_type_count,local_deletion_type_count)	background	4	AF_coil;hexamer_coil_fraction_ge_0.8;AF_rSASA_ge_0.25;hexamer_rSASA_ge_0.25	False		intermediate	remains unresolved	unresolved_exact_subset_too_small	False	unchanged_or_unresolved	179|180	179	D	180	M	186|187	186	exact_aligned	high	A89 flanking residues align directly to adjacent EV-A71 2C residues	174:NPSGED|MTLFCQ:185	181:NPDGKD|MSLFCQ:192	186	187	186-187	insertional_handle_SGRPGSLS	8	-5.711649	0.019082	-5.711649	direct_insert_strongly_deleterious	-5.032924	-4.974612	-5.054477	-4.932152;-5.071390	3AAdel_spanning_option_1	-4.932152	deletion_context_strongly_deleterious	-2.906151	Bakhache_2024_NatMicrobiol_Dryad_10.5061_dryad.866t1g1xm_QVEU_eva71_dimple_c99331a6	direct_experiment_unfavorable	direct_experiment_unfavorable	179|180	179	180	exact_aligned	high	186	186,187	184-189	-3.110864118368421	-0.152547927	0.0	-2.7014382814210527	0.75709161	0.05263157894736842	38	-2.9061511998947362	-3.4871407925	0.75709161	0.02631578947368421	114	-2.5758780957456144	-3.2241195215	1.724816904	0.08771929824561403	exact flank summaries	179	180	0	0.0	0	0	False	0	0.0	0	0	False	0	resolved_by_parsimony	False	direct_insert_strongly_deleterious		0.0	0.0011206568643794233	1.0	0.281400124833288	0.2661012386280855	0.0	0.07172280329908307	0.269592046746137	0.6198116530952509	0.20618450123671864	0.14802810537672081	0.0	False	False	False	False	False	0	False	direct_homolog_strongly_unfavorable	blocked_software_unavailable				
180|181	180	181	CORE_CAUTION	A89_SF3_helicase_domain_by_PROSITE	False	0.0	0.0	0.0006981317419558	0.643291560349486	3.540589771180839	21.32647599943852	86.33999633789062	False	1.0	0.558442	0.0	1.074652	0.0	0.0	0.338621	1.988662	0.897186	0.493506	0.0	0.0	0	0.0	0	0.337517	2.015207	0.897849	0.478495	0.0	0.0	0	0.0	0	0	0.0	0.338621	1.988662	0.897186	0.493506	0.0	0.0	0	none	0	none	0	none	none	max(insertion_type_count,local_deletion_type_count)	background	6	AF_coil;hexamer_coil_fraction_ge_0.8;AF_rSASA_ge_0.25;hexamer_rSASA_ge_0.25;burial_lt_0.10;interprotomer_distance_gt_4.5A	False		intermediate	remains unresolved	unresolved_exact_subset_too_small	False	unchanged_or_unresolved	180|181	180	M	181	T	187|188	187	exact_aligned	high	A89 flanking residues align directly to adjacent EV-A71 2C residues	175:PSGEDM|TLFCQM:186	182:PDGKDM|SLFCQM:193	187	188	187-188	insertional_handle_SGRPGSLS	8	-5.815414	0.017758	-5.815414	direct_insert_strongly_deleterious	-4.974612	-5.12048	-5.045911	-5.071390;-5.092138	1AAdel_left_residue	-4.974612	deletion_context_strongly_deleterious	-2.496047	Bakhache_2024_NatMicrobiol_Dryad_10.5061_dryad.866t1g1xm_QVEU_eva71_dimple_c99331a6	direct_experiment_unfavorable	direct_experiment_unfavorable	180|181	180	181	exact_aligned	high	187	187,188	185-190	-2.7014382814210527	0.75709161	0.05263157894736842	-2.2906552863157894	1.710409661	0.10526315789473684	38	-2.4960467838684206	-3.118999352	1.710409661	0.07894736842105263	114	-2.5103001770175437	-3.1379361355	1.724816904	0.09649122807017543	exact flank summaries	180	181	0	0.0	0	0	False	0	0.0	0	0	False	0	resolved_by_parsimony	False	direct_insert_strongly_deleterious		0.0	0.0011206568643794233	0.356708439650514	0.05306309891508385	0.30033734491274233	0.0	0.05952172510712804	0.30055585102460747	0.6198116530952509	0.20618450123671864	0.14802810537672081	0.0	False	False	False	False	False	0	False	direct_homolog_strongly_unfavorable	blocked_software_unavailable				
181|182	181	182	CORE_CAUTION	A89_SF3_helicase_domain_by_PROSITE	False	0.0	0.0865786001086235	0.0754176475120025	0.643291560349486	3.540589771180839	18.9099435238378	87.41000366210938	False	0.558442	0.974026	1.074652	0.173781	0.0	0.0	0.338621	1.988662	0.897186	0.493506	0.0	0.0	0	0.0	0	0.337517	2.015207	0.897849	0.478495	0.0	0.0	0	0.0	0	0	0.0	0.338621	1.988662	0.897186	0.493506	0.0	0.0	0	none	0	none	0	none	none	max(insertion_type_count,local_deletion_type_count)	background	6	AF_coil;hexamer_coil_fraction_ge_0.8;AF_rSASA_ge_0.25;hexamer_rSASA_ge_0.25;burial_lt_0.10;interprotomer_distance_gt_4.5A	False		intermediate	remains unresolved	unresolved_exact_subset_too_small	False	unchanged_or_unresolved	181|182	181	T	182	L	188|189	188	exact_aligned	high	A89 flanking residues align directly to adjacent EV-A71 2C residues	176:SGEDMT|LFCQMV:187	183:DGKDMS|LFCQMV:194	188	189	188-189	insertional_handle_SGRPGSLS	8	-5.743042	0.018671	-5.743042	direct_insert_strongly_deleterious	-5.12048	-4.643667	-5.041601	-5.092138;-4.988373	1AAdel_right_residue	-4.643667	deletion_context_strongly_deleterious	-2.123685	Bakhache_2024_NatMicrobiol_Dryad_10.5061_dryad.866t1g1xm_QVEU_eva71_dimple_c99331a6	direct_experiment_unfavorable	direct_experiment_unfavorable	181|182	181	182	exact_aligned	high	188	188,189	186-191	-2.2906552863157894	1.710409661	0.10526315789473684	-1.956713911421053	1.724816904	0.21052631578947367	38	-2.123684598868421	-2.7697303075	1.724816904	0.15789473684210525	114	-2.649659062719299	-3.2390703304999997	1.724816904	0.07017543859649122	exact flank summaries	181	182	0	0.0	0	0	False	0	0.0	0	0	False	0	resolved_by_parsimony	False	direct_insert_strongly_deleterious		0.11955098008408045	0.12106211378227848	0.356708439650514	0.05306309891508385	0.24556232157017985	0.0	0.06793530848269824	0.23475502438922655	0.6198116530952509	0.20618450123671864	0.14802810537672081	0.0	False	False	False	False	False	0	False	direct_homolog_strongly_unfavorable	blocked_software_unavailable				
182|183	182	183	CORE_CAUTION	A89_SF3_helicase_domain_by_PROSITE	False	0.0	0.0010482885409146	0.0031412289374404	0.119521839818005	6.275444728457803	18.9099435238378	89.47000122070312	False	0.974026	1.0	0.173781	0.0	0.0	0.0	0.172899	1.074652	0.939394	0.558442	0.0	0.0	0	0.0	0	0.169583	1.053297	0.941308	0.580645	0.0	0.0	0	0.0	0	0	0.0	0.172899	1.074652	0.939394	0.558442	0.0	0.0	0	none	0	none	0	none	none	max(insertion_type_count,local_deletion_type_count)	background	5	AF_coil;hexamer_coil_fraction_ge_0.8;AF_rSASA_ge_0.25;hexamer_rSASA_ge_0.25;burial_lt_0.10	False		conserved	weakens	unresolved_exact_subset_too_small	False	decreased; conserved local window	182|183	182	L	183	F	189|190	189	exact_aligned	high	A89 flanking residues align directly to adjacent EV-A71 2C residues	177:GEDMTL|FCQMVS:188	184:GKDMSL|FCQMVS:195	189	190	189-190	insertional_handle_SGRPGSLS	8	-5.747447	0.018614	-5.747447	direct_insert_strongly_deleterious	-4.643667	-2.020394	-4.820076	-4.988373;-4.907761	1AAdel_right_residue	-2.020394	deletion_context_strongly_deleterious	-2.413227	Bakhache_2024_NatMicrobiol_Dryad_10.5061_dryad.866t1g1xm_QVEU_eva71_dimple_c99331a6	direct_experiment_unfavorable	direct_experiment_unfavorable	182|183	182	183	exact_aligned	high	189	189,190	187-192	-1.956713911421053	1.724816904	0.21052631578947367	-2.869740630789474	0.287671777	0.05263157894736842	38	-2.4132272711052627	-3.2237880605	1.724816904	0.13157894736842105	114	-2.5760710270877194	-3.2190989315	1.724816904	0.07894736842105263	exact flank summaries	182	183	0	0.0	0	0	False	0	0.0	0	0	False	0	resolved_by_parsimony	False	direct_insert_strongly_deleterious		0.001447516156648604	0.005042371747011524	0.880478160181995	0.1961380542971069	0.24556232157017985	0.0	0.06741003547896603	0.2695009507121062	0.6198116530952509	0.09042540187243603	0.08316197782675123	0.0	False	False	False	False	False	0	False	direct_homolog_strongly_unfavorable	blocked_software_unavailable				
183|184	183	184	CORE_CAUTION	A89_SF3_helicase_domain_by_PROSITE	False	0.0	0.0010482885409146	0.0031412289374404	0.0	6.783514218005767	24.41129595288128	88.51000213623047	False	1.0	1.0	0.0	0.0	0.0	0.0	0.172899	1.074652	0.939394	0.558442	0.0	0.0	0	0.0	0	0.169583	1.053297	0.941308	0.580645	0.0	0.0	0	0.0	0	0	0.0	0.172899	1.074652	0.939394	0.558442	0.0	0.0	0	none	0	none	0	none	none	max(insertion_type_count,local_deletion_type_count)	background	4	AF_coil;hexamer_coil_fraction_ge_0.8;AF_rSASA_ge_0.25;hexamer_rSASA_ge_0.25	False		conserved	weakens	unresolved_exact_subset_too_small	False	decreased; conserved local window	183|184	183	F	184	C	190|191	190	exact_aligned	high	A89 flanking residues align directly to adjacent EV-A71 2C residues	178:EDMTLF|CQMVSS:189	185:KDMSLF|CQMVST:196	190	191	190-191	insertional_handle_SGRPGSLS	8	-5.470694	0.022551	-5.470694	direct_insert_strongly_deleterious	-2.020394	-4.955963	-4.735756	-4.907761;-4.825452	1AAdel_left_residue	-2.020394	deletion_context_strongly_deleterious	-2.919141	Bakhache_2024_NatMicrobiol_Dryad_10.5061_dryad.866t1g1xm_QVEU_eva71_dimple_c99331a6	direct_experiment_unfavorable	direct_experiment_unfavorable	183|184	183	184	exact_aligned	high	190	190,191	188-193	-2.869740630789474	0.287671777	0.05263157894736842	-2.968542148	-0.29892138	0.0	38	-2.919141389394736	-3.330354929	0.287671777	0.02631578947368421	114	-2.6320221187894735	-3.2237880605	1.724816904	0.07017543859649122	exact flank summaries	183	184	0	0.0	0	0	False	0	0.0	0	0	False	0	resolved_by_parsimony	False	direct_insert_strongly_deleterious		0.001447516156648604	0.005042371747011524	1.0	0.22271789881669343	0.3702602971856785	0.0	0.10369073399990786	0.24308262749871207	0.6198116530952509	0.09042540187243603	0.08316197782675123	0.0	False	False	False	False	False	0	False	direct_homolog_strongly_unfavorable	blocked_software_unavailable				
184|185	184	185	HIGH_RISK	near_cross-protomer_nucleotide_site	False	0.0	0.1474146991968155	0.1109924459171866	0.7181319568725637	2.8704863955599063	22.30411756122751	88.51000213623047	False	1.0	1.0	0.0	0.0	0.0	0.0	0.104036	1.074652	0.961039	0.558442	0.0	0.0	0	0.0	0	0.100259	1.053297	0.963262	0.580645	0.0	0.0	0	0.0	0	0	0.0	0.104036	1.074652	0.961039	0.558442	0.0	0.0	0	none	0	none	0	none	none	max(insertion_type_count,local_deletion_type_count)	background	6	AF_coil;hexamer_coil_fraction_ge_0.8;AF_rSASA_ge_0.25;hexamer_rSASA_ge_0.25;burial_lt_0.10;interprotomer_distance_gt_4.5A	False		conserved	weakens	unresolved_exact_subset_too_small	False	decreased; conserved local window	184|185	184	C	185	Q	191|192	191	exact_aligned	high	A89 flanking residues align directly to adjacent EV-A71 2C residues	179:DMTLFC|QMVSSV:190	186:DMSLFC|QMVSTV:197	191	192	191-192	insertional_handle_SGRPGSLS	8	-5.44128	0.023015	-5.441280	direct_insert_strongly_deleterious	-4.955963	-4.851909	-4.897835	-4.825452;-4.992919	3AAdel_spanning_option_1	-4.825452	deletion_context_strongly_deleterious	-2.818939	Bakhache_2024_NatMicrobiol_Dryad_10.5061_dryad.866t1g1xm_QVEU_eva71_dimple_c99331a6	direct_experiment_unfavorable	direct_experiment_unfavorable	184|185	184	185	exact_aligned	high	191	191,192	189-194	-2.968542148	-0.29892138	0.0	-2.669335904578947	0.121080972	0.05263157894736842	38	-2.818939026289474	-3.2480697195	0.121080972	0.02631578947368421	114	-2.671771476385965	-3.3092896705	1.724816904	0.06140350877192982	exact flank summaries	184	185	0	0.0	0	0	False	0	0.0	0	0	False	0	resolved_by_parsimony	False	direct_insert_strongly_deleterious		0.20355574871467386	0.17816758490725101	0.2818680431274363	0.018006391314118915	0.32249733651572676	0.0	0.10796664055660508	0.22431424703338548	0.6198116530952509	0.04232364797420529	0.04989749406018812	0.0	False	False	False	False	False	0	False	direct_homolog_strongly_unfavorable	blocked_software_unavailable				
185|186	185	186	HIGH_RISK	near_cross-protomer_nucleotide_site	False	0.0	0.0	0.0	0.7181319568725637	2.8704863955599063	22.30411756122751	89.95999908447266	False	1.0	1.0	0.0	0.0	0.0	0.0	0.192626	1.074652	0.898268	0.246753	0.0	0.0	0	0.0	0	0.184566	1.053297	0.899642	0.236559	0.0	0.0	0	0.0	0	0	0.0	0.192626	1.074652	0.898268	0.246753	0.0	0.0	0	none	0	none	0	none	none	max(insertion_type_count,local_deletion_type_count)	background	6	AF_coil;hexamer_coil_fraction_ge_0.8;AF_rSASA_ge_0.25;hexamer_rSASA_ge_0.25;burial_lt_0.10;interprotomer_distance_gt_4.5A	False		intermediate	remains unresolved	unresolved_exact_subset_too_small	False	unchanged_or_unresolved	185|186	185	Q	186	M	192|193	192	exact_aligned	high	A89 flanking residues align directly to adjacent EV-A71 2C residues	180:MTLFCQ|MVSSVP:191	187:MSLFCQ|MVSTVD:198	192	193	192-193	insertional_handle_SGRPGSLS	8	-5.843756	0.017412	-5.843756	direct_insert_strongly_deleterious	-4.851909	-4.675315	-4.983807	-4.992919;-5.104383	1AAdel_right_residue	-4.675315	deletion_context_strongly_deleterious	-2.85324	Bakhache_2024_NatMicrobiol_Dryad_10.5061_dryad.866t1g1xm_QVEU_eva71_dimple_c99331a6	direct_experiment_unfavorable	direct_experiment_unfavorable	185|186	185	186	exact_aligned	high	192	192,193	190-195	-2.669335904578947	0.121080972	0.05263157894736842	-3.037144831631579	-0.429102335	0.0	38	-2.853240368105263	-3.3665804755	0.121080972	0.02631578947368421	114	-2.789697585894737	-3.3546590085	0.753822511	0.03508771929824561	exact flank summaries	185	186	0	0.0	0	0	False	0	0.0	0	0	False	0	resolved_by_parsimony	False	direct_insert_strongly_deleterious		0.0	0.0	0.2818680431274363	0.018006391314118915	0.32249733651572676	0.0	0.05633322582131503	0.16863329458821305	0.25508078720764343	0.10420498305754847	0.1463652653935645	0.0	False	False	False	False	False	0	False	direct_homolog_strongly_unfavorable	blocked_software_unavailable				
186|187	186	187	HIGH_RISK	near_cross-protomer_nucleotide_site	False	0.0	0.0	0.0	0.0	6.6067742052669285	24.47622005049512	91.69000244140624	False	1.0	1.0	0.0	0.0	0.0	0.0	0.207108	1.074652	0.896104	0.246753	0.0	0.0	0	0.0	0	0.19705	1.053297	0.897849	0.236559	0.0	0.0	0	0.0	0	0	0.0	0.207108	1.074652	0.896104	0.246753	0.0	0.0	0	none	0	none	0	none	none	max(insertion_type_count,local_deletion_type_count)	background	4	AF_coil;hexamer_coil_fraction_ge_0.8;AF_rSASA_ge_0.25;hexamer_rSASA_ge_0.25	False		intermediate	remains unresolved	unresolved_exact_subset_too_small	False	unchanged_or_unresolved	186|187	186	M	187	V	193|194	193	exact_aligned	high	A89 flanking residues align directly to adjacent EV-A71 2C residues	181:TLFCQM|VSSVPF:192	188:SLFCQM|VSTVDF:199	193	194	193-194	insertional_handle_SGRPGSLS	8	-5.621111	0.020318	-5.621111	direct_insert_strongly_deleterious	-4.675315	-4.699932	-5.112464	-5.104383;-5.062969	1AAdel_left_residue	-4.675315	deletion_context_strongly_deleterious	-2.783148	Bakhache_2024_NatMicrobiol_Dryad_10.5061_dryad.866t1g1xm_QVEU_eva71_dimple_c99331a6	direct_experiment_unfavorable	direct_experiment_unfavorable	186|187	186	187	exact_aligned	high	193	193,194	191-196	-3.037144831631579	-0.429102335	0.0	-2.529151431894737	0.753822511	0.05263157894736842	38	-2.7831481317631575	-3.493007154	0.753822511	0.02631578947368421	114	-2.7198539101140353	-3.283933353	0.951261846	0.03508771929824561	exact flank summaries	186	187	0	0.0	0	0	False	0	0.0	0	0	False	0	resolved_by_parsimony	False	direct_insert_strongly_deleterious		0.0	0.0	1.0	0.2134716792431314	0.371731917781801	0.0	0.08311293369580242	0.20161125346382583	0.3292441604814409	0.11432085950722648	0.14969094535987731	0.0	False	False	False	False	False	0	False	direct_homolog_strongly_unfavorable	blocked_software_unavailable				
187|188	187	188	HIGH_RISK	near_cross-protomer_nucleotide_site	True	1.0	0.0083387019112706	0.0017917258629282	0.0797276531879213	5.268309800852204	29.35683285198182	90.55999755859376	False	1.0	1.0	0.0	0.0	0.0	0.0	0.132035	1.06308	0.930736	0.246753	0.0	0.0	0	0.0	0	0.12176	1.011686	0.931004	0.236559	0.0	0.0	0	0.0	0	0	0.0	0.132035	1.06308	0.930736	0.246753	0.0	0.0	0	none	0	none	0	none	none	max(insertion_type_count,local_deletion_type_count)	structural near-miss	2	AF_rSASA_ge_0.25;hexamer_rSASA_ge_0.25	False		conserved	weakens	unresolved_exact_subset_too_small	False	decreased; conserved local window	187|188	187	V	188	S	194|195	194	exact_aligned	high	A89 flanking residues align directly to adjacent EV-A71 2C residues	182:LFCQMV|SSVPFI:193	189:LFCQMV|STVDFI:200	194	195	194-195	insertional_handle_SGRPGSLS	8	-5.782008	0.018174	-5.782008	direct_insert_strongly_deleterious	-4.699932	-5.200983	-4.951246	-5.062969;-4.764660	1AAdel_left_residue	-4.699932	deletion_context_strongly_deleterious	-2.596711	Bakhache_2024_NatMicrobiol_Dryad_10.5061_dryad.866t1g1xm_QVEU_eva71_dimple_c99331a6	direct_experiment_unfavorable	direct_experiment_unfavorable	187|188	187	188	exact_aligned	high	194	194,195	192-197	-2.529151431894737	0.753822511	0.05263157894736842	-2.664270568473684	0.343413043	0.05263157894736842	38	-2.596711000184211	-3.3287082685	0.753822511	0.05263157894736842	114	-2.6774243838070175	-3.252126695	1.283701626	0.043859649122807015	exact flank summaries	187	188	0	0.0	0	0	False	0	0.0	0	0	False	0	resolved_by_parsimony	False	direct_insert_strongly_deleterious		0.011514392527375834	0.002876118885171328	0.9202723468120787	0.14344941556420637	0.482359721391594	1.0	0.06335529650278762	0.22164512421911023	0.45411722843013064	0.06188133508334318	0.09646777133337638	0.0	False	False	False	False	False	0	False	direct_homolog_strongly_unfavorable	blocked_software_unavailable				
188|189	188	189	EXCLUDE	EV_T196-equivalent_cross-protomer_nucleotide_site	True	1.0	0.1433533877134323	0.0493453820546468	0.9240060874914444	3.064004933818916	31.121858727513484	88.44000244140625	False	1.0	1.0	0.0	0.0	0.0	0.0	0.132035	1.06308	0.930736	0.246753	0.0	0.0	0	0.0	0	0.12176	1.011686	0.931004	0.236559	0.0	0.0	0	0.0	0	0	0.0	0.132035	1.06308	0.930736	0.246753	0.0	0.0	0	none	0	none	0	none	none	max(insertion_type_count,local_deletion_type_count)	background	4	AF_rSASA_ge_0.25;hexamer_rSASA_ge_0.25;burial_lt_0.10;interprotomer_distance_gt_4.5A	False		conserved	weakens	unresolved_exact_subset_too_small	False	decreased_or_excluded; hard functional feature dominates	188|189	188	S	189	S	195|196	195	exact_aligned	high	A89 flanking residues align directly to adjacent EV-A71 2C residues	183:FCQMVS|SVPFIP:194	190:FCQMVS|TVDFIP:201	195	196	195-196	insertional_handle_SGRPGSLS	8	-5.927936	0.016425	-5.927936	direct_insert_strongly_deleterious	-5.200983	-5.083891	-5.124464	-4.764660;-5.010897	3AAdel_spanning_option_1	-4.76466	deletion_context_strongly_deleterious	-2.557475	Bakhache_2024_NatMicrobiol_Dryad_10.5061_dryad.866t1g1xm_QVEU_eva71_dimple_c99331a6	direct_experiment_unfavorable	direct_experiment_unfavorable	188|189	188	189	exact_aligned	high	195	195,196	193-198	-2.664270568473684	0.343413043	0.05263157894736842	-2.450678576105263	0.951261846	0.05263157894736842	38	-2.557474572289474	-3.1823777145000003	0.951261846	0.05263157894736842	114	-2.7073294063421054	-3.2910541110000002	1.283701626	0.043859649122807015	exact flank summaries	188	189	0	0.0	0	0	False	0	0.0	0	0	False	0	resolved_by_parsimony	True	direct_insert_strongly_deleterious		0.1979477374086926	0.0792103234986073	0.07599391250855558	0.028130385697561527	0.5223671843612113	1.0	0.04723770907247845	0.20752492518444118	0.45411722843013064	0.06188133508334318	0.09646777133337638	0.0	False	False	False	False	False	0	False	hard_excluded	blocked_software_unavailable				
189|190	189	190	EXCLUDE	EV_T196-equivalent_cross-protomer_nucleotide_site	True	1.0	0.4716141819953918	0.0493453820546468	0.9240060874914444	3.064004933818916	30.119000451796733	88.29000091552734	False	1.0	1.0	0.0	0.0	0.0	0.0	0.132035	1.06308	0.930736	0.246753	0.0	0.0	0	0.0	0	0.12176	1.011686	0.931004	0.236559	0.0	0.0	0	0.0	0	0	0.0	0.132035	1.06308	0.930736	0.246753	0.0	0.0	0	none	0	none	0	none	none	max(insertion_type_count,local_deletion_type_count)	background	3	hexamer_rSASA_ge_0.25;burial_lt_0.10;interprotomer_distance_gt_4.5A	False		conserved	weakens	unresolved_exact_subset_too_small	False	decreased_or_excluded; hard functional feature dominates	189|190	189	S	190	V	196|197	196	exact_aligned	high	A89 flanking residues align directly to adjacent EV-A71 2C residues	184:CQMVSS|VPFIPP:195	191:CQMVST|VDFIPP:202	196	197	196-197	insertional_handle_SGRPGSLS	8	-6.048772	0.015106	-6.048772	direct_insert_strongly_deleterious	-5.083891	-4.992919	-5.07139	-5.010897;-4.877683	3AAdel_spanning_option_2	-4.877683	deletion_context_strongly_deleterious	-2.582322	Bakhache_2024_NatMicrobiol_Dryad_10.5061_dryad.866t1g1xm_QVEU_eva71_dimple_c99331a6	direct_experiment_unfavorable	direct_experiment_unfavorable	189|190	189	190	exact_aligned	high	196	196,197	194-199	-2.450678576105263	0.951261846	0.05263157894736842	-2.713964990157895	1.283701626	0.05263157894736842	38	-2.5823217831315786	-3.1840837955000003	1.283701626	0.05263157894736842	114	-2.7371157897719303	-3.2756083625	1.283701626	0.043859649122807015	exact flank summaries	189	190	0	0.0	0	0	False	0	0.0	0	0	False	0	resolved_by_parsimony	True	direct_insert_strongly_deleterious		0.6512225608679616	0.0792103234986073	0.07599391250855558	0.028130385697561527	0.4996356109119401	1.0	0.03508270745979818	0.19346074375610042	0.45411722843013064	0.06188133508334318	0.09646777133337638	0.0	False	False	False	False	False	0	False	hard_excluded	blocked_software_unavailable				
190|191	190	191	HIGH_RISK	near_cross-protomer_nucleotide_site	True	1.0	0.5197142958641052	0.1294112680515567	0.872039381211823	3.171153234109988	27.83829732409736	87.12000274658203	False	1.0	0.246753	0.0	1.06308	0.0	0.0	0.132035	1.06308	0.930736	0.246753	0.0	0.0	0	0.0	0	0.12176	1.011686	0.931004	0.236559	0.0	0.0	0	0.0	0	0	0.0	0.132035	1.06308	0.930736	0.246753	0.0	0.0	0	none	0	none	0	none	none	max(insertion_type_count,local_deletion_type_count)	background	3	hexamer_rSASA_ge_0.25;burial_lt_0.10;interprotomer_distance_gt_4.5A	False		conserved	weakens	unresolved_exact_subset_too_small	False	decreased; conserved local window	190|191	190	V	191	P	197|198	197	exact_aligned	high	A89 flanking residues align directly to adjacent EV-A71 2C residues	185:QMVSSV|PFIPPM:196	192:QMVSTV|DFIPPM:203	197	198	197-198	insertional_handle_SGRPGSLS	8	-5.764877	0.018391	-5.764877	direct_insert_strongly_deleterious	-4.992919	-4.932152	-5.104383	-4.877683;-4.775992	3AAdel_spanning_option_2	-4.775992	deletion_context_strongly_deleterious	-2.781366	Bakhache_2024_NatMicrobiol_Dryad_10.5061_dryad.866t1g1xm_QVEU_eva71_dimple_c99331a6	direct_experiment_unfavorable	direct_experiment_unfavorable	190|191	190	191	exact_aligned	high	197	197,198	195-200	-2.713964990157895	1.283701626	0.05263157894736842	-2.8487660397894734	1.192369658	0.05263157894736842	38	-2.7813655149736842	-3.2770854744999998	1.283701626	0.05263157894736842	114	-2.6633620084824563	-3.207757786	1.990918967	0.06140350877192982	exact flank summaries	190	191	0	0.0	0	0	False	0	0.0	0	0	False	0	resolved_by_parsimony	False	direct_insert_strongly_deleterious		0.7176410031613917	0.20773389484302293	0.127960618788177	0.03373588892273758	0.4479394022664787	1.0	0.06535502004331199	0.22828492989891022	0.7197665411483156	0.06188133508334318	0.09646777133337638	0.0	False	False	False	False	False	0	False	direct_homolog_strongly_unfavorable	blocked_software_unavailable				
191|192	191	192	HIGH_RISK	near_cross-protomer_nucleotide_site	True	1.0	0.0812715366482734	0.0436835043960147	0.7729921806629172	3.171153234109988	22.58110688096868	87.12000274658203	False	0.246753	0.974026	1.06308	0.173781	0.0	0.0	0.132035	1.06308	0.930736	0.246753	0.0	0.0	0	0.0	0	0.12176	1.011686	0.931004	0.236559	0.0	0.0	0	0.0	0	0	0.0	0.132035	1.06308	0.930736	0.246753	0.0	0.0	0	none	0	none	0	none	none	max(insertion_type_count,local_deletion_type_count)	background	4	AF_rSASA_ge_0.25;hexamer_rSASA_ge_0.25;burial_lt_0.10;interprotomer_distance_gt_4.5A	False		conserved	weakens	unresolved_exact_subset_too_small	False	decreased; conserved local window	191|192	191	P	192	F	198|199	198	exact_aligned	high	A89 flanking residues align directly to adjacent EV-A71 2C residues	186:MVSSVP|FIPPMA:197	193:MVSTVD|FIPPMA:204	198	199	198-199	insertional_handle_SGRPGSLS	8	-5.819512	0.017707	-5.819512	direct_insert_strongly_deleterious	-4.932152	-5.100318	-4.862299	-4.775992;-5.028557	3AAdel_spanning_option_1	-4.775992	deletion_context_strongly_deleterious	-3.032315	Bakhache_2024_NatMicrobiol_Dryad_10.5061_dryad.866t1g1xm_QVEU_eva71_dimple_c99331a6	direct_experiment_unfavorable	direct_experiment_unfavorable	191|192	191	192	exact_aligned	high	198	198,199	196-201	-2.8487660397894734	1.192369658	0.05263157894736842	-3.2158631322105267	-0.53411174	0.0	38	-3.0323145859999996	-3.3946663155000003	1.192369658	0.02631578947368421	114	-2.7145539868421054	-3.226547273	1.990918967	0.07017543859649122	exact flank summaries	191	192	0	0.0	0	0	False	0	0.0	0	0	False	0	resolved_by_parsimony	False	direct_insert_strongly_deleterious		0.11222278769869594	0.07012174940563291	0.2270078193370828	0.03373588892273758	0.3287757940194652	1.0	0.05905174399852555	0.20411370840698195	0.7197665411483156	0.06188133508334318	0.09646777133337638	0.0	False	False	False	False	False	0	False	direct_homolog_strongly_unfavorable	blocked_software_unavailable				
192|193	192	193	HIGH_RISK	near_conserved_RNA-binding_triad;near_cross-protomer_nucleotide_site	True	1.0	0.0812715366482734	0.0436835043960147	0.6915975995083399	3.464012518758942	20.930695533741225	87.80000305175781	False	0.974026	0.974026	0.173781	0.173781	0.0	0.0	0.132035	1.06308	0.930736	0.246753	0.0	0.0	0	0.0	0	0.12176	1.011686	0.931004	0.236559	0.0	0.0	0	0.0	0	0	0.0	0.132035	1.06308	0.930736	0.246753	0.0	0.0	0	none	0	none	0	none	none	max(insertion_type_count,local_deletion_type_count)	background	4	AF_rSASA_ge_0.25;hexamer_rSASA_ge_0.25;burial_lt_0.10;interprotomer_distance_gt_4.5A	False		conserved	weakens	unresolved_exact_subset_too_small	False	decreased; conserved local window	192|193	192	F	193	I	199|200	199	exact_aligned	high	A89 flanking residues align directly to adjacent EV-A71 2C residues	187:VSSVPF|IPPMAD:198	194:VSTVDF|IPPMAS:205	199	200	199-200	insertional_handle_SGRPGSLS	8	-6.008966	0.015528	-6.008966	direct_insert_strongly_deleterious	-5.100318	-5.12048	-4.787196	-5.028557;-5.062969	2AAdel_spanning_junction	-4.787196	deletion_context_strongly_deleterious	-2.651246	Bakhache_2024_NatMicrobiol_Dryad_10.5061_dryad.866t1g1xm_QVEU_eva71_dimple_c99331a6	direct_experiment_unfavorable	direct_experiment_unfavorable	192|193	192	193	exact_aligned	high	199	199,200	197-202	-3.2158631322105267	-0.53411174	0.0	-2.086628744157895	1.990918967	0.15789473684210525	38	-2.6512459381842106	-3.0827313615	1.990918967	0.07894736842105263	114	-2.813943495482456	-3.327493103	1.990918967	0.06140350877192982	exact flank summaries	192	193	0	0.0	0	0	False	0	0.0	0	0	False	0	resolved_by_parsimony	False	direct_insert_strongly_deleterious		0.11222278769869594	0.07012174940563291	0.3084024004916601	0.049056931441965	0.2913662739811545	1.0	0.03897157075058748	0.15718514841967257	0.7197665411483156	0.06188133508334318	0.09646777133337638	0.0	False	False	False	False	False	0	False	direct_homolog_strongly_unfavorable	blocked_software_unavailable				
193|194	193	194	HIGH_RISK	near_conserved_RNA-binding_triad;near_cross-protomer_nucleotide_site	True	1.0	0.0329917259514331	0.013294430773713	0.6915975995083399	3.464012518758942	18.46381792856157	87.80000305175781	False	0.974026	0.974026	0.173781	0.173781	0.0	0.0	0.132035	1.06308	0.930736	0.246753	0.0	0.0	0	0.0	0	0.12176	1.011686	0.931004	0.236559	0.0	0.0	0	0.0	0	0	0.0	0.132035	1.06308	0.930736	0.246753	0.0	0.0	0	none	0	none	0	none	none	max(insertion_type_count,local_deletion_type_count)	background	4	AF_rSASA_ge_0.25;hexamer_rSASA_ge_0.25;burial_lt_0.10;interprotomer_distance_gt_4.5A	False		conserved	weakens	unresolved_exact_subset_too_small	False	decreased; conserved local window	193|194	193	I	194	P	200|201	200	exact_aligned	high	A89 flanking residues align directly to adjacent EV-A71 2C residues	188:SSVPFI|PPMADL:199	195:STVDFI|PPMASL:206	200	201	200-201	insertional_handle_SGRPGSLS	8	-5.60096	0.020604	-5.600960	direct_insert_strongly_deleterious	-5.12048	-4.656447	-5.100318	-5.062969;-5.112464	1AAdel_right_residue	-4.656447	deletion_context_strongly_deleterious	-2.529026	Bakhache_2024_NatMicrobiol_Dryad_10.5061_dryad.866t1g1xm_QVEU_eva71_dimple_c99331a6	direct_experiment_unfavorable	direct_experiment_unfavorable	193|194	193	194	exact_aligned	high	200	200,201	198-203	-2.086628744157895	1.990918967	0.15789473684210525	-2.971422438631579	0.591636395	0.10526315789473684	38	-2.5290255913947375	-3.0493140629999997	1.990918967	0.13157894736842105	114	-2.8757029353508776	-3.347587984	1.990918967	0.05263157894736842	exact flank summaries	193	194	0	0.0	0	0	False	0	0.0	0	0	False	0	resolved_by_parsimony	False	direct_insert_strongly_deleterious		0.045556213281466126	0.021340521006595014	0.3084024004916601	0.049056931441965	0.23545008838411624	1.0	0.0857485140303184	0.12802430822339467	0.7197665411483156	0.06188133508334318	0.09646777133337638	0.0	False	False	False	False	False	0	False	direct_homolog_strongly_unfavorable	blocked_software_unavailable				
194|195	194	195	HIGH_RISK	near_conserved_RNA-binding_triad	True	1.0	0.0329917259514331	0.013294430773713	0.492507461153725	5.047389820068311	15.86613423276848	88.33000183105469	False	0.974026	1.0	0.173781	0.0	0.0	0.0	0.132035	1.06308	0.930736	0.246753	0.0	0.0	0	0.0	0	0.12176	1.011686	0.931004	0.236559	0.0	0.0	0	0.0	0	0	0.0	0.132035	1.06308	0.930736	0.246753	0.0	0.0	0	none	0	none	0	none	none	max(insertion_type_count,local_deletion_type_count)	background	3	AF_rSASA_ge_0.25;hexamer_rSASA_ge_0.25;burial_lt_0.10	False		conserved	weakens	unresolved_exact_subset_too_small	False	decreased; conserved local window	194|195	194	P	195	P	201|202	201	exact_aligned	high	A89 flanking residues align directly to adjacent EV-A71 2C residues	189:SVPFIP|PMADLP:200	196:TVDFIP|PMASLE:207	201	202	201-202	insertional_handle_SGRPGSLS	8	-5.886731	0.016901	-5.886731	direct_insert_strongly_deleterious	-4.656447	-4.917589	-4.825452	-5.112464;-4.960658	1AAdel_left_residue	-4.656447	deletion_context_strongly_deleterious	-3.009219	Bakhache_2024_NatMicrobiol_Dryad_10.5061_dryad.866t1g1xm_QVEU_eva71_dimple_c99331a6	direct_experiment_unfavorable	direct_experiment_unfavorable	194|195	194	195	exact_aligned	high	201	201,202	199-204	-2.971422438631579	0.591636395	0.10526315789473684	-3.0470156279473684	-0.340405153	0.0	38	-3.0092190332894737	-3.4925520839999997	0.591636395	0.05263157894736842	114	-2.9407294783245614	-3.429240986	1.990918967	0.043859649122807015	exact flank summaries	194	195	0	0.0	0	0	False	0	0.0	0	0	False	0	resolved_by_parsimony	False	direct_insert_strongly_deleterious		0.045556213281466126	0.021340521006595014	0.507492538846275	0.13189190451245963	0.17656894918556715	1.0	0.05162419941943509	0.09732084601240466	0.7197665411483156	0.06188133508334318	0.09646777133337638	0.0	False	False	False	False	False	0	False	direct_homolog_strongly_unfavorable	blocked_software_unavailable				
195|196	195	196	HIGH_RISK	near_conserved_RNA-binding_triad	True	1.0	0.0492977909743785	0.0205993725075608	0.492507461153725	4.72042606524889	12.705840261105305	84.27999877929688	False	1.0	1.0	0.0	0.0	0.0	0.0	0.132035	1.06308	0.930736	0.246753	0.0	0.0	0	0.0	0	0.12176	1.011686	0.931004	0.236559	0.0	0.0	0	0.0	0	0	0.0	0.132035	1.06308	0.930736	0.246753	0.0	0.0	0	none	0	none	0	none	none	max(insertion_type_count,local_deletion_type_count)	background	3	AF_rSASA_ge_0.25;hexamer_rSASA_ge_0.25;burial_lt_0.10	False		conserved	weakens	unresolved_exact_subset_too_small	False	decreased; conserved local window	195|196	195	P	196	M	202|203	202	exact_aligned	high	A89 flanking residues align directly to adjacent EV-A71 2C residues	190:VPFIPP|MADLPD:201	197:VDFIPP|MASLEE:208	202	203	202-203	insertional_handle_SGRPGSLS	8	-5.8829	0.016946	-5.882900	direct_insert_strongly_deleterious	-4.917589	-4.846673	-5.024171	-4.960658	1AAdel_right_residue	-4.846673	deletion_context_strongly_deleterious	-3.065769	Bakhache_2024_NatMicrobiol_Dryad_10.5061_dryad.866t1g1xm_QVEU_eva71_dimple_c99331a6	direct_experiment_unfavorable	direct_experiment_unfavorable	195|196	195	196	exact_aligned	high	202	202,203	200-205	-3.0470156279473684	-0.340405153	0.0	-3.084521629368421	-0.271901903	0.0	38	-3.0657686286578945	-3.4925520839999997	-0.271901903	0.0	114	-2.566731112482456	-3.2133542685	1.990918967	0.10526315789473684	exact flank summaries	195	196	0	0.0	0	0	False	0	0.0	0	0	False	0	resolved_by_parsimony	False	direct_insert_strongly_deleterious		0.06807223978642345	0.03306657872027874	0.507492538846275	0.11478667393785337	0.10493524352879625	1.0	0.052038888632907884	0.2739109608713827	0.7197665411483156	0.06188133508334318	0.09646777133337638	0.0	False	False	False	False	False	0	False	direct_homolog_strongly_unfavorable	blocked_software_unavailable				
196|197	196	197	EXCLUDE	CVB3_A204-equivalent_core_RNA_binding	True	1.0	0.0492977909743785	0.0205993725075608	0.094940352743897	4.72042606524889	9.34773362579621	81.5199966430664	False	1.0	1.0	0.0	0.0	0.0	0.0	0.132035	1.06308	0.930736	0.246753	0.0	0.0	0	0.0	0	0.12176	1.011686	0.931004	0.236559	0.0	0.0	0	0.0	0	0	0.0	0.132035	1.06308	0.930736	0.246753	0.0	0.0	0	none	0	none	0	none	none	max(insertion_type_count,local_deletion_type_count)	background	2	AF_rSASA_ge_0.25;hexamer_rSASA_ge_0.25	False		conserved	weakens	unresolved_exact_subset_too_small	False	decreased_or_excluded; hard functional feature dominates	196|197	196	M	197	A	203|204	203	exact_aligned	high	A89 flanking residues align directly to adjacent EV-A71 2C residues	191:PFIPPM|ADLPDK:202	198:DFIPPM|ASLEEK:209	203	204	203-204	insertional_handle_SGRPGSLS	8	-5.855661	0.017269	-5.855661	direct_insert_strongly_deleterious	-4.846673	-4.955963	-5.151917	-4.867453	1AAdel_left_residue	-4.846673	deletion_context_strongly_deleterious	-3.161723	Bakhache_2024_NatMicrobiol_Dryad_10.5061_dryad.866t1g1xm_QVEU_eva71_dimple_c99331a6	direct_experiment_unfavorable	direct_experiment_unfavorable	196|197	196	197	exact_aligned	high	203	203,204	201-206	-3.084521629368421	-0.271901903	0.0	-3.238925297631579	-0.031527563	0.0	38	-3.1617234635000004	-3.4934142775	-0.031527563	0.0	114	-2.6612264359999993	-3.3115092214999997	2.050617405	0.09649122807017543	exact flank summaries	196	197	0	0.0	0	0	False	0	0.0	0	0	False	0	resolved_by_parsimony	True	direct_insert_strongly_deleterious		0.06807223978642345	0.03306657872027874	0.905059647256103	0.11478667393785337	0.02881776065071316	1.0	0.05501543565405704	0.22929327919775705	0.7421908343685935	0.06188133508334318	0.09646777133337638	0.0	False	False	False	False	False	0	False	hard_excluded	blocked_software_unavailable				
197|198	197	198	EXCLUDE	CVB3_A204-equivalent_core_RNA_binding	True	1.0	0.3859667181968689	0.1585501883314063	0.6654191682632886	3.0602122294381444	9.34773362579621	74.58999633789062	False	1.0	1.0	0.0	0.0	0.0	0.0	0.043445	0.173781	0.993506	0.974026	0.0	0.0	0	0.0	0	0.037453	0.149811	0.994624	0.978495	0.0	0.0	0	0.0	0	0	0.0	0.043445	0.173781	0.993506	0.974026	0.0	0.0	0	none	0	none	0	none	none	max(insertion_type_count,local_deletion_type_count)	background	3	hexamer_rSASA_ge_0.25;burial_lt_0.10;interprotomer_distance_gt_4.5A	False		conserved	weakens	unresolved_exact_subset_too_small	False	decreased_or_excluded; hard functional feature dominates	197|198	197	A	198	D	204|205	204	exact_aligned	high	A89 flanking residues align directly to adjacent EV-A71 2C residues	192:FIPPMA|DLPDKG:203	199:FIPPMA|SLEEKG:210	204	205	204-205	insertional_handle_SGRPGSLS	8	-5.516028	0.021853	-5.516028	direct_insert_strongly_deleterious	-4.955963	-4.787196	-4.88276	-4.867453;-4.770342	3AAdel_spanning_option_2	-4.770342	deletion_context_strongly_deleterious	-2.105399	Bakhache_2024_NatMicrobiol_Dryad_10.5061_dryad.866t1g1xm_QVEU_eva71_dimple_c99331a6	direct_experiment_unfavorable	direct_experiment_unfavorable	197|198	197	198	exact_aligned	high	204	204,205	202-207	-3.238925297631579	-0.031527563	0.0	-0.9718729371578947	1.814507966	0.3684210526315789	38	-2.105399117394737	-3.0389567614999997	1.814507966	0.18421052631578946	114	-2.493574790921052	-3.2133542685	2.050617405	0.11403508771929824	exact flank summaries	197	198	0	0.0	0	0	False	0	0.0	0	0	False	0	resolved_by_parsimony	True	direct_insert_strongly_deleterious		0.5329573287438244	0.25450834881747875	0.3345808317367114	0.027931968955711196	0.02881776065071316	1.0	0.0972584435331521	0.3084530455623161	0.7421908343685935	0.0	1.5368206868800934e-06	0.0	False	False	False	False	False	0	False	hard_excluded	blocked_software_unavailable				
198|199	198	199	EXCLUDE	CVB3_L206-equivalent_core_RNA_binding	True	0.6666666666666666	0.4525977075099945	0.1585501883314063	0.6654191682632886	3.0602122294381444	8.076368499194347	64.3499984741211	False	1.0	1.0	0.0	0.0	0.0	0.0	0.043445	0.173781	0.993507	0.974026	0.0	0.0	0	0.0	0	0.037453	0.149811	0.994624	0.978495	0.0	0.0	0	0.0	0	0	0.0	0.043445	0.173781	0.993507	0.974026	0.0	0.0	0	none	0	none	0	none	none	max(insertion_type_count,local_deletion_type_count)	background	4	hexamer_coil_fraction_ge_0.8;hexamer_rSASA_ge_0.25;burial_lt_0.10;interprotomer_distance_gt_4.5A	False		conserved	weakens	unresolved_exact_subset_too_small	False	decreased_or_excluded; hard functional feature dominates	198|199	198	D	199	L	205|206	205	exact_aligned	high	A89 flanking residues align directly to adjacent EV-A71 2C residues	193:IPPMAD|LPDKGK:204	200:IPPMAS|LEEKGV:211	205	206	205-206	insertional_handle_SGRPGSLS	8	-5.811299	0.017808	-5.811299	direct_insert_strongly_deleterious	-4.787196	-4.758946	-5.024171	-4.770342;-5.045911	1AAdel_right_residue	-4.758946	deletion_context_strongly_deleterious	-1.812737	Bakhache_2024_NatMicrobiol_Dryad_10.5061_dryad.866t1g1xm_QVEU_eva71_dimple_c99331a6	direct_experiment_unfavorable	direct_experiment_unfavorable	198|199	198	199	exact_aligned	high	205	205,206	203-208	-0.9718729371578947	1.814507966	0.3684210526315789	-2.653600685263158	2.050617405	0.10526315789473684	38	-1.8127368112105262	-2.6095681635	2.050617405	0.23684210526315788	114	-2.3008936286052633	-3.0565442970000003	2.050617405	0.14912280701754385	exact flank summaries	198	199	0	0.0	0	0	False	0	0.0	0	0	False	0	resolved_by_parsimony	True	direct_insert_strongly_deleterious		0.6249638992631211	0.25450834881747875	0.3345808317367114	0.027931968955711196	0.0	0.6666666666666666	0.059982490899875604	0.3994309526659836	0.7421908343685935	0.0	0.0	0.0	False	False	False	False	False	0	False	hard_excluded	blocked_software_unavailable				
199|200	199	200	EXCLUDE	CVB3_L206-equivalent_core_RNA_binding	True	0.6666666666666666	0.6373388171195984	0.4347440615222229	0.4879482142817192	3.0602122294381444	8.076368499194347	64.3499984741211	False	1.0	1.0	0.0	0.0	0.0	0.0	0.092378	0.760975	0.985931	0.883117	0.0	0.0	0	0.0	0	0.085357	0.724659	0.987007	0.887097	0.0	0.0	0	0.0	0	0	0.0	0.091537	0.750883	0.985931	0.883117	0.0	0.0	0	none	0	none	0	none	none	max(insertion_type_count,local_deletion_type_count)	background	3	hexamer_coil_fraction_ge_0.8;burial_lt_0.10;interprotomer_distance_gt_4.5A	False		conserved	weakens	unresolved_exact_subset_too_small	False	decreased_or_excluded; hard functional feature dominates	199|200	199	L	200	P	206|207	206	exact_aligned	high	A89 flanking residues align directly to adjacent EV-A71 2C residues	194:PPMADL|PDKGKP:205	201:PPMASL|EEKGVS:212	206	207	206-207	insertional_handle_SGRPGSLS	8	-5.725224	0.018903	-5.725224	direct_insert_strongly_deleterious	-4.758946	-3.215818	-4.97922	-5.045911;-5.189872	1AAdel_right_residue	-3.215818	deletion_context_strongly_deleterious	-2.309557	Bakhache_2024_NatMicrobiol_Dryad_10.5061_dryad.866t1g1xm_QVEU_eva71_dimple_c99331a6	direct_experiment_unfavorable	direct_experiment_unfavorable	199|200	199	200	exact_aligned	high	206	206,207	204-209	-2.653600685263158	2.050617405	0.10526315789473684	-1.9655125681578947	1.602259771	0.21052631578947367	38	-2.309556626710526	-2.9959509649999996	2.050617405	0.15789473684210525	114	-2.2686759317982457	-3.0389567614999997	2.050617405	0.15789473684210525	exact flank summaries	199	200	0	0.0	0	0	False	0	0.0	0	0	False	0	resolved_by_parsimony	True	direct_insert_strongly_deleterious		0.8800613562321539	0.6978610017475969	0.5120517857182808	0.027931968955711196	0.0	0.6666666666666666	0.07007326176104686	0.41464312282301813	0.7421908343685935	0.033592924334892645	0.011642953523468828	0.0	False	False	False	False	False	0	False	hard_excluded	blocked_software_unavailable				
200|201	200	201	HIGH_RISK	near_conserved_RNA-binding_triad	True	0.6666666666666666	0.1993094980716705	0.119249562937155	0.0896385611820902	5.628003406900019	11.283730070444316	67.37999725341797	False	1.0	1.0	0.0	0.0	0.0	0.0	0.077896	0.760975	0.988095	0.883117	0.0	0.0	0	0.0	0	0.072873	0.724659	0.988799	0.887097	0.0	0.0	0	0.0	0	0	0.0	0.077055	0.750883	0.988095	0.883117	0.0	0.0	0	none	0	none	0	none	none	max(insertion_type_count,local_deletion_type_count)	background	3	hexamer_coil_fraction_ge_0.8;AF_rSASA_ge_0.25;hexamer_rSASA_ge_0.25	False		conserved	weakens	unresolved_exact_subset_too_small	False	decreased; conserved local window	200|201	200	P	201	D	207|208	207	exact_aligned	high	A89 flanking residues align directly to adjacent EV-A71 2C residues	195:PMADLP|DKGKPF:206	202:PMASLE|EKGVSF:213	207	208	207-208	insertional_handle_SGRPGSLS	8	-5.379723	0.024018	-5.379723	direct_insert_strongly_deleterious	-3.215818	-4.723957	-5.136322	-5.189872;-4.965331	1AAdel_left_residue	-3.215818	deletion_context_strongly_deleterious	-1.928221	Bakhache_2024_NatMicrobiol_Dryad_10.5061_dryad.866t1g1xm_QVEU_eva71_dimple_c99331a6	direct_experiment_unfavorable	direct_experiment_unfavorable	200|201	200	201	exact_aligned	high	207	207,208	205-210	-1.9655125681578947	1.602259771	0.21052631578947367	-1.8909286540526318	1.475198102	0.21052631578947367	38	-1.928220611105263	-2.4799419445	1.602259771	0.21052631578947367	114	-2.0988155158333335	-2.880707218	2.050617405	0.18421052631578946	exact flank summaries	200	201	0	0.0	0	0	False	0	0.0	0	0	False	0	resolved_by_parsimony	False	direct_insert_strongly_deleterious		0.2752140344685597	0.19142209592903695	0.9103614388179098	0.1622669204924132	0.07270057684185773	0.6666666666666666	0.11720960235912087	0.49484580044086957	0.7421908343685935	0.02347704788521463	0.008317273557156024	0.0	False	False	True	False	True	2	True	weak_pareto_reviewable_direct_conflicted	blocked_software_unavailable				
201|202	201	202	EXCLUDE	CVB3_K209-equivalent_core_RNA_binding	True	0.6666666666666666	0.1993094980716705	0.119249562937155	0.6126751116601705	2.5938429247427166	11.819217195769443	71.48999786376953	False	1.0	1.0	0.0	0.0	0.0	0.0	0.167959	1.080747	0.911255	0.077922	0.0	0.0	0	0.0	0	0.161272	1.060791	0.912635	0.086022	0.0	0.0	0	0.0	0	0	0.0	0.167118	1.080747	0.911255	0.077922	0.0	0.0	0	none	0	none	0	none	none	max(insertion_type_count,local_deletion_type_count)	background	5	hexamer_coil_fraction_ge_0.8;AF_rSASA_ge_0.25;hexamer_rSASA_ge_0.25;burial_lt_0.10;interprotomer_distance_gt_4.5A	False		conserved	weakens	unresolved_exact_subset_too_small	False	decreased_or_excluded; hard functional feature dominates	201|202	201	D	202	K	208|209	208	exact_aligned	high	A89 flanking residues align directly to adjacent EV-A71 2C residues	196:MADLPD|KGKPFT:207	203:MASLEE|KGVSFT:214	208	209	208-209	insertional_handle_SGRPGSLS	8	-5.707083	0.019142	-5.707083	direct_insert_strongly_deleterious	-4.723957	-4.76466	-5.079741	-4.965331;-5.041601	1AAdel_left_residue	-4.723957	deletion_context_strongly_deleterious	-2.391072	Bakhache_2024_NatMicrobiol_Dryad_10.5061_dryad.866t1g1xm_QVEU_eva71_dimple_c99331a6	direct_experiment_unfavorable	direct_experiment_unfavorable	201|202	201	202	exact_aligned	high	208	208,209	206-211	-1.8909286540526318	1.475198102	0.21052631578947367	-2.891215448526316	0.270616009	0.05263157894736842	38	-2.3910720512894734	-3.1340921195	1.475198102	0.13157894736842105	114	-2.1374765692719295	-2.8446670335	2.050617405	0.14912280701754385	exact flank summaries	201	202	0	0.0	0	0	False	0	0.0	0	0	False	0	resolved_by_parsimony	True	direct_insert_strongly_deleterious		0.2752140344685597	0.19142209592903695	0.3873248883398295	0.00353368513327373	0.08483834866387065	0.6666666666666666	0.07227572225038012	0.47659128253163074	0.7421908343685935	0.08638729375507732	0.12640657513362652	0.0	False	False	False	False	False	0	False	hard_excluded	blocked_software_unavailable				
202|203	202	203	EXCLUDE	CVB3_K209-equivalent_core_RNA_binding	True	1.0	0.3197984993457794	0.2273838560459977	0.6126751116601705	2.5938429247427166	11.819217195769443	71.48999786376953	False	1.0	1.0	0.0	0.0	0.0	0.0	0.167959	1.080747	0.911255	0.077922	0.0	0.0	0	0.0	0	0.161272	1.060791	0.912634	0.086022	0.0	0.0	0	0.0	0	0	0.0	0.167118	1.080747	0.911255	0.077922	0.0	0.0	0	none	0	none	0	none	none	max(insertion_type_count,local_deletion_type_count)	background	3	hexamer_rSASA_ge_0.25;burial_lt_0.10;interprotomer_distance_gt_4.5A	False		conserved	weakens	unresolved_exact_subset_too_small	False	decreased_or_excluded; hard functional feature dominates	202|203	202	K	203	G	209|210	209	exact_aligned	high	A89 flanking residues align directly to adjacent EV-A71 2C residues	197:ADLPDK|GKPFTS:208	204:ASLEEK|GVSFTS:215	209	210	209-210	insertional_handle_SGRPGSLS	8	-6.07762	0.014807	-6.077620	direct_insert_strongly_deleterious	-4.76466	-4.718004	-4.997444	-5.041601;-5.088023	1AAdel_right_residue	-4.718004	deletion_context_strongly_deleterious	-2.555489	Bakhache_2024_NatMicrobiol_Dryad_10.5061_dryad.866t1g1xm_QVEU_eva71_dimple_c99331a6	direct_experiment_unfavorable	direct_experiment_unfavorable	202|203	202	203	exact_aligned	high	209	209,210	207-212	-2.891215448526316	0.270616009	0.05263157894736842	-2.219762801842105	0.558944149	0.15789473684210525	38	-2.5554891251842107	-3.2493720555000003	0.558944149	0.10526315789473684	114	-1.7792405950175436	-2.3618601664999996	1.882541602	0.21929824561403508	exact flank summaries	202	203	0	0.0	0	0	False	0	0.0	0	0	False	0	resolved_by_parsimony	True	direct_insert_strongly_deleterious		0.4415897690449957	0.3650017092950674	0.3873248883398295	0.00353368513327373	0.08483834866387065	1.0	0.032327328019167864	0.645738898184335	0.6790571709768369	0.08638729375507732	0.12640657513362652	0.0	False	False	False	False	False	0	False	hard_excluded	blocked_software_unavailable				
203|204	203	204	HIGH_RISK	near_Motif_C;near_conserved_RNA-binding_triad	True	1.0	0.1103634610772132	0.0712731443556015	0.0989452584542893	5.391153074014136	18.696156860729825	76.2699966430664	False	1.0	0.974026	0.0	0.173781	0.0	0.0	0.263757	1.149584	0.834416	0.077922	0.0	0.0	0	0.0	0	0.254882	1.123327	0.836918	0.086022	0.0	0.0	0	0.0	0	0	0.0	0.262916	1.149584	0.834416	0.077922	0.0	0.0	0	none	0	none	0	none	none	max(insertion_type_count,local_deletion_type_count)	structural near-miss	2	AF_rSASA_ge_0.25;hexamer_rSASA_ge_0.25	False		intermediate	remains unresolved	unresolved_exact_subset_too_small	False	unchanged_or_unresolved	203|204	203	G	204	K	210|211	210	exact_aligned	high	A89 flanking residues align directly to adjacent EV-A71 2C residues	198:DLPDKG|KPFTSK:209	205:SLEEKG|VSFTSK:216	210	211	210-211	insertional_handle_SGRPGSLS	8	-3.061137	0.119814	-3.061137	direct_insert_strongly_deleterious	-4.718004	-4.955963	-5.174862	-5.088023;-5.174862	1AAdel_left_residue	-4.718004	deletion_context_strongly_deleterious	-1.711801	Bakhache_2024_NatMicrobiol_Dryad_10.5061_dryad.866t1g1xm_QVEU_eva71_dimple_c99331a6	direct_experiment_unfavorable	direct_experiment_unfavorable	203|204	203	204	exact_aligned	high	210	210,211	208-213	-2.219762801842105	0.558944149	0.15789473684210525	-1.2038392577894736	1.639204278	0.15789473684210525	38	-1.711801029815789	-1.5206209625	1.639204278	0.15789473684210525	114	-1.9008196735	-2.6446448125	1.882541602	0.19298245614035087	exact flank summaries	203	204	0	0.0	0	0	False	0	0.0	0	0	False	0	resolved_by_parsimony	False	direct_insert_strongly_deleterious		0.15239400868919725	0.11440926356427905	0.9010547415457107	0.1498760071389658	0.24071646512905884	1.0	1.0	0.5883331301529053	0.6790571709768369	0.15330351610877535	0.24449433988941033	0.0	False	True	True	True	True	4	True	pareto_reviewable_direct_conflicted	blocked_software_unavailable				
204|205	204	205	HIGH_RISK	near_Motif_C;near_conserved_RNA-binding_triad	True	1.0	0.0593370832502841	0.0297597839147539	0.7941176447280667	5.035842056179133	18.99606341911684	83.22000122070312	False	0.974026	0.883117	0.173781	0.760975	0.0	0.0	0.323042	1.149584	0.818182	0.077922	0.0	0.0	0	0.0	0	0.310079	1.123327	0.822581	0.086022	0.0	0.0	0	0.0	0	0	0.0	0.322201	1.149584	0.818182	0.077922	0.0	0.0	0	none	0	none	0	none	none	max(insertion_type_count,local_deletion_type_count)	background	3	AF_rSASA_ge_0.25;hexamer_rSASA_ge_0.25;burial_lt_0.10	False		intermediate	remains unresolved	unresolved_exact_subset_too_small	False	unchanged_or_unresolved	204|205	204	K	205	P	211|212	211	exact_aligned	high	A89 flanking residues align directly to adjacent EV-A71 2C residues	199:LPDKGK|PFTSKF:210	206:LEEKGV|SFTSKF:217	211	212	211-212	insertional_handle_SGRPGSLS	8	-5.751833	0.018558	-5.751833	direct_insert_strongly_deleterious	-4.955963	-4.872581	-4.610984	-5.174862;-4.917589	2AAdel_spanning_junction	-4.610984	deletion_context_strongly_deleterious	-0.854012	Bakhache_2024_NatMicrobiol_Dryad_10.5061_dryad.866t1g1xm_QVEU_eva71_dimple_c99331a6	direct_experiment_unfavorable	direct_experiment_unfavorable	204|205	204	205	exact_aligned	high	211	211,212	209-214	-1.2038392577894736	1.639204278	0.15789473684210525	-0.504184839736842	1.882541602	0.5263157894736842	38	-0.8540120487631578	-0.6882781285	1.882541602	0.34210526315789475	114	-1.7000327406052633	-2.3618601664999996	1.882541602	0.23684210526315788	exact flank summaries	204	205	0	0.0	0	0	False	0	0.0	0	0	False	0	resolved_by_parsimony	False	direct_insert_strongly_deleterious		0.08193487130771444	0.047771078325541574	0.20588235527193333	0.131287778944919	0.24751438276604515	1.0	0.0668939777910888	0.6831383239195344	0.6790571709768369	0.19471490509642633	0.26944308691950447	0.0	False	False	True	False	True	2	True	weak_pareto_reviewable_direct_conflicted	blocked_software_unavailable				
205|206	205	206	HIGH_RISK	near_Motif_C;near_conserved_RNA-binding_triad	True	1.0	0.0079057309776544	0.000387535818542	0.7941176447280667	5.035842056179133	23.953375449504964	86.19999694824219	False	0.883117	1.0	0.760975	0.0	0.0	0.0	0.331375	1.149584	0.8171	0.077922	0.0	0.0	0	0.0	0	0.317224	1.123327	0.821685	0.086022	0.0	0.0	0	0.0	0	0	0.0	0.330534	1.149584	0.8171	0.077922	0.0	0.0	0	none	0	none	0	none	none	max(insertion_type_count,local_deletion_type_count)	background	3	AF_rSASA_ge_0.25;hexamer_rSASA_ge_0.25;burial_lt_0.10	False		intermediate	remains unresolved	unresolved_exact_subset_too_small	False	unchanged_or_unresolved	205|206	205	P	206	F	212|213	212	exact_aligned	high	A89 flanking residues align directly to adjacent EV-A71 2C residues	200:PDKGKP|FTSKFV:211	207:EEKGVS|FTSKFV:218	212	213	212-213	insertional_handle_SGRPGSLS	8	-5.693258	0.019327	-5.693258	direct_insert_strongly_deleterious	-4.872581	-4.862299	-4.76466	-4.917589;-4.836119	2AAdel_spanning_junction	-4.76466	deletion_context_strongly_deleterious	-1.599586	Bakhache_2024_NatMicrobiol_Dryad_10.5061_dryad.866t1g1xm_QVEU_eva71_dimple_c99331a6	direct_experiment_unfavorable	direct_experiment_unfavorable	205|206	205	206	exact_aligned	high	212	212,213	210-215	-0.504184839736842	1.882541602	0.5263157894736842	-2.6949870390526316	0.964461701	0.05263157894736842	38	-1.5995859393947365	-2.46120273	1.882541602	0.2894736842105263	114	-1.6893679188771933	-2.3618601664999996	1.882541602	0.23684210526315788	exact flank summaries	205	206	0	0.0	0	0	False	0	0.0	0	0	False	0	resolved_by_parsimony	False	direct_insert_strongly_deleterious		0.010916530014043508	0.0006220812622347243	0.20588235527193333	0.131287778944919	0.359880711347404	1.0	0.07398055568354606	0.6881739130180855	0.6790571709768369	0.20053562036055883	0.2711059269026608	0.0	False	False	True	False	True	2	True	weak_pareto_reviewable_direct_conflicted	blocked_software_unavailable				
206|207	206	207	HIGH_RISK	near_Motif_C;near_conserved_RNA-binding_triad	True	1.0	0.0079057309776544	0.000387535818542	0.0	7.9544997107276	24.93008832015226	89.0999984741211	False	1.0	0.077922	0.0	1.080747	0.0	0.0	0.392812	1.149584	0.799784	0.077922	0.0	0.0	0	0.0	0	0.378963	1.123327	0.804212	0.086022	0.0	0.0	0	0.0	0	0	0.0	0.391971	1.149584	0.799784	0.077922	0.0	0.0	0	none	0	none	0	none	none	max(insertion_type_count,local_deletion_type_count)	structural near-miss	2	AF_rSASA_ge_0.25;hexamer_rSASA_ge_0.25	False		intermediate	remains unresolved	unresolved_exact_subset_too_small	False	unchanged_or_unresolved	206|207	206	F	207	T	213|214	213	exact_aligned	high	A89 flanking residues align directly to adjacent EV-A71 2C residues	201:DKGKPF|TSKFVL:212	208:EKGVSF|TSKFVI:219	213	214	213-214	insertional_handle_SGRPGSLS	8	-5.743042	0.018671	-5.743042	direct_insert_strongly_deleterious	-4.862299	-5.019766	-4.877683	-4.836119;-4.792752	3AAdel_spanning_option_2	-4.792752	deletion_context_strongly_deleterious	-1.690597	Bakhache_2024_NatMicrobiol_Dryad_10.5061_dryad.866t1g1xm_QVEU_eva71_dimple_c99331a6	direct_experiment_unfavorable	direct_experiment_unfavorable	206|207	206	207	exact_aligned	high	213	213,214	211-216	-2.6949870390526316	0.964461701	0.05263157894736842	-0.6862070566842106	1.874721412	0.47368421052631576	38	-1.690597047868421	-2.6631710065	1.874721412	0.2631578947368421	114	-1.724064401649123	-2.3307259565000003	1.882541602	0.21929824561403508	exact flank summaries	206	207	0	0.0	0	0	False	0	0.0	0	0	False	0	resolved_by_parsimony	False	direct_insert_strongly_deleterious		0.010916530014043508	0.0006220812622347243	1.0	0.28397844087154056	0.38201965250745923	1.0	0.06793530848269824	0.6717913390886467	0.6790571709768369	0.2434502109860849	0.2977175139159112	0.0	False	False	True	False	True	2	True	weak_pareto_reviewable_direct_conflicted	blocked_software_unavailable				
207|208	207	208	HIGH_RISK	near_Motif_C	True	1.0	0.0230421293526887	0.0072494448513113	0.0	7.9544997107276	27.447961079387124	89.41999816894531	False	0.077922	1.0	1.080747	0.0	0.0	0.0	0.458189	1.149584	0.735931	0.077922	0.0	0.0	0	0.0	0	0.442375	1.123327	0.739247	0.086022	0.0	0.0	0	0.0	0	0	0.0	0.457348	1.149584	0.735931	0.077922	0.0	0.0	0	none	0	none	0	none	none	max(insertion_type_count,local_deletion_type_count)	structural near-miss	2	AF_rSASA_ge_0.25;hexamer_rSASA_ge_0.25	False		intermediate	remains unresolved	unresolved_exact_subset_too_small	False	unchanged_or_unresolved	207|208	207	T	208	S	214|215	214	exact_aligned	high	A89 flanking residues align directly to adjacent EV-A71 2C residues	202:KGKPFT|SKFVLA:213	209:KGVSFT|SKFVIA:220	214	215	214-215	insertional_handle_SGRPGSLS	8	-5.459032	0.022734	-5.459032	direct_insert_strongly_deleterious	-5.019766	-4.90281	-4.960658	-4.792752;-5.015341	3AAdel_spanning_option_1	-4.792752	deletion_context_strongly_deleterious	-1.756717	Bakhache_2024_NatMicrobiol_Dryad_10.5061_dryad.866t1g1xm_QVEU_eva71_dimple_c99331a6	direct_experiment_unfavorable	direct_experiment_unfavorable	207|208	207	208	exact_aligned	high	214	214,215	212-217	-0.6862070566842106	1.874721412	0.47368421052631576	-2.827226518157895	0.182146663	0.05263157894736842	38	-1.7567167874210528	-2.850216626	1.874721412	0.2631578947368421	114	-1.9803571309912282	-2.9048844395	1.882541602	0.20175438596491227	exact flank summaries	207	208	0	0.0	0	0	False	0	0.0	0	0	False	0	resolved_by_parsimony	False	direct_insert_strongly_deleterious		0.03181743691722863	0.011636972862460722	1.0	0.28397844087154056	0.439091734324364	1.0	0.10537713680136387	0.5507780763431332	0.6790571709768369	0.2891169458742633	0.3958481252324441	0.0	False	False	True	False	True	2	True	weak_pareto_reviewable_direct_conflicted	blocked_software_unavailable				
208|209	208	209	HIGH_RISK	near_Motif_C	True	1.0	0.0230421293526887	0.0072494448513113	0.0	9.322549149143043	27.447961079387124	92.4000015258789	False	1.0	0.077922	0.0	1.149584	0.0	0.0	0.458189	1.149584	0.735931	0.077922	0.0	0.0	0	0.0	0	0.442375	1.123327	0.739247	0.086022	0.0	0.0	0	0.0	0	0	0.0	0.457348	1.149584	0.735931	0.077922	0.0	0.0	0	none	0	none	0	none	none	max(insertion_type_count,local_deletion_type_count)	structural near-miss	2	AF_rSASA_ge_0.25;hexamer_rSASA_ge_0.25	False		intermediate	remains unresolved	unresolved_exact_subset_too_small	False	unchanged_or_unresolved	208|209	208	S	209	K	215|216	215	exact_aligned	high	A89 flanking residues align directly to adjacent EV-A71 2C residues	203:GKPFTS|KFVLAS:214	210:GVSFTS|KFVIAS:221	215	216	215-216	insertional_handle_SGRPGSLS	8	-5.611086	0.020459	-5.611086	direct_insert_strongly_deleterious	-4.90281	-4.803771	-4.969982	-5.015341;-4.851909	1AAdel_right_residue	-4.803771	deletion_context_strongly_deleterious	-2.627584	Bakhache_2024_NatMicrobiol_Dryad_10.5061_dryad.866t1g1xm_QVEU_eva71_dimple_c99331a6	direct_experiment_unfavorable	direct_experiment_unfavorable	208|209	208	209	exact_aligned	high	215	215,216	213-218	-2.827226518157895	0.182146663	0.05263157894736842	-2.427941698473685	0.683714633	0.05263157894736842	38	-2.627584108315789	-3.033430903	0.683714633	0.05263157894736842	114	-2.2825536275350875	-2.9961240205	1.874721412	0.14035087719298245	exact flank summaries	208	209	0	0.0	0	0	False	0	0.0	0	0	False	0	resolved_by_parsimony	False	direct_insert_strongly_deleterious		0.03181743691722863	0.011636972862460722	1.0	0.35554845661986345	0.439091734324364	1.0	0.08441229323135052	0.40809051696168275	0.6761197032729368	0.2891169458742633	0.3958481252324441	0.0	False	False	False	False	False	0	False	direct_homolog_strongly_unfavorable	blocked_software_unavailable				
209|210	209	210	EXCLUDE	Motif_C_region	False	0.0	0.031972799450159	0.0239655504624048	0.0	8.544297885702722	31.044222872402766	94.29000091552734	False	0.077922	0.805195	1.149584	0.711416	0.0	0.0	0.458189	1.149584	0.735931	0.077922	0.0	0.0	0	0.0	0	0.442375	1.123327	0.739247	0.086022	0.0	0.0	0	0.0	0	0	0.0	0.457348	1.149584	0.735931	0.077922	0.0	0.0	0	none	0	none	0	none	none	max(insertion_type_count,local_deletion_type_count)	background	4	AF_coil;hexamer_coil_fraction_ge_0.8;AF_rSASA_ge_0.25;hexamer_rSASA_ge_0.25	False		intermediate	weakens	unresolved_exact_subset_too_small	False	decreased_or_excluded; hard functional feature dominates	209|210	209	K	210	F	216|217	216	exact_aligned	high	A89 flanking residues align directly to adjacent EV-A71 2C residues	204:KPFTSK|FVLAST:215	211:VSFTSK|FVIAST:222	216	217	216-217	insertional_handle_SGRPGSLS	8	-5.898138	0.016768	-5.898138	direct_insert_strongly_deleterious	-4.803771	-4.650077	-4.88781	-4.851909;-5.024171	1AAdel_right_residue	-4.650077	deletion_context_strongly_deleterious	-2.584769	Bakhache_2024_NatMicrobiol_Dryad_10.5061_dryad.866t1g1xm_QVEU_eva71_dimple_c99331a6	direct_experiment_unfavorable	direct_experiment_unfavorable	209|210	209	210	exact_aligned	high	216	216,217	214-219	-2.427941698473685	0.683714633	0.05263157894736842	-2.741595633842105	0.459015343	0.05263157894736842	38	-2.584768666157894	-3.0245807410000003	0.683714633	0.05263157894736842	114	-2.1588082304999996	-2.9621321185	1.877549844	0.16666666666666666	exact flank summaries	209	210	0	0.0	0	0	False	0	0.0	0	0	False	0	resolved_by_parsimony	True	direct_insert_strongly_deleterious		0.044149241331028814	0.03847004371851893	1.0	0.3148339519999936	0.5206074290842406	0.0	0.05039856241072664	0.4665191516068982	0.6771821362384629	0.2891169458742633	0.3958481252324441	0.0	False	False	False	False	False	0	False	hard_excluded	blocked_software_unavailable				
210|211	210	211	EXCLUDE	Motif_C_region	False	0.0	0.0	0.0	0.0	8.544297885702722	29.30911228043765	95.62999725341795	False	0.805195	0.987013	0.711416	0.100001	0.0	0.0	0.443707	1.149584	0.738095	0.077922	0.0	0.0	0	0.0	0	0.429891	1.123327	0.741039	0.086022	0.0	0.0	0	0.0	0	0	0.0	0.442866	1.149584	0.738095	0.077922	0.0	0.0	0	none	0	none	0	none	none	max(insertion_type_count,local_deletion_type_count)	background	4	AF_coil;hexamer_coil_fraction_ge_0.8;AF_rSASA_ge_0.25;hexamer_rSASA_ge_0.25	False		intermediate	weakens	unresolved_exact_subset_too_small	False	decreased_or_excluded; hard functional feature dominates	210|211	210	F	211	V	217|218	217	exact_aligned	high	A89 flanking residues align directly to adjacent EV-A71 2C residues	205:PFTSKF|VLASTN:216	212:SFTSKF|VIASTN:223	217	218	217-218	insertional_handle_SGRPGSLS	8	-5.956871	0.016099	-5.956871	direct_insert_strongly_deleterious	-4.650077	-1.141651	-5.028557	-5.024171;-4.741604	1AAdel_right_residue	-1.141651	deletion_context_strongly_deleterious	-2.52948	Bakhache_2024_NatMicrobiol_Dryad_10.5061_dryad.866t1g1xm_QVEU_eva71_dimple_c99331a6	direct_experiment_unfavorable	direct_experiment_unfavorable	210|211	210	211	exact_aligned	high	217	217,218	215-220	-2.741595633842105	0.459015343	0.05263157894736842	-2.3173638189999997	0.977467477	0.15789473684210525	38	-2.529479726421053	-2.9984564000000002	0.977467477	0.10526315789473684	114	-2.4507878525087716	-3.016156204	1.877549844	0.10526315789473684	exact flank summaries	210	211	0	0.0	0	0	False	0	0.0	0	0	False	0	resolved_by_parsimony	True	direct_insert_strongly_deleterious		0.0	0.0	1.0	0.3148339519999936	0.4812780494311943	0.0	0.04423351610376444	0.32865567492855907	0.6771821362384629	0.2790010694245853	0.3925224452661313	0.0	False	False	False	False	False	0	False	hard_excluded	blocked_software_unavailable				
211|212	211	212	EXCLUDE	Motif_C_region	False	0.0	0.0	0.0	0.0	9.96772276626514	29.30911228043765	95.6500015258789	False	0.987013	0.792208	0.100001	0.737241	0.0	0.0	0.416917	1.149584	0.74026	0.077922	0.0	0.0	0	0.0	0	0.404757	1.123327	0.74328	0.086022	0.0	0.0	0	0.0	0	0	0.0	0.416917	1.149584	0.74026	0.077922	0.0	0.0	0	none	0	none	0	none	none	max(insertion_type_count,local_deletion_type_count)	background	4	AF_coil;hexamer_coil_fraction_ge_0.8;AF_rSASA_ge_0.25;hexamer_rSASA_ge_0.25	False		intermediate	weakens	unresolved_exact_subset_too_small	False	decreased_or_excluded; hard functional feature dominates	211|212	211	V	212	L	218|219	218	exact_aligned	high	A89 flanking residues align directly to adjacent EV-A71 2C residues	206:FTSKFV|LASTNH:217	213:FTSKFV|IASTNA:224	218	219	218-219	insertional_handle_SGRPGSLS	8	-5.84774	0.017364	-5.847740	direct_insert_strongly_deleterious	-1.141651	-4.88781	-4.927321	-4.741604;-5.054477	1AAdel_left_residue	-1.141651	deletion_context_strongly_deleterious	-2.134939	Bakhache_2024_NatMicrobiol_Dryad_10.5061_dryad.866t1g1xm_QVEU_eva71_dimple_c99331a6	direct_experiment_unfavorable	direct_experiment_unfavorable	211|212	211	212	exact_aligned	high	218	218,219	216-221	-2.3173638189999997	0.977467477	0.15789473684210525	-1.952514656842105	1.877549844	0.21052631578947367	38	-2.134939237921053	-2.941671806	1.877549844	0.18421052631578946	114	-2.399582385605264	-3.000966457	1.877549844	0.11403508771929824	exact flank summaries	211	212	0	0.0	0	0	False	0	0.0	0	0	False	0	resolved_by_parsimony	True	direct_insert_strongly_deleterious		0.0	0.0	1.0	0.38930095462265035	0.4812780494311943	0.0	0.05589089066027739	0.35283326528122805	0.6771821362384629	0.26087533554855336	0.38919522847913146	0.0	False	False	False	False	False	0	False	hard_excluded	blocked_software_unavailable				
212|213	212	213	EXCLUDE	Motif_C_region	False	0.0	0.000865196227096	0.0011739726881087	0.0	9.96772276626514	29.523206152523425	94.6999969482422	False	0.792208	0.233766	0.737241	0.784519	0.0	0.0	0.573147	1.874758	0.67316	0.077922	0.0	0.0	0	0.0	0	0.555445	1.808259	0.676075	0.086022	0.0	0.0	0	0.0	0	0	0.0	0.573147	1.874758	0.67316	0.077922	0.0	0.0	0	none	0	none	0	none	none	max(insertion_type_count,local_deletion_type_count)	background	4	AF_coil;hexamer_coil_fraction_ge_0.8;AF_rSASA_ge_0.25;hexamer_rSASA_ge_0.25	False		variable	weakens	unresolved_exact_subset_too_small	False	decreased_or_excluded; hard functional feature dominates	212|213	212	L	213	A	219|220	219	exact_aligned	high	A89 flanking residues align directly to adjacent EV-A71 2C residues	207:TSKFVL|ASTNHT:218	214:TSKFVI|ASTNAS:225	219	220	219-220	insertional_handle_SGRPGSLS	8	-5.33426	0.024787	-5.334260	direct_insert_strongly_deleterious	-4.88781	-4.946507	-4.912687	-5.054477;-4.965331	1AAdel_left_residue	-4.88781	deletion_context_strongly_deleterious	-2.1953	Bakhache_2024_NatMicrobiol_Dryad_10.5061_dryad.866t1g1xm_QVEU_eva71_dimple_c99331a6	direct_experiment_unfavorable	direct_experiment_unfavorable	212|213	212	213	exact_aligned	high	219	219,220	217-222	-1.952514656842105	1.877549844	0.21052631578947367	-2.438084788736842	1.475638828	0.10526315789473684	38	-2.1952997227894735	-2.9877226145	1.877549844	0.15789473684210525	114	-2.429882182614035	-3.039771611	1.877549844	0.12280701754385964	exact flank summaries	212	213	0	0.0	0	0	False	0	0.0	0	0	False	0	resolved_by_parsimony	True	direct_insert_strongly_deleterious		0.0011946954187825104	0.0018844875149743193	1.0	0.38930095462265035	0.48613086931232696	0.0	0.12429618025157813	0.3385266663153877	0.6771821362384629	0.37000414218666944	0.4923158965658205	0.0	False	False	False	False	False	0	False	hard_excluded	blocked_software_unavailable				
213|214	213	214	EXCLUDE	Motif_C_region	False	0.0	0.0	0.0006952040538352	0.0	7.553921567998839	28.319143889141884	94.41999816894533	False	0.233766	1.0	0.784519	0.0	0.0	0.0	0.571086	1.874758	0.728355	0.077922	0.0	0.0	0	0.0	0	0.547487	1.808259	0.733871	0.091398	0.0	0.0	0	0.0	0	0	0.0	0.571086	1.874758	0.728355	0.077922	0.0	0.0	0	none	0	none	0	none	none	max(insertion_type_count,local_deletion_type_count)	background	4	AF_coil;hexamer_coil_fraction_ge_0.8;AF_rSASA_ge_0.25;hexamer_rSASA_ge_0.25	False		intermediate	weakens	unresolved_exact_subset_too_small	False	decreased_or_excluded; hard functional feature dominates	213|214	213	A	214	S	220|221	220	exact_aligned	high	A89 flanking residues align directly to adjacent EV-A71 2C residues	208:SKFVLA|STNHTL:219	215:SKFVIA|STNASN:226	220	221	220-221	insertional_handle_SGRPGSLS	8	-5.176226	0.027657	-5.176226	direct_insert_strongly_deleterious	-4.946507	-4.792752	-4.951246	-4.965331;-4.836119	1AAdel_right_residue	-4.792752	deletion_context_strongly_deleterious	-2.479039	Bakhache_2024_NatMicrobiol_Dryad_10.5061_dryad.866t1g1xm_QVEU_eva71_dimple_c99331a6	direct_experiment_unfavorable	direct_experiment_unfavorable	213|214	213	214	exact_aligned	high	220	220,221	218-223	-2.438084788736842	1.475638828	0.10526315789473684	-2.519993716736842	0.414082704	0.10526315789473684	38	-2.4790392527368414	-3.0638521955	1.475638828	0.10526315789473684	114	-2.4731937014385967	-3.1389245545	1.877549844	0.11403508771929824	exact flank summaries	213	214	0	0.0	0	0	False	0	0.0	0	0	False	0	resolved_by_parsimony	True	direct_insert_strongly_deleterious		0.0	0.0011159572731820355	1.0	0.26302204618397873	0.4588386482275566	0.0	0.1507441367552873	0.31807634678865715	0.6771821362384629	0.3685645053020688	0.40749107875591295	0.0	False	False	False	False	False	0	False	hard_excluded	blocked_software_unavailable				
214|215	214	215	EXCLUDE	Motif_C_region	False	0.0	0.0	0.0	0.0	7.553921567998839	27.902900752784983	93.08000183105467	False	1.0	1.0	0.0	0.0	0.0	0.0	0.571086	1.874758	0.728355	0.077922	0.0	0.0	0	0.0	0	0.547487	1.808259	0.733871	0.091398	0.0	0.0	0	0.0	0	0	0.0	0.571086	1.874758	0.728355	0.077922	0.0	0.0	0	none	0	none	0	none	none	max(insertion_type_count,local_deletion_type_count)	background	4	AF_coil;hexamer_coil_fraction_ge_0.8;AF_rSASA_ge_0.25;hexamer_rSASA_ge_0.25	False		intermediate	weakens	unresolved_exact_subset_too_small	False	decreased_or_excluded; hard functional feature dominates	214|215	214	S	215	T	221|222	221	exact_aligned	high	A89 flanking residues align directly to adjacent EV-A71 2C residues	209:KFVLAS|TNHTLL:220	216:KFVIAS|TNASNI:227	221	222	221-222	insertional_handle_SGRPGSLS	8	-4.825647	0.035264	-4.825647	direct_insert_strongly_deleterious	-4.792752	-4.917589	-5.015341	-4.836119;-4.610984	3AAdel_spanning_option_2	-4.610984	deletion_context_strongly_deleterious	-2.564867	Bakhache_2024_NatMicrobiol_Dryad_10.5061_dryad.866t1g1xm_QVEU_eva71_dimple_c99331a6	direct_experiment_unfavorable	direct_experiment_unfavorable	214|215	214	215	exact_aligned	high	221	221,222	219-224	-2.519993716736842	0.414082704	0.10526315789473684	-2.609740480526316	0.81773716	0.10526315789473684	38	-2.5648670986315794	-3.1595996925	0.81773716	0.10526315789473684	114	-2.429151652280702	-3.161116726	1.877549844	0.11403508771929824	exact flank summaries	214	215	0	0.0	0	0	False	0	0.0	0	0	False	0	resolved_by_parsimony	True	direct_insert_strongly_deleterious		0.0	0.0	1.0	0.26302204618397873	0.44940375432882546	0.0	0.22084504446389897	0.33887159946818585	0.6771821362384629	0.3685645053020688	0.40749107875591295	0.0	False	False	False	False	False	0	False	hard_excluded	blocked_software_unavailable				
215|216	215	216	EXCLUDE	Motif_C_region	False	0.0	0.0	0.0	0.0751113823859132	5.538200907625518	27.902900752784983	91.01000213623048	False	1.0	1.0	0.0	0.0	0.0	0.0	0.58646	1.874758	0.732684	0.12987	0.0	0.0	0	0.0	0	0.565646	1.808259	0.740143	0.166667	0.0	0.0	0	0.0	0	0	0.0	0.58646	1.874758	0.732684	0.12987	0.0	0.0	0	none	0	none	0	none	none	max(insertion_type_count,local_deletion_type_count)	background	4	AF_coil;hexamer_coil_fraction_ge_0.8;AF_rSASA_ge_0.25;hexamer_rSASA_ge_0.25	False		intermediate	weakens	unresolved_exact_subset_too_small	False	decreased_or_excluded; hard functional feature dominates	215|216	215	T	216	N	222|223	222	exact_aligned	high	A89 flanking residues align directly to adjacent EV-A71 2C residues	210:FVLAST|NHTLLT:221	217:FVIAST|NASNII:228	222	223	222-223	insertional_handle_SGRPGSLS	8	-5.913148	0.016595	-5.913148	direct_insert_strongly_deleterious	-4.917589	-4.90281	-4.88276	-4.610984;-4.936960	3AAdel_spanning_option_1	-4.610984	deletion_context_strongly_deleterious	-2.805603	Bakhache_2024_NatMicrobiol_Dryad_10.5061_dryad.866t1g1xm_QVEU_eva71_dimple_c99331a6	direct_experiment_unfavorable	direct_experiment_unfavorable	215|216	215	216	exact_aligned	high	222	222,223	220-225	-2.609740480526316	0.81773716	0.10526315789473684	-3.001464746789474	-0.367025741	0.0	38	-2.805602613657895	-3.2097898385	0.81773716	0.05263157894736842	114	-2.2621786141315785	-2.960872393	2.242158122	0.14035087719298245	exact flank summaries	215	216	0	0.0	0	0	False	0	0.0	0	0	False	0	resolved_by_parsimony	True	direct_insert_strongly_deleterious		0.0	0.0	0.9248886176140868	0.1575688693059304	0.44940375432882546	0.0	0.0488043127678201	0.4177109492570952	0.814138532591958	0.379303456036591	0.4008381820026003	0.0	False	False	False	False	False	0	False	hard_excluded	blocked_software_unavailable				
216|217	216	217	EXCLUDE	Motif_C_region	True	1.0	0.3227745592594147	0.3061352102165548	0.0751113823859132	5.538200907625518	24.56713399674545	86.62999725341797	True	1.0	0.909091	0.0	0.439497	0.0	0.0	0.527175	1.874758	0.748918	0.12987	0.0	0.0	0	0.0	0	0.51045	1.808259	0.75448	0.166667	0.0	0.0	0	0.0	0	0	0.0	0.527175	1.874758	0.748918	0.12987	0.0	0.0	0	none	0	none	0	none	none	max(insertion_type_count,local_deletion_type_count)	strict structural pass	0	none	False		intermediate	weakens	unresolved_exact_subset_too_small	True	decreased_or_excluded; hard functional feature dominates	216|217	216	N	217	H	223|224	223	exact_aligned	high	A89 flanking residues align directly to adjacent EV-A71 2C residues	211:VLASTN|HTLLTP:222	218:VIASTN|ASNIIV:229	223	224	223-224	insertional_handle_SGRPGSLS	8	-5.827659	0.017608	-5.827659	direct_insert_strongly_deleterious	-4.90281	-4.877683	-5.075574	-4.936960;-4.830800	3AAdel_spanning_option_2	-4.8308	deletion_context_strongly_deleterious	-2.527288	Bakhache_2024_NatMicrobiol_Dryad_10.5061_dryad.866t1g1xm_QVEU_eva71_dimple_c99331a6	experimental_conflict	experimental_conflict	216|217	216	217	exact_aligned	high	223	223,224	221-226	-3.001464746789474	-0.367025741	0.0	-2.0531115240526314	1.577143113	0.15789473684210525	38	-2.5272881354210526	-3.2077911095	1.577143113	0.07894736842105263	114	-2.1102089392807017	-2.8996730335	2.242158122	0.16666666666666666	exact flank summaries	216	217	0	0.0	0	0	False	0	0.0	0	0	False	0	resolved_by_parsimony	True	direct_insert_strongly_deleterious		0.4456992242569956	0.49141516441626065	0.9248886176140868	0.1575688693059304	0.37379264470283624	1.0	0.0581394277288854	0.48946618881963283	0.814138532591958	0.3378920670489399	0.3758894349725063	0.0	False	False	False	False	False	0	False	hard_excluded	blocked_software_unavailable				
217|218	217	218	HIGH_RISK	near_Motif_C	True	1.0	0.3455619812011719	0.329343665213812	0.0	7.911072576653654	24.56713399674545	83.30000305175781	True	0.909091	0.194805	0.439497	1.874758	0.0	0.0	0.518842	1.874758	0.75	0.12987	0.0	0.0	0	0.0	0	0.503305	1.808259	0.755376	0.166667	0.0	0.0	0	0.0	0	0	0.0	0.518842	1.874758	0.75	0.12987	0.0	0.0	0	none	0	none	0	none	none	max(insertion_type_count,local_deletion_type_count)	strict structural pass	0	none	False		intermediate	remains unresolved	unresolved_exact_subset_too_small	True	unchanged_or_unresolved	217|218	217	H	218	T	224|225	224	exact_aligned	high	A89 flanking residues align directly to adjacent EV-A71 2C residues	212:LASTNH|TLLTPP:223	219:IASTNA|SNIIVP:230	224	225	224-225	insertional_handle_SGRPGSLS	8	-5.86352	0.017175	-5.863520	direct_insert_strongly_deleterious	-4.877683	-5.019766	-5.075574	-4.830800;-5.071390	3AAdel_spanning_option_1	-4.8308	deletion_context_strongly_deleterious	-1.501894	Bakhache_2024_NatMicrobiol_Dryad_10.5061_dryad.866t1g1xm_QVEU_eva71_dimple_c99331a6	experimental_conflict	experimental_conflict	217|218	217	218	exact_aligned	high	224	224,225	222-227	-2.0531115240526314	1.577143113	0.15789473684210525	-0.9506764279473684	2.242158122	0.3684210526315789	38	-1.5018939759999999	-2.276203943	2.242158122	0.2631578947368421	114	-2.192163025149123	-2.9459724065	2.242158122	0.14912280701754385	exact flank summaries	217	218	0	0.0	0	0	False	0	0.0	0	0	False	0	resolved_by_parsimony	False	direct_insert_strongly_deleterious		0.4771649516227492	0.528669901368135	1.0	0.28170653418286357	0.37379264470283624	1.0	0.05414919596369165	0.45077008007038505	0.814138532591958	0.33207135178480746	0.3742265949893498	0.0	False	False	False	False	False	0	False	direct_homolog_strongly_unfavorable	blocked_software_unavailable				
218|219	218	219	HIGH_RISK	near_Motif_C	True	1.0	0.5728961825370789	0.6229665512666971	0.0	9.89547660601859	28.688348824309667	76.91999816894531	True	0.194805	0.74026	1.874758	1.056012	0.0	0.0	0.457405	1.874758	0.767316	0.12987	0.0	0.0	0	0.0	0	0.441566	1.808259	0.772849	0.166667	0.0	0.0	0	0.0	0	0	0.0	0.457405	1.874758	0.767316	0.12987	0.0	0.0	0	none	0	none	0	none	none	max(insertion_type_count,local_deletion_type_count)	strict structural pass	0	none	False		intermediate	remains unresolved	unresolved_exact_subset_too_small	True	unchanged_or_unresolved	218|219	218	T	219	L	225|226	225	exact_aligned	high	A89 flanking residues align directly to adjacent EV-A71 2C residues	213:ASTNHT|LLTPPT:224	220:ASTNAS|NIIVPT:231	225	226	225-226	insertional_handle_SGRPGSLS	8	-5.760548	0.018446	-5.760548	direct_insert_strongly_deleterious	-5.019766	-4.729874	-4.8308	-5.071390;-4.897835	1AAdel_right_residue	-4.729874	deletion_context_strongly_deleterious	-1.238472	Bakhache_2024_NatMicrobiol_Dryad_10.5061_dryad.866t1g1xm_QVEU_eva71_dimple_c99331a6	experimental_conflict	experimental_conflict	218|219	218	219	exact_aligned	high	225	225,226	223-228	-0.9506764279473684	2.242158122	0.3684210526315789	-1.5262667396315788	1.513278381	0.2631578947368421	38	-1.2384715837894738	-0.9989876344999999	2.242158122	0.3157894736842105	114	-2.2285912610175442	-2.9303724795	2.242158122	0.14035087719298245	exact flank summaries	218	219	0	0.0	0	0	False	0	0.0	0	0	False	0	resolved_by_parsimony	False	direct_insert_strongly_deleterious		0.7910765480477454	1.0	1.0	0.38552136984931756	0.46720733730837566	1.0	0.06586186241533429	0.43356982749273004	0.814138532591958	0.2891567611592814	0.34761500797609934	0.0	True	True	True	True	True	5	True	pareto_reviewable_direct_conflicted	blocked_software_unavailable				
219|220	219	220	HIGH_RISK	near_Motif_C	True	1.0	0.0625561103224754	0.0493517356923168	0.0	12.287347589430668	27.83058000197886	74.80999755859375	False	0.74026	1.0	1.056012	0.0	0.0	0.0	0.420923	1.874758	0.753247	0.064935	0.0	0.0	0	0.0	0	0.41026	1.808259	0.760753	0.075269	0.0	0.0	0	0.0	0	0	0.0	0.420923	1.874758	0.753247	0.064935	0.0	0.0	0	none	0	none	0	none	none	max(insertion_type_count,local_deletion_type_count)	structural near-miss	2	AF_rSASA_ge_0.25;hexamer_rSASA_ge_0.25	False		intermediate	remains unresolved	unresolved_exact_subset_too_small	False	unchanged_or_unresolved	219|220	219	L	220	L	226|227	226	exact_aligned	high	A89 flanking residues align directly to adjacent EV-A71 2C residues	214:STNHTL|LTPPTV:225	221:STNASN|IIVPTV:232	226	227	226-227	insertional_handle_SGRPGSLS	8	-5.935248	0.016342	-5.935248	direct_insert_strongly_deleterious	-4.729874	-4.907761	-4.88781	-4.897835;-4.997444	1AAdel_left_residue	-4.729874	deletion_context_strongly_deleterious	-2.268992	Bakhache_2024_NatMicrobiol_Dryad_10.5061_dryad.866t1g1xm_QVEU_eva71_dimple_c99331a6	direct_experiment_unfavorable	direct_experiment_unfavorable	219|220	219	220	exact_aligned	high	226	226,227	224-229	-1.5262667396315788	1.513278381	0.2631578947368421	-3.0117182319473685	-0.499841447	0.0	38	-2.268992485789474	-2.99334083	1.513278381	0.13157894736842105	114	-2.1750623668508773	-2.8552366575	2.242158122	0.14035087719298245	exact flank summaries	219	220	0	0.0	0	0	False	0	0.0	0	0	False	0	resolved_by_parsimony	False	direct_insert_strongly_deleterious		0.08637982469013034	0.07922052250151858	1.0	0.5106529909324249	0.44776447538117875	1.0	0.04647283785651752	0.45884446618769303	0.814138532591958	0.26367358172017397	0.36923653821919367	0.0	False	False	False	False	False	0	False	direct_homolog_strongly_unfavorable	blocked_software_unavailable				
220|221	220	221	HIGH_RISK	near_Motif_C	True	1.0	0.0625561103224754	0.0493517356923168	0.0	12.62011071164616	24.040296192295177	73.88999938964844	False	1.0	0.12987	0.0	1.334077	0.0	0.0	0.475932	1.874758	0.684168	0.064935	0.0	0.0	0	0.0	0	0.474514	1.808259	0.694177	0.075269	0.0	0.0	0	0.0	0	0	0.0	0.479222	1.874758	0.684168	0.064935	0.0	0.0	0	none	0	none	0	none	none	max(insertion_type_count,local_deletion_type_count)	structural near-miss	2	AF_rSASA_ge_0.25;hexamer_rSASA_ge_0.25	False		variable	supports	unresolved_exact_subset_too_small	False	outside_strict_review_only; near-miss plus V2 evolutionary support	220|221	220	L	221	T	227|228	227	exact_aligned	high	A89 flanking residues align directly to adjacent EV-A71 2C residues	215:TNHTLL|TPPTVS:226	222:TNASNI|IVPTVS:233	227	228	227-228	insertional_handle_SGRPGSLS	8	-5.729709	0.018845	-5.729709	direct_insert_strongly_deleterious	-4.907761	-4.792752	-4.992919	-4.997444;-4.927321	1AAdel_right_residue	-4.792752	deletion_context_strongly_deleterious	-2.920014	Bakhache_2024_NatMicrobiol_Dryad_10.5061_dryad.866t1g1xm_QVEU_eva71_dimple_c99331a6	direct_experiment_unfavorable	direct_experiment_unfavorable	220|221	220	221	exact_aligned	high	227	227,228	225-230	-3.0117182319473685	-0.499841447	0.0	-2.8283098957368424	0.002783359	0.05263157894736842	38	-2.9200140638421055	-3.2909294595	0.002783359	0.02631578947368421	114	-2.3273549838596486	-2.9057974275	2.242158122	0.11403508771929824	exact flank summaries	220	221	0	0.0	0	0	False	0	0.0	0	0	False	0	resolved_by_parsimony	False	direct_insert_strongly_deleterious		0.08637982469013034	0.07922052250151858	1.0	0.5280616175716849	0.3618509251820446	1.0	0.06953877344145971	0.3869367436253246	0.814138532591958	0.3043962361283896	0.47539857444513084	0.0	False	False	False	False	False	0	False	direct_homolog_strongly_unfavorable	blocked_software_unavailable				
221|222	221	222	HIGH_RISK	near_Motif_C	True	1.0	0.0365014858543872	0.0237008903011585	0.0	10.157283650529616	23.15840108073329	70.05000305175781	False	0.12987	1.0	1.334077	0.0	0.0	0.0	0.5419	1.874758	0.669016	0.064935	0.0	0.0	0	0.0	0	0.534071	1.808259	0.681184	0.075269	0.0	0.0	0	0.0	0	0	0.0	0.54519	1.874758	0.669016	0.064935	0.0	0.0	0	none	0	none	0	none	none	max(insertion_type_count,local_deletion_type_count)	structural near-miss	2	AF_rSASA_ge_0.25;hexamer_rSASA_ge_0.25	False		variable	supports	unresolved_exact_subset_too_small	False	outside_strict_review_only; near-miss plus V2 evolutionary support	221|222	221	T	222	P	228|229	228	exact_aligned	high	A89 flanking residues align directly to adjacent EV-A71 2C residues	216:NHTLLT|PPTVSS:227	223:NASNII|VPTVSD:234	228	229	228-229	insertional_handle_SGRPGSLS	8	-5.790465	0.018067	-5.790465	direct_insert_strongly_deleterious	-4.792752	-4.681526	-5.163455	-4.927321;-5.019766	1AAdel_right_residue	-4.681526	deletion_context_strongly_deleterious	-2.754301	Bakhache_2024_NatMicrobiol_Dryad_10.5061_dryad.866t1g1xm_QVEU_eva71_dimple_c99331a6	direct_experiment_unfavorable	direct_experiment_unfavorable	221|222	221	222	exact_aligned	high	228	228,229	226-231	-2.8283098957368424	0.002783359	0.05263157894736842	-2.6802913817894733	-0.19448464	0.0	38	-2.7543006387631577	-2.9258731115	0.002783359	0.02631578947368421	114	-2.5402108438157898	-2.9586759565	1.513278381	0.06140350877192982	exact flank summaries	221	222	0	0.0	0	0	False	0	0.0	0	0	False	0	resolved_by_parsimony	False	direct_insert_strongly_deleterious		0.05040262146699392	0.03804520524090218	1.0	0.3992179028637815	0.3418611978312935	1.0	0.06236925770630788	0.2864329869486697	0.5403522563998719	0.3504757926559659	0.49868448149206834	0.0	False	False	False	False	False	0	False	direct_homolog_strongly_unfavorable	blocked_software_unavailable				
222|223	222	223	HIGH_RISK	near_Motif_C	True	1.0	0.0365014858543872	0.0237008903011585	0.0	8.380347307243023	19.5885843042815	68.27999877929688	False	1.0	1.0	0.0	0.0	0.0	0.0	0.604528	1.874758	0.653865	0.064935	0.0	0.0	0	0.0	0	0.590812	1.808259	0.668191	0.075269	0.0	0.0	0	0.0	0	0	0.0	0.607818	1.874758	0.653865	0.064935	0.0	0.0	0	none	0	none	0	none	none	max(insertion_type_count,local_deletion_type_count)	structural near-miss	2	AF_rSASA_ge_0.25;hexamer_rSASA_ge_0.25	False		variable	supports	unresolved_exact_subset_too_small	False	outside_strict_review_only; near-miss plus V2 evolutionary support	222|223	222	P	223	P	229|230	229	exact_aligned	high	A89 flanking residues align directly to adjacent EV-A71 2C residues	217:HTLLTP|PTVSSL:228	224:ASNIIV|PTVSDS:235	229	230	229-230	insertional_handle_SGRPGSLS	8	-5.871317	0.017083	-5.871317	direct_insert_strongly_deleterious	-4.681526	-4.809236	-4.992919	-5.019766;-4.836119	1AAdel_left_residue	-4.681526	deletion_context_strongly_deleterious	-2.823579	Bakhache_2024_NatMicrobiol_Dryad_10.5061_dryad.866t1g1xm_QVEU_eva71_dimple_c99331a6	direct_experiment_unfavorable	direct_experiment_unfavorable	222|223	222	223	exact_aligned	high	229	229,230	227-232	-2.6802913817894733	-0.19448464	0.0	-2.9668672261052635	-0.725248002	0.0	38	-2.8235793039473682	-3.218927079	-0.19448464	0.0	114	-2.7654690047192982	-3.1366475855	2.113160408	0.02631578947368421	exact flank summaries	222	223	0	0.0	0	0	False	0	0.0	0	0	False	0	resolved_by_parsimony	False	direct_insert_strongly_deleterious		0.05040262146699392	0.03804520524090218	1.0	0.3062568164427448	0.2609449265901177	1.0	0.05330138690503618	0.1800732588324609	0.7656836205307491	0.3942223131842379	0.5219688517183191	0.0	False	False	False	False	False	0	False	direct_homolog_strongly_unfavorable	blocked_software_unavailable				
223|224	223	224	CORE_CAUTION	A89_SF3_helicase_domain_by_PROSITE	True	1.0	0.3913344442844391	0.3593920996022778	0.1508818335767789	5.346008486982729	19.5885843042815	68.27999877929688	False	1.0	1.0	0.0	0.0	0.0	0.0	0.694327	1.874758	0.630055	0.064935	0.0	0.0	0	0.0	0	0.678349	1.808259	0.645341	0.075269	0.0	0.0	0	0.0	0	0	0.0	0.697617	1.874758	0.630055	0.064935	0.0	0.0	0	none	0	none	0	none	none	max(insertion_type_count,local_deletion_type_count)	structural near-miss	1	burial_lt_0.10	False		variable	supports	unresolved_exact_subset_too_small	True	outside_strict_review_only; near-miss plus V2 evolutionary support	223|224	223	P	224	T	230|231	230	exact_aligned	high	A89 flanking residues align directly to adjacent EV-A71 2C residues	218:TLLTPP|TVSSLP:229	225:SNIIVP|TVSDSD:236	230	231	230-231	insertional_handle_SGRPGSLS	8	-5.978036	0.015865	-5.978036	direct_insert_strongly_deleterious	-4.809236	-4.857117	-4.814671	-4.836119;-5.092138	1AAdel_left_residue	-4.809236	deletion_context_strongly_deleterious	-2.597339	Bakhache_2024_NatMicrobiol_Dryad_10.5061_dryad.866t1g1xm_QVEU_eva71_dimple_c99331a6	experimental_conflict	experimental_conflict	223|224	223	224	exact_aligned	high	230	230,231	228-233	-2.9668672261052635	-0.725248002	0.0	-2.22781158768421	1.315574011	0.05263157894736842	38	-2.5973394068947364	-3.053973148	1.315574011	0.02631578947368421	114	-2.6698148891140354	-3.062366153	2.215876217	0.043859649122807015	exact flank summaries	223	224	0	0.0	0	0	False	0	0.0	0	0	False	0	resolved_by_parsimony	False	direct_insert_strongly_deleterious		0.5403692863613742	0.5769043279635395	0.8491181664232211	0.14751425125934517	0.2609449265901177	1.0	0.04207713219370594	0.2252380852172869	0.8042663623333746	0.45694815141822753	0.558560552271882	0.0	False	False	False	False	False	0	False	conflict_control	blocked_software_unavailable				
224|225	224	225	CORE_CAUTION	A89_SF3_helicase_domain_by_PROSITE	True	1.0	0.1611832082271576	0.1407242616017659	0.1508818335767789	5.346008486982729	19.93901098037618	67.30000305175781	False	1.0	0.064935	0.0	0.346731	0.0	0.0	0.538097	1.517086	0.697155	0.064935	0.0	0.0	0	0.0	0	0.527661	1.473495	0.712546	0.075269	0.0	0.0	0	0.0	0	0	0.0	0.541387	1.517086	0.697155	0.064935	0.0	0.0	0	none	0	none	0	none	none	max(insertion_type_count,local_deletion_type_count)	background	3	AF_rSASA_ge_0.25;hexamer_rSASA_ge_0.25;burial_lt_0.10	False		variable	supports	unresolved_exact_subset_too_small	False	unchanged_or_unresolved	224|225	224	T	225	V	231|232	231	exact_aligned	high	A89 flanking residues align directly to adjacent EV-A71 2C residues	219:LLTPPT|VSSLPA:230	226:NIIVPT|VSDSDA:237	231	232	231-232	insertional_handle_SGRPGSLS	8	-3.51897	0.087234	-3.518970	direct_insert_strongly_deleterious	-4.857117	-4.846673	-4.951246	-5.092138;-5.240700	1AAdel_right_residue	-4.846673	deletion_context_strongly_deleterious	-2.552814	Bakhache_2024_NatMicrobiol_Dryad_10.5061_dryad.866t1g1xm_QVEU_eva71_dimple_c99331a6	direct_experiment_unfavorable	direct_experiment_unfavorable	224|225	224	225	exact_aligned	high	231	231,232	229-234	-2.22781158768421	1.315574011	0.05263157894736842	-2.877815705052632	2.113160408	0.05263157894736842	38	-2.552813646368421	-2.9654375845	2.113160408	0.05263157894736842	114	-2.568916531552632	-2.9958565295	2.215876217	0.043859649122807015	exact flank summaries	224	225	0	0.0	0	0	False	0	0.0	0	0	False	0	resolved_by_parsimony	False	direct_insert_strongly_deleterious		0.22256782267762487	0.22589376799705688	0.8491181664232211	0.14751425125934517	0.26888797289996347	1.0	0.6997650094456987	0.2728790756016479	0.8042663623333746	0.34781934478011134	0.45543988418519304	0.0	False	False	False	False	False	0	False	direct_homolog_strongly_unfavorable	blocked_software_unavailable				
225|226	225	226	CORE_CAUTION	A89_SF3_helicase_domain_by_PROSITE	True	1.0	0.1611832082271576	0.1407242616017659	0.2817002556671215	3.648734866222398	24.43571368428228	67.30000305175781	False	0.064935	0.171053	0.346731	0.660107	0.0	0.0	0.464578	1.517086	0.716635	0.064935	0.0	0.0	0	0.0	0	0.459704	1.473495	0.729123	0.075269	0.0	0.0	0	0.0	0	0	0.0	0.467868	1.517086	0.716635	0.064935	0.0	0.0	0	none	0	none	0	none	none	max(insertion_type_count,local_deletion_type_count)	background	4	AF_rSASA_ge_0.25;hexamer_rSASA_ge_0.25;burial_lt_0.10;interprotomer_distance_gt_4.5A	False		intermediate	remains unresolved	unresolved_exact_subset_too_small	False	unchanged_or_unresolved	225|226	225	V	226	S	232|233	232	exact_aligned	high	A89 flanking residues align directly to adjacent EV-A71 2C residues	220:LTPPTV|SSLPAM:231	227:IIVPTV|SDSDAI:238	232	233	232-233	insertional_handle_SGRPGSLS	8	-6.16529	0.013934	-6.165290	direct_insert_strongly_deleterious	-4.846673	-4.88276	-5.015341	-5.240700;-5.001948	1AAdel_left_residue	-4.846673	deletion_context_strongly_deleterious	-2.657805	Bakhache_2024_NatMicrobiol_Dryad_10.5061_dryad.866t1g1xm_QVEU_eva71_dimple_c99331a6	direct_experiment_unfavorable	direct_experiment_unfavorable	225|226	225	226	exact_aligned	high	232	232,233	230-235	-2.877815705052632	2.113160408	0.05263157894736842	-2.4377935383157894	2.215876217	0.10526315789473684	38	-2.6578046216842104	-3.1767550824999997	2.215876217	0.07894736842105263	114	-2.546735163035087	-2.9950710995	2.215876217	0.05263157894736842	exact flank summaries	225	226	0	0.0	0	0	False	0	0.0	0	0	False	0	resolved_by_parsimony	False	direct_insert_strongly_deleterious		0.22256782267762487	0.22589376799705688	0.7182997443328785	0.0587207498287768	0.37081376866639165	1.0	0.024282357277795697	0.2833524112415588	0.8042663623333746	0.29646531075829957	0.4255026172056296	0.0	False	False	False	False	False	0	False	direct_homolog_strongly_unfavorable	blocked_software_unavailable				
226|227	226	227	HIGH_RISK	near_R_finger	True	1.0	0.3065302073955536	0.3085397248627037	0.2817002556671215	3.648734866222398	27.06563007853281	68.68000030517578	False	0.171053	0.818182	0.660107	0.791615	0.0	0.0	0.497379	1.517086	0.634384	0.012987	0.0	0.0	0	0.0	0	0.497709	1.473495	0.64803	0.026882	0.0	0.0	0	0.0	0	0	0.0	0.500668	1.517086	0.634384	0.012987	0.0	0.0	0	none	0	none	0	none	none	max(insertion_type_count,local_deletion_type_count)	structural near-miss	2	burial_lt_0.10;interprotomer_distance_gt_4.5A	False		variable	supports	unresolved_exact_subset_too_small	False	outside_strict_review_only; near-miss plus V2 evolutionary support	226|227	226	S	227	S	233|234	233	exact_aligned	high	A89 flanking residues align directly to adjacent EV-A71 2C residues	221:TPPTVS|SLPAMA:232	228:IVPTVS|DSDAIR:239	233	234	233-234	insertional_handle_SGRPGSLS	8	-5.782008	0.018174	-5.782008	direct_insert_strongly_deleterious	-4.88276	-4.960658	-5.519939	-5.001948;-4.960658	1AAdel_left_residue	-4.88276	deletion_context_strongly_deleterious	-2.330357	Bakhache_2024_NatMicrobiol_Dryad_10.5061_dryad.866t1g1xm_QVEU_eva71_dimple_c99331a6	direct_experiment_unfavorable	direct_experiment_unfavorable	226|227	226	227	exact_aligned	high	233	233,234	231-236	-2.4377935383157894	2.215876217	0.10526315789473684	-2.2229197503684213	0.869161157	0.05263157894736842	38	-2.330356644342105	-2.9958565295	2.215876217	0.07894736842105263	114	-2.2544595485175436	-2.9151449935000002	2.215876217	0.11403508771929824	exact flank summaries	226	227	0	0.0	0	0	False	0	0.0	0	0	False	0	resolved_by_parsimony	False	direct_insert_strongly_deleterious		0.42326841359802514	0.4952749457179368	0.7182997443328785	0.0587207498287768	0.4304255195278199	1.0	0.06335529650278762	0.4213556461538776	0.8042663623333746	0.3193765624879943	0.5519076555185695	0.0	False	False	False	False	False	0	False	direct_homolog_strongly_unfavorable	blocked_software_unavailable				
227|228	227	228	HIGH_RISK	near_R_finger	False	0.0	0.3065302073955536	0.3085397248627037	0.2471590830727725	5.306798809096556	28.776294347519578	74.9800033569336	False	0.818182	0.818182	0.791615	0.751535	0.0	0.0	0.386205	1.517086	0.706895	0.012987	0.0	0.0	0	0.0	0	0.385939	1.473495	0.717474	0.026882	0.0	0.0	0	0.0	0	0	0.0	0.389495	1.517086	0.706895	0.012987	0.0	0.0	0	none	0	none	0	none	none	max(insertion_type_count,local_deletion_type_count)	background	3	AF_coil;hexamer_coil_fraction_ge_0.8;burial_lt_0.10	False		intermediate	remains unresolved	unresolved_exact_subset_too_small	False	unchanged_or_unresolved	227|228	227	S	228	L	234|235	234	exact_aligned	high	A89 flanking residues align directly to adjacent EV-A71 2C residues	222:PPTVSS|LPAMAR:233	229:VPTVSD|SDAIRR:240	234	235	234-235	insertional_handle_SGRPGSLS	8	-5.855661	0.017269	-5.855661	direct_insert_strongly_deleterious	-4.960658	-4.747418		-4.960658;-4.907761	1AAdel_right_residue	-4.747418	deletion_context_strongly_deleterious	-2.385061	Bakhache_2024_NatMicrobiol_Dryad_10.5061_dryad.866t1g1xm_QVEU_eva71_dimple_c99331a6	direct_experiment_unfavorable	direct_experiment_unfavorable	227|228	227	228	exact_aligned	high	234	234,235	232-237	-2.2229197503684213	0.869161157	0.05263157894736842	-2.547203170684211	1.55722255	0.05263157894736842	38	-2.3850614605263156	-2.746868417	1.55722255	0.05263157894736842	114	-2.353845941385965	-2.9194430755000003	2.215876217	0.10526315789473684	exact flank summaries	227	228	0	0.0	0	0	False	0	0.0	0	0	False	0	resolved_by_parsimony	False	direct_insert_strongly_deleterious		0.42326841359802514	0.4952749457179368	0.7528409169272274	0.14546298236145327	0.4692007796210014	0.0	0.05501543565405704	0.3744285573348222	0.8042663623333746	0.24172069088600184	0.44047125069541126	0.0	False	False	False	False	False	0	False	direct_homolog_strongly_unfavorable	blocked_software_unavailable				
228|229	228	229	HIGH_RISK	near_R_finger	False	0.0	0.334793359041214	0.3270184847450573	0.0142448995120638	5.371528666629427	28.776294347519578	77.36000061035156	False	0.818182	0.623377	0.751535	1.517086	0.0	0.0	0.386205	1.517086	0.706895	0.012987	0.0	0.0	0	0.0	0	0.385939	1.473495	0.717474	0.026882	0.0	0.0	0	0.0	0	0	0.0	0.389495	1.517086	0.706895	0.012987	0.0	0.0	0	none	0	none	0	none	none	max(insertion_type_count,local_deletion_type_count)	structural near-miss	2	AF_coil;hexamer_coil_fraction_ge_0.8	False		intermediate	remains unresolved	unresolved_exact_subset_too_small	False	unchanged_or_unresolved	228|229	228	L	229	P	235|236	235	exact_aligned	high	A89 flanking residues align directly to adjacent EV-A71 2C residues	223:PTVSSL|PAMARR:234	230:PTVSDS|DAIRRR:241	235	236	235-236	insertional_handle_SGRPGSLS	8	-5.769187	0.018336	-5.769187	direct_insert_strongly_deleterious	-4.747418	-4.675315	-5.599673	-4.907761;-5.050203	1AAdel_right_residue	-4.675315	deletion_context_strongly_deleterious	-1.880208	Bakhache_2024_NatMicrobiol_Dryad_10.5061_dryad.866t1g1xm_QVEU_eva71_dimple_c99331a6	direct_experiment_unfavorable	direct_experiment_unfavorable	228|229	228	229	exact_aligned	high	235	235,236	233-238	-2.547203170684211	1.55722255	0.05263157894736842	-1.2132135389999998	1.585523055	0.3684210526315789	38	-1.8802083548421054	-2.3009903955	1.585523055	0.21052631578947367	114	-2.262382815403509	-2.7659158919999998	2.215876217	0.12280701754385964	exact flank summaries	228	229	0	0.0	0	0	False	0	0.0	0	0	False	0	resolved_by_parsimony	False	direct_insert_strongly_deleterious		0.46229523402783645	0.5249374690826025	0.9857551004879362	0.14884934895971025	0.4692007796210014	0.0	0.0648481776712897	0.41761453192119763	0.8042663623333746	0.24172069088600184	0.44047125069541126	0.0	False	False	False	False	False	0	False	direct_homolog_strongly_unfavorable	blocked_software_unavailable				
229|230	229	230	HIGH_RISK	near_R_finger	False	0.0	0.263437420129776	0.1157190436232613	0.8793153351742518	2.7417936432646832	33.572041567180634	77.36000061035156	False	0.623377	1.0	1.517086	0.0	0.0	0.0	0.400687	1.517086	0.704731	0.012987	0.0	0.0	0	0.0	0	0.398423	1.473495	0.715682	0.026882	0.0	0.0	0	0.0	0	0	0.0	0.403977	1.517086	0.704731	0.012987	0.0	0.0	0	none	0	none	0	none	none	max(insertion_type_count,local_deletion_type_count)	background	5	AF_coil;hexamer_coil_fraction_ge_0.8;hexamer_rSASA_ge_0.25;burial_lt_0.10;interprotomer_distance_gt_4.5A	False		intermediate	remains unresolved	unresolved_exact_subset_too_small	False	unchanged_or_unresolved	229|230	229	P	230	A	236|237	236	exact_aligned	high	A89 flanking residues align directly to adjacent EV-A71 2C residues	224:TVSSLP|AMARRF:235	231:TVSDSD|AIRRRF:242	236	237	236-237	insertional_handle_SGRPGSLS	8	-5.606036	0.020531	-5.606036	direct_insert_strongly_deleterious	-4.675315	-4.643667	-5.159624	-5.050203;-4.857117	1AAdel_right_residue	-4.643667	deletion_context_strongly_deleterious	-2.018672	Bakhache_2024_NatMicrobiol_Dryad_10.5061_dryad.866t1g1xm_QVEU_eva71_dimple_c99331a6	direct_experiment_unfavorable	direct_experiment_unfavorable	229|230	229	230	exact_aligned	high	236	236,237	234-239	-1.2132135389999998	1.585523055	0.3684210526315789	-2.824129944894737	-0.06360158	0.0	38	-2.0186717419473683	-2.6364201485	1.585523055	0.18421052631578946	114	-2.2539203849122806	-2.715991289	1.585523055	0.11403508771929824	exact flank summaries	229	230	0	0.0	0	0	False	0	0.0	0	0	False	0	resolved_by_parsimony	False	direct_insert_strongly_deleterious		0.36376427578897136	0.18575482646374222	0.12068466482574824	0.011273782060514504	0.5779049532889604	0.0	0.08507579597290697	0.4216102220335523	0.5674892436922259	0.25183656733567983	0.4437969306617242	0.0	False	False	False	False	False	0	False	direct_homolog_strongly_unfavorable	blocked_software_unavailable				
230|231	230	231	HIGH_RISK	near_R_finger	False	0.0	0.0350615456700325	0.0240411504748321	0.8793153351742518	2.7417936432646832	28.62114514624509	80.7300033569336	False	1.0	0.974026	0.0	0.173781	0.0	0.0	0.464153	1.517086	0.639796	0.012987	0.0	0.0	0	0.0	0	0.463429	1.473495	0.651614	0.026882	0.0	0.0	0	0.0	0	0	0.0	0.466443	1.517086	0.639255	0.012987	0.0	0.0	0	none	0	none	0	none	none	max(insertion_type_count,local_deletion_type_count)	background	6	AF_coil;hexamer_coil_fraction_ge_0.8;AF_rSASA_ge_0.25;hexamer_rSASA_ge_0.25;burial_lt_0.10;interprotomer_distance_gt_4.5A	False		variable	supports	unresolved_exact_subset_too_small	False	unchanged_or_unresolved	230|231	230	A	231	M	237|238	237	exact_aligned	high	A89 flanking residues align directly to adjacent EV-A71 2C residues	225:VSSLPA|MARRFY:236	232:VSDSDA|IRRRFF:243	237	238	237-238	insertional_handle_SGRPGSLS	8	-6.005576	0.015565	-6.005576	direct_insert_strongly_deleterious	-4.643667	-4.770342	-4.735756	-4.857117;-4.997444	1AAdel_left_residue	-4.643667	deletion_context_strongly_deleterious	-2.576583	Bakhache_2024_NatMicrobiol_Dryad_10.5061_dryad.866t1g1xm_QVEU_eva71_dimple_c99331a6	direct_experiment_unfavorable	direct_experiment_unfavorable	230|231	230	231	exact_aligned	high	237	237,238	235-240	-2.824129944894737	-0.06360158	0.0	-2.3290369491578944	1.044544158	0.15789473684210525	38	-2.576583447026316	-2.951289202	1.044544158	0.07894736842105263	114	-2.3823128774473683	-2.8257231915	1.585523055	0.10526315789473684	exact flank summaries	230	231	0	0.0	0	0	False	0	0.0	0	0	False	0	resolved_by_parsimony	False	direct_insert_strongly_deleterious		0.0484142980234862	0.03859139856858846	0.12068466482574824	0.011273782060514504	0.4656840459510857	0.0	0.039312537437220664	0.36098737692365246	0.5674892436922259	0.2954699286328479	0.5444218019529916	0.0	False	False	False	False	False	0	False	direct_homolog_strongly_unfavorable	blocked_software_unavailable				
231|232	231	232	HIGH_RISK	near_R_finger	False	0.0	0.0350615456700325	0.0240411504748321	0.0	4.653863149587073	28.62114514624509	81.45999908447266	False	0.974026	0.012987	0.173781	0.39361	0.0	0.0	0.515522	1.517086	0.649536	0.012987	0.0	0.0	0	0.0	0	0.51742	1.473495	0.661471	0.026882	0.0	0.0	0	0.0	0	0	0.0	0.517813	1.517086	0.648995	0.012987	0.0	0.0	0	none	0	none	0	none	none	max(insertion_type_count,local_deletion_type_count)	background	4	AF_coil;hexamer_coil_fraction_ge_0.8;AF_rSASA_ge_0.25;hexamer_rSASA_ge_0.25	False		variable	supports	unresolved_exact_subset_too_small	False	unchanged_or_unresolved	231|232	231	M	232	A	238|239	238	exact_aligned	high	A89 flanking residues align directly to adjacent EV-A71 2C residues	226:SSLPAM|ARRFYF:237	233:SDSDAI|RRRFFM:244	238	239	238-239	insertional_handle_SGRPGSLS	8	-5.747447	0.018614	-5.747447	direct_insert_strongly_deleterious	-4.770342	-5.237154	-4.630722	-4.997444;-5.032924	2AAdel_spanning_junction	-4.630722	deletion_context_strongly_deleterious	-2.358028	Bakhache_2024_NatMicrobiol_Dryad_10.5061_dryad.866t1g1xm_QVEU_eva71_dimple_c99331a6	direct_experiment_unfavorable	direct_experiment_unfavorable	231|232	231	232	exact_aligned	high	238	238,239	236-241	-2.3290369491578944	1.044544158	0.15789473684210525	-2.3870189553684207	0.201613614	0.05263157894736842	38	-2.358027952263158	-2.8257231915	1.044544158	0.10526315789473684	114	-2.480156732912281	-3.0792405005	1.585523055	0.09649122807017543	exact flank summaries	231	232	0	0.0	0	0	False	0	0.0	0	0	False	0	resolved_by_parsimony	False	direct_insert_strongly_deleterious		0.0484142980234862	0.03859139856858846	1.0	0.11130441022106229	0.4656840459510857	0.0	0.06741003547896603	0.3147886251299381	0.5674892436922259	0.3313525811131655	0.52945316846321	0.0	False	False	False	False	False	0	False	direct_homolog_strongly_unfavorable	blocked_software_unavailable				
232|233	232	233	EXCLUDE	R_finger_R233	False	0.0	0.3868287205696106	0.2412074337330467	0.6860303068180126	2.7159268599018893	33.670272111474894	84.56999969482422	False	0.012987	1.0	0.39361	0.0	0.0	0.0	0.460513	1.517086	0.718615	0.012987	0.0	0.0	0	0.0	0	0.453166	1.473495	0.728047	0.026882	0.0	0.0	0	0.0	0	0	0.0	0.459514	1.517086	0.718074	0.012987	0.0	0.0	0	none	0	none	0	none	none	max(insertion_type_count,local_deletion_type_count)	background	5	AF_coil;hexamer_coil_fraction_ge_0.8;hexamer_rSASA_ge_0.25;burial_lt_0.10;interprotomer_distance_gt_4.5A	False		intermediate	weakens	unresolved_exact_subset_too_small	False	decreased_or_excluded; hard functional feature dominates	232|233	232	A	233	R	239|240	239	exact_aligned	high	A89 flanking residues align directly to adjacent EV-A71 2C residues	227:SLPAMA|RRFYFD:238	234:DSDAIR|RRFFMD:245	239	240	239-240	insertional_handle_SGRPGSLS	8	-6.029067	0.015313	-6.029067	direct_insert_strongly_deleterious	-5.237154		-4.927321	-5.032924;-5.104383	2AAdel_spanning_junction	-4.927321	deletion_context_strongly_deleterious	-2.690147	Bakhache_2024_NatMicrobiol_Dryad_10.5061_dryad.866t1g1xm_QVEU_eva71_dimple_c99331a6	direct_experiment_unfavorable	direct_experiment_unfavorable	232|233	232	233	exact_aligned	high	239	239,240	237-242	-2.3870189553684207	0.201613614	0.05263157894736842	-2.9932747055789473	-0.117742841	0.0	38	-2.690146830473684	-3.0780053565	0.201613614	0.02631578947368421	114	-2.7366399594385964	-3.1507711345000002	1.180813122	0.05263157894736842	exact flank summaries	232	233	0	0.0	0	0	False	0	0.0	0	0	False	0	resolved_by_parsimony	True	direct_insert_strongly_deleterious		0.5341476139686581	0.38719162889659514	0.3139696931819874	0.009920551657687918	0.5801315239686419	0.0	0.03699027784177303	0.19368541568221329	0.4154696178730215	0.29062992670494986	0.4232911322372728	0.0	False	False	False	False	False	0	False	hard_excluded	blocked_software_unavailable				
233|234	233	234	EXCLUDE	R_finger_R233;R_finger_R234	True	0.8333333333333334	0.1593998074531555	0.1020489052264359	0.6860303068180126	2.7159268599018893	30.72200294079616	86.4000015258789	False	1.0	1.0	0.0	0.0	0.0	0.0	0.394545	1.517086	0.733766	0.012987	0.0	0.0	0	0.0	0	0.393609	1.473495	0.741039	0.026882	0.0	0.0	0	0.0	0	0	0.0	0.393546	1.517086	0.733225	0.012987	0.0	0.0	0	none	0	none	0	none	none	max(insertion_type_count,local_deletion_type_count)	background	4	AF_rSASA_ge_0.25;hexamer_rSASA_ge_0.25;burial_lt_0.10;interprotomer_distance_gt_4.5A	False		intermediate	weakens	unresolved_exact_subset_too_small	False	decreased_or_excluded; hard functional feature dominates	233|234	233	R	234	R	240|241	240	exact_aligned	high	A89 flanking residues align directly to adjacent EV-A71 2C residues	228:LPAMAR|RFYFDL:239	235:SDAIRR|RFFMDC:246	240	241	240-241	insertional_handle_SGRPGSLS	8	-5.859598	0.017222	-5.859598	direct_insert_strongly_deleterious		-5.37622	-5.024171	-5.104383;-5.295791	2AAdel_spanning_junction	-5.024171	deletion_context_strongly_deleterious	-3.063771	Bakhache_2024_NatMicrobiol_Dryad_10.5061_dryad.866t1g1xm_QVEU_eva71_dimple_c99331a6	direct_experiment_unfavorable	direct_experiment_unfavorable	233|234	233	234	exact_aligned	high	240	240,241	238-243	-2.9932747055789473	-0.117742841	0.0	-3.134266303473684	-0.226800793	0.0	38	-3.063770504526316	-3.2883154770000003	-0.117742841	0.0	114	-2.665389452894736	-3.1507711345000002	2.231278944	0.07894736842105263	exact flank summaries	233	234	0	0.0	0	0	False	0	0.0	0	0	False	0	resolved_by_parsimony	True	direct_insert_strongly_deleterious		0.22010523596281126	0.1638112110817775	0.3139696931819874	0.009920551657687918	0.5133037390021103	0.8333333333333334	0.05458231580887436	0.22732763523044675	0.8100520290645525	0.2445503701773736	0.40000676201102203	0.0	False	False	False	False	False	0	False	hard_excluded	blocked_software_unavailable				
234|235	234	235	EXCLUDE	R_finger_R234	False	0.6666666666666666	0.0547957047820091	0.0507009082370334	0.5770618799263609	3.368772738976533	30.72200294079616	89.25	False	1.0	0.974026	0.0	0.173781	0.0	0.0	0.346399	1.517086	0.746753	0.012987	0.0	0.0	0	0.0	0	0.349352	1.473495	0.75224	0.026882	0.0	0.0	0	0.0	0	0	0.0	0.3454	1.517086	0.746212	0.012987	0.0	0.0	0	none	0	none	0	none	none	max(insertion_type_count,local_deletion_type_count)	background	6	AF_coil;hexamer_coil_fraction_ge_0.8;AF_rSASA_ge_0.25;hexamer_rSASA_ge_0.25;burial_lt_0.10;interprotomer_distance_gt_4.5A	False		intermediate	weakens	unresolved_exact_subset_too_small	False	decreased_or_excluded; hard functional feature dominates	234|235	234	R	235	F	241|242	241	exact_aligned	high	A89 flanking residues align directly to adjacent EV-A71 2C residues	229:PAMARR|FYFDLD:240	236:DAIRRR|FFMDCD:247	241	242	241-242	insertional_handle_SGRPGSLS	8	-5.86352	0.017175	-5.863520	direct_insert_strongly_deleterious	-5.37622	-4.669065	-5.006432	-5.295791;-5.079741	1AAdel_right_residue	-4.669065	deletion_context_strongly_deleterious	-2.94319	Bakhache_2024_NatMicrobiol_Dryad_10.5061_dryad.866t1g1xm_QVEU_eva71_dimple_c99331a6	direct_experiment_unfavorable	direct_experiment_unfavorable	234|235	234	235	exact_aligned	high	241	241,242	239-244	-3.134266303473684	-0.226800793	0.0	-2.752112898157895	1.180813122	0.10526315789473684	38	-2.943189600815789	-3.2644149625	1.180813122	0.05263157894736842	114	-2.7250919474473676	-3.1627703455000002	2.231278944	0.06140350877192982	exact flank summaries	234	235	0	0.0	0	0	False	0	0.0	0	0	False	0	resolved_by_parsimony	True	direct_insert_strongly_deleterious		0.07566396549341566	0.08138624478945408	0.42293812007363907	0.04407442690120157	0.5133037390021103	0.6666666666666666	0.05414919596369165	0.19913801908953643	0.8100520290645525	0.21091972609877963	0.38004807175108424	0.0	False	False	False	False	False	0	False	hard_excluded	blocked_software_unavailable				
235|236	235	236	HIGH_RISK	near_R_finger	False	0.6666666666666666	0.0547957047820091	0.0507009082370334	0.0	7.848860452064928	31.17957698314012	91.25	False	0.974026	0.220779	0.173781	0.761588	0.0	0.0	0.228309	0.963164	0.777056	0.012987	0.0	0.0	0	0.0	0	0.233706	1.033174	0.781362	0.026882	0.0	0.0	0	0.0	0	0	0.0	0.227309	0.963164	0.776515	0.012987	0.0	0.0	0	none	0	none	0	none	none	max(insertion_type_count,local_deletion_type_count)	background	4	AF_coil;hexamer_coil_fraction_ge_0.8;AF_rSASA_ge_0.25;hexamer_rSASA_ge_0.25	False		intermediate	remains unresolved	unresolved_exact_subset_too_small	False	unchanged_or_unresolved	235|236	235	F	236	Y	242|243	242	exact_aligned	high	A89 flanking residues align directly to adjacent EV-A71 2C residues	230:AMARRF|YFDLDI:241	237:AIRRRF|FMDCDI:248	242	243	242-243	insertional_handle_SGRPGSLS	8	-5.851708	0.017317	-5.851708	direct_insert_strongly_deleterious	-4.669065	-4.814671	-5.07139	-5.079741;-4.718004	1AAdel_left_residue	-4.669065	deletion_context_strongly_deleterious	-2.57437	Bakhache_2024_NatMicrobiol_Dryad_10.5061_dryad.866t1g1xm_QVEU_eva71_dimple_c99331a6	direct_experiment_unfavorable	direct_experiment_unfavorable	235|236	235	236	exact_aligned	high	242	242,243	240-245	-2.752112898157895	1.180813122	0.10526315789473684	-2.3966269056315794	2.231278944	0.15789473684210525	38	-2.5743699018947375	-3.1502792790000003	2.231278944	0.13157894736842105	114	-2.75874148118421	-3.161467839	2.231278944	0.06140350877192982	exact flank summaries	235	236	0	0.0	0	0	False	0	0.0	0	0	False	0	resolved_by_parsimony	False	direct_insert_strongly_deleterious		0.07566396549341566	0.08138624478945408	1.0	0.2784518837210287	0.5236754716824711	0.6666666666666666	0.055457770815094676	0.18324978114453774	0.8100520290645525	0.12843153622038392	0.333477794477896	0.0	False	False	False	False	False	0	False	direct_homolog_strongly_unfavorable	blocked_software_unavailable				
236|237	236	237	HIGH_RISK	near_R_finger	False	0.0	0.0760009139776229	0.07838673459159	0.0	9.62984240572444	37.17982866258858	91.8499984741211	False	0.220779	0.181818	0.761588	0.963164	0.0	0.0	0.379922	1.819364	0.699205	0.012987	0.0	0.0	0	0.0	0	0.391107	1.888803	0.704369	0.026882	0.0	0.0	0	0.0	0	0	0.0	0.380432	1.837469	0.698664	0.012987	0.0	0.0	0	none	0	none	0	none	none	max(insertion_type_count,local_deletion_type_count)	background	4	AF_coil;hexamer_coil_fraction_ge_0.8;AF_rSASA_ge_0.25;hexamer_rSASA_ge_0.25	False		variable	supports	unresolved_exact_subset_too_small	False	unchanged_or_unresolved	236|237	236	Y	237	F	243|244	243	exact_aligned	high	A89 flanking residues align directly to adjacent EV-A71 2C residues	231:MARRFY|FDLDIQ:242	238:IRRRFF|MDCDIE:249	243	244	243-244	insertional_handle_SGRPGSLS	8	-5.927936	0.016425	-5.927936	direct_insert_strongly_deleterious	-4.814671	-5.058732	-5.088023	-4.718004;-4.936960	3AAdel_spanning_option_1	-4.718004	deletion_context_strongly_deleterious	-2.541939	Bakhache_2024_NatMicrobiol_Dryad_10.5061_dryad.866t1g1xm_QVEU_eva71_dimple_c99331a6	direct_experiment_unfavorable	direct_experiment_unfavorable	236|237	236	237	exact_aligned	high	243	243,244	241-246	-2.3966269056315794	2.231278944	0.15789473684210525	-2.6872519164736843	0.039111028	0.05263157894736842	38	-2.5419394110526317	-3.007659985	2.231278944	0.10526315789473684	114	-2.7004348417631574	-3.1659626835	2.231278944	0.07894736842105263	exact flank summaries	236	237	0	0.0	0	0	False	0	0.0	0	0	False	0	resolved_by_parsimony	False	direct_insert_strongly_deleterious		0.10494491412325013	0.12582815952510426	1.0	0.37162461775506167	0.6596818896062928	0.0	0.04723770907247845	0.21078031895643717	0.8100520290645525	0.2353900605681292	0.45312082176875773	0.0	False	False	False	False	False	0	False	direct_homolog_strongly_unfavorable	blocked_software_unavailable				
237|238	237	238	HIGH_RISK	near_R_finger	False	0.0	0.0760009139776229	0.07838673459159	0.0	11.192785111529144	35.924049779994554	93.16000366210938	False	0.181818	1.0	0.963164	0.0	0.0	0.0	0.373774	1.819364	0.700288	0.012987	0.0	0.0	0	0.0	0	0.385768	1.888803	0.705265	0.026882	0.0	0.0	0	0.0	0	0	0.0	0.374283	1.837469	0.699746	0.012987	0.0	0.0	0	none	0	none	0	none	none	max(insertion_type_count,local_deletion_type_count)	background	4	AF_coil;hexamer_coil_fraction_ge_0.8;AF_rSASA_ge_0.25;hexamer_rSASA_ge_0.25	False		variable	supports	unresolved_exact_subset_too_small	False	unchanged_or_unresolved	237|238	237	F	238	D	244|245	244	exact_aligned	high	A89 flanking residues align directly to adjacent EV-A71 2C residues	232:ARRFYF|DLDIQV:243	239:RRRFFM|DCDIEV:250	244	245	244-245	insertional_handle_SGRPGSLS	8	-5.697888	0.019265	-5.697888	direct_insert_strongly_deleterious	-5.058732	-4.969982	-5.219232	-4.936960;-4.979220	3AAdel_spanning_option_1	-4.93696	deletion_context_strongly_deleterious	-2.638084	Bakhache_2024_NatMicrobiol_Dryad_10.5061_dryad.866t1g1xm_QVEU_eva71_dimple_c99331a6	direct_experiment_unfavorable	direct_experiment_unfavorable	237|238	237	238	exact_aligned	high	244	244,245	242-247	-2.6872519164736843	0.039111028	0.05263157894736842	-2.5889161577894737	0.887410286	0.05263157894736842	38	-2.6380840371315792	-3.0215851185	0.887410286	0.05263157894736842	114	-2.652474871482456	-3.129880331	2.231278944	0.08771929824561403	exact flank summaries	237	238	0	0.0	0	0	False	0	0.0	0	0	False	0	resolved_by_parsimony	False	direct_insert_strongly_deleterious		0.10494491412325013	0.12582815952510426	1.0	0.45339054735314094	0.631217419005671	0.0	0.07340920610053911	0.23342548918714814	0.8100520290645525	0.23109489938258365	0.4514579817856012	0.0	False	False	False	False	False	0	False	direct_homolog_strongly_unfavorable	blocked_software_unavailable				
238|239	238	239	HIGH_RISK	near_R_finger	False	0.0	0.0012516877613961	0.0006064150859269	0.0	11.549247225056977	35.924049779994554	93.16000366210938	False	1.0	1.0	0.0	0.0	0.0	0.0	0.517704	2.120773	0.717604	0.065789	0.0	0.0	0	0.0	0	0.523172	2.104914	0.720498	0.076087	0.0	0.0	0	0.0	0	0	0.0	0.518214	2.120773	0.717062	0.065789	0.0	0.0	0	none	0	none	0	none	none	max(insertion_type_count,local_deletion_type_count)	background	4	AF_coil;hexamer_coil_fraction_ge_0.8;AF_rSASA_ge_0.25;hexamer_rSASA_ge_0.25	False		intermediate	remains unresolved	unresolved_exact_subset_too_small	False	unchanged_or_unresolved	238|239	238	D	239	L	245|246	245	exact_aligned	high	A89 flanking residues align directly to adjacent EV-A71 2C residues	233:RRFYFD|LDIQVK:244	240:RRFFMD|CDIEVT:251	245	246	245-246	insertional_handle_SGRPGSLS	8	-5.606036	0.020531	-5.606036	direct_insert_strongly_deleterious	-4.969982	-4.922467	-4.907761	-4.979220;-5.144150	2AAdel_spanning_junction	-4.907761	deletion_context_strongly_deleterious	-2.616176	Bakhache_2024_NatMicrobiol_Dryad_10.5061_dryad.866t1g1xm_QVEU_eva71_dimple_c99331a6	direct_experiment_unfavorable	direct_experiment_unfavorable	238|239	238	239	exact_aligned	high	245	245,246	243-248	-2.5889161577894737	0.887410286	0.05263157894736842	-2.6434348690526313	0.952042613	0.10526315789473684	38	-2.616175513421052	-3.0237060294999996	0.952042613	0.07894736842105263	114	-2.592924820736842	-3.024564992	2.231278944	0.08771929824561403	exact flank summaries	238	239	0	0.0	0	0	False	0	0.0	0	0	False	0	resolved_by_parsimony	False	direct_insert_strongly_deleterious		0.0017283774332965652	0.0009734312134316964	1.0	0.47203899554695544	0.631217419005671	0.0	0.08507579597290697	0.26154312621839015	0.8100520290645525	0.33163268513583644	0.42484639477235075	0.0	False	False	False	False	False	0	False	direct_homolog_strongly_unfavorable	blocked_software_unavailable				
239|240	239	240	HIGH_RISK	near_R_finger	False	0.0	0.0012516877613961	0.0006064150859269	0.0	14.29747156942575	37.10679532965552	93.9800033569336	False	1.0	0.974026	0.0	0.173781	0.0	0.0	0.636453	2.120773	0.639753	0.065789	0.0	0.0	0	0.0	0	0.645207	2.104914	0.643505	0.076087	0.0	0.0	0	0.0	0	0	0.0	0.637196	2.120773	0.639188	0.065502	0.0	0.0	0	none	0	none	0	none	none	max(insertion_type_count,local_deletion_type_count)	background	4	AF_coil;hexamer_coil_fraction_ge_0.8;AF_rSASA_ge_0.25;hexamer_rSASA_ge_0.25	False		variable	supports	unresolved_exact_subset_too_small	False	unchanged_or_unresolved	239|240	239	L	240	D	246|247	246	exact_aligned	high	A89 flanking residues align directly to adjacent EV-A71 2C residues	234:RFYFDL|DIQVKK:245	241:RFFMDC|DIEVTD:252	246	247	246-247	insertional_handle_SGRPGSLS	8	-5.631037	0.020179	-5.631037	direct_insert_strongly_deleterious	-4.922467	-4.421327	-5.112464	-5.144150;-4.979220	1AAdel_right_residue	-4.421327	deletion_context_strongly_deleterious	-2.744971	Bakhache_2024_NatMicrobiol_Dryad_10.5061_dryad.866t1g1xm_QVEU_eva71_dimple_c99331a6	direct_experiment_unfavorable	direct_experiment_unfavorable	239|240	239	240	exact_aligned	high	246	246,247	244-249	-2.6434348690526313	0.952042613	0.10526315789473684	-2.846506481789474	0.427622892	0.05263157894736842	38	-2.7449706754210528	-3.1070683005	0.952042613	0.07894736842105263	114	-2.6415160911578943	-3.080679159	1.589942695	0.07017543859649122	exact flank summaries	239	240	0	0.0	0	0	False	0	0.0	0	0	False	0	resolved_by_parsimony	False	direct_insert_strongly_deleterious		0.0017283774332965652	0.0009734312134316964	1.0	0.6158133753926255	0.6580264587124046	0.0	0.08183200479196423	0.2385998761710894	0.5691493759604784	0.41474325078530416	0.5445247689390097	0.0	False	False	False	False	False	0	False	direct_homolog_strongly_unfavorable	blocked_software_unavailable				
240|241	240	241	HIGH_RISK	near_R_finger	False	0.0	0.0770507752895355	0.0475476764382041	0.0	9.773381202771803	37.59955310264996	93.9800033569336	False	0.974026	0.987013	0.173781	0.100001	0.0	0.0	0.812729	2.120773	0.561902	0.065789	0.0	0.0	0	0.0	0	0.82246	2.127033	0.56606	0.070652	0.0	0.0	0	0.0	0	0	0.0	0.816079	2.146597	0.561313	0.065502	0.0	0.0	0	none	0	none	0	none	none	max(insertion_type_count,local_deletion_type_count)	background	4	AF_coil;hexamer_coil_fraction_ge_0.8;AF_rSASA_ge_0.25;hexamer_rSASA_ge_0.25	False		variable	supports	unresolved_exact_subset_too_small	False	unchanged_or_unresolved	240|241	240	D	241	I	247|248	247	exact_aligned	high	A89 flanking residues align directly to adjacent EV-A71 2C residues	235:FYFDLD|IQVKKE:246	242:FFMDCD|IEVTDS:253	247	248	247-248	insertional_handle_SGRPGSLS	8	-5.942508	0.01626	-5.942508	direct_insert_strongly_deleterious	-4.421327	-4.491123	-5.075574	-4.979220;-5.208323	1AAdel_left_residue	-4.421327	deletion_context_strongly_deleterious	-2.62066	Bakhache_2024_NatMicrobiol_Dryad_10.5061_dryad.866t1g1xm_QVEU_eva71_dimple_c99331a6	direct_experiment_unfavorable	direct_experiment_unfavorable	240|241	240	241	exact_aligned	high	247	247,248	245-250	-2.846506481789474	0.427622892	0.05263157894736842	-2.3948125936842106	1.589942695	0.10526315789473684	38	-2.620659537736842	-3.036740361	1.589942695	0.07894736842105263	114	-2.579762335421053	-3.0184141935	1.589942695	0.07017543859649122	exact flank summaries	240	241	0	0.0	0	0	False	0	0.0	0	0	False	0	resolved_by_parsimony	False	direct_insert_strongly_deleterious		0.10639460202111448	0.0763246057778286	1.0	0.37913390336762987	0.6691956934694464	0.0	0.04571718195641156	0.26775803250149977	0.5691493759604784	0.5396954899061268	0.6642046799263556	0.0	False	False	False	False	False	0	False	direct_homolog_strongly_unfavorable	blocked_software_unavailable				
241|242	241	242	CORE_CAUTION	A89_SF3_helicase_domain_by_PROSITE	False	0.0	0.0770507752895355	0.0475476764382041	0.0	9.773381202771803	37.79137713589643	93.5	False	0.987013	0.065789	0.100001	1.819364	0.0	0.0	0.847554	2.120773	0.552161	0.065789	0.0	0.0	0	0.0	0	0.860907	2.127033	0.555307	0.070652	0.0	0.0	0	0.0	0	0	0.0	0.850903	2.146597	0.551573	0.065502	0.0	0.0	0	none	0	none	0	none	none	max(insertion_type_count,local_deletion_type_count)	background	4	AF_coil;hexamer_coil_fraction_ge_0.8;AF_rSASA_ge_0.25;hexamer_rSASA_ge_0.25	False		variable	supports	unresolved_exact_subset_too_small	False	unchanged_or_unresolved	241|242	241	I	242	Q	248|249	248	exact_aligned	high	A89 flanking residues align directly to adjacent EV-A71 2C residues	236:YFDLDI|QVKKEY:247	243:FMDCDI|EVTDSY:254	248	249	248-249	insertional_handle_SGRPGSLS	8	-5.843756	0.017412	-5.843756	direct_insert_strongly_deleterious	-4.491123	-4.857117	-4.97922	-5.208323;-4.872581	1AAdel_left_residue	-4.491123	deletion_context_strongly_deleterious	-2.541494	Bakhache_2024_NatMicrobiol_Dryad_10.5061_dryad.866t1g1xm_QVEU_eva71_dimple_c99331a6	direct_experiment_unfavorable	direct_experiment_unfavorable	241|242	241	242	exact_aligned	high	248	248,249	246-251	-2.3948125936842106	1.589942695	0.10526315789473684	-2.6881745281578944	0.437703639	0.05263157894736842	38	-2.541493560921053	-3.1093391500000003	1.589942695	0.07894736842105263	114	-2.594700194157895	-3.059371597	1.589942695	0.07017543859649122	exact flank summaries	241	242	0	0.0	0	0	False	0	0.0	0	0	False	0	resolved_by_parsimony	False	direct_insert_strongly_deleterious		0.10639460202111448	0.0763246057778286	1.0	0.37913390336762987	0.6735437276898961	0.0	0.05633322582131503	0.26070485144241506	0.5691493759604784	0.564020533510849	0.6791733134161372	0.0	False	False	False	False	False	0	False	direct_homolog_strongly_unfavorable	blocked_software_unavailable				
242|243	242	243	CORE_CAUTION	A89_SF3_helicase_domain_by_PROSITE	False	0.0	0.1739354282617569	0.1292656171367543	0.0	9.860670956693475	41.36957427936418	92.37000274658205	False	0.065789	0.987013	1.819364	0.100001	0.0	0.0	0.850482	2.120773	0.540257	0.065789	0.0	0.0	0	0.0	0	0.86413	2.127033	0.54321	0.070652	0.0	0.0	0	0.0	0	0	0.0	0.854831	2.146597	0.540209	0.065502	0.0	0.0	0	none	0	none	0	none	none	max(insertion_type_count,local_deletion_type_count)	background	4	AF_coil;hexamer_coil_fraction_ge_0.8;AF_rSASA_ge_0.25;hexamer_rSASA_ge_0.25	False		variable	supports	unresolved_exact_subset_too_small	False	unchanged_or_unresolved	242|243	242	Q	243	V	249|250	249	exact_aligned	high	A89 flanking residues align directly to adjacent EV-A71 2C residues	237:FDLDIQ|VKKEYL:248	244:MDCDIE|VTDSYK:255	249	250	249-250	insertional_handle_SGRPGSLS	8	-6.045515	0.01514	-6.045515	direct_insert_strongly_deleterious	-4.857117	-4.907761	-5.233595	-4.872581;-5.237154	1AAdel_left_residue	-4.857117	deletion_context_strongly_deleterious	-2.502452	Bakhache_2024_NatMicrobiol_Dryad_10.5061_dryad.866t1g1xm_QVEU_eva71_dimple_c99331a6	direct_experiment_unfavorable	direct_experiment_unfavorable	242|243	242	243	exact_aligned	high	249	249,250	247-252	-2.6881745281578944	0.437703639	0.05263157894736842	-2.316729382052632	0.75932842	0.05263157894736842	38	-2.502451955105263	-2.9912740405	0.75932842	0.05263157894736842	114	-2.597975164438596	-3.059371597	1.589942695	0.05263157894736842	exact flank summaries	242	243	0	0.0	0	0	False	0	0.0	0	0	False	0	resolved_by_parsimony	False	direct_insert_strongly_deleterious		0.2401765666567545	0.20750009269986414	1.0	0.3837004993453873	0.7546499549128569	0.0	0.03539602819886652	0.25915851479806495	0.5691493759604784	0.5667642956082344	0.6966377437013402	0.0	False	False	False	False	False	0	False	direct_homolog_strongly_unfavorable	blocked_software_unavailable				
243|244	243	244	CORE_CAUTION	A89_SF3_helicase_domain_by_PROSITE	False	0.0	0.1739354282617569	0.1292656171367543	0.0	9.860670956693475	41.36957427936418	91.9800033569336	False	0.987013	0.220779	0.100001	2.120773	0.0	0.0	1.019012	2.985528	0.529434	0.051948	0.0	0.0	0	0.0	0	1.024343	2.955724	0.53201	0.05914	0.0	0.0	0	0.0	0	0	0.0	1.023859	2.991497	0.529386	0.051948	0.0	0.0	0	none	0	none	0	none	none	max(insertion_type_count,local_deletion_type_count)	background	4	AF_coil;hexamer_coil_fraction_ge_0.8;AF_rSASA_ge_0.25;hexamer_rSASA_ge_0.25	False		variable	supports	unresolved_exact_subset_too_small	False	unchanged_or_unresolved	243|244	243	V	244	K	250|251	250	exact_aligned	high	A89 flanking residues align directly to adjacent EV-A71 2C residues	238:DLDIQV|KKEYLL:249	245:DCDIEV|TDSYKT:256	250	251	250-251	insertional_handle_SGRPGSLS	8	-5.843756	0.017412	-5.843756	direct_insert_strongly_deleterious	-4.907761	-4.932152	-5.092138	-5.237154;-5.182395	1AAdel_left_residue	-4.907761	deletion_context_strongly_deleterious	-2.497636	Bakhache_2024_NatMicrobiol_Dryad_10.5061_dryad.866t1g1xm_QVEU_eva71_dimple_c99331a6	direct_experiment_unfavorable	direct_experiment_unfavorable	243|244	243	244	exact_aligned	high	250	250,251	248-253	-2.316729382052632	0.75932842	0.05263157894736842	-2.6785433102105265	1.255532306	0.05263157894736842	38	-2.497636346131579	-2.9912740405	1.255532306	0.05263157894736842	114	-2.600010032745614	-3.080679159	1.589942695	0.05263157894736842	exact flank summaries	243	244	0	0.0	0	0	False	0	0.0	0	0	False	0	resolved_by_parsimony	False	direct_insert_strongly_deleterious		0.2401765666567545	0.20750009269986414	1.0	0.3837004993453873	0.7546499549128569	0.0	0.05633322582131503	0.25819771480298986	0.5691493759604784	0.6848326815035649	0.7132707539949653	0.0	False	False	False	False	False	0	False	direct_homolog_strongly_unfavorable	blocked_software_unavailable				
244|245	244	245	CORE_CAUTION	A89_SF3_helicase_domain_by_PROSITE	False	0.0	0.2948520183563232	0.3413402589700989	0.0	10.99343020582886	46.08287998161677	91.33000183105467	False	0.220779	0.065789	2.120773	1.424981	0.0	0.0	1.098679	2.985528	0.45043	0.051948	0.0	0.0	0	0.0	0	1.105392	2.955724	0.454053	0.05914	0.0	0.0	0	0.0	0	0	0.0	1.103526	2.991497	0.450382	0.051948	0.0	0.0	0	none	0	none	0	none	none	max(insertion_type_count,local_deletion_type_count)	structural near-miss	2	AF_coil;hexamer_coil_fraction_ge_0.8	False		variable	supports	unresolved_exact_subset_too_small	False	outside_strict_review_only; near-miss plus V2 evolutionary support	244|245	244	K	245	K	251|252	251	exact_aligned	high	A89 flanking residues align directly to adjacent EV-A71 2C residues	239:LDIQVK|KEYLLD:250	246:CDIEVT|DSYKTE:257	251	252	251-252	insertional_handle_SGRPGSLS	8	-5.898138	0.016768	-5.898138	direct_insert_strongly_deleterious	-4.932152	-5.032924	-5.370019	-5.182395;-4.965331	1AAdel_left_residue	-4.932152	deletion_context_strongly_deleterious	-2.670814	Bakhache_2024_NatMicrobiol_Dryad_10.5061_dryad.866t1g1xm_QVEU_eva71_dimple_c99331a6	direct_experiment_unfavorable	direct_experiment_unfavorable	244|245	244	245	exact_aligned	high	251	251,252	249-254	-2.6785433102105265	1.255532306	0.05263157894736842	-2.6630846907368415	-0.019115616	0.0	38	-2.6708140004736847	-3.130185986	1.255532306	0.02631578947368421	114	-2.659586997973685	-3.099351942	1.92932147	0.043859649122807015	exact flank summaries	244	245	0	0.0	0	0	False	0	0.0	0	0	False	0	resolved_by_parsimony	False	direct_insert_strongly_deleterious		0.4071427319226974	0.5479271050364442	1.0	0.44296122123390314	0.8614854443872287	0.0	0.05039856241072664	0.23006736961047625	0.6966289117456305	0.74048117819715	0.8346857355377489	0.0	False	False	False	False	True	1	True	weak_pareto_reviewable_direct_conflicted	blocked_software_unavailable				
245|246	245	246	CORE_CAUTION	A89_SF3_helicase_domain_by_PROSITE	False	0.0	0.5973514318466187	0.5631054648725797	0.0	10.99343020582886	47.87554035010754	91.1500015258789	False	0.065789	0.065789	1.424981	2.115316	0.0	0.0	1.107013	2.985528	0.449348	0.051948	0.0	0.0	0	0.0	0	1.112537	2.955724	0.453157	0.05914	0.0	0.0	0	0.0	0	0	0.0	1.11186	2.991497	0.4493	0.051948	0.0	0.0	0	none	0	none	0	none	none	max(insertion_type_count,local_deletion_type_count)	structural near-miss	2	AF_coil;hexamer_coil_fraction_ge_0.8	False		variable	supports	unresolved_exact_subset_too_small	True	outside_strict_review_only; near-miss plus V2 evolutionary support	245|246	245	K	246	E	252|253	252	exact_aligned	high	A89 flanking residues align directly to adjacent EV-A71 2C residues	240:DIQVKK|EYLLDG:251	247:DIEVTD|SYKTEL:258	252	253	252-253	insertional_handle_SGRPGSLS	8	-5.769187	0.018336	-5.769187	direct_insert_strongly_deleterious	-5.032924	-5.136322	-4.825452	-4.965331;-5.092138	2AAdel_spanning_junction	-4.825452	deletion_context_strongly_deleterious	-2.7609	Bakhache_2024_NatMicrobiol_Dryad_10.5061_dryad.866t1g1xm_QVEU_eva71_dimple_c99331a6	experimental_conflict	experimental_conflict	245|246	245	246	exact_aligned	high	252	252,253	250-255	-2.6630846907368415	-0.019115616	0.0	-2.8587156916315792	0.775588397	0.05263157894736842	38	-2.760900191184211	-3.1204726475	0.775588397	0.02631578947368421	114	-2.691980684675438	-3.0945736535000004	1.92932147	0.043859649122807015	exact flank summaries	245	246	0	0.0	0	0	False	0	0.0	0	0	False	0	resolved_by_parsimony	False	direct_insert_strongly_deleterious		0.8248452740318563	0.9039096300236346	1.0	0.44296122123390314	0.9021192924818873	0.0	0.0648481776712897	0.21477210263119917	0.6966289117456305	0.7463025919750548	0.8363485755209054	0.0	True	True	True	True	True	5	True	conflict_control	blocked_software_unavailable				
246|247	246	247	CORE_CAUTION	A89_SF3_helicase_domain_by_PROSITE	False	0.0	0.0948581770062446	0.0856715747460968	0.0	7.855914693374679	44.747298249746585	90.7300033569336	False	0.065789	0.857143	2.115316	0.591673	0.0	0.0	1.117082	2.985528	0.447183	0.051948	0.0	0.0	0	0.0	0	1.123345	2.955724	0.450916	0.05914	0.0	0.0	0	0.0	0	0	0.0	1.121929	2.991497	0.447135	0.051948	0.0	0.0	0	none	0	none	0	none	none	max(insertion_type_count,local_deletion_type_count)	background	4	AF_coil;hexamer_coil_fraction_ge_0.8;AF_rSASA_ge_0.25;hexamer_rSASA_ge_0.25	False		variable	supports	unresolved_exact_subset_too_small	False	unchanged_or_unresolved	246|247	246	E	247	Y	253|254	253	exact_aligned	high	A89 flanking residues align directly to adjacent EV-A71 2C residues	241:IQVKKE|YLLDGK:252	248:IEVTDS|YKTELG:259	253	254	253-254	insertional_handle_SGRPGSLS	8	-5.764877	0.018391	-5.764877	direct_insert_strongly_deleterious	-5.136322	-4.857117	-4.803771	-5.092138;-4.675315	3AAdel_spanning_option_2	-4.675315	deletion_context_strongly_deleterious	-2.805495	Bakhache_2024_NatMicrobiol_Dryad_10.5061_dryad.866t1g1xm_QVEU_eva71_dimple_c99331a6	direct_experiment_unfavorable	direct_experiment_unfavorable	246|247	246	247	exact_aligned	high	253	253,254	251-256	-2.8587156916315792	0.775588397	0.05263157894736842	-2.752274385052631	1.92932147	0.05263157894736842	38	-2.805495038342105	-3.1408922095	1.92932147	0.05263157894736842	114	-2.530370759245614	-3.0421919185	1.92932147	0.07894736842105263	exact flank summaries	246	247	0	0.0	0	0	False	0	0.0	0	0	False	0	resolved_by_parsimony	False	direct_insert_strongly_deleterious		0.1309837305738117	0.13752194972891907	1.0	0.27882092898171473	0.8312120997176506	0.0	0.06535502004331199	0.2910791614327663	0.6966289117456305	0.7533359271478076	0.8396757923079051	0.0	False	False	False	False	False	0	False	direct_homolog_strongly_unfavorable	blocked_software_unavailable				
247|248	247	248	CORE_CAUTION	A89_SF3_helicase_domain_by_PROSITE	False	0.0	0.0948581770062446	0.0856715747460968	0.0	6.479054155671409	42.99541884092301	90.5500030517578	False	0.857143	0.077922	0.591673	0.796726	0.0	0.0	1.117082	2.985528	0.447183	0.051948	0.0	0.0	0	0.0	0	1.126126	2.955724	0.450468	0.05914	0.0	0.0	0	0.0	0	0	0.0	1.121929	2.991497	0.447135	0.051948	0.0	0.0	0	none	0	none	0	none	none	max(insertion_type_count,local_deletion_type_count)	background	4	AF_coil;hexamer_coil_fraction_ge_0.8;AF_rSASA_ge_0.25;hexamer_rSASA_ge_0.25	False		variable	supports	unresolved_exact_subset_too_small	False	unchanged_or_unresolved	247|248	247	Y	248	L	254|255	254	exact_aligned	high	A89 flanking residues align directly to adjacent EV-A71 2C residues	242:QVKKEY|LLDGKL:253	249:EVTDSY|KTELGR:260	254	255	254-255	insertional_handle_SGRPGSLS	8	-5.645743	0.019974	-5.645743	direct_insert_strongly_deleterious	-4.857117	-5.151917	-4.97922	-4.675315;-4.997444	3AAdel_spanning_option_1	-4.675315	deletion_context_strongly_deleterious	-2.817406	Bakhache_2024_NatMicrobiol_Dryad_10.5061_dryad.866t1g1xm_QVEU_eva71_dimple_c99331a6	direct_experiment_unfavorable	direct_experiment_unfavorable	247|248	247	248	exact_aligned	high	254	254,255	252-257	-2.752274385052631	1.92932147	0.05263157894736842	-2.882536648368421	0.937226418	0.05263157894736842	38	-2.8174055167105263	-3.1286346075	1.92932147	0.05263157894736842	114	-2.393948220096491	-2.8257722395	1.92932147	0.07894736842105263	exact flank summaries	247	248	0	0.0	0	0	False	0	0.0	0	0	False	0	resolved_by_parsimony	False	direct_insert_strongly_deleterious		0.1309837305738117	0.13752194972891907	1.0	0.20678995729343674	0.7915026248893384	0.0	0.0799428650416993	0.355493538761537	0.6966289117456305	0.7533359271478076	0.8396757923079051	0.0	False	False	False	True	True	2	True	weak_pareto_reviewable_direct_conflicted	blocked_software_unavailable				
248|249	248	249	CORE_CAUTION	A89_SF3_helicase_domain_by_PROSITE	False	0.0	0.368442177772522	0.29565283868641	0.2367455152955054	2.7159268599018893	42.10064530286291	88.72000122070312	False	0.077922	0.051948	0.796726	2.985528	0.0	0.0	1.052118	2.985528	0.464727	0.051948	0.0	0.0	70	0.909091	1:70	1.060066	2.955724	0.470849	0.05914	0.0	0.0	168	0.903226	1:168	0	0.0	1.056316	2.991497	0.465337	0.051948	0.0	0.0	70	A1;A10;A100;A101;A102;A103;A104;A105;A11;A12;A13;A15;A16;A18;A19;A1B;A2;A20;A21;A22;A23;A24;A25;A28;A29;A30;A31;A32;A33;A34;A38;A39;A40;A41;A43;A46;A47;A49;A50;A51;A53;A54;A55;A56;A57;A59;A60;A61;A62;A63;A64;A65;A66;A67;A68;A71;A73;A74;A75;A76;A77;A78;A80;A81;A82;A85;A9;A90;A94;A96	70	A1;A10;A100;A101;A102;A103;A104;A105;A11;A12;A13;A15;A16;A18;A19;A1B;A2;A20;A21;A22;A23;A24;A25;A28;A29;A30;A31;A32;A33;A34;A38;A39;A40;A41;A43;A46;A47;A49;A50;A51;A53;A54;A55;A56;A57;A59;A60;A61;A62;A63;A64;A65;A66;A67;A68;A71;A73;A74;A75;A76;A77;A78;A80;A81;A82;A85;A9;A90;A94;A96	0	none	broader_lineage_supported	max(insertion_type_count,local_deletion_type_count)	literature-rescue	4	AF_coil;hexamer_coil_fraction_ge_0.8;burial_lt_0.10;interprotomer_distance_gt_4.5A	True	Li/Baltimore PV insertion after 2C residue 255; A89 mapped literature-rescue track	lineage_indel_supported	supports	unresolved_exact_subset_too_small	True	literature-rescue retained; V2 conservation lineage_indel_supported; not promoted	248|249	248	L	249	L	255|256	255	exact_aligned	high	A89 flanking residues align directly to adjacent EV-A71 2C residues	243:VKKEYL|LDGKLD:254	250:VTDSYK|TELGRL:261	255	256	255-256	insertional_handle_SGRPGSLS	8	-5.693258	0.019327	-5.693258	direct_insert_strongly_deleterious	-5.151917	-0.288053	-5.050203	-4.997444;-5.159624	1AAdel_right_residue	-0.288053	deletion_context_partly_deleterious	-2.114803	Bakhache_2024_NatMicrobiol_Dryad_10.5061_dryad.866t1g1xm_QVEU_eva71_dimple_c99331a6	experimental_conflict	experimental_conflict	248|249	248	249	exact_aligned	high	255	255,256	253-258	-2.882536648368421	0.937226418	0.05263157894736842	-1.3470698294736843	1.600554825	0.2631578947368421	38	-2.114803238921053	-2.707329427	1.600554825	0.15789473684210525	114	-1.8326070281666667	-2.423981096	2.413821831	0.21052631578947367	exact flank summaries	248	249	70	0.9090909090909091	2	2	False	0	0.0	0	0	False	2	uncertain	False	direct_insert_strongly_deleterious	HISTORICAL_INSERTION_SUPPORT__MODERN_CONFLICT_CONTROL	0.5087587856786185	0.4745886245180419	0.7632544847044946	0.009920551657687918	0.7712209850072319	0.0	0.07398055568354606	0.6205409684067589	0.8786199072285346	0.707504343009379	0.8117025821661179	1.0	False	False	True	True	True	3	True	conflict_control	blocked_software_unavailable				
249|250	249	250	CORE_CAUTION	A89_SF3_helicase_domain_by_PROSITE	False	0.0	0.5149526000022888	0.4660567098589085	0.2367455152955054	2.7159268599018893	40.50649983253049	88.72000122070312	False	0.051948	0.051948	2.985528	0.956007	0.0	0.0	1.132227	2.985528	0.387887	0.051948	0.0	0.0	0	0.0	0	1.1403	2.955724	0.394684	0.05914	0.0	0.0	0	0.0	0	0	0.0	1.136425	2.991497	0.388497	0.051948	0.0	0.0	0	none	0	none	0	none	none	max(insertion_type_count,local_deletion_type_count)	background	4	AF_coil;hexamer_coil_fraction_ge_0.8;burial_lt_0.10;interprotomer_distance_gt_4.5A	False		variable	supports	unresolved_exact_subset_too_small	False	unchanged_or_unresolved	249|250	249	L	250	D	256|257	256	exact_aligned	high	A89 flanking residues align directly to adjacent EV-A71 2C residues	244:KKEYLL|DGKLDI:255	251:TDSYKT|ELGRLD:262	256	257	256-257	insertional_handle_SGRPGSLS	8	-5.693258	0.019327	-5.693258	direct_insert_strongly_deleterious	-0.288053	-0.596669	-5.275486	-5.159624;-4.872581	1AAdel_left_residue	-0.288053	deletion_context_partly_deleterious	-1.603539	Bakhache_2024_NatMicrobiol_Dryad_10.5061_dryad.866t1g1xm_QVEU_eva71_dimple_c99331a6	direct_experiment_unfavorable	direct_experiment_unfavorable	249|250	249	250	exact_aligned	high	256	256,257	254-259	-1.3470698294736843	1.600554825	0.2631578947368421	-1.8600080753157897	1.757271152	0.05263157894736842	38	-1.6035389523947368	-1.4957766355	1.757271152	0.15789473684210525	114	-1.665882875736842	-2.2446092025	2.413821831	0.23684210526315788	exact flank summaries	249	250	0	0.0	0	0	False	0	0.0	0	0	False	0	resolved_by_parsimony	False	direct_insert_strongly_deleterious		0.7110658748221917	0.7481247731700218	0.7632544847044946	0.009920551657687918	0.7350868315329683	0.0	0.07398055568354606	0.6992628022871193	0.8786199072285346	0.7634615827902972	0.9297918837425886	0.0	False	True	True	True	True	4	True	pareto_reviewable_direct_conflicted	blocked_software_unavailable				
250|251	250	251	CORE_CAUTION	A89_SF3_helicase_domain_by_PROSITE	True	1.0	0.5505656599998474	0.5990533339671599	0.2355446974060905	2.853570583660673	39.77898646023905	87.87999725341797	False	0.051948	0.987013	0.956007	0.100001	0.0	0.0	1.150206	2.985528	0.38464	0.051948	0.0	0.0	0	0.0	0	1.154204	2.955724	0.39334	0.05914	0.0	0.0	0	0.0	0	0	0.0	1.155238	2.991497	0.385251	0.051948	0.0	0.0	0	none	0	none	0	none	none	max(insertion_type_count,local_deletion_type_count)	structural near-miss	2	burial_lt_0.10;interprotomer_distance_gt_4.5A	False		variable	supports	unresolved_exact_subset_too_small	True	outside_strict_review_only; near-miss plus V2 evolutionary support	250|251	250	D	251	G	257|258;258|259	257-258	ambiguous	low	A89 junction spans multiple EV-A71 residues/junctions in the sequence alignment	245:KEYLLD|GKLDIA:256		257	259	257-259	insertional_handle_SGRPGSLS	8	-5.711649	0.019082	-5.924259;-5.711649	direct_insert_strongly_deleterious							no_direct_deletion_context		Bakhache_2024_NatMicrobiol_Dryad_10.5061_dryad.866t1g1xm_QVEU_eva71_dimple_c99331a6	mapping_uncertain	mapping_uncertain	250|251	250	251	ambiguous	low	257-258	257,258,259	255-261							57	-1.004472130508772	-1.258006018	2.413821831	0.3508771929824561	133	-1.6578228648045112	-2.169833403	2.413821831	0.22556390977443608	ambiguous source positions summarized jointly	250	251	0	0.0	0	0	False	0	0.0	0	0	False	0	resolved_by_parsimony	False	direct_insert_strongly_deleterious		0.760241724525925	0.9616139626583261	0.7644553025939095	0.01712143431620073	0.7185964419554874	1.0	0.07172280329908307	0.7030684827025941	0.8786199072285346	0.776602722387576	0.934780403692058	0.0	True	True	True	True	True	5	True	mapping_uncertain	blocked_software_unavailable				
251|252	251	252	CORE_CAUTION	A89_SF3_helicase_domain_by_PROSITE	False	0.0	0.502077043056488	0.0390248379464876	0.9422316787645764	2.7417936432646832	34.483747878293705	87.87999725341797	False	0.987013	0.948052	0.100001	0.294615	0.0	0.0	1.175317	2.985528	0.405132	0.051948	0.0	0.0	0	0.0	0	1.177487	2.955724	0.414777	0.05914	0.0	0.0	0	0.0	0	0	0.0	1.180116	2.991497	0.405766	0.051948	0.0	0.0	0	none	0	none	0	none	none	max(insertion_type_count,local_deletion_type_count)	background	5	AF_coil;hexamer_coil_fraction_ge_0.8;hexamer_rSASA_ge_0.25;burial_lt_0.10;interprotomer_distance_gt_4.5A	False		variable	supports	unresolved_exact_subset_too_small	False	unchanged_or_unresolved	251|252	251	G	252	K	259|260	259	exact_aligned	high	A89 flanking residues align directly to adjacent EV-A71 2C residues	246:EYLLDG|KLDIAK:257	254:YKTELG|RLDAGR:265	259	260	259-260	insertional_handle_SGRPGSLS	8	-5.665021	0.019709	-5.665021	direct_insert_strongly_deleterious	-5.104383	-4.76466	-5.251263	-5.083891;-5.222842	1AAdel_right_residue	-4.76466	deletion_context_strongly_deleterious	-1.640459	Bakhache_2024_NatMicrobiol_Dryad_10.5061_dryad.866t1g1xm_QVEU_eva71_dimple_c99331a6	direct_experiment_unfavorable	direct_experiment_unfavorable	251|252	251	252	exact_aligned	high	259	259,260	257-262	-1.8583707770526317	1.221223964	0.21052631578947367	-1.4225474719473685	0.837250142	0.15789473684210525	38	-1.6404591245000002	-1.743113444	1.221223964	0.18421052631578946	114	-1.6874902482017544	-2.191068463	2.413821831	0.22807017543859648	exact flank summaries	251	252	0	0.0	0	0	False	0	0.0	0	0	False	0	resolved_by_parsimony	False	direct_insert_strongly_deleterious		0.6932868226075839	0.0626435526388009	0.057768321235423636	0.011273782060514504	0.5985704047062296	0.0	0.07750080634013731	0.6890604892989645	0.8786199072285346	0.7939803480135316	0.9032525273016194	0.0	False	True	True	True	True	4	True	pareto_reviewable_direct_conflicted	blocked_software_unavailable				
252|253	252	253	CORE_CAUTION	A89_SF3_helicase_domain_by_PROSITE	False	0.0	0.0826954469084739	0.0105189168532294	0.962500001335106	2.7417936432646832	34.483747878293705	90.08000183105467	False	0.948052	0.987013	0.294615	0.100001	0.0	0.0	1.060478	2.985528	0.416966	0.051948	0.0	0.0	0	0.0	0	1.06524	2.955724	0.428155	0.05914	0.0	0.0	0	0.0	0	0	0.0	1.062669	2.991497	0.417624	0.051948	0.0	0.0	0	none	0	none	0	none	none	max(insertion_type_count,local_deletion_type_count)	background	6	AF_coil;hexamer_coil_fraction_ge_0.8;AF_rSASA_ge_0.25;hexamer_rSASA_ge_0.25;burial_lt_0.10;interprotomer_distance_gt_4.5A	False		variable	supports	unresolved_exact_subset_too_small	False	unchanged_or_unresolved	252|253	252	K	253	L	260|261	260	exact_aligned	high	A89 flanking residues align directly to adjacent EV-A71 2C residues	247:YLLDGK|LDIAKS:258	255:KTELGR|LDAGRA:266	260	261	260-261	insertional_handle_SGRPGSLS	8	-5.683934	0.019452	-5.683934	direct_insert_strongly_deleterious	-4.76466	-4.846673	-4.836119	-5.222842;-5.151917	1AAdel_left_residue	-4.76466	deletion_context_strongly_deleterious	-2.180869	Bakhache_2024_NatMicrobiol_Dryad_10.5061_dryad.866t1g1xm_QVEU_eva71_dimple_c99331a6	direct_experiment_unfavorable	direct_experiment_unfavorable	252|253	252	253	exact_aligned	high	260	260,261	258-263	-1.4225474719473685	0.837250142	0.15789473684210525	-2.9391897123157893	0.997884947	0.05263157894736842	38	-2.1808685921315787	-2.4929390959999997	0.997884947	0.10526315789473684	114	-1.7607433026491226	-2.3176033435	2.413821831	0.2543859649122807	exact flank summaries	252	253	0	0.0	0	0	False	0	0.0	0	0	False	0	resolved_by_parsimony	False	direct_insert_strongly_deleterious		0.11418897642137306	0.016885203277512993	0.03749999866489395	0.011273782060514504	0.5985704047062296	0.0	0.07513247016541492	0.6544727304206465	0.8786199072285346	0.7119420010044629	0.8850289075971193	0.0	False	False	False	False	False	0	False	direct_homolog_strongly_unfavorable	blocked_software_unavailable				
253|254	253	254	CORE_CAUTION	A89_SF3_helicase_domain_by_PROSITE	False	0.0	0.0826954469084739	0.0105189168532294	0.962500001335106	4.127876562530704	39.79650117665712	90.08000183105467	False	0.987013	0.276316	0.100001	1.03979	0.0	0.0	1.072608	2.985528	0.411554	0.051948	0.0	0.0	0	0.0	0	1.071487	2.955724	0.425466	0.05914	0.0	0.0	0	0.0	0	0	0.0	1.0748	2.991497	0.412212	0.051948	0.0	0.0	0	none	0	none	0	none	none	max(insertion_type_count,local_deletion_type_count)	background	6	AF_coil;hexamer_coil_fraction_ge_0.8;AF_rSASA_ge_0.25;hexamer_rSASA_ge_0.25;burial_lt_0.10;interprotomer_distance_gt_4.5A	False		variable	supports	unresolved_exact_subset_too_small	False	unchanged_or_unresolved	253|254	253	L	254	D	261|262	261	exact_aligned	high	A89 flanking residues align directly to adjacent EV-A71 2C residues	248:LLDGKL|DIAKSF:259	256:TELGRL|DAGRAA:267	261	262	261-262	insertional_handle_SGRPGSLS	8	-5.660236	0.019774	-5.660236	direct_insert_strongly_deleterious	-4.846673	-4.877683	-5.272061	-5.151917;-5.258244	1AAdel_left_residue	-4.846673	deletion_context_strongly_deleterious	-2.844489	Bakhache_2024_NatMicrobiol_Dryad_10.5061_dryad.866t1g1xm_QVEU_eva71_dimple_c99331a6	direct_experiment_unfavorable	direct_experiment_unfavorable	253|254	253	254	exact_aligned	high	261	261,262	259-264	-2.9391897123157893	0.997884947	0.05263157894736842	-2.749787913421053	0.060543141	0.10526315789473684	38	-2.844488812868421	-3.2675064425	0.997884947	0.07894736842105263	114	-1.8677780957982455	-2.3176033435	2.317517317	0.21052631578947367	exact flank summaries	253	254	0	0.0	0	0	False	0	0.0	0	0	False	0	resolved_by_parsimony	False	direct_insert_strongly_deleterious		0.11418897642137306	0.016885203277512993	0.03749999866489395	0.08378722607409649	0.7189934442760955	0.0	0.07809980187070911	0.6039343106242072	0.8424454153536827	0.7204156715755886	0.8933461811542751	0.0	False	False	False	False	False	0	False	direct_homolog_strongly_unfavorable	blocked_software_unavailable				
254|255	254	255	HIGH_RISK	ATPase-to-Zn/Cys-rich_transition	False	0.0	0.1771235913038253	0.0953993500823184	0.7308780458116262	3.064004933818916	38.41798464479206	91.9499969482422	False	0.276316	0.064935	1.03979	1.061312	0.0	0.0	1.127908	2.985528	0.426706	0.051948	0.0	0.0	0	0.0	0	1.125915	2.955724	0.440699	0.05914	0.0	0.0	0	0.0	0	0	0.0	1.129193	2.991497	0.426173	0.051948	0.0	0.0	0	none	0	none	0	none	none	max(insertion_type_count,local_deletion_type_count)	background	6	AF_coil;hexamer_coil_fraction_ge_0.8;AF_rSASA_ge_0.25;hexamer_rSASA_ge_0.25;burial_lt_0.10;interprotomer_distance_gt_4.5A	False		variable	supports	unresolved_exact_subset_too_small	False	unchanged_or_unresolved	254|255	254	D	255	I	262|263	262	exact_aligned	high	A89 flanking residues align directly to adjacent EV-A71 2C residues	249:LDGKLD|IAKSFR:260	257:ELGRLD|AGRAAR:268	262	263	262-263	insertional_handle_SGRPGSLS	8	-5.901912	0.016724	-5.901912	direct_insert_strongly_deleterious	-4.877683	-5.054477	-5.050203	-5.258244;-5.282300	1AAdel_left_residue	-4.877683	deletion_context_strongly_deleterious	-2.524657	Bakhache_2024_NatMicrobiol_Dryad_10.5061_dryad.866t1g1xm_QVEU_eva71_dimple_c99331a6	direct_experiment_unfavorable	direct_experiment_unfavorable	254|255	254	255	exact_aligned	high	262	262,263	260-265	-2.749787913421053	0.060543141	0.10526315789473684	-2.299526402	0.588083455	0.21052631578947367	38	-2.5246571577105263	-3.1246390715	0.588083455	0.15789473684210525	114	-2.0166221915964915	-2.4996763335	2.317517317	0.18421052631578946	exact flank summaries	254	255	0	0.0	0	0	False	0	0.0	0	0	False	0	resolved_by_parsimony	False	direct_insert_strongly_deleterious		0.24457890182813544	0.15313719474719784	0.2691219541883738	0.028130385697561527	0.6877469057034051	0.0	0.04999308851310878	0.5336548699268922	0.8424454153536827	0.7584099311894082	0.8718906275453592	0.0	False	False	False	False	False	0	False	direct_homolog_strongly_unfavorable	blocked_software_unavailable				
255|256	255	256	HIGH_RISK	ATPase-to-Zn/Cys-rich_transition	False	0.0	0.4534195959568023	0.1454490445390368	0.7308780458116262	3.064004933818916	38.41798464479206	91.38999938964844	False	0.064935	0.181818	1.061312	2.336522	0.0	0.0	0.916236	2.336522	0.499217	0.051948	0.0	0.0	0	0.0	0	0.913672	2.271761	0.51328	0.064516	0.0	0.0	0	0.0	0	0	0.0	0.917024	2.346533	0.498684	0.051948	0.0	0.0	0	none	0	none	0	none	none	max(insertion_type_count,local_deletion_type_count)	background	5	AF_coil;hexamer_coil_fraction_ge_0.8;hexamer_rSASA_ge_0.25;burial_lt_0.10;interprotomer_distance_gt_4.5A	False		variable	supports	unresolved_exact_subset_too_small	False	unchanged_or_unresolved	255|256	255	I	256	A	263|264	263	exact_aligned	high	A89 flanking residues align directly to adjacent EV-A71 2C residues	250:DGKLDI|AKSFRP:261	258:LGRLDA|GRAARL:269	263	264	263-264	insertional_handle_SGRPGSLS	8	-5.585575	0.020824	-5.585575	direct_insert_strongly_deleterious	-5.054477	-5.20466	-5.2823	-5.282300;-5.186141	1AAdel_left_residue	-5.054477	deletion_context_strongly_deleterious	-1.118386	Bakhache_2024_NatMicrobiol_Dryad_10.5061_dryad.866t1g1xm_QVEU_eva71_dimple_c99331a6	direct_experiment_unfavorable	direct_experiment_unfavorable	255|256	255	256	exact_aligned	high	263	263,264	261-266	-2.299526402	0.588083455	0.21052631578947367	0.06275370194736843	2.317517317	0.5263157894736842	38	-1.1183863500263158	-0.7043359105	2.317517317	0.3684210526315789	114	-2.181157980114035	-2.7128027965	2.317517317	0.16666666666666666	exact flank summaries	255	256	0	0.0	0	0	False	0	0.0	0	0	False	0	resolved_by_parsimony	False	direct_insert_strongly_deleterious		0.6260987936736612	0.23347809644561296	0.2691219541883738	0.028130385697561527	0.6877469057034051	0.0	0.08777588351840758	0.4559663117769024	0.8424454153536827	0.610206962645579	0.7604542227222011	0.0	False	True	True	True	True	4	True	pareto_reviewable_direct_conflicted	blocked_software_unavailable				
256|257	256	257	HIGH_RISK	ATPase-to-Zn/Cys-rich_transition	False	0.0	0.3409981429576874	0.285983482380554	0.611650765508655	3.151837512121498	42.93484163230429	91.04000091552734	False	0.181818	0.311688	2.336522	1.726316	0.0	0.0	0.836568	2.336522	0.578221	0.064935	0.0	0.0	0	0.0	0	0.832623	2.271761	0.591237	0.075269	0.0	0.0	0	0.0	0	0	0.0	0.837357	2.346533	0.577689	0.064935	0.0	0.0	0	none	0	none	0	none	none	max(insertion_type_count,local_deletion_type_count)	literature-rescue	4	AF_coil;hexamer_coil_fraction_ge_0.8;burial_lt_0.10;interprotomer_distance_gt_4.5A	True	Li/Baltimore PV insertion after 2C residue 263; A89 mapped literature-rescue track	variable	supports	unresolved_exact_subset_too_small	True	literature-rescue retained; V2 conservation variable; not promoted	256|257	256	A	257	K	264|265	264	exact_aligned	high	A89 flanking residues align directly to adjacent EV-A71 2C residues	251:GKLDIA|KSFRPC:262	259:GRLDAG|RAARLC:270	264	265	264-265	insertional_handle_SGRPGSLS	8	-5.527047	0.021687	-5.527047	direct_insert_strongly_deleterious	-5.20466	-5.067189	-5.112464	-5.186141;-5.208323	1AAdel_right_residue	-5.067189	deletion_context_strongly_deleterious	-1.344341	Bakhache_2024_NatMicrobiol_Dryad_10.5061_dryad.866t1g1xm_QVEU_eva71_dimple_c99331a6	experimental_conflict	experimental_conflict	256|257	256	257	exact_aligned	high	264	264,265	262-267	0.06275370194736843	2.317517317	0.5263157894736842	-2.7514353518421055	0.085302783	0.05263157894736842	38	-1.3443408249473683	-0.9228149745	2.317517317	0.2894736842105263	114	-2.106549658236842	-2.750475855	2.317517317	0.16666666666666666	exact flank summaries	256	257	0	0.0	0	0	False	0	0.0	0	0	False	0	resolved_by_parsimony	False	direct_insert_strongly_deleterious	HISTORICAL_INSERTION_SUPPORT__MODERN_CONFLICT_CONTROL	0.4708630325079883	0.45906715504878226	0.38834923449134495	0.03272537973492075	0.7901295342937764	0.0	0.09572870110123026	0.49119398476435966	0.8424454153536827	0.554558465951994	0.6390377043587308	0.0	False	False	True	False	True	2	True	conflict_control	blocked_software_unavailable				
257|258	257	258	HIGH_RISK	ATPase-to-Zn/Cys-rich_transition;near_Zn-coordination_sites	False	0.0	0.0	0.0	0.0	4.906171216591307	43.88484601547438	91.04000091552734	False	0.311688	0.207792	1.726316	0.737241	0.0	0.0	0.914955	2.336522	0.560905	0.064935	0.0	0.0	0	0.0	0	0.910038	2.271761	0.57466	0.075269	0.0	0.0	0	0.0	0	0	0.0	0.914682	2.346533	0.560733	0.064935	0.0	0.0	0	none	0	none	0	none	none	max(insertion_type_count,local_deletion_type_count)	background	4	AF_coil;hexamer_coil_fraction_ge_0.8;AF_rSASA_ge_0.25;hexamer_rSASA_ge_0.25	False		variable	supports	unresolved_exact_subset_too_small	False	unchanged_or_unresolved	257|258	257	K	258	S	265|266	265	exact_aligned	high	A89 flanking residues align directly to adjacent EV-A71 2C residues	252:KLDIAK|SFRPCD:263	260:RLDAGR|AARLCS:271	265	266	265-266	insertional_handle_SGRPGSLS	8	-5.782008	0.018174	-5.782008	direct_insert_strongly_deleterious	-5.067189	-5.019766	-4.969982	-5.208323;-5.041601	2AAdel_spanning_junction	-4.969982	deletion_context_strongly_deleterious	-2.580599	Bakhache_2024_NatMicrobiol_Dryad_10.5061_dryad.866t1g1xm_QVEU_eva71_dimple_c99331a6	direct_experiment_unfavorable	direct_experiment_unfavorable	257|258	257	258	exact_aligned	high	265	265,266	263-268	-2.7514353518421055	0.085302783	0.05263157894736842	-2.4097622030526313	0.346845881	0.05263157894736842	38	-2.5805987774473693	-3.248232354	0.346845881	0.05263157894736842	114	-2.047206694710526	-2.6503540475	2.317517317	0.16666666666666666	exact flank summaries	257	258	0	0.0	0	0	False	0	0.0	0	0	False	0	resolved_by_parsimony	False	direct_insert_strongly_deleterious		0.0	0.0	1.0	0.12450400069042242	0.8116630798964453	0.0	0.06335529650278762	0.5192138418072872	0.8424454153536827	0.608571043390977	0.6650960359247202	0.0	False	False	True	False	True	2	True	weak_pareto_reviewable_direct_conflicted	blocked_software_unavailable				
258|259	258	259	HIGH_RISK	ATPase-to-Zn/Cys-rich_transition;near_Zn-coordination_sites	False	0.0	0.0	0.0	0.7195847573620001	2.759802478421405	39.7959039248315	90.51000213623048	False	0.207792	0.792208	0.737241	0.737241	0.0	0.0	0.976571	2.336522	0.548307	0.064935	0.014069	0.168831	0	0.0	0	0.973848	2.271761	0.561921	0.075269	0.012097	0.145161	0	0.0	0	27	0.145161	0.977371	2.346533	0.547701	0.064935	0.014069	0.168831	0	none	0	none	13	A101;A102;A103;A12;A20;A28;A46;A51;A53;A65;A68;A71;A80	broader_lineage_supported	max(insertion_type_count,local_deletion_type_count)	background	6	AF_coil;hexamer_coil_fraction_ge_0.8;AF_rSASA_ge_0.25;hexamer_rSASA_ge_0.25;burial_lt_0.10;interprotomer_distance_gt_4.5A	False		lineage_indel_supported	supports	unresolved_exact_subset_too_small	False	unchanged_or_unresolved	258|259	258	S	259	F	266|267	266	exact_aligned	high	A89 flanking residues align directly to adjacent EV-A71 2C residues	253:LDIAKS|FRPCDV:264	261:LDAGRA|ARLCSE:272	266	267	266-267	insertional_handle_SGRPGSLS	8	-5.905671	0.016681	-5.905671	direct_insert_strongly_deleterious	-5.019766	-4.927321	-5.112464	-5.041601;-5.058732	1AAdel_right_residue	-4.927321	deletion_context_strongly_deleterious	-2.450651	Bakhache_2024_NatMicrobiol_Dryad_10.5061_dryad.866t1g1xm_QVEU_eva71_dimple_c99331a6	direct_experiment_unfavorable	direct_experiment_unfavorable	258|259	258	259	exact_aligned	high	266	266,267	264-269	-2.4097622030526313	0.346845881	0.05263157894736842	-2.4915397810526314	1.158528502	0.05263157894736842	38	-2.4506509920526316	-2.9483376425000003	1.158528502	0.05263157894736842	114	-2.0341045320964914	-2.674269812	2.317517317	0.14912280701754385	exact flank summaries	258	259	0	0.0	0	0	False	0	0.0	0	0	False	0	resolved_by_parsimony	False	direct_insert_strongly_deleterious		0.0	0.0	0.2804152426379999	0.012215920977122947	0.7189799064970589	0.0	0.04959682993134591	0.5254002656321715	0.8424454153536827	0.6523601732593561	0.6851238831155658	0.0	False	False	False	False	False	0	False	direct_homolog_strongly_unfavorable	blocked_software_unavailable				
259|260	259	260	HIGH_RISK	ATPase-to-Zn/Cys-rich_transition;near_Zn-coordination_sites	True	0.8333333333333334	0.292163074016571	0.0999449133872985	0.7195847573620001	2.759802478421405	39.7959039248315	90.13999938964844	False	0.792208	0.25974	0.737241	1.460316	0.0	0.0	1.121582	2.336522	0.490179	0.064935	0.014069	0.168831	0	0.0	0	1.10926	2.271761	0.5062	0.075269	0.012097	0.145161	0	0.0	0	27	0.145161	1.120348	2.346533	0.489573	0.064935	0.014069	0.168831	0	none	0	none	13	A101;A102;A103;A12;A20;A28;A46;A51;A53;A65;A68;A71;A80	broader_lineage_supported	max(insertion_type_count,local_deletion_type_count)	background	3	hexamer_rSASA_ge_0.25;burial_lt_0.10;interprotomer_distance_gt_4.5A	False		lineage_indel_supported	supports	unresolved_exact_subset_too_small	False	unchanged_or_unresolved	259|260	259	F	260	R	267|268	267	exact_aligned	high	A89 flanking residues align directly to adjacent EV-A71 2C residues	254:DIAKSF|RPCDVN:265	262:DAGRAA|RLCSEN:273	267	268	267-268	insertional_handle_SGRPGSLS	8	-5.711649	0.019082	-5.711649	direct_insert_strongly_deleterious	-4.927321	-5.088023	-5.211972	-5.058732;-5.104383	1AAdel_left_residue	-4.927321	deletion_context_strongly_deleterious	-2.442635	Bakhache_2024_NatMicrobiol_Dryad_10.5061_dryad.866t1g1xm_QVEU_eva71_dimple_c99331a6	direct_experiment_unfavorable	direct_experiment_unfavorable	259|260	259	260	exact_aligned	high	267	267,268	265-270	-2.4915397810526314	1.158528502	0.05263157894736842	-2.3937301322631575	1.28914752	0.10526315789473684	38	-2.4426349566578947	-2.903229239	1.28914752	0.07894736842105263	114	-2.540454906087719	-3.037208874	1.28914752	0.06140350877192982	exact flank summaries	259	260	0	0.0	0	0	False	0	0.0	0	0	False	0	resolved_by_parsimony	False	direct_insert_strongly_deleterious		0.4034297366697642	0.16043383578793666	0.2804152426379999	0.012215920977122947	0.7189799064970589	0.8333333333333334	0.07172280329908307	0.2863177485183207	0.4561628485165816	0.7522315768738854	0.7744561959999632	0.0	False	False	False	False	False	0	False	direct_homolog_strongly_unfavorable	blocked_software_unavailable				
260|261	260	261	HIGH_RISK	ATPase-to-Zn/Cys-rich_transition;near_Zn-coordination_sites	True	1.0	0.5688794851303101	0.034878467613796	0.9730535620556569	2.950032393214684	46.380479963032	86.75	False	0.25974	0.922078	1.460316	0.445466	0.0	0.0	1.248822	2.566676	0.472564	0.064935	0.014069	0.168831	0	0.0	0	1.231333	2.560956	0.484407	0.05914	0.012097	0.145161	0	0.0	0	27	0.145161	1.246278	2.561274	0.470651	0.057143	0.014069	0.168831	0	none	0	none	13	A101;A102;A103;A12;A20;A28;A46;A51;A53;A65;A68;A71;A80	broader_lineage_supported	max(insertion_type_count,local_deletion_type_count)	background	3	hexamer_rSASA_ge_0.25;burial_lt_0.10;interprotomer_distance_gt_4.5A	False		lineage_indel_supported	supports	unresolved_exact_subset_too_small	False	unchanged_or_unresolved	260|261	260	R	261	P	268|269	268	exact_aligned	high	A89 flanking residues align directly to adjacent EV-A71 2C residues	255:IAKSFR|PCDVNI:266	263:AGRAAR|LCSENN:274	268	269	268-269	insertional_handle_SGRPGSLS	8	-5.946118	0.01622	-5.946118	direct_insert_strongly_deleterious	-5.088023	-4.941745	-5.024171	-5.104383;-5.247754	1AAdel_right_residue	-4.941745	deletion_context_strongly_deleterious	-2.307322	Bakhache_2024_NatMicrobiol_Dryad_10.5061_dryad.866t1g1xm_QVEU_eva71_dimple_c99331a6	direct_experiment_unfavorable	direct_experiment_unfavorable	260|261	260	261	exact_aligned	high	268	268,269	266-271	-2.3937301322631575	1.28914752	0.10526315789473684	-2.2209134263157897	0.338981535	0.10526315789473684	38	-2.307321779289473	-2.90426596	1.28914752	0.10526315789473684	114	-2.191478260245614	-2.896713351	1.735305861	0.11403508771929824	exact flank summaries	260	261	0	0.0	0	0	False	0	0.0	0	0	False	0	resolved_by_parsimony	False	direct_insert_strongly_deleterious		0.7855301415329955	0.055987705187183066	0.02694643794434315	0.022167869799474393	0.868231079338695	1.0	0.045348569322213504	0.45109340424505034	0.6237515794186647	0.8401954162129238	0.8035359170362719	0.0	True	True	True	True	True	5	True	pareto_reviewable_direct_conflicted	blocked_software_unavailable				
261|262	261	262	EXCLUDE	A89_Zn-binding_C262_by_similarity	True	1.0	0.1651455909013748	0.034878467613796	0.9730535620556569	2.950032393214684	47.128441333998445	81.86000061035156	False	0.922078	1.0	0.445466	0.0	0.0	0.0	1.174861	2.566676	0.548321	0.064935	0.014069	0.168831	0	0.0	0	1.156438	2.560956	0.559676	0.05914	0.012097	0.145161	0	0.0	0	27	0.145161	1.172317	2.561274	0.546408	0.057143	0.014069	0.168831	0	none	0	none	13	A101;A102;A103;A12;A20;A28;A46;A51;A53;A65;A68;A71;A80	broader_lineage_supported	max(insertion_type_count,local_deletion_type_count)	background	4	AF_rSASA_ge_0.25;hexamer_rSASA_ge_0.25;burial_lt_0.10;interprotomer_distance_gt_4.5A	False		lineage_indel_supported	weakens	unresolved_exact_subset_too_small	False	decreased_or_excluded; hard functional feature dominates	261|262	261	P	262	C	269|270	269	exact_aligned	high	A89 flanking residues align directly to adjacent EV-A71 2C residues	256:AKSFRP|CDVNIK:267	264:GRAARL|CSENNT:275	269	270	269-270	insertional_handle_SGRPGSLS	8	-5.798851	0.017963	-5.798851	direct_insert_strongly_deleterious	-4.941745	-4.820076	-5.092138	-5.247754;-4.630722	3AAdel_spanning_option_2	-4.630722	deletion_context_strongly_deleterious	-2.598131	Bakhache_2024_NatMicrobiol_Dryad_10.5061_dryad.866t1g1xm_QVEU_eva71_dimple_c99331a6	direct_experiment_unfavorable	direct_experiment_unfavorable	261|262	261	262	exact_aligned	high	269	269,270	267-272	-2.2209134263157897	0.338981535	0.10526315789473684	-2.9753485420000003	-0.444452423	0.0	38	-2.5981309841578946	-3.149484952	0.338981535	0.05263157894736842	114	-2.151962230131579	-2.890868582	1.735305861	0.11403508771929824	exact flank summaries	261	262	0	0.0	0	0	False	13	0.16883116883116883	1	1	False	1	uncertain	True	direct_insert_strongly_deleterious		0.22803922937138665	0.055987705187183066	0.02694643794434315	0.022167869799474393	0.8851849593165908	1.0	0.061410864857392986	0.4697516149056668	0.6237515794186647	0.788532639103779	0.6871109922636446	0.5	False	False	False	False	False	0	False	hard_excluded	blocked_software_unavailable				
262|263	262	263	EXCLUDE	A89_Zn-binding_C262_by_similarity	True	1.0	0.1651455909013748	0.0573155875215511	0.6167159819696331	2.92821906364868	50.50111960917528	81.5	False	1.0	0.779221	0.0	1.040638	0.0	0.0	1.029457	2.566676	0.604598	0.064935	0.014069	0.168831	0	0.0	0	1.010825	2.560956	0.617023	0.05914	0.012097	0.145161	0	0.0	0	27	0.145161	1.026079	2.561274	0.602685	0.057143	0.014069	0.168831	0	none	0	none	13	A101;A102;A103;A12;A20;A28;A46;A51;A53;A65;A68;A71;A80	broader_lineage_supported	max(insertion_type_count,local_deletion_type_count)	background	4	AF_rSASA_ge_0.25;hexamer_rSASA_ge_0.25;burial_lt_0.10;interprotomer_distance_gt_4.5A	False		lineage_indel_supported	weakens	unresolved_exact_subset_too_small	False	decreased_or_excluded; hard functional feature dominates	262|263	262	C	263	D	270|271	270	exact_aligned	high	A89 flanking residues align directly to adjacent EV-A71 2C residues	257:KSFRPC|DVNIKI:268	265:RAARLC|SENNTA:276	270	271	270-271	insertional_handle_SGRPGSLS	8	-5.97103	0.015942	-5.971030	direct_insert_strongly_deleterious	-4.820076	-4.597606	-5.136322	-4.630722;-5.233595	1AAdel_right_residue	-4.597606	deletion_context_strongly_deleterious	-1.816462	Bakhache_2024_NatMicrobiol_Dryad_10.5061_dryad.866t1g1xm_QVEU_eva71_dimple_c99331a6	direct_experiment_unfavorable	direct_experiment_unfavorable	262|263	262	263	exact_aligned	high	270	270,271	268-273	-2.9753485420000003	-0.444452423	0.0	-0.6575754767894737	1.735305861	0.3684210526315789	38	-1.8164620093947368	-2.131531232	1.735305861	0.18421052631578946	114	-2.1995822688070175	-2.8786140270000002	1.735305861	0.10526315789473684	exact flank summaries	262	263	0	0.0	0	0	False	13	0.16883116883116883	1	1	False	1	uncertain	True	direct_insert_strongly_deleterious		0.22803922937138665	0.09200427760528965	0.38328401803036694	0.021026697341284192	0.961632734430327	1.0	0.042786711514537175	0.44726694955064517	0.6237515794186647	0.6863833820779528	0.6006233344705806	0.5	False	False	False	False	False	0	False	hard_excluded	blocked_software_unavailable				
263|264	263	264	HIGH_RISK	ATPase-to-Zn/Cys-rich_transition;near_Zn-coordination_sites	True	1.0	0.4594427943229675	0.4935287753284205	0.2100521298587555	2.92821906364868	52.19378421415899	80.22000122070312	False	0.779221	0.796875	1.040638	1.034015	0.0	0.168831	0.885598	2.566676	0.661958	0.064935	0.014069	0.168831	0	0.0	0	0.865507	2.560956	0.672579	0.05914	0.012097	0.145161	0	0.0	0	27	0.145161	0.88222	2.561274	0.660045	0.057143	0.014069	0.168831	0	none	0	none	13	A101;A102;A103;A12;A20;A28;A46;A51;A53;A65;A68;A71;A80	broader_lineage_supported	max(insertion_type_count,local_deletion_type_count)	structural near-miss	2	burial_lt_0.10;interprotomer_distance_gt_4.5A	False		lineage_indel_supported	supports	unresolved_exact_subset_too_small	False	outside_strict_review_only; near-miss plus V2 evolutionary support	263|264	263	D	264	V	271|272	271	exact_aligned	high	A89 flanking residues align directly to adjacent EV-A71 2C residues	258:SFRPCD|VNIKIG:269	266:AARLCS|ENNTAN:277	271	272	271-272	insertional_handle_SGRPGSLS	8	-5.827659	0.017608	-5.827659	direct_insert_strongly_deleterious	-4.597606	-4.955963	-5.092138	-5.233595;-5.019766	1AAdel_left_residue	-4.597606	deletion_context_strongly_deleterious	-1.415121	Bakhache_2024_NatMicrobiol_Dryad_10.5061_dryad.866t1g1xm_QVEU_eva71_dimple_c99331a6	direct_experiment_unfavorable	direct_experiment_unfavorable	263|264	263	264	exact_aligned	high	271	271,272	269-274	-0.6575754767894737	1.735305861	0.3684210526315789	-2.1726660223684213	1.598853077	0.05263157894736842	38	-1.4151207495789473	-1.305533353	1.735305861	0.21052631578947367	114	-2.017993311140351	-2.4511001085000004	1.735305861	0.09649122807017543	exact flank summaries	263	264	0	0.0	0	0	False	13	0.16883116883116883	1	1	False	1	uncertain	False	direct_insert_strongly_deleterious		0.6344158520115466	0.7922235540975887	0.7899478701412446	0.021026697341284192	1.0	1.0	0.0581394277288854	0.5330074709544652	0.6237515794186647	0.5858958893163018	0.5124712998736733	0.5	True	True	True	True	True	5	True	pareto_reviewable_direct_conflicted	blocked_software_unavailable				
264|265	264	265	HIGH_RISK	ATPase-to-Zn/Cys-rich_transition;near_Zn-coordination_sites	True	1.0	0.4594427943229675	0.4935287753284205	0.2827777571838257	2.9319275922973653	50.507696668076846	77.37999725341797	False	0.796875	0.289474	1.034015	1.840124	0.168831	0.0	0.832494	2.566676	0.726893	0.064935	0.014069	0.168831	0	0.0	0	0.807646	2.560956	0.735751	0.05914	0.012097	0.145161	0	0.0	0	27	0.145161	0.829116	2.561274	0.72498	0.057143	0.014069	0.168831	0	none	0	none	13	A101;A102;A103;A12;A20;A28;A46;A51;A53;A65;A68;A71;A80	broader_lineage_supported	max(insertion_type_count,local_deletion_type_count)	structural near-miss	2	burial_lt_0.10;interprotomer_distance_gt_4.5A	False		lineage_indel_supported	supports	unresolved_exact_subset_too_small	False	outside_strict_review_only; near-miss plus V2 evolutionary support	264|265	264	V	265	N	272|273	272	exact_aligned	high	A89 flanking residues align directly to adjacent EV-A71 2C residues	259:FRPCDV|NIKIGN:270	267:ARLCSE|NNTANF:278	272	273	272-273	insertional_handle_SGRPGSLS	8	-5.827659	0.017608	-5.827659	direct_insert_strongly_deleterious	-4.955963	-4.892835	-4.960658	-5.019766;-5.226439	1AAdel_right_residue	-4.892835	deletion_context_strongly_deleterious	-2.474963	Bakhache_2024_NatMicrobiol_Dryad_10.5061_dryad.866t1g1xm_QVEU_eva71_dimple_c99331a6	direct_experiment_unfavorable	direct_experiment_unfavorable	264|265	264	265	exact_aligned	high	272	272,273	270-275	-2.1726660223684213	1.598853077	0.05263157894736842	-2.7772600131052636	-0.142717854	0.0	38	-2.474963017736842	-2.924895162	1.598853077	0.02631578947368421	114	-2.106684256982456	-2.707482732	1.735305861	0.08771929824561403	exact flank summaries	264	265	0	0.0	0	0	False	13	0.16883116883116883	1	1	False	1	uncertain	False	direct_insert_strongly_deleterious		0.6344158520115466	0.7922235540975887	0.7172222428161743	0.021220710398368547	0.9617818152138449	1.0	0.0581394277288854	0.4911304315242423	0.6237515794186647	0.5488020139549081	0.41267784857398415	0.5	True	True	True	True	True	5	True	pareto_reviewable_direct_conflicted	blocked_software_unavailable				
265|266	265	266	HIGH_RISK	ATPase-to-Zn/Cys-rich_transition;near_Zn-coordination_sites	True	1.0	0.4735076129436493	0.5123639631190678	0.2827777571838257	2.9319275922973653	48.78937619792664	77.37999725341797	False	0.289474	0.064935	1.840124	2.566676	0.0	0.0	0.771058	2.566676	0.744209	0.064935	0.014069	0.168831	0	0.0	0	0.750467	2.560956	0.750984	0.05914	0.012097	0.145161	0	0.0	0	27	0.145161	0.767679	2.561274	0.742296	0.057143	0.014069	0.168831	0	none	0	none	13	A101;A102;A103;A12;A20;A28;A46;A51;A53;A65;A68;A71;A80	broader_lineage_supported	max(insertion_type_count,local_deletion_type_count)	structural near-miss	2	burial_lt_0.10;interprotomer_distance_gt_4.5A	False		lineage_indel_supported	supports	unresolved_exact_subset_too_small	False	outside_strict_review_only; near-miss plus V2 evolutionary support	265|266	265	N	266	I	273|274	273	exact_aligned	high	A89 flanking residues align directly to adjacent EV-A71 2C residues	260:RPCDVN|IKIGNA:271	268:RLCSEN|NTANFK:279	273	274	273-274	insertional_handle_SGRPGSLS	8	-5.674522	0.019579	-5.674522	direct_insert_strongly_deleterious	-4.892835	-4.775992	-5.14415	-5.226439;-5.083891	1AAdel_right_residue	-4.775992	deletion_context_strongly_deleterious	-2.040728	Bakhache_2024_NatMicrobiol_Dryad_10.5061_dryad.866t1g1xm_QVEU_eva71_dimple_c99331a6	direct_experiment_unfavorable	direct_experiment_unfavorable	265|266	265	266	exact_aligned	high	273	273,274	271-276	-2.7772600131052636	-0.142717854	0.0	-1.3041963862631578	0.531749117	0.05263157894736842	38	-2.0407281996842106	-2.048220075	0.531749117	0.02631578947368421	114	-1.9666676004035089	-2.574708929	1.735305861	0.10526315789473684	exact flank summaries	265	266	0	0.0	0	0	False	13	0.16883116883116883	1	1	False	1	uncertain	False	direct_insert_strongly_deleterious		0.6538370813765136	0.8224582236032776	0.7172222428161743	0.021220710398368547	0.9228330136509431	1.0	0.07630281527899369	0.5572418366149401	0.6237515794186647	0.5058874233293821	0.38606626156073365	0.5	True	True	True	True	True	5	True	pareto_reviewable_direct_conflicted	blocked_software_unavailable				
266|267	266	267	HIGH_RISK	ATPase-to-Zn/Cys-rich_transition;near_Zn-coordination_sites	False	0.0	0.4735076129436493	0.4601596896931276	0.319564982906023	3.5149498833164627	44.64835468194988	79.81999969482422	False	0.064935	0.974026	2.566676	0.173781	0.0	0.0	0.739506	2.566676	0.759844	0.064935	0.014069	0.168831	0	0.0	0	0.717267	2.560956	0.767532	0.05914	0.012097	0.145161	0	0.0	0	27	0.145161	0.73693	2.561274	0.758756	0.057143	0.014069	0.168831	0	none	0	none	13	A101;A102;A103;A12;A20;A28;A46;A51;A53;A65;A68;A71;A80	broader_lineage_supported	max(insertion_type_count,local_deletion_type_count)	background	4	AF_coil;hexamer_coil_fraction_ge_0.8;burial_lt_0.10;interprotomer_distance_gt_4.5A	False		lineage_indel_supported	supports	unresolved_exact_subset_too_small	False	unchanged_or_unresolved	266|267	266	I	267	K	274|275	274	exact_aligned	high	A89 flanking residues align directly to adjacent EV-A71 2C residues	261:PCDVNI|KIGNAK:272	269:LCSENN|TANFKR:280	274	275	274-275	insertional_handle_SGRPGSLS	8	-5.683934	0.019452	-5.683934	direct_insert_strongly_deleterious	-4.775992	-4.90281	-5.019766	-5.083891;-4.983807	1AAdel_left_residue	-4.775992	deletion_context_strongly_deleterious	-2.028628	Bakhache_2024_NatMicrobiol_Dryad_10.5061_dryad.866t1g1xm_QVEU_eva71_dimple_c99331a6	direct_experiment_unfavorable	direct_experiment_unfavorable	266|267	266	267	exact_aligned	high	274	274,275	272-277	-1.3041963862631578	0.531749117	0.05263157894736842	-2.7530591013684207	0.628365528	0.05263157894736842	38	-2.0286277438157896	-2.690026187	0.628365528	0.05263157894736842	114	-2.274030494947368	-2.7446259084999998	1.852387172	0.05263157894736842	exact flank summaries	266	267	0	0.0	0	0	False	13	0.16883116883116883	1	1	False	1	uncertain	False	direct_insert_strongly_deleterious		0.6538370813765136	0.7386587430054964	0.680435017093977	0.051721738634738945	0.8289693670871638	0.0	0.07513247016541492	0.41211486867037195	0.6677303791399996	0.48440882334656554	0.3607701930554147	0.5	False	True	True	True	True	4	True	pareto_reviewable_direct_conflicted	blocked_software_unavailable				
267|268	267	268	HIGH_RISK	ATPase-to-Zn/Cys-rich_transition;near_Zn-coordination_sites	False	0.0	0.1519752144813537	0.1437820073109996	0.319564982906023	3.5149498833164627	43.51342368266956	76.86000061035156	False	0.974026	0.857143	0.173781	0.591673	0.0	0.0	0.702384	2.566676	0.766338	0.064935	0.014069	0.168831	0	0.0	0	0.6832	2.560956	0.773356	0.05914	0.012097	0.145161	0	0.0	0	27	0.145161	0.699808	2.561274	0.76525	0.057143	0.014069	0.168831	0	none	0	none	13	A101;A102;A103;A12;A20;A28;A46;A51;A53;A65;A68;A71;A80	broader_lineage_supported	max(insertion_type_count,local_deletion_type_count)	background	6	AF_coil;hexamer_coil_fraction_ge_0.8;AF_rSASA_ge_0.25;hexamer_rSASA_ge_0.25;burial_lt_0.10;interprotomer_distance_gt_4.5A	False		lineage_indel_supported	supports	unresolved_exact_subset_too_small	False	unchanged_or_unresolved	267|268	267	K	268	I	275|276	275	exact_aligned	high	A89 flanking residues align directly to adjacent EV-A71 2C residues	262:CDVNIK|IGNAKC:273	270:CSENNT|ANFKRC:281	275	276	275-276	insertional_handle_SGRPGSLS	8	-5.729709	0.018845	-5.729709	direct_insert_strongly_deleterious	-4.90281	-4.758946	-5.167272	-4.983807;-5.100318	1AAdel_right_residue	-4.758946	deletion_context_strongly_deleterious	-2.444154	Bakhache_2024_NatMicrobiol_Dryad_10.5061_dryad.866t1g1xm_QVEU_eva71_dimple_c99331a6	direct_experiment_unfavorable	direct_experiment_unfavorable	267|268	267	268	exact_aligned	high	275	275,276	273-278	-2.7530591013684207	0.628365528	0.05263157894736842	-2.135248602526316	0.557579436	0.10526315789473684	38	-2.4441538519473682	-2.7951112265	0.628365528	0.07894736842105263	114	-2.4011887747807017	-2.7951112265	1.852387172	0.043859649122807015	exact flank summaries	267	268	0	0.0	0	0	False	0	0.0	0	0	False	0	resolved_by_parsimony	False	direct_insert_strongly_deleterious		0.20985307936302036	0.23080213057770632	0.680435017093977	0.051721738634738945	0.8032441295389602	0.0	0.06953877344145971	0.35207477948314153	0.6677303791399996	0.4584785950932202	0.3507900795151023	0.0	False	False	False	False	False	0	False	direct_homolog_strongly_unfavorable	blocked_software_unavailable				
268|269	268	269	HIGH_RISK	ATPase-to-Zn/Cys-rich_transition;near_Zn-coordination_sites	False	0.0	0.1519752144813537	0.1437820073109996	0.0100583638124423	5.03711443389194	42.51867522833923	76.12000274658203	False	0.857143	1.0	0.591673	0.0	0.0	0.0	0.702384	2.566676	0.766338	0.064935	0.014069	0.168831	0	0.0	0	0.6832	2.560956	0.773356	0.05914	0.012097	0.145161	0	0.0	0	27	0.145161	0.699808	2.561274	0.76525	0.057143	0.014069	0.168831	0	none	0	none	13	A101;A102;A103;A12;A20;A28;A46;A51;A53;A65;A68;A71;A80	broader_lineage_supported	max(insertion_type_count,local_deletion_type_count)	background	4	AF_coil;hexamer_coil_fraction_ge_0.8;AF_rSASA_ge_0.25;hexamer_rSASA_ge_0.25	False		lineage_indel_supported	supports	unresolved_exact_subset_too_small	False	unchanged_or_unresolved	268|269	268	I	269	G	276|277	276	exact_aligned	high	A89 flanking residues align directly to adjacent EV-A71 2C residues	263:DVNIKI|GNAKCC:274	271:SENNTA|NFKRCS:282	276	277	276-277	insertional_handle_SGRPGSLS	8	-5.913148	0.016595	-5.913148	direct_insert_strongly_deleterious	-4.758946	-4.88276	-4.988373	-5.100318;-4.955963	1AAdel_left_residue	-4.758946	deletion_context_strongly_deleterious	-2.318501	Bakhache_2024_NatMicrobiol_Dryad_10.5061_dryad.866t1g1xm_QVEU_eva71_dimple_c99331a6	direct_experiment_unfavorable	direct_experiment_unfavorable	268|269	268	269	exact_aligned	high	276	276,277	274-279	-2.135248602526316	0.557579436	0.10526315789473684	-2.5017528440526315	1.852387172	0.05263157894736842	38	-2.318500723289474	-2.7550126045	1.852387172	0.07894736842105263	114	-2.109830326815789	-2.6582238245000003	1.852387172	0.07017543859649122	exact flank summaries	268	269	0	0.0	0	0	False	0	0.0	0	0	False	0	resolved_by_parsimony	False	direct_insert_strongly_deleterious		0.20985307936302036	0.23080213057770632	0.9899416361875577	0.13135434385871983	0.780696379671714	0.0	0.0488043127678201	0.4896449575650936	0.6677303791399996	0.4584785950932202	0.3507900795151023	0.0	False	False	True	False	True	2	True	weak_pareto_reviewable_direct_conflicted	blocked_software_unavailable				
269|270	269	270	HIGH_RISK	ATPase-to-Zn/Cys-rich_transition;near_Zn-coordination_sites	True	1.0	0.3184702098369598	0.1271599060449844	0.7751661465257196	3.0403231223266447	37.94790103880197	76.12000274658203	False	1.0	0.987013	0.0	0.100001	0.0	0.0	0.615664	2.566676	0.784736	0.064935	0.014069	0.168831	0	0.0	0	0.598639	2.560956	0.790829	0.05914	0.012097	0.145161	0	0.0	0	27	0.145161	0.614149	2.561274	0.783287	0.057143	0.014069	0.168831	0	none	0	none	13	A101;A102;A103;A12;A20;A28;A46;A51;A53;A65;A68;A71;A80	broader_lineage_supported	max(insertion_type_count,local_deletion_type_count)	background	3	hexamer_rSASA_ge_0.25;burial_lt_0.10;interprotomer_distance_gt_4.5A	False		lineage_indel_supported	supports	unresolved_exact_subset_too_small	False	unchanged_or_unresolved	269|270	269	G	270	N	277|278	277	exact_aligned	high	A89 flanking residues align directly to adjacent EV-A71 2C residues	264:VNIKIG|NAKCCP:275	272:ENNTAN|FKRCSP:283	277	278	277-278	insertional_handle_SGRPGSLS	8	-5.815414	0.017758	-5.815414	direct_insert_strongly_deleterious	-4.88276	-4.758946	-4.76466	-4.955963;-5.136322	1AAdel_right_residue	-4.758946	deletion_context_strongly_deleterious	-2.718684	Bakhache_2024_NatMicrobiol_Dryad_10.5061_dryad.866t1g1xm_QVEU_eva71_dimple_c99331a6	direct_experiment_unfavorable	direct_experiment_unfavorable	269|270	269	270	exact_aligned	high	277	277,278	275-280	-2.5017528440526315	1.852387172	0.05263157894736842	-2.935615701368421	-0.068499859	0.0	38	-2.718684272710526	-3.056987231	1.852387172	0.02631578947368421	114	-2.1827577804736844	-2.707482732	2.329023366	0.07894736842105263	exact flank summaries	269	270	0	0.0	0	0	False	0	0.0	0	0	False	0	resolved_by_parsimony	False	direct_insert_strongly_deleterious		0.4397556170442062	0.20411995762280694	0.22483385347428042	0.026891462911690697	0.677091621426846	1.0	0.05952172510712804	0.4552109370077485	0.8467673880086939	0.3986446038763323	0.32307044478664326	0.0	False	False	False	False	False	0	False	direct_homolog_strongly_unfavorable	blocked_software_unavailable				
270|271	270	271	HIGH_RISK	ATPase-to-Zn/Cys-rich_transition;near_Zn-coordination_sites	False	0.0	0.15298892557621	0.1033776034372413	0.7751661465257196	3.0403231223266447	37.94790103880197	76.7300033569336	False	0.987013	1.0	0.100001	0.0	0.0	0.0	0.588781	2.566676	0.785429	0.064935	0.0	0.0	0	0.0	0	0.565705	2.560956	0.793712	0.05914	0.0	0.0	0	0.0	0	0	0.0	0.586194	2.561274	0.784415	0.057143	0.0	0.0	0	none	0	none	0	none	none	max(insertion_type_count,local_deletion_type_count)	background	6	AF_coil;hexamer_coil_fraction_ge_0.8;AF_rSASA_ge_0.25;hexamer_rSASA_ge_0.25;burial_lt_0.10;interprotomer_distance_gt_4.5A	False		intermediate	remains unresolved	unresolved_exact_subset_too_small	False	unchanged_or_unresolved	270|271	270	N	271	A	278|279	278	exact_aligned	high	A89 flanking residues align directly to adjacent EV-A71 2C residues	265:NIKIGN|AKCCPF:276	273:NNTANF|KRCSPL:284	278	279	278-279	insertional_handle_SGRPGSLS	8	-5.798851	0.017963	-5.798851	direct_insert_strongly_deleterious	-4.758946	-4.803771	-5.12048	-5.136322;-5.182395	1AAdel_left_residue	-4.758946	deletion_context_strongly_deleterious	-1.982363	Bakhache_2024_NatMicrobiol_Dryad_10.5061_dryad.866t1g1xm_QVEU_eva71_dimple_c99331a6	direct_experiment_unfavorable	direct_experiment_unfavorable	270|271	270	271	exact_aligned	high	278	278,279	276-281	-2.935615701368421	-0.068499859	0.0	-1.0291093253157895	1.138785987	0.15789473684210525	38	-1.982362513342105	-2.2118527365	1.138785987	0.07894736842105263	114	-2.1673210090087722	-2.6582238245000003	2.329023366	0.07894736842105263	exact flank summaries	270	271	0	0.0	0	0	False	0	0.0	0	0	False	0	resolved_by_parsimony	False	direct_insert_strongly_deleterious		0.21125284968455627	0.1659440675057761	0.22483385347428042	0.026891462911690697	0.677091621426846	0.0	0.061410864857392986	0.46249968876446473	0.8467673880086939	0.3791176513731733	0.3213369110518923	0.0	False	False	False	False	False	0	False	direct_homolog_strongly_unfavorable	blocked_software_unavailable				
271|272	271	272	HIGH_RISK	ATPase-to-Zn/Cys-rich_transition;near_Zn-coordination_sites	False	0.0	0.15298892557621	0.1033776034372413	0.8822527908030507	2.5539594026673686	41.713262085086825	79.79000091552734	False	1.0	0.447368	0.0	1.081699	0.0	0.0	0.484743	2.566676	0.832735	0.064935	0.0	0.0	0	0.0	0	0.475564	2.560956	0.83644	0.05914	0.0	0.0	0	0.0	0	0	0.0	0.48419	2.561274	0.83172	0.057143	0.0	0.0	0	none	0	none	0	none	none	max(insertion_type_count,local_deletion_type_count)	background	6	AF_coil;hexamer_coil_fraction_ge_0.8;AF_rSASA_ge_0.25;hexamer_rSASA_ge_0.25;burial_lt_0.10;interprotomer_distance_gt_4.5A	False		intermediate	remains unresolved	unresolved_exact_subset_too_small	False	unchanged_or_unresolved	271|272	271	A	272	K	279|280	279	exact_aligned	high	A89 flanking residues align directly to adjacent EV-A71 2C residues	266:IKIGNA|KCCPFI:277	274:NTANFK|RCSPLV:285	279	280	279-280	insertional_handle_SGRPGSLS	8	-5.794666	0.018015	-5.794666	direct_insert_strongly_deleterious	-4.803771	-4.84141	-5.373124	-5.182395;-5.104383	1AAdel_left_residue	-4.803771	deletion_context_strongly_deleterious	-1.385435	Bakhache_2024_NatMicrobiol_Dryad_10.5061_dryad.866t1g1xm_QVEU_eva71_dimple_c99331a6	direct_experiment_unfavorable	direct_experiment_unfavorable	271|272	271	272	exact_aligned	high	279	279,280	277-282	-1.0291093253157895	1.138785987	0.15789473684210525	-1.7417611082105264	2.329023366	0.10526315789473684	38	-1.3854352167631578	-1.2320852334999999	2.329023366	0.13157894736842105	114	-2.2464814035614036	-2.717245503	2.329023366	0.06140350877192982	exact flank summaries	271	272	0	0.0	0	0	False	0	0.0	0	0	False	0	resolved_by_parsimony	False	direct_insert_strongly_deleterious		0.21125284968455627	0.1659440675057761	0.11774720919694925	0.001447163825726944	0.7624402526932881	0.0	0.061890061281850435	0.4251226720631863	0.8467673880086939	0.3078664525489117	0.24863760846111996	0.0	False	False	False	False	False	0	False	direct_homolog_strongly_unfavorable	blocked_software_unavailable				
272|273	272	273	EXCLUDE	A89_Zn-binding_C273_by_similarity	False	0.0	0.1022108122706413	0.0635980845925336	0.8822527908030507	2.5539594026673686	44.25571427877973	83.7699966430664	False	0.447368	1.0	1.081699	0.0	0.0	0.0	0.270854	1.081699	0.910657	0.447368	0.0	0.0	0	0.0	0	0.262151	1.07348	0.914845	0.467391	0.0	0.0	0	0.0	0	0	0.0	0.27075	1.080458	0.910292	0.442982	0.0	0.0	0	none	0	none	0	none	none	max(insertion_type_count,local_deletion_type_count)	background	6	AF_coil;hexamer_coil_fraction_ge_0.8;AF_rSASA_ge_0.25;hexamer_rSASA_ge_0.25;burial_lt_0.10;interprotomer_distance_gt_4.5A	False		conserved	weakens	unresolved_exact_subset_too_small	False	decreased_or_excluded; hard functional feature dominates	272|273	272	K	273	C	280|281	280	exact_aligned	high	A89 flanking residues align directly to adjacent EV-A71 2C residues	267:KIGNAK|CCPFIC:278	275:TANFKR|CSPLVC:286	280	281	280-281	insertional_handle_SGRPGSLS	8	-5.611086	0.020459	-5.611086	direct_insert_strongly_deleterious	-4.84141	-4.527891	-4.93696	-5.104383;-5.024171	1AAdel_right_residue	-4.527891	deletion_context_strongly_deleterious	-2.2011	Bakhache_2024_NatMicrobiol_Dryad_10.5061_dryad.866t1g1xm_QVEU_eva71_dimple_c99331a6	direct_experiment_unfavorable	direct_experiment_unfavorable	272|273	272	273	exact_aligned	high	280	280,281	278-283	-1.7417611082105264	2.329023366	0.10526315789473684	-2.6604384725789476	0.593568125	0.05263157894736842	38	-2.2010997903947365	-2.8125533525	2.329023366	0.07894736842105263	114	-2.286477277973684	-2.7858779125	2.329023366	0.06140350877192982	exact flank summaries	272	273	0	0.0	0	0	False	0	0.0	0	0	False	0	resolved_by_parsimony	True	direct_insert_strongly_deleterious		0.141136525270845	0.10208908401778179	0.11774720919694925	0.001447163825726944	0.8200694712794189	0.0	0.08441229323135052	0.4062378942100882	0.8467673880086939	0.1587756730005567	0.12788653345504958	0.0	False	False	False	False	False	0	False	hard_excluded	blocked_software_unavailable				
273|274	273	274	EXCLUDE	A89_Zn-binding_C273_by_similarity	True	1.0	0.0430095642805099	0.0002675474939232	1.0	3.3775859299485687	44.57170664690218	86.77999877929688	False	1.0	1.0	0.0	0.0	0.0	0.0	0.256372	1.081699	0.912822	0.447368	0.0	0.0	0	0.0	0	0.249666	1.07348	0.916637	0.467391	0.0	0.0	0	0.0	0	0	0.0	0.256268	1.080458	0.912456	0.442982	0.0	0.0	0	none	0	none	0	none	none	max(insertion_type_count,local_deletion_type_count)	background	4	AF_rSASA_ge_0.25;hexamer_rSASA_ge_0.25;burial_lt_0.10;interprotomer_distance_gt_4.5A	False		conserved	weakens	unresolved_exact_subset_too_small	False	decreased_or_excluded; hard functional feature dominates	273|274	273	C	274	C	281|282	281	exact_aligned	high	A89 flanking residues align directly to adjacent EV-A71 2C residues	268:IGNAKC|CPFICG:279	276:ANFKRC|SPLVCG:287	281	282	281-282	insertional_handle_SGRPGSLS	8	-5.669783	0.019644	-5.669783	direct_insert_strongly_deleterious	-4.527891	-4.892835	-5.07139	-5.024171;-4.912687	1AAdel_left_residue	-4.527891	deletion_context_strongly_deleterious	-2.635325	Bakhache_2024_NatMicrobiol_Dryad_10.5061_dryad.866t1g1xm_QVEU_eva71_dimple_c99331a6	direct_experiment_unfavorable	direct_experiment_unfavorable	273|274	273	274	exact_aligned	high	281	281,282	279-284	-2.6604384725789476	0.593568125	0.05263157894736842	-2.610210969842105	-0.051668162	0.0	38	-2.635324721210526	-3.1773757910000002	0.593568125	0.02631578947368421	114	-2.274142980131579	-2.8000325970000004	2.329023366	0.07017543859649122	exact flank summaries	273	274	0	0.0	0	0	False	0	0.0	0	0	False	0	resolved_by_parsimony	True	direct_insert_strongly_deleterious		0.059389220387868966	0.00042947328934304327	0.0	0.04453549226839484	0.8272320025157004	1.0	0.07690181080956549	0.41206175674953516	0.8467673880086939	0.1486597965508787	0.12456085348873659	0.0	False	False	False	False	False	0	False	hard_excluded	blocked_software_unavailable				
274|275	274	275	HIGH_RISK	ATPase-to-Zn/Cys-rich_transition;near_Zn-coordination_sites	False	0.0	0.0430095642805099	0.0002675474939232	1.0	3.396072725200085	44.57170664690218	90.0999984741211	False	1.0	1.0	0.0	0.0	0.0	0.0	0.221548	1.081699	0.922562	0.447368	0.0	0.0	0	0.0	0	0.218504	1.07348	0.924692	0.467391	0.0	0.0	0	0.0	0	0	0.0	0.221493	1.080458	0.922187	0.442982	0.0	0.0	0	none	0	none	0	none	none	max(insertion_type_count,local_deletion_type_count)	background	6	AF_coil;hexamer_coil_fraction_ge_0.8;AF_rSASA_ge_0.25;hexamer_rSASA_ge_0.25;burial_lt_0.10;interprotomer_distance_gt_4.5A	False		conserved	weakens	unresolved_exact_subset_too_small	False	decreased; conserved local window	274|275	274	C	275	P	282|283	282	exact_aligned	high	A89 flanking residues align directly to adjacent EV-A71 2C residues	269:GNAKCC|PFICGK:280	277:NFKRCS|PLVCGK:288	282	283	282-283	insertional_handle_SGRPGSLS	8	-5.683934	0.019452	-5.683934	direct_insert_strongly_deleterious	-4.892835	-4.897835	-4.997444	-4.912687;-5.193589	1AAdel_left_residue	-4.892835	deletion_context_strongly_deleterious	-2.67597	Bakhache_2024_NatMicrobiol_Dryad_10.5061_dryad.866t1g1xm_QVEU_eva71_dimple_c99331a6	direct_experiment_unfavorable	direct_experiment_unfavorable	274|275	274	275	exact_aligned	high	282	282,283	280-285	-2.610210969842105	-0.051668162	0.0	-2.7417280905263155	0.356097367	0.05263157894736842	38	-2.6759695301842106	-3.068761151	0.356097367	0.02631578947368421	114	-2.520683520605263	-3.0892667014999997	2.329023366	0.05263157894736842	exact flank summaries	274	275	0	0.0	0	0	False	0	0.0	0	0	False	0	resolved_by_parsimony	False	direct_insert_strongly_deleterious		0.059389220387868966	0.00042947328934304327	0.0	0.04550263584532547	0.8272320025157004	0.0	0.07513247016541492	0.29565316693761423	0.8467673880086939	0.12436898012099655	0.10960605138513654	0.0	False	False	False	False	False	0	False	direct_homolog_strongly_unfavorable	blocked_software_unavailable				
275|276	275	276	HIGH_RISK	ATPase-to-Zn/Cys-rich_transition;near_Zn-coordination_sites	False	0.0	0.0	0.0003235222150882	0.0	6.250449780454153	39.25231469527872	91.61000061035156	False	1.0	0.805195	0.0	0.711416	0.0	0.0	0.221548	1.081699	0.922562	0.447368	0.0	0.0	0	0.0	0	0.218504	1.07348	0.924692	0.467391	0.0	0.0	0	0.0	0	0	0.0	0.221493	1.080458	0.922187	0.442982	0.0	0.0	0	none	0	none	0	none	none	max(insertion_type_count,local_deletion_type_count)	background	4	AF_coil;hexamer_coil_fraction_ge_0.8;AF_rSASA_ge_0.25;hexamer_rSASA_ge_0.25	False		conserved	weakens	unresolved_exact_subset_too_small	False	decreased; conserved local window	275|276	275	P	276	F	283|284	283	exact_aligned	high	A89 flanking residues align directly to adjacent EV-A71 2C residues	270:NAKCCP|FICGKA:281	278:FKRCSP|LVCGKA:289	283	284	283-284	insertional_handle_SGRPGSLS	8	-5.743042	0.018671	-5.743042	direct_insert_strongly_deleterious	-4.897835	-4.983807	-4.862299	-5.193589;-4.887810	2AAdel_spanning_junction	-4.862299	deletion_context_strongly_deleterious	-2.801669	Bakhache_2024_NatMicrobiol_Dryad_10.5061_dryad.866t1g1xm_QVEU_eva71_dimple_c99331a6	direct_experiment_unfavorable	direct_experiment_unfavorable	275|276	275	276	exact_aligned	high	283	283,284	281-286	-2.7417280905263155	0.356097367	0.05263157894736842	-2.8616099143157894	0.629620319	0.05263157894736842	38	-2.801669002421053	-3.2100856885	0.629620319	0.05263157894736842	114	-2.751861845342105	-3.227648037	0.629620319	0.043859649122807015	exact flank summaries	275	276	0	0.0	0	0	False	0	0.0	0	0	False	0	resolved_by_parsimony	False	direct_insert_strongly_deleterious		0.0	0.000519325177941532	1.0	0.1948304342857119	0.7066584860162034	0.0	0.06793530848269824	0.18649812604254226	0.20842719851560368	0.12436898012099655	0.10960605138513654	0.0	False	False	False	False	False	0	False	direct_homolog_strongly_unfavorable	blocked_software_unavailable				
276|277	276	277	HIGH_RISK	ATPase-to-Zn/Cys-rich_transition;near_Zn-coordination_sites	False	0.0	0.0	0.0003235222150882	1.0	4.076009647678903	39.25231469527872	92.0999984741211	False	0.805195	0.857143	0.711416	0.591673	0.0	0.0	0.273658	1.081699	0.912822	0.447368	0.0	0.0	0	0.0	0	0.266094	1.07348	0.91618	0.467391	0.0	0.0	0	0.0	0	0	0.0	0.271315	1.080458	0.912808	0.442982	0.0	0.0	0	none	0	none	0	none	none	max(insertion_type_count,local_deletion_type_count)	background	6	AF_coil;hexamer_coil_fraction_ge_0.8;AF_rSASA_ge_0.25;hexamer_rSASA_ge_0.25;burial_lt_0.10;interprotomer_distance_gt_4.5A	False		conserved	weakens	unresolved_exact_subset_too_small	False	decreased; conserved local window	276|277	276	F	277	I	284|285	284	exact_aligned	high	A89 flanking residues align directly to adjacent EV-A71 2C residues	271:AKCCPF|ICGKAV:282	279:KRCSPL|VCGKAI:290	284	285	284-285	insertional_handle_SGRPGSLS	8	-5.811299	0.017808	-5.811299	direct_insert_strongly_deleterious	-4.983807	-4.624186	-4.741604	-4.887810;-5.079741	1AAdel_right_residue	-4.624186	deletion_context_strongly_deleterious	-2.684981	Bakhache_2024_NatMicrobiol_Dryad_10.5061_dryad.866t1g1xm_QVEU_eva71_dimple_c99331a6	direct_experiment_unfavorable	direct_experiment_unfavorable	276|277	276	277	exact_aligned	high	284	284,285	282-287	-2.8616099143157894	0.629620319	0.05263157894736842	-2.508352568157895	0.113572	0.05263157894736842	38	-2.684981241236842	-3.157095081	0.629620319	0.05263157894736842	114	-2.8498497944122803	-3.2356025485	0.629620319	0.03508771929824561	exact flank summaries	276	277	0	0.0	0	0	False	0	0.0	0	0	False	0	resolved_by_parsimony	False	direct_insert_strongly_deleterious		0.0	0.000519325177941532	0.0	0.08107378911156982	0.7066584860162034	0.0	0.059982490899875604	0.14023133783843764	0.20842719851560368	0.15917033328187613	0.1240198926069705	0.0	False	False	False	False	False	0	False	direct_homolog_strongly_unfavorable	blocked_software_unavailable				
277|278	277	278	EXCLUDE	A89_Zn-binding_C278_by_similarity	False	0.0	0.0242649503052234	0.0038062795467183	1.0	4.076009647678903	43.13961451879552	89.66999816894531	False	0.857143	1.0	0.591673	0.0	0.0	0.0	0.512033	2.860506	0.834971	0.065789	0.0	0.0	0	0.0	0	0.501832	2.828852	0.839187	0.076087	0.0	0.0	0	0.0	0	0	0.0	0.509804	2.861861	0.834957	0.065789	0.0	0.0	0	none	0	none	0	none	none	max(insertion_type_count,local_deletion_type_count)	background	6	AF_coil;hexamer_coil_fraction_ge_0.8;AF_rSASA_ge_0.25;hexamer_rSASA_ge_0.25;burial_lt_0.10;interprotomer_distance_gt_4.5A	False		intermediate	weakens	unresolved_exact_subset_too_small	False	decreased_or_excluded; hard functional feature dominates	277|278	277	I	278	C	285|286	285	exact_aligned	high	A89 flanking residues align directly to adjacent EV-A71 2C residues	272:KCCPFI|CGKAVE:283	280:RCSPLV|CGKAIQ:291	285	286	285-286	insertional_handle_SGRPGSLS	8	-5.707083	0.019142	-5.707083	direct_insert_strongly_deleterious	-4.624186	-5.058732	-4.836119	-5.079741;-5.075574	1AAdel_left_residue	-4.624186	deletion_context_strongly_deleterious	-2.818592	Bakhache_2024_NatMicrobiol_Dryad_10.5061_dryad.866t1g1xm_QVEU_eva71_dimple_c99331a6	direct_experiment_unfavorable	direct_experiment_unfavorable	277|278	277	278	exact_aligned	high	285	285,286	283-288	-2.508352568157895	0.113572	0.05263157894736842	-3.128831056631579	0.330258946	0.05263157894736842	38	-2.818591812394737	-3.271206582	0.330258946	0.05263157894736842	114	-2.8041461819999998	-3.2310844875	0.629620319	0.05263157894736842	exact flank summaries	277	278	0	0.0	0	0	False	0	0.0	0	0	False	0	resolved_by_parsimony	True	direct_insert_strongly_deleterious		0.03350595397755832	0.006109926028899745	0.0	0.08107378911156982	0.7947710773935407	0.0	0.07227572225038012	0.1618111277585951	0.20842719851560368	0.325758184311241	0.24366291989783223	0.0	False	False	False	False	False	0	False	hard_excluded	blocked_software_unavailable				
278|279	278	279	EXCLUDE	A89_Zn-binding_C278_by_similarity	False	0.0	0.0570864118635654	0.0670704176792731	0.0	8.060724100385602	47.0565237410734	89.66999816894531	False	1.0	1.0	0.0	0.0	0.0	0.0	0.421892	2.860506	0.881024	0.065789	0.0	0.0	0	0.0	0	0.412376	2.828852	0.883571	0.076087	0.0	0.0	0	0.0	0	0	0.0	0.419766	2.861861	0.881375	0.065789	0.0	0.0	0	none	0	none	0	none	none	max(insertion_type_count,local_deletion_type_count)	background	4	AF_coil;hexamer_coil_fraction_ge_0.8;AF_rSASA_ge_0.25;hexamer_rSASA_ge_0.25	False		intermediate	weakens	unresolved_exact_subset_too_small	False	decreased_or_excluded; hard functional feature dominates	278|279	278	C	279	G	286|287	286	exact_aligned	high	A89 flanking residues align directly to adjacent EV-A71 2C residues	273:CCPFIC|GKAVEF:284	281:CSPLVC|GKAIQL:292	286	287	286-287	insertional_handle_SGRPGSLS	8	-5.924259	0.016467	-5.924259	direct_insert_strongly_deleterious	-5.058732	-4.681526	-4.90281	-5.075574;-5.215609	1AAdel_right_residue	-4.681526	deletion_context_strongly_deleterious	-3.188599	Bakhache_2024_NatMicrobiol_Dryad_10.5061_dryad.866t1g1xm_QVEU_eva71_dimple_c99331a6	direct_experiment_unfavorable	direct_experiment_unfavorable	278|279	278	279	exact_aligned	high	286	286,287	284-289	-3.128831056631579	0.330258946	0.05263157894736842	-3.248366167	-0.119596615	0.0	38	-3.18859861181579	-3.537681342	0.330258946	0.02631578947368421	114	-2.73527707754386	-3.150183414	0.629620319	0.05263157894736842	exact flank summaries	278	279	0	0.0	0	0	False	0	0.0	0	0	False	0	resolved_by_parsimony	True	direct_insert_strongly_deleterious		0.07882705979549508	0.10766295163503845	1.0	0.28953560936794	0.8835548186621677	0.0	0.04762475233838639	0.19432892509912955	0.20842719851560368	0.2628654012856844	0.1723267772562833	0.0	False	False	False	False	False	0	False	hard_excluded	blocked_software_unavailable				
279|280	279	280	HIGH_RISK	ATPase-to-Zn/Cys-rich_transition;near_Zn-coordination_sites	True	1.0	0.0570864118635654	0.0670704176792731	0.0	9.250789188439688	47.92108365144136	90.52999877929688	False	1.0	0.974026	0.0	0.173781	0.0	0.0	0.524836	2.860506	0.845309	0.065789	0.0	0.0	0	0.0	0	0.510572	2.828852	0.850865	0.076087	0.0	0.0	0	0.0	0	0	0.0	0.52271	2.861861	0.845661	0.065789	0.0	0.0	0	none	0	none	0	none	none	max(insertion_type_count,local_deletion_type_count)	structural near-miss	2	AF_rSASA_ge_0.25;hexamer_rSASA_ge_0.25	False		intermediate	remains unresolved	unresolved_exact_subset_too_small	False	unchanged_or_unresolved	279|280	279	G	280	K	287|288	287	exact_aligned	high	A89 flanking residues align directly to adjacent EV-A71 2C residues	274:CPFICG|KAVEFK:285	282:SPLVCG|KAIQLR:293	287	288	287-288	insertional_handle_SGRPGSLS	8	-6.002175	0.015601	-6.002175	direct_insert_strongly_deleterious	-4.681526	-5.058732	-5.200983	-5.215609;-5.132385	1AAdel_left_residue	-4.681526	deletion_context_strongly_deleterious	-2.792178	Bakhache_2024_NatMicrobiol_Dryad_10.5061_dryad.866t1g1xm_QVEU_eva71_dimple_c99331a6	direct_experiment_unfavorable	direct_experiment_unfavorable	279|280	279	280	exact_aligned	high	287	287,288	285-290	-3.248366167	-0.119596615	0.0	-2.335989295368421	0.066074616	0.10526315789473684	38	-2.7921777311842098	-3.1204012045000002	0.066074616	0.05263157894736842	114	-2.636536192008772	-3.0639756814999997	1.958702978	0.07017543859649122	exact flank summaries	279	280	0	0.0	0	0	False	0	0.0	0	0	False	0	resolved_by_parsimony	False	direct_insert_strongly_deleterious		0.07882705979549508	0.10766295163503845	1.0	0.3517943075566638	0.9031516127253952	1.0	0.0396442888079989	0.24095122591763057	0.7076653738829805	0.33477320305585806	0.22721279126594068	0.0	True	True	True	True	True	5	True	pareto_reviewable_direct_conflicted	blocked_software_unavailable				
280|281	280	281	HIGH_RISK	ATPase-to-Zn/Cys-rich_transition;near_Zn-coordination_sites	True	1.0	0.0	0.0	0.0	9.250789188439688	45.69213722905821	91.08000183105467	False	0.974026	1.0	0.173781	0.0	0.0	0.0	0.539318	2.860506	0.843145	0.065789	0.0	0.0	0	0.0	0	0.523057	2.828852	0.849073	0.076087	0.0	0.0	0	0.0	0	0	0.0	0.537192	2.861861	0.843496	0.065789	0.0	0.0	0	none	0	none	0	none	none	max(insertion_type_count,local_deletion_type_count)	structural near-miss	2	AF_rSASA_ge_0.25;hexamer_rSASA_ge_0.25	False		intermediate	remains unresolved	unresolved_exact_subset_too_small	False	unchanged_or_unresolved	280|281	280	K	281	A	288|289	288	exact_aligned	high	A89 flanking residues align directly to adjacent EV-A71 2C residues	275:PFICGK|AVEFKD:286	283:PLVCGK|AIQLRD:294	288	289	288-289	insertional_handle_SGRPGSLS	8	-5.697888	0.019265	-5.697888	direct_insert_strongly_deleterious	-5.058732	-5.167272	-4.965331	-5.132385;-5.075574	2AAdel_spanning_junction	-4.965331	deletion_context_strongly_deleterious	-2.332251	Bakhache_2024_NatMicrobiol_Dryad_10.5061_dryad.866t1g1xm_QVEU_eva71_dimple_c99331a6	direct_experiment_unfavorable	direct_experiment_unfavorable	280|281	280	281	exact_aligned	high	288	288,289	286-291	-2.335989295368421	0.066074616	0.10526315789473684	-2.3285134637894735	0.416568037	0.05263157894736842	38	-2.3322513795789477	-2.6456033784999997	0.416568037	0.07894736842105263	114	-2.890205040842105	-3.2310844875	1.958702978	0.06140350877192982	exact flank summaries	280	281	0	0.0	0	0	False	0	0.0	0	0	False	0	resolved_by_parsimony	False	direct_insert_strongly_deleterious		0.0	0.0	1.0	0.3517943075566638	0.8526285622189014	1.0	0.07340920610053911	0.12117687596623325	0.7076653738829805	0.3448890795055361	0.23054000805294037	0.0	False	False	False	False	False	0	False	direct_homolog_strongly_unfavorable	blocked_software_unavailable				
281|282	281	282	HIGH_RISK	ATPase-to-Zn/Cys-rich_transition;near_Zn-coordination_sites	False	0.0	0.0	0.0	0.0	10.246048221985127	41.90691168566107	91.12999725341795	False	1.0	0.87013	0.0	0.725324	0.0	0.0	0.539318	2.860506	0.843145	0.065789	0.0	0.0	0	0.0	0	0.523057	2.828852	0.849073	0.076087	0.0	0.0	0	0.0	0	0	0.0	0.537192	2.861861	0.843496	0.065789	0.0	0.0	0	none	0	none	0	none	none	max(insertion_type_count,local_deletion_type_count)	background	4	AF_coil;hexamer_coil_fraction_ge_0.8;AF_rSASA_ge_0.25;hexamer_rSASA_ge_0.25	False		intermediate	remains unresolved	unresolved_exact_subset_too_small	False	unchanged_or_unresolved	281|282	281	A	282	V	289|290	289	exact_aligned	high	A89 flanking residues align directly to adjacent EV-A71 2C residues	276:FICGKA|VEFKDR:287	284:LVCGKA|IQLRDR:295	289	290	289-290	insertional_handle_SGRPGSLS	8	-5.946118	0.01622	-5.946118	direct_insert_strongly_deleterious	-5.167272	-4.877683	-4.798277	-5.075574;-4.825452	2AAdel_spanning_junction	-4.798277	deletion_context_strongly_deleterious	-2.298839	Bakhache_2024_NatMicrobiol_Dryad_10.5061_dryad.866t1g1xm_QVEU_eva71_dimple_c99331a6	direct_experiment_unfavorable	direct_experiment_unfavorable	281|282	281	282	exact_aligned	high	289	289,290	287-292	-2.3285134637894735	0.416568037	0.05263157894736842	-2.2691646011052633	1.958702978	0.15789473684210525	38	-2.2988390324473684	-2.4603164535	1.958702978	0.10526315789473684	114	-2.992780164745614	-3.292194372	1.958702978	0.07017543859649122	exact flank summaries	281	282	0	0.0	0	0	False	0	0.0	0	0	False	0	resolved_by_parsimony	False	direct_insert_strongly_deleterious		0.0	0.0	1.0	0.40386165446995326	0.7668296666568208	0.0	0.045348569322213504	0.07274416992750751	0.7076653738829805	0.3448890795055361	0.23054000805294037	0.0	False	False	False	False	False	0	False	direct_homolog_strongly_unfavorable	blocked_software_unavailable				
282|283	282	283	HIGH_RISK	ATPase-to-Zn/Cys-rich_transition;near_Zn-coordination_sites	False	0.0	0.0	0.0	0.0	10.707798300077243	41.90691168566107	93.86000061035156	False	0.87013	0.065789	0.725324	2.860506	0.0	0.0	0.521062	2.860506	0.852885	0.065789	0.0	0.0	0	0.0	0	0.51274	2.828852	0.855793	0.076087	0.0	0.0	0	0.0	0	0	0.0	0.518936	2.861861	0.853236	0.065789	0.0	0.0	0	none	0	none	0	none	none	max(insertion_type_count,local_deletion_type_count)	background	4	AF_coil;hexamer_coil_fraction_ge_0.8;AF_rSASA_ge_0.25;hexamer_rSASA_ge_0.25	False		intermediate	remains unresolved	unresolved_exact_subset_too_small	False	unchanged_or_unresolved	282|283	282	V	283	E	290|291	290	exact_aligned	high	A89 flanking residues align directly to adjacent EV-A71 2C residues	277:ICGKAV|EFKDRN:288	285:VCGKAI|QLRDRK:296	290	291	290-291	insertional_handle_SGRPGSLS	8	-5.729709	0.018845	-5.729709	direct_insert_strongly_deleterious	-4.877683	-4.656447	-4.917589	-4.825452;-5.200983	1AAdel_right_residue	-4.656447	deletion_context_strongly_deleterious	-3.149765	Bakhache_2024_NatMicrobiol_Dryad_10.5061_dryad.866t1g1xm_QVEU_eva71_dimple_c99331a6	direct_experiment_unfavorable	direct_experiment_unfavorable	282|283	282	283	exact_aligned	high	290	290,291	288-293	-2.2691646011052633	1.958702978	0.15789473684210525	-4.030365661157894	-0.939577376	0.0	38	-3.1497651311315793	-4.032043401	1.958702978	0.07894736842105263	114	-3.0787522353684214	-3.421830215	1.958702978	0.07894736842105263	exact flank summaries	282	283	0	0.0	0	0	False	0	0.0	0	0	False	0	resolved_by_parsimony	False	direct_insert_strongly_deleterious		0.0	0.0	1.0	0.4280182817327221	0.7668296666568208	0.0	0.06953877344145971	0.0321508967677119	0.7076653738829805	0.3321370120793986	0.21557137456315872	0.0	False	False	False	False	False	0	False	direct_homolog_strongly_unfavorable	blocked_software_unavailable				
283|284	283	284	HIGH_RISK	ATPase-to-Zn/Cys-rich_transition	False	0.0	0.0005241442704573	0.000565893906686	0.0	11.781689587977615	39.61814634314886	93.86000061035156	False	0.065789	1.0	2.860506	0.0	0.0	0.0	0.553574	2.860506	0.790115	0.065789	0.0	0.0	0	0.0	0	0.536681	2.828852	0.796205	0.076087	0.0	0.0	0	0.0	0	0	0.0	0.550387	2.861861	0.790105	0.065789	0.0	0.0	0	none	0	none	0	none	none	max(insertion_type_count,local_deletion_type_count)	background	4	AF_coil;hexamer_coil_fraction_ge_0.8;AF_rSASA_ge_0.25;hexamer_rSASA_ge_0.25	False		intermediate	remains unresolved	unresolved_exact_subset_too_small	False	unchanged_or_unresolved	283|284	283	E	284	F	291|292	291	exact_aligned	high	A89 flanking residues align directly to adjacent EV-A71 2C residues	278:CGKAVE|FKDRNS:289	286:CGKAIQ|LRDRKS:297	291	292	291-292	insertional_handle_SGRPGSLS	8	-5.510472	0.021937	-5.510472	direct_insert_strongly_deleterious	-4.656447	-4.624186	-5.028557	-5.200983;-5.481735	1AAdel_right_residue	-4.624186	deletion_context_strongly_deleterious	-3.887324	Bakhache_2024_NatMicrobiol_Dryad_10.5061_dryad.866t1g1xm_QVEU_eva71_dimple_c99331a6	direct_experiment_unfavorable	direct_experiment_unfavorable	283|284	283	284	exact_aligned	high	291	291,292	289-294	-4.030365661157894	-0.939577376	0.0	-3.7442818000526317	0.405896725	0.10526315789473684	38	-3.8873237306052633	-4.602108021499999	0.405896725	0.05263157894736842	114	-2.990188022517544	-3.307701726	1.958702978	0.07894736842105263	exact flank summaries	283	284	0	0.0	0	0	False	0	0.0	0	0	False	0	resolved_by_parsimony	False	direct_insert_strongly_deleterious		0.000723758078324302	0.0009083856998988957	1.0	0.48419930431041375	0.7149507135173272	0.0	0.098032530064968	0.07396809691647967	0.7076653738829805	0.3541059687303325	0.31259240134379607	0.0	False	False	False	False	False	0	False	direct_homolog_strongly_unfavorable	blocked_software_unavailable				
284|285	284	285	HIGH_RISK	ATPase-to-Zn/Cys-rich_transition	False	0.0	0.0005241442704573	0.000565893906686	0.0	11.781689587977615	39.61814634314886	93.63999938964844	False	1.0	0.571429	0.0	1.235336	0.0	0.0	0.624578	2.860506	0.773881	0.065789	0.0	0.0	0	0.0	0	0.600695	2.828852	0.782316	0.076087	0.0	0.0	0	0.0	0	0	0.0	0.621391	2.861861	0.773871	0.065789	0.0	0.0	0	none	0	none	0	none	none	max(insertion_type_count,local_deletion_type_count)	background	4	AF_coil;hexamer_coil_fraction_ge_0.8;AF_rSASA_ge_0.25;hexamer_rSASA_ge_0.25	False		intermediate	remains unresolved	unresolved_exact_subset_too_small	False	unchanged_or_unresolved	284|285	284	F	285	K	292|293	292	exact_aligned	high	A89 flanking residues align directly to adjacent EV-A71 2C residues	279:GKAVEF|KDRNSC:290	287:GKAIQL|RDRKSK:298	292	293	292-293	insertional_handle_SGRPGSLS	8	-5.794666	0.018015	-5.794666	direct_insert_strongly_deleterious	-4.624186	-4.820076	-4.93696	-5.481735;-5.450659	1AAdel_left_residue	-4.624186	deletion_context_strongly_deleterious	-3.75424	Bakhache_2024_NatMicrobiol_Dryad_10.5061_dryad.866t1g1xm_QVEU_eva71_dimple_c99331a6	direct_experiment_unfavorable	direct_experiment_unfavorable	284|285	284	285	exact_aligned	high	292	292,293	290-295	-3.7442818000526317	0.405896725	0.10526315789473684	-3.7641985907368416	0.196780368	0.05263157894736842	38	-3.7542401953947375	-4.5630092005	0.405896725	0.07894736842105263	114	-3.1103315065263155	-3.493845728	1.958702978	0.07017543859649122	exact flank summaries	284	285	0	0.0	0	0	False	0	0.0	0	0	False	0	resolved_by_parsimony	False	direct_insert_strongly_deleterious		0.000723758078324302	0.0009083856998988957	1.0	0.48419930431041375	0.7149507135173272	0.0	0.061890061281850435	0.01724017086553064	0.7076653738829805	0.40370324061494367	0.33754114837389004	0.0	False	False	False	False	False	0	False	direct_homolog_strongly_unfavorable	blocked_software_unavailable				
285|286	285	286	HIGH_RISK	ATPase-to-Zn/Cys-rich_transition	False	0.0	0.0456850528717041	0.0281722955341372	0.0	11.833768359727046	41.7269629759173	93.37999725341795	False	0.571429	0.974026	1.235336	0.173781	0.0	0.0	0.842142	2.860506	0.694992	0.053333	0.0	0.0	0	0.0	0	0.820238	2.828852	0.70402	0.06044	0.0	0.0	0	0.0	0	0	0.0	0.839366	2.861861	0.694982	0.053333	0.0	0.0	0	none	0	none	0	none	none	max(insertion_type_count,local_deletion_type_count)	background	4	AF_coil;hexamer_coil_fraction_ge_0.8;AF_rSASA_ge_0.25;hexamer_rSASA_ge_0.25	False		variable	supports	unresolved_exact_subset_too_small	False	unchanged_or_unresolved	285|286	285	K	286	D	293|294	293	exact_aligned	high	A89 flanking residues align directly to adjacent EV-A71 2C residues	280:KAVEFK|DRNSCT:291	288:KAIQLR|DRKSKV:299	293	294	293-294	insertional_handle_SGRPGSLS	8	-5.773479	0.018281	-5.773479	direct_insert_strongly_deleterious	-4.820076	-5.079741	-5.289068	-5.450659;-5.302469	1AAdel_left_residue	-4.820076	deletion_context_strongly_deleterious	-2.784401	Bakhache_2024_NatMicrobiol_Dryad_10.5061_dryad.866t1g1xm_QVEU_eva71_dimple_c99331a6	direct_experiment_unfavorable	direct_experiment_unfavorable	285|286	285	286	exact_aligned	high	293	293,294	291-296	-3.7641985907368416	0.196780368	0.05263157894736842	-1.804604018263158	1.518751119	0.10526315789473684	38	-2.7844013045	-3.0623289145	1.518751119	0.07894736842105263	114	-3.0192754990087725	-3.229912901	1.518751119	0.05263157894736842	exact flank summaries	285	286	0	0.0	0	0	False	0	0.0	0	0	False	0	resolved_by_parsimony	False	direct_insert_strongly_deleterious		0.0630836354382364	0.04522280606696074	1.0	0.4869238246454224	0.7627508078472662	0.0	0.06434133529926737	0.06023391708128651	0.542407959794151	0.5559617801204377	0.45877939553768743	0.0	False	False	False	False	False	0	False	direct_homolog_strongly_unfavorable	blocked_software_unavailable				
286|287	286	287	HIGH_RISK	ATPase-to-Zn/Cys-rich_transition	False	0.0	0.0456850528717041	0.0281722955341372	0.0	11.833768359727046	35.35488900968324	90.58999633789062	False	0.974026	1.0	0.173781	0.0	0.0	0.0	1.050883	2.860506	0.646291	0.053333	0.0	0.0	0	0.0	0	1.022979	2.828852	0.658331	0.06044	0.0	0.0	0	0.0	0	0	0.0	1.048058	2.861861	0.646291	0.053333	0.0	0.0	0	none	0	none	0	none	none	max(insertion_type_count,local_deletion_type_count)	background	4	AF_coil;hexamer_coil_fraction_ge_0.8;AF_rSASA_ge_0.25;hexamer_rSASA_ge_0.25	False		variable	supports	unresolved_exact_subset_too_small	False	unchanged_or_unresolved	286|287	286	D	287	R	294|295	294	exact_aligned	high	A89 flanking residues align directly to adjacent EV-A71 2C residues	281:AVEFKD|RNSCTT:292	289:AIQLRD|RKSKVR:300	294	295	294-295	insertional_handle_SGRPGSLS	8	-5.738617	0.018729	-5.738617	direct_insert_strongly_deleterious	-5.079741	-4.983807	-5.197293	-5.302469;-5.163455	1AAdel_right_residue	-4.983807	deletion_context_strongly_deleterious	-2.426989	Bakhache_2024_NatMicrobiol_Dryad_10.5061_dryad.866t1g1xm_QVEU_eva71_dimple_c99331a6	direct_experiment_unfavorable	direct_experiment_unfavorable	286|287	286	287	exact_aligned	high	294	294,295	292-297	-1.804604018263158	1.518751119	0.10526315789473684	-3.0493743678421055	-0.542442287	0.0	38	-2.4269891930526315	-2.7601659045	1.518751119	0.05263157894736842	114	-2.700327718491228	-2.7601659045	1.518751119	0.07017543859649122	exact flank summaries	286	287	0	0.0	0	0	False	0	0.0	0	0	False	0	resolved_by_parsimony	False	direct_insert_strongly_deleterious		0.0630836354382364	0.04522280606696074	1.0	0.4869238246454224	0.6183163738948565	0.0	0.06846979680228539	0.21083089915309522	0.542407959794151	0.701736016278165	0.5336087316004143	0.0	False	False	False	False	False	0	False	direct_homolog_strongly_unfavorable	blocked_software_unavailable				
287|288	287	288	HIGH_RISK	ATPase-to-Zn/Cys-rich_transition	True	1.0	0.2670468091964721	0.2731286348217595	0.0	7.97857785863854	35.35488900968324	88.62000274658203	True	1.0	0.922078	0.0	0.492344	0.0	0.0	1.131641	2.860506	0.58352	0.053333	0.0	0.0	0	0.0	0	1.097397	2.828852	0.594263	0.06044	0.0	0.0	0	0.0	0	0	0.0	1.128816	2.861861	0.58352	0.053333	0.0	0.0	0	none	0	none	0	none	none	max(insertion_type_count,local_deletion_type_count)	strict structural pass	0	none	False		variable	supports	unresolved_exact_subset_too_small	True	reviewable_after_QC; structural pass plus V2 evolutionary support, functional context still required	287|288	287	R	288	N	295|296	295	exact_aligned	high	A89 flanking residues align directly to adjacent EV-A71 2C residues	282:VEFKDR|NSCTTL:293	290:IQLRDR|KSKVRY:301	295	296	295-296	insertional_handle_SGRPGSLS	8	-5.521553	0.021769	-5.521553	direct_insert_strongly_deleterious	-4.983807	-4.78161	-5.363778	-5.163455;-5.348005	1AAdel_right_residue	-4.78161	deletion_context_strongly_deleterious	-2.386101	Bakhache_2024_NatMicrobiol_Dryad_10.5061_dryad.866t1g1xm_QVEU_eva71_dimple_c99331a6	experimental_conflict	experimental_conflict	287|288	287	288	exact_aligned	high	295	295,296	293-298	-3.0493743678421055	-0.542442287	0.0	-1.7228285559999998	0.570000962	0.05263157894736842	38	-2.386101461921053	-2.6218982115	0.570000962	0.02631578947368421	114	-2.3371674005000003	-2.502721125	1.518751119	0.08771929824561403	exact flank summaries	287	288	0	0.0	0	0	False	0	0.0	0	0	False	0	resolved_by_parsimony	False	direct_insert_strongly_deleterious	STRUCTURE_EVOLUTION_FAVORED__DIRECT_HOMOLOG_CONFLICT	0.36874825566259956	0.4384322629624313	1.0	0.2852380981447254	0.6183163738948565	1.0	0.09648435700133622	0.3823036330563458	0.542407959794151	0.7581465914972714	0.6300765029337906	0.0	False	False	False	False	False	0	False	conflict_control	blocked_software_unavailable				
288|289	288	289	HIGH_RISK	ATPase-to-Zn/Cys-rich_transition	True	1.0	0.3961829841136932	0.4603922361968666	0.0	7.97857785863854	40.4833248371507	88.62000274658203	True	0.922078	0.103896	0.492344	0.981816	0.0	0.0	1.190865	2.860506	0.546723	0.053333	0.0	0.0	0	0.0	0	1.159078	2.828852	0.555284	0.06044	0.0	0.0	0	0.0	0	0	0.0	1.190328	2.861861	0.546363	0.053333	0.0	0.0	0	none	0	none	0	none	none	max(insertion_type_count,local_deletion_type_count)	strict structural pass	0	none	False		variable	supports	unresolved_exact_subset_too_small	True	reviewable_after_QC; structural pass plus V2 evolutionary support, functional context still required	288|289	288	N	289	S	296|297	296	exact_aligned	high	A89 flanking residues align directly to adjacent EV-A71 2C residues	283:EFKDRN|SCTTLS:294	291:QLRDRK|SKVRYS:302	296	297	296-297	insertional_handle_SGRPGSLS	8	-5.152603	0.028113	-5.152603	direct_insert_strongly_deleterious	-4.78161	-5.054477	-5.124464	-5.348005;-5.295791	1AAdel_left_residue	-4.78161	deletion_context_strongly_deleterious	-1.919754	Bakhache_2024_NatMicrobiol_Dryad_10.5061_dryad.866t1g1xm_QVEU_eva71_dimple_c99331a6	experimental_conflict	experimental_conflict	288|289	288	289	exact_aligned	high	296	296,297	294-299	-1.7228285559999998	0.570000962	0.05263157894736842	-2.1166789780526316	0.287591006	0.10526315789473684	38	-1.9197537670263156	-2.163547275	0.570000962	0.07894736842105263	114	-2.1245817753596494	-2.4736563065	1.518751119	0.07894736842105263	exact flank summaries	288	289	0	0.0	0	0	False	0	0.0	0	0	False	0	resolved_by_parsimony	False	direct_insert_strongly_deleterious	STRUCTURE_EVOLUTION_FAVORED__DIRECT_HOMOLOG_CONFLICT	0.5470643321098245	0.7390320319136506	1.0	0.2852380981447254	0.7345615288831141	1.0	0.1549463207851449	0.4826797934611511	0.542407959794151	0.8011135706557159	0.6871801491945522	0.0	False	False	True	True	True	3	True	conflict_control	blocked_software_unavailable				
289|290	289	290	HIGH_RISK	ATPase-to-Zn/Cys-rich_transition	True	1.0	0.3961829841136932	0.4603922361968666	0.0	11.411383751320844	45.21923965005797	89.61000061035156	True	0.103896	0.805195	0.981816	0.852051	0.0	0.0	0.95249	2.678681	0.624574	0.053333	0.0	0.0	0	0.0	0	0.92334	2.634514	0.632277	0.06044	0.0	0.0	0	0.0	0	0	0.0	0.95184	2.678681	0.624214	0.053333	0.0	0.0	0	none	0	none	0	none	none	max(insertion_type_count,local_deletion_type_count)	strict structural pass	0	none	False		variable	supports	unresolved_exact_subset_too_small	True	reviewable_after_QC; structural pass plus V2 evolutionary support, functional context still required	289|290	289	S	290	C	297|298	297	exact_aligned	high	A89 flanking residues align directly to adjacent EV-A71 2C residues	284:FKDRNS|CTTLSL:295	292:LRDRKS|KVRYSV:303	297	298	297-298	insertional_handle_SGRPGSLS	8	-3.51897	0.087234	-3.518970	direct_insert_strongly_deleterious	-5.054477	-4.922467	-5.124464	-5.295791;-4.892835	3AAdel_spanning_option_2	-4.892835	deletion_context_strongly_deleterious	-1.840999	Bakhache_2024_NatMicrobiol_Dryad_10.5061_dryad.866t1g1xm_QVEU_eva71_dimple_c99331a6	experimental_conflict	experimental_conflict	289|290	289	290	exact_aligned	high	297	297,298	295-300	-2.1166789780526316	0.287591006	0.10526315789473684	-1.5653198921052631	0.989224223	0.21052631578947367	38	-1.8409994350789474	-2.0125959215	0.989224223	0.15789473684210525	114	-2.3025361571315788	-2.6296872675	0.989224223	0.06140350877192982	exact flank summaries	289	290	0	0.0	0	0	False	0	0.0	0	0	False	0	resolved_by_parsimony	False	direct_insert_strongly_deleterious	STRUCTURE_EVOLUTION_FAVORED__DIRECT_HOMOLOG_CONFLICT	0.5470643321098245	0.7390320319136506	1.0	0.4648266165865563	0.8419094942196433	1.0	0.6997650094456987	0.3986554030176098	0.3435038212314714	0.6345264181401233	0.5675371219036904	0.0	True	True	True	True	True	5	True	conflict_control	blocked_software_unavailable				
290|291	290	291	HIGH_RISK	ATPase-to-Zn/Cys-rich_transition;C-terminal_bundle/RNA-binding_transition	True	1.0	0.3655236661434173	0.3893583393836206	0.0	14.076977854444886	46.08773248666802	91.20999908447266	True	0.805195	0.053333	0.852051	2.610762	0.0	0.0	1.061338	2.678681	0.574791	0.053333	0.0	0.0	0	0.0	0	1.034142	2.634514	0.582994	0.06044	0.0	0.0	0	0.0	0	0	0.0	1.060688	2.678681	0.57443	0.053333	0.0	0.0	0	none	0	none	0	none	none	max(insertion_type_count,local_deletion_type_count)	strict structural pass	0	none	False		variable	supports	unresolved_exact_subset_too_small	True	reviewable_after_QC; structural pass plus V2 evolutionary support, functional context still required	290|291	290	C	291	T	298|299	298	exact_aligned	high	A89 flanking residues align directly to adjacent EV-A71 2C residues	285:KDRNSC|TTLSLS:296	293:RDRKSK|VRYSVD:304	298	299	298-299	insertional_handle_SGRPGSLS	8	-5.214399	0.026935	-5.214399	direct_insert_strongly_deleterious	-4.922467	-4.337596	-4.862299	-4.892835;-5.275486	1AAdel_right_residue	-4.337596	deletion_context_strongly_deleterious	-2.027002	Bakhache_2024_NatMicrobiol_Dryad_10.5061_dryad.866t1g1xm_QVEU_eva71_dimple_c99331a6	experimental_conflict	experimental_conflict	290|291	290	291	exact_aligned	high	298	298,299	296-301	-1.5653198921052631	0.989224223	0.21052631578947367	-2.4886848398947365	-0.058571379	0.0	38	-2.027002366	-2.6031031735	0.989224223	0.10526315789473684	114	-2.171113695517544	-2.5504536875	0.989224223	0.06140350877192982	exact flank summaries	290	291	0	0.0	0	0	False	0	0.0	0	0	False	0	resolved_by_parsimony	False	direct_insert_strongly_deleterious	STRUCTURE_EVOLUTION_FAVORED__DIRECT_HOMOLOG_CONFLICT	0.5047287952975256	0.625006813916295	1.0	0.6042781645950793	0.8615954350784922	1.0	0.14409067870801273	0.4607089030087567	0.3435038212314714	0.710558245221642	0.644046202977129	0.0	True	True	True	True	True	5	True	conflict_control	blocked_software_unavailable				
291|292	291	292	HIGH_RISK	C-terminal_bundle/RNA-binding_transition	False	0.0	0.3655236661434173	0.3730555541755617	0.0	15.372715872061487	46.22068436680049	92.18000030517578	False	0.053333	0.38961	2.610762	2.678681	0.0	0.0	1.036968	2.678681	0.591865	0.053333	0.0	0.0	0	0.0	0	1.012116	2.634514	0.59849	0.06044	0.0	0.0	0	0.0	0	0	0.0	1.037501	2.678681	0.591221	0.053333	0.0	0.0	0	none	0	none	0	none	none	max(insertion_type_count,local_deletion_type_count)	structural near-miss	2	AF_coil;hexamer_coil_fraction_ge_0.8	False		variable	supports	unresolved_exact_subset_too_small	False	outside_strict_review_only; near-miss plus V2 evolutionary support	291|292	291	T	292	T	299|300	299	exact_aligned	high	A89 flanking residues align directly to adjacent EV-A71 2C residues	286:DRNSCT|TLSLSQ:297	294:DRKSKV|RYSVDT:305	299	300	299-300	insertional_handle_SGRPGSLS	8	-5.626087	0.020248	-5.626087	direct_insert_strongly_deleterious	-4.337596	-4.729874	-4.846673	-5.275486;-5.151917	1AAdel_left_residue	-4.337596	deletion_context_strongly_deleterious	-2.680508	Bakhache_2024_NatMicrobiol_Dryad_10.5061_dryad.866t1g1xm_QVEU_eva71_dimple_c99331a6	direct_experiment_unfavorable	direct_experiment_unfavorable	291|292	291	292	exact_aligned	high	299	299,300	297-302	-2.4886848398947365	-0.058571379	0.0	-2.872330308894737	-0.781804114	0.0	38	-2.680507574394736	-2.831712042	-0.058571379	0.0	114	-2.277056103456141	-2.6653113895000002	1.140225	0.06140350877192982	exact flank summaries	291	292	0	0.0	0	0	False	0	0.0	0	0	False	0	resolved_by_parsimony	False	direct_insert_strongly_deleterious		0.5047287952975256	0.598837214320763	1.0	0.6720651814399774	0.8646090268308164	0.0	0.08246786158595584	0.4106862727114579	0.4002236586908331	0.6943618063845556	0.6182414468244674	0.0	True	True	True	True	True	5	True	pareto_reviewable_direct_conflicted	blocked_software_unavailable				
292|293	292	293	HIGH_RISK	C-terminal_bundle/RNA-binding_transition	False	0.0	0.0888698250055313	0.0483056763511392	0.0	15.605285466232782	44.86096882035977	92.94000244140624	False	0.38961	0.246753	2.678681	0.969092	0.0	0.0	1.12913	2.678681	0.516107	0.053333	0.0	0.0	0	0.0	0	1.108792	2.634514	0.523221	0.06044	0.0	0.0	0	0.0	0	0	0.0	1.129662	2.678681	0.515464	0.053333	0.0	0.0	0	none	0	none	0	none	none	max(insertion_type_count,local_deletion_type_count)	background	4	AF_coil;hexamer_coil_fraction_ge_0.8;AF_rSASA_ge_0.25;hexamer_rSASA_ge_0.25	False		variable	supports	unresolved_exact_subset_too_small	False	unchanged_or_unresolved	292|293	292	T	293	L	300|301	300	exact_aligned	high	A89 flanking residues align directly to adjacent EV-A71 2C residues	287:RNSCTT|LSLSQL:298	295:RKSKVR|YSVDTV:306	300	301	300-301	insertional_handle_SGRPGSLS	8	-5.679239	0.019515	-5.679239	direct_insert_strongly_deleterious	-4.729874	-4.476028	-4.969982	-5.151917;-5.338420	1AAdel_right_residue	-4.476028	deletion_context_strongly_deleterious	-2.566585	Bakhache_2024_NatMicrobiol_Dryad_10.5061_dryad.866t1g1xm_QVEU_eva71_dimple_c99331a6	direct_experiment_unfavorable	direct_experiment_unfavorable	292|293	292	293	exact_aligned	high	300	300,301	298-303	-2.872330308894737	-0.781804114	0.0	-2.2608395981578946	-0.041624264	0.0	38	-2.5665849535263154	-2.836862957	-0.041624264	0.0	114	-2.2550986293508775	-2.738574998	2.245429979	0.07894736842105263	exact flank summaries	292	293	0	0.0	0	0	False	0	0.0	0	0	False	0	resolved_by_parsimony	False	direct_insert_strongly_deleterious		0.12271478940502939	0.07754136438452078	1.0	0.6842321463536868	0.8337886461624288	0.0	0.07571303506427683	0.4210538925419106	0.8153675275740849	0.758737534148592	0.7346663715970947	0.0	True	True	True	True	True	5	True	pareto_reviewable_direct_conflicted	blocked_software_unavailable				
293|294	293	294	HIGH_RISK	C-terminal_bundle/RNA-binding_transition	False	0.0	0.0644783601164817	0.0483056763511392	0.0	12.645844928242214	44.86096882035977	92.38999938964844	False	0.246753	0.428571	0.969092	1.436012	0.0	0.0	1.12913	2.678681	0.516107	0.053333	0.0	0.0	0	0.0	0	1.108792	2.634514	0.523221	0.06044	0.0	0.0	0	0.0	0	0	0.0	1.129662	2.678681	0.515464	0.053333	0.0	0.0	0	none	0	none	0	none	none	max(insertion_type_count,local_deletion_type_count)	background	4	AF_coil;hexamer_coil_fraction_ge_0.8;AF_rSASA_ge_0.25;hexamer_rSASA_ge_0.25	False		variable	supports	unresolved_exact_subset_too_small	False	unchanged_or_unresolved	293|294	293	L	294	S	301|302	301	exact_aligned	high	A89 flanking residues align directly to adjacent EV-A71 2C residues	288:NSCTTL|SLSQLY:299	296:KSKVRY|SVDTVV:307	301	302	301-302	insertional_handle_SGRPGSLS	8	-5.807167	0.017859	-5.807167	direct_insert_strongly_deleterious	-4.476028	-4.520645	-4.922467	-5.338420;-4.936960	1AAdel_left_residue	-4.476028	deletion_context_strongly_deleterious	-2.309661	Bakhache_2024_NatMicrobiol_Dryad_10.5061_dryad.866t1g1xm_QVEU_eva71_dimple_c99331a6	direct_experiment_unfavorable	direct_experiment_unfavorable	293|294	293	294	exact_aligned	high	301	301,302	299-304	-2.2608395981578946	-0.041624264	0.0	-2.3584830036315787	1.140225	0.05263157894736842	38	-2.3096613008947373	-2.705487174	1.140225	0.02631578947368421	114	-2.4381193362280706	-2.7811762855	2.245429979	0.05263157894736842	exact flank summaries	293	294	0	0.0	0	0	False	0	0.0	0	0	False	0	resolved_by_parsimony	False	direct_insert_strongly_deleterious		0.08903413934238334	0.07754136438452078	1.0	0.5294079126947498	0.8337886461624288	0.0	0.060452472008478086	0.33463734476838475	0.8153675275740849	0.758737534148592	0.7346663715970947	0.0	False	False	False	False	False	0	False	direct_homolog_strongly_unfavorable	blocked_software_unavailable				
294|295	294	295	HIGH_RISK	C-terminal_bundle/RNA-binding_transition	False	0.0	0.0	0.0006797883789337	0.0	8.995495522696825	40.19992895045725	92.38999938964844	False	0.428571	1.0	1.436012	0.0	0.0	0.0	1.104747	2.678681	0.440349	0.012987	0.0	0.0	0	0.0	0	1.094069	2.634514	0.450192	0.037634	0.0	0.0	0	0.0	0	0	0.0	1.108479	2.678681	0.440247	0.019481	0.0	0.0	0	none	0	none	0	none	none	max(insertion_type_count,local_deletion_type_count)	background	4	AF_coil;hexamer_coil_fraction_ge_0.8;AF_rSASA_ge_0.25;hexamer_rSASA_ge_0.25	False		variable	supports	unresolved_exact_subset_too_small	False	unchanged_or_unresolved	294|295	294	S	295	L	302|303	302	exact_aligned	high	A89 flanking residues align directly to adjacent EV-A71 2C residues	289:SCTTLS|LSQLYS:300	297:SKVRYS|VDTVVS:308	302	303	302-303	insertional_handle_SGRPGSLS	8	-5.532512	0.021605	-5.532512	direct_insert_strongly_deleterious	-4.520645	-4.693834	-5.140243	-4.936960;-5.219232	1AAdel_left_residue	-4.520645	deletion_context_strongly_deleterious	-2.171709	Bakhache_2024_NatMicrobiol_Dryad_10.5061_dryad.866t1g1xm_QVEU_eva71_dimple_c99331a6	direct_experiment_unfavorable	direct_experiment_unfavorable	294|295	294	295	exact_aligned	high	302	302,303	300-305	-2.3584830036315787	1.140225	0.05263157894736842	-1.9849341334210526	2.245429979	0.21052631578947367	38	-2.1717085685263156	-2.7815548505	2.245429979	0.13157894736842105	114	-2.242652922192982	-2.6697059105000003	2.262970473	0.08771929824561403	exact flank summaries	294	295	0	0.0	0	0	False	0	0.0	0	0	False	0	resolved_by_parsimony	False	direct_insert_strongly_deleterious		0.0	0.0010912116831176015	1.0	0.3384385243776386	0.7281378551003064	0.0	0.09497304520112426	0.4269303590113973	0.8219561954498597	0.7439409169110883	0.8502614131988308	0.0	False	False	False	False	False	0	False	direct_homolog_strongly_unfavorable	blocked_software_unavailable				
295|296	295	296	HIGH_RISK	C-terminal_bundle/RNA-binding_transition	False	0.0	0.0	0.0006797883789337	0.0	8.995495522696825	40.19992895045725	91.69000244140624	False	1.0	0.402597	0.0	1.306176	0.0	0.0	1.26981	2.962572	0.442514	0.012987	0.0	0.0	0	0.0	0	1.258789	2.926286	0.453328	0.037634	0.0	0.0	0	0.0	0	0	0.0	1.274481	2.961108	0.442773	0.019481	0.0	0.0	0	none	0	none	0	none	none	max(insertion_type_count,local_deletion_type_count)	background	4	AF_coil;hexamer_coil_fraction_ge_0.8;AF_rSASA_ge_0.25;hexamer_rSASA_ge_0.25	False		variable	supports	unresolved_exact_subset_too_small	False	unchanged_or_unresolved	295|296	295	L	296	S	303|304	303	exact_aligned	high	A89 flanking residues align directly to adjacent EV-A71 2C residues	290:CTTLSL|SQLYSH:301	298:KVRYSV|DTVVSE:309	303	304	303-304	insertional_handle_SGRPGSLS	8	-5.353998	0.02445	-5.353998	direct_insert_strongly_deleterious	-4.693834	-4.656447	-4.974612	-5.219232;-4.955963	1AAdel_right_residue	-4.656447	deletion_context_strongly_deleterious	-2.324189	Bakhache_2024_NatMicrobiol_Dryad_10.5061_dryad.866t1g1xm_QVEU_eva71_dimple_c99331a6	direct_experiment_unfavorable	direct_experiment_unfavorable	295|296	295	296	exact_aligned	high	303	303,304	301-306	-1.9849341334210526	2.245429979	0.21052631578947367	-2.663444133368421	0.42326172	0.05263157894736842	38	-2.3241891333947367	-2.7811762855	2.245429979	0.13157894736842105	114	-2.1038965421754385	-2.660917634	2.661966469	0.11403508771929824	exact flank summaries	295	296	0	0.0	0	0	False	0	0.0	0	0	False	0	resolved_by_parsimony	False	direct_insert_strongly_deleterious		0.0	0.0010912116831176015	1.0	0.3384385243776386	0.7281378551003064	0.0	0.12119061880845966	0.49244670165514753	0.9718295172279063	0.8598956001316	0.8463794041438832	0.0	False	False	True	True	True	3	True	pareto_reviewable_direct_conflicted	blocked_software_unavailable				
296|297	296	297	HIGH_RISK	C-terminal_bundle/RNA-binding_transition	False	0.0	0.1421877741813659	0.1328688037010931	0.0	10.45377590798349	45.00755025707061	91.69000244140624	False	0.402597	0.776316	1.306176	0.942906	0.0	0.0	1.259271	2.962572	0.445761	0.012987	0.0	0.0	0	0.0	0	1.256628	2.926286	0.453776	0.037634	0.0	0.0	0	0.0	0	0	0.0	1.265711	2.961108	0.445659	0.019481	0.0	0.0	0	none	0	none	0	none	none	max(insertion_type_count,local_deletion_type_count)	background	4	AF_coil;hexamer_coil_fraction_ge_0.8;AF_rSASA_ge_0.25;hexamer_rSASA_ge_0.25	False		variable	supports	unresolved_exact_subset_too_small	False	unchanged_or_unresolved	296|297	296	S	297	Q	304|305	304	exact_aligned	high	A89 flanking residues align directly to adjacent EV-A71 2C residues	291:TTLSLS|QLYSHI:302	299:VRYSVD|TVVSEL:310	304	305	304-305	insertional_handle_SGRPGSLS	8	-5.665021	0.019709	-5.665021	direct_insert_strongly_deleterious	-4.656447	-4.650077	-4.758946	-4.955963;-5.006432	1AAdel_right_residue	-4.650077	deletion_context_strongly_deleterious	-1.989665	Bakhache_2024_NatMicrobiol_Dryad_10.5061_dryad.866t1g1xm_QVEU_eva71_dimple_c99331a6	direct_experiment_unfavorable	direct_experiment_unfavorable	296|297	296	297	exact_aligned	high	304	304,305	302-307	-2.663444133368421	0.42326172	0.05263157894736842	-1.3158863556842104	2.262970473	0.21052631578947367	38	-1.9896652445263154	-2.435872999	2.262970473	0.13157894736842105	114	-2.082506745210526	-2.660917634	2.661966469	0.14035087719298245	exact flank summaries	296	297	0	0.0	0	0	False	0	0.0	0	0	False	0	resolved_by_parsimony	False	direct_insert_strongly_deleterious		0.19633821450138095	0.21328400927935356	1.0	0.41472900570799437	0.8371111761505377	0.0	0.07750080634013731	0.5025462824229383	0.9718295172279063	0.8537696343489957	0.8419441396416748	0.0	False	False	True	True	True	3	True	pareto_reviewable_direct_conflicted	blocked_software_unavailable				
297|298	297	298	HIGH_RISK	C-terminal_bundle/RNA-binding_transition	False	0.0	0.000625843880698	0.0015602678703036	0.0	13.489201739273058	40.304630523850896	92.0	False	0.776316	0.064935	0.942906	1.279714	0.0	0.0	1.208316	2.962572	0.443481	0.012987	0.0	0.0	0	0.0	0	1.202012	2.926286	0.451876	0.037634	0.0	0.0	0	0.0	0	0	0.0	1.214138	2.961108	0.443379	0.019481	0.0	0.0	0	none	0	none	0	none	none	max(insertion_type_count,local_deletion_type_count)	background	4	AF_coil;hexamer_coil_fraction_ge_0.8;AF_rSASA_ge_0.25;hexamer_rSASA_ge_0.25	False		variable	supports	unresolved_exact_subset_too_small	False	unchanged_or_unresolved	297|298	297	Q	298	L	305|306	305	exact_aligned	high	A89 flanking residues align directly to adjacent EV-A71 2C residues	292:TLSLSQ|LYSHIK:303	300:RYSVDT|VVSELI:311	305	306	305-306	insertional_handle_SGRPGSLS	8	-5.45315	0.022826	-5.453150	direct_insert_strongly_deleterious	-4.650077	-4.643667	-5.024171	-5.006432;-5.132385	1AAdel_right_residue	-4.643667	deletion_context_strongly_deleterious	-1.677839	Bakhache_2024_NatMicrobiol_Dryad_10.5061_dryad.866t1g1xm_QVEU_eva71_dimple_c99331a6	direct_experiment_unfavorable	direct_experiment_unfavorable	297|298	297	298	exact_aligned	high	305	305,306	303-308	-1.3158863556842104	2.262970473	0.21052631578947367	-2.0397920287894733	2.661966469	0.15789473684210525	38	-1.6778391922368419	-2.1854295390000003	2.661966469	0.18421052631578946	114	-2.114259891859649	-2.6584716485	2.661966469	0.13157894736842105	exact flank summaries	297	298	0	0.0	0	0	False	0	0.0	0	0	False	0	resolved_by_parsimony	False	direct_insert_strongly_deleterious		0.0008641887166482135	0.0025045772796806814	1.0	0.5735284382781266	0.7305111032087203	0.0	0.10622494586001935	0.48755345805249745	0.9718295172279063	0.8177451835729119	0.8454480908076605	0.0	False	False	True	True	True	3	True	pareto_reviewable_direct_conflicted	blocked_software_unavailable				
298|299	298	299	HIGH_RISK	C-terminal_bundle/RNA-binding_transition	False	0.0	0.000625843880698	0.0015602678703036	0.0261072982530382	6.691834813132615	40.304630523850896	92.95999908447266	False	0.064935	1.0	1.279714	0.0	0.0	0.0	1.135419	2.962572	0.462961	0.012987	0.0	0.0	0	0.0	0	1.129827	2.926286	0.469797	0.037634	0.0	0.0	0	0.0	0	0	0.0	1.143752	2.961108	0.461725	0.019481	0.0	0.0	0	none	0	none	0	none	none	max(insertion_type_count,local_deletion_type_count)	background	4	AF_coil;hexamer_coil_fraction_ge_0.8;AF_rSASA_ge_0.25;hexamer_rSASA_ge_0.25	False		variable	supports	unresolved_exact_subset_too_small	False	unchanged_or_unresolved	298|299	298	L	299	Y	306|307	306	exact_aligned	high	A89 flanking residues align directly to adjacent EV-A71 2C residues	293:LSLSQL|YSHIKE:304	301:YSVDTV|VSELIR:312	306	307	306-307	insertional_handle_SGRPGSLS	8	-5.33426	0.024787	-5.334260	direct_insert_strongly_deleterious	-4.643667	-4.946507	-5.155778	-5.132385;-3.429882	3AAdel_spanning_option_2	-3.429882	deletion_context_strongly_deleterious	-2.086146	Bakhache_2024_NatMicrobiol_Dryad_10.5061_dryad.866t1g1xm_QVEU_eva71_dimple_c99331a6	direct_experiment_unfavorable	direct_experiment_unfavorable	298|299	298	299	exact_aligned	high	306	306,307	304-309	-2.0397920287894733	2.661966469	0.15789473684210525	-2.132500816368421	1.721395985	0.15789473684210525	38	-2.0861464225789477	-2.7206905665	2.661966469	0.15789473684210525	114	-2.2004476919649125	-2.679203115	2.661966469	0.11403508771929824	exact flank summaries	298	299	0	0.0	0	0	False	0	0.0	0	0	False	0	resolved_by_parsimony	False	direct_insert_strongly_deleterious		0.0008641887166482135	0.0025045772796806814	0.9738927017469619	0.21792165661497281	0.7305111032087203	0.0	0.12429618025157813	0.44685832430301825	0.9718295172279063	0.7685795931995495	0.8172535784869691	0.0	False	False	False	False	False	0	False	direct_homolog_strongly_unfavorable	blocked_software_unavailable				
299|300	299	300	HIGH_RISK	C-terminal_bundle/RNA-binding_transition	False	0.0	0.1533123552799224	0.1152038392911845	0.0261072982530382	6.691834813132615	41.43317163127262	92.02999877929688	False	1.0	0.012987	0.0	0.199755	0.0	0.0	1.054661	2.962572	0.525732	0.012987	0.0	0.0	0	0.0	0	1.05541	2.926286	0.533865	0.037634	0.0	0.0	0	0.0	0	0	0.0	1.062994	2.961108	0.524496	0.019481	0.0	0.0	0	none	0	none	0	none	none	max(insertion_type_count,local_deletion_type_count)	background	4	AF_coil;hexamer_coil_fraction_ge_0.8;AF_rSASA_ge_0.25;hexamer_rSASA_ge_0.25	False		variable	supports	unresolved_exact_subset_too_small	False	unchanged_or_unresolved	299|300	299	Y	300	S	307|308	307	exact_aligned	high	A89 flanking residues align directly to adjacent EV-A71 2C residues	294:SLSQLY|SHIKEE:305	302:SVDTVV|SELIRE:313	307	308	307-308	insertional_handle_SGRPGSLS	8	-5.366943	0.024232	-5.366943	direct_insert_strongly_deleterious	-4.946507	-4.814671	-5.11648	-3.429882;-4.960658	3AAdel_spanning_option_1	-3.429882	deletion_context_strongly_deleterious	-2.340751	Bakhache_2024_NatMicrobiol_Dryad_10.5061_dryad.866t1g1xm_QVEU_eva71_dimple_c99331a6	direct_experiment_unfavorable	direct_experiment_unfavorable	299|300	299	300	exact_aligned	high	307	307,308	305-310	-2.132500816368421	1.721395985	0.15789473684210525	-2.5490018835263157	-0.713074352	0.0	38	-2.3407513499473684	-2.7559138555000002	1.721395985	0.07894736842105263	114	-2.1459441811754383	-2.6906689955000003	2.661966469	0.11403508771929824	exact flank summaries	299	300	0	0.0	0	0	False	0	0.0	0	0	False	0	resolved_by_parsimony	False	direct_insert_strongly_deleterious		0.2116994535568597	0.18492780881563703	0.9738927017469619	0.21792165661497281	0.7560915024486268	0.0	0.11918167995208036	0.47259314592144797	0.9718295172279063	0.7121690179804431	0.720785807153593	0.0	False	False	True	True	True	3	True	pareto_reviewable_direct_conflicted	blocked_software_unavailable				
300|301	300	301	HIGH_RISK	C-terminal_bundle/RNA-binding_transition	False	0.0	0.3130772411823272	0.3176799615224202	0.0	12.617528901026963	43.94348901277565	92.02999877929688	False	0.012987	0.12987	0.199755	2.962572	0.0	0.0	1.01892	2.962572	0.556035	0.012987	0.0	0.0	0	0.0	0	1.014112	2.926286	0.567467	0.037634	0.0	0.0	0	0.0	0	0	0.0	1.027254	2.961108	0.554799	0.019481	0.0	0.0	0	none	0	none	0	none	none	max(insertion_type_count,local_deletion_type_count)	structural near-miss	2	AF_coil;hexamer_coil_fraction_ge_0.8	False		variable	supports	unresolved_exact_subset_too_small	False	outside_strict_review_only; near-miss plus V2 evolutionary support	300|301	300	S	301	H	308|309	308	exact_aligned	high	A89 flanking residues align directly to adjacent EV-A71 2C residues	295:LSQLYS|HIKEED:306	303:VDTVVS|ELIREY:314	308	309	308-309	insertional_handle_SGRPGSLS	8	-5.476475	0.02246	-5.476475	direct_insert_strongly_deleterious	-4.814671	-4.803771	-5.075574	-4.960658;-5.104383	1AAdel_right_residue	-4.803771	deletion_context_strongly_deleterious	-2.525531	Bakhache_2024_NatMicrobiol_Dryad_10.5061_dryad.866t1g1xm_QVEU_eva71_dimple_c99331a6	direct_experiment_unfavorable	direct_experiment_unfavorable	300|301	300	301	exact_aligned	high	308	308,309	306-311	-2.5490018835263157	-0.713074352	0.0	-2.5020609340526314	0.657156107	0.10526315789473684	38	-2.5255314087894742	-2.944171746	0.657156107	0.05263157894736842	114	-2.180091124122807	-2.7965942845000002	2.661966469	0.13157894736842105	exact flank summaries	300	301	0	0.0	0	0	False	0	0.0	0	0	False	0	resolved_by_parsimony	False	direct_insert_strongly_deleterious		0.43230880354277335	0.5099470603621843	1.0	0.5279265491878339	0.8129923281389115	0.0	0.10285214025710732	0.4564700471919081	0.9718295172279063	0.6872041357603427	0.6742155298804045	0.0	False	False	False	False	False	0	False	direct_homolog_strongly_unfavorable	blocked_software_unavailable				
301|302	301	302	HIGH_RISK	C-terminal_bundle/RNA-binding_transition	False	0.0	0.0012771027395501	0.0001497262121255	0.0	12.177671672665888	39.18092602090801	93.3000030517578	False	0.12987	0.844156	2.962572	0.725576	0.0	0.0	1.099941	2.962572	0.488935	0.012987	0.0	0.0	0	0.0	0	1.094556	2.926286	0.500263	0.037634	0.0	0.0	0	0.0	0	0	0.0	1.107554	2.961108	0.487339	0.019481	0.0	0.0	0	none	0	none	0	none	none	max(insertion_type_count,local_deletion_type_count)	background	4	AF_coil;hexamer_coil_fraction_ge_0.8;AF_rSASA_ge_0.25;hexamer_rSASA_ge_0.25	False		variable	supports	unresolved_exact_subset_too_small	False	unchanged_or_unresolved	301|302	301	H	302	I	309|310	309	exact_aligned	high	A89 flanking residues align directly to adjacent EV-A71 2C residues	296:SQLYSH|IKEEDR:307	304:DTVVSE|LIREYN:315	309	310	309-310	insertional_handle_SGRPGSLS	8	-5.482222	0.022371	-5.482222	direct_insert_strongly_deleterious	-4.803771	-4.577197	-5.193589	-5.104383;-4.997444	1AAdel_right_residue	-4.577197	deletion_context_strongly_deleterious	-2.419242	Bakhache_2024_NatMicrobiol_Dryad_10.5061_dryad.866t1g1xm_QVEU_eva71_dimple_c99331a6	direct_experiment_unfavorable	direct_experiment_unfavorable	301|302	301	302	exact_aligned	high	309	309,310	307-312	-2.5020609340526314	0.657156107	0.10526315789473684	-2.336423068631579	1.452565623	0.05263157894736842	38	-2.4192420013421048	-2.8728281135	1.452565623	0.07894736842105263	114	-2.328267232508771	-2.880158674	1.928132861	0.10526315789473684	exact flank summaries	301	302	0	0.0	0	0	False	0	0.0	0	0	False	0	resolved_by_parsimony	False	direct_insert_strongly_deleterious		0.001763471388885061	0.00024034390260770354	1.0	0.5049152545102976	0.7050403342452126	0.0	0.10203197714601667	0.38650600887233766	0.6961824391471302	0.74329479167176	0.7778894534143543	0.0	False	False	False	True	True	2	True	weak_pareto_reviewable_direct_conflicted	blocked_software_unavailable				
302|303	302	303	HIGH_RISK	C-terminal_bundle/RNA-binding_transition	False	0.0	0.0012771027395501	0.0001497262121255	0.0559359135271925	6.465206715231283	39.18092602090801	93.6500015258789	False	0.844156	0.025974	0.725576	1.999312	0.0	0.0	1.072552	2.962572	0.520321	0.012987	0.0	0.0	0	0.0	0	1.061639	2.926286	0.532969	0.037634	0.0	0.0	0	0.0	0	0	0.0	1.080166	2.961108	0.518724	0.019481	0.0	0.0	0	none	0	none	0	none	none	max(insertion_type_count,local_deletion_type_count)	background	4	AF_coil;hexamer_coil_fraction_ge_0.8;AF_rSASA_ge_0.25;hexamer_rSASA_ge_0.25	False		variable	supports	unresolved_exact_subset_too_small	False	unchanged_or_unresolved	302|303	302	I	303	K	310|311	310	exact_aligned	high	A89 flanking residues align directly to adjacent EV-A71 2C residues	297:QLYSHI|KEEDRR:308	305:TVVSEL|IREYNN:316	310	311	310-311	insertional_handle_SGRPGSLS	8	-5.482222	0.022371	-5.482222	direct_insert_strongly_deleterious	-4.577197	-4.681526	-5.258244	-4.997444;-5.083891	1AAdel_left_residue	-4.577197	deletion_context_strongly_deleterious	-1.928596	Bakhache_2024_NatMicrobiol_Dryad_10.5061_dryad.866t1g1xm_QVEU_eva71_dimple_c99331a6	direct_experiment_unfavorable	direct_experiment_unfavorable	302|303	302	303	exact_aligned	high	310	310,311	308-313	-2.336423068631579	1.452565623	0.05263157894736842	-1.520768013368421	1.928132861	0.3157894736842105	38	-1.9285955409999995	-2.707010908	1.928132861	0.18421052631578946	114	-2.440225116991228	-2.947662196	1.928132861	0.07894736842105263	exact flank summaries	302	303	0	0.0	0	0	False	0	0.0	0	0	False	0	resolved_by_parsimony	False	direct_insert_strongly_deleterious		0.001763471388885061	0.00024034390260770354	0.9440640864728075	0.2060655232908749	0.7050403342452126	0.0	0.10203197714601667	0.33364306217039397	0.6961824391471302	0.7241638964774649	0.7296563361580097	0.0	False	False	False	False	False	0	False	direct_homolog_strongly_unfavorable	blocked_software_unavailable				
303|304	303	304	HIGH_RISK	C-terminal_bundle/RNA-binding_transition	False	0.0	0.2408843487501144	0.2060552882609394	0.0559359135271925	6.465206715231283	40.619540959065056	93.0500030517578	False	0.025974	0.623377	1.999312	1.803907	0.0	0.0	0.993977	2.962572	0.538961	0.012987	0.0	0.0	0	0.0	0	0.985468	2.926286	0.550179	0.037634	0.0	0.0	0	0.0	0	0	0.0	1.000408	2.961108	0.537647	0.019481	0.0	0.0	0	none	0	none	0	none	none	max(insertion_type_count,local_deletion_type_count)	background	4	AF_coil;hexamer_coil_fraction_ge_0.8;AF_rSASA_ge_0.25;hexamer_rSASA_ge_0.25	False		variable	supports	unresolved_exact_subset_too_small	False	unchanged_or_unresolved	303|304	303	K	304	E	311|312	311	exact_aligned	high	A89 flanking residues align directly to adjacent EV-A71 2C residues	298:LYSHIK|EEDRRR:309	306:VVSELI|REYNNR:317	311	312	311-312	insertional_handle_SGRPGSLS	8	-5.688607	0.019389	-5.688607	direct_insert_strongly_deleterious	-4.681526	-4.570301	-5.128432	-5.083891;-5.247754	1AAdel_right_residue	-4.570301	deletion_context_strongly_deleterious	-2.224808	Bakhache_2024_NatMicrobiol_Dryad_10.5061_dryad.866t1g1xm_QVEU_eva71_dimple_c99331a6	direct_experiment_unfavorable	direct_experiment_unfavorable	303|304	303	304	exact_aligned	high	311	311,312	309-314	-1.520768013368421	1.928132861	0.3157894736842105	-2.9288486791052626	-0.979690006	0.0	38	-2.224808346236842	-2.9805425005	1.928132861	0.15789473684210525	114	-2.159666419263158	-2.8144404439999997	1.928132861	0.14912280701754385	exact flank summaries	303	304	0	0.0	0	0	False	0	0.0	0	0	False	0	resolved_by_parsimony	False	direct_insert_strongly_deleterious		0.33262214847388427	0.3307646098204805	0.9440640864728075	0.2060655232908749	0.7376491105038153	0.0	0.07455190526655302	0.4661139422100186	0.6961824391471302	0.6684518350306055	0.700575078301014	0.0	False	False	True	False	True	2	True	weak_pareto_reviewable_direct_conflicted	blocked_software_unavailable				
304|305	304	305	HIGH_RISK	A89_C-terminal_RNA-binding_by_similarity;C-terminal_bundle/RNA-binding_transition	False	0.0	0.0428688377141952	0.0346651843488661	0.0	8.17680393943342	41.81909287175765	93.0500030517578	False	0.623377	1.0	1.803907	0.0	0.0	0.0	1.026673	2.962572	0.538961	0.012987	0.0	0.0	0	0.0	0	1.012489	2.926286	0.550179	0.037634	0.0	0.0	0	0.0	0	0	0.0	1.033104	2.961108	0.537647	0.019481	0.0	0.0	0	none	0	none	0	none	none	max(insertion_type_count,local_deletion_type_count)	background	4	AF_coil;hexamer_coil_fraction_ge_0.8;AF_rSASA_ge_0.25;hexamer_rSASA_ge_0.25	False		variable	supports	unresolved_exact_subset_too_small	False	unchanged_or_unresolved	304|305	304	E	305	E	312|313	312	exact_aligned	high	A89 flanking residues align directly to adjacent EV-A71 2C residues	299:YSHIKE|EDRRRS:310	307:VSELIR|EYNNRS:318	312	313	312-313	insertional_handle_SGRPGSLS	8	-5.650598	0.019907	-5.650598	direct_insert_strongly_deleterious	-4.570301	-4.681526	-5.11648	-5.247754;-5.178636	1AAdel_left_residue	-4.570301	deletion_context_strongly_deleterious	-2.866548	Bakhache_2024_NatMicrobiol_Dryad_10.5061_dryad.866t1g1xm_QVEU_eva71_dimple_c99331a6	direct_experiment_unfavorable	direct_experiment_unfavorable	304|305	304	305	exact_aligned	high	312	312,313	310-315	-2.9288486791052626	-0.979690006	0.0	-2.804248123263158	-0.34217146	0.0	38	-2.8665484011842106	-3.0231518215	-0.34217146	0.0	114	-1.9351570696140352	-2.6968780515	1.928132861	0.16666666666666666	exact flank summaries	304	305	0	0.0	0	0	False	0	0.0	0	0	False	0	resolved_by_parsimony	False	direct_insert_strongly_deleterious		0.05919489986402495	0.05564533806571205	1.0	0.29560836936873186	0.7648390964368694	0.0	0.0793254388794176	0.5721201055048359	0.6961824391471302	0.6912904413279866	0.700575078301014	0.0	False	False	True	False	True	2	True	weak_pareto_reviewable_direct_conflicted	blocked_software_unavailable				
305|306	305	306	HIGH_RISK	A89_C-terminal_RNA-binding_by_similarity;C-terminal_bundle/RNA-binding_transition	False	0.0	0.0428688377141952	0.0346651843488661	0.0	8.17680393943342	38.58991096534464	92.91000366210938	False	1.0	0.792208	0.0	1.007121	0.0	0.0	1.228251	2.962572	0.463303	0.012987	0.0	0.0	0	0.0	0	1.210326	2.926286	0.475451	0.037634	0.0	0.0	0	0.0	0	0	0.0	1.235429	2.961108	0.461989	0.019481	0.0	0.0	0	none	0	none	0	none	none	max(insertion_type_count,local_deletion_type_count)	background	4	AF_coil;hexamer_coil_fraction_ge_0.8;AF_rSASA_ge_0.25;hexamer_rSASA_ge_0.25	False		variable	supports	unresolved_exact_subset_too_small	False	unchanged_or_unresolved	305|306	305	E	306	D	313|314	313	exact_aligned	high	A89 flanking residues align directly to adjacent EV-A71 2C residues	300:SHIKEE|DRRRSS:311	308:SELIRE|YNNRSV:319	313	314	313-314	insertional_handle_SGRPGSLS	8	-5.674522	0.019579	-5.674522	direct_insert_strongly_deleterious	-4.681526	-4.413262	-5.108432	-5.178636;-5.171074	1AAdel_right_residue	-4.413262	deletion_context_strongly_deleterious	-1.834949	Bakhache_2024_NatMicrobiol_Dryad_10.5061_dryad.866t1g1xm_QVEU_eva71_dimple_c99331a6	direct_experiment_unfavorable	direct_experiment_unfavorable	305|306	305	306	exact_aligned	high	313	313,314	311-316	-2.804248123263158	-0.34217146	0.0	-0.8656496971578945	1.661423214	0.42105263157894735	38	-1.8349489102105263	-2.6990439965000004	1.661423214	0.21052631578947367	114	-1.667869830622807	-2.360500277	2.066917581	0.22807017543859648	exact flank summaries	305	306	0	0.0	0	0	False	0	0.0	0	0	False	0	resolved_by_parsimony	False	direct_insert_strongly_deleterious		0.05919489986402495	0.05564533806571205	1.0	0.29560836936873186	0.6916439227377521	0.0	0.07630281527899369	0.6983246254832124	0.7483136063943227	0.8326172402978185	0.8168478578256445	0.0	False	False	True	False	True	2	True	weak_pareto_reviewable_direct_conflicted	blocked_software_unavailable				
306|307	306	307	HIGH_RISK	A89_C-terminal_RNA-binding_by_similarity;C-terminal_bundle/RNA-binding_transition	False	0.0	0.1175402179360389	0.0527274402723823	0.0	9.713344590197789	38.58991096534464	92.36000061035156	False	0.792208	0.194805	1.007121	0.97225	0.0	0.0	1.309459	2.962572	0.467632	0.025974	0.0	0.0	0	0.0	0	1.278748	2.926286	0.478587	0.037634	0.0	0.0	0	0.0	0	0	0.0	1.313439	2.961108	0.465777	0.025974	0.0	0.0	0	none	0	none	0	none	none	max(insertion_type_count,local_deletion_type_count)	background	4	AF_coil;hexamer_coil_fraction_ge_0.8;AF_rSASA_ge_0.25;hexamer_rSASA_ge_0.25	False		variable	supports	unresolved_exact_subset_too_small	False	unchanged_or_unresolved	306|307	306	D	307	R	314|315	314	exact_aligned	high	A89 flanking residues align directly to adjacent EV-A71 2C residues	301:HIKEED|RRRSSA:312	309:ELIREY|NNRSVI:320	314	315	314-315	insertional_handle_SGRPGSLS	8	-5.729709	0.018845	-5.729709	direct_insert_strongly_deleterious	-4.413262	-4.468394	-4.932152	-5.171074;-3.937443	3AAdel_spanning_option_2	-3.937443	deletion_context_strongly_deleterious	-1.010327	Bakhache_2024_NatMicrobiol_Dryad_10.5061_dryad.866t1g1xm_QVEU_eva71_dimple_c99331a6	direct_experiment_unfavorable	direct_experiment_unfavorable	306|307	306	307	exact_aligned	high	314	314,315	312-317	-0.8656496971578945	1.661423214	0.42105263157894735	-1.1550048361578946	0.773433927	0.21052631578947367	38	-1.0103272666578949	-0.6525074774999999	1.661423214	0.3157894736842105	114	-1.9326204846754391	-2.7011773010000004	2.066917581	0.17543859649122806	exact flank summaries	306	307	0	0.0	0	0	False	0	0.0	0	0	False	0	resolved_by_parsimony	False	direct_insert_strongly_deleterious		0.16230394388359062	0.08463927985406274	1.0	0.3759930656268717	0.6916439227377521	0.0	0.06953877344145971	0.5733178001114625	0.7483136063943227	0.8871082996707905	0.8110263810639101	0.0	False	False	True	True	True	3	True	pareto_reviewable_direct_conflicted	blocked_software_unavailable				
307|308	307	308	HIGH_RISK	A89_C-terminal_RNA-binding_by_similarity;C-terminal_bundle/RNA-binding_transition	False	0.0	0.5479483604431152	0.5586115983280823	0.0279561448125663	6.163120580413118	42.81378969957617	92.1999969482422	False	0.194805	0.779221	0.97225	0.977513	0.0	0.0	1.233982	2.418937	0.462221	0.025974	0.0	0.0	0	0.0	0	1.204193	2.374043	0.472315	0.037634	0.0	0.0	0	0.0	0	0	0.0	1.238527	2.427906	0.460366	0.025974	0.0	0.0	0	none	0	none	0	none	none	max(insertion_type_count,local_deletion_type_count)	structural near-miss	2	AF_coil;hexamer_coil_fraction_ge_0.8	False		variable	supports	unresolved_exact_subset_too_small	False	outside_strict_review_only; near-miss plus V2 evolutionary support	307|308	307	R	308	R	315|316	315	exact_aligned	high	A89 flanking residues align directly to adjacent EV-A71 2C residues	302:IKEEDR|RRSSAA:313	310:LIREYN|NRSVIG:321	315	316	315-316	insertional_handle_SGRPGSLS	8	-5.7562	0.018502	-5.756200	direct_insert_strongly_deleterious	-4.468394	-4.78161	-5.037272	-3.937443;-5.120480	3AAdel_spanning_option_1	-3.937443	deletion_context_strongly_deleterious	-0.943852	Bakhache_2024_NatMicrobiol_Dryad_10.5061_dryad.866t1g1xm_QVEU_eva71_dimple_c99331a6	direct_experiment_unfavorable	direct_experiment_unfavorable	307|308	307	308	exact_aligned	high	315	315,316	313-318	-1.1550048361578946	0.773433927	0.21052631578947367	-0.7326996346842106	2.066917581	0.42105263157894735	38	-0.9438522354210527	-0.5946509799999999	2.066917581	0.3157894736842105	114	-1.5047047277807017	-1.8044095465	2.267497549	0.24561403508771928	exact flank summaries	307	308	0	0.0	0	0	False	0	0.0	0	0	False	0	resolved_by_parsimony	False	direct_insert_strongly_deleterious		0.7566276590780153	0.8966959737922366	0.9720438551874337	0.19026177466953267	0.7873856760970448	0.0	0.06637792010321154	0.775365989519623	0.8236566834869917	0.8347812359642389	0.8193421178003792	0.0	False	True	True	True	True	4	True	pareto_reviewable_direct_conflicted	blocked_software_unavailable				
308|309	308	309	HIGH_RISK	A89_C-terminal_RNA-binding_by_similarity;C-terminal_bundle/RNA-binding_transition	False	0.0	0.1795460283756256	0.1532573746358681	0.0279561448125663	6.163120580413118	37.74504637541118	91.66000366210938	False	0.779221	1.0	0.977513	0.0	0.0	0.0	1.296153	2.418937	0.396204	0.025974	0.0	0.0	0	0.0	0	1.259526	2.374043	0.407799	0.037634	0.0	0.0	0	0.0	0	0	0.0	1.297805	2.427906	0.394709	0.025974	0.0	0.0	0	none	0	none	0	none	none	max(insertion_type_count,local_deletion_type_count)	background	4	AF_coil;hexamer_coil_fraction_ge_0.8;AF_rSASA_ge_0.25;hexamer_rSASA_ge_0.25	False		variable	supports	unresolved_exact_subset_too_small	False	unchanged_or_unresolved	308|309	308	R	309	R	316|317	316	exact_aligned	high	A89 flanking residues align directly to adjacent EV-A71 2C residues	303:KEEDRR|RSSAAQ:314	311:IREYNN|RSVIGN:322	316	317	316-317	insertional_handle_SGRPGSLS	8	-5.660236	0.019774	-5.660236	direct_insert_strongly_deleterious	-4.78161	-5.171074	-5.104383	-5.120480;-5.128432	1AAdel_left_residue	-4.78161	deletion_context_strongly_deleterious	-1.920986	Bakhache_2024_NatMicrobiol_Dryad_10.5061_dryad.866t1g1xm_QVEU_eva71_dimple_c99331a6	direct_experiment_unfavorable	direct_experiment_unfavorable	308|309	308	309	exact_aligned	high	316	316,317	314-319	-0.7326996346842106	2.066917581	0.42105263157894735	-3.1092719376842104	-0.528134545	0.0	38	-1.9209857861842106	-2.843790065	2.066917581	0.21052631578947367	114	-1.153219542649123	-0.843532095	2.267497549	0.2982456140350877	exact flank summaries	308	309	0	0.0	0	0	False	0	0.0	0	0	False	0	resolved_by_parsimony	False	direct_insert_strongly_deleterious		0.247923893844204	0.2460122045465285	0.9720438551874337	0.19026177466953267	0.6724935582786914	0.0	0.07809980187070911	0.9413260975908408	0.8236566834869917	0.8761877353554842	0.920245153635964	0.0	False	False	True	True	True	3	True	pareto_reviewable_direct_conflicted	blocked_software_unavailable				
309|310	309	310	HIGH_RISK	A89_C-terminal_RNA-binding_by_similarity;C-terminal_bundle/RNA-binding_transition;near_C-terminal_oligomerization_region	False	0.0	0.1795460283756256	0.1532573746358681	0.0056606652823158	6.313164514477313	37.74504637541118	88.98999786376953	False	1.0	0.064935	0.0	1.672065	0.0	0.0	1.228802	2.418937	0.400533	0.051948	0.0	0.0	0	0.0	0	1.191122	2.374043	0.412279	0.064516	0.0	0.0	0	0.0	0	0	0.0	1.230661	2.427906	0.399038	0.051948	0.0	0.0	0	none	0	none	0	none	none	max(insertion_type_count,local_deletion_type_count)	background	4	AF_coil;hexamer_coil_fraction_ge_0.8;AF_rSASA_ge_0.25;hexamer_rSASA_ge_0.25	False		variable	supports	unresolved_exact_subset_too_small	False	unchanged_or_unresolved	309|310	309	R	310	S	317|318	317	exact_aligned	high	A89 flanking residues align directly to adjacent EV-A71 2C residues	304:EEDRRR|SSAAQA:315	312:REYNNR|SVIGNT:323	317	318	317-318	insertional_handle_SGRPGSLS	8	-5.258362	0.026126	-5.258362	direct_insert_strongly_deleterious	-5.171074	-4.45295	-5.07139	-5.128432;-5.171074	1AAdel_right_residue	-4.45295	deletion_context_strongly_deleterious	-1.735313	Bakhache_2024_NatMicrobiol_Dryad_10.5061_dryad.866t1g1xm_QVEU_eva71_dimple_c99331a6	direct_experiment_unfavorable	direct_experiment_unfavorable	309|310	309	310	exact_aligned	high	317	317,318	315-320	-3.1092719376842104	-0.528134545	0.0	-0.3613541377368421	2.267497549	0.42105263157894735	38	-1.7353130377105264	-2.649167762	2.267497549	0.21052631578947367	114	-1.438070441605263	-1.6908357134999998	2.267497549	0.24561403508771928	exact flank summaries	309	310	0	0.0	0	0	False	0	0.0	0	0	False	0	resolved_by_parsimony	False	direct_insert_strongly_deleterious		0.247923893844204	0.2460122045465285	0.9943393347176842	0.19811137894725006	0.6724935582786914	0.0	0.13663548818135743	0.8068285768567948	0.8236566834869917	0.8292867266317457	0.9135922568826513	0.0	False	False	True	True	True	3	True	pareto_reviewable_direct_conflicted	blocked_software_unavailable				
310|311	310	311	HIGH_RISK	A89_C-terminal_RNA-binding_by_similarity;C-terminal_bundle/RNA-binding_transition;near_C-terminal_oligomerization_region	False	0.0	0.226054847240448	0.1696851668819304	0.0	5.67807849740379	40.41951651843706	88.98999786376953	False	0.064935	0.092105	1.672065	2.418937	0.0	0.0	1.13548	2.418937	0.416766	0.051948	0.0	0.0	0	0.0	0	1.101143	2.374043	0.428408	0.064516	0.0	0.0	0	0.0	0	0	0.0	1.134827	2.427906	0.416406	0.051948	0.0	0.0	0	none	0	none	0	none	none	max(insertion_type_count,local_deletion_type_count)	background	4	AF_coil;hexamer_coil_fraction_ge_0.8;AF_rSASA_ge_0.25;hexamer_rSASA_ge_0.25	False		variable	supports	unresolved_exact_subset_too_small	False	unchanged_or_unresolved	310|311	310	S	311	S	318|319	318	exact_aligned	high	A89 flanking residues align directly to adjacent EV-A71 2C residues	305:EDRRRS|SAAQAM:316	313:EYNNRS|VIGNTI:324	318	319	318-319	insertional_handle_SGRPGSLS	8	-5.379723	0.024018	-5.379723	direct_insert_strongly_deleterious	-4.45295	-4.656447	-5.104383	-5.171074;-4.814671	1AAdel_left_residue	-4.45295	deletion_context_strongly_deleterious	-0.528346	Bakhache_2024_NatMicrobiol_Dryad_10.5061_dryad.866t1g1xm_QVEU_eva71_dimple_c99331a6	direct_experiment_unfavorable	direct_experiment_unfavorable	310|311	310	311	exact_aligned	high	318	318,319	316-321	-0.3613541377368421	2.267497549	0.42105263157894735	-0.6953370124736843	2.118607264	0.3157894736842105	38	-0.5283455751052631	-0.333680498	2.267497549	0.3684210526315789	114	-1.3763192148859649	-1.6908357134999998	2.267497549	0.2807017543859649	exact flank summaries	310	311	0	0.0	0	0	False	0	0.0	0	0	False	0	resolved_by_parsimony	False	direct_insert_strongly_deleterious		0.312145016279385	0.2723824682672036	1.0	0.1648866174970073	0.7331151994080175	0.0	0.11720960235912087	0.8359855390656814	0.8236566834869917	0.7623453577822468	0.8869007551936855	0.0	False	False	True	False	True	2	True	weak_pareto_reviewable_direct_conflicted	blocked_software_unavailable				
311|312	311	312	HIGH_RISK	A89_C-terminal_RNA-binding_by_similarity;C-terminal_bundle/RNA-binding_transition;near_C-terminal_oligomerization_region	False	0.0	0.3720936477184295	0.1676335593526677	0.6883943990333311	4.000018279802316	44.47602290850659	88.72000122070312	False	0.092105	0.064935	2.418937	1.174261	0.0	0.0	1.326254	2.418937	0.343173	0.051948	0.0	0.0	0	0.0	0	1.289636	2.374043	0.355379	0.064516	0.0	0.0	0	0.0	0	0	0.0	1.325602	2.427906	0.342813	0.051948	0.0	0.0	0	none	0	none	0	none	none	max(insertion_type_count,local_deletion_type_count)	background	5	AF_coil;hexamer_coil_fraction_ge_0.8;hexamer_rSASA_ge_0.25;burial_lt_0.10;interprotomer_distance_gt_4.5A	False		variable	supports	unresolved_exact_subset_too_small	False	unchanged_or_unresolved	311|312	311	S	312	A	319|320	319	exact_aligned	high	A89 flanking residues align directly to adjacent EV-A71 2C residues	306:DRRRSS|AAQAME:317	314:YNNRSV|IGNTIE:325	319	320	319-320	insertional_handle_SGRPGSLS	8	-5.729709	0.018845	-5.729709	direct_insert_strongly_deleterious	-4.656447	-4.803771	-5.079741	-4.814671;-5.067189	1AAdel_left_residue	-4.656447	deletion_context_strongly_deleterious	-1.635046	Bakhache_2024_NatMicrobiol_Dryad_10.5061_dryad.866t1g1xm_QVEU_eva71_dimple_c99331a6	direct_experiment_unfavorable	direct_experiment_unfavorable	311|312	311	312	exact_aligned	high	319	319,320	317-322	-0.6953370124736843	2.118607264	0.3157894736842105	-2.5747550908947368	1.539166745	0.10526315789473684	38	-1.6350460516842107	-2.348377073	2.118607264	0.21052631578947367	114	-1.5357477696842106	-2.2567532795	2.267497549	0.24561403508771928	exact flank summaries	311	312	0	0.0	0	0	False	0	0.0	0	0	False	0	resolved_by_parsimony	False	direct_insert_strongly_deleterious		0.5138008724094403	0.26908918145254057	0.3116056009666689	0.07709827240658627	0.8250631597391022	0.0	0.06953877344145971	0.7607084539901041	0.8236566834869917	0.8956043226826282	1.0	0.0	False	False	True	True	True	3	True	pareto_reviewable_direct_conflicted	blocked_software_unavailable				
312|313	312	313	HIGH_RISK	A89_C-terminal_RNA-binding_by_similarity;C-terminal_bundle/RNA-binding_transition;near_C-terminal_oligomerization_region	False	0.0	0.1666155457496643	0.109711566944763	0.6883943990333311	4.000018279802316	41.26117951983205	84.7699966430664	False	0.064935	0.064935	1.174261	2.056845	0.0	0.0	1.242328	2.418937	0.360489	0.051948	0.0	0.0	0	0.0	0	1.214517	2.374043	0.370164	0.064516	0.0	0.0	0	0.0	0	0	0.0	1.241675	2.427906	0.360129	0.051948	0.0	0.0	0	none	0	none	0	none	none	max(insertion_type_count,local_deletion_type_count)	background	6	AF_coil;hexamer_coil_fraction_ge_0.8;AF_rSASA_ge_0.25;hexamer_rSASA_ge_0.25;burial_lt_0.10;interprotomer_distance_gt_4.5A	False		variable	supports	unresolved_exact_subset_too_small	False	unchanged_or_unresolved	312|313	312	A	313	A	320|321	320	exact_aligned	high	A89 flanking residues align directly to adjacent EV-A71 2C residues	307:RRRSSA|AQAMEA:318	315:NNRSVI|GNTIEA:326	320	321	320-321	insertional_handle_SGRPGSLS	8	-5.392341	0.023809	-5.392341	direct_insert_strongly_deleterious	-4.803771	-4.597606	-5.050203	-5.067189;-4.983807	1AAdel_right_residue	-4.597606	deletion_context_strongly_deleterious	-1.679626	Bakhache_2024_NatMicrobiol_Dryad_10.5061_dryad.866t1g1xm_QVEU_eva71_dimple_c99331a6	direct_experiment_unfavorable	direct_experiment_unfavorable	312|313	312	313	exact_aligned	high	320	320,321	318-323	-2.5747550908947368	1.539166745	0.10526315789473684	-0.7844974758421052	1.754855565	0.42105263157894735	38	-1.679626283368421	-2.3528863775	1.754855565	0.2631578947368421	114	-1.1999616455789475	-1.4204749375	2.267497549	0.2982456140350877	exact flank summaries	312	313	0	0.0	0	0	False	0	0.0	0	0	False	0	resolved_by_parsimony	False	direct_insert_strongly_deleterious		0.23006899818922244	0.17611148900640505	0.3116056009666689	0.07709827240658627	0.7521929941463322	0.0	0.11528360134543612	0.9192559655287862	0.8236566834869917	0.8369801573192719	0.9733884129867494	0.0	False	False	True	True	True	3	True	pareto_reviewable_direct_conflicted	blocked_software_unavailable				
313|314	313	314	HIGH_RISK	C-terminal_bundle/RNA-binding_transition;near_C-terminal_oligomerization_region	False	0.0	0.1666155457496643	0.109711566944763	0.0	5.663163601693764	41.26117951983205	82.9000015258789	False	0.064935	0.051948	2.056845	1.471619	0.0	0.0	1.16964	2.418937	0.426507	0.051948	0.0	0.0	0	0.0	0	1.144	2.374043	0.436024	0.064516	0.0	0.0	0	0.0	0	0	0.0	1.169708	2.427906	0.426507	0.051948	0.0	0.0	0	none	0	none	0	none	none	max(insertion_type_count,local_deletion_type_count)	background	4	AF_coil;hexamer_coil_fraction_ge_0.8;AF_rSASA_ge_0.25;hexamer_rSASA_ge_0.25	False		variable	supports	unresolved_exact_subset_too_small	False	unchanged_or_unresolved	313|314	313	A	314	Q	321|322	321	exact_aligned	high	A89 flanking residues align directly to adjacent EV-A71 2C residues	308:RRSSAA|QAMEAI:319	316:NRSVIG|NTIEAL:327	321	322	321-322	insertional_handle_SGRPGSLS	8	-5.221861	0.026796	-5.221861	direct_insert_strongly_deleterious	-4.597606	-4.862299	-5.258244	-4.983807;-4.974612	1AAdel_left_residue	-4.597606	deletion_context_strongly_deleterious	-1.236884	Bakhache_2024_NatMicrobiol_Dryad_10.5061_dryad.866t1g1xm_QVEU_eva71_dimple_c99331a6	direct_experiment_unfavorable	direct_experiment_unfavorable	313|314	313	314	exact_aligned	high	321	321,322	319-324	-0.7844974758421052	1.754855565	0.42105263157894735	-1.6892709634736844	1.992738606	0.21052631578947367	38	-1.2368842196578949	-1.381893732	1.992738606	0.3157894736842105	114	-1.4961410794824561	-2.071789375	2.118607264	0.22807017543859648	exact flank summaries	313	314	0	0.0	0	0	False	0	0.0	0	0	False	0	resolved_by_parsimony	False	direct_insert_strongly_deleterious		0.23006899818922244	0.17611148900640505	1.0	0.16410633917454584	0.7521929941463322	0.0	0.14280974980417455	0.7794094714562193	0.767729601969537	0.786710216671987	0.8713773294359558	0.0	False	False	True	True	True	3	True	pareto_reviewable_direct_conflicted	blocked_software_unavailable				
314|315	314	315	HIGH_RISK	C-terminal_bundle/RNA-binding_transition;near_C-terminal_oligomerization_region	False	0.0	0.4383750855922699	0.2557414027763583	0.6651290805170893	3.1624560487173543	42.95235790534295	82.9000015258789	False	0.051948	0.077922	1.471619	1.191106	0.0	0.0	1.088181	2.418937	0.444905	0.051948	0.0	0.0	0	0.0	0	1.066115	2.374043	0.452602	0.064516	0.0	0.0	0	0.0	0	0	0.0	1.088249	2.427906	0.444905	0.051948	0.0	0.0	0	none	0	none	0	none	none	max(insertion_type_count,local_deletion_type_count)	background	4	AF_coil;hexamer_coil_fraction_ge_0.8;burial_lt_0.10;interprotomer_distance_gt_4.5A	False		variable	supports	unresolved_exact_subset_too_small	False	unchanged_or_unresolved	314|315	314	Q	315	A	322|323	322	exact_aligned	high	A89 flanking residues align directly to adjacent EV-A71 2C residues	309:RSSAAQ|AMEAIF:320	317:RSVIGN|TIEALF:328	322	323	322-323	insertional_handle_SGRPGSLS	8	-5.447233	0.02292	-5.447233	direct_insert_strongly_deleterious	-4.862299	-4.460702	-5.019766	-4.974612;-5.062969	1AAdel_right_residue	-4.460702	deletion_context_strongly_deleterious	-1.391913	Bakhache_2024_NatMicrobiol_Dryad_10.5061_dryad.866t1g1xm_QVEU_eva71_dimple_c99331a6	direct_experiment_unfavorable	direct_experiment_unfavorable	314|315	314	315	exact_aligned	high	322	322,323	320-325	-1.6892709634736844	1.992738606	0.21052631578947367	-1.0945551930526316	1.333093668	0.3157894736842105	38	-1.391913078263158	-1.9466621274999998	1.992738606	0.2631578947368421	114	-1.7165324647807017	-2.2541336255	1.992738606	0.20175438596491227	exact flank summaries	314	315	0	0.0	0	0	False	0	0.0	0	0	False	0	resolved_by_parsimony	False	direct_insert_strongly_deleterious		0.6053247691836785	0.410521884772708	0.3348709194829107	0.033280892430624064	0.7905265718979695	0.0	0.10709118555038473	0.6753476797526233	0.7204500451034954	0.7298099832985357	0.8431029024395491	0.0	False	True	True	True	True	4	True	pareto_reviewable_direct_conflicted	blocked_software_unavailable				
315|316	315	316	EXCLUDE	A89_C-terminal_oligomerization_region_by_similarity	False	0.0	0.4383750855922699	0.1151241220179058	0.8244054930623689	2.759802478421405	41.52818323815281	82.66999816894531	False	0.077922	0.818182	1.191106	0.684038	0.0	0.0	1.088181	2.418937	0.444905	0.051948	0.0	0.0	0	0.0	0	1.066115	2.374043	0.452602	0.064516	0.0	0.0	0	0.0	0	0	0.0	1.088249	2.427906	0.444905	0.051948	0.0	0.0	0	none	0	none	0	none	none	max(insertion_type_count,local_deletion_type_count)	background	5	AF_coil;hexamer_coil_fraction_ge_0.8;hexamer_rSASA_ge_0.25;burial_lt_0.10;interprotomer_distance_gt_4.5A	False		variable	weakens	unresolved_exact_subset_too_small	False	decreased_or_excluded; hard functional feature dominates	315|316	315	A	316	M	323|324	323	exact_aligned	high	A89 flanking residues align directly to adjacent EV-A71 2C residues	310:SSAAQA|MEAIFQ:321	318:SVIGNT|IEALFQ:329	323	324	323-324	insertional_handle_SGRPGSLS	8	-5.493618	0.022195	-5.493618	direct_insert_strongly_deleterious	-4.460702	-3.304204	-5.136322	-5.062969;-5.289068	1AAdel_right_residue	-3.304204	deletion_context_strongly_deleterious	-1.616493	Bakhache_2024_NatMicrobiol_Dryad_10.5061_dryad.866t1g1xm_QVEU_eva71_dimple_c99331a6	direct_experiment_unfavorable	direct_experiment_unfavorable	315|316	315	316	exact_aligned	high	323	323,324	321-326	-1.0945551930526316	1.333093668	0.3157894736842105	-2.1384307411578947	-0.073451174	0.0	38	-1.6164929671052632	-1.9466621274999998	1.333093668	0.15789473684210525	114	-1.7772108590175437	-2.3276526465	1.992738606	0.18421052631578946	exact flank summaries	315	316	0	0.0	0	0	False	0	0.0	0	0	False	0	resolved_by_parsimony	True	direct_insert_strongly_deleterious		0.6053247691836785	0.18479984484531373	0.17559450693763112	0.012215920977122947	0.75824511016432	0.0	0.10041008155554532	0.6466972748675227	0.7204500451034954	0.7298099832985357	0.8431029024395491	0.0	False	False	False	False	False	0	False	hard_excluded	blocked_software_unavailable				
316|317	316	317	EXCLUDE	A89_C-terminal_oligomerization_region_by_similarity	False	0.0	0.3065928518772125	0.1151241220179058	0.8244054930623689	2.759802478421405	40.36147489713557	76.83999633789062	False	0.818182	0.116883	0.684038	2.289297	0.0	0.0	1.0351	2.418937	0.479448	0.051948	0.0	0.0	0	0.0	0	1.014473	2.374043	0.486905	0.064516	0.0	0.0	0	0.0	0	0	0.0	1.035174	2.427906	0.479448	0.051948	0.0	0.0	0	none	0	none	0	none	none	max(insertion_type_count,local_deletion_type_count)	background	5	AF_coil;hexamer_coil_fraction_ge_0.8;hexamer_rSASA_ge_0.25;burial_lt_0.10;interprotomer_distance_gt_4.5A	False		variable	weakens	unresolved_exact_subset_too_small	False	decreased_or_excluded; hard functional feature dominates	316|317	316	M	317	E	324|325	324	exact_aligned	high	A89 flanking residues align directly to adjacent EV-A71 2C residues	311:SAAQAM|EAIFQ:321	319:VIGNTI|EALFQ:329	324	325	324-325	insertional_handle_SGRPGSLS	8	-5.176226	0.027657	-5.176226	direct_insert_strongly_deleterious	-3.304204	-4.729874	-5.33842	-5.289068;-5.174862	1AAdel_left_residue	-3.304204	deletion_context_strongly_deleterious	-2.078058	Bakhache_2024_NatMicrobiol_Dryad_10.5061_dryad.866t1g1xm_QVEU_eva71_dimple_c99331a6	direct_experiment_unfavorable	direct_experiment_unfavorable	316|317	316	317	exact_aligned	high	324	324,325	322-327	-2.1384307411578947	-0.073451174	0.0	-2.0176853242631583	0.444734682	0.15789473684210525	38	-2.0780580327105262	-2.7112922635	0.444734682	0.07894736842105263	114	-2.1277984537192984	-2.7006993405	1.992738606	0.12280701754385964	exact flank summaries	316	317	0	0.0	0	0	False	0	0.0	0	0	False	0	resolved_by_parsimony	True	direct_insert_strongly_deleterious		0.423354915449173	0.18479984484531373	0.17559450693763112	0.012215920977122947	0.7317995824263593	0.0	0.1507441367552873	0.4811609804050678	0.7204500451034954	0.6927363648365373	0.7900165054541766	0.0	False	False	False	False	False	0	False	hard_excluded	blocked_software_unavailable				
317|318	317	318	EXCLUDE	A89_C-terminal_oligomerization_region_by_similarity	False	0.0	0.3065928518772125	0.2059147839054398	0.0279184311621799	4.06859155884505	40.36147489713557	76.83999633789062	False	0.116883	1.0	2.289297	0.0	0.0	0.0	0.896717	2.289297	0.518182	0.051948	0.0	0.0	0	0.0	0	0.878516	2.261913	0.525269	0.064516	0.0	0.0	0	0.0	0	0	0.0	0.895901	2.289297	0.518182	0.051948	0.0	0.0	0	none	0	none	0	none	none	max(insertion_type_count,local_deletion_type_count)	background	4	AF_coil;hexamer_coil_fraction_ge_0.8;hexamer_rSASA_ge_0.25;interprotomer_distance_gt_4.5A	False		variable	weakens	unresolved_exact_subset_too_small	False	decreased_or_excluded; hard functional feature dominates	317|318	317	E	318	A	325|326	325	exact_aligned	high	A89 flanking residues align directly to adjacent EV-A71 2C residues	312:AAQAME|AIFQ:321	320:IGNTIE|ALFQ:329	325	326	325-326	insertional_handle_SGRPGSLS	8	-4.920455	0.033021	-4.920455	direct_insert_strongly_deleterious	-4.729874	-4.556363	-5.067189	-5.174862;-5.079741	1AAdel_right_residue	-4.556363	deletion_context_strongly_deleterious	-2.478255	Bakhache_2024_NatMicrobiol_Dryad_10.5061_dryad.866t1g1xm_QVEU_eva71_dimple_c99331a6	direct_experiment_unfavorable	direct_experiment_unfavorable	317|318	317	318	exact_aligned	high	325	325,326	323-328	-2.0176853242631583	0.444734682	0.15789473684210525	-2.938825456315789	-0.390686102	0.0	38	-2.4782553902894735	-2.98024742	0.444734682	0.07894736842105263	114	-2.2479106745350874	-2.7959481795	1.333093668	0.10526315789473684	exact flank summaries	317	318	0	0.0	0	0	False	0	0.0	0	0	False	0	resolved_by_parsimony	True	direct_insert_strongly_deleterious		0.423354915449173	0.330539069050733	0.9720815688378202	0.08068570903218591	0.7317995824263593	0.0	0.2001750910012441	0.4244478158379749	0.47267017000887473	0.59545225623441	0.7304892929702747	0.0	False	False	False	False	False	0	False	hard_excluded	blocked_software_unavailable				
318|319	318	319	EXCLUDE	A89_C-terminal_oligomerization_region_by_similarity	False	0.0	0.4822628498077392	0.2841738266791587	0.7121850082828299	2.92821906364868	46.89658313362212	78.31999969482422	False	1.0	0.987013	0.0	0.100001	0.0	0.0	0.865878	2.289297	0.568543	0.051948	0.0	0.0	0	0.0	0	0.84606	2.261913	0.575269	0.064516	0.0	0.0	0	0.0	0	0	0.0	0.864972	2.289297	0.568543	0.051948	0.0	0.0	0	none	0	none	0	none	none	max(insertion_type_count,local_deletion_type_count)	background	4	AF_coil;hexamer_coil_fraction_ge_0.8;burial_lt_0.10;interprotomer_distance_gt_4.5A	False		variable	weakens	unresolved_exact_subset_too_small	False	decreased_or_excluded; hard functional feature dominates	318|319	318	A	319	I	326|327	326	exact_aligned	high	A89 flanking residues align directly to adjacent EV-A71 2C residues	313:AQAMEA|IFQ:321	321:GNTIEA|LFQ:329	326	327	326-327	insertional_handle_SGRPGSLS	8	-5.034322	0.030515	-5.034322	direct_insert_strongly_deleterious	-4.556363	-4.274512	-5.024171	-5.079741;-4.809236	1AAdel_right_residue	-4.274512	deletion_context_strongly_deleterious	-2.913424	Bakhache_2024_NatMicrobiol_Dryad_10.5061_dryad.866t1g1xm_QVEU_eva71_dimple_c99331a6	direct_experiment_unfavorable	direct_experiment_unfavorable	318|319	318	319	exact_aligned	high	326	326,327	324-329	-2.938825456315789	-0.390686102	0.0	-2.8880230440526318	0.211836576	0.05263157894736842	38	-2.913424250184211	-3.113930344	0.211836576	0.02631578947368421	114	-2.5035691206140354	-2.9373595525000002	0.444734682	0.05263157894736842	exact flank summaries	318	319	0	0.0	0	0	False	0	0.0	0	0	False	0	resolved_by_parsimony	True	direct_insert_strongly_deleterious		0.6659266409981407	0.456162254781319	0.28781499171717007	0.021026697341284192	0.8799294792160718	0.0	0.17708150946873705	0.30373404144461486	0.13897932223606282	0.5738479237725891	0.6530934663605319	0.0	False	False	False	False	False	0	False	hard_excluded	blocked_software_unavailable				
319|320	319	320	EXCLUDE	A89_C-terminal_oligomerization_region_by_similarity	False	1.0	0.6564633250236511	0.1172875086466471	0.8621641606287841	2.684936378338328	42.69215074467956	75.95999908447266	False	0.987013	1.0	0.100001	0.0	0.0	0.0	0.717008	2.289297	0.631494	0.051948	0.0	0.0	0	0.0	0	0.697864	2.261913	0.637769	0.064516	0.0	0.0	0	0.0	0	0	0.0	0.715323	2.289297	0.631494	0.051948	0.0	0.0	0	none	0	none	0	none	none	max(insertion_type_count,local_deletion_type_count)	background	4	AF_coil;hexamer_rSASA_ge_0.25;burial_lt_0.10;interprotomer_distance_gt_4.5A	False		variable	weakens	unresolved_exact_subset_too_small	False	decreased_or_excluded; hard functional feature dominates	319|320	319	I	320	F	327|328	327	exact_aligned	high	A89 flanking residues align directly to adjacent EV-A71 2C residues	314:QAMEAI|FQ:321	322:NTIEAL|FQ:329	327	328	327-328	insertional_handle_SGRPGSLS	8	-5.060872	0.029959	-5.060872	direct_insert_strongly_deleterious	-4.274512	-4.363459	-4.563356	-4.809236;-5.037272	1AAdel_left_residue	-4.274512	deletion_context_strongly_deleterious	-2.648984	Bakhache_2024_NatMicrobiol_Dryad_10.5061_dryad.866t1g1xm_QVEU_eva71_dimple_c99331a6	direct_experiment_unfavorable	direct_experiment_unfavorable	319|320	319	320	exact_aligned	high	327	327,328	325-329	-2.8880230440526318	0.211836576	0.05263157894736842	-2.4099442883684215	0.208317068	0.10526315789473684	38	-2.648983666210526	-3.0569667345	0.211836576	0.07894736842105263	95	-2.576596796505263	-2.99355234	0.444734682	0.06315789473684211	exact flank summaries	319	320	0	0.0	0	0	False	0	0.0	0	0	False	0	resolved_by_parsimony	True	direct_insert_strongly_deleterious		0.9064691944356676	0.18827256199897538	0.1378358393712159	0.008299273075737556	0.7846285119947207	1.0	0.17195779385338433	0.2692526991412088	0.13897932223606282	0.4693160362696292	0.5563490673035251	0.0	False	False	False	False	False	0	False	hard_excluded	blocked_software_unavailable				
320|321	320	321	EXCLUDE	A89_C-terminal_oligomerization_region_by_similarity	True	1.0	0.7241981625556946	0.1172875086466471	0.8621641606287841	2.5539594026673686	42.69215074467956	75.95999908447266	False	1.0	1.0	0.0	0.0	0.0	0.0	0.609206	2.289297	0.714286	0.077922	0.0	0.0	0	0.0	0	0.59667	2.261913	0.719662	0.091398	0.0	0.0	0	0.0	0	0	0.0	0.609206	2.289297	0.714286	0.077922	0.0	0.0	0	none	0	none	0	none	none	max(insertion_type_count,local_deletion_type_count)	background	3	hexamer_rSASA_ge_0.25;burial_lt_0.10;interprotomer_distance_gt_4.5A	False		intermediate	weakens	unresolved_exact_subset_too_small	False	decreased_or_excluded; hard functional feature dominates	320|321	320	F	321	Q	328|329	328	exact_aligned	high	A89 flanking residues align directly to adjacent EV-A71 2C residues	315:AMEAIF|Q:321	323:TIEALF|Q:329	328	329	328-329	insertional_handle_SGRPGSLS	8	-4.64443	0.039984	-4.644430	direct_insert_strongly_deleterious	-4.363459	-4.712016	-4.941745	-5.037272;-5.058732	1AAdel_left_residue	-4.363459	deletion_context_strongly_deleterious	-2.519225	Bakhache_2024_NatMicrobiol_Dryad_10.5061_dryad.866t1g1xm_QVEU_eva71_dimple_c99331a6	direct_experiment_unfavorable	direct_experiment_unfavorable	320|321	320	321	exact_aligned	high	328	328,329	326-329	-2.4099442883684215	0.208317068	0.10526315789473684	-2.628505869526316	-0.243213342	0.0	38	-2.5192250789473687	-2.8807352305	0.208317068	0.05263157894736842	76	-2.7163246645657897	-3.0569667345	0.211836576	0.039473684210526314	exact flank summaries	320	321	0	0.0	0	0	False	0	0.0	0	0	False	0	resolved_by_parsimony	True	direct_insert_strongly_deleterious		1.0	0.18827256199897538	0.1378358393712159	0.001447163825726944	0.7846285119947207	1.0	0.26434133529926734	0.2032776507897258	0.05149670804452676	0.3951918503001165	0.4291126089990072	0.0	False	False	False	False	False	0	False	hard_excluded	blocked_software_unavailable				
