junction	left_resid	left_aa	right_resid	right_aa	functional_tier	functional_reasons	both_AF_coil	min_hex_coil_fraction	min_AF_rSASA	min_hexamer_mean_rSASA	max_any_chain_burial_fraction	min_interprotomer_heavy_atom_A	min_mean_pore_radial_A	min_AF_CA_pLDDT	strict_structural_pass	structural_score_v1	hrvA_primary_left_identity	hrvA_primary_right_identity	hrvA_primary_left_entropy	hrvA_primary_right_entropy	hrvA_primary_left_gap_frequency	hrvA_primary_right_gap_frequency	hrvA_primary_window_mean_entropy	hrvA_primary_window_max_entropy	hrvA_primary_window_mean_identity	hrvA_primary_window_min_identity	hrvA_primary_window_mean_gap_frequency	hrvA_primary_window_max_gap_frequency	hrvA_primary_natural_insertion_count	hrvA_primary_natural_insertion_frequency	hrvA_primary_natural_insertion_lengths	hrvA_expanded_window_mean_entropy	hrvA_expanded_window_max_entropy	hrvA_expanded_window_mean_identity	hrvA_expanded_window_min_identity	hrvA_expanded_window_mean_gap_frequency	hrvA_expanded_window_max_gap_frequency	hrvA_expanded_natural_insertion_count	hrvA_expanded_natural_insertion_frequency	hrvA_expanded_natural_insertion_lengths	hrvA_expanded_local_deletion_count	hrvA_expanded_local_deletion_frequency	hrvA_type_weighted_window_mean_entropy	hrvA_type_weighted_window_max_entropy	hrvA_type_weighted_window_mean_identity	hrvA_type_weighted_window_min_identity	hrvA_type_weighted_window_mean_gap_frequency	hrvA_type_weighted_window_max_gap_frequency	structural_track	failed_gate_count	failed_gate_names	strict_flag_gate_mismatch	literature_rescue_status	literature_rescue_source	hrvA_conservation_class	evolutionary_layer_effect	region_requiring_explicit_interpretation	evidence_conflict	priority_interpretation
1|2	1	S	2	D	HIGH_RISK	A89_N-terminal_membrane-binding_by_similarity;A89_N-terminal_oligomerization_by_similarity	False	0.0	0.6301	0.5975	0.0	20.1618	32.7734	72.32	False	75.0	1.000000	1.000000	0.000000	0.000000	0.000000	0.000000	0.256808	1.023425	0.937729	0.756410	0.000000	0.000000	0	0.000000	0	0.209442	0.829943	0.954488	0.823009	0.000000	0.000000	0	0.000000	0	0	0.000000	0.256808	1.023425	0.937729	0.756410	0.000000	0.000000	structural near-miss	2	AF_coil;hexamer_coil_fraction_ge_0.8	False	False		conserved	weakens	False	False	decreased; conserved local window
2|3	2	D	3	S	HIGH_RISK	A89_N-terminal_membrane-binding_by_similarity;A89_N-terminal_oligomerization_by_similarity	False	0.0	0.4967	0.4779	0.0	20.1618	30.0292	77.68	False	74.2376	1.000000	0.756410	0.000000	1.023425	0.000000	0.000000	0.224707	1.023425	0.945513	0.756410	0.000000	0.000000	0	0.000000	0	0.183262	0.829943	0.960177	0.823009	0.000000	0.000000	0	0.000000	0	0	0.000000	0.224707	1.023425	0.945513	0.756410	0.000000	0.000000	structural near-miss	2	AF_coil;hexamer_coil_fraction_ge_0.8	False	False		conserved	weakens	False	False	decreased; conserved local window
3|4	3	S	4	W	HIGH_RISK	A89_N-terminal_membrane-binding_by_similarity;A89_N-terminal_oligomerization_by_similarity	False	0.0	0.4967	0.4779	0.0	21.6411	30.0292	83.57	False	74.2376	0.756410	1.000000	1.023425	0.000000	0.000000	0.000000	0.199739	1.023425	0.951567	0.756410	0.000000	0.000000	0	0.000000	0	0.162900	0.829943	0.964602	0.823009	0.000000	0.000000	0	0.000000	0	0	0.000000	0.199739	1.023425	0.951567	0.756410	0.000000	0.000000	structural near-miss	2	AF_coil;hexamer_coil_fraction_ge_0.8	False	False		conserved	weakens	False	False	decreased; conserved local window
4|5	4	W	5	L	HIGH_RISK	A89_N-terminal_membrane-binding_by_similarity;A89_N-terminal_oligomerization_by_similarity	False	0.0	0.4275	0.4288	0.0	20.0367	32.8664	89.85	False	70.6882	1.000000	0.807692	0.000000	0.774228	0.000000	0.000000	0.179765	1.023425	0.956410	0.756410	0.000000	0.000000	0	0.000000	0	0.146610	0.829943	0.968142	0.823009	0.000000	0.000000	0	0.000000	0	0	0.000000	0.179765	1.023425	0.956410	0.756410	0.000000	0.000000	structural near-miss	2	AF_coil;hexamer_coil_fraction_ge_0.8	False	False		conserved	weakens	False	False	decreased; conserved local window
5|6	5	L	6	K	HIGH_RISK	A89_N-terminal_membrane-binding_by_similarity;A89_N-terminal_oligomerization_by_similarity	False	0.0	0.4275	0.4288	0.0	14.652	26.409	89.85	False	69.2518	0.807692	1.000000	0.774228	0.000000	0.000000	0.000000	0.210327	1.023425	0.879953	0.115385	0.000000	0.000000	0	0.000000	0	0.186772	0.829943	0.893001	0.141593	0.000000	0.000000	0	0.000000	0	0	0.000000	0.210327	1.023425	0.879953	0.115385	0.000000	0.000000	structural near-miss	2	AF_coil;hexamer_coil_fraction_ge_0.8	False	False		intermediate	remains unresolved	False	False	unchanged; no decisive evolutionary rescue
6|7	6	K	7	K	HIGH_RISK	A89_N-terminal_membrane-binding_by_similarity;A89_N-terminal_oligomerization_by_similarity	False	0.0	0.3078	0.3023	0.0	14.652	25.0892	91.28	False	61.4043	1.000000	1.000000	0.000000	0.000000	0.000000	0.000000	0.192800	1.023425	0.889957	0.115385	0.000000	0.000000	0	0.000000	0	0.171208	0.829943	0.901917	0.141593	0.000000	0.000000	0	0.000000	0	0	0.000000	0.192800	1.023425	0.889957	0.115385	0.000000	0.000000	structural near-miss	2	AF_coil;hexamer_coil_fraction_ge_0.8	False	False		intermediate	remains unresolved	False	False	unchanged; no decisive evolutionary rescue
7|8	7	K	8	F	HIGH_RISK	A89_N-terminal_membrane-binding_by_similarity;A89_N-terminal_oligomerization_by_similarity	False	0.0	0.3078	0.3023	0.0	12.3197	24.952	91.28	False	61.3502	1.000000	1.000000	0.000000	0.000000	0.000000	0.000000	0.192800	1.023425	0.889957	0.115385	0.000000	0.000000	0	0.000000	0	0.171208	0.829943	0.901917	0.141593	0.000000	0.000000	0	0.000000	0	0	0.000000	0.192800	1.023425	0.889957	0.115385	0.000000	0.000000	structural near-miss	2	AF_coil;hexamer_coil_fraction_ge_0.8	False	False		intermediate	remains unresolved	False	False	unchanged; no decisive evolutionary rescue
8|9	8	F	9	T	HIGH_RISK	A89_N-terminal_membrane-binding_by_similarity;A89_N-terminal_oligomerization_by_similarity	False	0.0	0.1606	0.1411	0.0	12.3197	22.2111	91.52	False	51.2644	1.000000	1.000000	0.000000	0.000000	0.000000	0.000000	0.192800	1.023425	0.889957	0.115385	0.000000	0.000000	0	0.000000	0	0.171208	0.829943	0.901917	0.141593	0.000000	0.000000	0	0.000000	0	0	0.000000	0.192800	1.023425	0.889957	0.115385	0.000000	0.000000	background	4	AF_coil;hexamer_coil_fraction_ge_0.8;AF_rSASA_ge_0.25;hexamer_rSASA_ge_0.25	False	False		intermediate	remains unresolved	False	False	unchanged; no decisive evolutionary rescue
9|10	9	T	10	E	HIGH_RISK	A89_N-terminal_membrane-binding_by_similarity;A89_N-terminal_oligomerization_by_similarity	False	0.0	0.1606	0.1411	0.0	12.5947	21.956	91.52	False	51.2644	1.000000	1.000000	0.000000	0.000000	0.000000	0.000000	0.107515	0.774228	0.910256	0.115385	0.000000	0.000000	0	0.000000	0	0.102046	0.636153	0.916667	0.141593	0.000000	0.000000	0	0.000000	0	0	0.000000	0.107515	0.774228	0.910256	0.115385	0.000000	0.000000	background	4	AF_coil;hexamer_coil_fraction_ge_0.8;AF_rSASA_ge_0.25;hexamer_rSASA_ge_0.25	False	False		conserved	weakens	False	False	decreased; conserved local window
10|11	10	E	11	A	HIGH_RISK	A89_N-terminal_membrane-binding_by_similarity;A89_N-terminal_oligomerization_by_similarity	False	0.0	0.1627	0.1518	0.0	12.5947	22.2635	92.45	False	51.5947	1.000000	0.115385	0.000000	0.515947	0.000000	0.000000	0.115761	0.774228	0.909188	0.115385	0.000000	0.000000	0	0.000000	0	0.108135	0.636153	0.915929	0.141593	0.000000	0.000000	0	0.000000	0	0	0.000000	0.115761	0.774228	0.909188	0.115385	0.000000	0.000000	background	4	AF_coil;hexamer_coil_fraction_ge_0.8;AF_rSASA_ge_0.25;hexamer_rSASA_ge_0.25	False	False		conserved	weakens	False	False	decreased; conserved local window
11|12	11	A	12	C	HIGH_RISK	A89_N-terminal_membrane-binding_by_similarity;A89_N-terminal_oligomerization_by_similarity	False	0.0	0.1627	0.1518	0.0	12.726	22.2635	92.45	False	51.5947	0.115385	1.000000	0.515947	0.000000	0.000000	0.000000	0.051242	0.515947	0.925214	0.115385	0.000000	0.000000	0	0.000000	0	0.055122	0.588395	0.927729	0.141593	0.000000	0.000000	0	0.000000	0	0	0.000000	0.051242	0.515947	0.925214	0.115385	0.000000	0.000000	background	4	AF_coil;hexamer_coil_fraction_ge_0.8;AF_rSASA_ge_0.25;hexamer_rSASA_ge_0.25	False	False		conserved	weakens	False	False	decreased; conserved local window
12|13	12	C	13	N	HIGH_RISK	A89_N-terminal_membrane-binding_by_similarity;A89_N-terminal_oligomerization_by_similarity	False	0.0	0.266	0.2462	0.0	13.847	21.5658	94.49	False	58.8393	1.000000	1.000000	0.000000	0.000000	0.000000	0.000000	0.051242	0.515947	0.925214	0.115385	0.000000	0.000000	0	0.000000	0	0.055122	0.588395	0.927729	0.141593	0.000000	0.000000	0	0.000000	0	0	0.000000	0.051242	0.515947	0.925214	0.115385	0.000000	0.000000	background	3	AF_coil;hexamer_coil_fraction_ge_0.8;hexamer_rSASA_ge_0.25	False	False		conserved	weakens	False	False	decreased; conserved local window
13|14	13	N	14	A	HIGH_RISK	A89_N-terminal_membrane-binding_by_similarity;A89_N-terminal_oligomerization_by_similarity	False	0.0	0.266	0.2462	0.0	15.414	21.5658	93.22	False	58.8393	1.000000	1.000000	0.000000	0.000000	0.000000	0.000000	0.051242	0.515947	0.925214	0.115385	0.000000	0.000000	0	0.000000	0	0.055122	0.588395	0.927729	0.141593	0.000000	0.000000	0	0.000000	0	0	0.000000	0.051242	0.515947	0.925214	0.115385	0.000000	0.000000	background	3	AF_coil;hexamer_coil_fraction_ge_0.8;hexamer_rSASA_ge_0.25	False	False		conserved	weakens	False	False	decreased; conserved local window
14|15	14	A	15	A	HIGH_RISK	A89_N-terminal_membrane-binding_by_similarity;A89_N-terminal_oligomerization_by_similarity	False	0.0	0.1565	0.1358	0.0	15.414	21.2821	93.22	False	51.3903	1.000000	1.000000	0.000000	0.000000	0.000000	0.000000	0.051242	0.515947	0.925214	0.115385	0.000000	0.000000	0	0.000000	0	0.055122	0.588395	0.927729	0.141593	0.000000	0.000000	0	0.000000	0	0	0.000000	0.051242	0.515947	0.925214	0.115385	0.000000	0.000000	background	4	AF_coil;hexamer_coil_fraction_ge_0.8;AF_rSASA_ge_0.25;hexamer_rSASA_ge_0.25	False	False		conserved	weakens	False	False	decreased; conserved local window
15|16	15	A	16	R	HIGH_RISK	A89_N-terminal_membrane-binding_by_similarity;A89_N-terminal_oligomerization_by_similarity	False	0.0	0.1565	0.1358	0.0	14.027	19.2093	91.99	False	50.5612	1.000000	0.987179	0.000000	0.098959	0.000000	0.000000	0.102857	0.619382	0.912393	0.115385	0.000000	0.000000	0	0.000000	0	0.098034	0.588395	0.918142	0.141593	0.000000	0.000000	0	0.000000	0	0	0.000000	0.102857	0.619382	0.912393	0.115385	0.000000	0.000000	background	4	AF_coil;hexamer_coil_fraction_ge_0.8;AF_rSASA_ge_0.25;hexamer_rSASA_ge_0.25	False	False		conserved	weakens	False	False	decreased; conserved local window
16|17	16	R	17	G	HIGH_RISK	A89_N-terminal_membrane-binding_by_similarity;A89_N-terminal_oligomerization_by_similarity	False	0.0	0.3788	0.3548	0.0	14.027	19.2093	91.99	False	66.2952	0.987179	1.000000	0.098959	0.000000	0.000000	0.000000	0.102857	0.619382	0.912393	0.115385	0.000000	0.000000	0	0.000000	0	0.098034	0.588395	0.918142	0.141593	0.000000	0.000000	0	0.000000	0	0	0.000000	0.102857	0.619382	0.912393	0.115385	0.000000	0.000000	structural near-miss	2	AF_coil;hexamer_coil_fraction_ge_0.8	False	False		conserved	weakens	False	False	decreased; conserved local window
17|18	17	G	18	L	HIGH_RISK	A89_N-terminal_membrane-binding_by_similarity;A89_N-terminal_oligomerization_by_similarity	False	0.0	0.3788	0.3548	0.0	13.3868	18.7087	91.45	False	66.0949	1.000000	1.000000	0.000000	0.000000	0.000000	0.000000	0.107775	0.619382	0.908120	0.064103	0.000000	0.000000	0	0.000000	0	0.099385	0.604606	0.913717	0.088496	0.000000	0.000000	0	0.000000	0	0	0.000000	0.107775	0.619382	0.908120	0.064103	0.000000	0.000000	structural near-miss	2	AF_coil;hexamer_coil_fraction_ge_0.8	False	False		conserved	weakens	False	False	decreased; conserved local window
18|19	18	L	19	E	HIGH_RISK	A89_N-terminal_membrane-binding_by_similarity;A89_N-terminal_oligomerization_by_similarity	False	0.0	0.2215	0.2215	0.0	13.3868	18.7087	91.45	False	54.5512	1.000000	1.000000	0.000000	0.000000	0.000000	0.000000	0.107775	0.619382	0.908120	0.064103	0.000000	0.000000	0	0.000000	0	0.099385	0.604606	0.913717	0.088496	0.000000	0.000000	0	0.000000	0	0	0.000000	0.107775	0.619382	0.908120	0.064103	0.000000	0.000000	background	4	AF_coil;hexamer_coil_fraction_ge_0.8;AF_rSASA_ge_0.25;hexamer_rSASA_ge_0.25	False	False		conserved	weakens	False	False	decreased; conserved local window
19|20	19	E	20	W	HIGH_RISK	A89_N-terminal_membrane-binding_by_similarity;A89_N-terminal_oligomerization_by_similarity	False	0.0	0.2215	0.2215	0.0	13.8033	18.2647	91.52	False	54.3736	1.000000	1.000000	0.000000	0.000000	0.000000	0.000000	0.107775	0.619382	0.908120	0.064103	0.000000	0.000000	0	0.000000	0	0.099385	0.604606	0.913717	0.088496	0.000000	0.000000	0	0.000000	0	0	0.000000	0.107775	0.619382	0.908120	0.064103	0.000000	0.000000	background	4	AF_coil;hexamer_coil_fraction_ge_0.8;AF_rSASA_ge_0.25;hexamer_rSASA_ge_0.25	False	False		conserved	weakens	False	False	decreased; conserved local window
20|21	20	W	21	I	HIGH_RISK	A89_N-terminal_membrane-binding_by_similarity;A89_N-terminal_oligomerization_by_similarity	False	0.0	0.1379	0.1293	0.0	13.8033	18.2647	91.52	False	48.7264	1.000000	0.846154	0.000000	0.619382	0.000000	0.000000	0.107775	0.619382	0.908120	0.064103	0.000000	0.000000	0	0.000000	0	0.099385	0.604606	0.913717	0.088496	0.000000	0.000000	0	0.000000	0	0	0.000000	0.107775	0.619382	0.908120	0.064103	0.000000	0.000000	background	4	AF_coil;hexamer_coil_fraction_ge_0.8;AF_rSASA_ge_0.25;hexamer_rSASA_ge_0.25	False	False		conserved	weakens	False	False	decreased; conserved local window
21|22	21	I	22	G	HIGH_RISK	A89_N-terminal_membrane-binding_by_similarity;A89_N-terminal_oligomerization_by_similarity;A89_N-terminal_RNA-binding/RTN3_site_by_similarity	False	0.0	0.1379	0.1293	0.0	14.3919	18.1106	90.62	False	48.6647	0.846154	1.000000	0.619382	0.000000	0.000000	0.000000	0.107775	0.619382	0.908120	0.064103	0.000000	0.000000	0	0.000000	0	0.099385	0.604606	0.913717	0.088496	0.000000	0.000000	0	0.000000	0	0	0.000000	0.107775	0.619382	0.908120	0.064103	0.000000	0.000000	background	4	AF_coil;hexamer_coil_fraction_ge_0.8;AF_rSASA_ge_0.25;hexamer_rSASA_ge_0.25	False	False		conserved	weakens	False	False	decreased; conserved local window
22|23	22	G	23	Q	HIGH_RISK	A89_N-terminal_membrane-binding_by_similarity;A89_N-terminal_oligomerization_by_similarity;A89_N-terminal_RNA-binding/RTN3_site_by_similarity	False	0.0	0.3846	0.3644	0.0	14.3919	18.1106	90.62	False	65.9217	1.000000	0.064103	0.000000	0.574962	0.000000	0.000000	0.099529	0.619382	0.909188	0.064103	0.000000	0.000000	0	0.000000	0	0.093296	0.604606	0.914454	0.088496	0.000000	0.000000	0	0.000000	0	0	0.000000	0.099529	0.619382	0.909188	0.064103	0.000000	0.000000	structural near-miss	2	AF_coil;hexamer_coil_fraction_ge_0.8	False	False		conserved	weakens	False	False	decreased; conserved local window
23|24	23	Q	24	K	HIGH_RISK	A89_N-terminal_membrane-binding_by_similarity;A89_N-terminal_oligomerization_by_similarity;A89_N-terminal_RNA-binding/RTN3_site_by_similarity	False	0.0	0.2463	0.2266	0.0	12.1498	19.1242	90.62	False	55.427	0.064103	1.000000	0.574962	0.000000	0.000000	0.000000	0.099529	0.619382	0.909188	0.064103	0.000000	0.000000	0	0.000000	0	0.093296	0.604606	0.914454	0.088496	0.000000	0.000000	0	0.000000	0	0	0.000000	0.099529	0.619382	0.909188	0.064103	0.000000	0.000000	background	4	AF_coil;hexamer_coil_fraction_ge_0.8;AF_rSASA_ge_0.25;hexamer_rSASA_ge_0.25	False	False		conserved	weakens	False	False	decreased; conserved local window
24|25	24	K	25	I	HIGH_RISK	A89_N-terminal_membrane-binding_by_similarity;A89_N-terminal_oligomerization_by_similarity;A89_N-terminal_RNA-binding/RTN3_site_by_similarity	False	0.0	0.2463	0.2266	0.0	12.1498	19.1242	90.62	False	55.427	1.000000	1.000000	0.000000	0.000000	0.000000	0.000000	0.182229	0.992399	0.871795	0.064103	0.000000	0.000000	0	0.000000	0	0.173164	0.958416	0.882743	0.088496	0.000000	0.000000	0	0.000000	0	0	0.000000	0.182229	0.992399	0.871795	0.064103	0.000000	0.000000	background	4	AF_coil;hexamer_coil_fraction_ge_0.8;AF_rSASA_ge_0.25;hexamer_rSASA_ge_0.25	False	False		intermediate	remains unresolved	False	False	unchanged; no decisive evolutionary rescue
25|26	25	I	26	S	HIGH_RISK	A89_N-terminal_membrane-binding_by_similarity;A89_N-terminal_oligomerization_by_similarity;A89_N-terminal_RNA-binding/RTN3_site_by_similarity	False	0.0	0.1888	0.1602	0.0	11.8698	20.3628	92.02	False	51.2809	1.000000	1.000000	0.000000	0.000000	0.000000	0.000000	0.182229	0.992399	0.871795	0.064103	0.000000	0.000000	0	0.000000	0	0.173164	0.958416	0.882743	0.088496	0.000000	0.000000	0	0.000000	0	0	0.000000	0.182229	0.992399	0.871795	0.064103	0.000000	0.000000	background	4	AF_coil;hexamer_coil_fraction_ge_0.8;AF_rSASA_ge_0.25;hexamer_rSASA_ge_0.25	False	False		intermediate	remains unresolved	False	False	unchanged; no decisive evolutionary rescue
26|27	26	S	27	K	HIGH_RISK	A89_N-terminal_membrane-binding_by_similarity;A89_N-terminal_oligomerization_by_similarity;A89_N-terminal_RNA-binding/RTN3_site_by_similarity	False	0.0	0.1888	0.1602	0.0	11.8698	20.3628	92.02	False	51.2809	1.000000	1.000000	0.000000	0.000000	0.000000	0.000000	0.295819	1.363083	0.794872	0.064103	0.000000	0.000000	0	0.000000	0	0.278365	1.262409	0.808260	0.088496	0.000000	0.000000	0	0.000000	0	0	0.000000	0.295819	1.363083	0.794872	0.064103	0.000000	0.000000	background	4	AF_coil;hexamer_coil_fraction_ge_0.8;AF_rSASA_ge_0.25;hexamer_rSASA_ge_0.25	False	False		intermediate	remains unresolved	False	False	unchanged; no decisive evolutionary rescue
27|28	27	K	28	F	HIGH_RISK	A89_N-terminal_membrane-binding_by_similarity;A89_N-terminal_oligomerization_by_similarity	False	0.0	0.2299	0.2141	0.0	12.3288	17.4338	91.45	False	54.2741	1.000000	1.000000	0.000000	0.000000	0.000000	0.000000	0.252450	1.363083	0.806624	0.064103	0.000000	0.000000	0	0.000000	0	0.241541	1.262409	0.817109	0.088496	0.000000	0.000000	0	0.000000	0	0	0.000000	0.252450	1.363083	0.806624	0.064103	0.000000	0.000000	background	4	AF_coil;hexamer_coil_fraction_ge_0.8;AF_rSASA_ge_0.25;hexamer_rSASA_ge_0.25	False	False		intermediate	remains unresolved	False	False	unchanged; no decisive evolutionary rescue
28|29	28	F	29	I	HIGH_RISK	A89_N-terminal_membrane-binding_by_similarity;A89_N-terminal_oligomerization_by_similarity	False	0.0	0.2299	0.2141	0.0	12.3288	17.4338	91.45	False	54.2741	1.000000	1.000000	0.000000	0.000000	0.000000	0.000000	0.268923	1.363083	0.804487	0.064103	0.000000	0.000000	0	0.000000	0	0.253710	1.262409	0.815634	0.088496	0.000000	0.000000	0	0.000000	0	0	0.000000	0.268923	1.363083	0.804487	0.064103	0.000000	0.000000	background	4	AF_coil;hexamer_coil_fraction_ge_0.8;AF_rSASA_ge_0.25;hexamer_rSASA_ge_0.25	False	False		intermediate	remains unresolved	False	False	unchanged; no decisive evolutionary rescue
29|30	29	I	30	D	HIGH_RISK	A89_N-terminal_membrane-binding_by_similarity;A89_N-terminal_oligomerization_by_similarity	False	0.0	0.1995	0.1792	0.0	11.5364	19.1583	91.82	False	52.349	1.000000	0.551282	0.000000	0.992399	0.000000	0.000000	0.221010	1.363083	0.882479	0.076923	0.000000	0.000000	0	0.000000	0	0.203326	1.262409	0.891593	0.106195	0.000000	0.000000	0	0.000000	0	0	0.000000	0.221010	1.363083	0.882479	0.076923	0.000000	0.000000	background	4	AF_coil;hexamer_coil_fraction_ge_0.8;AF_rSASA_ge_0.25;hexamer_rSASA_ge_0.25	False	False		intermediate	remains unresolved	False	False	unchanged; no decisive evolutionary rescue
30|31	30	D	31	W	HIGH_RISK	A89_N-terminal_membrane-binding_by_similarity;A89_N-terminal_oligomerization_by_similarity	False	0.0	0.1995	0.1792	0.0	11.5364	19.1583	91.82	False	52.349	0.551282	1.000000	0.992399	0.000000	0.000000	0.000000	0.221010	1.363083	0.882479	0.076923	0.000000	0.000000	0	0.000000	0	0.203326	1.262409	0.891593	0.106195	0.000000	0.000000	0	0.000000	0	0	0.000000	0.221010	1.363083	0.882479	0.076923	0.000000	0.000000	background	4	AF_coil;hexamer_coil_fraction_ge_0.8;AF_rSASA_ge_0.25;hexamer_rSASA_ge_0.25	False	False		intermediate	remains unresolved	False	False	unchanged; no decisive evolutionary rescue
31|32	31	W	32	I	HIGH_RISK	A89_N-terminal_membrane-binding_by_similarity;A89_N-terminal_oligomerization_by_similarity	False	0.0	0.1201	0.1102	0.0	13.024	21.6084	91.51	False	47.426	1.000000	0.076923	0.000000	1.363083	0.000000	0.000000	0.221010	1.363083	0.882479	0.076923	0.000000	0.000000	0	0.000000	0	0.203326	1.262409	0.891593	0.106195	0.000000	0.000000	0	0.000000	0	0	0.000000	0.221010	1.363083	0.882479	0.076923	0.000000	0.000000	background	4	AF_coil;hexamer_coil_fraction_ge_0.8;AF_rSASA_ge_0.25;hexamer_rSASA_ge_0.25	False	False		intermediate	remains unresolved	False	False	unchanged; no decisive evolutionary rescue
32|33	32	I	33	K	HIGH_RISK	A89_N-terminal_membrane-binding_by_similarity;A89_N-terminal_oligomerization_by_similarity	False	0.0	0.1201	0.1102	0.0	13.024	21.6084	91.51	False	47.426	0.076923	0.987179	1.363083	0.098959	0.000000	0.000000	0.221010	1.363083	0.882479	0.076923	0.000000	0.000000	0	0.000000	0	0.203326	1.262409	0.891593	0.106195	0.000000	0.000000	0	0.000000	0	0	0.000000	0.221010	1.363083	0.882479	0.076923	0.000000	0.000000	background	4	AF_coil;hexamer_coil_fraction_ge_0.8;AF_rSASA_ge_0.25;hexamer_rSASA_ge_0.25	False	False		intermediate	remains unresolved	False	False	unchanged; no decisive evolutionary rescue
33|34	33	K	34	S	HIGH_RISK	A89_N-terminal_membrane-binding_by_similarity;A89_N-terminal_oligomerization_by_similarity	False	0.0	0.2228	0.2011	0.0	13.6182	20.1556	92.15	False	54.0777	0.987179	0.974359	0.098959	0.197678	0.000000	0.000000	0.229256	1.363083	0.881410	0.076923	0.000000	0.000000	0	0.000000	0	0.209415	1.262409	0.890855	0.106195	0.000000	0.000000	0	0.000000	0	0	0.000000	0.229256	1.363083	0.881410	0.076923	0.000000	0.000000	background	4	AF_coil;hexamer_coil_fraction_ge_0.8;AF_rSASA_ge_0.25;hexamer_rSASA_ge_0.25	False	False		intermediate	remains unresolved	False	False	unchanged; no decisive evolutionary rescue
34|35	34	S	35	M	HIGH_RISK	A89_N-terminal_membrane-binding_by_similarity;A89_N-terminal_oligomerization_by_similarity	False	0.0	0.2228	0.2011	0.0	13.6182	20.1556	92.15	False	54.0777	0.974359	1.000000	0.197678	0.000000	0.000000	0.000000	0.292028	1.363083	0.867521	0.076923	0.000000	0.000000	0	0.000000	0	0.262757	1.262409	0.879793	0.106195	0.000000	0.000000	0	0.000000	0	0	0.000000	0.292028	1.363083	0.867521	0.076923	0.000000	0.000000	background	4	AF_coil;hexamer_coil_fraction_ge_0.8;AF_rSASA_ge_0.25;hexamer_rSASA_ge_0.25	False	False		intermediate	remains unresolved	False	False	unchanged; no decisive evolutionary rescue
35|36	35	M	36	L	HIGH_RISK	A89_N-terminal_membrane-binding_by_similarity;A89_N-terminal_oligomerization_by_similarity	False	0.0	0.2326	0.2155	0.0	13.3071	19.4172	92.64	False	54.8184	1.000000	1.000000	0.000000	0.000000	0.000000	0.000000	0.311627	1.363083	0.864316	0.076923	0.000000	0.000000	0	0.000000	0	0.277489	1.262409	0.877581	0.106195	0.000000	0.000000	0	0.000000	0	0	0.000000	0.311627	1.363083	0.864316	0.076923	0.000000	0.000000	background	4	AF_coil;hexamer_coil_fraction_ge_0.8;AF_rSASA_ge_0.25;hexamer_rSASA_ge_0.25	False	False		intermediate	remains unresolved	False	False	unchanged; no decisive evolutionary rescue
36|37	36	L	37	P	HIGH_RISK	A89_N-terminal_membrane-binding_by_similarity;A89_N-terminal_oligomerization_by_similarity	False	0.0	0.2326	0.2155	0.0	13.3071	19.4172	92.64	False	54.8184	1.000000	1.000000	0.000000	0.000000	0.000000	0.000000	0.228927	1.363083	0.901709	0.076923	0.000000	0.000000	0	0.000000	0	0.197621	1.262409	0.909292	0.106195	0.000000	0.000000	0	0.000000	0	0	0.000000	0.228927	1.363083	0.901709	0.076923	0.000000	0.000000	background	4	AF_coil;hexamer_coil_fraction_ge_0.8;AF_rSASA_ge_0.25;hexamer_rSASA_ge_0.25	False	False		conserved	weakens	False	False	decreased; conserved local window
37|38	37	P	38	Q	HIGH_RISK	A89_N-terminal_membrane-binding_by_similarity;A89_N-terminal_oligomerization_by_similarity	False	0.0	0.2734	0.2587	0.0	12.5313	18.0494	93.07	False	57.0887	1.000000	1.000000	0.000000	0.000000	0.000000	0.000000	0.303588	1.363083	0.834402	0.076923	0.000000	0.000000	0	0.000000	0	0.270046	1.262409	0.842920	0.106195	0.000000	0.000000	0	0.000000	0	0	0.000000	0.303588	1.363083	0.834402	0.076923	0.000000	0.000000	structural near-miss	2	AF_coil;hexamer_coil_fraction_ge_0.8	False	False		intermediate	remains unresolved	False	False	unchanged; no decisive evolutionary rescue
38|39	38	Q	39	A	HIGH_RISK	A89_N-terminal_membrane-binding_by_similarity;A89_N-terminal_oligomerization_by_similarity	False	0.0	0.2734	0.2587	0.0	12.5313	18.0494	93.07	False	57.0887	1.000000	0.987179	0.000000	0.098959	0.000000	0.000000	0.281842	1.102130	0.836538	0.102564	0.000000	0.000000	0	0.000000	0	0.254804	1.079510	0.843658	0.115044	0.000000	0.000000	0	0.000000	0	0	0.000000	0.281842	1.102130	0.836538	0.102564	0.000000	0.000000	structural near-miss	2	AF_coil;hexamer_coil_fraction_ge_0.8	False	False		intermediate	remains unresolved	False	False	unchanged; no decisive evolutionary rescue
39|40	39	A	40	A	HIGH_RISK	A89_N-terminal_membrane-binding_by_similarity;A89_N-terminal_oligomerization_by_similarity	False	0.0	0.0775	0.0682	0.0	12.6184	19.5937	94.1	False	43.0465	0.987179	0.833333	0.098959	0.753253	0.000000	0.000000	0.319637	1.102130	0.826923	0.102564	0.000000	0.000000	0	0.000000	0	0.287092	1.079510	0.836283	0.115044	0.000000	0.000000	0	0.000000	0	0	0.000000	0.319637	1.102130	0.826923	0.102564	0.000000	0.000000	background	4	AF_coil;hexamer_coil_fraction_ge_0.8;AF_rSASA_ge_0.25;hexamer_rSASA_ge_0.25	False	False		intermediate	remains unresolved	False	False	unchanged; no decisive evolutionary rescue
40|41	40	A	41	L	HIGH_RISK	A89_N-terminal_membrane-binding_by_similarity;A89_N-terminal_oligomerization_by_similarity	False	0.0	0.0775	0.0682	0.0	13.0464	21.5327	94.1	False	43.0465	0.833333	0.961538	0.753253	0.235193	0.000000	0.000000	0.357332	1.102130	0.815171	0.102564	0.000000	0.000000	0	0.000000	0	0.322000	1.079510	0.826696	0.115044	0.000000	0.000000	0	0.000000	0	0	0.000000	0.357332	1.102130	0.815171	0.102564	0.000000	0.000000	background	4	AF_coil;hexamer_coil_fraction_ge_0.8;AF_rSASA_ge_0.25;hexamer_rSASA_ge_0.25	False	False		intermediate	remains unresolved	False	False	unchanged; no decisive evolutionary rescue
41|42	41	L	42	K	HIGH_RISK	A89_N-terminal_membrane-binding_by_similarity;A89_N-terminal_oligomerization_by_similarity	False	0.0	0.1372	0.1238	0.0	13.0464	21.5327	93.33	False	47.0555	0.961538	1.000000	0.235193	0.000000	0.000000	0.000000	0.541966	2.215605	0.736111	0.051282	0.000000	0.000000	0	0.000000	0	0.502223	2.162670	0.749262	0.070796	0.000000	0.000000	0	0.000000	0	0	0.000000	0.542462	2.221561	0.736111	0.051282	0.000000	0.000000	background	4	AF_coil;hexamer_coil_fraction_ge_0.8;AF_rSASA_ge_0.25;hexamer_rSASA_ge_0.25	False	False		intermediate	remains unresolved	False	False	unchanged; no decisive evolutionary rescue
42|43	42	K	43	I	HIGH_RISK	A89_N-terminal_membrane-binding_by_similarity;A89_N-terminal_oligomerization_by_similarity	False	0.0	0.1372	0.1238	0.0	13.3866	20.1759	93.33	False	47.0555	1.000000	0.192308	0.000000	0.895936	0.000000	0.000000	0.668892	2.215605	0.659188	0.051282	0.000000	0.000000	0	0.000000	0	0.619154	2.162670	0.674779	0.070796	0.000000	0.000000	0	0.000000	0	0	0.000000	0.669388	2.221561	0.659188	0.051282	0.000000	0.000000	background	4	AF_coil;hexamer_coil_fraction_ge_0.8;AF_rSASA_ge_0.25;hexamer_rSASA_ge_0.25	False	False		variable	supports	False	False	unchanged; no decisive evolutionary rescue
43|44	43	I	44	D	HIGH_RISK	A89_N-terminal_membrane-binding_by_similarity;A89_N-terminal_oligomerization_by_similarity	False	0.0	0.146	0.1352	0.0	13.3866	20.1759	93.33	False	47.6465	0.192308	0.102564	0.895936	1.102130	0.000000	0.000000	0.705649	2.215605	0.653846	0.051282	0.000000	0.000000	0	0.000000	0	0.657557	2.162670	0.668879	0.070796	0.000000	0.000000	0	0.000000	0	0	0.000000	0.706145	2.221561	0.653846	0.051282	0.000000	0.000000	background	4	AF_coil;hexamer_coil_fraction_ge_0.8;AF_rSASA_ge_0.25;hexamer_rSASA_ge_0.25	False	False		variable	supports	False	False	unchanged; no decisive evolutionary rescue
44|45	44	D	45	Y	HIGH_RISK	A89_N-terminal_membrane-binding_by_similarity;A89_N-terminal_oligomerization_by_similarity	False	0.0	0.146	0.1352	0.0	13.9068	19.4217	93.25	False	47.3448	0.102564	0.871795	1.102130	0.552495	0.000000	0.000000	0.713895	2.215605	0.652778	0.051282	0.000000	0.000000	0	0.000000	0	0.663646	2.162670	0.668142	0.070796	0.000000	0.000000	0	0.000000	0	0	0.000000	0.714392	2.221561	0.652778	0.051282	0.000000	0.000000	background	4	AF_coil;hexamer_coil_fraction_ge_0.8;AF_rSASA_ge_0.25;hexamer_rSASA_ge_0.25	False	False		variable	supports	False	False	unchanged; no decisive evolutionary rescue
45|46	45	Y	46	L	HIGH_RISK	A89_N-terminal_membrane-binding_by_similarity;A89_N-terminal_oligomerization_by_similarity	False	0.0	0.162	0.1519	0.0	13.9068	19.4217	93.25	False	48.423	0.871795	0.833333	0.552495	0.650022	0.000000	0.000000	0.784900	2.215605	0.594017	0.051282	0.000000	0.000000	0	0.000000	0	0.736082	2.162670	0.606932	0.070796	0.000000	0.000000	0	0.000000	0	0	0.000000	0.785396	2.221561	0.594017	0.051282	0.000000	0.000000	background	4	AF_coil;hexamer_coil_fraction_ge_0.8;AF_rSASA_ge_0.25;hexamer_rSASA_ge_0.25	False	False		variable	supports	False	False	unchanged; no decisive evolutionary rescue
46|47	46	L	47	T	HIGH_RISK	A89_N-terminal_membrane-binding_by_similarity;A89_N-terminal_oligomerization_by_similarity	False	0.0	0.162	0.1519	0.0	12.5303	20.9666	93.25	False	48.423	0.833333	0.051282	0.650022	2.215605	0.000000	0.000000	0.722129	2.215605	0.607906	0.051282	0.000000	0.000000	0	0.000000	0	0.682739	2.162670	0.617994	0.070796	0.000000	0.000000	0	0.000000	0	0	0.000000	0.722625	2.221561	0.607906	0.051282	0.000000	0.000000	background	4	AF_coil;hexamer_coil_fraction_ge_0.8;AF_rSASA_ge_0.25;hexamer_rSASA_ge_0.25	False	False		variable	supports	False	False	unchanged; no decisive evolutionary rescue
47|48	47	T	48	K	HIGH_RISK	A89_N-terminal_membrane-binding_by_similarity;A89_N-terminal_oligomerization_by_similarity	False	0.0	0.1753	0.1638	0.0	12.5303	20.9666	93.25	False	49.3303	0.051282	0.076923	2.215605	1.523111	0.000000	0.000000	0.842131	2.215605	0.572650	0.051282	0.000000	0.000000	0	0.000000	0	0.794764	2.162670	0.587021	0.070796	0.000000	0.000000	0	0.000000	0	0	0.000000	0.842628	2.221561	0.572650	0.051282	0.000000	0.000000	background	4	AF_coil;hexamer_coil_fraction_ge_0.8;AF_rSASA_ge_0.25;hexamer_rSASA_ge_0.25	False	False		variable	supports	False	False	unchanged; no decisive evolutionary rescue
48|49	48	K	49	L	HIGH_RISK	A89_N-terminal_membrane-binding_by_similarity;A89_N-terminal_oligomerization_by_similarity	False	0.0	0.1753	0.1638	0.0	12.6153	20.9675	93.54	False	49.3303	0.076923	0.935897	1.523111	0.441079	0.000000	0.000000	0.913651	2.215605	0.549145	0.051282	0.000000	0.000000	0	0.000000	0	0.859611	2.162670	0.567847	0.070796	0.000000	0.000000	0	0.000000	0	0	0.000000	0.913415	2.221561	0.549679	0.051282	0.000000	0.000000	background	4	AF_coil;hexamer_coil_fraction_ge_0.8;AF_rSASA_ge_0.25;hexamer_rSASA_ge_0.25	False	False		variable	supports	False	False	unchanged; no decisive evolutionary rescue
49|50	49	L	50	K	HIGH_RISK	A89_N-terminal_membrane-binding_by_similarity;A89_N-terminal_oligomerization_by_similarity	True	1.0	0.3038	0.2907	0.0	12.6153	20.9675	93.54	False	79.4097	0.935897	0.987179	0.441079	0.098959	0.000000	0.000000	0.886903	2.215605	0.607906	0.051282	0.000000	0.000000	0	0.000000	0	0.832420	2.162670	0.626106	0.070796	0.000000	0.000000	0	0.000000	0	0	0.000000	0.886667	2.221561	0.608440	0.051282	0.000000	0.000000	background	0	none	True	False		variable	supports	False	False	unchanged; no decisive evolutionary rescue
50|51	50	K	51	Q	HIGH_RISK	A89_N-terminal_membrane-binding_by_similarity;A89_N-terminal_oligomerization_by_similarity	False	0.0	0.3038	0.2907	0.0	12.2656	22.0657	93.54	False	59.4097	0.987179	0.282051	0.098959	0.951014	0.000000	0.000000	0.795059	2.215605	0.682692	0.051282	0.000000	0.000000	0	0.000000	0	0.742461	2.162670	0.699853	0.070796	0.000000	0.000000	0	0.000000	0	0	0.000000	0.794823	2.221561	0.683226	0.051282	0.000000	0.000000	structural near-miss	2	AF_coil;hexamer_coil_fraction_ge_0.8	False	False		variable	supports	False	False	new_outside_strict10_for_later_review; near-miss plus evolutionary variability
51|52	51	Q	52	L	HIGH_RISK	A89_N-terminal_membrane-binding_by_similarity;A89_N-terminal_oligomerization_by_similarity	False	0.0	0.2383	0.2217	0.0	12.2656	22.0657	93.54	False	54.9557	0.282051	1.000000	0.951014	0.000000	0.000000	0.000000	0.749017	2.215605	0.693376	0.051282	0.000000	0.000000	0	0.000000	0	0.704084	2.162670	0.707965	0.070796	0.000000	0.000000	0	0.000000	0	0	0.000000	0.748781	2.221561	0.693910	0.051282	0.000000	0.000000	background	4	AF_coil;hexamer_coil_fraction_ge_0.8;AF_rSASA_ge_0.25;hexamer_rSASA_ge_0.25	False	False		variable	supports	False	False	unchanged; no decisive evolutionary rescue
52|53	52	L	53	N	HIGH_RISK	A89_N-terminal_membrane-binding_by_similarity;A89_N-terminal_oligomerization_by_similarity	False	0.0	0.2383	0.2217	0.0	12.6752	20.7195	93.54	False	54.9557	1.000000	0.538462	0.000000	1.675225	0.000000	0.000000	0.735575	2.215605	0.699786	0.051282	0.000000	0.000000	0	0.000000	0	0.695491	2.162670	0.712389	0.070796	0.000000	0.000000	0	0.000000	0	0	0.000000	0.735339	2.221561	0.700320	0.051282	0.000000	0.000000	background	4	AF_coil;hexamer_coil_fraction_ge_0.8;AF_rSASA_ge_0.25;hexamer_rSASA_ge_0.25	False	False		intermediate	remains unresolved	False	False	unchanged; no decisive evolutionary rescue
53|54	53	N	54	L	HIGH_RISK	A89_N-terminal_membrane-binding_by_similarity;A89_N-terminal_oligomerization_by_similarity	False	0.0	0.2258	0.216	0.0	12.6752	20.7195	93.54	False	54.2865	0.538462	0.717949	1.675225	0.858231	0.000000	0.000000	0.657079	1.675225	0.750000	0.076923	0.000000	0.000000	0	0.000000	0	0.618218	1.521075	0.762537	0.106195	0.000000	0.000000	0	0.000000	0	0	0.000000	0.657442	1.675225	0.750000	0.076923	0.000000	0.000000	background	4	AF_coil;hexamer_coil_fraction_ge_0.8;AF_rSASA_ge_0.25;hexamer_rSASA_ge_0.25	False	False		intermediate	remains unresolved	False	False	unchanged; no decisive evolutionary rescue
54|55	54	L	55	L	HIGH_RISK	A89_N-terminal_membrane-binding_by_similarity;A89_N-terminal_oligomerization_by_similarity	False	0.0	0.2258	0.216	0.0	11.9708	20.0959	93.54	False	54.0371	0.717949	0.897436	0.858231	0.574962	0.000000	0.000000	0.600183	1.675225	0.804487	0.282051	0.000000	0.000000	0	0.000000	0	0.566134	1.521075	0.817847	0.256637	0.000000	0.000000	0	0.000000	0	0	0.000000	0.600546	1.675225	0.804487	0.282051	0.000000	0.000000	background	4	AF_coil;hexamer_coil_fraction_ge_0.8;AF_rSASA_ge_0.25;hexamer_rSASA_ge_0.25	False	False		intermediate	remains unresolved	False	False	unchanged; no decisive evolutionary rescue
55|56	55	L	56	E	HIGH_RISK	A89_N-terminal_membrane-binding_by_similarity;A89_N-terminal_oligomerization_by_similarity	False	0.0	0.1251	0.1157	0.0	11.9708	20.0959	93.54	False	47.4209	0.897436	1.000000	0.574962	0.000000	0.000000	0.000000	0.741753	2.139927	0.730769	0.051282	0.000000	0.000000	0	0.000000	0	0.705392	2.131932	0.747050	0.079646	0.000000	0.000000	0	0.000000	0	0	0.000000	0.742116	2.139927	0.730769	0.051282	0.000000	0.000000	background	4	AF_coil;hexamer_coil_fraction_ge_0.8;AF_rSASA_ge_0.25;hexamer_rSASA_ge_0.25	False	False		intermediate	remains unresolved	False	False	unchanged; no decisive evolutionary rescue
56|57	56	E	57	K	HIGH_RISK	A89_N-terminal_membrane-binding_by_similarity;A89_N-terminal_oligomerization_by_similarity	False	0.0	0.1251	0.1157	0.0	11.5527	21.8462	93.54	False	47.4209	1.000000	1.000000	0.000000	0.000000	0.000000	0.000000	0.762133	2.139927	0.653846	0.051282	0.000000	0.000000	0	0.000000	0	0.735255	2.131932	0.671829	0.079646	0.000000	0.000000	0	0.000000	0	0	0.000000	0.762497	2.139927	0.653846	0.051282	0.000000	0.000000	background	4	AF_coil;hexamer_coil_fraction_ge_0.8;AF_rSASA_ge_0.25;hexamer_rSASA_ge_0.25	False	False		variable	supports	False	False	unchanged; no decisive evolutionary rescue
57|58	57	K	58	Q	HIGH_RISK	A89_N-terminal_membrane-binding_by_similarity;A89_N-terminal_oligomerization_by_similarity	False	0.0	0.2181	0.2042	0.0	11.5527	21.8462	92.74	False	53.6505	1.000000	0.910256	0.000000	0.488712	0.000000	0.000000	0.710667	2.139927	0.709402	0.051282	0.000000	0.000000	0	0.000000	0	0.677522	2.131932	0.730826	0.079646	0.000000	0.000000	0	0.000000	0	0	0.000000	0.711031	2.139927	0.709402	0.051282	0.000000	0.000000	background	4	AF_coil;hexamer_coil_fraction_ge_0.8;AF_rSASA_ge_0.25;hexamer_rSASA_ge_0.25	False	False		intermediate	remains unresolved	False	False	unchanged; no decisive evolutionary rescue
58|59	58	Q	59	I	HIGH_RISK	A89_N-terminal_membrane-binding_by_similarity;A89_N-terminal_oligomerization_by_similarity	False	0.0	0.2181	0.2042	0.0	11.6764	20.2753	92.74	False	53.6505	0.910256	0.653846	0.488712	1.273651	0.000000	0.000000	0.928438	2.613241	0.645299	0.051282	0.000000	0.000000	0	0.000000	0	0.899072	2.658599	0.665929	0.079646	0.000000	0.000000	0	0.000000	0	0	0.000000	0.930026	2.627950	0.645299	0.051282	0.000000	0.000000	background	4	AF_coil;hexamer_coil_fraction_ge_0.8;AF_rSASA_ge_0.25;hexamer_rSASA_ge_0.25	False	False		variable	supports	False	False	unchanged; no decisive evolutionary rescue
59|60	59	I	60	E	HIGH_RISK	A89_N-terminal_membrane-binding_by_similarity;A89_N-terminal_oligomerization_by_similarity	False	0.0	0.1055	0.0936	0.0	11.6764	20.2753	92.74	False	46.0451	0.653846	0.730769	1.273651	0.840359	0.000000	0.000000	0.788835	2.613241	0.683761	0.051282	0.000000	0.000000	0	0.000000	0	0.772316	2.658599	0.699115	0.079646	0.000000	0.000000	0	0.000000	0	0	0.000000	0.790424	2.627950	0.683761	0.051282	0.000000	0.000000	background	4	AF_coil;hexamer_coil_fraction_ge_0.8;AF_rSASA_ge_0.25;hexamer_rSASA_ge_0.25	False	False		variable	supports	False	False	unchanged; no decisive evolutionary rescue
60|61	60	E	61	T	HIGH_RISK	A89_N-terminal_membrane-binding_by_similarity;A89_N-terminal_oligomerization_by_similarity	False	0.0	0.1055	0.0936	0.0	12.4935	21.8114	92.74	False	46.0451	0.730769	0.051282	0.840359	2.139927	0.000000	0.000000	0.821798	2.613241	0.630781	0.051282	0.005342	0.064103	0	0.000000	0	0.807013	2.658599	0.643444	0.079646	0.003687	0.044248	0	0.000000	0	5	0.044248	0.824119	2.627950	0.630247	0.051282	0.005342	0.064103	background	4	AF_coil;hexamer_coil_fraction_ge_0.8;AF_rSASA_ge_0.25;hexamer_rSASA_ge_0.25	False	False		variable	supports	False	False	unchanged; no decisive evolutionary rescue
61|62	61	T	62	I	HIGH_RISK	A89_N-terminal_membrane-binding_by_similarity;A89_N-terminal_oligomerization_by_similarity	False	0.0	0.2528	0.2371	0.0	12.4935	21.8114	92.74	False	56.1979	0.051282	0.064103	2.139927	0.343520	0.000000	0.000000	0.974231	2.613241	0.562405	0.051282	0.005342	0.064103	0	0.000000	0	0.965517	2.658599	0.575597	0.079646	0.003687	0.044248	0	0.000000	0	5	0.044248	0.973982	2.627950	0.560624	0.051282	0.005342	0.064103	background	3	AF_coil;hexamer_coil_fraction_ge_0.8;hexamer_rSASA_ge_0.25	False	False		variable	supports	False	False	unchanged; no decisive evolutionary rescue
62|63	62	I	63	R	HIGH_RISK	A89_N-terminal_membrane-binding_by_similarity;A89_N-terminal_oligomerization_by_similarity	False	0.0	0.2299	0.217	0.0	12.1805	19.2022	92.74	False	54.4549	0.064103	0.948718	0.343520	0.333422	0.000000	0.000000	1.169829	2.613241	0.483345	0.051282	0.005342	0.064103	0	0.000000	0	1.176660	2.658599	0.499638	0.079646	0.003687	0.044248	0	0.000000	0	5	0.044248	1.169579	2.627950	0.481564	0.051282	0.005342	0.064103	background	4	AF_coil;hexamer_coil_fraction_ge_0.8;AF_rSASA_ge_0.25;hexamer_rSASA_ge_0.25	False	False		variable	supports	False	False	unchanged; no decisive evolutionary rescue
63|64	63	R	64	L	HIGH_RISK	A89_N-terminal_membrane-binding_by_similarity;A89_N-terminal_oligomerization_by_similarity	False	0.0	0.2299	0.217	0.0	12.1805	19.2022	92.74	False	54.4549	0.948718	0.230769	0.333422	2.613241	0.000000	0.000000	1.322834	2.613241	0.405354	0.051282	0.005342	0.064103	0	0.000000	0	1.323917	2.658599	0.423680	0.079646	0.003687	0.044248	0	0.000000	0	5	0.044248	1.315780	2.627950	0.403146	0.051282	0.005342	0.064103	background	4	AF_coil;hexamer_coil_fraction_ge_0.8;AF_rSASA_ge_0.25;hexamer_rSASA_ge_0.25	False	False		variable	supports	False	False	unchanged; no decisive evolutionary rescue
64|65	64	L	65	A	HIGH_RISK	A89_N-terminal_membrane-binding_by_similarity;A89_N-terminal_oligomerization_by_similarity	False	0.0	0.1676	0.1526	0.0	10.8786	19.0552	92.74	False	49.6061	0.230769	1.000000	2.613241	0.000000	0.000000	0.000000	1.290354	2.613241	0.411764	0.051282	0.005342	0.064103	0	0.000000	0	1.291523	2.658599	0.429579	0.079646	0.003687	0.044248	0	0.000000	0	5	0.044248	1.283301	2.627950	0.409556	0.051282	0.005342	0.064103	background	4	AF_coil;hexamer_coil_fraction_ge_0.8;AF_rSASA_ge_0.25;hexamer_rSASA_ge_0.25	False	False		variable	supports	False	False	unchanged; no decisive evolutionary rescue
65|66	65	A	66	P	HIGH_RISK	A89_N-terminal_membrane-binding_by_similarity;A89_N-terminal_oligomerization_by_similarity	True	1.0	0.4591	0.4333	0.0	10.8786	19.0552	92.74	False	90.3051	1.000000	0.082192	0.000000	1.253779	0.000000	0.064103	1.256676	2.613241	0.427790	0.051282	0.005342	0.064103	5	0.064103	1:5	1.248149	2.658599	0.447278	0.079646	0.003687	0.044248	6	0.053097	1:6	5	0.044248	1.245059	2.627950	0.426650	0.051282	0.005342	0.064103	background	0	none	True	False		indel_signal	supports	False	False	unchanged; no decisive evolutionary rescue
66|67	66	P	67	A	HIGH_RISK	A89_N-terminal_membrane-binding_by_similarity;A89_N-terminal_oligomerization_by_similarity	False	0.0	0.4591	0.4333	0.0	11.1309	17.5849	92.74	False	70.3051	0.082192	0.076923	1.253779	2.404163	0.064103	0.000000	1.301294	2.613241	0.429926	0.051282	0.005342	0.064103	1	0.012821	1:1	1.278064	2.658599	0.450966	0.079646	0.003687	0.044248	1	0.008850	1:1	5	0.044248	1.289677	2.627950	0.428787	0.051282	0.005342	0.064103	structural near-miss	2	AF_coil;hexamer_coil_fraction_ge_0.8	False	False		indel_signal	supports	False	False	new_outside_strict10_for_later_review; near-miss plus evolutionary variability
67|68	67	A	68	S	HIGH_RISK	A89_N-terminal_membrane-binding_by_similarity;A89_N-terminal_oligomerization_by_similarity	False	0.0	0.2764	0.2562	0.0	11.1309	17.5849	92.74	False	57.7345	0.076923	0.051282	2.404163	2.347173	0.000000	0.000000	1.192913	2.613241	0.497234	0.051282	0.005342	0.064103	0	0.000000	0	1.157804	2.658599	0.518812	0.088496	0.003687	0.044248	0	0.000000	0	5	0.044248	1.181296	2.627950	0.496094	0.051282	0.005342	0.064103	structural near-miss	2	AF_coil;hexamer_coil_fraction_ge_0.8	False	False		variable	supports	False	False	new_outside_strict10_for_later_review; near-miss plus evolutionary variability
68|69	68	S	69	V	HIGH_RISK	A89_N-terminal_membrane-binding_by_similarity;A89_N-terminal_oligomerization_by_similarity	False	0.0	0.2764	0.2562	0.0	11.4251	15.3189	92.74	False	56.8283	0.051282	0.064103	2.347173	1.836058	0.000000	0.000000	1.290697	2.613241	0.497234	0.051282	0.005342	0.064103	0	0.000000	0	1.238970	2.658599	0.517337	0.070796	0.003687	0.044248	0	0.000000	0	5	0.044248	1.279030	2.627950	0.495667	0.051282	0.005342	0.064103	structural near-miss	2	AF_coil;hexamer_coil_fraction_ge_0.8	False	False		variable	supports	False	False	new_outside_strict10_for_later_review; near-miss plus evolutionary variability
69|70	69	V	70	Q	HIGH_RISK	A89_N-terminal_membrane-binding_by_similarity;A89_N-terminal_oligomerization_by_similarity	False	0.0	0.1368	0.1263	0.0	11.4251	15.3189	92.74	False	47.4222	0.064103	0.987179	1.836058	0.098959	0.000000	0.000000	1.526796	3.166610	0.425750	0.051282	0.005342	0.064103	0	0.000000	0	1.473257	3.060933	0.445138	0.070796	0.003687	0.044248	0	0.000000	0	5	0.044248	1.515129	3.166610	0.424183	0.051282	0.005342	0.064103	background	4	AF_coil;hexamer_coil_fraction_ge_0.8;AF_rSASA_ge_0.25;hexamer_rSASA_ge_0.25	False	False		variable	supports	False	False	unchanged; no decisive evolutionary rescue
70|71	70	Q	71	E	HIGH_RISK	A89_N-terminal_membrane-binding_by_similarity;A89_N-terminal_oligomerization_by_similarity	False	0.0	0.1368	0.1263	0.0	11.7551	17.7477	92.74	False	47.4222	0.987179	0.846154	0.098959	0.869508	0.000000	0.000000	1.395215	3.166610	0.473827	0.051282	0.005342	0.064103	0	0.000000	0	1.327843	3.060933	0.496761	0.070796	0.003687	0.044248	0	0.000000	0	5	0.044248	1.382323	3.166610	0.472260	0.051282	0.005342	0.064103	background	4	AF_coil;hexamer_coil_fraction_ge_0.8;AF_rSASA_ge_0.25;hexamer_rSASA_ge_0.25	False	False		variable	supports	False	False	unchanged; no decisive evolutionary rescue
71|72	71	E	72	K	HIGH_RISK	A89_N-terminal_oligomerization_by_similarity	False	0.0	0.2144	0.201	0.0	11.7551	17.7477	92.74	False	53.3055	0.846154	0.756410	0.869508	1.375784	0.000000	0.000000	1.515647	3.166610	0.452459	0.051282	0.005342	0.064103	0	0.000000	0	1.431310	3.060933	0.479062	0.070796	0.003687	0.044248	0	0.000000	0	5	0.044248	1.504468	3.166610	0.450358	0.051282	0.005342	0.064103	background	4	AF_coil;hexamer_coil_fraction_ge_0.8;AF_rSASA_ge_0.25;hexamer_rSASA_ge_0.25	False	False		variable	supports	False	False	unchanged; no decisive evolutionary rescue
72|73	72	K	73	I	HIGH_RISK	A89_N-terminal_oligomerization_by_similarity	False	0.0	0.2144	0.201	0.0	11.1684	17.7477	92.74	False	53.3055	0.756410	0.858974	1.375784	0.839344	0.000000	0.000000	1.549057	3.166610	0.449883	0.051282	0.000000	0.000000	0	0.000000	0	1.460685	3.060933	0.477211	0.070796	0.000000	0.000000	0	0.000000	0	0	0.000000	1.536628	3.166610	0.447782	0.051282	0.000000	0.000000	background	4	AF_coil;hexamer_coil_fraction_ge_0.8;AF_rSASA_ge_0.25;hexamer_rSASA_ge_0.25	False	False		variable	supports	False	False	unchanged; no decisive evolutionary rescue
73|74	73	I	74	F	HIGH_RISK	A89_N-terminal_oligomerization_by_similarity	False	0.0	0.1254	0.1149	0.0	11.1684	17.7477	92.74	False	47.2462	0.858974	0.064103	0.839344	1.516929	0.000000	0.000000	1.421169	3.166610	0.513986	0.051282	0.000000	0.000000	0	0.000000	0	1.318239	3.060933	0.542845	0.070796	0.000000	0.000000	0	0.000000	0	0	0.000000	1.411311	3.166610	0.513131	0.051282	0.000000	0.000000	background	4	AF_coil;hexamer_coil_fraction_ge_0.8;AF_rSASA_ge_0.25;hexamer_rSASA_ge_0.25	False	False		variable	supports	False	False	unchanged; no decisive evolutionary rescue
74|75	74	F	75	I	HIGH_RISK	A89_N-terminal_oligomerization_by_similarity	False	0.0	0.1254	0.1149	0.0	11.9658	17.6997	92.74	False	47.2269	0.064103	0.090909	1.516929	3.166610	0.000000	0.000000	1.254198	3.166610	0.587704	0.051282	0.000000	0.000000	0	0.000000	0	1.132048	3.060933	0.614379	0.070796	0.000000	0.000000	0	0.000000	0	0	0.000000	1.244340	3.166610	0.586849	0.051282	0.000000	0.000000	background	4	AF_coil;hexamer_coil_fraction_ge_0.8;AF_rSASA_ge_0.25;hexamer_rSASA_ge_0.25	False	False		variable	supports	False	False	unchanged; no decisive evolutionary rescue
75|76	75	I	76	E	HIGH_RISK	A89_N-terminal_oligomerization_by_similarity	False	0.0	0.1058	0.0945	0.0	11.9658	19.3013	92.74	False	46.0869	0.090909	0.807692	3.166610	1.034272	0.000000	0.000000	1.168855	3.166610	0.652964	0.051282	0.006410	0.076923	0	0.000000	0	1.040630	3.060933	0.680904	0.070796	0.005162	0.061947	0	0.000000	0	7	0.061947	1.165800	3.166610	0.652536	0.051282	0.006410	0.076923	background	4	AF_coil;hexamer_coil_fraction_ge_0.8;AF_rSASA_ge_0.25;hexamer_rSASA_ge_0.25	False	False		indel_signal	supports	False	False	unchanged; no decisive evolutionary rescue
76|77	76	E	77	I	HIGH_RISK	A89_N-terminal_oligomerization_by_similarity	False	0.0	0.1058	0.0945	0.0	11.9658	19.3013	92.74	False	46.0869	0.807692	0.743590	1.034272	1.445180	0.000000	0.000000	1.160609	3.166610	0.654032	0.051282	0.006410	0.076923	0	0.000000	0	1.034542	3.060933	0.681641	0.070796	0.005162	0.061947	0	0.000000	0	7	0.061947	1.157554	3.166610	0.653605	0.051282	0.006410	0.076923	background	4	AF_coil;hexamer_coil_fraction_ge_0.8;AF_rSASA_ge_0.25;hexamer_rSASA_ge_0.25	False	False		indel_signal	supports	False	False	unchanged; no decisive evolutionary rescue
77|78	77	I	78	N	HIGH_RISK	A89_N-terminal_oligomerization_by_similarity	False	0.0	0.0621	0.0545	0.0	12.2128	18.2755	92.74	False	42.993	0.743590	0.051282	1.445180	1.654709	0.000000	0.000000	1.163881	3.166610	0.650827	0.051282	0.006410	0.076923	0	0.000000	0	1.038152	3.060933	0.679429	0.070796	0.005162	0.061947	0	0.000000	0	7	0.061947	1.164294	3.166610	0.649865	0.051282	0.006410	0.076923	background	4	AF_coil;hexamer_coil_fraction_ge_0.8;AF_rSASA_ge_0.25;hexamer_rSASA_ge_0.25	False	False		indel_signal	supports	False	False	unchanged; no decisive evolutionary rescue
78|79	78	N	79	T	HIGH_RISK	A89_N-terminal_oligomerization_by_similarity	False	0.0	0.0621	0.0545	0.0	12.2128	18.2755	92.74	False	42.993	0.051282	0.846154	1.654709	0.869508	0.000000	0.000000	1.049232	3.166610	0.671126	0.051282	0.006410	0.076923	0	0.000000	0	0.943390	3.060933	0.694916	0.070796	0.005162	0.061947	0	0.000000	0	7	0.061947	1.049645	3.166610	0.670165	0.051282	0.006410	0.076923	background	4	AF_coil;hexamer_coil_fraction_ge_0.8;AF_rSASA_ge_0.25;hexamer_rSASA_ge_0.25	False	False		indel_signal	supports	False	False	unchanged; no decisive evolutionary rescue
79|80	79	T	80	L	HIGH_RISK	A89_N-terminal_oligomerization_by_similarity	False	0.0	0.0694	0.0629	0.0	13.3026	20.9055	92.74	False	43.5167	0.846154	0.935897	0.869508	0.343520	0.000000	0.000000	1.086203	3.166610	0.604887	0.051282	0.006410	0.076923	0	0.000000	0	0.986907	3.060933	0.627807	0.070796	0.005162	0.061947	0	0.000000	0	7	0.061947	1.086616	3.166610	0.603925	0.051282	0.006410	0.076923	background	4	AF_coil;hexamer_coil_fraction_ge_0.8;AF_rSASA_ge_0.25;hexamer_rSASA_ge_0.25	False	False		indel_signal	supports	False	False	unchanged; no decisive evolutionary rescue
80|81	80	L	81	H	HIGH_RISK	A89_N-terminal_oligomerization_by_similarity	False	0.0	0.0694	0.0629	0.0	13.3026	20.9055	92.74	False	43.5167	0.935897	0.847222	0.343520	0.811939	0.000000	0.076923	0.959792	3.166610	0.682878	0.051282	0.006410	0.076923	5	0.064103	1:5	0.869789	3.060933	0.705240	0.079646	0.005162	0.061947	5	0.044248	1:5	7	0.061947	0.960255	3.166610	0.682344	0.051282	0.006410	0.076923	background	4	AF_coil;hexamer_coil_fraction_ge_0.8;AF_rSASA_ge_0.25;hexamer_rSASA_ge_0.25	False	False		indel_signal	supports	False	False	unchanged; no decisive evolutionary rescue
81|82	81	H	82	D	HIGH_RISK	A89_N-terminal_oligomerization_by_similarity	False	0.0	0.1171	0.1043	0.0	12.6159	19.9415	92.74	False	46.7198	0.847222	1.000000	0.811939	0.000000	0.076923	0.000000	0.715507	1.654709	0.755431	0.051282	0.006410	0.076923	0	0.000000	0	0.629443	1.547041	0.778177	0.079646	0.005162	0.061947	0	0.000000	0	7	0.061947	0.715970	1.639696	0.754897	0.051282	0.006410	0.076923	background	4	AF_coil;hexamer_coil_fraction_ge_0.8;AF_rSASA_ge_0.25;hexamer_rSASA_ge_0.25	False	False		indel_signal	supports	False	False	unchanged; no decisive evolutionary rescue
82|83	82	D	83	L	HIGH_RISK	A89_N-terminal_oligomerization_by_similarity	False	0.0	0.1171	0.1043	0.0	12.6159	19.9415	92.74	False	46.7198	1.000000	0.807692	0.000000	0.908771	0.000000	0.000000	0.629318	1.654709	0.771456	0.051282	0.006410	0.076923	0	0.000000	0	0.553306	1.547041	0.791451	0.079646	0.005162	0.061947	0	0.000000	0	7	0.061947	0.629781	1.639696	0.770922	0.051282	0.006410	0.076923	background	4	AF_coil;hexamer_coil_fraction_ge_0.8;AF_rSASA_ge_0.25;hexamer_rSASA_ge_0.25	False	False		indel_signal	supports	False	False	unchanged; no decisive evolutionary rescue
83|84	83	L	84	S	HIGH_RISK	A89_N-terminal_oligomerization_by_similarity	False	0.0	0.1259	0.1145	0.0	12.8344	18.8073	92.74	False	47.202	0.807692	1.000000	0.908771	0.000000	0.000000	0.000000	0.508886	1.654709	0.792824	0.051282	0.006410	0.076923	0	0.000000	0	0.449839	1.547041	0.809150	0.079646	0.005162	0.061947	0	0.000000	0	7	0.061947	0.507635	1.639696	0.792824	0.051282	0.006410	0.076923	background	4	AF_coil;hexamer_coil_fraction_ge_0.8;AF_rSASA_ge_0.25;hexamer_rSASA_ge_0.25	False	False		indel_signal	supports	False	False	unchanged; no decisive evolutionary rescue
84|85	84	S	85	L	HIGH_RISK	A89_N-terminal_oligomerization_by_similarity	False	0.0	0.1259	0.1145	0.0	12.8344	18.8073	92.74	False	47.202	1.000000	0.064103	0.000000	1.282995	0.000000	0.000000	0.370994	1.282995	0.871884	0.064103	0.006410	0.076923	0	0.000000	0	0.320919	1.211025	0.885846	0.088496	0.005162	0.061947	0	0.000000	0	7	0.061947	0.370994	1.282995	0.871884	0.064103	0.006410	0.076923	background	4	AF_coil;hexamer_coil_fraction_ge_0.8;AF_rSASA_ge_0.25;hexamer_rSASA_ge_0.25	False	False		indel_signal	supports	False	False	unchanged; no decisive evolutionary rescue
85|86	85	L	86	K	HIGH_RISK	A89_N-terminal_oligomerization_by_similarity	False	0.0	0.109	0.0973	0.0	12.4923	19.3324	92.74	False	46.2212	0.064103	1.000000	1.282995	0.000000	0.000000	0.000000	0.298535	1.282995	0.884704	0.064103	0.006410	0.076923	0	0.000000	0	0.259627	1.211025	0.896171	0.088496	0.005162	0.061947	0	0.000000	0	7	0.061947	0.298535	1.282995	0.884704	0.064103	0.006410	0.076923	background	4	AF_coil;hexamer_coil_fraction_ge_0.8;AF_rSASA_ge_0.25;hexamer_rSASA_ge_0.25	False	False		indel_signal	supports	False	False	unchanged; no decisive evolutionary rescue
86|87	86	K	87	F	HIGH_RISK	A89_N-terminal_oligomerization_by_similarity	False	0.0	0.109	0.0973	0.0	12.4923	19.3324	92.74	False	46.2212	1.000000	0.961538	0.000000	0.235193	0.000000	0.000000	0.294226	1.282995	0.885773	0.064103	0.006410	0.076923	0	0.000000	0	0.253074	1.211025	0.897646	0.088496	0.005162	0.061947	0	0.000000	0	7	0.061947	0.294226	1.282995	0.885773	0.064103	0.006410	0.076923	background	4	AF_coil;hexamer_coil_fraction_ge_0.8;AF_rSASA_ge_0.25;hexamer_rSASA_ge_0.25	False	False		indel_signal	supports	False	False	unchanged; no decisive evolutionary rescue
87|88	87	F	88	L	HIGH_RISK	A89_N-terminal_oligomerization_by_similarity	False	0.0	0.1002	0.0879	0.0	12.2044	20.7547	92.74	False	45.6254	0.961538	1.000000	0.235193	0.000000	0.000000	0.000000	0.334404	1.294075	0.882479	0.064103	0.000000	0.000000	0	0.000000	0	0.300588	1.240248	0.891593	0.088496	0.000000	0.000000	0	0.000000	0	0	0.000000	0.334001	1.289236	0.882479	0.064103	0.000000	0.000000	background	4	AF_coil;hexamer_coil_fraction_ge_0.8;AF_rSASA_ge_0.25;hexamer_rSASA_ge_0.25	False	False		intermediate	remains unresolved	False	False	unchanged; no decisive evolutionary rescue
88|89	88	L	89	P	HIGH_RISK	A89_N-terminal_oligomerization_by_similarity	False	0.0	0.1002	0.0879	0.0	12.2044	20.7547	92.74	False	45.6254	1.000000	1.000000	0.000000	0.000000	0.000000	0.000000	0.334404	1.294075	0.882479	0.064103	0.000000	0.000000	0	0.000000	0	0.300588	1.240248	0.891593	0.088496	0.000000	0.000000	0	0.000000	0	0	0.000000	0.334001	1.289236	0.882479	0.064103	0.000000	0.000000	background	4	AF_coil;hexamer_coil_fraction_ge_0.8;AF_rSASA_ge_0.25;hexamer_rSASA_ge_0.25	False	False		intermediate	remains unresolved	False	False	unchanged; no decisive evolutionary rescue
89|90	89	P	90	L	HIGH_RISK	A89_N-terminal_oligomerization_by_similarity	True	1.0	0.1757	0.1605	0.0	11.7338	20.1531	92.74	False	69.4565	1.000000	1.000000	0.000000	0.000000	0.000000	0.000000	0.317530	1.294075	0.882479	0.064103	0.000000	0.000000	0	0.000000	0	0.286435	1.240248	0.891593	0.088496	0.000000	0.000000	0	0.000000	0	0	0.000000	0.317126	1.289236	0.882479	0.064103	0.000000	0.000000	structural near-miss	2	AF_rSASA_ge_0.25;hexamer_rSASA_ge_0.25	False	False		intermediate	remains unresolved	False	False	unchanged; no decisive evolutionary rescue
90|91	90	L	91	Y	HIGH_RISK	A89_N-terminal_oligomerization_by_similarity	True	1.0	0.1757	0.1605	0.0	11.7338	20.1531	92.74	False	69.4565	1.000000	1.000000	0.000000	0.000000	0.000000	0.000000	0.346156	1.294075	0.804487	0.064103	0.000000	0.000000	0	0.000000	0	0.322388	1.240248	0.815634	0.088496	0.000000	0.000000	0	0.000000	0	0	0.000000	0.345753	1.289236	0.804487	0.064103	0.000000	0.000000	structural near-miss	2	AF_rSASA_ge_0.25;hexamer_rSASA_ge_0.25	False	False		intermediate	remains unresolved	False	False	unchanged; no decisive evolutionary rescue
91|92	91	Y	92	A	HIGH_RISK	A89_N-terminal_oligomerization_by_similarity	False	0.0	0.1194	0.1087	0.0	11.6886	20.536	92.74	False	46.8913	1.000000	0.948718	0.000000	0.291818	0.000000	0.000000	0.261783	1.294075	0.879273	0.064103	0.000000	0.000000	0	0.000000	0	0.238232	1.240248	0.889381	0.088496	0.000000	0.000000	0	0.000000	0	0	0.000000	0.261379	1.289236	0.879273	0.064103	0.000000	0.000000	background	4	AF_coil;hexamer_coil_fraction_ge_0.8;AF_rSASA_ge_0.25;hexamer_rSASA_ge_0.25	False	False		intermediate	remains unresolved	False	False	unchanged; no decisive evolutionary rescue
92|93	92	A	93	S	HIGH_RISK	A89_N-terminal_oligomerization_by_similarity	False	0.0	0.1194	0.1087	0.0	11.6886	20.536	92.74	False	46.8913	0.948718	0.807692	0.291818	1.294075	0.000000	0.000000	0.270029	1.294075	0.878205	0.064103	0.000000	0.000000	0	0.000000	0	0.244321	1.240248	0.888643	0.088496	0.000000	0.000000	0	0.000000	0	0	0.000000	0.269626	1.289236	0.878205	0.064103	0.000000	0.000000	background	4	AF_coil;hexamer_coil_fraction_ge_0.8;AF_rSASA_ge_0.25;hexamer_rSASA_ge_0.25	False	False		intermediate	remains unresolved	False	False	unchanged; no decisive evolutionary rescue
93|94	93	S	94	E	HIGH_RISK	A89_N-terminal_oligomerization_by_similarity	False	0.0	0.167	0.1552	0.0	11.7507	19.158	92.74	False	49.6752	0.807692	1.000000	1.294075	0.000000	0.000000	0.000000	0.266903	1.294075	0.879273	0.064103	0.000000	0.000000	0	0.000000	0	0.241758	1.240248	0.889381	0.088496	0.000000	0.000000	0	0.000000	0	0	0.000000	0.266500	1.289236	0.879273	0.064103	0.000000	0.000000	background	4	AF_coil;hexamer_coil_fraction_ge_0.8;AF_rSASA_ge_0.25;hexamer_rSASA_ge_0.25	False	False		intermediate	remains unresolved	False	False	unchanged; no decisive evolutionary rescue
94|95	94	E	95	A	HIGH_RISK	A89_N-terminal_oligomerization_by_similarity	False	0.0	0.167	0.1552	0.0	11.7507	19.158	92.74	False	49.6752	1.000000	0.807692	0.000000	0.706274	0.000000	0.000000	0.472695	2.469501	0.801282	0.064103	0.000000	0.000000	0	0.000000	0	0.438215	2.357487	0.814159	0.088496	0.000000	0.000000	0	0.000000	0	0	0.000000	0.472601	2.473211	0.801282	0.064103	0.000000	0.000000	background	4	AF_coil;hexamer_coil_fraction_ge_0.8;AF_rSASA_ge_0.25;hexamer_rSASA_ge_0.25	False	False		intermediate	remains unresolved	False	False	unchanged; no decisive evolutionary rescue
95|96	95	A	96	R	HIGH_RISK	A89_N-terminal_oligomerization_by_similarity	False	0.0	0.2527	0.2364	0.0	11.6383	18.2995	92.74	False	55.9945	0.807692	0.064103	0.706274	0.343520	0.000000	0.000000	0.505178	2.469501	0.795940	0.064103	0.000000	0.000000	0	0.000000	0	0.466042	2.357487	0.809735	0.088496	0.000000	0.000000	0	0.000000	0	0	0.000000	0.505084	2.473211	0.795940	0.064103	0.000000	0.000000	background	3	AF_coil;hexamer_coil_fraction_ge_0.8;hexamer_rSASA_ge_0.25	False	False		intermediate	remains unresolved	False	False	unchanged; no decisive evolutionary rescue
96|97	96	R	97	R	HIGH_RISK	A89_N-terminal_oligomerization_by_similarity	False	0.0	0.2527	0.2364	0.0	11.6383	18.2995	92.74	False	55.9945	0.064103	0.961538	0.343520	0.270512	0.000000	0.000000	0.634041	2.469501	0.744470	0.064103	0.010684	0.128205	0	0.000000	0	0.592038	2.357487	0.761880	0.088496	0.008112	0.097345	0	0.000000	0	11	0.097345	0.633769	2.473211	0.743471	0.064103	0.010684	0.128205	background	3	AF_coil;hexamer_coil_fraction_ge_0.8;hexamer_rSASA_ge_0.25	False	False		indel_signal	supports	False	False	unchanged; no decisive evolutionary rescue
97|98	97	R	98	I	HIGH_RISK	A89_N-terminal_oligomerization_by_similarity	False	0.0	0.1707	0.159	0.0	11.5142	17.3618	92.74	False	49.5402	0.961538	0.987179	0.270512	0.098959	0.000000	0.000000	0.768803	2.469501	0.669794	0.064103	0.011752	0.128205	0	0.000000	0	0.724106	2.357487	0.688963	0.088496	0.008850	0.097345	0	0.000000	0	12	0.106195	0.768531	2.473211	0.668796	0.064103	0.011752	0.128205	background	4	AF_coil;hexamer_coil_fraction_ge_0.8;AF_rSASA_ge_0.25;hexamer_rSASA_ge_0.25	False	False		indel_signal	supports	False	False	unchanged; no decisive evolutionary rescue
98|99	98	I	99	K	HIGH_RISK	A89_N-terminal_oligomerization_by_similarity	False	0.0	0.1707	0.159	0.0	11.5142	17.3618	92.74	False	49.5402	0.987179	0.974359	0.098959	0.197678	0.000000	0.000000	0.799942	2.469501	0.663384	0.064103	0.011752	0.128205	0	0.000000	0	0.756092	2.357487	0.682326	0.088496	0.008850	0.097345	0	0.000000	0	12	0.106195	0.799669	2.473211	0.662385	0.064103	0.011752	0.128205	background	4	AF_coil;hexamer_coil_fraction_ge_0.8;AF_rSASA_ge_0.25;hexamer_rSASA_ge_0.25	False	False		indel_signal	supports	False	False	unchanged; no decisive evolutionary rescue
99|100	99	K	100	N	HIGH_RISK	A89_N-terminal_oligomerization_by_similarity	False	0.0	0.2582	0.2395	0.0	11.7526	17.9636	92.74	False	56.2261	0.974359	0.064103	0.197678	2.469501	0.000000	0.000000	0.780171	2.469501	0.661247	0.064103	0.011752	0.128205	0	0.000000	0	0.726425	2.357487	0.683801	0.088496	0.008850	0.097345	0	0.000000	0	12	0.106195	0.780302	2.473211	0.660249	0.064103	0.011752	0.128205	background	3	AF_coil;hexamer_coil_fraction_ge_0.8;hexamer_rSASA_ge_0.25	False	False		indel_signal	supports	False	False	unchanged; no decisive evolutionary rescue
100|101	100	N	101	L	HIGH_RISK	A89_N-terminal_oligomerization_by_similarity	False	0.0	0.0651	0.0279	0.0	6.1169	21.4286	92.74	False	36.5938	0.064103	0.935897	2.469501	0.389797	0.000000	0.000000	0.954576	2.469501	0.605692	0.064103	0.018162	0.128205	0	0.000000	0	0.899146	2.357487	0.629833	0.088496	0.014749	0.097345	0	0.000000	0	20	0.176991	0.954932	2.473211	0.605272	0.064103	0.018162	0.128205	background	4	AF_coil;hexamer_coil_fraction_ge_0.8;AF_rSASA_ge_0.25;hexamer_rSASA_ge_0.25	False	False		indel_signal	supports	False	False	unchanged; no decisive evolutionary rescue
101|102	101	L	102	Y	HIGH_RISK	A89_N-terminal_oligomerization_by_similarity	False	0.0	0.2401	0.2283	0.0	5.9101	18.278	92.74	False	46.1823	0.935897	0.382353	0.389797	1.546363	0.000000	0.128205	1.091937	2.469501	0.576845	0.064103	0.018162	0.128205	0	0.000000	0	1.030702	2.357487	0.601809	0.088496	0.014749	0.097345	0	0.000000	0	20	0.176991	1.092292	2.473211	0.576426	0.064103	0.018162	0.128205	background	4	AF_coil;hexamer_coil_fraction_ge_0.8;AF_rSASA_ge_0.25;hexamer_rSASA_ge_0.25	False	False		indel_signal	supports	False	False	unchanged; no decisive evolutionary rescue
102|103	102	Y	103	I	HIGH_RISK	A89_N-terminal_oligomerization_by_similarity	False	0.0	0.2401	0.2283	0.0	5.9101	18.278	92.74	False	46.1823	0.382353	0.103896	1.546363	1.617140	0.128205	0.012821	1.179156	2.469501	0.587529	0.064103	0.018162	0.128205	0	0.000000	0	1.109062	2.357487	0.615821	0.097345	0.014749	0.097345	0	0.000000	0	20	0.176991	1.179511	2.473211	0.587109	0.064103	0.018162	0.128205	background	4	AF_coil;hexamer_coil_fraction_ge_0.8;AF_rSASA_ge_0.25;hexamer_rSASA_ge_0.25	False	False		indel_signal	supports	False	False	unchanged; no decisive evolutionary rescue
103|104	103	I	104	K	HIGH_RISK	A89_N-terminal_oligomerization_by_similarity	False	0.0	0.0757	0.0656	0.0	6.8975	17.1198	92.74	False	35.5987	0.103896	0.871795	1.617140	0.665481	0.012821	0.000000	1.200707	2.469501	0.584324	0.064103	0.018162	0.128205	0	0.000000	0	1.129737	2.357487	0.612871	0.097345	0.014749	0.097345	0	0.000000	0	20	0.176991	1.201063	2.473211	0.583904	0.064103	0.018162	0.128205	background	4	AF_coil;hexamer_coil_fraction_ge_0.8;AF_rSASA_ge_0.25;hexamer_rSASA_ge_0.25	False	False		indel_signal	supports	False	False	unchanged; no decisive evolutionary rescue
104|105	104	K	105	C	HIGH_RISK	A89_N-terminal_oligomerization_by_similarity	False	0.0	0.0757	0.0656	0.0	6.8975	17.1198	92.74	False	35.5987	0.871795	0.782051	0.665481	1.056829	0.000000	0.000000	1.273744	2.469501	0.568298	0.064103	0.018162	0.128205	0	0.000000	0	1.188853	2.357487	0.601072	0.097345	0.014749	0.097345	0	0.000000	0	20	0.176991	1.274100	2.473211	0.567879	0.064103	0.018162	0.128205	background	4	AF_coil;hexamer_coil_fraction_ge_0.8;AF_rSASA_ge_0.25;hexamer_rSASA_ge_0.25	False	False		indel_signal	supports	False	False	unchanged; no decisive evolutionary rescue
105|106	105	C	106	S	HIGH_RISK	A89_N-terminal_oligomerization_by_similarity	False	0.0	0.1745	0.1596	0.0	6.4852	19.2359	92.74	False	42.3016	0.782051	0.333333	1.056829	2.092857	0.000000	0.076923	1.362118	2.469501	0.492444	0.064103	0.018162	0.128205	0	0.000000	0	1.278383	2.357487	0.526588	0.088496	0.014749	0.097345	0	0.000000	0	20	0.176991	1.362474	2.473211	0.492024	0.064103	0.018162	0.128205	background	4	AF_coil;hexamer_coil_fraction_ge_0.8;AF_rSASA_ge_0.25;hexamer_rSASA_ge_0.25	False	False		indel_signal	supports	False	False	unchanged; no decisive evolutionary rescue
106|107	106	S	107	N	HIGH_RISK	A89_N-terminal_oligomerization_by_similarity	False	0.0	0.1745	0.1596	0.0	6.4852	19.2359	92.74	False	42.3016	0.333333	0.461538	2.092857	2.354603	0.076923	0.000000	1.309870	2.354603	0.492444	0.064103	0.018162	0.128205	0	0.000000	0	1.235389	2.167068	0.525850	0.088496	0.014749	0.097345	0	0.000000	0	20	0.176991	1.309916	2.354603	0.492024	0.064103	0.018162	0.128205	background	4	AF_coil;hexamer_coil_fraction_ge_0.8;AF_rSASA_ge_0.25;hexamer_rSASA_ge_0.25	False	False		indel_signal	supports	False	False	unchanged; no decisive evolutionary rescue
107|108	107	N	108	V	HIGH_RISK	A89_N-terminal_oligomerization_by_similarity	False	0.0	0.2214	0.1922	0.0	6.0877	23.6736	92.74	False	45.1816	0.461538	0.192308	2.354603	1.390148	0.000000	0.000000	1.285633	2.354603	0.496717	0.064103	0.018162	0.128205	0	0.000000	0	1.213651	2.167068	0.529538	0.088496	0.014749	0.097345	0	0.000000	0	20	0.176991	1.285680	2.354603	0.496298	0.064103	0.018162	0.128205	background	4	AF_coil;hexamer_coil_fraction_ge_0.8;AF_rSASA_ge_0.25;hexamer_rSASA_ge_0.25	False	False		indel_signal	supports	False	False	unchanged; no decisive evolutionary rescue
108|109	108	V	109	I	HIGH_RISK	A89_N-terminal_oligomerization_by_similarity	False	0.0	0.1874	0.123	0.0158	4.8636	27.4632	92.74	False	42.233	0.192308	0.923077	1.390148	0.529127	0.000000	0.000000	1.156770	2.354603	0.548188	0.064103	0.007479	0.076923	6	0.076923	1:6	1.087655	2.167068	0.577392	0.088496	0.006637	0.070796	8	0.070796	1:8	9	0.079646	1.156995	2.354603	0.548767	0.064103	0.007479	0.076923	background	4	AF_coil;hexamer_coil_fraction_ge_0.8;AF_rSASA_ge_0.25;hexamer_rSASA_ge_0.25	False	False		indel_signal	supports	False	False	unchanged; no decisive evolutionary rescue
109|110	109	I	110	K	HIGH_RISK	A89_N-terminal_oligomerization_by_similarity	False	0.0	0.1874	0.123	0.0158	4.8636	27.4632	92.74	False	42.233	0.923077	0.794872	0.529127	0.975406	0.000000	0.000000	1.189216	2.354603	0.544872	0.064103	0.006410	0.076923	11	0.141026	1:11	1.120881	2.167068	0.574350	0.088496	0.005900	0.070796	12	0.106195	1:12	8	0.070796	1.189441	2.354603	0.545451	0.064103	0.006410	0.076923	background	4	AF_coil;hexamer_coil_fraction_ge_0.8;AF_rSASA_ge_0.25;hexamer_rSASA_ge_0.25	False	False		indel_signal	supports	False	False	unchanged; no decisive evolutionary rescue
110|111	110	K	111	G	HIGH_RISK	A89_N-terminal_oligomerization_by_similarity	False	0.0	0.1064	0.0552	0.0246	4.6988	24.8635	92.74	False	35.0365	0.794872	0.064103	0.975406	1.258165	0.000000	0.000000	1.133760	2.354603	0.555556	0.064103	0.006410	0.076923	0	0.000000	0	1.070497	2.167068	0.583937	0.088496	0.005900	0.070796	0	0.000000	0	8	0.070796	1.133985	2.354603	0.556134	0.064103	0.006410	0.076923	background	4	AF_coil;hexamer_coil_fraction_ge_0.8;AF_rSASA_ge_0.25;hexamer_rSASA_ge_0.25	False	False		indel_signal	supports	False	False	unchanged; no decisive evolutionary rescue
111|112	111	G	112	G	HIGH_RISK	A89_N-terminal_oligomerization_by_similarity	False	0.0	0.1064	0.0552	0.0246	4.6988	24.8635	92.74	False	35.0365	0.064103	0.064103	1.258165	1.842522	0.000000	0.000000	1.045691	2.354603	0.573718	0.064103	0.006410	0.076923	0	0.000000	0	0.996810	2.167068	0.597949	0.088496	0.005900	0.070796	0	0.000000	0	8	0.070796	1.045916	2.354603	0.574297	0.064103	0.006410	0.076923	background	4	AF_coil;hexamer_coil_fraction_ge_0.8;AF_rSASA_ge_0.25;hexamer_rSASA_ge_0.25	False	False		indel_signal	supports	False	False	unchanged; no decisive evolutionary rescue
112|113	112	G	113	K	HIGH_RISK	A89_N-terminal_oligomerization_by_similarity	False	0.0	0.1627	0.0852	0.059	4.5764	22.0979	92.74	False	37.8574	0.064103	0.987179	1.842522	0.098959	0.000000	0.000000	0.871286	2.354603	0.629274	0.064103	0.000000	0.000000	0	0.000000	0	0.824089	2.167068	0.651918	0.088496	0.000000	0.000000	0	0.000000	0	0	0.000000	0.871286	2.354603	0.629274	0.064103	0.000000	0.000000	background	4	AF_coil;hexamer_coil_fraction_ge_0.8;AF_rSASA_ge_0.25;hexamer_rSASA_ge_0.25	False	False		variable	supports	False	False	unchanged; no decisive evolutionary rescue
113|114	113	K	114	R	HIGH_RISK	A89_N-terminal_oligomerization_by_similarity	True	1.0	0.3246	0.2339	0.059	4.5764	22.0979	92.74	False	70.2898	0.987179	1.000000	0.098959	0.000000	0.000000	0.000000	0.729237	2.006499	0.660257	0.064103	0.000000	0.000000	0	0.000000	0	0.688537	1.983531	0.681416	0.088496	0.000000	0.000000	0	0.000000	0	0	0.000000	0.729237	2.006499	0.660257	0.064103	0.000000	0.000000	structural near-miss	1	hexamer_rSASA_ge_0.25	False	False		variable	supports	False	False	new_outside_strict10_for_later_review; near-miss plus evolutionary variability
114|115	114	R	115	N	HIGH_RISK	A89_N-terminal_oligomerization_by_similarity	True	1.0	0.3246	0.2339	0.0	5.5077	18.9658	92.74	False	73.2233	1.000000	0.064103	0.000000	2.006499	0.000000	0.000000	0.674397	2.006499	0.710470	0.064103	0.000000	0.000000	0	0.000000	0	0.631949	1.983531	0.727876	0.088496	0.000000	0.000000	0	0.000000	0	0	0.000000	0.673338	2.006499	0.711004	0.064103	0.000000	0.000000	structural near-miss	1	hexamer_rSASA_ge_0.25	False	False		intermediate	remains unresolved	False	False	unchanged; no decisive evolutionary rescue
115|116	115	N	116	E	HIGH_RISK	A89_N-terminal_oligomerization_by_similarity	True	1.0	0.2995	0.2551	0.0	6.5146	18.9658	92.74	False	73.3894	0.064103	1.000000	2.006499	0.000000	0.000000	0.000000	0.786910	2.006499	0.647436	0.064103	0.000000	0.000000	0	0.000000	0	0.744031	1.983531	0.663717	0.088496	0.000000	0.000000	0	0.000000	0	0	0.000000	0.785851	2.006499	0.647970	0.064103	0.000000	0.000000	background	0	none	True	False		variable	supports	False	False	unchanged; no decisive evolutionary rescue
116|117	116	E	117	P	HIGH_RISK	A89_N-terminal_oligomerization_by_similarity	True	1.0	0.2995	0.2551	0.0	6.5146	18.9658	92.74	False	73.3894	1.000000	1.000000	0.000000	0.000000	0.000000	0.000000	0.782227	2.006499	0.644231	0.064103	0.000000	0.000000	0	0.000000	0	0.750878	1.983531	0.659292	0.088496	0.000000	0.000000	0	0.000000	0	0	0.000000	0.781168	2.006499	0.644765	0.064103	0.000000	0.000000	background	0	none	True	False		variable	supports	False	False	unchanged; no decisive evolutionary rescue
117|118	117	P	118	V	HIGH_RISK	A89_N-terminal_oligomerization_by_similarity;near_Walker_A	True	0.8333	0.2176	0.166	0.0	6.2182	18.3065	92.74	False	66.9899	1.000000	1.000000	0.000000	0.000000	0.000000	0.000000	0.677380	2.006499	0.722222	0.064103	0.000000	0.000000	0	0.000000	0	0.649180	1.983531	0.735251	0.088496	0.000000	0.000000	0	0.000000	0	0	0.000000	0.676321	2.006499	0.722756	0.064103	0.000000	0.000000	structural near-miss	2	AF_rSASA_ge_0.25;hexamer_rSASA_ge_0.25	False	False		intermediate	remains unresolved	False	False	unchanged; no decisive evolutionary rescue
118|119	118	V	119	A	HIGH_RISK	A89_N-terminal_oligomerization_by_similarity;near_Walker_A	False	0.0	0.0909	0.0609	0.0	5.3568	16.7893	92.74	False	34.9416	1.000000	0.833333	0.000000	0.650022	0.000000	0.000000	0.523837	2.006499	0.800214	0.064103	0.000000	0.000000	0	0.000000	0	0.495717	1.983531	0.811209	0.088496	0.000000	0.000000	0	0.000000	0	0	0.000000	0.522778	2.006499	0.800748	0.064103	0.000000	0.000000	background	4	AF_coil;hexamer_coil_fraction_ge_0.8;AF_rSASA_ge_0.25;hexamer_rSASA_ge_0.25	False	False		intermediate	remains unresolved	False	False	unchanged; no decisive evolutionary rescue
119|120	119	A	120	V	HIGH_RISK	A89_N-terminal_oligomerization_by_similarity;near_Walker_A	False	0.0	0.0909	0.0609	0.0	5.3568	16.7893	92.74	False	34.9416	0.833333	0.794872	0.650022	0.732067	0.000000	0.000000	0.668111	2.006499	0.727564	0.064103	0.000000	0.000000	0	0.000000	0	0.641725	1.983531	0.739676	0.088496	0.000000	0.000000	0	0.000000	0	0	0.000000	0.665101	2.006499	0.728632	0.064103	0.000000	0.000000	background	4	AF_coil;hexamer_coil_fraction_ge_0.8;AF_rSASA_ge_0.25;hexamer_rSASA_ge_0.25	False	False		intermediate	remains unresolved	False	False	unchanged; no decisive evolutionary rescue
120|121	120	V	121	L	HIGH_RISK	A89_N-terminal_oligomerization_by_similarity;near_Walker_A	False	0.0	0.0555	0.0355	0.0	5.9799	17.3908	92.74	False	33.9338	0.794872	0.166667	0.732067	1.879282	0.000000	0.000000	0.668111	2.006499	0.727564	0.064103	0.000000	0.000000	0	0.000000	0	0.641725	1.983531	0.739676	0.088496	0.000000	0.000000	0	0.000000	0	0	0.000000	0.665101	2.006499	0.728633	0.064103	0.000000	0.000000	background	4	AF_coil;hexamer_coil_fraction_ge_0.8;AF_rSASA_ge_0.25;hexamer_rSASA_ge_0.25	False	False		intermediate	remains unresolved	False	False	unchanged; no decisive evolutionary rescue
121|122	121	L	122	I	HIGH_RISK	A89_N-terminal_oligomerization_by_similarity;near_Walker_A	False	0.0	0.0555	0.0355	0.0	5.9799	17.3908	92.74	False	33.9338	0.166667	0.756410	1.879282	0.919212	0.000000	0.000000	0.500902	1.879282	0.805556	0.115385	0.000000	0.000000	0	0.000000	0	0.476431	1.825165	0.815634	0.132743	0.000000	0.000000	0	0.000000	0	0	0.000000	0.497892	1.879282	0.806624	0.121795	0.000000	0.000000	background	4	AF_coil;hexamer_coil_fraction_ge_0.8;AF_rSASA_ge_0.25;hexamer_rSASA_ge_0.25	False	False		intermediate	remains unresolved	False	False	unchanged; no decisive evolutionary rescue
122|123	122	I	123	H	HIGH_RISK	A89_N-terminal_oligomerization_by_similarity;near_Walker_A	False	0.0	0.066	0.0455	0.0	5.1578	16.7354	92.74	False	34.0443	0.756410	1.000000	0.919212	0.000000	0.000000	0.000000	0.552728	1.879282	0.795940	0.115385	0.000000	0.000000	0	0.000000	0	0.524305	1.825165	0.806785	0.132743	0.000000	0.000000	0	0.000000	0	0	0.000000	0.549718	1.879282	0.797009	0.121795	0.000000	0.000000	background	4	AF_coil;hexamer_coil_fraction_ge_0.8;AF_rSASA_ge_0.25;hexamer_rSASA_ge_0.25	False	False		intermediate	remains unresolved	False	False	unchanged; no decisive evolutionary rescue
123|124	123	H	124	G	EXCLUDE	Walker_A/ATP_binding	False	0.0	0.066	0.0455	0.0	5.1578	16.7354	92.74	False	34.0443	1.000000	1.000000	0.000000	0.000000	0.000000	0.000000	0.552728	1.879282	0.795940	0.115385	0.000000	0.000000	0	0.000000	0	0.524305	1.825165	0.806785	0.132743	0.000000	0.000000	0	0.000000	0	0	0.000000	0.549718	1.879282	0.797009	0.121795	0.000000	0.000000	background	4	AF_coil;hexamer_coil_fraction_ge_0.8;AF_rSASA_ge_0.25;hexamer_rSASA_ge_0.25	False	False		intermediate	weakens	False	False	decreased_or_excluded; hard functional feature dominates conservation
124|125	124	G	125	S	EXCLUDE	Walker_A/ATP_binding	False	0.0	0.0958	0.0537	0.0	5.3075	15.7245	92.74	False	35.0419	1.000000	0.115385	0.000000	1.830245	0.000000	0.000000	0.552728	1.879282	0.795940	0.115385	0.000000	0.000000	0	0.000000	0	0.524305	1.825165	0.806785	0.132743	0.000000	0.000000	0	0.000000	0	0	0.000000	0.549718	1.879282	0.797009	0.121795	0.000000	0.000000	background	4	AF_coil;hexamer_coil_fraction_ge_0.8;AF_rSASA_ge_0.25;hexamer_rSASA_ge_0.25	False	False		intermediate	weakens	False	False	decreased_or_excluded; hard functional feature dominates conservation
125|126	125	S	126	P	EXCLUDE	Walker_A/ATP_binding	False	0.0	0.0958	0.0537	0.0	5.3075	15.7245	92.74	False	35.0419	0.115385	1.000000	1.830245	0.000000	0.000000	0.000000	0.498559	1.879282	0.809829	0.115385	0.000000	0.000000	0	0.000000	0	0.479267	1.825165	0.817109	0.132743	0.000000	0.000000	0	0.000000	0	0	0.000000	0.495549	1.879282	0.810897	0.121795	0.000000	0.000000	background	4	AF_coil;hexamer_coil_fraction_ge_0.8;AF_rSASA_ge_0.25;hexamer_rSASA_ge_0.25	False	False		intermediate	weakens	False	False	decreased_or_excluded; hard functional feature dominates conservation
126|127	126	P	127	G	EXCLUDE	Walker_A/ATP_binding	False	0.0	0.1682	0.0968	0.0	5.1922	15.164	92.74	False	39.6187	1.000000	1.000000	0.000000	0.000000	0.000000	0.000000	0.551673	1.879282	0.750000	0.076923	0.000000	0.000000	0	0.000000	0	0.539357	1.825165	0.758112	0.106195	0.000000	0.000000	0	0.000000	0	0	0.000000	0.549723	1.879282	0.750534	0.076923	0.000000	0.000000	background	4	AF_coil;hexamer_coil_fraction_ge_0.8;AF_rSASA_ge_0.25;hexamer_rSASA_ge_0.25	False	False		intermediate	weakens	False	False	decreased_or_excluded; hard functional feature dominates conservation
127|128	127	G	128	T	EXCLUDE	Walker_A/ATP_binding	False	0.0	0.1682	0.0968	0.0	5.1922	15.164	92.74	False	39.6187	1.000000	0.884615	0.000000	0.621904	0.000000	0.000000	0.467973	1.830245	0.750000	0.076923	0.000000	0.000000	0	0.000000	0	0.460058	1.825165	0.758849	0.106195	0.000000	0.000000	0	0.000000	0	0	0.000000	0.466022	1.806835	0.750534	0.076923	0.000000	0.000000	background	4	AF_coil;hexamer_coil_fraction_ge_0.8;AF_rSASA_ge_0.25;hexamer_rSASA_ge_0.25	False	False		intermediate	weakens	False	False	decreased_or_excluded; hard functional feature dominates conservation
128|129	128	T	129	G	EXCLUDE	Walker_A/ATP_binding	False	0.0	0.0811	0.042	0.0	4.8768	14.9607	92.74	False	33.9421	0.884615	1.000000	0.621904	0.000000	0.000000	0.000000	0.391372	1.830245	0.770299	0.076923	0.000000	0.000000	0	0.000000	0	0.388005	1.825165	0.775811	0.106195	0.000000	0.000000	0	0.000000	0	0	0.000000	0.389421	1.806835	0.770833	0.076923	0.000000	0.000000	background	4	AF_coil;hexamer_coil_fraction_ge_0.8;AF_rSASA_ge_0.25;hexamer_rSASA_ge_0.25	False	False		intermediate	weakens	False	False	decreased_or_excluded; hard functional feature dominates conservation
129|130	129	G	130	K	EXCLUDE	Walker_A/ATP_binding	False	0.0	0.0811	0.042	0.0	4.8768	14.9607	92.74	False	33.9421	1.000000	1.000000	0.000000	0.000000	0.000000	0.000000	0.474072	1.830245	0.732906	0.076923	0.000000	0.000000	0	0.000000	0	0.470957	1.825165	0.737463	0.106195	0.000000	0.000000	0	0.000000	0	0	0.000000	0.472121	1.806835	0.733440	0.076923	0.000000	0.000000	background	4	AF_coil;hexamer_coil_fraction_ge_0.8;AF_rSASA_ge_0.25;hexamer_rSASA_ge_0.25	False	False		intermediate	weakens	False	False	decreased_or_excluded; hard functional feature dominates conservation
130|131	130	K	131	S	EXCLUDE	Walker_A/ATP_binding	False	0.0	0.112	0.0672	0.0	4.6538	16.7751	92.74	False	35.5765	1.000000	1.000000	0.000000	0.000000	0.000000	0.000000	0.563467	1.830245	0.655983	0.076923	0.000000	0.000000	0	0.000000	0	0.556479	1.825165	0.662242	0.097345	0.000000	0.000000	0	0.000000	0	0	0.000000	0.561516	1.806835	0.656517	0.076923	0.000000	0.000000	background	4	AF_coil;hexamer_coil_fraction_ge_0.8;AF_rSASA_ge_0.25;hexamer_rSASA_ge_0.25	False	False		variable	weakens	False	True	decreased_or_excluded; hard functional feature dominates conservation
131|132	131	S	132	L	EXCLUDE	Walker_A/ATP_binding	False	0.0	0.112	0.0672	0.0	4.6538	16.7751	92.74	False	35.5765	1.000000	0.076923	0.000000	1.369439	0.000000	0.000000	0.410947	1.369439	0.729701	0.076923	0.000000	0.000000	0	0.000000	0	0.404382	1.413761	0.734513	0.097345	0.000000	0.000000	0	0.000000	0	0	0.000000	0.410947	1.369439	0.729701	0.076923	0.000000	0.000000	background	4	AF_coil;hexamer_coil_fraction_ge_0.8;AF_rSASA_ge_0.25;hexamer_rSASA_ge_0.25	False	False		intermediate	weakens	False	False	decreased_or_excluded; hard functional feature dominates conservation
132|133	132	L	133	A	HIGH_RISK	A89_N-terminal_oligomerization_by_similarity;near_Walker_A	False	0.0	0.1198	0.073	0.0	4.2293	17.6854	92.74	False	35.9778	0.076923	0.166667	1.369439	0.874879	0.000000	0.000000	0.425283	1.369439	0.727564	0.076923	0.000000	0.000000	0	0.000000	0	0.419113	1.413761	0.732301	0.097345	0.000000	0.000000	0	0.000000	0	0	0.000000	0.425283	1.369439	0.727564	0.076923	0.000000	0.000000	background	5	AF_coil;hexamer_coil_fraction_ge_0.8;AF_rSASA_ge_0.25;hexamer_rSASA_ge_0.25;interprotomer_distance_gt_4.5A	False	False		intermediate	remains unresolved	False	False	unchanged; no decisive evolutionary rescue
133|134	133	A	134	T	HIGH_RISK	A89_N-terminal_oligomerization_by_similarity;near_Walker_A	False	0.0	0.1198	0.073	0.0	4.2293	17.6854	92.74	False	35.9778	0.166667	1.000000	0.874879	0.000000	0.000000	0.000000	0.444882	1.369439	0.724359	0.076923	0.000000	0.000000	0	0.000000	0	0.437512	1.413761	0.729351	0.097345	0.000000	0.000000	0	0.000000	0	0	0.000000	0.444882	1.369439	0.724359	0.076923	0.000000	0.000000	background	5	AF_coil;hexamer_coil_fraction_ge_0.8;AF_rSASA_ge_0.25;hexamer_rSASA_ge_0.25;interprotomer_distance_gt_4.5A	False	False		intermediate	remains unresolved	False	False	unchanged; no decisive evolutionary rescue
134|135	134	T	135	S	HIGH_RISK	A89_N-terminal_oligomerization_by_similarity;near_Walker_A	False	0.0	0.2102	0.1518	0.0	3.9806	20.316	92.74	False	40.4572	1.000000	0.551282	0.000000	0.992399	0.000000	0.000000	0.393057	1.369439	0.733974	0.076923	0.000000	0.000000	0	0.000000	0	0.389638	1.413761	0.738201	0.097345	0.000000	0.000000	0	0.000000	0	0	0.000000	0.393057	1.369439	0.733974	0.076923	0.000000	0.000000	background	5	AF_coil;hexamer_coil_fraction_ge_0.8;AF_rSASA_ge_0.25;hexamer_rSASA_ge_0.25;interprotomer_distance_gt_4.5A	False	False		intermediate	remains unresolved	False	False	unchanged; no decisive evolutionary rescue
135|136	135	S	136	V	HIGH_RISK	near_Walker_A	False	0.0	0.2102	0.1518	0.0	3.9806	20.316	92.74	False	40.4572	0.551282	0.076923	0.992399	1.072737	0.000000	0.000000	0.459804	1.369439	0.670940	0.076923	0.000000	0.000000	0	0.000000	0	0.455744	1.413761	0.674779	0.097345	0.000000	0.000000	0	0.000000	0	0	0.000000	0.459804	1.369439	0.670940	0.076923	0.000000	0.000000	background	5	AF_coil;hexamer_coil_fraction_ge_0.8;AF_rSASA_ge_0.25;hexamer_rSASA_ge_0.25;interprotomer_distance_gt_4.5A	False	False		variable	supports	False	False	unchanged; no decisive evolutionary rescue
136|137	136	V	137	L	HIGH_RISK	near_Walker_A	False	0.0	0.0536	0.0269	0.0	4.1516	22.0067	92.74	False	29.9583	0.076923	1.000000	1.072737	0.000000	0.000000	0.000000	0.459804	1.369439	0.670940	0.076923	0.000000	0.000000	0	0.000000	0	0.455744	1.413761	0.674779	0.097345	0.000000	0.000000	0	0.000000	0	0	0.000000	0.459804	1.369439	0.670940	0.076923	0.000000	0.000000	background	5	AF_coil;hexamer_coil_fraction_ge_0.8;AF_rSASA_ge_0.25;hexamer_rSASA_ge_0.25;interprotomer_distance_gt_4.5A	False	False		variable	supports	False	False	unchanged; no decisive evolutionary rescue
137|138	137	L	138	A	HIGH_RISK	near_Walker_A	False	0.0	0.0536	0.0269	0.0	4.1516	22.0067	92.74	False	29.9583	1.000000	0.974359	0.000000	0.172037	0.000000	0.000000	0.575711	1.390883	0.592949	0.064103	0.000000	0.000000	0	0.000000	0	0.568799	1.413761	0.598820	0.088496	0.000000	0.000000	0	0.000000	0	0	0.000000	0.575711	1.390883	0.592949	0.064103	0.000000	0.000000	background	5	AF_coil;hexamer_coil_fraction_ge_0.8;AF_rSASA_ge_0.25;hexamer_rSASA_ge_0.25;interprotomer_distance_gt_4.5A	False	False		variable	supports	False	False	unchanged; no decisive evolutionary rescue
138|139	138	A	139	R	HIGH_RISK	near_Walker_A	False	0.0	0.2131	0.1457	0.0	4.3698	26.4698	92.74	False	40.7716	0.974359	0.961538	0.172037	0.235193	0.000000	0.000000	0.558323	1.390883	0.635684	0.064103	0.000000	0.000000	0	0.000000	0	0.543537	1.356662	0.640118	0.088496	0.000000	0.000000	0	0.000000	0	0	0.000000	0.558323	1.390883	0.635684	0.064103	0.000000	0.000000	background	5	AF_coil;hexamer_coil_fraction_ge_0.8;AF_rSASA_ge_0.25;hexamer_rSASA_ge_0.25;interprotomer_distance_gt_4.5A	False	False		variable	supports	False	False	unchanged; no decisive evolutionary rescue
139|140	139	R	140	M	HIGH_RISK	near_Walker_A	False	0.0	0.2131	0.1457	0.0	4.3698	26.4698	92.74	False	40.7716	0.961538	1.000000	0.235193	0.000000	0.000000	0.000000	0.518020	1.390883	0.628205	0.064103	0.000000	0.000000	0	0.000000	0	0.514010	1.356662	0.634218	0.088496	0.000000	0.000000	0	0.000000	0	0	0.000000	0.518020	1.390883	0.628205	0.064103	0.000000	0.000000	background	5	AF_coil;hexamer_coil_fraction_ge_0.8;AF_rSASA_ge_0.25;hexamer_rSASA_ge_0.25;interprotomer_distance_gt_4.5A	False	False		variable	supports	False	False	unchanged; no decisive evolutionary rescue
140|141	140	M	141	L	CORE_CAUTION	A89_SF3_helicase_domain_by_PROSITE	False	0.0	0.0957	0.0434	0.0	3.8582	29.9985	92.74	False	31.3187	1.000000	0.243590	0.000000	0.800959	0.000000	0.000000	0.518020	1.390883	0.628205	0.064103	0.000000	0.000000	0	0.000000	0	0.514010	1.356662	0.634218	0.088496	0.000000	0.000000	0	0.000000	0	0	0.000000	0.518020	1.390883	0.628205	0.064103	0.000000	0.000000	background	5	AF_coil;hexamer_coil_fraction_ge_0.8;AF_rSASA_ge_0.25;hexamer_rSASA_ge_0.25;interprotomer_distance_gt_4.5A	False	False		variable	supports	False	False	unchanged; no decisive evolutionary rescue
141|142	141	L	142	T	CORE_CAUTION	A89_SF3_helicase_domain_by_PROSITE	False	0.0	0.0957	0.0434	0.0	3.8582	29.9985	92.74	False	31.3187	0.243590	1.000000	0.800959	0.000000	0.000000	0.000000	0.467923	1.390883	0.659188	0.064103	0.000000	0.000000	0	0.000000	0	0.467011	1.356662	0.665192	0.088496	0.000000	0.000000	0	0.000000	0	0	0.000000	0.467923	1.390883	0.659188	0.064103	0.000000	0.000000	background	5	AF_coil;hexamer_coil_fraction_ge_0.8;AF_rSASA_ge_0.25;hexamer_rSASA_ge_0.25;interprotomer_distance_gt_4.5A	False	False		variable	supports	False	False	unchanged; no decisive evolutionary rescue
142|143	142	T	143	V	CORE_CAUTION	A89_SF3_helicase_domain_by_PROSITE	True	1.0	0.1203	0.0187	0.9823	2.5263	31.0616	92.74	False	44.2231	1.000000	0.064103	0.000000	1.390883	0.000000	0.000000	0.378529	1.390883	0.736111	0.064103	0.000000	0.000000	0	0.000000	0	0.381489	1.356662	0.740413	0.088496	0.000000	0.000000	0	0.000000	0	0	0.000000	0.378529	1.390883	0.736111	0.064103	0.000000	0.000000	background	4	AF_rSASA_ge_0.25;hexamer_rSASA_ge_0.25;burial_lt_0.10;interprotomer_distance_gt_4.5A	False	False		intermediate	remains unresolved	False	False	unchanged; no decisive evolutionary rescue
143|144	143	V	144	E	CORE_CAUTION	A89_SF3_helicase_domain_by_PROSITE	False	0.0	0.1203	0.0187	0.9823	2.5263	31.0616	92.74	False	24.2231	0.064103	0.589744	1.390883	1.160784	0.000000	0.000000	0.378529	1.390883	0.736111	0.064103	0.000000	0.000000	0	0.000000	0	0.381489	1.356662	0.740413	0.088496	0.000000	0.000000	0	0.000000	0	0	0.000000	0.378529	1.390883	0.736111	0.064103	0.000000	0.000000	background	6	AF_coil;hexamer_coil_fraction_ge_0.8;AF_rSASA_ge_0.25;hexamer_rSASA_ge_0.25;burial_lt_0.10;interprotomer_distance_gt_4.5A	False	False		intermediate	remains unresolved	False	False	unchanged; no decisive evolutionary rescue
144|145	144	E	145	T	CORE_CAUTION	A89_SF3_helicase_domain_by_PROSITE	False	0.0	0.1178	0.0941	0.8471	2.5363	29.8435	92.74	False	29.474	0.589744	0.076923	1.160784	0.391244	0.000000	0.000000	0.364192	1.390883	0.738248	0.064103	0.000000	0.000000	0	0.000000	0	0.366758	1.356662	0.742625	0.088496	0.000000	0.000000	0	0.000000	0	0	0.000000	0.364192	1.390883	0.738248	0.064103	0.000000	0.000000	background	6	AF_coil;hexamer_coil_fraction_ge_0.8;AF_rSASA_ge_0.25;hexamer_rSASA_ge_0.25;burial_lt_0.10;interprotomer_distance_gt_4.5A	False	False		intermediate	remains unresolved	False	False	unchanged; no decisive evolutionary rescue
145|146	145	T	146	D	CORE_CAUTION	A89_SF3_helicase_domain_by_PROSITE	False	0.0	0.1178	0.0941	0.8471	2.5363	29.8435	92.74	False	29.474	0.076923	1.000000	0.391244	0.000000	0.000000	0.000000	0.344593	1.390883	0.741453	0.064103	0.000000	0.000000	0	0.000000	0	0.348359	1.356662	0.745575	0.088496	0.000000	0.000000	0	0.000000	0	0	0.000000	0.344593	1.390883	0.741453	0.064103	0.000000	0.000000	background	6	AF_coil;hexamer_coil_fraction_ge_0.8;AF_rSASA_ge_0.25;hexamer_rSASA_ge_0.25;burial_lt_0.10;interprotomer_distance_gt_4.5A	False	False		intermediate	remains unresolved	False	False	unchanged; no decisive evolutionary rescue
146|147	146	D	147	I	CORE_CAUTION	A89_SF3_helicase_domain_by_PROSITE	False	0.0	0.0351	0.0235	0.0	3.1108	26.5507	92.74	False	26.902	1.000000	0.923077	0.000000	0.391244	0.000000	0.000000	0.344593	1.390883	0.741453	0.064103	0.000000	0.000000	0	0.000000	0	0.348359	1.356662	0.745575	0.088496	0.000000	0.000000	0	0.000000	0	0	0.000000	0.344593	1.390883	0.741453	0.064103	0.000000	0.000000	background	5	AF_coil;hexamer_coil_fraction_ge_0.8;AF_rSASA_ge_0.25;hexamer_rSASA_ge_0.25;interprotomer_distance_gt_4.5A	False	False		intermediate	remains unresolved	False	False	unchanged; no decisive evolutionary rescue
147|148	147	I	148	Y	EXCLUDE	9A5_epitope_and_H163-equivalent_pore-loop	False	0.0	0.0351	0.0235	0.0	3.1108	26.5507	92.74	False	26.902	0.923077	1.000000	0.391244	0.000000	0.000000	0.000000	0.350718	1.390883	0.789530	0.064103	0.000000	0.000000	0	0.000000	0	0.340822	1.356662	0.797935	0.088496	0.000000	0.000000	0	0.000000	0	0	0.000000	0.348616	1.390883	0.789530	0.064103	0.000000	0.000000	background	5	AF_coil;hexamer_coil_fraction_ge_0.8;AF_rSASA_ge_0.25;hexamer_rSASA_ge_0.25;interprotomer_distance_gt_4.5A	False	False		intermediate	weakens	False	False	decreased_or_excluded; hard functional feature dominates conservation
148|149	148	Y	149	S	EXCLUDE	9A5_epitope_and_H163-equivalent_pore-loop	False	0.0	0.1571	0.1502	0.0	3.3356	22.7114	92.74	False	40.6201	1.000000	1.000000	0.000000	0.000000	0.000000	0.000000	0.350718	1.390883	0.789530	0.064103	0.000000	0.000000	0	0.000000	0	0.340822	1.356662	0.797935	0.088496	0.000000	0.000000	0	0.000000	0	0	0.000000	0.348616	1.390883	0.789530	0.064103	0.000000	0.000000	background	5	AF_coil;hexamer_coil_fraction_ge_0.8;AF_rSASA_ge_0.25;hexamer_rSASA_ge_0.25;interprotomer_distance_gt_4.5A	False	False		intermediate	weakens	False	False	decreased_or_excluded; hard functional feature dominates conservation
149|150	149	S	150	L	EXCLUDE	9A5_epitope_and_H163-equivalent_pore-loop	False	0.0	0.1571	0.1502	0.0	3.3356	22.7114	92.74	False	40.6201	1.000000	1.000000	0.000000	0.000000	0.000000	0.000000	0.234811	1.160784	0.867521	0.076923	0.000000	0.000000	0	0.000000	0	0.227767	1.110624	0.873894	0.106195	0.000000	0.000000	0	0.000000	0	0	0.000000	0.232709	1.160784	0.867521	0.076923	0.000000	0.000000	background	5	AF_coil;hexamer_coil_fraction_ge_0.8;AF_rSASA_ge_0.25;hexamer_rSASA_ge_0.25;interprotomer_distance_gt_4.5A	False	False		intermediate	weakens	False	False	decreased_or_excluded; hard functional feature dominates conservation
150|151	150	L	151	P	EXCLUDE	9A5_epitope_and_H163-equivalent_pore-loop	False	0.0	0.2059	0.1968	0.0	3.6635	17.5626	92.74	False	44.2152	1.000000	1.000000	0.000000	0.000000	0.000000	0.000000	0.146325	0.874457	0.900641	0.076923	0.000000	0.000000	0	0.000000	0	0.145908	0.702824	0.905605	0.106195	0.000000	0.000000	0	0.000000	0	0	0.000000	0.144224	0.849236	0.900641	0.076923	0.000000	0.000000	background	5	AF_coil;hexamer_coil_fraction_ge_0.8;AF_rSASA_ge_0.25;hexamer_rSASA_ge_0.25;interprotomer_distance_gt_4.5A	False	False		conserved	weakens	False	False	decreased_or_excluded; hard functional feature dominates conservation
151|152	151	P	152	P	EXCLUDE	9A5_epitope_and_H163-equivalent_pore-loop	True	1.0	0.2752	0.2611	0.0	4.3584	12.3707	92.74	False	69.5852	1.000000	1.000000	0.000000	0.000000	0.000000	0.000000	0.113722	0.874457	0.977564	0.820513	0.000000	0.000000	0	0.000000	0	0.105214	0.702824	0.980088	0.867257	0.000000	0.000000	0	0.000000	0	0	0.000000	0.111620	0.849236	0.977564	0.820513	0.000000	0.000000	background	1	interprotomer_distance_gt_4.5A	False	False		conserved	weakens	False	False	decreased_or_excluded; hard functional feature dominates conservation
152|153	152	P	153	D	EXCLUDE	9A5_epitope_and_H163-equivalent_pore-loop	True	1.0	0.2752	0.2611	0.0	4.3584	12.3707	92.74	False	69.5852	1.000000	0.820513	0.000000	0.874457	0.000000	0.000000	0.113722	0.874457	0.977564	0.820513	0.000000	0.000000	0	0.000000	0	0.105214	0.702824	0.980088	0.867257	0.000000	0.000000	0	0.000000	0	0	0.000000	0.111620	0.849236	0.977564	0.820513	0.000000	0.000000	background	1	interprotomer_distance_gt_4.5A	False	False		conserved	weakens	False	False	decreased_or_excluded; hard functional feature dominates conservation
153|154	153	D	154	P	EXCLUDE	9A5_epitope_and_H163-equivalent_pore-loop	True	1.0	0.2981	0.2919	0.0	5.2762	10.4387	92.74	False	73.831	0.820513	1.000000	0.874457	0.000000	0.000000	0.000000	0.081118	0.874457	0.983974	0.820513	0.001068	0.012821	0	0.000000	0	0.069262	0.702824	0.987463	0.867257	0.000737	0.008850	0	0.000000	0	1	0.008850	0.079016	0.849236	0.983974	0.820513	0.001068	0.012821	background	0	none	True	False		conserved	weakens	False	False	decreased_or_excluded; hard functional feature dominates conservation
154|155	154	P	155	K	EXCLUDE	9A5_epitope_and_H163-equivalent_pore-loop	True	1.0	0.438	0.4421	0.0	5.936	9.307	92.74	False	79.9974	1.000000	1.000000	0.000000	0.000000	0.000000	0.000000	0.089365	0.874457	0.982906	0.820513	0.001068	0.012821	0	0.000000	0	0.075351	0.702824	0.986726	0.867257	0.000737	0.008850	0	0.000000	0	1	0.008850	0.087263	0.849236	0.982906	0.820513	0.001068	0.012821	background	0	none	True	False		conserved	weakens	False	False	decreased_or_excluded; hard functional feature dominates conservation
155|156	155	K	156	Y	EXCLUDE	9A5_epitope_and_H163-equivalent_pore-loop	True	1.0	0.438	0.4421	0.0	5.936	9.307	92.74	True	79.9974	1.000000	0.987179	0.000000	0.098959	0.000000	0.000000	0.117150	0.874457	0.978632	0.820513	0.001068	0.012821	0	0.000000	0	0.096142	0.702824	0.983776	0.867257	0.000737	0.008850	0	0.000000	0	1	0.008850	0.115048	0.849236	0.978632	0.820513	0.001068	0.012821	strict structural pass	0	none	False	False		conserved	weakens	True	True	decreased_or_excluded; hard functional feature dominates conservation
156|157	156	Y	157	F	EXCLUDE	9A5_epitope_and_H163-equivalent_pore-loop	True	1.0	0.1632	0.1645	0.0	6.6628	8.8999	92.74	False	62.1932	0.987179	1.000000	0.098959	0.000000	0.000000	0.000000	0.149633	0.874457	0.973290	0.820513	0.001068	0.012821	0	0.000000	0	0.138084	0.702824	0.975664	0.867257	0.000737	0.008850	0	0.000000	0	1	0.008850	0.147531	0.849236	0.973290	0.820513	0.001068	0.012821	background	2	AF_rSASA_ge_0.25;hexamer_rSASA_ge_0.25	False	False		conserved	weakens	False	False	decreased_or_excluded; hard functional feature dominates conservation
157|158	157	F	158	D	EXCLUDE	9A5_epitope_and_H163-equivalent_pore-loop	True	1.0	0.1632	0.1645	0.0	6.6628	8.8999	92.74	False	62.1932	1.000000	1.000000	0.000000	0.000000	0.000000	0.000000	0.149633	0.874457	0.973291	0.820513	0.001068	0.012821	0	0.000000	0	0.138084	0.702824	0.975664	0.867257	0.000737	0.008850	0	0.000000	0	1	0.008850	0.147531	0.849236	0.973291	0.820513	0.001068	0.012821	background	2	AF_rSASA_ge_0.25;hexamer_rSASA_ge_0.25	False	False		conserved	weakens	False	False	decreased_or_excluded; hard functional feature dominates conservation
158|159	158	D	159	G	EXCLUDE	9A5_epitope_and_H163-equivalent_pore-loop	True	1.0	0.3335	0.315	0.0	6.7618	10.0421	92.74	False	75.1344	1.000000	1.000000	0.000000	0.000000	0.000000	0.012821	0.178260	0.874457	0.967949	0.820513	0.001068	0.012821	0	0.000000	0	0.163035	0.702824	0.971239	0.867257	0.000737	0.008850	0	0.000000	0	1	0.008850	0.176158	0.849236	0.967949	0.820513	0.001068	0.012821	background	0	none	True	False		conserved	weakens	False	False	decreased_or_excluded; hard functional feature dominates conservation
159|160	159	G	160	Y	EXCLUDE	9A5_epitope_and_H163-equivalent_pore-loop	True	1.0	0.3335	0.315	0.0	6.7618	10.0421	92.74	False	75.1344	1.000000	0.987179	0.000000	0.098959	0.012821	0.000000	0.113635	0.389797	0.981837	0.935897	0.001068	0.012821	0	0.000000	0	0.110556	0.503306	0.981563	0.902655	0.000737	0.008850	0	0.000000	0	1	0.008850	0.113635	0.389797	0.981837	0.935897	0.001068	0.012821	background	0	none	True	False		conserved	weakens	False	False	decreased_or_excluded; hard functional feature dominates conservation
160|161	160	Y	161	D	EXCLUDE	9A5_epitope_and_H163-equivalent_pore-loop	True	1.0	0.2244	0.218	0.0	6.7618	12.1651	92.74	False	67.4598	0.987179	0.948718	0.098959	0.333422	0.000000	0.000000	0.113635	0.389797	0.981837	0.935897	0.001068	0.012821	0	0.000000	0	0.110556	0.503306	0.981563	0.902655	0.000737	0.008850	0	0.000000	0	1	0.008850	0.113635	0.389797	0.981837	0.935897	0.001068	0.012821	background	2	AF_rSASA_ge_0.25;hexamer_rSASA_ge_0.25	False	False		conserved	weakens	False	False	decreased_or_excluded; hard functional feature dominates conservation
161|162	161	D	162	Q	CORE_CAUTION	A89_SF3_helicase_domain_by_PROSITE	True	1.0	0.2244	0.218	0.0	6.7618	12.1651	92.74	False	67.4598	0.948718	0.935897	0.333422	0.389797	0.000000	0.000000	0.113635	0.389797	0.981837	0.935897	0.001068	0.012821	0	0.000000	0	0.110556	0.503306	0.981563	0.902655	0.000737	0.008850	0	0.000000	0	1	0.008850	0.113635	0.389797	0.981837	0.935897	0.001068	0.012821	structural near-miss	2	AF_rSASA_ge_0.25;hexamer_rSASA_ge_0.25	False	False		conserved	weakens	False	False	decreased; conserved local window
162|163	162	Q	163	Q	CORE_CAUTION	A89_SF3_helicase_domain_by_PROSITE	True	1.0	0.1923	0.187	0.0	7.1566	12.9539	92.74	False	65.4906	0.935897	1.000000	0.389797	0.000000	0.000000	0.000000	0.105388	0.389797	0.982906	0.935897	0.001068	0.012821	0	0.000000	0	0.099862	0.503306	0.983038	0.902655	0.000737	0.008850	0	0.000000	0	1	0.008850	0.105388	0.389797	0.982906	0.935897	0.001068	0.012821	structural near-miss	2	AF_rSASA_ge_0.25;hexamer_rSASA_ge_0.25	False	False		conserved	weakens	False	False	decreased; conserved local window
163|164	163	Q	164	S	HIGH_RISK	near_Walker_B	True	1.0	0.1923	0.187	0.0	7.1566	12.9539	92.74	False	65.4906	1.000000	0.935897	0.000000	0.343520	0.000000	0.000000	0.105388	0.389797	0.982906	0.935897	0.001068	0.012821	0	0.000000	0	0.099862	0.503306	0.983038	0.902655	0.000737	0.008850	0	0.000000	0	1	0.008850	0.105388	0.389797	0.982906	0.935897	0.001068	0.012821	structural near-miss	2	AF_rSASA_ge_0.25;hexamer_rSASA_ge_0.25	False	False		conserved	weakens	False	False	decreased; conserved local window
164|165	164	S	165	V	EXCLUDE	Walker_B	False	0.0	0.0898	0.0756	0.0	6.4659	12.1855	92.74	False	40.0582	0.935897	0.987179	0.343520	0.098959	0.000000	0.000000	0.105388	0.389797	0.982906	0.935897	0.001068	0.012821	0	0.000000	0	0.099862	0.503306	0.983038	0.902655	0.000737	0.008850	0	0.000000	0	1	0.008850	0.105388	0.389797	0.982906	0.935897	0.001068	0.012821	background	4	AF_coil;hexamer_coil_fraction_ge_0.8;AF_rSASA_ge_0.25;hexamer_rSASA_ge_0.25	False	False		conserved	weakens	False	False	decreased_or_excluded; hard functional feature dominates conservation
165|166	165	V	166	V	EXCLUDE	Walker_B	False	0.0	0.0555	0.0472	0.0	6.4659	12.1855	92.74	False	37.5137	0.987179	1.000000	0.098959	0.000000	0.000000	0.000000	0.159557	0.650022	0.969017	0.833333	0.000000	0.000000	0	0.000000	0	0.148895	0.588395	0.971239	0.858407	0.000000	0.000000	0	0.000000	0	0	0.000000	0.159557	0.650022	0.969017	0.833333	0.000000	0.000000	background	4	AF_coil;hexamer_coil_fraction_ge_0.8;AF_rSASA_ge_0.25;hexamer_rSASA_ge_0.25	False	False		conserved	weakens	False	False	decreased_or_excluded; hard functional feature dominates conservation
166|167	166	V	167	I	EXCLUDE	Walker_B	False	0.0	0.0555	0.0472	0.0	7.0976	12.5007	92.74	False	37.6397	1.000000	1.000000	0.000000	0.000000	0.000000	0.000000	0.151310	0.650022	0.970085	0.833333	0.000000	0.000000	0	0.000000	0	0.142806	0.588395	0.971976	0.858407	0.000000	0.000000	0	0.000000	0	0	0.000000	0.151310	0.650022	0.970085	0.833333	0.000000	0.000000	background	4	AF_coil;hexamer_coil_fraction_ge_0.8;AF_rSASA_ge_0.25;hexamer_rSASA_ge_0.25	False	False		conserved	weakens	False	False	decreased_or_excluded; hard functional feature dominates conservation
167|168	167	I	168	M	EXCLUDE	Walker_B	False	0.0	0.083	0.0627	0.0	7.0976	12.5007	92.74	False	39.1812	1.000000	1.000000	0.000000	0.000000	0.000000	0.000000	0.123525	0.650022	0.974359	0.833333	0.000000	0.000000	0	0.000000	0	0.122015	0.588395	0.974926	0.858407	0.000000	0.000000	0	0.000000	0	0	0.000000	0.123525	0.650022	0.974359	0.833333	0.000000	0.000000	background	4	AF_coil;hexamer_coil_fraction_ge_0.8;AF_rSASA_ge_0.25;hexamer_rSASA_ge_0.25	False	False		conserved	weakens	False	False	decreased_or_excluded; hard functional feature dominates conservation
168|169	168	M	169	D	EXCLUDE	Walker_B	False	0.0	0.083	0.0627	0.0	7.0581	12.5007	92.74	False	39.1654	1.000000	1.000000	0.000000	0.000000	0.000000	0.000000	0.091042	0.650022	0.979701	0.833333	0.000000	0.000000	0	0.000000	0	0.080073	0.588395	0.983038	0.858407	0.000000	0.000000	0	0.000000	0	0	0.000000	0.091042	0.650022	0.979701	0.833333	0.000000	0.000000	background	4	AF_coil;hexamer_coil_fraction_ge_0.8;AF_rSASA_ge_0.25;hexamer_rSASA_ge_0.25	False	False		conserved	weakens	False	False	decreased_or_excluded; hard functional feature dominates conservation
169|170	169	D	170	D	EXCLUDE	Walker_B	False	0.0	0.0481	0.0382	0.0	7.0581	12.5007	92.74	False	36.7124	1.000000	1.000000	0.000000	0.000000	0.000000	0.000000	0.091042	0.650022	0.979701	0.833333	0.000000	0.000000	0	0.000000	0	0.080073	0.588395	0.983038	0.858407	0.000000	0.000000	0	0.000000	0	0	0.000000	0.091042	0.650022	0.979701	0.833333	0.000000	0.000000	background	4	AF_coil;hexamer_coil_fraction_ge_0.8;AF_rSASA_ge_0.25;hexamer_rSASA_ge_0.25	False	False		conserved	weakens	False	False	decreased_or_excluded; hard functional feature dominates conservation
170|171	170	D	171	I	EXCLUDE	Walker_B	False	0.0	0.0481	0.0382	0.0	7.4973	12.8534	92.74	False	36.8535	1.000000	0.833333	0.000000	0.650022	0.000000	0.000000	0.229248	2.001998	0.942308	0.487179	0.000000	0.000000	0	0.000000	0	0.223169	2.016571	0.943953	0.477876	0.000000	0.000000	0	0.000000	0	0	0.000000	0.229248	2.001998	0.942308	0.487179	0.000000	0.000000	background	4	AF_coil;hexamer_coil_fraction_ge_0.8;AF_rSASA_ge_0.25;hexamer_rSASA_ge_0.25	False	False		conserved	weakens	False	False	decreased_or_excluded; hard functional feature dominates conservation
171|172	171	I	172	M	HIGH_RISK	near_Walker_B	False	0.0	0.0564	0.0437	0.0	7.4973	12.8534	92.74	False	37.4257	0.833333	1.000000	0.650022	0.000000	0.000000	0.000000	0.221002	2.001998	0.943376	0.487179	0.000000	0.000000	0	0.000000	0	0.217081	2.016571	0.944690	0.477876	0.000000	0.000000	0	0.000000	0	0	0.000000	0.221002	2.001998	0.943376	0.487179	0.000000	0.000000	background	4	AF_coil;hexamer_coil_fraction_ge_0.8;AF_rSASA_ge_0.25;hexamer_rSASA_ge_0.25	False	False		conserved	weakens	False	False	decreased; conserved local window
172|173	172	M	173	Q	HIGH_RISK	near_Walker_B	False	0.0	0.0564	0.0437	0.0	7.3697	13.4435	92.74	False	37.6108	1.000000	1.000000	0.000000	0.000000	0.000000	0.000000	0.291032	2.001998	0.920940	0.487179	0.000000	0.000000	0	0.000000	0	0.287715	2.016571	0.921829	0.477876	0.000000	0.000000	0	0.000000	0	0	0.000000	0.291032	2.001998	0.920940	0.487179	0.000000	0.000000	background	4	AF_coil;hexamer_coil_fraction_ge_0.8;AF_rSASA_ge_0.25;hexamer_rSASA_ge_0.25	False	False		conserved	weakens	False	False	decreased; conserved local window
173|174	173	Q	174	N	HIGH_RISK	near_Walker_B	False	0.0	0.0839	0.0701	0.0	6.6227	13.4435	92.74	False	39.3958	1.000000	1.000000	0.000000	0.000000	0.000000	0.000000	0.291032	2.001998	0.920940	0.487179	0.000000	0.000000	0	0.000000	0	0.287715	2.016571	0.921829	0.477876	0.000000	0.000000	0	0.000000	0	0	0.000000	0.291032	2.001998	0.920940	0.487179	0.000000	0.000000	background	4	AF_coil;hexamer_coil_fraction_ge_0.8;AF_rSASA_ge_0.25;hexamer_rSASA_ge_0.25	False	False		conserved	weakens	False	False	decreased; conserved local window
174|175	174	N	175	P	HIGH_RISK	near_Walker_B	True	1.0	0.2741	0.2881	0.0	6.6227	14.6099	92.74	True	73.9558	1.000000	1.000000	0.000000	0.000000	0.000000	0.000000	0.291032	2.001998	0.920940	0.487179	0.000000	0.000000	0	0.000000	0	0.287715	2.016571	0.921829	0.477876	0.000000	0.000000	0	0.000000	0	0	0.000000	0.291032	2.001998	0.920940	0.487179	0.000000	0.000000	strict structural pass	0	none	False	False		conserved	weakens	True	True	unchanged; strict geometry but conservation does not clear functional risk
175|176	175	P	176	S	HIGH_RISK	near_Walker_B	True	1.0	0.2677	0.2866	0.0	8.9381	15.5036	92.74	True	78.7077	1.000000	0.487179	0.000000	2.001998	0.000000	0.000000	0.380731	2.001998	0.883547	0.487179	0.000000	0.000000	0	0.000000	0	0.373643	2.016571	0.888643	0.477876	0.000000	0.000000	0	0.000000	0	0	0.000000	0.380731	2.001998	0.883547	0.487179	0.000000	0.000000	strict structural pass	0	none	False	False		intermediate	remains unresolved	True	True	unchanged; strict geometry but conservation does not clear functional risk
176|177	176	S	177	G	HIGH_RISK	near_Walker_B	True	1.0	0.2677	0.2288	0.0	9.5262	15.7515	92.74	False	76.9981	0.487179	1.000000	2.001998	0.000000	0.000000	0.000000	0.400330	2.001998	0.880342	0.487179	0.000000	0.000000	0	0.000000	0	0.388374	2.016571	0.886431	0.477876	0.000000	0.000000	0	0.000000	0	0	0.000000	0.400330	2.001998	0.880342	0.487179	0.000000	0.000000	structural near-miss	1	hexamer_rSASA_ge_0.25	False	False		intermediate	remains unresolved	False	False	unchanged; no decisive evolutionary rescue
177|178	177	G	178	E	HIGH_RISK	near_Walker_B	False	0.0	0.1054	0.1051	0.0	8.4324	17.0736	92.74	False	46.3174	1.000000	0.730769	0.000000	0.840359	0.000000	0.000000	0.346161	2.001998	0.894231	0.487179	0.000000	0.000000	0	0.000000	0	0.339341	2.016571	0.898230	0.477876	0.000000	0.000000	0	0.000000	0	0	0.000000	0.346161	2.001998	0.894231	0.487179	0.000000	0.000000	background	4	AF_coil;hexamer_coil_fraction_ge_0.8;AF_rSASA_ge_0.25;hexamer_rSASA_ge_0.25	False	False		intermediate	remains unresolved	False	False	unchanged; no decisive evolutionary rescue
178|179	178	E	179	D	HIGH_RISK	near_Walker_B	False	0.0	0.0	0.0007	0.0	7.9052	19.8161	92.74	False	36.7578	0.730769	1.000000	0.840359	0.000000	0.000000	0.000000	0.346161	2.001998	0.894231	0.487179	0.000000	0.000000	0	0.000000	0	0.339341	2.016571	0.898230	0.477876	0.000000	0.000000	0	0.000000	0	0	0.000000	0.346161	2.001998	0.894231	0.487179	0.000000	0.000000	background	4	AF_coil;hexamer_coil_fraction_ge_0.8;AF_rSASA_ge_0.25;hexamer_rSASA_ge_0.25	False	False		intermediate	remains unresolved	False	False	unchanged; no decisive evolutionary rescue
179|180	179	D	180	M	CORE_CAUTION	A89_SF3_helicase_domain_by_PROSITE	False	0.0	0.0	0.0007	0.0	7.9052	19.8161	92.74	False	36.7578	1.000000	1.000000	0.000000	0.000000	0.000000	0.000000	0.346161	2.001998	0.894231	0.487179	0.000000	0.000000	0	0.000000	0	0.339341	2.016571	0.898230	0.477876	0.000000	0.000000	0	0.000000	0	0	0.000000	0.346161	2.001998	0.894231	0.487179	0.000000	0.000000	background	4	AF_coil;hexamer_coil_fraction_ge_0.8;AF_rSASA_ge_0.25;hexamer_rSASA_ge_0.25	False	False		intermediate	remains unresolved	False	False	unchanged; no decisive evolutionary rescue
180|181	180	M	181	T	CORE_CAUTION	A89_SF3_helicase_domain_by_PROSITE	False	0.0	0.044	0.037	0.0	7.4128	21.5889	92.74	False	39.2526	1.000000	0.551282	0.000000	1.076388	0.000000	0.000000	0.346161	2.001998	0.894231	0.487179	0.000000	0.000000	0	0.000000	0	0.339341	2.016571	0.898230	0.477876	0.000000	0.000000	0	0.000000	0	0	0.000000	0.346161	2.001998	0.894231	0.487179	0.000000	0.000000	background	4	AF_coil;hexamer_coil_fraction_ge_0.8;AF_rSASA_ge_0.25;hexamer_rSASA_ge_0.25	False	False		intermediate	remains unresolved	False	False	unchanged; no decisive evolutionary rescue
181|182	181	T	182	L	CORE_CAUTION	A89_SF3_helicase_domain_by_PROSITE	False	0.0	0.044	0.037	0.0	7.4128	21.5889	92.74	False	39.2526	0.551282	0.961538	1.076388	0.235193	0.000000	0.000000	0.346161	2.001998	0.894231	0.487179	0.000000	0.000000	0	0.000000	0	0.339341	2.016571	0.898230	0.477876	0.000000	0.000000	0	0.000000	0	0	0.000000	0.346161	2.001998	0.894231	0.487179	0.000000	0.000000	background	4	AF_coil;hexamer_coil_fraction_ge_0.8;AF_rSASA_ge_0.25;hexamer_rSASA_ge_0.25	False	False		intermediate	remains unresolved	False	False	unchanged; no decisive evolutionary rescue
182|183	182	L	183	F	CORE_CAUTION	A89_SF3_helicase_domain_by_PROSITE	False	0.0	0.001	0.0031	0.0	6.7835	24.4113	92.74	False	36.4572	0.961538	1.000000	0.235193	0.000000	0.000000	0.000000	0.179328	1.076388	0.936966	0.551282	0.000000	0.000000	0	0.000000	0	0.171294	1.031131	0.941740	0.601770	0.000000	0.000000	0	0.000000	0	0	0.000000	0.179328	1.076388	0.936966	0.551282	0.000000	0.000000	background	4	AF_coil;hexamer_coil_fraction_ge_0.8;AF_rSASA_ge_0.25;hexamer_rSASA_ge_0.25	False	False		conserved	weakens	False	False	decreased; conserved local window
183|184	183	F	184	C	CORE_CAUTION	A89_SF3_helicase_domain_by_PROSITE	False	0.0	0.001	0.0031	0.0	6.7835	24.4113	92.74	False	36.4572	1.000000	1.000000	0.000000	0.000000	0.000000	0.000000	0.179328	1.076388	0.936966	0.551282	0.000000	0.000000	0	0.000000	0	0.171294	1.031131	0.941740	0.601770	0.000000	0.000000	0	0.000000	0	0	0.000000	0.179328	1.076388	0.936966	0.551282	0.000000	0.000000	background	4	AF_coil;hexamer_coil_fraction_ge_0.8;AF_rSASA_ge_0.25;hexamer_rSASA_ge_0.25	False	False		conserved	weakens	False	False	decreased; conserved local window
184|185	184	C	185	Q	CORE_CAUTION	A89_SF3_helicase_domain_by_PROSITE	False	0.0	0.0846	0.0672	0.0	6.0418	21.6185	92.74	False	40.4986	1.000000	1.000000	0.000000	0.000000	0.000000	0.000000	0.109298	1.076388	0.959402	0.551282	0.000000	0.000000	0	0.000000	0	0.100659	1.031131	0.964602	0.601770	0.000000	0.000000	0	0.000000	0	0	0.000000	0.109298	1.076388	0.959402	0.551282	0.000000	0.000000	background	4	AF_coil;hexamer_coil_fraction_ge_0.8;AF_rSASA_ge_0.25;hexamer_rSASA_ge_0.25	False	False		conserved	weakens	False	False	decreased; conserved local window
185|186	185	Q	186	M	HIGH_RISK	near_cross-protomer_nucleotide_site	False	0.0	0.0846	0.0672	0.0	5.4433	20.9377	92.74	False	39.9983	1.000000	1.000000	0.000000	0.000000	0.000000	0.000000	0.202056	1.113091	0.896367	0.243590	0.000000	0.000000	0	0.000000	0	0.185162	1.031131	0.900442	0.230088	0.000000	0.000000	0	0.000000	0	0	0.000000	0.202056	1.113091	0.896367	0.243590	0.000000	0.000000	background	4	AF_coil;hexamer_coil_fraction_ge_0.8;AF_rSASA_ge_0.25;hexamer_rSASA_ge_0.25	False	False		intermediate	remains unresolved	False	False	unchanged; no decisive evolutionary rescue
186|187	186	M	187	V	HIGH_RISK	near_cross-protomer_nucleotide_site	False	0.0	0.1673	0.1216	0.0	5.4433	20.9377	92.74	False	45.0742	1.000000	1.000000	0.000000	0.000000	0.000000	0.000000	0.221655	1.113091	0.893162	0.243590	0.000000	0.000000	0	0.000000	0	0.199893	1.031131	0.898230	0.230088	0.000000	0.000000	0	0.000000	0	0	0.000000	0.221655	1.113091	0.893162	0.243590	0.000000	0.000000	background	4	AF_coil;hexamer_coil_fraction_ge_0.8;AF_rSASA_ge_0.25;hexamer_rSASA_ge_0.25	False	False		intermediate	remains unresolved	False	False	unchanged; no decisive evolutionary rescue
187|188	187	V	188	S	HIGH_RISK	near_cross-protomer_nucleotide_site	True	1.0	0.2355	0.1932	0.0	6.8039	19.877	92.74	False	69.6503	1.000000	1.000000	0.000000	0.000000	0.000000	0.000000	0.151556	1.113091	0.927350	0.243590	0.000000	0.000000	0	0.000000	0	0.128697	1.014032	0.929203	0.230088	0.000000	0.000000	0	0.000000	0	0	0.000000	0.151556	1.113091	0.927350	0.243590	0.000000	0.000000	structural near-miss	2	AF_rSASA_ge_0.25;hexamer_rSASA_ge_0.25	False	False		conserved	weakens	False	False	decreased; conserved local window
188|189	188	S	189	S	EXCLUDE	EV_T196-equivalent_cross-protomer_nucleotide_site	True	1.0	0.2355	0.1932	0.0	6.8039	19.877	92.74	False	69.6503	1.000000	1.000000	0.000000	0.000000	0.000000	0.000000	0.151556	1.113091	0.927350	0.243590	0.000000	0.000000	0	0.000000	0	0.128697	1.014032	0.929203	0.230088	0.000000	0.000000	0	0.000000	0	0	0.000000	0.151556	1.113091	0.927350	0.243590	0.000000	0.000000	background	2	AF_rSASA_ge_0.25;hexamer_rSASA_ge_0.25	False	False		conserved	weakens	False	False	decreased_or_excluded; hard functional feature dominates conservation
189|190	189	S	190	V	EXCLUDE	EV_T196-equivalent_cross-protomer_nucleotide_site	False	0.0	0.0961	0.0737	0.0	7.0996	18.5562	92.74	False	41.8058	1.000000	1.000000	0.000000	0.000000	0.000000	0.000000	0.151556	1.113091	0.927350	0.243590	0.000000	0.000000	0	0.000000	0	0.128697	1.014032	0.929203	0.230088	0.000000	0.000000	0	0.000000	0	0	0.000000	0.151556	1.113091	0.927350	0.243590	0.000000	0.000000	background	4	AF_coil;hexamer_coil_fraction_ge_0.8;AF_rSASA_ge_0.25;hexamer_rSASA_ge_0.25	False	False		conserved	weakens	False	False	decreased_or_excluded; hard functional feature dominates conservation
190|191	190	V	191	P	HIGH_RISK	near_cross-protomer_nucleotide_site	False	0.0	0.0961	0.0737	0.0	7.0996	18.5562	92.74	False	41.8058	1.000000	0.243590	0.000000	1.113091	0.000000	0.000000	0.151556	1.113091	0.927350	0.243590	0.000000	0.000000	0	0.000000	0	0.128697	1.014032	0.929203	0.230088	0.000000	0.000000	0	0.000000	0	0	0.000000	0.151556	1.113091	0.927350	0.243590	0.000000	0.000000	background	4	AF_coil;hexamer_coil_fraction_ge_0.8;AF_rSASA_ge_0.25;hexamer_rSASA_ge_0.25	False	False		conserved	weakens	False	False	decreased; conserved local window
191|192	191	P	192	F	HIGH_RISK	near_cross-protomer_nucleotide_site	False	0.0	0.1176	0.0877	0.0	7.5106	20.0726	92.74	False	43.2868	0.243590	0.961538	1.113091	0.235193	0.000000	0.000000	0.151556	1.113091	0.927350	0.243590	0.000000	0.000000	0	0.000000	0	0.128697	1.014032	0.929203	0.230088	0.000000	0.000000	0	0.000000	0	0	0.000000	0.151556	1.113091	0.927350	0.243590	0.000000	0.000000	background	4	AF_coil;hexamer_coil_fraction_ge_0.8;AF_rSASA_ge_0.25;hexamer_rSASA_ge_0.25	False	False		conserved	weakens	False	False	decreased; conserved local window
192|193	192	F	193	I	HIGH_RISK	near_cross-protomer_nucleotide_site;near_conserved_RNA-binding_triad	False	0.0	0.1176	0.0877	0.0	7.5106	20.0726	92.74	False	43.2868	0.961538	0.961538	0.235193	0.235193	0.000000	0.000000	0.151556	1.113091	0.927350	0.243590	0.000000	0.000000	0	0.000000	0	0.128697	1.014032	0.929203	0.230088	0.000000	0.000000	0	0.000000	0	0	0.000000	0.151556	1.113091	0.927350	0.243590	0.000000	0.000000	background	4	AF_coil;hexamer_coil_fraction_ge_0.8;AF_rSASA_ge_0.25;hexamer_rSASA_ge_0.25	False	False		conserved	weakens	False	False	decreased; conserved local window
193|194	193	I	194	P	HIGH_RISK	near_conserved_RNA-binding_triad	False	0.0	0.0866	0.0724	0.0	7.7704	17.1818	92.74	False	41.0055	0.961538	0.961538	0.235193	0.235193	0.000000	0.000000	0.151556	1.113091	0.927350	0.243590	0.000000	0.000000	0	0.000000	0	0.128697	1.014032	0.929203	0.230088	0.000000	0.000000	0	0.000000	0	0	0.000000	0.151556	1.113091	0.927350	0.243590	0.000000	0.000000	background	4	AF_coil;hexamer_coil_fraction_ge_0.8;AF_rSASA_ge_0.25;hexamer_rSASA_ge_0.25	False	False		conserved	weakens	False	False	decreased; conserved local window
194|195	194	P	195	P	HIGH_RISK	near_conserved_RNA-binding_triad	True	1.0	0.1417	0.1206	0.0	7.7704	17.1818	92.74	False	64.307	0.961538	1.000000	0.235193	0.000000	0.000000	0.000000	0.151556	1.113091	0.927350	0.243590	0.000000	0.000000	0	0.000000	0	0.128697	1.014032	0.929203	0.230088	0.000000	0.000000	0	0.000000	0	0	0.000000	0.151556	1.113091	0.927350	0.243590	0.000000	0.000000	structural near-miss	2	AF_rSASA_ge_0.25;hexamer_rSASA_ge_0.25	False	False		conserved	weakens	False	False	decreased; conserved local window
195|196	195	P	196	M	HIGH_RISK	near_conserved_RNA-binding_triad	True	1.0	0.1417	0.1206	0.0	7.6503	16.0425	92.74	False	63.8513	1.000000	1.000000	0.000000	0.000000	0.000000	0.000000	0.151556	1.113091	0.927350	0.243590	0.000000	0.000000	0	0.000000	0	0.128697	1.014032	0.929203	0.230088	0.000000	0.000000	0	0.000000	0	0	0.000000	0.151556	1.113091	0.927350	0.243590	0.000000	0.000000	structural near-miss	2	AF_rSASA_ge_0.25;hexamer_rSASA_ge_0.25	False	False		conserved	weakens	False	False	decreased; conserved local window
196|197	196	M	197	A	EXCLUDE	CVB3_A204-equivalent_core_RNA_binding	True	1.0	0.1571	0.1348	0.0	7.6503	16.0425	92.74	False	64.8238	1.000000	1.000000	0.000000	0.000000	0.000000	0.000000	0.151556	1.113091	0.927350	0.243590	0.000000	0.000000	0	0.000000	0	0.128697	1.014032	0.929203	0.230088	0.000000	0.000000	0	0.000000	0	0	0.000000	0.151556	1.113091	0.927350	0.243590	0.000000	0.000000	background	2	AF_rSASA_ge_0.25;hexamer_rSASA_ge_0.25	False	False		conserved	weakens	False	False	decreased_or_excluded; hard functional feature dominates conservation
197|198	197	A	198	D	EXCLUDE	CVB3_A204-equivalent_core_RNA_binding	True	1.0	0.1571	0.1348	0.0	7.6651	16.817	92.74	False	64.8238	1.000000	1.000000	0.000000	0.000000	0.000000	0.000000	0.058798	0.235193	0.990384	0.961538	0.000000	0.000000	0	0.000000	0	0.044194	0.176777	0.993363	0.973451	0.000000	0.000000	0	0.000000	0	0	0.000000	0.058798	0.235193	0.990384	0.961538	0.000000	0.000000	background	2	AF_rSASA_ge_0.25;hexamer_rSASA_ge_0.25	False	False		conserved	weakens	False	False	decreased_or_excluded; hard functional feature dominates conservation
198|199	198	D	199	L	EXCLUDE	CVB3_L206-equivalent_core_RNA_binding	True	1.0	0.1498	0.1342	0.0	8.1934	16.817	92.74	False	64.8721	1.000000	1.000000	0.000000	0.000000	0.000000	0.000000	0.058798	0.235193	0.990384	0.961538	0.000000	0.000000	0	0.000000	0	0.044194	0.176777	0.993363	0.973451	0.000000	0.000000	0	0.000000	0	0	0.000000	0.058798	0.235193	0.990384	0.961538	0.000000	0.000000	background	2	AF_rSASA_ge_0.25;hexamer_rSASA_ge_0.25	False	False		conserved	weakens	False	False	decreased_or_excluded; hard functional feature dominates conservation
199|200	199	L	200	P	EXCLUDE	CVB3_L206-equivalent_core_RNA_binding	True	1.0	0.1498	0.1342	0.0	8.1934	18.1259	92.74	False	65.3957	1.000000	1.000000	0.000000	0.000000	0.000000	0.000000	0.107104	0.814859	0.982906	0.871795	0.000000	0.000000	0	0.000000	0	0.089852	0.724675	0.985988	0.884956	0.000000	0.000000	0	0.000000	0	0	0.000000	0.105753	0.798646	0.982906	0.871795	0.000000	0.000000	background	2	AF_rSASA_ge_0.25;hexamer_rSASA_ge_0.25	False	False		conserved	weakens	False	False	decreased_or_excluded; hard functional feature dominates conservation
200|201	200	P	201	D	HIGH_RISK	near_conserved_RNA-binding_triad	True	1.0	0.1866	0.1743	0.0	8.1934	18.1259	92.74	False	68.5364	1.000000	1.000000	0.000000	0.000000	0.000000	0.000000	0.087504	0.814859	0.986111	0.871795	0.000000	0.000000	0	0.000000	0	0.075121	0.724675	0.988201	0.884956	0.000000	0.000000	0	0.000000	0	0	0.000000	0.086153	0.798646	0.986111	0.871795	0.000000	0.000000	structural near-miss	2	AF_rSASA_ge_0.25;hexamer_rSASA_ge_0.25	False	False		conserved	weakens	False	False	decreased; conserved local window
201|202	201	D	202	K	EXCLUDE	CVB3_K209-equivalent_core_RNA_binding	True	1.0	0.1866	0.1743	0.0	8.8488	21.7855	92.74	False	69.1811	1.000000	1.000000	0.000000	0.000000	0.000000	0.000000	0.178893	1.096663	0.909188	0.076923	0.000000	0.000000	0	0.000000	0	0.164069	1.067373	0.912979	0.097345	0.000000	0.000000	0	0.000000	0	0	0.000000	0.177542	1.096663	0.909188	0.076923	0.000000	0.000000	background	2	AF_rSASA_ge_0.25;hexamer_rSASA_ge_0.25	False	False		conserved	weakens	False	False	decreased_or_excluded; hard functional feature dominates conservation
202|203	202	K	203	G	EXCLUDE	CVB3_K209-equivalent_core_RNA_binding	False	0.0	0.1414	0.1267	0.0	8.8488	21.7855	92.74	False	45.5091	1.000000	1.000000	0.000000	0.000000	0.000000	0.000000	0.178893	1.096663	0.909188	0.076923	0.000000	0.000000	0	0.000000	0	0.164069	1.067373	0.912979	0.097345	0.000000	0.000000	0	0.000000	0	0	0.000000	0.177542	1.096663	0.909188	0.076923	0.000000	0.000000	background	4	AF_coil;hexamer_coil_fraction_ge_0.8;AF_rSASA_ge_0.25;hexamer_rSASA_ge_0.25	False	False		conserved	weakens	False	False	decreased_or_excluded; hard functional feature dominates conservation
203|204	203	G	204	K	HIGH_RISK	near_conserved_RNA-binding_triad	False	0.0	0.1414	0.1267	0.0	8.3795	20.912	92.74	False	45.1597	1.000000	0.961538	0.000000	0.235193	0.000000	0.000000	0.276047	1.165851	0.832265	0.076923	0.000000	0.000000	0	0.000000	0	0.257510	1.121292	0.838496	0.097345	0.000000	0.000000	0	0.000000	0	0	0.000000	0.274696	1.165851	0.832265	0.076923	0.000000	0.000000	background	4	AF_coil;hexamer_coil_fraction_ge_0.8;AF_rSASA_ge_0.25;hexamer_rSASA_ge_0.25	False	False		intermediate	remains unresolved	False	False	unchanged; no decisive evolutionary rescue
204|205	204	K	205	P	HIGH_RISK	near_conserved_RNA-binding_triad	True	1.0	0.1563	0.1486	0.0	7.8294	20.912	92.74	False	65.4108	0.961538	0.871795	0.235193	0.814859	0.000000	0.000000	0.337053	1.165851	0.815171	0.076923	0.000000	0.000000	0	0.000000	0	0.310227	1.121292	0.825221	0.097345	0.000000	0.000000	0	0.000000	0	0	0.000000	0.335702	1.165851	0.815171	0.076923	0.000000	0.000000	structural near-miss	2	AF_rSASA_ge_0.25;hexamer_rSASA_ge_0.25	False	False		intermediate	remains unresolved	False	False	unchanged; no decisive evolutionary rescue
205|206	205	P	206	F	HIGH_RISK	near_conserved_RNA-binding_triad	True	1.0	0.1563	0.1486	0.0	7.8294	20.912	92.74	False	65.4108	0.871795	1.000000	0.814859	0.000000	0.000000	0.000000	0.345299	1.165851	0.814102	0.076923	0.000000	0.000000	0	0.000000	0	0.316316	1.121292	0.824484	0.097345	0.000000	0.000000	0	0.000000	0	0	0.000000	0.343948	1.165851	0.814102	0.076923	0.000000	0.000000	structural near-miss	2	AF_rSASA_ge_0.25;hexamer_rSASA_ge_0.25	False	False		intermediate	remains unresolved	False	False	unchanged; no decisive evolutionary rescue
206|207	206	F	207	T	HIGH_RISK	near_conserved_RNA-binding_triad;near_Motif_C	True	1.0	0.1938	0.1828	0.0	7.7328	21.2439	92.74	False	67.9414	1.000000	0.076923	0.000000	1.096663	0.000000	0.000000	0.408333	1.165851	0.795940	0.076923	0.000000	0.000000	0	0.000000	0	0.378485	1.121292	0.806785	0.097345	0.000000	0.000000	0	0.000000	0	0	0.000000	0.406982	1.165851	0.795940	0.076923	0.000000	0.000000	structural near-miss	2	AF_rSASA_ge_0.25;hexamer_rSASA_ge_0.25	False	False		intermediate	remains unresolved	False	False	unchanged; no decisive evolutionary rescue
207|208	207	T	208	S	HIGH_RISK	near_Motif_C	True	1.0	0.1938	0.1828	0.0	7.7328	21.2439	92.74	False	67.9414	0.076923	1.000000	1.096663	0.000000	0.000000	0.000000	0.473279	1.165851	0.731838	0.076923	0.000000	0.000000	0	0.000000	0	0.440654	1.121292	0.741150	0.097345	0.000000	0.000000	0	0.000000	0	0	0.000000	0.471928	1.165851	0.731838	0.076923	0.000000	0.000000	structural near-miss	2	AF_rSASA_ge_0.25;hexamer_rSASA_ge_0.25	False	False		intermediate	remains unresolved	False	False	unchanged; no decisive evolutionary rescue
208|209	208	S	209	K	HIGH_RISK	near_Motif_C	False	0.0	0.1746	0.1656	0.0	7.6185	21.6271	92.74	False	49.0817	1.000000	0.076923	0.000000	1.165851	0.000000	0.000000	0.473279	1.165851	0.731838	0.076923	0.000000	0.000000	0	0.000000	0	0.440654	1.121292	0.741150	0.097345	0.000000	0.000000	0	0.000000	0	0	0.000000	0.471928	1.165851	0.731838	0.076923	0.000000	0.000000	background	4	AF_coil;hexamer_coil_fraction_ge_0.8;AF_rSASA_ge_0.25;hexamer_rSASA_ge_0.25	False	False		intermediate	remains unresolved	False	False	unchanged; no decisive evolutionary rescue
209|210	209	K	210	F	EXCLUDE	Motif_C_region	False	0.0	0.1746	0.1656	0.0	7.6185	21.6271	92.74	False	49.0817	0.076923	0.794872	1.165851	0.732067	0.000000	0.000000	0.473279	1.165851	0.731838	0.076923	0.000000	0.000000	0	0.000000	0	0.440654	1.121292	0.741150	0.097345	0.000000	0.000000	0	0.000000	0	0	0.000000	0.471928	1.165851	0.731838	0.076923	0.000000	0.000000	background	4	AF_coil;hexamer_coil_fraction_ge_0.8;AF_rSASA_ge_0.25;hexamer_rSASA_ge_0.25	False	False		intermediate	weakens	False	False	decreased_or_excluded; hard functional feature dominates conservation
210|211	210	F	211	V	EXCLUDE	Motif_C_region	False	0.0	0.0247	0.0154	0.0	7.6628	21.8701	92.74	False	39.5146	0.794872	0.987179	0.732067	0.098959	0.000000	0.000000	0.453679	1.165851	0.735043	0.076923	0.000000	0.000000	0	0.000000	0	0.425922	1.121292	0.743363	0.097345	0.000000	0.000000	0	0.000000	0	0	0.000000	0.452328	1.165851	0.735043	0.076923	0.000000	0.000000	background	4	AF_coil;hexamer_coil_fraction_ge_0.8;AF_rSASA_ge_0.25;hexamer_rSASA_ge_0.25	False	False		intermediate	weakens	False	False	decreased_or_excluded; hard functional feature dominates conservation
211|212	211	V	212	L	EXCLUDE	Motif_C_region	False	0.0	0.0247	0.0154	0.0	7.6628	21.8701	92.74	False	39.5146	0.987179	0.782051	0.098959	0.756404	0.000000	0.000000	0.425530	1.165851	0.737179	0.076923	0.000000	0.000000	0	0.000000	0	0.401485	1.121292	0.745575	0.097345	0.000000	0.000000	0	0.000000	0	0	0.000000	0.425530	1.165851	0.737179	0.076923	0.000000	0.000000	background	4	AF_coil;hexamer_coil_fraction_ge_0.8;AF_rSASA_ge_0.25;hexamer_rSASA_ge_0.25	False	False		intermediate	weakens	False	False	decreased_or_excluded; hard functional feature dominates conservation
212|213	212	L	213	A	EXCLUDE	Motif_C_region	False	0.0	0.0293	0.0198	0.0	6.6334	22.4773	92.74	False	38.8328	0.782051	0.230769	0.756404	0.779350	0.000000	0.000000	0.581818	1.875446	0.669872	0.076923	0.000000	0.000000	0	0.000000	0	0.550826	1.792089	0.678466	0.097345	0.000000	0.000000	0	0.000000	0	0	0.000000	0.581818	1.875446	0.669872	0.076923	0.000000	0.000000	background	4	AF_coil;hexamer_coil_fraction_ge_0.8;AF_rSASA_ge_0.25;hexamer_rSASA_ge_0.25	False	False		variable	weakens	False	True	decreased_or_excluded; hard functional feature dominates conservation
213|214	213	A	214	S	EXCLUDE	Motif_C_region	False	0.0	0.0293	0.0198	0.0	6.6334	22.4773	92.74	False	38.8328	0.230769	1.000000	0.779350	0.000000	0.000000	0.000000	0.580060	1.875446	0.725427	0.076923	0.000000	0.000000	0	0.000000	0	0.539546	1.792089	0.736726	0.106195	0.000000	0.000000	0	0.000000	0	0	0.000000	0.580060	1.875446	0.725427	0.076923	0.000000	0.000000	background	4	AF_coil;hexamer_coil_fraction_ge_0.8;AF_rSASA_ge_0.25;hexamer_rSASA_ge_0.25	False	False		intermediate	weakens	False	False	decreased_or_excluded; hard functional feature dominates conservation
214|215	214	S	215	T	EXCLUDE	Motif_C_region	False	0.0	0.089	0.0727	0.0	6.0065	24.2729	92.74	False	42.3126	1.000000	1.000000	0.000000	0.000000	0.000000	0.000000	0.580060	1.875446	0.725427	0.076923	0.000000	0.000000	0	0.000000	0	0.539546	1.792089	0.736726	0.106195	0.000000	0.000000	0	0.000000	0	0	0.000000	0.580060	1.875446	0.725427	0.076923	0.000000	0.000000	background	4	AF_coil;hexamer_coil_fraction_ge_0.8;AF_rSASA_ge_0.25;hexamer_rSASA_ge_0.25	False	False		intermediate	weakens	False	False	decreased_or_excluded; hard functional feature dominates conservation
215|216	215	T	216	N	EXCLUDE	Motif_C_region	False	0.0	0.089	0.0727	0.0751	5.5382	24.5671	92.74	False	40.6911	1.000000	1.000000	0.000000	0.000000	0.000000	0.000000	0.595736	1.875446	0.730769	0.141026	0.000000	0.000000	0	0.000000	0	0.557735	1.792089	0.744838	0.194690	0.000000	0.000000	0	0.000000	0	0	0.000000	0.595736	1.875446	0.730769	0.141026	0.000000	0.000000	background	4	AF_coil;hexamer_coil_fraction_ge_0.8;AF_rSASA_ge_0.25;hexamer_rSASA_ge_0.25	False	False		intermediate	weakens	False	False	decreased_or_excluded; hard functional feature dominates conservation
216|217	216	N	217	H	EXCLUDE	Motif_C_region	True	1.0	0.3228	0.3061	0.0751	5.5382	24.5671	92.74	True	74.015	1.000000	0.897436	0.000000	0.477071	0.000000	0.000000	0.534730	1.875446	0.747863	0.141026	0.000000	0.000000	0	0.000000	0	0.505017	1.792089	0.758112	0.194690	0.000000	0.000000	0	0.000000	0	0	0.000000	0.534730	1.875446	0.747863	0.141026	0.000000	0.000000	strict structural pass	0	none	False	False		intermediate	weakens	True	True	decreased_or_excluded; hard functional feature dominates conservation
217|218	217	H	218	T	HIGH_RISK	near_Motif_C	True	1.0	0.3456	0.3293	0.0	7.9111	24.5671	92.74	True	83.8962	0.897436	0.192308	0.477071	1.875446	0.000000	0.000000	0.526483	1.875446	0.748932	0.141026	0.000000	0.000000	0	0.000000	0	0.498929	1.792089	0.758849	0.194690	0.000000	0.000000	0	0.000000	0	0	0.000000	0.526483	1.875446	0.748932	0.141026	0.000000	0.000000	strict structural pass	0	none	False	False		intermediate	remains unresolved	True	True	unchanged; strict geometry but conservation does not clear functional risk
218|219	218	T	219	L	HIGH_RISK	near_Motif_C	True	1.0	0.5729	0.623	0.0	9.8955	28.6883	92.74	True	99.2663	0.192308	0.743590	1.875446	1.075578	0.000000	0.000000	0.463450	1.875446	0.767094	0.141026	0.000000	0.000000	0	0.000000	0	0.436760	1.792089	0.776549	0.194690	0.000000	0.000000	0	0.000000	0	0	0.000000	0.463450	1.875446	0.767094	0.141026	0.000000	0.000000	strict structural pass	0	none	False	False		intermediate	remains unresolved	True	True	unchanged; strict geometry but conservation does not clear functional risk
219|220	219	L	220	L	HIGH_RISK	near_Motif_C	True	1.0	0.2011	0.1808	0.0	8.1159	28.6883	92.74	False	68.676	0.743590	1.000000	1.075578	0.000000	0.000000	0.000000	0.427131	1.875446	0.753205	0.064103	0.000000	0.000000	0	0.000000	0	0.410543	1.792089	0.766224	0.088496	0.000000	0.000000	0	0.000000	0	0	0.000000	0.427131	1.875446	0.753205	0.064103	0.000000	0.000000	structural near-miss	2	AF_rSASA_ge_0.25;hexamer_rSASA_ge_0.25	False	False		intermediate	remains unresolved	False	False	unchanged; no decisive evolutionary rescue
220|221	220	L	221	T	HIGH_RISK	near_Motif_C	True	1.0	0.2011	0.1808	0.0	8.1159	25.9941	92.74	False	68.676	1.000000	0.141026	0.000000	1.353952	0.000000	0.000000	0.492152	1.875446	0.685023	0.064103	0.000000	0.000000	0	0.000000	0	0.481536	1.792089	0.702236	0.088496	0.000000	0.000000	0	0.000000	0	0	0.000000	0.488687	1.875446	0.685023	0.064103	0.000000	0.000000	structural near-miss	2	AF_rSASA_ge_0.25;hexamer_rSASA_ge_0.25	False	False		variable	supports	False	False	new_outside_strict10_for_later_review; near-miss plus evolutionary variability
221|222	221	T	222	P	HIGH_RISK	near_Motif_C	True	1.0	0.2014	0.1808	0.0	7.2931	25.9941	92.74	False	67.031	0.141026	1.000000	1.353952	0.000000	0.000000	0.000000	0.562577	1.875446	0.668998	0.064103	0.000000	0.000000	0	0.000000	0	0.538784	1.792089	0.690437	0.088496	0.000000	0.000000	0	0.000000	0	0	0.000000	0.559112	1.875446	0.668998	0.064103	0.000000	0.000000	structural near-miss	2	AF_rSASA_ge_0.25;hexamer_rSASA_ge_0.25	False	False		variable	supports	False	False	new_outside_strict10_for_later_review; near-miss plus evolutionary variability
222|223	222	P	223	P	HIGH_RISK	near_Motif_C	True	1.0	0.3913	0.3594	0.1509	5.346	19.5886	92.74	False	71.5052	1.000000	1.000000	0.000000	0.000000	0.000000	0.000000	0.624709	1.875446	0.654041	0.064103	0.000000	0.000000	0	0.000000	0	0.589769	1.792089	0.679375	0.088496	0.000000	0.000000	0	0.000000	0	0	0.000000	0.621245	1.875446	0.654041	0.064103	0.000000	0.000000	structural near-miss	1	burial_lt_0.10	False	False		variable	supports	False	False	new_outside_strict10_for_later_review; near-miss plus evolutionary variability
223|224	223	P	224	T	CORE_CAUTION	A89_SF3_helicase_domain_by_PROSITE	True	1.0	0.3913	0.3594	0.1509	5.346	19.5886	92.74	False	71.5052	1.000000	1.000000	0.000000	0.000000	0.000000	0.000000	0.710479	1.875446	0.631605	0.064103	0.000000	0.000000	0	0.000000	0	0.671215	1.792089	0.658726	0.088496	0.000000	0.000000	0	0.000000	0	0	0.000000	0.707014	1.875446	0.631605	0.064103	0.000000	0.000000	structural near-miss	1	burial_lt_0.10	False	False		variable	supports	False	False	new_outside_strict10_for_later_review; near-miss plus evolutionary variability
224|225	224	T	225	V	CORE_CAUTION	A89_SF3_helicase_domain_by_PROSITE	True	1.0	0.1612	0.1407	0.1509	5.346	19.939	92.74	False	58.1808	1.000000	0.064103	0.000000	0.343520	0.000000	0.000000	0.554192	1.506306	0.698912	0.064103	0.000000	0.000000	0	0.000000	0	0.521875	1.408785	0.725835	0.088496	0.000000	0.000000	0	0.000000	0	0	0.000000	0.550727	1.506306	0.698912	0.064103	0.000000	0.000000	background	3	AF_rSASA_ge_0.25;hexamer_rSASA_ge_0.25;burial_lt_0.10	False	False		variable	supports	False	False	unchanged; no decisive evolutionary rescue
225|226	225	V	226	S	CORE_CAUTION	A89_SF3_helicase_domain_by_PROSITE	True	1.0	0.1612	0.1407	0.2817	3.6487	24.4357	92.74	False	50.044	0.064103	0.181818	0.343520	0.780252	0.000000	0.000000	0.484160	1.506306	0.717075	0.064103	0.000000	0.000000	0	0.000000	0	0.458939	1.408785	0.740584	0.088496	0.000000	0.000000	0	0.000000	0	0	0.000000	0.480695	1.506306	0.717075	0.064103	0.000000	0.000000	background	4	AF_rSASA_ge_0.25;hexamer_rSASA_ge_0.25;burial_lt_0.10;interprotomer_distance_gt_4.5A	False	False		intermediate	remains unresolved	False	False	unchanged; no decisive evolutionary rescue
226|227	226	S	227	S	HIGH_RISK	near_R_finger	False	0.0	0.1181	0.0927	0.2817	3.6487	24.4357	92.74	False	29.905	0.181818	0.807692	0.780252	0.845106	0.000000	0.000000	0.516643	1.506306	0.634810	0.012821	0.000000	0.000000	0	0.000000	0	0.502266	1.408785	0.660938	0.044248	0.000000	0.000000	0	0.000000	0	0	0.000000	0.513178	1.506306	0.634810	0.012821	0.000000	0.000000	background	6	AF_coil;hexamer_coil_fraction_ge_0.8;AF_rSASA_ge_0.25;hexamer_rSASA_ge_0.25;burial_lt_0.10;interprotomer_distance_gt_4.5A	False	False		variable	supports	False	False	unchanged; no decisive evolutionary rescue
227|228	227	S	228	L	HIGH_RISK	near_R_finger	False	0.0	0.1181	0.0927	0.509	2.759	26.6111	92.74	False	22.2165	0.807692	0.820513	0.845106	0.745585	0.000000	0.000000	0.403813	1.506306	0.706391	0.012821	0.000000	0.000000	0	0.000000	0	0.390635	1.408785	0.727310	0.044248	0.000000	0.000000	0	0.000000	0	0	0.000000	0.400349	1.506306	0.706391	0.012821	0.000000	0.000000	background	6	AF_coil;hexamer_coil_fraction_ge_0.8;AF_rSASA_ge_0.25;hexamer_rSASA_ge_0.25;burial_lt_0.10;interprotomer_distance_gt_4.5A	False	False		intermediate	remains unresolved	False	False	unchanged; no decisive evolutionary rescue
228|229	228	L	229	P	HIGH_RISK	near_R_finger	False	0.0	0.0524	0.0264	0.509	2.759	26.6111	92.74	False	17.3295	0.820513	0.628205	0.745585	1.506306	0.000000	0.000000	0.403813	1.506306	0.706391	0.012821	0.000000	0.000000	0	0.000000	0	0.390635	1.408785	0.727310	0.044248	0.000000	0.000000	0	0.000000	0	0	0.000000	0.400349	1.506306	0.706391	0.012821	0.000000	0.000000	background	6	AF_coil;hexamer_coil_fraction_ge_0.8;AF_rSASA_ge_0.25;hexamer_rSASA_ge_0.25;burial_lt_0.10;interprotomer_distance_gt_4.5A	False	False		intermediate	remains unresolved	False	False	unchanged; no decisive evolutionary rescue
229|230	229	P	230	A	HIGH_RISK	near_R_finger	False	0.0	0.0524	0.0264	0.509	2.759	26.6111	92.74	False	17.3295	0.628205	1.000000	1.506306	0.000000	0.000000	0.000000	0.423413	1.506306	0.703186	0.012821	0.000000	0.000000	0	0.000000	0	0.405366	1.408785	0.725097	0.044248	0.000000	0.000000	0	0.000000	0	0	0.000000	0.419948	1.506306	0.703186	0.012821	0.000000	0.000000	background	6	AF_coil;hexamer_coil_fraction_ge_0.8;AF_rSASA_ge_0.25;hexamer_rSASA_ge_0.25;burial_lt_0.10;interprotomer_distance_gt_4.5A	False	False		intermediate	remains unresolved	False	False	unchanged; no decisive evolutionary rescue
230|231	230	A	231	M	HIGH_RISK	near_R_finger	False	0.0	0.1222	0.0744	0.0	4.6595	28.1767	92.74	False	37.1439	1.000000	0.961538	0.000000	0.235193	0.000000	0.000000	0.484418	1.506306	0.636946	0.012821	0.000000	0.000000	0	0.000000	0	0.471472	1.408785	0.661676	0.044248	0.000000	0.000000	0	0.000000	0	0	0.000000	0.481643	1.506306	0.637302	0.012821	0.000000	0.000000	background	4	AF_coil;hexamer_coil_fraction_ge_0.8;AF_rSASA_ge_0.25;hexamer_rSASA_ge_0.25	False	False		variable	supports	False	False	unchanged; no decisive evolutionary rescue
231|232	231	M	232	A	HIGH_RISK	near_R_finger	False	0.0	0.1222	0.0744	0.0	4.6595	28.1767	92.74	False	37.1439	0.961538	0.012821	0.235193	0.389797	0.000000	0.000000	0.533238	1.506306	0.647630	0.012821	0.000000	0.000000	0	0.000000	0	0.526311	1.408785	0.672000	0.044248	0.000000	0.000000	0	0.000000	0	0	0.000000	0.530462	1.506306	0.647986	0.012821	0.000000	0.000000	background	4	AF_coil;hexamer_coil_fraction_ge_0.8;AF_rSASA_ge_0.25;hexamer_rSASA_ge_0.25	False	False		variable	supports	False	False	unchanged; no decisive evolutionary rescue
232|233	232	A	233	R	EXCLUDE	R_finger_R233	False	0.0	0.0698	0.0309	0.0	4.4247	31.6343	92.74	False	32.6296	0.012821	1.000000	0.389797	0.000000	0.000000	0.000000	0.468217	1.506306	0.715812	0.012821	0.000000	0.000000	0	0.000000	0	0.455319	1.408785	0.735988	0.044248	0.000000	0.000000	0	0.000000	0	0	0.000000	0.468906	1.506306	0.716168	0.012821	0.000000	0.000000	background	5	AF_coil;hexamer_coil_fraction_ge_0.8;AF_rSASA_ge_0.25;hexamer_rSASA_ge_0.25;interprotomer_distance_gt_4.5A	False	False		intermediate	weakens	False	False	decreased_or_excluded; hard functional feature dominates conservation
233|234	233	R	234	R	EXCLUDE	R_finger_R233;R_finger_R234	False	0.0	0.0698	0.0309	0.0	4.4247	31.6343	92.74	False	32.6296	1.000000	1.000000	0.000000	0.000000	0.000000	0.000000	0.397791	1.506306	0.731838	0.012821	0.000000	0.000000	0	0.000000	0	0.398071	1.408785	0.747788	0.044248	0.000000	0.000000	0	0.000000	0	0	0.000000	0.398481	1.506306	0.732194	0.012821	0.000000	0.000000	background	5	AF_coil;hexamer_coil_fraction_ge_0.8;AF_rSASA_ge_0.25;hexamer_rSASA_ge_0.25;interprotomer_distance_gt_4.5A	False	False		intermediate	weakens	False	False	decreased_or_excluded; hard functional feature dominates conservation
234|235	234	R	235	F	EXCLUDE	R_finger_R234	False	0.0	0.1491	0.0812	0.0	4.4113	34.0515	92.74	False	37.5554	1.000000	0.961538	0.000000	0.235193	0.000000	0.000000	0.355259	1.506306	0.743590	0.012821	0.000000	0.000000	0	0.000000	0	0.361817	1.408785	0.756637	0.044248	0.000000	0.000000	0	0.000000	0	0	0.000000	0.355948	1.506306	0.743946	0.012821	0.000000	0.000000	background	5	AF_coil;hexamer_coil_fraction_ge_0.8;AF_rSASA_ge_0.25;hexamer_rSASA_ge_0.25;interprotomer_distance_gt_4.5A	False	False		intermediate	weakens	False	False	decreased_or_excluded; hard functional feature dominates conservation
235|236	235	F	236	Y	HIGH_RISK	near_R_finger	False	0.0	0.1491	0.0812	0.0	4.4113	34.0515	92.74	False	37.5554	0.961538	0.205128	0.235193	0.732067	0.000000	0.000000	0.237980	0.929355	0.773504	0.012821	0.000000	0.000000	0	0.000000	0	0.250507	1.089498	0.783923	0.044248	0.000000	0.000000	0	0.000000	0	0	0.000000	0.238669	0.929355	0.773860	0.012821	0.000000	0.000000	background	5	AF_coil;hexamer_coil_fraction_ge_0.8;AF_rSASA_ge_0.25;hexamer_rSASA_ge_0.25;interprotomer_distance_gt_4.5A	False	False		intermediate	remains unresolved	False	False	unchanged; no decisive evolutionary rescue
236|237	236	Y	237	F	HIGH_RISK	near_R_finger	False	0.0	0.0989	0.0404	0.0	4.4025	34.0515	92.74	False	33.2258	0.205128	0.192308	0.732067	0.929355	0.000000	0.000000	0.392374	1.852732	0.695582	0.012821	0.000000	0.000000	0	0.000000	0	0.414949	1.973295	0.708097	0.044248	0.000737	0.008850	0	0.000000	0	1	0.008850	0.395597	1.883133	0.695962	0.012821	0.000356	0.004274	background	5	AF_coil;hexamer_coil_fraction_ge_0.8;AF_rSASA_ge_0.25;hexamer_rSASA_ge_0.25;interprotomer_distance_gt_4.5A	False	False		variable	supports	False	False	unchanged; no decisive evolutionary rescue
237|238	237	F	238	D	HIGH_RISK	near_R_finger	False	0.0	0.0989	0.0404	0.0	4.4025	34.0515	92.74	False	33.2258	0.192308	1.000000	0.929355	0.000000	0.000000	0.000000	0.381021	1.852732	0.697719	0.012821	0.000000	0.000000	0	0.000000	0	0.406306	1.973295	0.709572	0.044248	0.000737	0.008850	0	0.000000	0	1	0.008850	0.384244	1.883133	0.698098	0.012821	0.000356	0.004274	background	5	AF_coil;hexamer_coil_fraction_ge_0.8;AF_rSASA_ge_0.25;hexamer_rSASA_ge_0.25;interprotomer_distance_gt_4.5A	False	False		variable	supports	False	False	unchanged; no decisive evolutionary rescue
238|239	238	D	239	L	HIGH_RISK	near_R_finger	False	0.0	0.1307	0.0713	0.0	4.7415	33.2312	92.74	False	35.7552	1.000000	1.000000	0.000000	0.000000	0.000000	0.000000	0.536652	2.257362	0.715291	0.064935	0.002137	0.025641	0	0.000000	0	0.551096	2.257407	0.723469	0.090090	0.003687	0.035398	0	0.000000	0	5	0.044248	0.542429	2.288023	0.715589	0.065217	0.002137	0.021368	background	4	AF_coil;hexamer_coil_fraction_ge_0.8;AF_rSASA_ge_0.25;hexamer_rSASA_ge_0.25	False	False		intermediate	remains unresolved	False	False	unchanged; no decisive evolutionary rescue
239|240	239	L	240	D	HIGH_RISK	near_R_finger	False	0.0	0.1307	0.0713	0.0	4.7415	33.2312	92.74	False	35.7552	1.000000	0.961538	0.000000	0.235193	0.000000	0.000000	0.719695	2.257362	0.666145	0.064935	0.002137	0.025641	0	0.000000	0	0.734081	2.257407	0.675850	0.090090	0.003687	0.035398	0	0.000000	0	5	0.044248	0.724959	2.288023	0.666664	0.065217	0.002137	0.021368	background	4	AF_coil;hexamer_coil_fraction_ge_0.8;AF_rSASA_ge_0.25;hexamer_rSASA_ge_0.25	False	False		variable	supports	False	False	unchanged; no decisive evolutionary rescue
240|241	240	D	241	I	CORE_CAUTION	A89_SF3_helicase_domain_by_PROSITE	False	0.0	0.0771	0.0475	0.0	9.7734	37.7914	92.74	False	48.2847	0.961538	0.987179	0.235193	0.098959	0.000000	0.000000	0.920176	2.405776	0.590291	0.064935	0.002137	0.025641	0	0.000000	0	0.938107	2.448323	0.602933	0.090090	0.003687	0.035398	0	0.000000	0	5	0.044248	0.929356	2.452760	0.590858	0.065217	0.002137	0.021368	background	4	AF_coil;hexamer_coil_fraction_ge_0.8;AF_rSASA_ge_0.25;hexamer_rSASA_ge_0.25	False	False		variable	supports	False	False	unchanged; no decisive evolutionary rescue
241|242	241	I	242	Q	CORE_CAUTION	A89_SF3_helicase_domain_by_PROSITE	False	0.0	0.1739	0.1293	0.0	9.7734	37.7914	92.74	False	53.8174	0.987179	0.064935	0.098959	1.852732	0.000000	0.000000	1.003155	2.405776	0.551829	0.064935	0.002137	0.025641	0	0.000000	0	1.029987	2.448323	0.563110	0.090090	0.003687	0.035398	0	0.000000	0	5	0.044248	1.012335	2.452760	0.552396	0.065217	0.002137	0.021368	background	4	AF_coil;hexamer_coil_fraction_ge_0.8;AF_rSASA_ge_0.25;hexamer_rSASA_ge_0.25	False	False		variable	supports	False	False	unchanged; no decisive evolutionary rescue
242|243	242	Q	243	V	CORE_CAUTION	A89_SF3_helicase_domain_by_PROSITE	False	0.0	0.1739	0.1293	0.0	9.8607	41.3696	92.74	False	53.8174	0.064935	0.987179	1.852732	0.098959	0.000000	0.000000	1.069206	2.405776	0.548624	0.064935	0.002137	0.025641	0	0.000000	0	1.090210	2.448323	0.557211	0.090090	0.003687	0.035398	0	0.000000	0	5	0.044248	1.077696	2.452760	0.548835	0.065217	0.002137	0.021368	background	4	AF_coil;hexamer_coil_fraction_ge_0.8;AF_rSASA_ge_0.25;hexamer_rSASA_ge_0.25	False	False		variable	supports	False	False	unchanged; no decisive evolutionary rescue
243|244	243	V	244	K	CORE_CAUTION	A89_SF3_helicase_domain_by_PROSITE	False	0.0	0.2949	0.3413	0.0	9.8607	41.3696	92.74	False	64.0858	0.987179	0.223684	0.098959	2.257362	0.000000	0.025641	1.249990	3.098773	0.536872	0.051282	0.002137	0.025641	32	0.410256	1:32	1.258212	3.105523	0.545411	0.070796	0.003687	0.035398	47	0.415929	1:47	5	0.044248	1.259196	3.107360	0.537083	0.051282	0.002137	0.021368	structural near-miss	2	AF_coil;hexamer_coil_fraction_ge_0.8	False	False		indel_signal	supports	False	False	new_outside_strict10_for_later_review; near-miss plus evolutionary variability
244|245	244	K	245	K	CORE_CAUTION	A89_SF3_helicase_domain_by_PROSITE	False	0.0	0.5974	0.5631	0.0	10.9934	46.0829	92.74	False	75.0	0.223684	0.410256	2.257362	2.196518	0.025641	0.000000	1.334710	3.098773	0.459949	0.051282	0.002137	0.025641	5	0.064103	1:5	1.345538	3.105523	0.472402	0.070796	0.003687	0.035398	5	0.044248	1:5	5	0.044248	1.343916	3.107360	0.460160	0.051282	0.002137	0.021368	structural near-miss	2	AF_coil;hexamer_coil_fraction_ge_0.8	False	False		indel_signal	supports	False	False	new_outside_strict10_for_later_review; near-miss plus evolutionary variability
245|246	245	K	246	E	CORE_CAUTION	A89_SF3_helicase_domain_by_PROSITE	False	0.0	0.5974	0.5631	0.0	10.9934	47.8755	92.74	False	75.0	0.410256	0.089744	2.196518	2.405776	0.000000	0.000000	1.342957	3.098773	0.458881	0.051282	0.002137	0.025641	0	0.000000	0	1.351627	3.105523	0.471665	0.070796	0.003687	0.035398	0	0.000000	0	5	0.044248	1.352163	3.107360	0.459091	0.051282	0.002137	0.021368	structural near-miss	2	AF_coil;hexamer_coil_fraction_ge_0.8	False	False		variable	supports	False	False	new_outside_strict10_for_later_review; near-miss plus evolutionary variability
246|247	246	E	247	Y	CORE_CAUTION	A89_SF3_helicase_domain_by_PROSITE	False	0.0	0.0949	0.0857	0.0	7.8559	44.7473	92.74	False	46.1277	0.089744	0.500000	2.405776	1.230941	0.000000	0.000000	1.351142	3.098773	0.457812	0.051282	0.002137	0.025641	0	0.000000	0	1.362262	3.105523	0.470190	0.070796	0.003687	0.035398	0	0.000000	0	5	0.044248	1.360348	3.107360	0.458023	0.051282	0.002137	0.021368	background	4	AF_coil;hexamer_coil_fraction_ge_0.8;AF_rSASA_ge_0.25;hexamer_rSASA_ge_0.25	False	False		variable	supports	False	False	unchanged; no decisive evolutionary rescue
247|248	247	Y	248	L	CORE_CAUTION	A89_SF3_helicase_domain_by_PROSITE	False	0.0	0.0949	0.0857	0.0	6.4791	42.9954	92.74	False	43.374	0.500000	0.166667	1.230941	1.524672	0.000000	0.000000	1.351142	3.098773	0.457812	0.051282	0.002137	0.025641	31	0.397436	1:31	1.366866	3.105523	0.469452	0.070796	0.003687	0.035398	43	0.380531	1:43	5	0.044248	1.360348	3.107360	0.458023	0.051282	0.002137	0.021368	background	4	AF_coil;hexamer_coil_fraction_ge_0.8;AF_rSASA_ge_0.25;hexamer_rSASA_ge_0.25	False	False		indel_signal	supports	False	False	unchanged; no decisive evolutionary rescue
248|249	248	L	249	L	CORE_CAUTION	A89_SF3_helicase_domain_by_PROSITE	False	0.0	0.3684	0.2957	0.2367	2.7159	42.1006	92.74	False	38.5174	0.166667	0.051282	1.524672	3.098773	0.000000	0.000000	1.282830	3.098773	0.475128	0.051282	0.002137	0.025641	0	0.000000	0	1.295612	3.105523	0.490963	0.070796	0.002950	0.035398	0	0.000000	0	4	0.035398	1.290580	3.107360	0.476127	0.051282	0.001781	0.021368	literature-rescue	4	AF_coil;hexamer_coil_fraction_ge_0.8;burial_lt_0.10;interprotomer_distance_gt_4.5A	False	True	Li/Baltimore PV insertion after 2C residue 255; A89 mapped literature-rescue track	variable	supports	True	True	literature-rescue retained; conservation variable; not promoted without functional/structure review
249|250	249	L	250	D	CORE_CAUTION	A89_SF3_helicase_domain_by_PROSITE	False	0.0	0.515	0.4661	0.2367	2.7159	40.5065	92.74	False	47.5763	0.051282	0.076923	3.098773	1.016637	0.000000	0.000000	1.365972	3.098773	0.399274	0.051282	0.002137	0.025641	0	0.000000	0	1.378918	3.105523	0.417217	0.070796	0.002950	0.035398	0	0.000000	0	4	0.035398	1.373722	3.107360	0.400273	0.051282	0.001781	0.021368	background	4	AF_coil;hexamer_coil_fraction_ge_0.8;burial_lt_0.10;interprotomer_distance_gt_4.5A	False	False		variable	supports	False	False	unchanged; no decisive evolutionary rescue
250|251	250	D	251	G	CORE_CAUTION	A89_SF3_helicase_domain_by_PROSITE	True	1.0	0.5506	0.5991	0.2355	2.8536	39.779	92.74	False	73.9299	0.076923	0.987179	1.016637	0.098959	0.000000	0.000000	1.376454	3.098773	0.395590	0.051282	0.000000	0.000000	1	0.012821	2:1	1.376072	3.105523	0.416594	0.070796	0.000000	0.000000	3	0.026549	2:3	0	0.000000	1.381135	3.107360	0.396671	0.051282	0.000000	0.000000	structural near-miss	2	burial_lt_0.10;interprotomer_distance_gt_4.5A	False	False		indel_signal	supports	False	False	new_outside_strict10_for_later_review; near-miss plus evolutionary variability
251|252	251	G	252	K	CORE_CAUTION	A89_SF3_helicase_domain_by_PROSITE	False	0.0	0.2596	0.2354	0.2355	2.8536	39.779	92.74	False	43.2616	0.987179	0.948718	0.098959	0.333422	0.000000	0.000000	1.337907	3.098773	0.387043	0.051282	0.000000	0.000000	0	0.000000	0	1.338673	3.105523	0.409641	0.070796	0.000000	0.000000	0	0.000000	0	0	0.000000	1.343102	3.107360	0.387903	0.051282	0.000000	0.000000	background	5	AF_coil;hexamer_coil_fraction_ge_0.8;hexamer_rSASA_ge_0.25;burial_lt_0.10;interprotomer_distance_gt_4.5A	False	False		variable	supports	False	False	unchanged; no decisive evolutionary rescue
252|253	252	K	253	L	CORE_CAUTION	A89_SF3_helicase_domain_by_PROSITE	False	0.0	0.1602	0.1536	0.0	3.8343	38.9928	92.74	False	42.4652	0.948718	0.987179	0.333422	0.098959	0.000000	0.000000	1.198431	3.098773	0.396659	0.051282	0.000000	0.000000	0	0.000000	0	1.201959	3.105523	0.419873	0.070796	0.000000	0.000000	0	0.000000	0	0	0.000000	1.199710	3.107360	0.397471	0.051282	0.000000	0.000000	background	5	AF_coil;hexamer_coil_fraction_ge_0.8;AF_rSASA_ge_0.25;hexamer_rSASA_ge_0.25;interprotomer_distance_gt_4.5A	False	False		variable	supports	False	False	unchanged; no decisive evolutionary rescue
253|254	253	L	254	D	CORE_CAUTION	A89_SF3_helicase_domain_by_PROSITE	False	0.0	0.1602	0.1536	0.0	3.8343	38.9928	92.74	False	42.4652	0.987179	0.272727	0.098959	1.032987	0.000000	0.000000	1.158887	3.098773	0.420163	0.051282	0.000000	0.000000	0	0.000000	0	1.149800	3.105523	0.447897	0.070796	0.000000	0.000000	0	0.000000	0	0	0.000000	1.160166	3.107360	0.420975	0.051282	0.000000	0.000000	background	5	AF_coil;hexamer_coil_fraction_ge_0.8;AF_rSASA_ge_0.25;hexamer_rSASA_ge_0.25;interprotomer_distance_gt_4.5A	False	False		variable	supports	False	False	unchanged; no decisive evolutionary rescue
254|255	254	D	255	I	HIGH_RISK	ATPase-to-Zn/Cys-rich_transition	False	0.0	0.0786	0.0712	0.0	4.4529	38.4185	92.74	False	35.0181	0.272727	0.076923	1.032987	1.096663	0.000000	0.000000	1.151725	3.098773	0.426573	0.051282	0.000000	0.000000	0	0.000000	0	1.146848	3.105523	0.456746	0.070796	0.000000	0.000000	0	0.000000	0	0	0.000000	1.152896	3.107360	0.426673	0.051282	0.000000	0.000000	background	5	AF_coil;hexamer_coil_fraction_ge_0.8;AF_rSASA_ge_0.25;hexamer_rSASA_ge_0.25;interprotomer_distance_gt_4.5A	False	False		variable	supports	False	False	unchanged; no decisive evolutionary rescue
255|256	255	I	256	A	HIGH_RISK	ATPase-to-Zn/Cys-rich_transition	False	0.0	0.0786	0.0712	0.0	4.4529	38.4185	92.74	False	35.0181	0.076923	0.179487	1.096663	2.383142	0.000000	0.000000	0.936250	2.383142	0.498154	0.076923	0.000000	0.000000	1	0.012821	2:1	0.923581	2.223261	0.528280	0.106195	0.000000	0.000000	2	0.017699	2:2	0	0.000000	0.936706	2.376977	0.498254	0.076923	0.000000	0.000000	background	5	AF_coil;hexamer_coil_fraction_ge_0.8;AF_rSASA_ge_0.25;hexamer_rSASA_ge_0.25;interprotomer_distance_gt_4.5A	False	False		indel_signal	supports	False	False	unchanged; no decisive evolutionary rescue
256|257	256	A	257	K	HIGH_RISK	ATPase-to-Zn/Cys-rich_transition	False	0.0	0.1356	0.1216	0.0	4.4785	39.8044	92.74	False	38.6539	0.179487	0.307692	2.383142	1.733956	0.000000	0.000000	0.851531	2.383142	0.575078	0.076923	0.000000	0.000000	0	0.000000	0	0.836256	2.223261	0.601289	0.106195	0.000000	0.000000	0	0.000000	0	0	0.000000	0.851986	2.376977	0.575177	0.076923	0.000000	0.000000	literature-rescue	5	AF_coil;hexamer_coil_fraction_ge_0.8;AF_rSASA_ge_0.25;hexamer_rSASA_ge_0.25;interprotomer_distance_gt_4.5A	False	True	Li/Baltimore PV insertion after 2C residue 263; A89 mapped literature-rescue track	variable	supports	True	True	literature-rescue retained; conservation variable; not promoted without functional/structure review
257|258	257	K	258	S	HIGH_RISK	ATPase-to-Zn/Cys-rich_transition	False	0.0	0.1356	0.1216	0.0	4.4785	39.8044	92.74	False	38.6539	0.307692	0.205128	1.733956	0.732067	0.000000	0.000000	0.891668	2.383142	0.566484	0.076923	0.009615	0.115385	0	0.000000	0	0.877454	2.223261	0.592318	0.106195	0.007375	0.088496	0	0.000000	0	10	0.088496	0.890201	2.376977	0.567187	0.076923	0.009615	0.115385	background	5	AF_coil;hexamer_coil_fraction_ge_0.8;AF_rSASA_ge_0.25;hexamer_rSASA_ge_0.25;interprotomer_distance_gt_4.5A	False	False		indel_signal	supports	False	False	unchanged; no decisive evolutionary rescue
258|259	258	S	259	F	HIGH_RISK	ATPase-to-Zn/Cys-rich_transition	True	0.8333	0.2922	0.0999	0.7196	2.7598	39.7959	92.74	False	51.4495	0.205128	0.782051	0.732067	0.756404	0.000000	0.000000	0.992500	2.383142	0.545866	0.076923	0.010684	0.115385	0	0.000000	0	0.973872	2.223261	0.573684	0.106195	0.008112	0.088496	0	0.000000	0	11	0.097345	0.992408	2.376977	0.546028	0.076923	0.010684	0.115385	background	3	hexamer_rSASA_ge_0.25;burial_lt_0.10;interprotomer_distance_gt_4.5A	False	False		indel_signal	supports	False	False	unchanged; no decisive evolutionary rescue
259|260	259	F	260	R	HIGH_RISK	ATPase-to-Zn/Cys-rich_transition	True	0.8333	0.2922	0.0999	0.7196	2.7598	39.7959	92.74	False	51.4495	0.782051	0.243590	0.756404	1.438735	0.000000	0.000000	1.123730	2.383142	0.487250	0.076923	0.013889	0.115385	0	0.000000	0	1.091142	2.223261	0.520113	0.106195	0.010325	0.088496	0	0.000000	0	14	0.123894	1.120386	2.376977	0.487412	0.076923	0.013889	0.115385	background	3	hexamer_rSASA_ge_0.25;burial_lt_0.10;interprotomer_distance_gt_4.5A	False	False		indel_signal	supports	False	False	unchanged; no decisive evolutionary rescue
260|261	260	R	261	P	HIGH_RISK	ATPase-to-Zn/Cys-rich_transition;near_Zn-coordination_sites	False	0.0	0.133	0.1148	0.8064	2.6675	39.3314	92.74	False	24.6742	0.243590	0.910256	1.438735	0.513073	0.000000	0.000000	1.258087	2.645279	0.469864	0.064103	0.013889	0.115385	0	0.000000	0	1.215033	2.604927	0.496257	0.061947	0.010325	0.088496	0	0.000000	0	14	0.123894	1.251748	2.622255	0.468574	0.056410	0.013889	0.115385	background	6	AF_coil;hexamer_coil_fraction_ge_0.8;AF_rSASA_ge_0.25;hexamer_rSASA_ge_0.25;burial_lt_0.10;interprotomer_distance_gt_4.5A	False	False		indel_signal	supports	False	False	unchanged; no decisive evolutionary rescue
261|262	261	P	262	C	EXCLUDE	A89_Zn-binding_C262_by_similarity	False	0.0	0.133	0.1148	0.8064	2.6675	39.3314	92.74	False	24.6742	0.910256	1.000000	0.513073	0.000000	0.000000	0.000000	1.181035	2.645279	0.544651	0.064103	0.013889	0.115385	0	0.000000	0	1.136331	2.604927	0.569266	0.061947	0.010325	0.088496	0	0.000000	0	14	0.123894	1.174696	2.622255	0.543360	0.056410	0.013889	0.115385	background	6	AF_coil;hexamer_coil_fraction_ge_0.8;AF_rSASA_ge_0.25;hexamer_rSASA_ge_0.25;burial_lt_0.10;interprotomer_distance_gt_4.5A	False	False		indel_signal	weakens	False	True	decreased_or_excluded; hard functional feature dominates conservation
262|263	262	C	263	D	EXCLUDE	A89_Zn-binding_C262_by_similarity	False	0.0	0.0357	0.0205	0.0	4.2678	38.7756	92.74	False	31.2726	1.000000	0.884058	0.000000	0.580605	0.000000	0.115385	1.031350	2.645279	0.601274	0.064103	0.013889	0.115385	0	0.000000	0	0.989437	2.604927	0.627526	0.061947	0.010325	0.088496	0	0.000000	0	14	0.123894	1.025525	2.622255	0.599984	0.056410	0.013889	0.115385	background	5	AF_coil;hexamer_coil_fraction_ge_0.8;AF_rSASA_ge_0.25;hexamer_rSASA_ge_0.25;interprotomer_distance_gt_4.5A	False	False		indel_signal	weakens	False	True	decreased_or_excluded; hard functional feature dominates conservation
263|264	263	D	264	V	HIGH_RISK	ATPase-to-Zn/Cys-rich_transition;near_Zn-coordination_sites	False	0.0	0.0357	0.0205	0.0	4.2678	38.7756	92.74	False	31.2726	0.884058	0.701299	0.580605	1.543415	0.115385	0.012821	0.886854	2.645279	0.658967	0.064103	0.013889	0.115385	0	0.000000	0	0.843852	2.604927	0.682098	0.061947	0.010325	0.088496	0	0.000000	0	14	0.123894	0.881028	2.622255	0.657676	0.056410	0.013889	0.115385	background	5	AF_coil;hexamer_coil_fraction_ge_0.8;AF_rSASA_ge_0.25;hexamer_rSASA_ge_0.25;interprotomer_distance_gt_4.5A	False	False		indel_signal	supports	False	False	unchanged; no decisive evolutionary rescue
264|265	264	V	265	N	HIGH_RISK	ATPase-to-Zn/Cys-rich_transition;near_Zn-coordination_sites	False	0.0	0.097	0.0851	0.0	4.3074	37.1881	92.74	False	35.2446	0.701299	0.283784	1.543415	1.673709	0.012821	0.038462	0.834095	2.645279	0.724138	0.064103	0.013889	0.115385	0	0.000000	0	0.782628	2.604927	0.744045	0.061947	0.010325	0.088496	0	0.000000	0	14	0.123894	0.828269	2.622255	0.722847	0.056410	0.013889	0.115385	background	5	AF_coil;hexamer_coil_fraction_ge_0.8;AF_rSASA_ge_0.25;hexamer_rSASA_ge_0.25;interprotomer_distance_gt_4.5A	False	False		indel_signal	supports	False	False	unchanged; no decisive evolutionary rescue
265|266	265	N	266	I	HIGH_RISK	ATPase-to-Zn/Cys-rich_transition;near_Zn-coordination_sites	False	0.0	0.097	0.0851	0.0	4.3074	37.1881	92.74	False	35.2446	0.283784	0.064103	1.673709	2.645279	0.038462	0.000000	0.771061	2.645279	0.742300	0.064103	0.013889	0.115385	0	0.000000	0	0.728175	2.604927	0.758057	0.061947	0.010325	0.088496	0	0.000000	0	14	0.123894	0.765236	2.622255	0.741009	0.056410	0.013889	0.115385	background	5	AF_coil;hexamer_coil_fraction_ge_0.8;AF_rSASA_ge_0.25;hexamer_rSASA_ge_0.25;interprotomer_distance_gt_4.5A	False	False		indel_signal	supports	False	False	unchanged; no decisive evolutionary rescue
266|267	266	I	267	K	HIGH_RISK	ATPase-to-Zn/Cys-rich_transition;near_Zn-coordination_sites	False	0.0	0.0759	0.0666	0.0	4.5798	37.8456	92.74	False	34.3075	0.064103	0.974359	2.645279	0.172037	0.000000	0.000000	0.740721	2.645279	0.757715	0.064103	0.013889	0.115385	0	0.000000	0	0.693478	2.604927	0.775374	0.061947	0.010325	0.088496	0	0.000000	0	14	0.123894	0.735199	2.622255	0.757678	0.056410	0.013889	0.115385	background	4	AF_coil;hexamer_coil_fraction_ge_0.8;AF_rSASA_ge_0.25;hexamer_rSASA_ge_0.25	False	False		indel_signal	supports	False	False	unchanged; no decisive evolutionary rescue
267|268	267	K	268	I	HIGH_RISK	ATPase-to-Zn/Cys-rich_transition;near_Zn-coordination_sites	False	0.0	0.0759	0.0666	0.0	4.5798	37.8456	92.74	False	34.3075	0.974359	0.858974	0.172037	0.586919	0.000000	0.000000	0.697965	2.645279	0.765194	0.064103	0.013889	0.115385	0	0.000000	0	0.657951	2.604927	0.781274	0.061947	0.010325	0.088496	0	0.000000	0	14	0.123894	0.692443	2.622255	0.765157	0.056410	0.013889	0.115385	background	4	AF_coil;hexamer_coil_fraction_ge_0.8;AF_rSASA_ge_0.25;hexamer_rSASA_ge_0.25	False	False		indel_signal	supports	False	False	unchanged; no decisive evolutionary rescue
268|269	268	I	269	G	HIGH_RISK	ATPase-to-Zn/Cys-rich_transition;near_Zn-coordination_sites	False	0.0	0.0798	0.0712	0.0	4.5798	38.9597	92.74	False	34.6427	0.858974	1.000000	0.586919	0.000000	0.000000	0.000000	0.697965	2.645279	0.765194	0.064103	0.013889	0.115385	0	0.000000	0	0.657951	2.604927	0.781274	0.061947	0.010325	0.088496	0	0.000000	0	14	0.123894	0.692443	2.622255	0.765157	0.056410	0.013889	0.115385	background	4	AF_coil;hexamer_coil_fraction_ge_0.8;AF_rSASA_ge_0.25;hexamer_rSASA_ge_0.25	False	False		indel_signal	supports	False	False	unchanged; no decisive evolutionary rescue
269|270	269	G	270	N	HIGH_RISK	ATPase-to-Zn/Cys-rich_transition;near_Zn-coordination_sites	False	0.0	0.0798	0.0712	0.0	4.5798	38.9597	92.74	False	34.6427	1.000000	0.987179	0.000000	0.098959	0.000000	0.000000	0.649581	2.645279	0.774856	0.064103	0.004274	0.038462	0	0.000000	0	0.610664	2.604927	0.790982	0.061947	0.002950	0.026549	0	0.000000	0	4	0.035398	0.645981	2.622255	0.774215	0.056410	0.004274	0.038462	background	4	AF_coil;hexamer_coil_fraction_ge_0.8;AF_rSASA_ge_0.25;hexamer_rSASA_ge_0.25	False	False		intermediate	remains unresolved	False	False	unchanged; no decisive evolutionary rescue
270|271	270	N	271	A	HIGH_RISK	ATPase-to-Zn/Cys-rich_transition;near_Zn-coordination_sites	False	0.0	0.0665	0.0579	0.0	4.944	39.2216	92.74	False	34.2051	0.987179	1.000000	0.098959	0.000000	0.000000	0.000000	0.581968	2.645279	0.782653	0.064103	0.003205	0.038462	0	0.000000	0	0.539792	2.604927	0.800767	0.061947	0.002212	0.026549	0	0.000000	0	3	0.026549	0.576995	2.622255	0.782554	0.056410	0.003205	0.038462	background	4	AF_coil;hexamer_coil_fraction_ge_0.8;AF_rSASA_ge_0.25;hexamer_rSASA_ge_0.25	False	False		intermediate	remains unresolved	False	False	unchanged; no decisive evolutionary rescue
271|272	271	A	272	K	HIGH_RISK	ATPase-to-Zn/Cys-rich_transition;near_Zn-coordination_sites	False	0.0	0.0665	0.0579	0.0	4.944	39.2216	92.74	False	34.2051	1.000000	0.428571	0.000000	1.074652	0.000000	0.000000	0.494108	2.645279	0.829518	0.064103	0.000000	0.000000	0	0.000000	0	0.471093	2.604927	0.839589	0.061947	0.000000	0.000000	0	0.000000	0	0	0.000000	0.492385	2.622255	0.829418	0.056410	0.000000	0.000000	background	4	AF_coil;hexamer_coil_fraction_ge_0.8;AF_rSASA_ge_0.25;hexamer_rSASA_ge_0.25	False	False		intermediate	remains unresolved	False	False	unchanged; no decisive evolutionary rescue
272|273	272	K	273	C	EXCLUDE	A89_Zn-binding_C273_by_similarity	False	0.0	0.0597	0.0524	0.0	4.9487	39.2216	92.74	False	33.8074	0.428571	1.000000	1.074652	0.000000	0.000000	0.000000	0.273668	1.074652	0.907509	0.428571	0.000000	0.000000	0	0.000000	0	0.254016	1.064153	0.917760	0.482143	0.000000	0.000000	0	0.000000	0	0	0.000000	0.273864	1.077006	0.908050	0.435065	0.000000	0.000000	background	4	AF_coil;hexamer_coil_fraction_ge_0.8;AF_rSASA_ge_0.25;hexamer_rSASA_ge_0.25	False	False		conserved	weakens	False	False	decreased_or_excluded; hard functional feature dominates conservation
273|274	273	C	274	C	EXCLUDE	A89_Zn-binding_C273_by_similarity	False	0.0	0.0597	0.0524	0.0	4.9487	40.092	92.74	False	33.8074	1.000000	1.000000	0.000000	0.000000	0.000000	0.000000	0.259332	1.074652	0.909646	0.428571	0.000000	0.000000	0	0.000000	0	0.243322	1.064153	0.919235	0.482143	0.000000	0.000000	0	0.000000	0	0	0.000000	0.259528	1.077006	0.910187	0.435065	0.000000	0.000000	background	4	AF_coil;hexamer_coil_fraction_ge_0.8;AF_rSASA_ge_0.25;hexamer_rSASA_ge_0.25	False	False		conserved	weakens	False	False	decreased_or_excluded; hard functional feature dominates conservation
274|275	274	C	275	P	HIGH_RISK	ATPase-to-Zn/Cys-rich_transition;near_Zn-coordination_sites	False	0.0	0.1007	0.0902	0.0	5.1421	40.092	92.74	False	36.7887	1.000000	1.000000	0.000000	0.000000	0.000000	0.000000	0.224758	1.074652	0.919261	0.428571	0.000000	0.000000	0	0.000000	0	0.215715	1.064153	0.925859	0.482143	0.000000	0.000000	0	0.000000	0	0	0.000000	0.225026	1.077006	0.919789	0.435065	0.000000	0.000000	background	4	AF_coil;hexamer_coil_fraction_ge_0.8;AF_rSASA_ge_0.25;hexamer_rSASA_ge_0.25	False	False		conserved	weakens	False	False	decreased; conserved local window
275|276	275	P	276	F	HIGH_RISK	ATPase-to-Zn/Cys-rich_transition;near_Zn-coordination_sites	False	0.0	0.1007	0.0902	0.0	5.1421	40.092	92.74	False	36.7887	1.000000	0.794872	0.000000	0.732067	0.000000	0.000000	0.224758	1.074652	0.919261	0.428571	0.000000	0.000000	0	0.000000	0	0.215715	1.064153	0.925859	0.482143	0.000000	0.000000	0	0.000000	0	0	0.000000	0.225026	1.077006	0.919789	0.435065	0.000000	0.000000	background	4	AF_coil;hexamer_coil_fraction_ge_0.8;AF_rSASA_ge_0.25;hexamer_rSASA_ge_0.25	False	False		conserved	weakens	False	False	decreased; conserved local window
276|277	276	F	277	I	HIGH_RISK	ATPase-to-Zn/Cys-rich_transition;near_Zn-coordination_sites	False	0.0	0.0872	0.077	0.0	5.1421	39.9678	92.74	False	35.8521	0.794872	0.846154	0.732067	0.619382	0.000000	0.000000	0.276393	1.074652	0.909646	0.428571	0.000000	0.000000	0	0.000000	0	0.258729	1.064153	0.918484	0.482143	0.000000	0.000000	0	0.000000	0	0	0.000000	0.273170	1.077006	0.910708	0.435065	0.000000	0.000000	background	4	AF_coil;hexamer_coil_fraction_ge_0.8;AF_rSASA_ge_0.25;hexamer_rSASA_ge_0.25	False	False		conserved	weakens	False	False	decreased; conserved local window
277|278	277	I	278	C	EXCLUDE	A89_Zn-binding_C278_by_similarity	False	0.0	0.0872	0.077	0.0	5.1421	39.9678	92.74	False	35.8521	0.846154	1.000000	0.619382	0.000000	0.000000	0.000000	0.515990	2.875162	0.831724	0.064935	0.000000	0.000000	0	0.000000	0	0.492423	2.804335	0.842591	0.089286	0.000000	0.000000	0	0.000000	0	0	0.000000	0.513051	2.878573	0.832785	0.064935	0.000000	0.000000	background	4	AF_coil;hexamer_coil_fraction_ge_0.8;AF_rSASA_ge_0.25;hexamer_rSASA_ge_0.25	False	False		intermediate	weakens	False	False	decreased_or_excluded; hard functional feature dominates conservation
278|279	278	C	279	G	EXCLUDE	A89_Zn-binding_C278_by_similarity	False	0.0	0.076	0.071	0.0	5.2458	40.1007	92.74	False	35.3779	1.000000	1.000000	0.000000	0.000000	0.000000	0.000000	0.426436	2.875162	0.879343	0.064935	0.000000	0.000000	0	0.000000	0	0.403744	2.804335	0.885746	0.089286	0.000000	0.000000	0	0.000000	0	0	0.000000	0.423301	2.878573	0.879863	0.064935	0.000000	0.000000	background	4	AF_coil;hexamer_coil_fraction_ge_0.8;AF_rSASA_ge_0.25;hexamer_rSASA_ge_0.25	False	False		intermediate	weakens	False	False	decreased_or_excluded; hard functional feature dominates conservation
279|280	279	G	280	K	HIGH_RISK	ATPase-to-Zn/Cys-rich_transition;near_Zn-coordination_sites	False	0.0	0.1437	0.1326	0.0	5.2458	40.1007	92.74	False	39.9152	1.000000	0.974359	0.000000	0.172037	0.000000	0.000000	0.535179	2.875162	0.840881	0.064935	0.000000	0.000000	0	0.000000	0	0.502195	2.804335	0.854035	0.089286	0.000000	0.000000	0	0.000000	0	0	0.000000	0.532045	2.878573	0.841402	0.064935	0.000000	0.000000	background	4	AF_coil;hexamer_coil_fraction_ge_0.8;AF_rSASA_ge_0.25;hexamer_rSASA_ge_0.25	False	False		intermediate	remains unresolved	False	False	unchanged; no decisive evolutionary rescue
280|281	280	K	281	A	HIGH_RISK	ATPase-to-Zn/Cys-rich_transition;near_Zn-coordination_sites	False	0.0	0.1437	0.1326	0.0	5.2458	40.1007	92.74	False	39.9152	0.974359	1.000000	0.172037	0.000000	0.000000	0.000000	0.554779	2.875162	0.837676	0.064935	0.000000	0.000000	0	0.000000	0	0.516926	2.804335	0.851823	0.089286	0.000000	0.000000	0	0.000000	0	0	0.000000	0.551644	2.878573	0.838197	0.064935	0.000000	0.000000	background	4	AF_coil;hexamer_coil_fraction_ge_0.8;AF_rSASA_ge_0.25;hexamer_rSASA_ge_0.25	False	False		intermediate	remains unresolved	False	False	unchanged; no decisive evolutionary rescue
281|282	281	A	282	V	HIGH_RISK	ATPase-to-Zn/Cys-rich_transition;near_Zn-coordination_sites	False	0.0	0.1743	0.1583	0.0	5.2178	39.0737	92.74	False	41.8442	1.000000	0.871795	0.000000	0.718580	0.000000	0.000000	0.554779	2.875162	0.837676	0.064935	0.000000	0.000000	0	0.000000	0	0.516926	2.804335	0.851823	0.089286	0.000000	0.000000	0	0.000000	0	0	0.000000	0.551644	2.878573	0.838197	0.064935	0.000000	0.000000	background	4	AF_coil;hexamer_coil_fraction_ge_0.8;AF_rSASA_ge_0.25;hexamer_rSASA_ge_0.25	False	False		intermediate	remains unresolved	False	False	unchanged; no decisive evolutionary rescue
282|283	282	V	283	E	HIGH_RISK	ATPase-to-Zn/Cys-rich_transition;near_Zn-coordination_sites	False	0.0	0.1743	0.1583	0.0	5.2178	39.0737	92.74	False	41.8442	0.871795	0.064935	0.718580	2.875162	0.000000	0.000000	0.534400	2.875162	0.848360	0.064935	0.000000	0.000000	0	0.000000	0	0.510497	2.804335	0.856985	0.089286	0.000000	0.000000	0	0.000000	0	0	0.000000	0.531265	2.878573	0.848880	0.064935	0.000000	0.000000	background	4	AF_coil;hexamer_coil_fraction_ge_0.8;AF_rSASA_ge_0.25;hexamer_rSASA_ge_0.25	False	False		intermediate	remains unresolved	False	False	unchanged; no decisive evolutionary rescue
283|284	283	E	284	F	HIGH_RISK	ATPase-to-Zn/Cys-rich_transition	False	0.0	0.1894	0.1727	0.0	5.3876	39.8314	92.74	False	42.8966	0.064935	1.000000	2.875162	0.000000	0.000000	0.000000	0.566790	2.875162	0.786394	0.064935	0.000000	0.000000	0	0.000000	0	0.530744	2.804335	0.800200	0.089286	0.000000	0.000000	0	0.000000	0	0	0.000000	0.562075	2.878573	0.786380	0.064935	0.000000	0.000000	background	4	AF_coil;hexamer_coil_fraction_ge_0.8;AF_rSASA_ge_0.25;hexamer_rSASA_ge_0.25	False	False		intermediate	remains unresolved	False	False	unchanged; no decisive evolutionary rescue
284|285	284	F	285	K	HIGH_RISK	ATPase-to-Zn/Cys-rich_transition	False	0.0	0.1894	0.1727	0.0	5.3876	39.8314	92.74	False	42.8966	1.000000	0.538462	0.000000	1.304924	0.000000	0.000000	0.641664	2.875162	0.769300	0.064935	0.000000	0.000000	0	0.000000	0	0.591524	2.804335	0.787663	0.089286	0.000000	0.000000	0	0.000000	0	0	0.000000	0.636948	2.878573	0.769286	0.064935	0.000000	0.000000	background	4	AF_coil;hexamer_coil_fraction_ge_0.8;AF_rSASA_ge_0.25;hexamer_rSASA_ge_0.25	False	False		intermediate	remains unresolved	False	False	unchanged; no decisive evolutionary rescue
285|286	285	K	286	D	HIGH_RISK	ATPase-to-Zn/Cys-rich_transition	False	0.0	0.2599	0.2415	0.0	5.3876	37.7317	92.74	False	47.639	0.538462	0.961538	1.304924	0.235193	0.000000	0.000000	0.847111	2.875162	0.689256	0.039474	0.000000	0.000000	0	0.000000	0	0.808376	2.804335	0.710336	0.072072	0.000000	0.000000	0	0.000000	0	0	0.000000	0.846347	2.878573	0.689243	0.039474	0.000000	0.000000	background	3	AF_coil;hexamer_coil_fraction_ge_0.8;hexamer_rSASA_ge_0.25	False	False		variable	supports	False	False	unchanged; no decisive evolutionary rescue
286|287	286	D	287	R	HIGH_RISK	ATPase-to-Zn/Cys-rich_transition	False	0.0	0.2599	0.2415	0.0	5.3876	37.7317	92.74	False	47.639	0.961538	1.000000	0.235193	0.000000	0.000000	0.000000	1.055701	2.875162	0.641179	0.039474	0.000000	0.000000	0	0.000000	0	1.003998	2.804335	0.667576	0.072072	0.000000	0.000000	0	0.000000	0	0	0.000000	1.054865	2.878573	0.641179	0.039474	0.000000	0.000000	background	3	AF_coil;hexamer_coil_fraction_ge_0.8;hexamer_rSASA_ge_0.25	False	False		variable	supports	False	False	unchanged; no decisive evolutionary rescue
287|288	287	R	288	N	HIGH_RISK	ATPase-to-Zn/Cys-rich_transition	True	1.0	0.267	0.2731	0.0	7.9786	35.3549	92.74	True	82.1624	1.000000	0.923077	0.000000	0.487523	0.000000	0.000000	1.131928	2.875162	0.579214	0.039474	0.000000	0.000000	0	0.000000	0	1.074655	2.804335	0.603417	0.072072	0.000000	0.000000	0	0.000000	0	0	0.000000	1.131091	2.878573	0.579214	0.039474	0.000000	0.000000	strict structural pass	0	none	False	False		variable	supports	True	True	increased_for_later_review; structural geometry plus evolutionary variability
288|289	288	N	289	S	HIGH_RISK	ATPase-to-Zn/Cys-rich_transition	True	1.0	0.3962	0.4604	0.0	7.9786	40.4833	92.74	True	91.6544	0.923077	0.102564	0.487523	1.008060	0.000000	0.000000	1.191299	2.875162	0.541820	0.039474	0.000000	0.000000	0	0.000000	0	1.138743	2.804335	0.562856	0.072072	0.000000	0.000000	0	0.000000	0	0	0.000000	1.193953	2.878573	0.541286	0.039474	0.000000	0.000000	strict structural pass	0	none	False	False		variable	supports	True	True	increased_for_later_review; structural geometry plus evolutionary variability
289|290	289	S	290	C	HIGH_RISK	ATPase-to-Zn/Cys-rich_transition	True	1.0	0.3962	0.4604	0.0	11.4114	45.2192	92.74	True	95.6973	0.102564	0.794872	1.008060	0.898483	0.000000	0.000000	0.951702	2.675121	0.619742	0.039474	0.000000	0.000000	0	0.000000	0	0.905049	2.602215	0.638749	0.072072	0.000000	0.000000	0	0.000000	0	0	0.000000	0.954072	2.675121	0.619208	0.039474	0.000000	0.000000	strict structural pass	0	none	False	False		variable	supports	True	True	increased_for_later_review; structural geometry plus evolutionary variability
290|291	290	C	291	T	HIGH_RISK	ATPase-to-Zn/Cys-rich_transition;C-terminal_bundle/RNA-binding_transition	True	1.0	0.3655	0.3894	0.0	14.077	46.0877	92.74	True	92.6465	0.794872	0.039474	0.898483	2.465368	0.000000	0.000000	1.060843	2.675121	0.571666	0.039474	0.000000	0.000000	0	0.000000	0	1.016706	2.602215	0.590814	0.072072	0.000000	0.000000	0	0.000000	0	0	0.000000	1.063213	2.675121	0.571131	0.039474	0.000000	0.000000	strict structural pass	0	none	False	False		variable	supports	True	True	increased_for_later_review; structural geometry plus evolutionary variability
291|292	291	T	292	T	HIGH_RISK	C-terminal_bundle/RNA-binding_transition	False	0.0	0.3655	0.3894	0.0	14.077	46.0877	92.74	False	72.6465	0.039474	0.397436	2.465368	2.675121	0.000000	0.000000	1.033437	2.675121	0.590896	0.039474	0.000000	0.000000	0	0.000000	0	0.993295	2.602215	0.606156	0.072072	0.000000	0.000000	0	0.000000	0	0	0.000000	1.038008	2.675121	0.589700	0.039474	0.000000	0.000000	structural near-miss	2	AF_coil;hexamer_coil_fraction_ge_0.8	False	False		variable	supports	False	False	new_outside_strict10_for_later_review; near-miss plus evolutionary variability
292|293	292	T	293	L	HIGH_RISK	C-terminal_bundle/RNA-binding_transition	False	0.0	0.2538	0.2928	0.0	13.017	45.529	92.74	False	62.8681	0.397436	0.256410	2.675121	0.914719	0.000000	0.000000	1.120192	2.675121	0.516110	0.039474	0.000000	0.000000	0	0.000000	0	1.090470	2.602215	0.532410	0.072072	0.000000	0.000000	0	0.000000	0	0	0.000000	1.124763	2.675121	0.514914	0.039474	0.000000	0.000000	structural near-miss	2	AF_coil;hexamer_coil_fraction_ge_0.8	False	False		variable	supports	False	False	new_outside_strict10_for_later_review; near-miss plus evolutionary variability
293|294	293	L	294	S	HIGH_RISK	C-terminal_bundle/RNA-binding_transition	False	0.0	0.2538	0.2928	0.0	13.017	45.529	92.74	False	62.8681	0.256410	0.423077	0.914719	1.431029	0.000000	0.000000	1.120192	2.675121	0.516110	0.039474	0.000000	0.000000	0	0.000000	0	1.090470	2.602215	0.532410	0.072072	0.000000	0.000000	0	0.000000	0	0	0.000000	1.124763	2.675121	0.514914	0.039474	0.000000	0.000000	structural near-miss	2	AF_coil;hexamer_coil_fraction_ge_0.8	False	False		variable	supports	False	False	new_outside_strict10_for_later_review; near-miss plus evolutionary variability
294|295	294	S	295	L	HIGH_RISK	C-terminal_bundle/RNA-binding_transition	False	0.0	0.2481	0.2812	0.0	12.3016	44.5245	92.74	False	61.8269	0.423077	1.000000	1.431029	0.000000	0.000000	0.000000	1.096038	2.675121	0.440255	0.012821	0.000000	0.000000	0	0.000000	0	1.084470	2.602215	0.461613	0.061947	0.000000	0.000000	0	0.000000	0	0	0.000000	1.104770	2.675121	0.439772	0.021368	0.000000	0.000000	background	3	AF_coil;hexamer_coil_fraction_ge_0.8;AF_rSASA_ge_0.25	False	False		variable	supports	False	False	unchanged; no decisive evolutionary rescue
295|296	295	L	296	S	HIGH_RISK	C-terminal_bundle/RNA-binding_transition	False	0.0	0.2386	0.2675	0.0	12.3016	44.5245	92.74	False	61.0821	1.000000	0.423077	0.000000	1.309691	0.000000	0.000000	1.253508	2.897698	0.442392	0.012821	0.000000	0.000000	0	0.000000	0	1.243374	2.860985	0.465301	0.061947	0.000000	0.000000	0	0.000000	0	0	0.000000	1.264093	2.900969	0.442443	0.021368	0.000000	0.000000	background	3	AF_coil;hexamer_coil_fraction_ge_0.8;AF_rSASA_ge_0.25	False	False		variable	supports	False	False	unchanged; no decisive evolutionary rescue
296|297	296	S	297	Q	HIGH_RISK	C-terminal_bundle/RNA-binding_transition	False	0.0	0.2386	0.2675	0.0	11.9456	43.7828	92.74	False	60.7854	0.423077	0.769231	1.309691	0.976059	0.000000	0.000000	1.238583	2.897698	0.446666	0.012821	0.000000	0.000000	0	0.000000	0	1.243940	2.860985	0.464563	0.061947	0.000000	0.000000	0	0.000000	0	0	0.000000	1.251771	2.900969	0.446182	0.021368	0.000000	0.000000	background	3	AF_coil;hexamer_coil_fraction_ge_0.8;AF_rSASA_ge_0.25	False	False		variable	supports	False	False	unchanged; no decisive evolutionary rescue
297|298	297	Q	298	L	HIGH_RISK	C-terminal_bundle/RNA-binding_transition	False	0.0	0.2133	0.2401	0.0	11.9456	43.7828	92.74	False	58.9046	0.769231	0.064103	0.976059	1.276248	0.000000	0.000000	1.200691	2.897698	0.445513	0.012821	0.000000	0.000000	0	0.000000	0	1.191361	2.860985	0.462982	0.053097	0.000000	0.000000	0	0.000000	0	0	0.000000	1.210231	2.900969	0.445029	0.021368	0.000000	0.000000	background	4	AF_coil;hexamer_coil_fraction_ge_0.8;AF_rSASA_ge_0.25;hexamer_rSASA_ge_0.25	False	False		variable	supports	False	False	unchanged; no decisive evolutionary rescue
298|299	298	L	299	Y	HIGH_RISK	C-terminal_bundle/RNA-binding_transition	False	0.0	0.2133	0.2401	0.0	11.292	43.3115	92.74	False	58.7161	0.064103	1.000000	1.276248	0.000000	0.000000	0.000000	1.140656	2.897698	0.462607	0.012821	0.000000	0.000000	0	0.000000	0	1.131974	2.860985	0.477731	0.053097	0.000000	0.000000	0	0.000000	0	0	0.000000	1.151135	2.900969	0.461767	0.021368	0.000000	0.000000	background	4	AF_coil;hexamer_coil_fraction_ge_0.8;AF_rSASA_ge_0.25;hexamer_rSASA_ge_0.25	False	False		variable	supports	False	False	unchanged; no decisive evolutionary rescue
299|300	299	Y	300	S	HIGH_RISK	C-terminal_bundle/RNA-binding_transition	False	0.0	0.1957	0.2227	0.0	11.292	43.3115	92.74	False	57.5392	1.000000	0.012821	0.000000	0.197678	0.000000	0.000000	1.064429	2.897698	0.524573	0.012821	0.000000	0.000000	0	0.000000	0	1.061318	2.860985	0.541891	0.053097	0.000000	0.000000	0	0.000000	0	0	0.000000	1.074909	2.900969	0.523733	0.021368	0.000000	0.000000	background	4	AF_coil;hexamer_coil_fraction_ge_0.8;AF_rSASA_ge_0.25;hexamer_rSASA_ge_0.25	False	False		variable	supports	False	False	unchanged; no decisive evolutionary rescue
300|301	300	S	301	H	HIGH_RISK	C-terminal_bundle/RNA-binding_transition	False	0.0	0.1957	0.2227	0.0	10.5298	42.9619	92.74	False	57.3993	0.012821	0.128205	0.197678	2.897698	0.000000	0.000000	1.033331	2.897698	0.554487	0.012821	0.000000	0.000000	0	0.000000	0	1.018728	2.860985	0.577289	0.053097	0.000000	0.000000	0	0.000000	0	0	0.000000	1.043810	2.900969	0.553647	0.021368	0.000000	0.000000	background	4	AF_coil;hexamer_coil_fraction_ge_0.8;AF_rSASA_ge_0.25;hexamer_rSASA_ge_0.25	False	False		variable	supports	False	False	unchanged; no decisive evolutionary rescue
301|302	301	H	302	I	HIGH_RISK	C-terminal_bundle/RNA-binding_transition	False	0.0	0.1736	0.1985	0.0	10.5298	42.9619	92.74	False	55.5203	0.128205	0.846154	2.897698	0.719386	0.000000	0.000000	1.118616	2.897698	0.487180	0.012821	0.000000	0.000000	0	0.000000	0	1.102178	2.860985	0.510180	0.053097	0.000000	0.000000	0	0.000000	0	0	0.000000	1.128024	2.900969	0.485806	0.021368	0.000000	0.000000	background	4	AF_coil;hexamer_coil_fraction_ge_0.8;AF_rSASA_ge_0.25;hexamer_rSASA_ge_0.25	False	False		variable	supports	False	False	unchanged; no decisive evolutionary rescue
302|303	302	I	303	K	HIGH_RISK	C-terminal_bundle/RNA-binding_transition	False	0.0	0.1736	0.1985	0.0	9.8754	42.2027	92.74	False	55.0856	0.846154	0.025641	0.719386	2.010659	0.000000	0.000000	1.090272	2.897698	0.517094	0.012821	0.000000	0.000000	0	0.000000	0	1.063703	2.860985	0.543365	0.053097	0.000000	0.000000	0	0.000000	0	0	0.000000	1.099680	2.900969	0.515720	0.021368	0.000000	0.000000	background	4	AF_coil;hexamer_coil_fraction_ge_0.8;AF_rSASA_ge_0.25;hexamer_rSASA_ge_0.25	False	False		variable	supports	False	False	unchanged; no decisive evolutionary rescue
303|304	303	K	304	E	HIGH_RISK	C-terminal_bundle/RNA-binding_transition	False	0.0	0.2067	0.2391	0.0	9.8754	42.2027	92.74	False	57.5654	0.025641	0.602564	2.010659	1.954701	0.000000	0.000000	1.008934	2.897698	0.536325	0.012821	0.000000	0.000000	0	0.000000	0	0.988663	2.860985	0.559735	0.053097	0.000000	0.000000	0	0.000000	0	0	0.000000	1.016141	2.900969	0.535613	0.021368	0.000000	0.000000	background	4	AF_coil;hexamer_coil_fraction_ge_0.8;AF_rSASA_ge_0.25;hexamer_rSASA_ge_0.25	False	False		variable	supports	False	False	unchanged; no decisive evolutionary rescue
304|305	304	E	305	E	HIGH_RISK	A89_C-terminal_RNA-binding_by_similarity;C-terminal_bundle/RNA-binding_transition	False	0.0	0.2067	0.2391	0.0	9.0469	42.2027	92.74	False	56.9026	0.602564	1.000000	1.954701	0.000000	0.000000	0.000000	1.045435	2.897698	0.536325	0.012821	0.000000	0.000000	0	0.000000	0	1.012955	2.860985	0.559735	0.053097	0.000000	0.000000	0	0.000000	0	0	0.000000	1.052643	2.900969	0.535613	0.021368	0.000000	0.000000	background	4	AF_coil;hexamer_coil_fraction_ge_0.8;AF_rSASA_ge_0.25;hexamer_rSASA_ge_0.25	False	False		variable	supports	False	False	unchanged; no decisive evolutionary rescue
305|306	305	E	306	D	HIGH_RISK	A89_C-terminal_RNA-binding_by_similarity;C-terminal_bundle/RNA-binding_transition	False	0.0	0.2114	0.2492	0.0	9.0469	42.3758	92.74	False	57.2804	1.000000	0.782051	0.000000	1.057849	0.000000	0.000000	1.246993	2.897698	0.460567	0.012821	0.000000	0.000000	0	0.000000	0	1.206477	2.860985	0.486074	0.053097	0.000000	0.000000	0	0.000000	0	0	0.000000	1.255119	2.900969	0.459855	0.021368	0.000000	0.000000	background	4	AF_coil;hexamer_coil_fraction_ge_0.8;AF_rSASA_ge_0.25;hexamer_rSASA_ge_0.25	False	False		variable	supports	False	False	unchanged; no decisive evolutionary rescue
306|307	306	D	307	R	HIGH_RISK	A89_C-terminal_RNA-binding_by_similarity;C-terminal_bundle/RNA-binding_transition	False	0.0	0.2114	0.2492	0.0	8.3315	42.3758	92.74	False	56.7081	0.782051	0.192308	1.057849	1.023425	0.000000	0.000000	1.327607	2.897698	0.464841	0.025641	0.000000	0.000000	0	0.000000	0	1.265155	2.860985	0.488286	0.053097	0.000000	0.000000	0	0.000000	0	0	0.000000	1.331572	2.900969	0.463416	0.025641	0.000000	0.000000	background	4	AF_coil;hexamer_coil_fraction_ge_0.8;AF_rSASA_ge_0.25;hexamer_rSASA_ge_0.25	False	False		variable	supports	False	False	unchanged; no decisive evolutionary rescue
307|308	307	R	308	R	HIGH_RISK	A89_C-terminal_RNA-binding_by_similarity;C-terminal_bundle/RNA-binding_transition	False	0.0	0.2075	0.2404	0.0	8.3315	41.7461	92.74	False	56.0471	0.192308	0.782051	1.023425	0.969561	0.000000	0.000000	1.258762	2.418687	0.459499	0.025641	0.000000	0.000000	0	0.000000	0	1.195618	2.322259	0.481649	0.053097	0.000000	0.000000	0	0.000000	0	0	0.000000	1.263113	2.429711	0.458074	0.025641	0.000000	0.000000	background	4	AF_coil;hexamer_coil_fraction_ge_0.8;AF_rSASA_ge_0.25;hexamer_rSASA_ge_0.25	False	False		variable	supports	False	False	unchanged; no decisive evolutionary rescue
308|309	308	R	309	R	HIGH_RISK	A89_C-terminal_RNA-binding_by_similarity;C-terminal_bundle/RNA-binding_transition	False	0.0	0.2014	0.2315	0.0	8.3315	40.9571	92.74	False	55.5784	0.782051	1.000000	0.969561	0.000000	0.000000	0.000000	1.320010	2.418687	0.393260	0.025641	0.000000	0.000000	0	0.000000	0	1.250096	2.322259	0.418227	0.053097	0.000000	0.000000	0	0.000000	0	0	0.000000	1.324641	2.429711	0.392369	0.025641	0.000000	0.000000	background	4	AF_coil;hexamer_coil_fraction_ge_0.8;AF_rSASA_ge_0.25;hexamer_rSASA_ge_0.25	False	False		variable	supports	False	False	unchanged; no decisive evolutionary rescue
309|310	309	R	310	S	HIGH_RISK	A89_C-terminal_RNA-binding_by_similarity;C-terminal_bundle/RNA-binding_transition;near_C-terminal_oligomerization_region	False	0.0	0.2014	0.2315	0.0	7.6907	40.9571	92.74	False	55.0658	1.000000	0.064103	0.000000	1.714268	0.000000	0.000000	1.255745	2.418687	0.397533	0.051282	0.000000	0.000000	0	0.000000	0	1.183646	2.322259	0.422652	0.079646	0.000000	0.000000	0	0.000000	0	0	0.000000	1.260072	2.429711	0.396643	0.051282	0.000000	0.000000	background	4	AF_coil;hexamer_coil_fraction_ge_0.8;AF_rSASA_ge_0.25;hexamer_rSASA_ge_0.25	False	False		variable	supports	False	False	unchanged; no decisive evolutionary rescue
310|311	310	S	311	S	HIGH_RISK	A89_C-terminal_RNA-binding_by_similarity;C-terminal_bundle/RNA-binding_transition;near_C-terminal_oligomerization_region	False	0.0	0.2168	0.2525	0.0	7.6907	39.6783	92.74	False	56.1144	0.064103	0.090909	1.714268	2.418687	0.000000	0.000000	1.149432	2.418687	0.415695	0.051282	0.000000	0.000000	0	0.000000	0	1.085674	2.322259	0.440351	0.079646	0.000000	0.000000	0	0.000000	0	0	0.000000	1.152820	2.429711	0.415161	0.051282	0.000000	0.000000	background	3	AF_coil;hexamer_coil_fraction_ge_0.8;AF_rSASA_ge_0.25	False	False		variable	supports	False	False	unchanged; no decisive evolutionary rescue
311|312	311	S	312	A	HIGH_RISK	A89_C-terminal_RNA-binding_by_similarity;C-terminal_bundle/RNA-binding_transition;near_C-terminal_oligomerization_region	False	0.0	0.2168	0.2525	0.0	7.6907	39.6783	92.74	False	56.1144	0.090909	0.064103	2.418687	1.165052	0.000000	0.000000	1.342011	2.418687	0.343046	0.051282	0.000000	0.000000	0	0.000000	0	1.273109	2.322259	0.368817	0.079646	0.000000	0.000000	0	0.000000	0	0	0.000000	1.345398	2.429711	0.342512	0.051282	0.000000	0.000000	background	3	AF_coil;hexamer_coil_fraction_ge_0.8;AF_rSASA_ge_0.25	False	False		variable	supports	False	False	unchanged; no decisive evolutionary rescue
312|313	312	A	313	A	HIGH_RISK	A89_C-terminal_RNA-binding_by_similarity;C-terminal_bundle/RNA-binding_transition;near_C-terminal_oligomerization_region	False	0.0	0.1603	0.1829	0.0	7.1308	39.6783	92.74	False	51.746	0.064103	0.064103	1.165052	2.071560	0.000000	0.000000	1.253857	2.418687	0.361208	0.051282	0.000000	0.000000	0	0.000000	0	1.202508	2.322259	0.382092	0.079646	0.000000	0.000000	0	0.000000	0	0	0.000000	1.257244	2.429711	0.360674	0.051282	0.000000	0.000000	background	4	AF_coil;hexamer_coil_fraction_ge_0.8;AF_rSASA_ge_0.25;hexamer_rSASA_ge_0.25	False	False		variable	supports	False	False	unchanged; no decisive evolutionary rescue
313|314	313	A	314	Q	HIGH_RISK	C-terminal_bundle/RNA-binding_transition;near_C-terminal_oligomerization_region	False	0.0	0.1603	0.1829	0.0	7.1308	39.6783	92.74	False	51.746	0.064103	0.051282	2.071560	1.454357	0.000000	0.000000	1.176818	2.418687	0.427448	0.051282	0.000000	0.000000	0	0.000000	0	1.129751	2.322259	0.447726	0.079646	0.000000	0.000000	0	0.000000	0	0	0.000000	1.181277	2.429711	0.427448	0.051282	0.000000	0.000000	background	4	AF_coil;hexamer_coil_fraction_ge_0.8;AF_rSASA_ge_0.25;hexamer_rSASA_ge_0.25	False	False		variable	supports	False	False	unchanged; no decisive evolutionary rescue
314|315	314	Q	315	A	HIGH_RISK	C-terminal_bundle/RNA-binding_transition;near_C-terminal_oligomerization_region	False	0.0	0.1756	0.1986	0.0	6.3942	38.4396	92.74	False	52.8643	0.051282	0.076923	1.454357	1.239476	0.000000	0.000000	1.096021	2.418687	0.445610	0.051282	0.000000	0.000000	0	0.000000	0	1.056568	2.322259	0.462475	0.079646	0.000000	0.000000	0	0.000000	0	0	0.000000	1.100480	2.429711	0.445610	0.051282	0.000000	0.000000	background	4	AF_coil;hexamer_coil_fraction_ge_0.8;AF_rSASA_ge_0.25;hexamer_rSASA_ge_0.25	False	False		variable	supports	False	False	unchanged; no decisive evolutionary rescue
315|316	315	A	316	M	EXCLUDE	A89_C-terminal_oligomerization_region_by_similarity	False	0.0	0.1756	0.1986	0.0	6.3942	38.4396	92.74	False	52.8643	0.076923	0.820513	1.239476	0.678954	0.000000	0.000000	1.096021	2.418687	0.445610	0.051282	0.000000	0.000000	0	0.000000	0	1.056568	2.322259	0.462475	0.079646	0.000000	0.000000	0	0.000000	0	0	0.000000	1.100480	2.429711	0.445610	0.051282	0.000000	0.000000	background	4	AF_coil;hexamer_coil_fraction_ge_0.8;AF_rSASA_ge_0.25;hexamer_rSASA_ge_0.25	False	False		variable	weakens	False	True	decreased_or_excluded; hard functional feature dominates conservation
316|317	316	M	317	E	EXCLUDE	A89_C-terminal_oligomerization_region_by_similarity	False	0.0	0.1648	0.1814	0.0	6.3942	37.0612	92.74	False	51.8804	0.820513	0.128205	0.678954	2.310939	0.000000	0.000000	1.039817	2.418687	0.480292	0.051282	0.000000	0.000000	0	0.000000	0	1.004040	2.322259	0.496473	0.079646	0.000000	0.000000	0	0.000000	0	0	0.000000	1.044681	2.429711	0.480292	0.051282	0.000000	0.000000	background	4	AF_coil;hexamer_coil_fraction_ge_0.8;AF_rSASA_ge_0.25;hexamer_rSASA_ge_0.25	False	False		variable	weakens	False	True	decreased_or_excluded; hard functional feature dominates conservation
317|318	317	E	318	A	EXCLUDE	A89_C-terminal_oligomerization_region_by_similarity	False	0.0	0.1648	0.1814	0.0	5.8398	37.0612	92.74	False	51.4369	0.128205	1.000000	2.310939	0.000000	0.000000	0.000000	0.901930	2.310939	0.519231	0.051282	0.000000	0.000000	0	0.000000	0	0.872218	2.249224	0.534513	0.079646	0.000000	0.000000	0	0.000000	0	0	0.000000	0.906178	2.310939	0.519231	0.051282	0.000000	0.000000	background	4	AF_coil;hexamer_coil_fraction_ge_0.8;AF_rSASA_ge_0.25;hexamer_rSASA_ge_0.25	False	False		variable	weakens	False	True	decreased_or_excluded; hard functional feature dominates conservation
318|319	318	A	319	I	EXCLUDE	A89_C-terminal_oligomerization_region_by_similarity	False	0.0	0.1368	0.1454	0.0	5.8398	35.9374	92.74	False	49.2809	1.000000	0.987179	0.000000	0.098959	0.000000	0.000000	0.872694	2.310939	0.569801	0.051282	0.000000	0.000000	0	0.000000	0	0.839582	2.249224	0.584071	0.079646	0.000000	0.000000	0	0.000000	0	0	0.000000	0.877415	2.310939	0.569801	0.051282	0.000000	0.000000	background	4	AF_coil;hexamer_coil_fraction_ge_0.8;AF_rSASA_ge_0.25;hexamer_rSASA_ge_0.25	False	False		variable	weakens	False	True	decreased_or_excluded; hard functional feature dominates conservation
319|320	319	I	320	F	EXCLUDE	A89_C-terminal_oligomerization_region_by_similarity	False	0.0	0.1368	0.1454	0.0	5.1895	35.9374	92.74	False	48.7607	0.987179	1.000000	0.098959	0.000000	0.000000	0.000000	0.722836	2.310939	0.633013	0.051282	0.000000	0.000000	0	0.000000	0	0.691213	2.249224	0.646018	0.079646	0.000000	0.000000	0	0.000000	0	0	0.000000	0.727160	2.310939	0.633013	0.051282	0.000000	0.000000	background	4	AF_coil;hexamer_coil_fraction_ge_0.8;AF_rSASA_ge_0.25;hexamer_rSASA_ge_0.25	False	False		variable	weakens	False	True	decreased_or_excluded; hard functional feature dominates conservation
320|321	320	F	321	Q	EXCLUDE	A89_C-terminal_oligomerization_region_by_similarity	False	0.0	0.1667	0.1689	0.0	5.1895	34.501	90.75	False	50.531	1.000000	1.000000	0.000000	0.000000	0.000000	0.000000	0.618333	2.310939	0.716117	0.076923	0.000000	0.000000	0	0.000000	0	0.591402	2.249224	0.726928	0.106195	0.000000	0.000000	0	0.000000	0	0	0.000000	0.618333	2.310939	0.716117	0.076923	0.000000	0.000000	background	4	AF_coil;hexamer_coil_fraction_ge_0.8;AF_rSASA_ge_0.25;hexamer_rSASA_ge_0.25	False	False		intermediate	weakens	False	False	decreased_or_excluded; hard functional feature dominates conservation
