junction	left_resid	right_resid	functional_tier	functional_reasons	both_AF_coil	min_hex_coil_fraction	min_AF_rSASA	min_hexamer_mean_rSASA	max_any_chain_burial_fraction	min_interprotomer_heavy_atom_A	min_mean_pore_radial_A	min_AF_CA_pLDDT	strict_structural_pass	hrvA_primary_left_identity	hrvA_primary_right_identity	hrvA_primary_left_entropy	hrvA_primary_right_entropy	hrvA_primary_left_gap_frequency	hrvA_primary_right_gap_frequency	hrvA_primary_window_mean_entropy	hrvA_primary_window_max_entropy	hrvA_primary_window_mean_identity	hrvA_primary_window_min_identity	hrvA_primary_window_mean_gap_frequency	hrvA_primary_window_max_gap_frequency	hrvA_primary_natural_insertion_count	hrvA_primary_natural_insertion_frequency	hrvA_primary_natural_insertion_lengths	hrvA_expanded_window_mean_entropy	hrvA_expanded_window_max_entropy	hrvA_expanded_window_mean_identity	hrvA_expanded_window_min_identity	hrvA_expanded_window_mean_gap_frequency	hrvA_expanded_window_max_gap_frequency	hrvA_expanded_natural_insertion_count	hrvA_expanded_natural_insertion_frequency	hrvA_expanded_natural_insertion_lengths	hrvA_expanded_local_deletion_count	hrvA_expanded_local_deletion_frequency	hrvA_type_weighted_window_mean_entropy	hrvA_type_weighted_window_max_entropy	hrvA_type_weighted_window_mean_identity	hrvA_type_weighted_window_min_identity	hrvA_type_weighted_window_mean_gap_frequency	hrvA_type_weighted_window_max_gap_frequency	hrvA_primary_natural_insertion_type_count	hrvA_primary_natural_insertion_types	hrvA_expanded_natural_insertion_type_count	hrvA_expanded_natural_insertion_types	hrvA_expanded_local_deletion_type_count	hrvA_expanded_local_deletion_types	hrvA_expanded_indel_category	hrvA_expanded_indel_category_basis	structural_track	failed_gate_count	failed_gate_names	literature_rescue_status	literature_rescue_source	hrvA_conservation_class_v2	evolutionary_layer_effect_v2	exact_boundary_sensitivity	focal_junction	priority_interpretation_v2	a89_junction	a89_left_residue	a89_left_aa	a89_right_residue	a89_right_aa	eva71_source_junctions	eva71_source_left_positions	mapping_class	mapping_confidence	mapping_note	a89_local_context	eva71_local_context	eva71_alignment_flank_left_same_column	eva71_alignment_flank_right_same_column	eva71_alignment_residues_between_a89_flanks	insertion_design	insertion_length_aa	insertion_raw_log2_enrich2	insertion_relative_fitness_2pow_score	insertion_all_raw_log2_enrich2_for_mapped_sources	insertion_direct_class	deletion_1aa_left_raw_log2_enrich2	deletion_1aa_right_raw_log2_enrich2	deletion_2aa_spanning_raw_log2_enrich2	deletion_3aa_spanning_raw_log2_enrich2_values	deletion_context_best_design	deletion_context_best_raw_log2_enrich2	deletion_context_class	substitution_flank_mean_raw_log2_enrich2	source_identifier	direct_indel_integration_class	direct_indel_final_state_contribution
1|2	1	2	HIGH_RISK	A89_N-terminal_membrane-binding_by_similarity;A89_N-terminal_oligomerization_by_similarity	False	0.0	0.6301447153091431	0.5974925210850638	0.0	20.1618215288004	32.77336850195491	72.31999969482422	False	1.0	1.0	0.0	0.0	0.0	0.0	0.250978	1.005309	0.940631	0.766234	0.0	0.0	0	0.0	0	0.226484	0.904496	0.949309	0.801075	0.0	0.0	0	0.0	0	0	0.0	0.250978	1.005309	0.940631	0.766234	0.0	0.0	0	none	0	none	0	none	none	max(insertion_type_count,local_deletion_type_count)	structural near-miss	2	AF_coil;hexamer_coil_fraction_ge_0.8	False		conserved	weakens	unresolved_exact_subset_too_small	False	decreased; conserved local window	1|2	1	S	2	D	1|2	1	exact_aligned	high	A89 flanking residues align directly to adjacent EV-A71 2C residues	1:S|DSWLKK:7	1:S|ASWLKK:7	1	2	1-2	insertional_handle_SGRPGSLS	8	-5.756200	0.018502	-5.756200	direct_insert_strongly_deleterious	-5.108432	-4.729874	-4.775992	-4.936960	1AAdel_right_residue	-4.729874	deletion_context_strongly_deleterious	-0.986618	Bakhache_2024_NatMicrobiol_Dryad_10.5061_dryad.866t1g1xm_QVEU_eva71_dimple_c99331a6	direct_experiment_unfavorable	direct_experiment_unfavorable
2|3	2	3	HIGH_RISK	A89_N-terminal_membrane-binding_by_similarity;A89_N-terminal_oligomerization_by_similarity	False	0.0	0.4967087805271148	0.4778793211906187	0.0	20.1618215288004	30.029173702848016	77.68000030517578	False	1.0	0.766234	0.0	1.005309	0.0	0.0	0.219606	1.005309	0.948052	0.766234	0.0	0.0	0	0.0	0	0.198174	0.904496	0.955645	0.801075	0.0	0.0	0	0.0	0	0	0.0	0.219606	1.005309	0.948052	0.766234	0.0	0.0	0	none	0	none	0	none	none	max(insertion_type_count,local_deletion_type_count)	structural near-miss	2	AF_coil;hexamer_coil_fraction_ge_0.8	False		conserved	weakens	unresolved_exact_subset_too_small	False	decreased; conserved local window	2|3	2	D	3	S	2|3	2	exact_aligned	high	A89 flanking residues align directly to adjacent EV-A71 2C residues	1:SD|SWLKKF:8	1:SA|SWLKKF:8	2	3	2-3	insertional_handle_SGRPGSLS	8	-5.777753	0.018227	-5.777753	direct_insert_strongly_deleterious	-4.729874	-4.787196	-5.071390	-4.936960;-4.705992	3AAdel_spanning_option_2	-4.705992	deletion_context_strongly_deleterious	-0.164481	Bakhache_2024_NatMicrobiol_Dryad_10.5061_dryad.866t1g1xm_QVEU_eva71_dimple_c99331a6	direct_experiment_unfavorable	direct_experiment_unfavorable
3|4	3	4	HIGH_RISK	A89_N-terminal_membrane-binding_by_similarity;A89_N-terminal_oligomerization_by_similarity	False	0.0	0.4967087805271148	0.4778793211906187	0.0	21.64113763607964	30.029173702848016	83.56999969482422	False	0.766234	1.0	1.005309	0.0	0.0	0.0	0.195205	1.005309	0.953824	0.766234	0.0	0.0	0	0.0	0	0.176154	0.904496	0.960573	0.801075	0.0	0.0	0	0.0	0	0	0.0	0.195205	1.005309	0.953824	0.766234	0.0	0.0	0	none	0	none	0	none	none	max(insertion_type_count,local_deletion_type_count)	structural near-miss	2	AF_coil;hexamer_coil_fraction_ge_0.8	False		conserved	weakens	unresolved_exact_subset_too_small	False	decreased; conserved local window	3|4	3	S	4	W	3|4	3	exact_aligned	high	A89 flanking residues align directly to adjacent EV-A71 2C residues	1:SDS|WLKKFT:9	1:SAS|WLKKFN:9	3	4	3-4	insertional_handle_SGRPGSLS	8	-5.554076	0.021284	-5.554076	direct_insert_strongly_deleterious	-4.787196	-4.669065	-4.917589	-4.705992;-4.857117	1AAdel_right_residue	-4.669065	deletion_context_strongly_deleterious	-2.027367	Bakhache_2024_NatMicrobiol_Dryad_10.5061_dryad.866t1g1xm_QVEU_eva71_dimple_c99331a6	direct_experiment_unfavorable	direct_experiment_unfavorable
4|5	4	5	HIGH_RISK	A89_N-terminal_membrane-binding_by_similarity;A89_N-terminal_oligomerization_by_similarity	False	0.0	0.427451342344284	0.428822221645273	0.0	20.036653515882605	32.86640038982665	90.02999877929688	False	1.0	0.818182	0.0	0.751535	0.0	0.0	0.175684	1.005309	0.958442	0.766234	0.0	0.0	0	0.0	0	0.158539	0.904496	0.964516	0.801075	0.0	0.0	0	0.0	0	0	0.0	0.175684	1.005309	0.958442	0.766234	0.0	0.0	0	none	0	none	0	none	none	max(insertion_type_count,local_deletion_type_count)	structural near-miss	2	AF_coil;hexamer_coil_fraction_ge_0.8	False		conserved	weakens	unresolved_exact_subset_too_small	False	decreased; conserved local window	4|5	4	W	5	L	4|5	4	exact_aligned	high	A89 flanking residues align directly to adjacent EV-A71 2C residues	1:SDSW|LKKFTE:10	1:SASW|LKKFND:10	4	5	4-5	insertional_handle_SGRPGSLS	8	-5.674522	0.019579	-5.674522	direct_insert_strongly_deleterious	-4.669065	-4.699932	-4.836119	-4.857117;-4.735756	1AAdel_left_residue	-4.669065	deletion_context_strongly_deleterious	-3.032413	Bakhache_2024_NatMicrobiol_Dryad_10.5061_dryad.866t1g1xm_QVEU_eva71_dimple_c99331a6	direct_experiment_unfavorable	direct_experiment_unfavorable
5|6	5	6	HIGH_RISK	A89_N-terminal_membrane-binding_by_similarity;A89_N-terminal_oligomerization_by_similarity	False	0.0	0.427451342344284	0.428822221645273	0.0	14.6520494949263	26.40899000673839	89.8499984741211	False	0.818182	1.0	0.751535	0.0	0.0	0.0	0.207016	1.005309	0.881936	0.116883	0.0	0.0	0	0.0	0	0.194561	0.904496	0.888563	0.129032	0.0	0.0	0	0.0	0	0	0.0	0.207016	1.005309	0.881936	0.116883	0.0	0.0	0	none	0	none	0	none	none	max(insertion_type_count,local_deletion_type_count)	structural near-miss	2	AF_coil;hexamer_coil_fraction_ge_0.8	False		intermediate	remains unresolved	unresolved_exact_subset_too_small	False	unchanged_or_unresolved	5|6	5	L	6	K	5|6	5	exact_aligned	high	A89 flanking residues align directly to adjacent EV-A71 2C residues	1:SDSWL|KKFTEA:11	1:SASWL|KKFNDA:11	5	6	5-6	insertional_handle_SGRPGSLS	8	-5.777753	0.018227	-5.777753	direct_insert_strongly_deleterious	-4.699932	-4.429327	-4.803771	-4.735756;-4.712016	1AAdel_right_residue	-4.429327	deletion_context_strongly_deleterious	-2.920162	Bakhache_2024_NatMicrobiol_Dryad_10.5061_dryad.866t1g1xm_QVEU_eva71_dimple_c99331a6	direct_experiment_unfavorable	direct_experiment_unfavorable
6|7	6	7	HIGH_RISK	A89_N-terminal_membrane-binding_by_similarity;A89_N-terminal_oligomerization_by_similarity	False	0.0	0.5626623034477234	0.6224613081937456	0.0	14.6520494949263	26.40899000673839	89.8499984741211	False	1.0	1.0	0.0	0.0	0.0	0.0	0.189765	1.005309	0.891775	0.116883	0.0	0.0	0	0.0	0	0.178347	0.904496	0.897849	0.129032	0.0	0.0	0	0.0	0	0	0.0	0.189765	1.005309	0.891775	0.116883	0.0	0.0	0	none	0	none	0	none	none	max(insertion_type_count,local_deletion_type_count)	structural near-miss	2	AF_coil;hexamer_coil_fraction_ge_0.8	False		intermediate	remains unresolved	unresolved_exact_subset_too_small	False	unchanged_or_unresolved	6|7	6	K	7	K	6|7	6	exact_aligned	high	A89 flanking residues align directly to adjacent EV-A71 2C residues	1:SDSWLK|KFTEAC:12	1:SASWLK|KFNDAA:12	6	7	6-7	insertional_handle_SGRPGSLS	8	-5.882900	0.016946	-5.882900	direct_insert_strongly_deleterious	-4.429327	-4.617607	-5.159624	-4.712016;-4.699932	1AAdel_left_residue	-4.429327	deletion_context_strongly_deleterious	-2.894660	Bakhache_2024_NatMicrobiol_Dryad_10.5061_dryad.866t1g1xm_QVEU_eva71_dimple_c99331a6	direct_experiment_unfavorable	direct_experiment_unfavorable
7|8	7	8	HIGH_RISK	A89_N-terminal_membrane-binding_by_similarity;A89_N-terminal_oligomerization_by_similarity	False	0.0	0.4755269885063171	0.5349053382873535	0.0	19.25799563734346	27.8845231501556	90.62999725341795	False	1.0	1.0	0.0	0.0	0.0	0.0	0.189765	1.005309	0.891775	0.116883	0.0	0.0	0	0.0	0	0.178347	0.904496	0.897849	0.129032	0.0	0.0	0	0.0	0	0	0.0	0.189765	1.005309	0.891775	0.116883	0.0	0.0	0	none	0	none	0	none	none	max(insertion_type_count,local_deletion_type_count)	structural near-miss	2	AF_coil;hexamer_coil_fraction_ge_0.8	False		intermediate	remains unresolved	unresolved_exact_subset_too_small	False	unchanged_or_unresolved	7|8	7	K	8	F	7|8	7	exact_aligned	high	A89 flanking residues align directly to adjacent EV-A71 2C residues	2:DSWLKK|FTEACN:13	2:ASWLKK|FNDAAS:13	7	8	7-8	insertional_handle_SGRPGSLS	8	-5.548728	0.021363	-5.548728	direct_insert_strongly_deleterious	-4.617607	-4.637215	-5.041601	-4.699932;-4.792752	1AAdel_left_residue	-4.617607	deletion_context_strongly_deleterious	-2.721815	Bakhache_2024_NatMicrobiol_Dryad_10.5061_dryad.866t1g1xm_QVEU_eva71_dimple_c99331a6	direct_experiment_unfavorable	direct_experiment_unfavorable
8|9	8	9	HIGH_RISK	A89_N-terminal_membrane-binding_by_similarity;A89_N-terminal_oligomerization_by_similarity	False	0.0	0.3801142275333404	0.3668639493543048	0.0	16.339820886178366	29.71955126541756	91.08000183105467	False	1.0	1.0	0.0	0.0	0.0	0.0	0.189765	1.005309	0.891775	0.116883	0.0	0.0	0	0.0	0	0.178347	0.904496	0.897849	0.129032	0.0	0.0	0	0.0	0	0	0.0	0.189765	1.005309	0.891775	0.116883	0.0	0.0	0	none	0	none	0	none	none	max(insertion_type_count,local_deletion_type_count)	structural near-miss	2	AF_coil;hexamer_coil_fraction_ge_0.8	False		intermediate	remains unresolved	unresolved_exact_subset_too_small	False	unchanged_or_unresolved	8|9	8	F	9	T	8|9	8	exact_aligned	high	A89 flanking residues align directly to adjacent EV-A71 2C residues	3:SWLKKF|TEACNA:14	3:SWLKKF|NDAASA:14	8	9	8-9	insertional_handle_SGRPGSLS	8	-5.379723	0.024018	-5.379723	direct_insert_strongly_deleterious	-4.637215	-4.753199	-4.941745	-4.792752;-4.912687	1AAdel_left_residue	-4.637215	deletion_context_strongly_deleterious	-2.647802	Bakhache_2024_NatMicrobiol_Dryad_10.5061_dryad.866t1g1xm_QVEU_eva71_dimple_c99331a6	direct_experiment_unfavorable	direct_experiment_unfavorable
9|10	9	10	HIGH_RISK	A89_N-terminal_membrane-binding_by_similarity;A89_N-terminal_oligomerization_by_similarity	False	0.0	0.3801142275333404	0.3668639493543048	0.0	15.604063685429372	25.09797800758847	91.08000183105467	False	1.0	1.0	0.0	0.0	0.0	0.0	0.105989	0.751535	0.911255	0.116883	0.0	0.0	0	0.0	0	0.102973	0.680893	0.914426	0.129032	0.0	0.0	0	0.0	0	0	0.0	0.105989	0.751535	0.911255	0.116883	0.0	0.0	0	none	0	none	0	none	none	max(insertion_type_count,local_deletion_type_count)	structural near-miss	2	AF_coil;hexamer_coil_fraction_ge_0.8	False		conserved	weakens	unresolved_exact_subset_too_small	False	decreased; conserved local window	9|10	9	T	10	E	9|10	9	exact_aligned	high	A89 flanking residues align directly to adjacent EV-A71 2C residues	4:WLKKFT|EACNAA:15	4:WLKKFN|DAASAA:15	9	10	9-10	insertional_handle_SGRPGSLS	8	-5.353998	0.024450	-5.353998	direct_insert_strongly_deleterious	-4.753199	-4.955963	-4.862299	-4.912687;-5.282300	1AAdel_left_residue	-4.753199	deletion_context_strongly_deleterious	-2.611800	Bakhache_2024_NatMicrobiol_Dryad_10.5061_dryad.866t1g1xm_QVEU_eva71_dimple_c99331a6	direct_experiment_unfavorable	direct_experiment_unfavorable
10|11	10	11	HIGH_RISK	A89_N-terminal_membrane-binding_by_similarity;A89_N-terminal_oligomerization_by_similarity	False	0.0	0.4447887539863586	0.4170665256289267	0.0	15.604063685429372	25.09797800758847	92.11000061035156	False	1.0	0.116883	0.0	0.520335	0.0	0.0	0.114323	0.751535	0.910173	0.116883	0.0	0.0	0	0.0	0	0.110118	0.680893	0.91353	0.129032	0.0	0.0	0	0.0	0	0	0.0	0.114323	0.751535	0.910173	0.116883	0.0	0.0	0	none	0	none	0	none	none	max(insertion_type_count,local_deletion_type_count)	structural near-miss	2	AF_coil;hexamer_coil_fraction_ge_0.8	False		conserved	weakens	unresolved_exact_subset_too_small	False	decreased; conserved local window	10|11	10	E	11	A	10|11	10	exact_aligned	high	A89 flanking residues align directly to adjacent EV-A71 2C residues	5:LKKFTE|ACNAAR:16	5:LKKFND|AASAAK:16	10	11	10-11	insertional_handle_SGRPGSLS	8	-5.265505	0.025997	-5.265505	direct_insert_strongly_deleterious	-4.955963	-4.922467	-4.951246	-5.282300;-5.148041	1AAdel_right_residue	-4.922467	deletion_context_strongly_deleterious	-2.207803	Bakhache_2024_NatMicrobiol_Dryad_10.5061_dryad.866t1g1xm_QVEU_eva71_dimple_c99331a6	direct_experiment_unfavorable	direct_experiment_unfavorable
11|12	11	12	HIGH_RISK	A89_N-terminal_membrane-binding_by_similarity;A89_N-terminal_oligomerization_by_similarity	False	0.0	0.3017096221446991	0.2266252483436447	0.0	17.497497216685673	28.69958687140168	90.87999725341795	False	0.116883	1.0	0.520335	0.0	0.0	0.0	0.051695	0.520335	0.925325	0.116883	0.0	0.0	0	0.0	0	0.053377	0.554778	0.926523	0.129032	0.0	0.0	0	0.0	0	0	0.0	0.051695	0.520335	0.925325	0.116883	0.0	0.0	0	none	0	none	0	none	none	max(insertion_type_count,local_deletion_type_count)	background	3	AF_coil;hexamer_coil_fraction_ge_0.8;hexamer_rSASA_ge_0.25	False		conserved	weakens	unresolved_exact_subset_too_small	False	decreased; conserved local window	11|12	11	A	12	C	11|12	11	exact_aligned	high	A89 flanking residues align directly to adjacent EV-A71 2C residues	6:KKFTEA|CNAARG:17	6:KKFNDA|ASAAKG:17	11	12	11-12	insertional_handle_SGRPGSLS	8	-5.493618	0.022195	-5.493618	direct_insert_strongly_deleterious	-4.922467	-5.006432	-5.032924	-5.148041;-5.254760	1AAdel_left_residue	-4.922467	deletion_context_strongly_deleterious	-2.036757	Bakhache_2024_NatMicrobiol_Dryad_10.5061_dryad.866t1g1xm_QVEU_eva71_dimple_c99331a6	direct_experiment_unfavorable	direct_experiment_unfavorable
12|13	12	13	HIGH_RISK	A89_N-terminal_membrane-binding_by_similarity;A89_N-terminal_oligomerization_by_similarity	False	0.0	0.3017096221446991	0.2266252483436447	0.0	13.895185071503036	26.325484225248484	90.87999725341795	False	1.0	1.0	0.0	0.0	0.0	0.0	0.051695	0.520335	0.925325	0.116883	0.0	0.0	0	0.0	0	0.053377	0.554778	0.926523	0.129032	0.0	0.0	0	0.0	0	0	0.0	0.051695	0.520335	0.925325	0.116883	0.0	0.0	0	none	0	none	0	none	none	max(insertion_type_count,local_deletion_type_count)	background	3	AF_coil;hexamer_coil_fraction_ge_0.8;hexamer_rSASA_ge_0.25	False		conserved	weakens	unresolved_exact_subset_too_small	False	decreased; conserved local window	12|13	12	C	13	N	12|13	12	exact_aligned	high	A89 flanking residues align directly to adjacent EV-A71 2C residues	7:KFTEAC|NAARGL:18	7:KFNDAA|SAAKGL:18	12	13	12-13	insertional_handle_SGRPGSLS	8	-5.504886	0.022022	-5.504886	direct_insert_strongly_deleterious	-5.006432	-4.941745	-4.983807	-5.254760	1AAdel_right_residue	-4.941745	deletion_context_strongly_deleterious	-1.340898	Bakhache_2024_NatMicrobiol_Dryad_10.5061_dryad.866t1g1xm_QVEU_eva71_dimple_c99331a6	direct_experiment_unfavorable	direct_experiment_unfavorable
13|14	13	14	HIGH_RISK	A89_N-terminal_membrane-binding_by_similarity;A89_N-terminal_oligomerization_by_similarity	False	0.0	0.4294111132621765	0.4149996291759402	0.0	13.895185071503036	25.63212456749129	92.02999877929688	False	1.0	1.0	0.0	0.0	0.0	0.0	0.051695	0.520335	0.925325	0.116883	0.0	0.0	0	0.0	0	0.053377	0.554778	0.926523	0.129032	0.0	0.0	0	0.0	0	0	0.0	0.051695	0.520335	0.925325	0.116883	0.0	0.0	0	none	0	none	0	none	none	max(insertion_type_count,local_deletion_type_count)	structural near-miss	2	AF_coil;hexamer_coil_fraction_ge_0.8	False		conserved	weakens	unresolved_exact_subset_too_small	False	decreased; conserved local window	13|14	13	N	14	A	13|14	13	exact_aligned	high	A89 flanking residues align directly to adjacent EV-A71 2C residues	8:FTEACN|AARGLE:19	8:FNDAAS|AAKGLE:19	13	14	13-14	insertional_handle_SGRPGSLS	8	-5.487936	0.022283	-5.487936	direct_insert_strongly_deleterious	-4.941745	-4.656447	-5.200983	-5.305791	1AAdel_right_residue	-4.656447	deletion_context_strongly_deleterious	-1.820282	Bakhache_2024_NatMicrobiol_Dryad_10.5061_dryad.866t1g1xm_QVEU_eva71_dimple_c99331a6	direct_experiment_unfavorable	direct_experiment_unfavorable
14|15	14	15	HIGH_RISK	A89_N-terminal_membrane-binding_by_similarity;A89_N-terminal_oligomerization_by_similarity	False	0.0	0.4294111132621765	0.4149996291759402	0.0	16.84727476206532	25.63212456749129	94.19000244140624	False	1.0	1.0	0.0	0.0	0.0	0.0	0.051695	0.520335	0.925325	0.116883	0.0	0.0	0	0.0	0	0.053377	0.554778	0.926523	0.129032	0.0	0.0	0	0.0	0	0	0.0	0.051695	0.520335	0.925325	0.116883	0.0	0.0	0	none	0	none	0	none	none	max(insertion_type_count,local_deletion_type_count)	structural near-miss	2	AF_coil;hexamer_coil_fraction_ge_0.8	False		conserved	weakens	unresolved_exact_subset_too_small	False	decreased; conserved local window	14|15	14	A	15	A	14|15	14	exact_aligned	high	A89 flanking residues align directly to adjacent EV-A71 2C residues	9:TEACNA|ARGLEW:20	9:NDAASA|AKGLEW:20	14	15	14-15	insertional_handle_SGRPGSLS	8	-5.847740	0.017364	-5.847740	direct_insert_strongly_deleterious	-4.656447	-4.960658	-5.275486	-5.305791;-5.075574	1AAdel_left_residue	-4.656447	deletion_context_strongly_deleterious	-2.799092	Bakhache_2024_NatMicrobiol_Dryad_10.5061_dryad.866t1g1xm_QVEU_eva71_dimple_c99331a6	direct_experiment_unfavorable	direct_experiment_unfavorable
15|16	15	16	HIGH_RISK	A89_N-terminal_membrane-binding_by_similarity;A89_N-terminal_oligomerization_by_similarity	False	0.0	0.4335267841815948	0.4357210252944197	0.0	11.222370836094209	27.048365850858048	92.16999816894533	False	1.0	0.987013	0.0	0.100001	0.0	0.0	0.103718	0.624274	0.912338	0.116883	0.0	0.0	0	0.0	0	0.100827	0.569406	0.915323	0.129032	0.0	0.0	0	0.0	0	0	0.0	0.103718	0.624274	0.912338	0.116883	0.0	0.0	0	none	0	none	0	none	none	max(insertion_type_count,local_deletion_type_count)	structural near-miss	2	AF_coil;hexamer_coil_fraction_ge_0.8	False		conserved	weakens	unresolved_exact_subset_too_small	False	decreased; conserved local window	15|16	15	A	16	R	15|16	15	exact_aligned	high	A89 flanking residues align directly to adjacent EV-A71 2C residues	10:EACNAA|RGLEWI:21	10:DAASAA|KGLEWI:21	15	16	15-16	insertional_handle_SGRPGSLS	8	-5.191670	0.027362	-5.191670	direct_insert_strongly_deleterious	-4.960658	-4.577197	-5.163455	-5.075574;-4.997444	1AAdel_right_residue	-4.577197	deletion_context_strongly_deleterious	-2.621443	Bakhache_2024_NatMicrobiol_Dryad_10.5061_dryad.866t1g1xm_QVEU_eva71_dimple_c99331a6	direct_experiment_unfavorable	direct_experiment_unfavorable
16|17	16	17	HIGH_RISK	A89_N-terminal_membrane-binding_by_similarity;A89_N-terminal_oligomerization_by_similarity	False	0.0	0.2822425663471222	0.2705629544380383	0.0	11.222370836094209	24.183254788555924	92.16999816894533	False	0.987013	1.0	0.100001	0.0	0.0	0.0	0.103718	0.624274	0.912338	0.116883	0.0	0.0	0	0.0	0	0.100827	0.569406	0.915323	0.129032	0.0	0.0	0	0.0	0	0	0.0	0.103718	0.624274	0.912338	0.116883	0.0	0.0	0	none	0	none	0	none	none	max(insertion_type_count,local_deletion_type_count)	structural near-miss	2	AF_coil;hexamer_coil_fraction_ge_0.8	False		conserved	weakens	unresolved_exact_subset_too_small	False	decreased; conserved local window	16|17	16	R	17	G	16|17	16	exact_aligned	high	A89 flanking residues align directly to adjacent EV-A71 2C residues	11:ACNAAR|GLEWIG:22	11:AASAAK|GLEWIS:22	16	17	16-17	insertional_handle_SGRPGSLS	8	-5.580393	0.020899	-5.580393	direct_insert_strongly_deleterious	-4.577197	-4.969982	-4.992919	-4.997444;-4.927321	1AAdel_left_residue	-4.577197	deletion_context_strongly_deleterious	-3.027950	Bakhache_2024_NatMicrobiol_Dryad_10.5061_dryad.866t1g1xm_QVEU_eva71_dimple_c99331a6	direct_experiment_unfavorable	direct_experiment_unfavorable
17|18	17	18	HIGH_RISK	A89_N-terminal_membrane-binding_by_similarity;A89_N-terminal_oligomerization_by_similarity	False	0.0	0.2822425663471222	0.2705629544380383	0.0	14.6520494949263	24.183254788555924	93.54000091552734	False	1.0	1.0	0.0	0.0	0.0	0.0	0.10352	0.624274	0.908009	0.064935	0.0	0.0	0	0.0	0	0.098983	0.569406	0.910842	0.075269	0.0	0.0	0	0.0	0	0	0.0	0.10352	0.624274	0.908009	0.064935	0.0	0.0	0	none	0	none	0	none	none	max(insertion_type_count,local_deletion_type_count)	structural near-miss	2	AF_coil;hexamer_coil_fraction_ge_0.8	False		conserved	weakens	unresolved_exact_subset_too_small	False	decreased; conserved local window	17|18	17	G	18	L	17|18	17	exact_aligned	high	A89 flanking residues align directly to adjacent EV-A71 2C residues	12:CNAARG|LEWIGQ:23	12:ASAAKG|LEWISN:23	17	18	17-18	insertional_handle_SGRPGSLS	8	-5.660236	0.019774	-5.660236	direct_insert_strongly_deleterious	-4.969982	-4.787196	-4.758946	-4.927321;-4.974612	2AAdel_spanning_junction	-4.758946	deletion_context_strongly_deleterious	-2.745790	Bakhache_2024_NatMicrobiol_Dryad_10.5061_dryad.866t1g1xm_QVEU_eva71_dimple_c99331a6	direct_experiment_unfavorable	direct_experiment_unfavorable
18|19	18	19	HIGH_RISK	A89_N-terminal_membrane-binding_by_similarity;A89_N-terminal_oligomerization_by_similarity	False	0.0	0.4885774552822113	0.4771236425379823	0.0	14.6520494949263	24.34685378675772	93.54000091552734	False	1.0	1.0	0.0	0.0	0.0	0.0	0.10352	0.624274	0.908009	0.064935	0.0	0.0	0	0.0	0	0.098983	0.569406	0.910842	0.075269	0.0	0.0	0	0.0	0	0	0.0	0.10352	0.624274	0.908009	0.064935	0.0	0.0	0	none	0	none	0	none	none	max(insertion_type_count,local_deletion_type_count)	structural near-miss	2	AF_coil;hexamer_coil_fraction_ge_0.8	False		conserved	weakens	unresolved_exact_subset_too_small	False	decreased; conserved local window	18|19	18	L	19	E	18|19	18	exact_aligned	high	A89 flanking residues align directly to adjacent EV-A71 2C residues	13:NAARGL|EWIGQK:24	13:SAAKGL|EWISNK:24	18	19	18-19	insertional_handle_SGRPGSLS	8	-5.886731	0.016901	-5.886731	direct_insert_strongly_deleterious	-4.787196	-5.167272	-5.075574	-4.974612;-4.597606	3AAdel_spanning_option_2	-4.597606	deletion_context_strongly_deleterious	-2.843176	Bakhache_2024_NatMicrobiol_Dryad_10.5061_dryad.866t1g1xm_QVEU_eva71_dimple_c99331a6	direct_experiment_unfavorable	direct_experiment_unfavorable
19|20	19	20	HIGH_RISK	A89_N-terminal_membrane-binding_by_similarity;A89_N-terminal_oligomerization_by_similarity	False	0.0	0.4885774552822113	0.4771236425379823	0.0	9.069988292407904	20.058138074014437	94.1500015258789	False	1.0	1.0	0.0	0.0	0.0	0.0	0.10352	0.624274	0.908009	0.064935	0.0	0.0	0	0.0	0	0.098983	0.569406	0.910842	0.075269	0.0	0.0	0	0.0	0	0	0.0	0.10352	0.624274	0.908009	0.064935	0.0	0.0	0	none	0	none	0	none	none	max(insertion_type_count,local_deletion_type_count)	structural near-miss	2	AF_coil;hexamer_coil_fraction_ge_0.8	False		conserved	weakens	unresolved_exact_subset_too_small	False	decreased; conserved local window	19|20	19	E	20	W	19|20	19	exact_aligned	high	A89 flanking residues align directly to adjacent EV-A71 2C residues	14:AARGLE|WIGQKI:25	14:AAKGLE|WISNKI:25	19	20	19-20	insertional_handle_SGRPGSLS	8	-5.482222	0.022371	-5.482222	direct_insert_strongly_deleterious	-5.167272	-4.577197	-5.028557	-4.597606;-4.941745	1AAdel_right_residue	-4.577197	deletion_context_strongly_deleterious	-2.863488	Bakhache_2024_NatMicrobiol_Dryad_10.5061_dryad.866t1g1xm_QVEU_eva71_dimple_c99331a6	direct_experiment_unfavorable	direct_experiment_unfavorable
20|21	20	21	HIGH_RISK	A89_N-terminal_membrane-binding_by_similarity;A89_N-terminal_oligomerization_by_similarity	False	0.0	0.4161914587020874	0.4476131626393791	0.0	9.069988292407904	20.058138074014437	93.56999969482422	False	1.0	0.844156	0.0	0.624274	0.0	0.0	0.10352	0.624274	0.908009	0.064935	0.0	0.0	0	0.0	0	0.098983	0.569406	0.910842	0.075269	0.0	0.0	0	0.0	0	0	0.0	0.10352	0.624274	0.908009	0.064935	0.0	0.0	0	none	0	none	0	none	none	max(insertion_type_count,local_deletion_type_count)	structural near-miss	2	AF_coil;hexamer_coil_fraction_ge_0.8	False		conserved	weakens	unresolved_exact_subset_too_small	False	decreased; conserved local window	20|21	20	W	21	I	20|21	20	exact_aligned	high	A89 flanking residues align directly to adjacent EV-A71 2C residues	15:ARGLEW|IGQKIS:26	15:AKGLEW|ISNKIS:26	20	21	20-21	insertional_handle_SGRPGSLS	8	-5.379723	0.024018	-5.379723	direct_insert_strongly_deleterious	-4.577197	-4.764660	-4.825452	-4.941745;-4.846673	1AAdel_left_residue	-4.577197	deletion_context_strongly_deleterious	-2.558441	Bakhache_2024_NatMicrobiol_Dryad_10.5061_dryad.866t1g1xm_QVEU_eva71_dimple_c99331a6	direct_experiment_unfavorable	direct_experiment_unfavorable
21|22	21	22	HIGH_RISK	A89_N-terminal_RNA-binding/RTN3_site_by_similarity;A89_N-terminal_membrane-binding_by_similarity;A89_N-terminal_oligomerization_by_similarity	False	0.0	0.3500325083732605	0.3296240476461557	0.0	14.770456689973956	21.02701938717852	93.56999969482422	False	0.844156	1.0	0.624274	0.0	0.0	0.0	0.10352	0.624274	0.908009	0.064935	0.0	0.0	0	0.0	0	0.098983	0.569406	0.910842	0.075269	0.0	0.0	0	0.0	0	0	0.0	0.10352	0.624274	0.908009	0.064935	0.0	0.0	0	none	0	none	0	none	none	max(insertion_type_count,local_deletion_type_count)	structural near-miss	2	AF_coil;hexamer_coil_fraction_ge_0.8	False		conserved	weakens	unresolved_exact_subset_too_small	False	decreased; conserved local window	21|22	21	I	22	G	21|22	21	exact_aligned	high	A89 flanking residues align directly to adjacent EV-A71 2C residues	16:RGLEWI|GQKISK:27	16:KGLEWI|SNKISK:27	21	22	21-22	insertional_handle_SGRPGSLS	8	-5.794666	0.018015	-5.794666	direct_insert_strongly_deleterious	-4.764660	-4.735756	-4.741604	-4.846673;-5.015341	1AAdel_right_residue	-4.735756	deletion_context_strongly_deleterious	-2.554944	Bakhache_2024_NatMicrobiol_Dryad_10.5061_dryad.866t1g1xm_QVEU_eva71_dimple_c99331a6	direct_experiment_unfavorable	direct_experiment_unfavorable
22|23	22	23	HIGH_RISK	A89_N-terminal_RNA-binding/RTN3_site_by_similarity;A89_N-terminal_membrane-binding_by_similarity;A89_N-terminal_oligomerization_by_similarity	False	0.0	0.3500325083732605	0.3296240476461557	0.0	12.92317958474467	25.20107661965105	94.43000030517578	False	1.0	0.064935	0.0	0.517962	0.0	0.0	0.095186	0.624274	0.909091	0.064935	0.0	0.0	0	0.0	0	0.091837	0.569406	0.911738	0.075269	0.0	0.0	0	0.0	0	0	0.0	0.095186	0.624274	0.909091	0.064935	0.0	0.0	0	none	0	none	0	none	none	max(insertion_type_count,local_deletion_type_count)	structural near-miss	2	AF_coil;hexamer_coil_fraction_ge_0.8	False		conserved	weakens	unresolved_exact_subset_too_small	False	decreased; conserved local window	22|23	22	G	23	Q	22|23	22	exact_aligned	high	A89 flanking residues align directly to adjacent EV-A71 2C residues	17:GLEWIG|QKISKF:28	17:GLEWIS|NKISKF:28	22	23	22-23	insertional_handle_SGRPGSLS	8	-5.688607	0.019389	-5.688607	direct_insert_strongly_deleterious	-4.735756	-4.927321	-5.112464	-5.015341;-5.096236	1AAdel_left_residue	-4.735756	deletion_context_strongly_deleterious	-0.658963	Bakhache_2024_NatMicrobiol_Dryad_10.5061_dryad.866t1g1xm_QVEU_eva71_dimple_c99331a6	direct_experiment_unfavorable	direct_experiment_unfavorable
23|24	23	24	HIGH_RISK	A89_N-terminal_RNA-binding/RTN3_site_by_similarity;A89_N-terminal_membrane-binding_by_similarity;A89_N-terminal_oligomerization_by_similarity	False	0.0	0.4181397259235382	0.4130826144748263	0.0	7.92059071902797	21.35780558469085	93.48999786376952	False	0.064935	1.0	0.517962	0.0	0.0	0.0	0.095186	0.624274	0.909091	0.064935	0.0	0.0	0	0.0	0	0.091837	0.569406	0.911738	0.075269	0.0	0.0	0	0.0	0	0	0.0	0.095186	0.624274	0.909091	0.064935	0.0	0.0	0	none	0	none	0	none	none	max(insertion_type_count,local_deletion_type_count)	structural near-miss	2	AF_coil;hexamer_coil_fraction_ge_0.8	False		conserved	weakens	unresolved_exact_subset_too_small	False	decreased; conserved local window	23|24	23	Q	24	K	23|24	23	exact_aligned	high	A89 flanking residues align directly to adjacent EV-A71 2C residues	18:LEWIGQ|KISKFI:29	18:LEWISN|KISKFI:29	23	24	23-24	insertional_handle_SGRPGSLS	8	-5.575185	0.020975	-5.575185	direct_insert_strongly_deleterious	-4.927321	-4.758946	-5.237154	-5.096236;-5.230023	1AAdel_right_residue	-4.758946	deletion_context_strongly_deleterious	-1.223994	Bakhache_2024_NatMicrobiol_Dryad_10.5061_dryad.866t1g1xm_QVEU_eva71_dimple_c99331a6	direct_experiment_unfavorable	direct_experiment_unfavorable
24|25	24	25	HIGH_RISK	A89_N-terminal_RNA-binding/RTN3_site_by_similarity;A89_N-terminal_membrane-binding_by_similarity;A89_N-terminal_oligomerization_by_similarity	False	0.0	0.4501197338104248	0.4812449492977164	0.0	7.92059071902797	21.35780558469085	93.38999938964844	False	1.0	1.0	0.0	0.0	0.0	0.0	0.178022	0.99403	0.871212	0.064935	0.0	0.0	0	0.0	0	0.173382	0.978542	0.87724	0.075269	0.0	0.0	0	0.0	0	0	0.0	0.178022	0.99403	0.871212	0.064935	0.0	0.0	0	none	0	none	0	none	none	max(insertion_type_count,local_deletion_type_count)	structural near-miss	2	AF_coil;hexamer_coil_fraction_ge_0.8	False		intermediate	remains unresolved	unresolved_exact_subset_too_small	False	unchanged_or_unresolved	24|25	24	K	25	I	24|25	24	exact_aligned	high	A89 flanking residues align directly to adjacent EV-A71 2C residues	19:EWIGQK|ISKFID:30	19:EWISNK|ISKFID:30	24	25	24-25	insertional_handle_SGRPGSLS	8	-5.747447	0.018614	-5.747447	direct_insert_strongly_deleterious	-4.758946	-4.699932	-5.159624	-5.230023;-4.997444	1AAdel_right_residue	-4.699932	deletion_context_strongly_deleterious	-2.793012	Bakhache_2024_NatMicrobiol_Dryad_10.5061_dryad.866t1g1xm_QVEU_eva71_dimple_c99331a6	direct_experiment_unfavorable	direct_experiment_unfavorable
25|26	25	26	HIGH_RISK	A89_N-terminal_RNA-binding/RTN3_site_by_similarity;A89_N-terminal_membrane-binding_by_similarity;A89_N-terminal_oligomerization_by_similarity	False	0.0	0.3644883930683136	0.405825953329763	0.0	11.756534934611553	22.32028647559821	93.38999938964844	False	1.0	1.0	0.0	0.0	0.0	0.0	0.178022	0.99403	0.871212	0.064935	0.0	0.0	0	0.0	0	0.173382	0.978542	0.87724	0.075269	0.0	0.0	0	0.0	0	0	0.0	0.178022	0.99403	0.871212	0.064935	0.0	0.0	0	none	0	none	0	none	none	max(insertion_type_count,local_deletion_type_count)	structural near-miss	2	AF_coil;hexamer_coil_fraction_ge_0.8	False		intermediate	remains unresolved	unresolved_exact_subset_too_small	False	unchanged_or_unresolved	25|26	25	I	26	S	25|26	25	exact_aligned	high	A89 flanking residues align directly to adjacent EV-A71 2C residues	20:WIGQKI|SKFIDW:31	20:WISNKI|SKFIDW:31	25	26	25-26	insertional_handle_SGRPGSLS	8	-5.655428	0.019840	-5.655428	direct_insert_strongly_deleterious	-4.699932	-4.781610	-5.067189	-4.997444;-5.104383	1AAdel_left_residue	-4.699932	deletion_context_strongly_deleterious	-0.864457	Bakhache_2024_NatMicrobiol_Dryad_10.5061_dryad.866t1g1xm_QVEU_eva71_dimple_c99331a6	direct_experiment_unfavorable	direct_experiment_unfavorable
26|27	26	27	HIGH_RISK	A89_N-terminal_RNA-binding/RTN3_site_by_similarity;A89_N-terminal_membrane-binding_by_similarity;A89_N-terminal_oligomerization_by_similarity	False	0.0	0.3644883930683136	0.405825953329763	0.0	8.302787169522096	23.659978489987235	91.88999938964844	False	1.0	1.0	0.0	0.0	0.0	0.0	0.28981	1.341449	0.794372	0.064935	0.0	0.0	0	0.0	0	0.28051	1.285536	0.801523	0.075269	0.0	0.0	0	0.0	0	0	0.0	0.28981	1.341449	0.794372	0.064935	0.0	0.0	0	none	0	none	0	none	none	max(insertion_type_count,local_deletion_type_count)	structural near-miss	2	AF_coil;hexamer_coil_fraction_ge_0.8	False		intermediate	remains unresolved	unresolved_exact_subset_too_small	False	unchanged_or_unresolved	26|27	26	S	27	K	26|27	26	exact_aligned	high	A89 flanking residues align directly to adjacent EV-A71 2C residues	21:IGQKIS|KFIDWI:32	21:ISNKIS|KFIDWL:32	26	27	26-27	insertional_handle_SGRPGSLS	8	-5.953299	0.016139	-5.953299	direct_insert_strongly_deleterious	-4.781610	-4.877683	-5.062969	-5.104383;-4.907761	1AAdel_left_residue	-4.781610	deletion_context_strongly_deleterious	-1.402942	Bakhache_2024_NatMicrobiol_Dryad_10.5061_dryad.866t1g1xm_QVEU_eva71_dimple_c99331a6	direct_experiment_unfavorable	direct_experiment_unfavorable
27|28	27	28	HIGH_RISK	A89_N-terminal_membrane-binding_by_similarity;A89_N-terminal_oligomerization_by_similarity	False	0.0	0.4745776355266571	0.5231240961286757	0.0	8.302787169522096	18.15886407641134	91.88999938964844	False	1.0	1.0	0.0	0.0	0.0	0.0	0.24612	1.341449	0.806277	0.064935	0.0	0.0	0	0.0	0	0.240205	1.285536	0.811828	0.075269	0.0	0.0	0	0.0	0	0	0.0	0.24612	1.341449	0.806277	0.064935	0.0	0.0	0	none	0	none	0	none	none	max(insertion_type_count,local_deletion_type_count)	structural near-miss	2	AF_coil;hexamer_coil_fraction_ge_0.8	False		intermediate	remains unresolved	unresolved_exact_subset_too_small	False	unchanged_or_unresolved	27|28	27	K	28	F	27|28	27	exact_aligned	high	A89 flanking residues align directly to adjacent EV-A71 2C residues	22:GQKISK|FIDWIK:33	22:SNKISK|FIDWLK:33	27	28	27-28	insertional_handle_SGRPGSLS	8	-5.819512	0.017707	-5.819512	direct_insert_strongly_deleterious	-4.877683	-4.846673	-5.219232	-4.907761;-4.997444	1AAdel_right_residue	-4.846673	deletion_context_strongly_deleterious	-3.041257	Bakhache_2024_NatMicrobiol_Dryad_10.5061_dryad.866t1g1xm_QVEU_eva71_dimple_c99331a6	direct_experiment_unfavorable	direct_experiment_unfavorable
28|29	28	29	HIGH_RISK	A89_N-terminal_membrane-binding_by_similarity;A89_N-terminal_oligomerization_by_similarity	False	0.0	0.3892283141613006	0.4073375630903164	0.0	9.069988292407904	18.15886407641134	90.58999633789062	False	1.0	1.0	0.0	0.0	0.0	0.0	0.262766	1.341449	0.804113	0.064935	0.0	0.0	0	0.0	0	0.254482	1.285536	0.810036	0.075269	0.0	0.0	0	0.0	0	0	0.0	0.262766	1.341449	0.804113	0.064935	0.0	0.0	0	none	0	none	0	none	none	max(insertion_type_count,local_deletion_type_count)	structural near-miss	2	AF_coil;hexamer_coil_fraction_ge_0.8	False		intermediate	remains unresolved	unresolved_exact_subset_too_small	False	unchanged_or_unresolved	28|29	28	F	29	I	28|29	28	exact_aligned	high	A89 flanking residues align directly to adjacent EV-A71 2C residues	23:QKISKF|IDWIKS:34	23:NKISKF|IDWLKE:34	28	29	28-29	insertional_handle_SGRPGSLS	8	-5.725224	0.018903	-5.725224	direct_insert_strongly_deleterious	-4.846673	-4.907761	-5.312403	-4.997444;-4.662776	3AAdel_spanning_option_2	-4.662776	deletion_context_strongly_deleterious	-2.640469	Bakhache_2024_NatMicrobiol_Dryad_10.5061_dryad.866t1g1xm_QVEU_eva71_dimple_c99331a6	direct_experiment_unfavorable	direct_experiment_unfavorable
29|30	29	30	HIGH_RISK	A89_N-terminal_membrane-binding_by_similarity;A89_N-terminal_oligomerization_by_similarity	False	0.0	0.3892283141613006	0.4073375630903164	0.0	9.74015491928499	23.91385274941617	90.58999633789062	False	1.0	0.545455	0.0	0.99403	0.0	0.0	0.219603	1.341449	0.882035	0.077922	0.0	0.0	0	0.0	0	0.210095	1.285536	0.887097	0.091398	0.0	0.0	0	0.0	0	0	0.0	0.219603	1.341449	0.882035	0.077922	0.0	0.0	0	none	0	none	0	none	none	max(insertion_type_count,local_deletion_type_count)	structural near-miss	2	AF_coil;hexamer_coil_fraction_ge_0.8	False		intermediate	remains unresolved	unresolved_exact_subset_too_small	False	unchanged_or_unresolved	29|30	29	I	30	D	29|30	29	exact_aligned	high	A89 flanking residues align directly to adjacent EV-A71 2C residues	24:KISKFI|DWIKSM:35	24:KISKFI|DWLKEK:35	29	30	29-30	insertional_handle_SGRPGSLS	8	-5.688607	0.019389	-5.688607	direct_insert_strongly_deleterious	-4.907761	-4.656447	-5.163455	-4.662776;-5.112464	1AAdel_right_residue	-4.656447	deletion_context_strongly_deleterious	-0.720188	Bakhache_2024_NatMicrobiol_Dryad_10.5061_dryad.866t1g1xm_QVEU_eva71_dimple_c99331a6	direct_experiment_unfavorable	direct_experiment_unfavorable
30|31	30	31	HIGH_RISK	A89_N-terminal_membrane-binding_by_similarity;A89_N-terminal_oligomerization_by_similarity	False	0.0	0.4335289895534515	0.4125907713473358	0.0	7.585599420635388	17.0999970319231	90.8499984741211	False	0.545455	1.0	0.99403	0.0	0.0	0.0	0.219603	1.341449	0.882035	0.077922	0.0	0.0	0	0.0	0	0.210095	1.285536	0.887097	0.091398	0.0	0.0	0	0.0	0	0	0.0	0.219603	1.341449	0.882035	0.077922	0.0	0.0	0	none	0	none	0	none	none	max(insertion_type_count,local_deletion_type_count)	structural near-miss	2	AF_coil;hexamer_coil_fraction_ge_0.8	False		intermediate	remains unresolved	unresolved_exact_subset_too_small	False	unchanged_or_unresolved	30|31	30	D	31	W	30|31	30	exact_aligned	high	A89 flanking residues align directly to adjacent EV-A71 2C residues	25:ISKFID|WIKSML:36	25:ISKFID|WLKEKI:36	30	31	30-31	insertional_handle_SGRPGSLS	8	-5.794666	0.018015	-5.794666	direct_insert_strongly_deleterious	-4.656447	-5.001948	-5.140243	-5.112464;-4.729874	1AAdel_left_residue	-4.656447	deletion_context_strongly_deleterious	-1.010330	Bakhache_2024_NatMicrobiol_Dryad_10.5061_dryad.866t1g1xm_QVEU_eva71_dimple_c99331a6	direct_experiment_unfavorable	direct_experiment_unfavorable
31|32	31	32	HIGH_RISK	A89_N-terminal_membrane-binding_by_similarity;A89_N-terminal_oligomerization_by_similarity	False	0.0	0.3567967414855957	0.342931076153079	0.0	7.585599420635388	17.0999970319231	90.23999786376952	False	1.0	0.077922	0.0	1.341449	0.0	0.0	0.219603	1.341449	0.882035	0.077922	0.0	0.0	0	0.0	0	0.210095	1.285536	0.887097	0.091398	0.0	0.0	0	0.0	0	0	0.0	0.219603	1.341449	0.882035	0.077922	0.0	0.0	0	none	0	none	0	none	none	max(insertion_type_count,local_deletion_type_count)	structural near-miss	2	AF_coil;hexamer_coil_fraction_ge_0.8	False		intermediate	remains unresolved	unresolved_exact_subset_too_small	False	unchanged_or_unresolved	31|32	31	W	32	I	31|32	31	exact_aligned	high	A89 flanking residues align directly to adjacent EV-A71 2C residues	26:SKFIDW|IKSMLP:37	26:SKFIDW|LKEKII:37	31	32	31-32	insertional_handle_SGRPGSLS	8	-5.747447	0.018614	-5.747447	direct_insert_strongly_deleterious	-5.001948	-4.681526	-4.380337	-4.729874;-5.037272	2AAdel_spanning_junction	-4.380337	deletion_context_strongly_deleterious	-2.607140	Bakhache_2024_NatMicrobiol_Dryad_10.5061_dryad.866t1g1xm_QVEU_eva71_dimple_c99331a6	direct_experiment_unfavorable	direct_experiment_unfavorable
32|33	32	33	HIGH_RISK	A89_N-terminal_membrane-binding_by_similarity;A89_N-terminal_oligomerization_by_similarity	False	0.0	0.3567967414855957	0.342931076153079	0.0	7.92059071902797	21.43627987039837	87.04000091552734	False	0.077922	0.987013	1.341449	0.100001	0.0	0.0	0.219603	1.341449	0.882035	0.077922	0.0	0.0	0	0.0	0	0.210095	1.285536	0.887097	0.091398	0.0	0.0	0	0.0	0	0	0.0	0.219603	1.341449	0.882035	0.077922	0.0	0.0	0	none	0	none	0	none	none	max(insertion_type_count,local_deletion_type_count)	structural near-miss	2	AF_coil;hexamer_coil_fraction_ge_0.8	False		intermediate	remains unresolved	unresolved_exact_subset_too_small	False	unchanged_or_unresolved	32|33	32	I	33	K	32|33	32	exact_aligned	high	A89 flanking residues align directly to adjacent EV-A71 2C residues	27:KFIDWI|KSMLPQ:38	27:KFIDWL|KEKIIP:38	32	33	32-33	insertional_handle_SGRPGSLS	8	-5.606036	0.020531	-5.606036	direct_insert_strongly_deleterious	-4.681526	-5.427436	-4.841410	-5.037272;-5.305791	1AAdel_left_residue	-4.681526	deletion_context_strongly_deleterious	-2.108086	Bakhache_2024_NatMicrobiol_Dryad_10.5061_dryad.866t1g1xm_QVEU_eva71_dimple_c99331a6	direct_experiment_unfavorable	direct_experiment_unfavorable
33|34	33	34	HIGH_RISK	A89_N-terminal_membrane-binding_by_similarity;A89_N-terminal_oligomerization_by_similarity	False	0.0	0.4137580096721649	0.4283050126926873	0.1059042812878691	6.3865247698501815	23.8140360519416	87.04000091552734	False	0.987013	0.974026	0.100001	0.199755	0.0	0.0	0.227936	1.341449	0.880952	0.077922	0.0	0.0	0	0.0	0	0.21724	1.285536	0.886201	0.091398	0.0	0.0	0	0.0	0	0	0.0	0.227936	1.341449	0.880952	0.077922	0.0	0.0	0	none	0	none	0	none	none	max(insertion_type_count,local_deletion_type_count)	background	3	AF_coil;hexamer_coil_fraction_ge_0.8;burial_lt_0.10	False		intermediate	remains unresolved	unresolved_exact_subset_too_small	False	unchanged_or_unresolved	33|34	33	K	34	S	33|34	33	exact_aligned	high	A89 flanking residues align directly to adjacent EV-A71 2C residues	28:FIDWIK|SMLPQA:39	28:FIDWLK|EKIIPA:39	33	34	33-34	insertional_handle_SGRPGSLS	8	-5.674522	0.019579	-5.674522	direct_insert_strongly_deleterious	-5.427436	-5.116480	-5.041601	-5.305791;-5.140243	2AAdel_spanning_junction	-5.041601	deletion_context_strongly_deleterious	-0.841134	Bakhache_2024_NatMicrobiol_Dryad_10.5061_dryad.866t1g1xm_QVEU_eva71_dimple_c99331a6	direct_experiment_unfavorable	direct_experiment_unfavorable
34|35	34	35	HIGH_RISK	A89_N-terminal_membrane-binding_by_similarity;A89_N-terminal_oligomerization_by_similarity	False	0.0	0.3866536915302276	0.3521181515284947	0.1945948698609725	5.276790886924877	18.01826120487846	86.11000061035156	False	0.974026	1.0	0.199755	0.0	0.0	0.0	0.291236	1.341449	0.866883	0.077922	0.0	0.0	0	0.0	0	0.275595	1.285536	0.873656	0.091398	0.0	0.0	0	0.0	0	0	0.0	0.291236	1.341449	0.866883	0.077922	0.0	0.0	0	none	0	none	0	none	none	max(insertion_type_count,local_deletion_type_count)	background	3	AF_coil;hexamer_coil_fraction_ge_0.8;burial_lt_0.10	False		intermediate	remains unresolved	unresolved_exact_subset_too_small	False	unchanged_or_unresolved	34|35	34	S	35	M	34|35;35|36	34-35	ambiguous	low	A89 junction spans multiple EV-A71 residues/junctions in the sequence alignment	29:IDWIKS|MLPQAQ:40		34	36	34-36	insertional_handle_SGRPGSLS	8	-5.476475	0.022460	-5.476475;-5.716195	direct_insert_strongly_deleterious							no_direct_deletion_context		Bakhache_2024_NatMicrobiol_Dryad_10.5061_dryad.866t1g1xm_QVEU_eva71_dimple_c99331a6	mapping_uncertain	mapping_uncertain
35|36	35	36	HIGH_RISK	A89_N-terminal_membrane-binding_by_similarity;A89_N-terminal_oligomerization_by_similarity	False	0.0	0.3866536915302276	0.3521181515284947	0.1945948698609725	5.276790886924877	18.01826120487846	86.11000061035156	False	1.0	1.0	0.0	0.0	0.0	0.0	0.305718	1.341449	0.864719	0.077922	0.0	0.0	0	0.0	0	0.288079	1.285536	0.871864	0.091398	0.0	0.0	0	0.0	0	0	0.0	0.305718	1.341449	0.864719	0.077922	0.0	0.0	0	none	0	none	0	none	none	max(insertion_type_count,local_deletion_type_count)	background	3	AF_coil;hexamer_coil_fraction_ge_0.8;burial_lt_0.10	False		intermediate	remains unresolved	unresolved_exact_subset_too_small	False	unchanged_or_unresolved	35|36	35	M	36	L	36|37	36	exact_aligned	high	A89 flanking residues align directly to adjacent EV-A71 2C residues	30:DWIKSM|LPQAQL:41	31:WLKEKI|IPAAKE:42	36	37	36-37	insertional_handle_SGRPGSLS	8	-5.476475	0.022460	-5.476475	direct_insert_strongly_deleterious	-4.825452	-4.872581	-5.140243	-5.258244;-5.001948	1AAdel_left_residue	-4.825452	deletion_context_strongly_deleterious	-1.968107	Bakhache_2024_NatMicrobiol_Dryad_10.5061_dryad.866t1g1xm_QVEU_eva71_dimple_c99331a6	direct_experiment_unfavorable	direct_experiment_unfavorable
36|37	36	37	HIGH_RISK	A89_N-terminal_membrane-binding_by_similarity;A89_N-terminal_oligomerization_by_similarity	False	0.0	0.4173215329647064	0.4541169351606227	0.0	7.54248047418891	24.25704921633069	85.12000274658203	False	1.0	1.0	0.0	0.0	0.0	0.0	0.222882	1.341449	0.902597	0.077922	0.0	0.0	0	0.0	0	0.206534	1.285536	0.906362	0.091398	0.0	0.0	0	0.0	0	0	0.0	0.222882	1.341449	0.902597	0.077922	0.0	0.0	0	none	0	none	0	none	none	max(insertion_type_count,local_deletion_type_count)	structural near-miss	2	AF_coil;hexamer_coil_fraction_ge_0.8	False		conserved	weakens	unresolved_exact_subset_too_small	False	decreased; conserved local window	36|37	36	L	37	P	37|38	37	exact_aligned	high	A89 flanking residues align directly to adjacent EV-A71 2C residues	31:WIKSML|PQAQLK:42	32:LKEKII|PAAKEK:43	37	38	37-38	insertional_handle_SGRPGSLS	8	-5.386052	0.023913	-5.386052	direct_insert_strongly_deleterious	-4.872581	-4.922467	-5.050203	-5.001948;-4.650077	3AAdel_spanning_option_2	-4.650077	deletion_context_strongly_deleterious	-2.769747	Bakhache_2024_NatMicrobiol_Dryad_10.5061_dryad.866t1g1xm_QVEU_eva71_dimple_c99331a6	direct_experiment_unfavorable	direct_experiment_unfavorable
37|38	37	38	HIGH_RISK	A89_N-terminal_membrane-binding_by_similarity;A89_N-terminal_oligomerization_by_similarity	False	0.0	0.4173215329647064	0.3825437362105758	0.3428126370245481	3.3957818640344923	20.724569873100688	85.11000061035156	False	1.0	1.0	0.0	0.0	0.0	0.0	0.298126	1.341449	0.835498	0.077922	0.0	0.0	0	0.0	0	0.2784	1.285536	0.83871	0.091398	0.0	0.0	0	0.0	0	0	0.0	0.298126	1.341449	0.835498	0.077922	0.0	0.0	0	none	0	none	0	none	none	max(insertion_type_count,local_deletion_type_count)	background	4	AF_coil;hexamer_coil_fraction_ge_0.8;burial_lt_0.10;interprotomer_distance_gt_4.5A	False		intermediate	remains unresolved	unresolved_exact_subset_too_small	False	unchanged_or_unresolved	37|38	37	P	38	Q	38|39	38	exact_aligned	high	A89 flanking residues align directly to adjacent EV-A71 2C residues	32:IKSMLP|QAQLKI:43	33:KEKIIP|AAKEKV:44	38	39	38-39	insertional_handle_SGRPGSLS	8	-5.373353	0.024125	-5.373353	direct_insert_strongly_deleterious	-4.922467	-4.057165	-3.934312	-4.650077;-4.380337	2AAdel_spanning_junction	-3.934312	deletion_context_strongly_deleterious	-2.195853	Bakhache_2024_NatMicrobiol_Dryad_10.5061_dryad.866t1g1xm_QVEU_eva71_dimple_c99331a6	direct_experiment_unfavorable	direct_experiment_unfavorable
38|39	38	39	HIGH_RISK	A89_N-terminal_membrane-binding_by_similarity;A89_N-terminal_oligomerization_by_similarity	False	0.0	0.3792674541473388	0.3273100939215924	0.3428126370245481	3.3957818640344923	20.724569873100688	85.11000061035156	False	1.0	0.987013	0.0	0.100001	0.0	0.0	0.278937	1.111174	0.837662	0.103896	0.0	0.0	0	0.0	0	0.262485	1.094556	0.840054	0.107527	0.0	0.0	0	0.0	0	0	0.0	0.278937	1.111174	0.837662	0.103896	0.0	0.0	0	none	0	none	0	none	none	max(insertion_type_count,local_deletion_type_count)	background	4	AF_coil;hexamer_coil_fraction_ge_0.8;burial_lt_0.10;interprotomer_distance_gt_4.5A	False		intermediate	remains unresolved	unresolved_exact_subset_too_small	False	unchanged_or_unresolved	38|39	38	Q	39	A	39|40	39	exact_aligned	high	A89 flanking residues align directly to adjacent EV-A71 2C residues	33:KSMLPQ|AQLKID:44	34:EKIIPA|AKEKVE:45	39	40	39-40	insertional_handle_SGRPGSLS	8	-5.453150	0.022826	-5.453150	direct_insert_strongly_deleterious	-4.057165	-4.363459	-4.452950	-4.380337;-4.675315	1AAdel_left_residue	-4.057165	deletion_context_strongly_deleterious	-1.204143	Bakhache_2024_NatMicrobiol_Dryad_10.5061_dryad.866t1g1xm_QVEU_eva71_dimple_c99331a6	direct_experiment_unfavorable	direct_experiment_unfavorable
39|40	39	40	HIGH_RISK	A89_N-terminal_membrane-binding_by_similarity;A89_N-terminal_oligomerization_by_similarity	False	0.0	0.3792674541473388	0.3273100939215924	0.0	9.46033338977708	22.56688539527572	85.33000183105469	False	0.987013	0.831169	0.100001	0.759595	0.0	0.0	0.313964	1.111174	0.829004	0.103896	0.0	0.0	0	0.0	0	0.294988	1.094556	0.832437	0.107527	0.0	0.0	0	0.0	0	0	0.0	0.313964	1.111174	0.829004	0.103896	0.0	0.0	0	none	0	none	0	none	none	max(insertion_type_count,local_deletion_type_count)	structural near-miss	2	AF_coil;hexamer_coil_fraction_ge_0.8	False		intermediate	remains unresolved	unresolved_exact_subset_too_small	False	unchanged_or_unresolved	39|40	39	A	40	Q	40|41	40	exact_aligned	high	A89 flanking residues align directly to adjacent EV-A71 2C residues	34:SMLPQA|QLKIDY:45	35:KIIPAA|KEKVEF:46	40	41	40-41	insertional_handle_SGRPGSLS	8	-5.360491	0.024341	-5.360491	direct_insert_strongly_deleterious	-4.363459	-5.028557	-4.775992	-4.675315;-4.328824	3AAdel_spanning_option_2	-4.328824	deletion_context_strongly_deleterious	-1.465444	Bakhache_2024_NatMicrobiol_Dryad_10.5061_dryad.866t1g1xm_QVEU_eva71_dimple_c99331a6	direct_experiment_unfavorable	direct_experiment_unfavorable
40|41	40	41	HIGH_RISK	A89_N-terminal_membrane-binding_by_similarity;A89_N-terminal_oligomerization_by_similarity	False	0.0	0.3778323531150818	0.3341553120273065	0.0	8.648653268484932	24.152726954603747	85.55999755859375	False	0.831169	0.974026	0.759595	0.173781	0.0	0.0	0.351903	1.111174	0.8171	0.103896	0.0	0.0	0	0.0	0	0.331644	1.094556	0.821685	0.107527	0.0	0.0	0	0.0	0	0	0.0	0.351903	1.111174	0.8171	0.103896	0.0	0.0	0	none	0	none	0	none	none	max(insertion_type_count,local_deletion_type_count)	structural near-miss	2	AF_coil;hexamer_coil_fraction_ge_0.8	False		intermediate	remains unresolved	unresolved_exact_subset_too_small	False	unchanged_or_unresolved	40|41	40	Q	41	L	41|42	41	exact_aligned	high	A89 flanking residues align directly to adjacent EV-A71 2C residues	35:MLPQAQ|LKIDYL:46	36:IIPAAK|EKVEFL:47	41	42	41-42	insertional_handle_SGRPGSLS	8	-5.764877	0.018391	-5.764877	direct_insert_strongly_deleterious	-5.028557	-4.825452	-4.841410	-4.328824;-5.208323	3AAdel_spanning_option_1	-4.328824	deletion_context_strongly_deleterious	-2.064628	Bakhache_2024_NatMicrobiol_Dryad_10.5061_dryad.866t1g1xm_QVEU_eva71_dimple_c99331a6	direct_experiment_unfavorable	direct_experiment_unfavorable
41|42	41	42	HIGH_RISK	A89_N-terminal_membrane-binding_by_similarity;A89_N-terminal_oligomerization_by_similarity	False	0.0	0.3152824640274048	0.3341553120273065	0.0	8.648653268484932	16.13192447836819	86.0199966430664	False	0.974026	1.0	0.173781	0.0	0.0	0.0	0.533563	2.179913	0.738095	0.051948	0.0	0.0	0	0.0	0	0.5119	2.163079	0.743279	0.05914	0.0	0.0	0	0.0	0	0	0.0	0.533902	2.183979	0.738095	0.051948	0.0	0.0	0	none	0	none	0	none	none	max(insertion_type_count,local_deletion_type_count)	structural near-miss	2	AF_coil;hexamer_coil_fraction_ge_0.8	False		intermediate	remains unresolved	unresolved_exact_subset_too_small	False	unchanged_or_unresolved	41|42	41	L	42	K	42|43	42	exact_aligned	high	A89 flanking residues align directly to adjacent EV-A71 2C residues	36:LPQAQL|KIDYLT:47	37:IPAAKE|KVEFLN:48	42	43	42-43	insertional_handle_SGRPGSLS	8	-5.697888	0.019265	-5.697888	direct_insert_strongly_deleterious	-4.825452	-5.032924	-5.189872	-5.208323;-4.803771	3AAdel_spanning_option_2	-4.803771	deletion_context_strongly_deleterious	-2.955119	Bakhache_2024_NatMicrobiol_Dryad_10.5061_dryad.866t1g1xm_QVEU_eva71_dimple_c99331a6	direct_experiment_unfavorable	direct_experiment_unfavorable
42|43	42	43	HIGH_RISK	A89_N-terminal_membrane-binding_by_similarity;A89_N-terminal_oligomerization_by_similarity	False	0.0	0.3152824640274048	0.3686150480798408	0.0	8.781699827724397	16.13192447836819	85.93000030517578	False	1.0	0.194805	0.0	0.902932	0.0	0.0	0.656765	2.179913	0.661255	0.051948	0.0	0.0	0	0.0	0	0.630049	2.163079	0.667563	0.05914	0.0	0.0	0	0.0	0	0	0.0	0.657104	2.183979	0.661255	0.051948	0.0	0.0	0	none	0	none	0	none	none	max(insertion_type_count,local_deletion_type_count)	structural near-miss	2	AF_coil;hexamer_coil_fraction_ge_0.8	False		variable	supports	unresolved_exact_subset_too_small	False	outside_strict_review_only; near-miss plus V2 evolutionary support	42|43	42	K	43	I	43|44	43	exact_aligned	high	A89 flanking residues align directly to adjacent EV-A71 2C residues	37:PQAQLK|IDYLTK:48	38:PAAKEK|VEFLNN:49	43	44	43-44	insertional_handle_SGRPGSLS	8	-5.272597	0.025870	-5.272597	direct_insert_strongly_deleterious	-5.032924	-4.862299	-5.015341	-4.803771;-5.088023	3AAdel_spanning_option_1	-4.803771	deletion_context_strongly_deleterious	-2.226254	Bakhache_2024_NatMicrobiol_Dryad_10.5061_dryad.866t1g1xm_QVEU_eva71_dimple_c99331a6	direct_experiment_unfavorable	direct_experiment_unfavorable
43|44	43	44	HIGH_RISK	A89_N-terminal_membrane-binding_by_similarity;A89_N-terminal_oligomerization_by_similarity	False	0.0	0.3378402590751648	0.3179676668631598	0.0	8.781699827724397	23.462485336288395	85.93000030517578	False	0.194805	0.103896	0.902932	1.111174	0.0	0.0	0.68781	2.179913	0.656926	0.051948	0.0	0.0	0	0.0	0	0.663503	2.163079	0.662634	0.05914	0.0	0.0	0	0.0	0	0	0.0	0.688149	2.183979	0.656926	0.051948	0.0	0.0	0	none	0	none	0	none	none	max(insertion_type_count,local_deletion_type_count)	structural near-miss	2	AF_coil;hexamer_coil_fraction_ge_0.8	False		variable	supports	unresolved_exact_subset_too_small	False	outside_strict_review_only; near-miss plus V2 evolutionary support	43|44	43	I	44	D	44|45	44	exact_aligned	high	A89 flanking residues align directly to adjacent EV-A71 2C residues	38:QAQLKI|DYLTKL:49	39:AAKEKV|EFLNNL:50	44	45	44-45	insertional_handle_SGRPGSLS	8	-5.635963	0.020110	-5.635963	direct_insert_strongly_deleterious	-4.862299	-4.693834	-4.941745	-5.088023;-4.770342	1AAdel_right_residue	-4.693834	deletion_context_strongly_deleterious	-1.610002	Bakhache_2024_NatMicrobiol_Dryad_10.5061_dryad.866t1g1xm_QVEU_eva71_dimple_c99331a6	direct_experiment_unfavorable	direct_experiment_unfavorable
44|45	44	45	HIGH_RISK	A89_N-terminal_membrane-binding_by_similarity;A89_N-terminal_oligomerization_by_similarity	False	0.0	0.0008487476734444	0.0	0.0	9.950103665681892	18.90997415132494	87.5199966430664	False	0.103896	0.883117	1.111174	0.520335	0.0	0.0	0.696143	2.179913	0.655844	0.051948	0.0	0.0	0	0.0	0	0.670649	2.163079	0.661738	0.05914	0.0	0.0	0	0.0	0	0	0.0	0.696482	2.183979	0.655844	0.051948	0.0	0.0	0	none	0	none	0	none	none	max(insertion_type_count,local_deletion_type_count)	background	4	AF_coil;hexamer_coil_fraction_ge_0.8;AF_rSASA_ge_0.25;hexamer_rSASA_ge_0.25	False		variable	supports	unresolved_exact_subset_too_small	False	unchanged_or_unresolved	44|45	44	D	45	Y	45|46	45	exact_aligned	high	A89 flanking residues align directly to adjacent EV-A71 2C residues	39:AQLKID|YLTKLK:50	40:AKEKVE|FLNNLK:51	45	46	45-46	insertional_handle_SGRPGSLS	8	-5.595858	0.020677	-5.595858	direct_insert_strongly_deleterious	-4.693834	-4.604317	-5.215609	-4.770342;-4.630722	1AAdel_right_residue	-4.604317	deletion_context_strongly_deleterious	-2.487443	Bakhache_2024_NatMicrobiol_Dryad_10.5061_dryad.866t1g1xm_QVEU_eva71_dimple_c99331a6	direct_experiment_unfavorable	direct_experiment_unfavorable
45|46	45	46	HIGH_RISK	A89_N-terminal_membrane-binding_by_similarity;A89_N-terminal_oligomerization_by_similarity	False	0.0	0.0008487476734444	0.0	0.0251178479959423	6.895842084633951	18.90997415132494	88.05999755859375	False	0.883117	0.831169	0.520335	0.655024	0.0	0.0	0.766088	2.179913	0.59632	0.051948	0.0	0.0	0	0.0	0	0.741496	2.163079	0.600806	0.05914	0.0	0.0	0	0.0	0	0	0.0	0.766427	2.183979	0.59632	0.051948	0.0	0.0	0	none	0	none	0	none	none	max(insertion_type_count,local_deletion_type_count)	background	4	AF_coil;hexamer_coil_fraction_ge_0.8;AF_rSASA_ge_0.25;hexamer_rSASA_ge_0.25	False		variable	supports	unresolved_exact_subset_too_small	False	unchanged_or_unresolved	45|46	45	Y	46	L	46|47	46	exact_aligned	high	A89 flanking residues align directly to adjacent EV-A71 2C residues	40:QLKIDY|LTKLKQ:51	41:KEKVEF|LNNLKQ:52	46	47	46-47	insertional_handle_SGRPGSLS	8	-5.340883	0.024674	-5.340883	direct_insert_strongly_deleterious	-4.604317	-4.781610	-4.687699	-4.630722;-4.897835	1AAdel_left_residue	-4.604317	deletion_context_strongly_deleterious	-2.910966	Bakhache_2024_NatMicrobiol_Dryad_10.5061_dryad.866t1g1xm_QVEU_eva71_dimple_c99331a6	direct_experiment_unfavorable	direct_experiment_unfavorable
46|47	46	47	HIGH_RISK	A89_N-terminal_membrane-binding_by_similarity;A89_N-terminal_oligomerization_by_similarity	False	0.0	0.330196738243103	0.3015147251869315	0.0251178479959423	6.895842084633951	20.024468182104204	88.05999755859375	False	0.831169	0.051948	0.655024	2.179913	0.0	0.0	0.702788	2.179913	0.61039	0.051948	0.0	0.0	0	0.0	0	0.683142	2.163079	0.613351	0.05914	0.0	0.0	0	0.0	0	0	0.0	0.703127	2.183979	0.61039	0.051948	0.0	0.0	0	none	0	none	0	none	none	max(insertion_type_count,local_deletion_type_count)	structural near-miss	2	AF_coil;hexamer_coil_fraction_ge_0.8	False		variable	supports	unresolved_exact_subset_too_small	False	outside_strict_review_only; near-miss plus V2 evolutionary support	46|47	46	L	47	T	47|48	47	exact_aligned	high	A89 flanking residues align directly to adjacent EV-A71 2C residues	41:LKIDYL|TKLKQL:52	42:EKVEFL|NNLKQL:53	47	48	47-48	insertional_handle_SGRPGSLS	8	-5.559395	0.021206	-5.559395	direct_insert_strongly_deleterious	-4.781610	-4.846673	-5.148041	-4.897835;-4.851909	1AAdel_left_residue	-4.781610	deletion_context_strongly_deleterious	-1.916436	Bakhache_2024_NatMicrobiol_Dryad_10.5061_dryad.866t1g1xm_QVEU_eva71_dimple_c99331a6	direct_experiment_unfavorable	direct_experiment_unfavorable
47|48	47	48	HIGH_RISK	A89_N-terminal_membrane-binding_by_similarity;A89_N-terminal_oligomerization_by_similarity	False	0.0	0.2257784754037857	0.2030699724531443	0.0	8.836898446920639	25.382761688666463	88.08000183105469	False	0.051948	0.077922	2.179913	1.478425	0.0	0.0	0.82145	2.179913	0.57684	0.051948	0.0	0.0	0	0.0	0	0.798241	2.163079	0.581541	0.05914	0.0	0.0	0	0.0	0	0	0.0	0.821789	2.183979	0.57684	0.051948	0.0	0.0	0	none	0	none	0	none	none	max(insertion_type_count,local_deletion_type_count)	background	4	AF_coil;hexamer_coil_fraction_ge_0.8;AF_rSASA_ge_0.25;hexamer_rSASA_ge_0.25	False		variable	supports	unresolved_exact_subset_too_small	False	unchanged_or_unresolved	47|48	47	T	48	K	48|49	48	exact_aligned	high	A89 flanking residues align directly to adjacent EV-A71 2C residues	42:KIDYLT|KLKQLN:53	43:KVEFLN|NLKQLP:54	48	49	48-49	insertional_handle_SGRPGSLS	8	-5.600960	0.020604	-5.600960	direct_insert_strongly_deleterious	-4.846673	-5.019766	-5.328743	-4.851909;-4.941745	1AAdel_left_residue	-4.846673	deletion_context_strongly_deleterious	-1.403621	Bakhache_2024_NatMicrobiol_Dryad_10.5061_dryad.866t1g1xm_QVEU_eva71_dimple_c99331a6	direct_experiment_unfavorable	direct_experiment_unfavorable
48|49	48	49	HIGH_RISK	A89_N-terminal_membrane-binding_by_similarity;A89_N-terminal_oligomerization_by_similarity	False	0.0	0.1425718367099762	0.1294613453879285	0.0464073114752538	6.384070366179198	20.02653291143536	88.16000366210938	False	0.077922	0.948052	1.478425	0.372537	0.0	0.0	0.890313	2.179913	0.555195	0.051948	0.0	0.0	0	0.0	0	0.864014	2.163079	0.561828	0.05914	0.0	0.0	0	0.0	0	0	0.0	0.890101	2.183979	0.555556	0.051948	0.0	0.0	0	none	0	none	0	none	none	max(insertion_type_count,local_deletion_type_count)	background	4	AF_coil;hexamer_coil_fraction_ge_0.8;AF_rSASA_ge_0.25;hexamer_rSASA_ge_0.25	False		variable	supports	unresolved_exact_subset_too_small	False	unchanged_or_unresolved	48|49	48	K	49	L	49|50	49	exact_aligned	high	A89 flanking residues align directly to adjacent EV-A71 2C residues	43:IDYLTK|LKQLNL:54	44:VEFLNN|LKQLPL:55	49	50	49-50	insertional_handle_SGRPGSLS	8	-5.747447	0.018614	-5.747447	direct_insert_strongly_deleterious	-5.019766	-5.219232	-5.124464	-4.941745;-4.820076	3AAdel_spanning_option_2	-4.820076	deletion_context_strongly_deleterious	-2.180679	Bakhache_2024_NatMicrobiol_Dryad_10.5061_dryad.866t1g1xm_QVEU_eva71_dimple_c99331a6	direct_experiment_unfavorable	direct_experiment_unfavorable
49|50	49	50	HIGH_RISK	A89_N-terminal_membrane-binding_by_similarity;A89_N-terminal_oligomerization_by_similarity	False	0.0	0.1425718367099762	0.1294613453879285	0.2538375144473472	3.3957818640344923	20.02653291143536	87.11000061035156	False	0.948052	0.987013	0.372537	0.100001	0.0	0.0	0.858232	2.179913	0.614719	0.051948	0.0	0.0	0	0.0	0	0.834902	2.163079	0.621864	0.05914	0.0	0.0	0	0.0	0	0	0.0	0.85802	2.183979	0.615079	0.051948	0.0	0.0	0	none	0	none	0	none	none	max(insertion_type_count,local_deletion_type_count)	background	6	AF_coil;hexamer_coil_fraction_ge_0.8;AF_rSASA_ge_0.25;hexamer_rSASA_ge_0.25;burial_lt_0.10;interprotomer_distance_gt_4.5A	False		variable	supports	unresolved_exact_subset_too_small	False	unchanged_or_unresolved	49|50	49	L	50	K	50|51	50	exact_aligned	high	A89 flanking residues align directly to adjacent EV-A71 2C residues	44:DYLTKL|KQLNLL:55	45:EFLNNL|KQLPLL:56	50	51	50-51	insertional_handle_SGRPGSLS	8	-5.595858	0.020677	-5.595858	direct_insert_strongly_deleterious	-5.219232	-4.476028	-5.037272	-4.820076;-4.718004	1AAdel_right_residue	-4.476028	deletion_context_strongly_deleterious	-2.479930	Bakhache_2024_NatMicrobiol_Dryad_10.5061_dryad.866t1g1xm_QVEU_eva71_dimple_c99331a6	direct_experiment_unfavorable	direct_experiment_unfavorable
50|51	50	51	HIGH_RISK	A89_N-terminal_membrane-binding_by_similarity;A89_N-terminal_oligomerization_by_similarity	True	0.6666666666666666	0.3757533133029938	0.3327042191116898	0.2538375144473472	3.3957818640344923	24.412302711969676	87.11000061035156	False	0.987013	0.272727	0.100001	0.939339	0.0	0.0	0.765634	2.179913	0.689394	0.051948	0.0	0.0	0	0.0	0	0.743689	2.163079	0.696237	0.05914	0.0	0.0	0	0.0	0	0	0.0	0.765422	2.183979	0.689755	0.051948	0.0	0.0	0	none	0	none	0	none	none	max(insertion_type_count,local_deletion_type_count)	background	3	hexamer_coil_fraction_ge_0.8;burial_lt_0.10;interprotomer_distance_gt_4.5A	False		variable	supports	unresolved_exact_subset_too_small	False	unchanged_or_unresolved	50|51	50	K	51	Q	51|52	51	exact_aligned	high	A89 flanking residues align directly to adjacent EV-A71 2C residues	45:YLTKLK|QLNLLE:56	46:FLNNLK|QLPLLE:57	51	52	51-52	insertional_handle_SGRPGSLS	8	-5.559395	0.021206	-5.559395	direct_insert_strongly_deleterious	-4.476028	-4.437263	-5.178636	-4.718004;-4.922467	1AAdel_right_residue	-4.437263	deletion_context_strongly_deleterious	-1.819115	Bakhache_2024_NatMicrobiol_Dryad_10.5061_dryad.866t1g1xm_QVEU_eva71_dimple_c99331a6	direct_experiment_unfavorable	direct_experiment_unfavorable
51|52	51	52	HIGH_RISK	A89_N-terminal_membrane-binding_by_similarity;A89_N-terminal_oligomerization_by_similarity	False	0.0	0.0175236277282238	0.0110059935803437	0.0	6.412801823643846	20.71853776333036	88.37000274658203	False	0.272727	1.0	0.939339	0.0	0.0	0.0	0.722273	2.179913	0.699134	0.051948	0.0	0.0	0	0.0	0	0.704041	2.163079	0.704749	0.05914	0.0	0.0	0	0.0	0	0	0.0	0.722061	2.183979	0.699495	0.051948	0.0	0.0	0	none	0	none	0	none	none	max(insertion_type_count,local_deletion_type_count)	background	4	AF_coil;hexamer_coil_fraction_ge_0.8;AF_rSASA_ge_0.25;hexamer_rSASA_ge_0.25	False		variable	supports	unresolved_exact_subset_too_small	False	unchanged_or_unresolved	51|52	51	Q	52	L	52|53	52	exact_aligned	high	A89 flanking residues align directly to adjacent EV-A71 2C residues	46:LTKLKQ|LNLLEK:57	47:LNNLKQ|LPLLEN:58	52	53	52-53	insertional_handle_SGRPGSLS	8	-5.300473	0.025375	-5.300473	direct_insert_strongly_deleterious	-4.437263	-4.337596	-4.556363	-4.922467;-4.527891	1AAdel_right_residue	-4.337596	deletion_context_strongly_deleterious	-1.962244	Bakhache_2024_NatMicrobiol_Dryad_10.5061_dryad.866t1g1xm_QVEU_eva71_dimple_c99331a6	direct_experiment_unfavorable	direct_experiment_unfavorable
52|53	52	53	HIGH_RISK	A89_N-terminal_membrane-binding_by_similarity;A89_N-terminal_oligomerization_by_similarity	False	0.0	0.0175236277282238	0.0110059935803437	0.8349649544852223	2.77891632887036	20.71853776333036	88.37000274658203	False	1.0	0.571429	0.0	1.597722	0.0	0.0	0.708795	2.179913	0.705628	0.051948	0.0	0.0	0	0.0	0	0.693354	2.163079	0.710125	0.05914	0.0	0.0	0	0.0	0	0	0.0	0.708583	2.183979	0.705989	0.051948	0.0	0.0	0	none	0	none	0	none	none	max(insertion_type_count,local_deletion_type_count)	background	6	AF_coil;hexamer_coil_fraction_ge_0.8;AF_rSASA_ge_0.25;hexamer_rSASA_ge_0.25;burial_lt_0.10;interprotomer_distance_gt_4.5A	False		intermediate	remains unresolved	unresolved_exact_subset_too_small	False	unchanged_or_unresolved	52|53	52	L	53	N	53|54	53	exact_aligned	high	A89 flanking residues align directly to adjacent EV-A71 2C residues	47:TKLKQL|NLLEKQ:58	48:NNLKQL|PLLENQ:59	53	54	53-54	insertional_handle_SGRPGSLS	8	-5.764877	0.018391	-5.764877	direct_insert_strongly_deleterious	-4.337596	-4.650077	-4.505993	-4.527891;-4.498585	1AAdel_left_residue	-4.337596	deletion_context_strongly_deleterious	-2.042979	Bakhache_2024_NatMicrobiol_Dryad_10.5061_dryad.866t1g1xm_QVEU_eva71_dimple_c99331a6	direct_experiment_unfavorable	direct_experiment_unfavorable
53|54	53	54	HIGH_RISK	A89_N-terminal_membrane-binding_by_similarity;A89_N-terminal_oligomerization_by_similarity	False	0.0	0.4748033583164215	0.108179811330942	0.8349649544852223	2.77891632887036	22.75715068051648	87.80000305175781	False	0.571429	0.74026	1.597722	0.826354	0.0	0.0	0.631672	1.597722	0.756494	0.077922	0.0	0.0	0	0.0	0	0.616876	1.531	0.760753	0.091398	0.0	0.0	0	0.0	0	0	0.0	0.63191	1.597722	0.756494	0.077922	0.0	0.0	0	none	0	none	0	none	none	max(insertion_type_count,local_deletion_type_count)	background	5	AF_coil;hexamer_coil_fraction_ge_0.8;hexamer_rSASA_ge_0.25;burial_lt_0.10;interprotomer_distance_gt_4.5A	False		intermediate	remains unresolved	unresolved_exact_subset_too_small	False	unchanged_or_unresolved	53|54	53	N	54	L	54|55	54	exact_aligned	high	A89 flanking residues align directly to adjacent EV-A71 2C residues	48:KLKQLN|LLEKQI:59	49:NLKQLP|LLENQI:60	54	55	54-55	insertional_handle_SGRPGSLS	8	-5.595858	0.020677	-5.595858	direct_insert_strongly_deleterious	-4.650077	-4.809236	-4.798277	-4.498585;-4.705992	3AAdel_spanning_option_1	-4.498585	deletion_context_strongly_deleterious	-2.275945	Bakhache_2024_NatMicrobiol_Dryad_10.5061_dryad.866t1g1xm_QVEU_eva71_dimple_c99331a6	direct_experiment_unfavorable	direct_experiment_unfavorable
54|55	54	55	HIGH_RISK	A89_N-terminal_membrane-binding_by_similarity;A89_N-terminal_oligomerization_by_similarity	False	0.0	0.0256595984101295	0.0193748912012596	0.0	6.675570779982434	26.95524225194933	86.8499984741211	False	0.74026	0.909091	0.826354	0.517962	0.0	0.0	0.577333	1.597722	0.811688	0.272727	0.0	0.0	0	0.0	0	0.565248	1.531	0.816308	0.258065	0.0	0.0	0	0.0	0	0	0.0	0.577571	1.597722	0.811688	0.272727	0.0	0.0	0	none	0	none	0	none	none	max(insertion_type_count,local_deletion_type_count)	background	4	AF_coil;hexamer_coil_fraction_ge_0.8;AF_rSASA_ge_0.25;hexamer_rSASA_ge_0.25	False		intermediate	remains unresolved	unresolved_exact_subset_too_small	False	unchanged_or_unresolved	54|55	54	L	55	L	55|56	55	exact_aligned	high	A89 flanking residues align directly to adjacent EV-A71 2C residues	49:LKQLNL|LEKQIE:60	50:LKQLPL|LENQIS:61	55	56	55-56	insertional_handle_SGRPGSLS	8	-5.621111	0.020318	-5.621111	direct_insert_strongly_deleterious	-4.809236	-5.075574	-5.050203	-4.705992;-4.841410	3AAdel_spanning_option_1	-4.705992	deletion_context_strongly_deleterious	-3.024841	Bakhache_2024_NatMicrobiol_Dryad_10.5061_dryad.866t1g1xm_QVEU_eva71_dimple_c99331a6	direct_experiment_unfavorable	direct_experiment_unfavorable
55|56	55	56	HIGH_RISK	A89_N-terminal_membrane-binding_by_similarity;A89_N-terminal_oligomerization_by_similarity	False	0.0	0.0256595984101295	0.0193748912012596	0.3419370941955444	3.777539486036115	20.67043017542177	86.75	False	0.909091	1.0	0.517962	0.0	0.0	0.0	0.724516	2.138732	0.737013	0.051948	0.0	0.0	0	0.0	0	0.709628	2.134017	0.74328	0.064516	0.0	0.0	0	0.0	0	0	0.0	0.724753	2.138732	0.737013	0.051948	0.0	0.0	0	none	0	none	0	none	none	max(insertion_type_count,local_deletion_type_count)	background	6	AF_coil;hexamer_coil_fraction_ge_0.8;AF_rSASA_ge_0.25;hexamer_rSASA_ge_0.25;burial_lt_0.10;interprotomer_distance_gt_4.5A	False		intermediate	remains unresolved	unresolved_exact_subset_too_small	False	unchanged_or_unresolved	55|56	55	L	56	E	56|57	56	exact_aligned	high	A89 flanking residues align directly to adjacent EV-A71 2C residues	50:KQLNLL|EKQIET:61	51:KQLPLL|ENQISN:62	56	57	56-57	insertional_handle_SGRPGSLS	8	-5.575185	0.020975	-5.575185	direct_insert_strongly_deleterious	-5.075574	-4.637215	-4.983807	-4.841410;-4.979220	1AAdel_right_residue	-4.637215	deletion_context_strongly_deleterious	-2.895968	Bakhache_2024_NatMicrobiol_Dryad_10.5061_dryad.866t1g1xm_QVEU_eva71_dimple_c99331a6	direct_experiment_unfavorable	direct_experiment_unfavorable
56|57	56	57	HIGH_RISK	A89_N-terminal_membrane-binding_by_similarity;A89_N-terminal_oligomerization_by_similarity	False	0.0	0.235518530011177	0.181070453204738	0.3620447603734189	2.610017448031644	20.67043017542177	84.7699966430664	False	1.0	1.0	0.0	0.0	0.0	0.0	0.745076	2.138732	0.660173	0.051948	0.0	0.0	0	0.0	0	0.73459	2.134017	0.667115	0.064516	0.0	0.0	0	0.0	0	0	0.0	0.745314	2.138732	0.660173	0.051948	0.0	0.0	0	none	0	none	0	none	none	max(insertion_type_count,local_deletion_type_count)	background	6	AF_coil;hexamer_coil_fraction_ge_0.8;AF_rSASA_ge_0.25;hexamer_rSASA_ge_0.25;burial_lt_0.10;interprotomer_distance_gt_4.5A	False		variable	supports	unresolved_exact_subset_too_small	False	unchanged_or_unresolved	56|57	56	E	57	K	57|58	57	exact_aligned	high	A89 flanking residues align directly to adjacent EV-A71 2C residues	51:QLNLLE|KQIETI:62	52:QLPLLE|NQISNL:63	57	58	57-58	insertional_handle_SGRPGSLS	8	-5.585575	0.020824	-5.585575	direct_insert_strongly_deleterious	-4.637215	-4.630722	-5.148041	-4.979220;-4.892835	1AAdel_right_residue	-4.630722	deletion_context_strongly_deleterious	-2.926318	Bakhache_2024_NatMicrobiol_Dryad_10.5061_dryad.866t1g1xm_QVEU_eva71_dimple_c99331a6	direct_experiment_unfavorable	direct_experiment_unfavorable
57|58	57	58	HIGH_RISK	A89_N-terminal_membrane-binding_by_similarity;A89_N-terminal_oligomerization_by_similarity	False	0.0	0.3012292683124542	0.2781775891339337	0.3620447603734189	2.610017448031644	27.38120167106153	84.7699966430664	False	1.0	0.909091	0.0	0.493285	0.0	0.0	0.689572	2.138732	0.717533	0.051948	0.0	0.0	0	0.0	0	0.676198	2.134017	0.726255	0.064516	0.0	0.0	0	0.0	0	0	0.0	0.68981	2.138732	0.717533	0.051948	0.0	0.0	0	none	0	none	0	none	none	max(insertion_type_count,local_deletion_type_count)	background	4	AF_coil;hexamer_coil_fraction_ge_0.8;burial_lt_0.10;interprotomer_distance_gt_4.5A	False		intermediate	remains unresolved	unresolved_exact_subset_too_small	False	unchanged_or_unresolved	57|58	57	K	58	Q	58|59	58	exact_aligned	high	A89 flanking residues align directly to adjacent EV-A71 2C residues	52:LNLLEK|QIETIR:63	53:LPLLEN|QISNLE:64	58	59	58-59	insertional_handle_SGRPGSLS	8	-5.743042	0.018671	-5.743042	direct_insert_strongly_deleterious	-4.630722	-4.513346	-5.265176	-4.892835;-5.045911	1AAdel_right_residue	-4.513346	deletion_context_strongly_deleterious	-3.022582	Bakhache_2024_NatMicrobiol_Dryad_10.5061_dryad.866t1g1xm_QVEU_eva71_dimple_c99331a6	direct_experiment_unfavorable	direct_experiment_unfavorable
58|59	58	59	HIGH_RISK	A89_N-terminal_membrane-binding_by_similarity;A89_N-terminal_oligomerization_by_similarity	False	0.0	0.0802377611398696	0.0169589600183838	0.8653690719572652	2.859982636813903	25.912168708251315	86.20999908447266	False	0.909091	0.662338	0.493285	1.254438	0.0	0.0	0.904798	2.582712	0.65368	0.051948	0.0	0.0	0	0.0	0	0.895728	2.634363	0.661738	0.064516	0.0	0.0	0	0.0	0	0	0.0	0.905874	2.592765	0.65368	0.051948	0.0	0.0	0	none	0	none	0	none	none	max(insertion_type_count,local_deletion_type_count)	background	6	AF_coil;hexamer_coil_fraction_ge_0.8;AF_rSASA_ge_0.25;hexamer_rSASA_ge_0.25;burial_lt_0.10;interprotomer_distance_gt_4.5A	False		variable	supports	unresolved_exact_subset_too_small	False	unchanged_or_unresolved	58|59	58	Q	59	I	59|60	59	exact_aligned	high	A89 flanking residues align directly to adjacent EV-A71 2C residues	53:NLLEKQ|IETIRL:64	54:PLLENQ|ISNLEQ:65	59	60	59-60	insertional_handle_SGRPGSLS	8	-5.782008	0.018174	-5.782008	direct_insert_strongly_deleterious	-4.513346	-4.753199	-5.261716	-5.045911;-4.669065	1AAdel_left_residue	-4.513346	deletion_context_strongly_deleterious	-2.456179	Bakhache_2024_NatMicrobiol_Dryad_10.5061_dryad.866t1g1xm_QVEU_eva71_dimple_c99331a6	direct_experiment_unfavorable	direct_experiment_unfavorable
59|60	59	60	HIGH_RISK	A89_N-terminal_membrane-binding_by_similarity;A89_N-terminal_oligomerization_by_similarity	False	0.0	0.0802377611398696	0.0169589600183838	0.8653690719572652	2.859982636813903	25.912168708251315	80.11000061035156	False	0.662338	0.74026	1.254438	0.826354	0.0	0.0	0.771655	2.582712	0.689394	0.051948	0.0	0.0	0	0.0	0	0.768145	2.634363	0.695341	0.064516	0.0	0.0	0	0.0	0	0	0.0	0.77273	2.592765	0.689394	0.051948	0.0	0.0	0	none	0	none	0	none	none	max(insertion_type_count,local_deletion_type_count)	background	6	AF_coil;hexamer_coil_fraction_ge_0.8;AF_rSASA_ge_0.25;hexamer_rSASA_ge_0.25;burial_lt_0.10;interprotomer_distance_gt_4.5A	False		variable	supports	unresolved_exact_subset_too_small	False	unchanged_or_unresolved	59|60	59	I	60	E	60|61	60	exact_aligned	high	A89 flanking residues align directly to adjacent EV-A71 2C residues	54:LLEKQI|ETIRLA:65	55:LLENQI|SNLEQS:66	60	61	60-61	insertional_handle_SGRPGSLS	8	-5.909417	0.016638	-5.909417	direct_insert_strongly_deleterious	-4.753199	-4.787196	-5.309102	-4.669065;-4.846673	3AAdel_spanning_option_1	-4.669065	deletion_context_strongly_deleterious	-1.127220	Bakhache_2024_NatMicrobiol_Dryad_10.5061_dryad.866t1g1xm_QVEU_eva71_dimple_c99331a6	direct_experiment_unfavorable	direct_experiment_unfavorable
60|61	60	61	HIGH_RISK	A89_N-terminal_membrane-binding_by_similarity;A89_N-terminal_oligomerization_by_similarity	False	0.0	0.4500952064990997	0.4536442941473436	0.2054130486505098	3.5244027346863573	26.30483545386728	80.11000061035156	False	0.74026	0.051948	0.826354	2.138732	0.0	0.0	0.812837	2.582712	0.634199	0.051948	0.0	0.0	0	0.0	0	0.809282	2.634363	0.638889	0.064516	0.0	0.0	0	0.0	0	0	0.0	0.814464	2.592765	0.633838	0.051948	0.0	0.0	0	none	0	none	0	none	none	max(insertion_type_count,local_deletion_type_count)	background	4	AF_coil;hexamer_coil_fraction_ge_0.8;burial_lt_0.10;interprotomer_distance_gt_4.5A	False		variable	supports	unresolved_exact_subset_too_small	False	unchanged_or_unresolved	60|61	60	E	61	T	61|62	61	exact_aligned	high	A89 flanking residues align directly to adjacent EV-A71 2C residues	55:LEKQIE|TIRLAP:66	56:LENQIS|NLEQSA:67	61	62	61-62	insertional_handle_SGRPGSLS	8	-5.720720	0.018962	-5.720720	direct_insert_strongly_deleterious	-4.787196	-4.662776	-4.836119	-4.846673;-3.972778	3AAdel_spanning_option_2	-3.972778	deletion_context_strongly_deleterious	-0.572521	Bakhache_2024_NatMicrobiol_Dryad_10.5061_dryad.866t1g1xm_QVEU_eva71_dimple_c99331a6	direct_experiment_unfavorable	direct_experiment_unfavorable
61|62	61	62	HIGH_RISK	A89_N-terminal_membrane-binding_by_similarity;A89_N-terminal_oligomerization_by_similarity	False	0.1666666666666666	0.0057469620369374	0.0063949261875523	0.3636364137380001	3.792808082655992	30.642637527140494	81.7300033569336	False	0.051948	0.064935	2.138732	0.346731	0.0	0.0	0.968319	2.582712	0.564935	0.051948	0.0	0.0	0	0.0	0	0.96965	2.634363	0.569893	0.064516	0.0	0.0	0	0.0	0	0	0.0	0.968541	2.592765	0.563673	0.051948	0.0	0.0	0	none	0	none	0	none	none	max(insertion_type_count,local_deletion_type_count)	background	6	AF_coil;hexamer_coil_fraction_ge_0.8;AF_rSASA_ge_0.25;hexamer_rSASA_ge_0.25;burial_lt_0.10;interprotomer_distance_gt_4.5A	False		variable	supports	unresolved_exact_subset_too_small	False	unchanged_or_unresolved	61|62	61	T	62	I	62|63	62	exact_aligned	high	A89 flanking residues align directly to adjacent EV-A71 2C residues	56:EKQIET|IRLAPA:67	57:ENQISN|LEQSAA:68	62	63	62-63	insertional_handle_SGRPGSLS	8	-5.564686	0.021128	-5.564686	direct_insert_strongly_deleterious	-4.662776	-3.166554	-4.758946	-3.972778;-4.969982	1AAdel_right_residue	-3.166554	deletion_context_strongly_deleterious	-1.448404	Bakhache_2024_NatMicrobiol_Dryad_10.5061_dryad.866t1g1xm_QVEU_eva71_dimple_c99331a6	direct_experiment_unfavorable	direct_experiment_unfavorable
62|63	62	63	HIGH_RISK	A89_N-terminal_membrane-binding_by_similarity;A89_N-terminal_oligomerization_by_similarity	False	0.1666666666666666	0.0057469620369374	0.0063949261875523	0.9944364613859936	2.5262970969045355	27.321222391634908	77.7300033569336	False	0.064935	0.961039	0.346731	0.273286	0.0	0.0	1.159035	2.582712	0.485931	0.051948	0.0	0.0	0	0.0	0	1.168237	2.634363	0.492384	0.064516	0.0	0.0	0	0.0	0	0	0.0	1.159257	2.592765	0.484668	0.051948	0.0	0.0	0	none	0	none	0	none	none	max(insertion_type_count,local_deletion_type_count)	background	6	AF_coil;hexamer_coil_fraction_ge_0.8;AF_rSASA_ge_0.25;hexamer_rSASA_ge_0.25;burial_lt_0.10;interprotomer_distance_gt_4.5A	False		variable	supports	unresolved_exact_subset_too_small	False	unchanged_or_unresolved	62|63	62	I	63	R	63|64	63	exact_aligned	high	A89 flanking residues align directly to adjacent EV-A71 2C residues	57:KQIETI|RLAPAS:68	58:NQISNL|EQSAAS:69	63	64	63-64	insertional_handle_SGRPGSLS	8	-5.236622	0.026523	-5.236622	direct_insert_strongly_deleterious	-3.166554	-4.951246	-4.468394	-4.969982;-4.712016	1AAdel_left_residue	-3.166554	deletion_context_strongly_deleterious	-2.026288	Bakhache_2024_NatMicrobiol_Dryad_10.5061_dryad.866t1g1xm_QVEU_eva71_dimple_c99331a6	direct_experiment_unfavorable	direct_experiment_unfavorable
63|64	63	64	HIGH_RISK	A89_N-terminal_membrane-binding_by_similarity;A89_N-terminal_oligomerization_by_similarity	False	0.1666666666666666	0.6958425641059875	0.0081887286872469	0.9944364613859936	2.5262970969045355	27.321222391634908	71.63999938964844	False	0.961039	0.233766	0.273286	2.582712	0.0	0.0	1.294729	2.582712	0.408009	0.051948	0.0	0.0	0	0.0	0	1.30694	2.634363	0.415323	0.064516	0.0	0.0	0	0.0	0	0	0.0	1.293869	2.592765	0.406313	0.051948	0.0	0.0	0	none	0	none	0	none	none	max(insertion_type_count,local_deletion_type_count)	background	5	AF_coil;hexamer_coil_fraction_ge_0.8;hexamer_rSASA_ge_0.25;burial_lt_0.10;interprotomer_distance_gt_4.5A	False		variable	supports	unresolved_exact_subset_too_small	False	unchanged_or_unresolved	63|64	63	R	64	L	64|65	64	exact_aligned	high	A89 flanking residues align directly to adjacent EV-A71 2C residues	58:QIETIR|LAPASV:69	59:QISNLE|QSAASQ:70	64	65	64-65	insertional_handle_SGRPGSLS	8	-5.554076	0.021284	-5.554076	direct_insert_strongly_deleterious	-4.951246	-4.803771	-5.006432	-4.712016;-4.662776	3AAdel_spanning_option_2	-4.662776	deletion_context_strongly_deleterious	-2.254790	Bakhache_2024_NatMicrobiol_Dryad_10.5061_dryad.866t1g1xm_QVEU_eva71_dimple_c99331a6	direct_experiment_unfavorable	direct_experiment_unfavorable
64|65	64	65	HIGH_RISK	A89_N-terminal_membrane-binding_by_similarity;A89_N-terminal_oligomerization_by_similarity	False	0.1666666666666666	0.1974540650844574	0.1527948120767756	0.5668591758271173	2.8376213166119064	35.46004409013391	71.63999938964844	False	0.233766	1.0	2.582712	0.0	0.0	0.0	1.261956	2.582712	0.414502	0.051948	0.0	0.0	0	0.0	0	1.273841	2.634363	0.421595	0.064516	0.0	0.0	0	0.0	0	0	0.0	1.261095	2.592765	0.412807	0.051948	0.0	0.0	0	none	0	none	0	none	none	max(insertion_type_count,local_deletion_type_count)	background	6	AF_coil;hexamer_coil_fraction_ge_0.8;AF_rSASA_ge_0.25;hexamer_rSASA_ge_0.25;burial_lt_0.10;interprotomer_distance_gt_4.5A	False		variable	supports	unresolved_exact_subset_too_small	False	unchanged_or_unresolved	64|65	64	L	65	A	65|66	65	exact_aligned	high	A89 flanking residues align directly to adjacent EV-A71 2C residues	59:IETIRL|APASVQ:70	60:ISNLEQ|SAASQE:71	65	66	65-66	insertional_handle_SGRPGSLS	8	-5.564686	0.021128	-5.564686	direct_insert_strongly_deleterious	-4.803771	-4.556363	-4.798277	-4.662776;-4.630722	1AAdel_right_residue	-4.556363	deletion_context_strongly_deleterious	-2.754910	Bakhache_2024_NatMicrobiol_Dryad_10.5061_dryad.866t1g1xm_QVEU_eva71_dimple_c99331a6	direct_experiment_unfavorable	direct_experiment_unfavorable
65|66	65	66	HIGH_RISK	A89_N-terminal_membrane-binding_by_similarity;A89_N-terminal_oligomerization_by_similarity	True	1.0	0.1974540650844574	0.1527948120767756	0.71964290456505	3.5149498833164627	36.96235858789368	78.5199966430664	False	1.0	0.077922	0.0	1.320545	0.0	0.0	1.23357	2.582712	0.426407	0.051948	0.0	0.0	0	0.0	0	1.241006	2.634363	0.435036	0.064516	0.0	0.0	0	0.0	0	0	0.0	1.229672	2.592765	0.425433	0.051948	0.0	0.0	0	none	0	none	0	none	none	max(insertion_type_count,local_deletion_type_count)	background	4	AF_rSASA_ge_0.25;hexamer_rSASA_ge_0.25;burial_lt_0.10;interprotomer_distance_gt_4.5A	False		variable	supports	unresolved_exact_subset_too_small	False	unchanged_or_unresolved	65|66	65	A	66	P	66|67	66	exact_aligned	high	A89 flanking residues align directly to adjacent EV-A71 2C residues	60:ETIRLA|PASVQE:71	61:SNLEQS|AASQED:72	66	67	66-67	insertional_handle_SGRPGSLS	8	-5.786245	0.018120	-5.786245	direct_insert_strongly_deleterious	-4.556363	-4.197179	-4.643667	-4.630722;-4.166564	3AAdel_spanning_option_2	-4.166564	deletion_context_strongly_deleterious	-2.725448	Bakhache_2024_NatMicrobiol_Dryad_10.5061_dryad.866t1g1xm_QVEU_eva71_dimple_c99331a6	direct_experiment_unfavorable	direct_experiment_unfavorable
66|67	66	67	HIGH_RISK	A89_N-terminal_membrane-binding_by_similarity;A89_N-terminal_oligomerization_by_similarity	False	0.0	0.3782648146152496	0.219234072687241	0.71964290456505	3.5149498833164627	38.39077725657673	78.5199966430664	False	0.077922	0.077922	1.320545	2.383743	0.0	0.0	1.261909	2.582712	0.428571	0.051948	0.0	0.0	0	0.0	0	1.264058	2.634363	0.438172	0.064516	0.0	0.0	0	0.0	0	0	0.0	1.258012	2.592765	0.427597	0.051948	0.0	0.0	0	none	0	none	0	none	none	max(insertion_type_count,local_deletion_type_count)	background	5	AF_coil;hexamer_coil_fraction_ge_0.8;hexamer_rSASA_ge_0.25;burial_lt_0.10;interprotomer_distance_gt_4.5A	False		variable	supports	unresolved_exact_subset_too_small	False	unchanged_or_unresolved	66|67	66	P	67	A	67|68	67	exact_aligned	high	A89 flanking residues align directly to adjacent EV-A71 2C residues	61:TIRLAP|ASVQEK:72	62:NLEQSA|ASQEDL:73	67	68	67-68	insertional_handle_SGRPGSLS	8	-5.510472	0.021937	-5.510472	direct_insert_strongly_deleterious	-4.197179	-4.421327	-4.145621	-4.166564;-4.337596	2AAdel_spanning_junction	-4.145621	deletion_context_strongly_deleterious	-2.945028	Bakhache_2024_NatMicrobiol_Dryad_10.5061_dryad.866t1g1xm_QVEU_eva71_dimple_c99331a6	direct_experiment_unfavorable	direct_experiment_unfavorable
67|68	67	68	HIGH_RISK	A89_N-terminal_membrane-binding_by_similarity;A89_N-terminal_oligomerization_by_similarity	False	0.0	0.3782648146152496	0.275585024239789	0.2996868659339148	4.319307467795337	38.39077725657673	78.61000061035156	False	0.077922	0.051948	2.383743	2.288592	0.0	0.0	1.150959	2.582712	0.49026	0.051948	0.0	0.0	0	0.0	0	1.149962	2.634363	0.500896	0.069892	0.0	0.0	0	0.0	0	0	0.0	1.147062	2.592765	0.489286	0.051948	0.0	0.0	0	none	0	none	0	none	none	max(insertion_type_count,local_deletion_type_count)	background	4	AF_coil;hexamer_coil_fraction_ge_0.8;burial_lt_0.10;interprotomer_distance_gt_4.5A	False		variable	supports	unresolved_exact_subset_too_small	False	unchanged_or_unresolved	67|68	67	A	68	S	68|69	68	exact_aligned	high	A89 flanking residues align directly to adjacent EV-A71 2C residues	62:IRLAPA|SVQEKI:73	63:LEQSAA|SQEDLE:74	68	69	68-69	insertional_handle_SGRPGSLS	8	-5.764877	0.018391	-5.764877	direct_insert_strongly_deleterious	-4.421327	-4.637215	-4.527891	-4.337596;-4.328824	3AAdel_spanning_option_2	-4.328824	deletion_context_strongly_deleterious	-2.331018	Bakhache_2024_NatMicrobiol_Dryad_10.5061_dryad.866t1g1xm_QVEU_eva71_dimple_c99331a6	direct_experiment_unfavorable	direct_experiment_unfavorable
68|69	68	69	HIGH_RISK	A89_N-terminal_membrane-binding_by_similarity;A89_N-terminal_oligomerization_by_similarity	False	0.0	0.3440462946891784	0.3097918024465042	0.1138308985278357	5.682708488779805	36.33837306594909	81.01000213623047	False	0.051948	0.064935	2.288592	1.628336	0.0	0.0	1.236509	2.582712	0.49026	0.051948	0.0	0.0	0	0.0	0	1.231832	2.634363	0.5	0.064516	0.0	0.0	0	0.0	0	0	0.0	1.234788	2.592765	0.488853	0.051948	0.0	0.0	0	none	0	none	0	none	none	max(insertion_type_count,local_deletion_type_count)	background	3	AF_coil;hexamer_coil_fraction_ge_0.8;burial_lt_0.10	False		variable	supports	unresolved_exact_subset_too_small	False	unchanged_or_unresolved	68|69	68	S	69	V	69|70	69	exact_aligned	high	A89 flanking residues align directly to adjacent EV-A71 2C residues	63:RLAPAS|VQEKIF:74	64:EQSAAS|QEDLEA:75	69	70	69-70	insertional_handle_SGRPGSLS	8	-5.645743	0.019974	-5.645743	direct_insert_strongly_deleterious	-4.637215	-4.699932	-4.877683	-4.328824;-5.015341	3AAdel_spanning_option_1	-4.328824	deletion_context_strongly_deleterious	-2.355305	Bakhache_2024_NatMicrobiol_Dryad_10.5061_dryad.866t1g1xm_QVEU_eva71_dimple_c99331a6	direct_experiment_unfavorable	direct_experiment_unfavorable
69|70	69	70	HIGH_RISK	A89_N-terminal_membrane-binding_by_similarity;A89_N-terminal_oligomerization_by_similarity	False	0.0	0.1380454748868942	0.0794570152847855	0.6412312054018182	2.9055092813975527	33.998561022918295	84.06999969482422	False	0.064935	0.987013	1.628336	0.100001	0.0	0.0	1.476777	3.156502	0.41342	0.038961	0.0	0.0	0	0.0	0	1.472531	3.1236	0.423387	0.048387	0.0	0.0	0	0.0	0	0	0.0	1.475056	3.156502	0.412013	0.038961	0.0	0.0	0	none	0	none	0	none	none	max(insertion_type_count,local_deletion_type_count)	background	6	AF_coil;hexamer_coil_fraction_ge_0.8;AF_rSASA_ge_0.25;hexamer_rSASA_ge_0.25;burial_lt_0.10;interprotomer_distance_gt_4.5A	False		variable	supports	unresolved_exact_subset_too_small	False	unchanged_or_unresolved	69|70	69	V	70	Q	70|71	70	exact_aligned	high	A89 flanking residues align directly to adjacent EV-A71 2C residues	64:LAPASV|QEKIFI:75	65:QSAASQ|EDLEAM:76	70	71	70-71	insertional_handle_SGRPGSLS	8	-5.660236	0.019774	-5.660236	direct_insert_strongly_deleterious	-4.699932	-4.498585	-5.092138	-5.015341;-5.159624	1AAdel_right_residue	-4.498585	deletion_context_strongly_deleterious	-2.028029	Bakhache_2024_NatMicrobiol_Dryad_10.5061_dryad.866t1g1xm_QVEU_eva71_dimple_c99331a6	direct_experiment_unfavorable	direct_experiment_unfavorable
70|71	70	71	HIGH_RISK	A89_N-terminal_membrane-binding_by_similarity;A89_N-terminal_oligomerization_by_similarity	False	0.0	0.1380454748868942	0.0794570152847855	0.6412312054018182	2.9055092813975527	33.998561022918295	84.33000183105469	False	0.987013	0.805195	0.100001	0.913803	0.0	0.0	1.335705	3.156502	0.461922	0.038961	0.0	0.0	0	0.0	0	1.324741	3.1236	0.473863	0.048387	0.0	0.0	0	0.0	0	0	0.0	1.333147	3.156502	0.460515	0.038961	0.0	0.0	0	none	0	none	0	none	none	max(insertion_type_count,local_deletion_type_count)	background	6	AF_coil;hexamer_coil_fraction_ge_0.8;AF_rSASA_ge_0.25;hexamer_rSASA_ge_0.25;burial_lt_0.10;interprotomer_distance_gt_4.5A	False		variable	supports	unresolved_exact_subset_too_small	False	unchanged_or_unresolved	70|71	70	Q	71	E	71|72;72|73;73|74	71-73	ambiguous	low	A89 junction spans multiple EV-A71 residues/junctions in the sequence alignment	65:APASVQ|EKIFIE:76		71	74	71-74	insertional_handle_SGRPGSLS	8	-5.548728	0.021363	-5.716195;-5.798851;-5.548728	direct_insert_strongly_deleterious							no_direct_deletion_context		Bakhache_2024_NatMicrobiol_Dryad_10.5061_dryad.866t1g1xm_QVEU_eva71_dimple_c99331a6	mapping_uncertain	mapping_uncertain
71|72	71	72	HIGH_RISK	A89_N-terminal_oligomerization_by_similarity	False	0.0	0.4216254949569702	0.3611368883529229	0.0	9.182551538712476	34.22820856344504	84.33000183105469	False	0.805195	0.766234	0.913803	1.16643	0.0	0.0	1.432609	3.156502	0.440277	0.038961	0.0	0.0	0	0.0	0	1.416282	3.1236	0.45415	0.048387	0.0	0.0	0	0.0	0	0	0.0	1.431206	3.156502	0.438509	0.038961	0.0	0.0	0	none	0	none	0	none	none	max(insertion_type_count,local_deletion_type_count)	structural near-miss	2	AF_coil;hexamer_coil_fraction_ge_0.8	False		variable	supports	unresolved_exact_subset_too_small	False	outside_strict_review_only; near-miss plus V2 evolutionary support	71|72	71	E	72	K	74|75	74	exact_aligned	high	A89 flanking residues align directly to adjacent EV-A71 2C residues	66:PASVQE|KIFIEI:77	69:SQEDLE|AMFGNV:80	74	75	74-75	insertional_handle_SGRPGSLS	8	-5.707083	0.019142	-5.707083	direct_insert_strongly_deleterious	-4.590849	-4.584046	-4.176873	-5.144150;-5.120480	2AAdel_spanning_junction	-4.176873	deletion_context_strongly_deleterious	-1.171566	Bakhache_2024_NatMicrobiol_Dryad_10.5061_dryad.866t1g1xm_QVEU_eva71_dimple_c99331a6	direct_experiment_unfavorable	direct_experiment_unfavorable
72|73	72	73	HIGH_RISK	A89_N-terminal_oligomerization_by_similarity	False	0.0	0.0906742885708808	0.1032125494000068	0.0	9.316374462407786	31.088175746781783	86.83000183105469	False	0.766234	0.792208	1.16643	0.807328	0.0	0.0	1.450497	3.156502	0.438112	0.038961	0.0	0.0	0	0.0	0	1.435529	3.1236	0.452358	0.048387	0.0	0.0	0	0.0	0	0	0.0	1.451314	3.156502	0.436345	0.038961	0.0	0.0	0	none	0	none	0	none	none	max(insertion_type_count,local_deletion_type_count)	background	4	AF_coil;hexamer_coil_fraction_ge_0.8;AF_rSASA_ge_0.25;hexamer_rSASA_ge_0.25	False		variable	supports	unresolved_exact_subset_too_small	False	unchanged_or_unresolved	72|73	72	K	73	I	75|76	75	exact_aligned	high	A89 flanking residues align directly to adjacent EV-A71 2C residues	67:ASVQEK|IFIEIN:78	70:QEDLEA|MFGNVS:81	75	76	75-76	insertional_handle_SGRPGSLS	8	-5.595858	0.020677	-5.595858	direct_insert_strongly_deleterious	-4.584046	-4.693834	-4.814671	-5.120480;-4.597606	1AAdel_left_residue	-4.584046	deletion_context_strongly_deleterious	-1.039191	Bakhache_2024_NatMicrobiol_Dryad_10.5061_dryad.866t1g1xm_QVEU_eva71_dimple_c99331a6	direct_experiment_unfavorable	direct_experiment_unfavorable
73|74	73	74	HIGH_RISK	A89_N-terminal_oligomerization_by_similarity	False	0.0	0.0906742885708808	0.1032125494000068	0.0	9.316374462407786	29.225261422414423	88.0199966430664	False	0.792208	0.064935	0.807328	1.373336	0.0	0.0	1.350113	3.156502	0.497636	0.038961	0.0	0.0	0	0.0	0	1.322415	3.1236	0.513738	0.048387	0.0	0.0	0	0.0	0	0	0.0	1.352335	3.156502	0.49677	0.038961	0.0	0.0	0	none	0	none	0	none	none	max(insertion_type_count,local_deletion_type_count)	background	4	AF_coil;hexamer_coil_fraction_ge_0.8;AF_rSASA_ge_0.25;hexamer_rSASA_ge_0.25	False		variable	supports	unresolved_exact_subset_too_small	False	unchanged_or_unresolved	73|74	73	I	74	F	76|77	76	exact_aligned	high	A89 flanking residues align directly to adjacent EV-A71 2C residues	68:SVQEKI|FIEINT:79	71:EDLEAM|FGNVSY:82	76	77	76-77	insertional_handle_SGRPGSLS	8	-5.851708	0.017317	-5.851708	direct_insert_strongly_deleterious	-4.693834	-4.437263	-4.712016	-4.597606;-4.872581	1AAdel_right_residue	-4.437263	deletion_context_strongly_deleterious	-2.811232	Bakhache_2024_NatMicrobiol_Dryad_10.5061_dryad.866t1g1xm_QVEU_eva71_dimple_c99331a6	direct_experiment_unfavorable	direct_experiment_unfavorable
74|75	74	75	HIGH_RISK	A89_N-terminal_oligomerization_by_similarity	False	0.0	0.2374373376369476	0.1758534643385145	0.0	9.791355445243465	29.225261422414423	87.56999969482422	False	0.064935	0.038961	1.373336	3.156502	0.0	0.0	1.218682	3.156502	0.560407	0.038961	0.0	0.0	0	0.0	0	1.179024	3.1236	0.57691	0.048387	0.0	0.0	0	0.0	0	0	0.0	1.220903	3.156502	0.559541	0.038961	0.0	0.0	0	none	0	none	0	none	none	max(insertion_type_count,local_deletion_type_count)	background	4	AF_coil;hexamer_coil_fraction_ge_0.8;AF_rSASA_ge_0.25;hexamer_rSASA_ge_0.25	False		variable	supports	unresolved_exact_subset_too_small	False	unchanged_or_unresolved	74|75	74	F	75	I	77|78	77	exact_aligned	high	A89 flanking residues align directly to adjacent EV-A71 2C residues	69:VQEKIF|IEINTL:80	72:DLEAMF|GNVSYL:83	77	78	77-78	insertional_handle_SGRPGSLS	8	-5.702496	0.019203	-5.702496	direct_insert_strongly_deleterious	-4.437263	-4.328824	-4.892835	-4.872581;-4.936960	1AAdel_right_residue	-4.328824	deletion_context_strongly_deleterious	-2.643807	Bakhache_2024_NatMicrobiol_Dryad_10.5061_dryad.866t1g1xm_QVEU_eva71_dimple_c99331a6	direct_experiment_unfavorable	direct_experiment_unfavorable
75|76	75	76	HIGH_RISK	A89_N-terminal_oligomerization_by_similarity	False	0.0	0.2754515707492828	0.2637290783527186	0.0	10.13481533309612	28.72409741522989	87.56999969482422	False	0.038961	0.815789	3.156502	0.88985	0.0	0.0	1.161626	3.156502	0.621013	0.038961	0.0	0.0	0	0.0	0	1.113556	3.1236	0.638738	0.048387	0.0	0.0	0	0.0	0	0	0.0	1.16493	3.156502	0.62058	0.038961	0.0	0.0	0	none	0	none	0	none	none	max(insertion_type_count,local_deletion_type_count)	structural near-miss	2	AF_coil;hexamer_coil_fraction_ge_0.8	False		variable	supports	unresolved_exact_subset_too_small	False	outside_strict_review_only; near-miss plus V2 evolutionary support	75|76	75	I	76	E	78|79	78	exact_aligned	high	A89 flanking residues align directly to adjacent EV-A71 2C residues	70:QEKIFI|EINTLH:81	73:LEAMFG|NVSYLA:84	78	79	78-79	insertional_handle_SGRPGSLS	8	-5.738617	0.018729	-5.738617	direct_insert_strongly_deleterious	-4.328824	-4.513346	-4.960658	-4.936960;-4.705992	1AAdel_left_residue	-4.328824	deletion_context_strongly_deleterious	-2.648517	Bakhache_2024_NatMicrobiol_Dryad_10.5061_dryad.866t1g1xm_QVEU_eva71_dimple_c99331a6	direct_experiment_unfavorable	direct_experiment_unfavorable
76|77	76	77	HIGH_RISK	A89_N-terminal_oligomerization_by_similarity	False	0.0	0.0108553729951381	0.0011860707840943	0.0	8.49137049034512	25.995586830072217	89.51000213623047	False	0.815789	0.74026	0.88985	1.162838	0.0	0.0	1.153293	3.156502	0.622095	0.038961	0.0	0.0	0	0.0	0	1.106411	3.1236	0.639634	0.048387	0.0	0.0	0	0.0	0	0	0.0	1.156597	3.156502	0.621662	0.038961	0.0	0.0	0	none	0	none	0	none	none	max(insertion_type_count,local_deletion_type_count)	background	4	AF_coil;hexamer_coil_fraction_ge_0.8;AF_rSASA_ge_0.25;hexamer_rSASA_ge_0.25	False		variable	supports	unresolved_exact_subset_too_small	False	unchanged_or_unresolved	76|77	76	E	77	I	79|80	79	exact_aligned	high	A89 flanking residues align directly to adjacent EV-A71 2C residues	71:EKIFIE|INTLHD:82	74:EAMFGN|VSYLAH:85	79	80	79-80	insertional_handle_SGRPGSLS	8	-5.769187	0.018336	-5.769187	direct_insert_strongly_deleterious	-4.513346	-4.846673	-4.693834	-4.705992;-4.836119	1AAdel_left_residue	-4.513346	deletion_context_strongly_deleterious	-2.777566	Bakhache_2024_NatMicrobiol_Dryad_10.5061_dryad.866t1g1xm_QVEU_eva71_dimple_c99331a6	direct_experiment_unfavorable	direct_experiment_unfavorable
77|78	77	78	HIGH_RISK	A89_N-terminal_oligomerization_by_similarity	False	0.0	0.0108553729951381	0.0011860707840943	0.1445151608764216	5.467473175026241	25.995586830072217	89.94999694824219	False	0.74026	0.051948	1.162838	1.535211	0.0	0.0	1.148484	3.156502	0.623177	0.038961	0.0	0.0	0	0.0	0	1.100953	3.1236	0.640978	0.048387	0.0	0.0	0	0.0	0	0	0.0	1.154036	3.156502	0.622384	0.038961	0.0	0.0	0	none	0	none	0	none	none	max(insertion_type_count,local_deletion_type_count)	background	5	AF_coil;hexamer_coil_fraction_ge_0.8;AF_rSASA_ge_0.25;hexamer_rSASA_ge_0.25;burial_lt_0.10	False		variable	supports	unresolved_exact_subset_too_small	False	unchanged_or_unresolved	77|78	77	I	78	N	80|81	80	exact_aligned	high	A89 flanking residues align directly to adjacent EV-A71 2C residues	72:KIFIEI|NTLHDL:83	75:AMFGNV|SYLAHF:86	80	81	80-81	insertional_handle_SGRPGSLS	8	-5.751833	0.018558	-5.751833	direct_insert_strongly_deleterious	-4.846673	-4.057165	-4.912687	-4.836119;-4.452950	1AAdel_right_residue	-4.057165	deletion_context_strongly_deleterious	-1.260481	Bakhache_2024_NatMicrobiol_Dryad_10.5061_dryad.866t1g1xm_QVEU_eva71_dimple_c99331a6	direct_experiment_unfavorable	direct_experiment_unfavorable
78|79	78	79	HIGH_RISK	A89_N-terminal_oligomerization_by_similarity	False	0.0	0.2493228018283844	0.2435521117642394	0.1445151608764216	5.467473175026241	26.260770235489712	88.8499984741211	False	0.051948	0.792208	1.535211	1.179135	0.0	0.0	1.051282	3.156502	0.642658	0.038961	0.0	0.0	0	0.0	0	1.011381	3.1236	0.658003	0.048387	0.0	0.0	0	0.0	0	0	0.0	1.056834	3.156502	0.641864	0.038961	0.0	0.0	0	none	0	none	0	none	none	max(insertion_type_count,local_deletion_type_count)	background	5	AF_coil;hexamer_coil_fraction_ge_0.8;AF_rSASA_ge_0.25;hexamer_rSASA_ge_0.25;burial_lt_0.10	False		variable	supports	unresolved_exact_subset_too_small	False	unchanged_or_unresolved	78|79	78	N	79	T	81|82	81	exact_aligned	high	A89 flanking residues align directly to adjacent EV-A71 2C residues	73:IFIEIN|TLHDLS:84	76:MFGNVS|YLAHFC:87	81	82	81-82	insertional_handle_SGRPGSLS	8	-5.621111	0.020318	-5.621111	direct_insert_strongly_deleterious	-4.057165	-4.630722	-4.483604	-4.452950;-4.637215	1AAdel_left_residue	-4.057165	deletion_context_strongly_deleterious	-1.387094	Bakhache_2024_NatMicrobiol_Dryad_10.5061_dryad.866t1g1xm_QVEU_eva71_dimple_c99331a6	direct_experiment_unfavorable	direct_experiment_unfavorable
79|80	79	80	HIGH_RISK	A89_N-terminal_oligomerization_by_similarity	False	0.0	0.0237820651382207	0.0006603595876377	0.0	7.96835310066058	23.082552842931463	88.8499984741211	False	0.792208	0.805195	1.179135	0.711416	0.0	0.0	1.089692	3.156502	0.582052	0.038961	0.0	0.0	0	0.0	0	1.049739	3.1236	0.596175	0.048387	0.0	0.0	0	0.0	0	0	0.0	1.095244	3.156502	0.581258	0.038961	0.0	0.0	0	none	0	none	0	none	none	max(insertion_type_count,local_deletion_type_count)	background	4	AF_coil;hexamer_coil_fraction_ge_0.8;AF_rSASA_ge_0.25;hexamer_rSASA_ge_0.25	False		variable	supports	unresolved_exact_subset_too_small	False	unchanged_or_unresolved	79|80	79	T	80	L	82|83	82	exact_aligned	high	A89 flanking residues align directly to adjacent EV-A71 2C residues	74:FIEINT|LHDLSL:85	77:FGNVSY|LAHFCR:88	82	83	82-83	insertional_handle_SGRPGSLS	8	-5.347462	0.024561	-5.347462	direct_insert_strongly_deleterious	-4.630722	-4.563356	-4.643667	-4.637215;-4.857117	1AAdel_right_residue	-4.563356	deletion_context_strongly_deleterious	-2.737912	Bakhache_2024_NatMicrobiol_Dryad_10.5061_dryad.866t1g1xm_QVEU_eva71_dimple_c99331a6	direct_experiment_unfavorable	direct_experiment_unfavorable
80|81	80	81	HIGH_RISK	A89_N-terminal_oligomerization_by_similarity	False	0.0	0.0237820651382207	0.0006603595876377	0.0	6.184186198205185	20.33442384743871	90.05999755859375	False	0.805195	0.792208	0.711416	0.943661	0.0	0.0	0.975247	3.156502	0.659974	0.038961	0.0	0.0	0	0.0	0	0.935761	3.1236	0.674132	0.048387	0.0	0.0	0	0.0	0	0	0.0	0.978623	3.156502	0.659613	0.038961	0.0	0.0	0	none	0	none	0	none	none	max(insertion_type_count,local_deletion_type_count)	background	4	AF_coil;hexamer_coil_fraction_ge_0.8;AF_rSASA_ge_0.25;hexamer_rSASA_ge_0.25	False		variable	supports	unresolved_exact_subset_too_small	False	unchanged_or_unresolved	80|81	80	L	81	H	83|84	83	exact_aligned	high	A89 flanking residues align directly to adjacent EV-A71 2C residues	75:IEINTL|HDLSLK:86	78:GNVSYL|AHFCRK:89	83	84	83-84	insertional_handle_SGRPGSLS	8	-5.532512	0.021605	-5.532512	direct_insert_strongly_deleterious	-4.563356	-4.302037	-4.413262	-4.857117;-4.846673	1AAdel_right_residue	-4.302037	deletion_context_strongly_deleterious	-2.511994	Bakhache_2024_NatMicrobiol_Dryad_10.5061_dryad.866t1g1xm_QVEU_eva71_dimple_c99331a6	direct_experiment_unfavorable	direct_experiment_unfavorable
81|82	81	82	HIGH_RISK	A89_N-terminal_oligomerization_by_similarity	False	0.0	0.1180206984281539	0.1136250453335898	0.5732345913557811	2.610017448031644	20.33442384743871	88.16000366210938	False	0.792208	1.0	0.943661	0.0	0.0	0.0	0.726687	1.535211	0.737896	0.051948	0.0	0.0	0	0.0	0	0.687945	1.513878	0.751641	0.064516	0.0	0.0	0	0.0	0	0	0.0	0.730063	1.561847	0.737535	0.051948	0.0	0.0	0	none	0	none	0	none	none	max(insertion_type_count,local_deletion_type_count)	background	6	AF_coil;hexamer_coil_fraction_ge_0.8;AF_rSASA_ge_0.25;hexamer_rSASA_ge_0.25;burial_lt_0.10;interprotomer_distance_gt_4.5A	False		intermediate	remains unresolved	unresolved_exact_subset_too_small	False	unchanged_or_unresolved	81|82	81	H	82	D	84|85	84	exact_aligned	high	A89 flanking residues align directly to adjacent EV-A71 2C residues	76:EINTLH|DLSLKF:87	79:NVSYLA|HFCRKF:90	84	85	84-85	insertional_handle_SGRPGSLS	8	-5.569949	0.021051	-5.569949	direct_insert_strongly_deleterious	-4.302037	-4.283771	-4.217080	-4.846673;-4.113360	3AAdel_spanning_option_2	-4.113360	deletion_context_strongly_deleterious	-2.153912	Bakhache_2024_NatMicrobiol_Dryad_10.5061_dryad.866t1g1xm_QVEU_eva71_dimple_c99331a6	direct_experiment_unfavorable	direct_experiment_unfavorable
82|83	82	83	HIGH_RISK	A89_N-terminal_oligomerization_by_similarity	False	0.0	0.0663394480943679	0.053628712744262	0.5732345913557811	2.610017448031644	20.786004821397174	88.1500015258789	False	1.0	0.818182	0.0	0.856106	0.0	0.0	0.652533	1.535211	0.753247	0.051948	0.0	0.0	0	0.0	0	0.616205	1.513878	0.765681	0.064516	0.0	0.0	0	0.0	0	0	0.0	0.655909	1.561847	0.752886	0.051948	0.0	0.0	0	none	0	none	0	none	none	max(insertion_type_count,local_deletion_type_count)	background	6	AF_coil;hexamer_coil_fraction_ge_0.8;AF_rSASA_ge_0.25;hexamer_rSASA_ge_0.25;burial_lt_0.10;interprotomer_distance_gt_4.5A	False		intermediate	remains unresolved	unresolved_exact_subset_too_small	False	unchanged_or_unresolved	82|83	82	D	83	L	85|86	85	exact_aligned	high	A89 flanking residues align directly to adjacent EV-A71 2C residues	77:INTLHD|LSLKFL:88	80:VSYLAH|FCRKFQ:91	85	86	85-86	insertional_handle_SGRPGSLS	8	-5.258362	0.026126	-5.258362	direct_insert_strongly_deleterious	-4.283771	-4.246208	-4.460702	-4.113360;-4.302037	3AAdel_spanning_option_1	-4.113360	deletion_context_strongly_deleterious	-2.138147	Bakhache_2024_NatMicrobiol_Dryad_10.5061_dryad.866t1g1xm_QVEU_eva71_dimple_c99331a6	direct_experiment_unfavorable	direct_experiment_unfavorable
83|84	83	84	HIGH_RISK	A89_N-terminal_oligomerization_by_similarity	False	0.0	0.0194417964667081	0.0019201775071441	0.0	5.763378484796446	17.788381579041175	88.1500015258789	False	0.818182	1.0	0.856106	0.0	0.0	0.0	0.55563	1.535211	0.774892	0.051948	0.0	0.0	0	0.0	0	0.524664	1.513878	0.785394	0.064516	0.0	0.0	0	0.0	0	0	0.0	0.55785	1.561847	0.774892	0.051948	0.0	0.0	0	none	0	none	0	none	none	max(insertion_type_count,local_deletion_type_count)	background	4	AF_coil;hexamer_coil_fraction_ge_0.8;AF_rSASA_ge_0.25;hexamer_rSASA_ge_0.25	False		intermediate	remains unresolved	unresolved_exact_subset_too_small	False	unchanged_or_unresolved	83|84	83	L	84	S	86|87	86	exact_aligned	high	A89 flanking residues align directly to adjacent EV-A71 2C residues	78:NTLHDL|SLKFLP:89	81:SYLAHF|CRKFQP:92	86	87	86-87	insertional_handle_SGRPGSLS	8	-5.482222	0.022371	-5.482222	direct_insert_strongly_deleterious	-4.246208	-4.283771	-4.764660	-4.302037;-4.217080	3AAdel_spanning_option_2	-4.217080	deletion_context_strongly_deleterious	-2.359193	Bakhache_2024_NatMicrobiol_Dryad_10.5061_dryad.866t1g1xm_QVEU_eva71_dimple_c99331a6	direct_experiment_unfavorable	direct_experiment_unfavorable
84|85	84	85	HIGH_RISK	A89_N-terminal_oligomerization_by_similarity	False	0.0	0.0194417964667081	0.0019201775071441	0.7401672858443802	2.77891632887036	17.788381579041175	85.0999984741211	False	1.0	0.064935	0.0	1.268249	0.0	0.0	0.427696	1.268249	0.853896	0.064935	0.0	0.0	0	0.0	0	0.398507	1.225155	0.863351	0.075269	0.0	0.0	0	0.0	0	0	0.0	0.427696	1.268249	0.853896	0.064935	0.0	0.0	0	none	0	none	0	none	none	max(insertion_type_count,local_deletion_type_count)	background	6	AF_coil;hexamer_coil_fraction_ge_0.8;AF_rSASA_ge_0.25;hexamer_rSASA_ge_0.25;burial_lt_0.10;interprotomer_distance_gt_4.5A	False		intermediate	remains unresolved	unresolved_exact_subset_too_small	False	unchanged_or_unresolved	84|85	84	S	85	L	87|88	87	exact_aligned	high	A89 flanking residues align directly to adjacent EV-A71 2C residues	79:TLHDLS|LKFLPL:90	82:YLAHFC|RKFQPL:93	87	88	87-88	insertional_handle_SGRPGSLS	8	-5.600960	0.020604	-5.600960	direct_insert_strongly_deleterious	-4.283771	-4.604317	-3.972778	-4.217080;-4.113360	2AAdel_spanning_junction	-3.972778	deletion_context_strongly_deleterious	-2.617791	Bakhache_2024_NatMicrobiol_Dryad_10.5061_dryad.866t1g1xm_QVEU_eva71_dimple_c99331a6	direct_experiment_unfavorable	direct_experiment_unfavorable
85|86	85	86	HIGH_RISK	A89_N-terminal_oligomerization_by_similarity	False	0.0	0.4709523618221283	0.1552707109087537	0.7401672858443802	2.77891632887036	18.07892138281843	85.0999984741211	False	0.064935	1.0	1.268249	0.0	0.0	0.0	0.329434	1.268249	0.871212	0.064935	0.0	0.0	0	0.0	0	0.308499	1.225155	0.878584	0.075269	0.0	0.0	0	0.0	0	0	0.0	0.329434	1.268249	0.871212	0.064935	0.0	0.0	0	none	0	none	0	none	none	max(insertion_type_count,local_deletion_type_count)	background	5	AF_coil;hexamer_coil_fraction_ge_0.8;hexamer_rSASA_ge_0.25;burial_lt_0.10;interprotomer_distance_gt_4.5A	False		intermediate	remains unresolved	unresolved_exact_subset_too_small	False	unchanged_or_unresolved	85|86	85	L	86	K	88|89	88	exact_aligned	high	A89 flanking residues align directly to adjacent EV-A71 2C residues	80:LHDLSL|KFLPLY:91	83:LAHFCR|KFQPLY:94	88	89	88-89	insertional_handle_SGRPGSLS	8	-5.373353	0.024125	-5.373353	direct_insert_strongly_deleterious	-4.604317	-4.255732	-4.520645	-4.113360;-4.505993	3AAdel_spanning_option_1	-4.113360	deletion_context_strongly_deleterious	-2.864847	Bakhache_2024_NatMicrobiol_Dryad_10.5061_dryad.866t1g1xm_QVEU_eva71_dimple_c99331a6	direct_experiment_unfavorable	direct_experiment_unfavorable
86|87	86	87	HIGH_RISK	A89_N-terminal_oligomerization_by_similarity	False	0.0	0.133597657084465	0.0914197074042426	0.3142887732828723	3.3569938738379586	15.011469363565029	80.4800033569336	False	1.0	0.974026	0.0	0.173781	0.0	0.0	0.289942	1.268249	0.884199	0.064935	0.0	0.0	0	0.0	0	0.270435	1.225155	0.890233	0.075269	0.0	0.0	0	0.0	0	0	0.0	0.289942	1.268249	0.884199	0.064935	0.0	0.0	0	none	0	none	0	none	none	max(insertion_type_count,local_deletion_type_count)	background	6	AF_coil;hexamer_coil_fraction_ge_0.8;AF_rSASA_ge_0.25;hexamer_rSASA_ge_0.25;burial_lt_0.10;interprotomer_distance_gt_4.5A	False		intermediate	remains unresolved	unresolved_exact_subset_too_small	False	unchanged_or_unresolved	86|87	86	K	87	F	89|90	89	exact_aligned	high	A89 flanking residues align directly to adjacent EV-A71 2C residues	81:HDLSLK|FLPLYA:92	84:AHFCRK|FQPLYA:95	89	90	89-90	insertional_handle_SGRPGSLS	8	-5.293577	0.025496	-5.293577	direct_insert_strongly_deleterious	-4.255732	-4.491123	-4.718004	-4.505993;-4.792752	1AAdel_left_residue	-4.255732	deletion_context_strongly_deleterious	-2.417629	Bakhache_2024_NatMicrobiol_Dryad_10.5061_dryad.866t1g1xm_QVEU_eva71_dimple_c99331a6	direct_experiment_unfavorable	direct_experiment_unfavorable
87|88	87	88	HIGH_RISK	A89_N-terminal_oligomerization_by_similarity	True	0.8333333333333334	0.133597657084465	0.0914197074042426	0.5613719003271358	3.2807506201940995	13.446278294446222	72.36000061035156	False	0.974026	1.0	0.173781	0.0	0.0	0.0	0.314355	1.268249	0.886364	0.064935	0.0	0.0	0	0.0	0	0.299931	1.232772	0.890233	0.075269	0.0	0.0	0	0.0	0	0	0.0	0.314178	1.268249	0.886364	0.064935	0.0	0.0	0	none	0	none	0	none	none	max(insertion_type_count,local_deletion_type_count)	background	4	AF_rSASA_ge_0.25;hexamer_rSASA_ge_0.25;burial_lt_0.10;interprotomer_distance_gt_4.5A	False		intermediate	remains unresolved	unresolved_exact_subset_too_small	False	unchanged_or_unresolved	87|88	87	F	88	L	90|91	90	exact_aligned	high	A89 flanking residues align directly to adjacent EV-A71 2C residues	82:DLSLKF|LPLYAS:93	85:HFCRKF|QPLYAT:96	90	91	90-91	insertional_handle_SGRPGSLS	8	-5.221861	0.026796	-5.221861	direct_insert_strongly_deleterious	-4.491123	-4.770342	-4.584046	-4.792752;-4.735756	1AAdel_left_residue	-4.491123	deletion_context_strongly_deleterious	-1.039436	Bakhache_2024_NatMicrobiol_Dryad_10.5061_dryad.866t1g1xm_QVEU_eva71_dimple_c99331a6	direct_experiment_unfavorable	direct_experiment_unfavorable
88|89	88	89	HIGH_RISK	A89_N-terminal_oligomerization_by_similarity	True	1.0	0.4302075803279876	0.2118298576443547	0.5613719003271358	3.2807506201940995	9.928155661267295	69.76000213623047	False	1.0	1.0	0.0	0.0	0.0	0.0	0.314355	1.268249	0.886364	0.064935	0.0	0.0	0	0.0	0	0.299931	1.232772	0.890233	0.075269	0.0	0.0	0	0.0	0	0	0.0	0.314178	1.268249	0.886364	0.064935	0.0	0.0	0	none	0	none	0	none	none	max(insertion_type_count,local_deletion_type_count)	background	3	hexamer_rSASA_ge_0.25;burial_lt_0.10;interprotomer_distance_gt_4.5A	False		intermediate	remains unresolved	unresolved_exact_subset_too_small	False	unchanged_or_unresolved	88|89	88	L	89	P	91|92	91	exact_aligned	high	A89 flanking residues align directly to adjacent EV-A71 2C residues	83:LSLKFL|PLYASE:94	86:FCRKFQ|PLYATE:97	91	92	91-92	insertional_handle_SGRPGSLS	8	-5.373353	0.024125	-5.373353	direct_insert_strongly_deleterious	-4.770342	-5.108432	-4.735756	-4.735756;-4.741604	2AAdel_spanning_junction	-4.735756	deletion_context_strongly_deleterious	-1.477029	Bakhache_2024_NatMicrobiol_Dryad_10.5061_dryad.866t1g1xm_QVEU_eva71_dimple_c99331a6	direct_experiment_unfavorable	direct_experiment_unfavorable
89|90	89	90	HIGH_RISK	A89_N-terminal_oligomerization_by_similarity	True	1.0	0.6237772703170776	0.4083142350554716	0.4679047881139906	3.389945723300788	9.928155661267295	68.61000061035156	False	1.0	1.0	0.0	0.0	0.0	0.0	0.300016	1.268249	0.886364	0.064935	0.0	0.0	0	0.0	0	0.286481	1.232772	0.890233	0.075269	0.0	0.0	0	0.0	0	0	0.0	0.299839	1.268249	0.886364	0.064935	0.0	0.0	0	none	0	none	0	none	none	max(insertion_type_count,local_deletion_type_count)	structural near-miss	2	burial_lt_0.10;interprotomer_distance_gt_4.5A	False		intermediate	remains unresolved	unresolved_exact_subset_too_small	False	unchanged_or_unresolved	89|90	89	P	90	L	92|93	92	exact_aligned	high	A89 flanking residues align directly to adjacent EV-A71 2C residues	84:SLKFLP|LYASEA:95	87:CRKFQP|LYATEA:98	92	93	92-93	insertional_handle_SGRPGSLS	8	-5.679239	0.019515	-5.679239	direct_insert_strongly_deleterious	-5.108432	-4.617607	-4.836119	-4.741604;-5.163455	1AAdel_right_residue	-4.617607	deletion_context_strongly_deleterious	-1.482605	Bakhache_2024_NatMicrobiol_Dryad_10.5061_dryad.866t1g1xm_QVEU_eva71_dimple_c99331a6	direct_experiment_unfavorable	direct_experiment_unfavorable
90|91	90	91	HIGH_RISK	A89_N-terminal_oligomerization_by_similarity	True	1.0	0.1818446367979049	0.1895285293327689	0.0924141747491156	5.363602669977667	11.283222270060197	68.61000061035156	False	1.0	1.0	0.0	0.0	0.0	0.0	0.32891	1.268249	0.808442	0.064935	0.0	0.0	0	0.0	0	0.318588	1.232772	0.813172	0.075269	0.0	0.0	0	0.0	0	0	0.0	0.328733	1.268249	0.808442	0.064935	0.0	0.0	0	none	0	none	0	none	none	max(insertion_type_count,local_deletion_type_count)	structural near-miss	2	AF_rSASA_ge_0.25;hexamer_rSASA_ge_0.25	False		intermediate	remains unresolved	unresolved_exact_subset_too_small	False	unchanged_or_unresolved	90|91	90	L	91	Y	93|94	93	exact_aligned	high	A89 flanking residues align directly to adjacent EV-A71 2C residues	85:LKFLPL|YASEAR:96	88:RKFQPL|YATEAK:99	93	94	93-94	insertional_handle_SGRPGSLS	8	-5.569949	0.021051	-5.569949	direct_insert_strongly_deleterious	-4.617607	-4.637215	-4.787196	-5.163455;-4.549321	3AAdel_spanning_option_2	-4.549321	deletion_context_strongly_deleterious	-1.515314	Bakhache_2024_NatMicrobiol_Dryad_10.5061_dryad.866t1g1xm_QVEU_eva71_dimple_c99331a6	direct_experiment_unfavorable	direct_experiment_unfavorable
91|92	91	92	HIGH_RISK	A89_N-terminal_oligomerization_by_similarity	False	0.0	0.1818446367979049	0.1895285293327689	0.0981879219088742	6.408443497769307	10.747896024947302	77.31999969482422	False	1.0	0.961039	0.0	0.237508	0.0	0.0	0.239869	1.236611	0.884199	0.064935	0.0	0.0	0	0.0	0	0.230769	1.232772	0.888441	0.075269	0.0	0.0	0	0.0	0	0	0.0	0.239692	1.234489	0.884199	0.064935	0.0	0.0	0	none	0	none	0	none	none	max(insertion_type_count,local_deletion_type_count)	background	4	AF_coil;hexamer_coil_fraction_ge_0.8;AF_rSASA_ge_0.25;hexamer_rSASA_ge_0.25	False		intermediate	remains unresolved	unresolved_exact_subset_too_small	False	unchanged_or_unresolved	91|92	91	Y	92	A	94|95	94	exact_aligned	high	A89 flanking residues align directly to adjacent EV-A71 2C residues	86:KFLPLY|ASEARR:97	89:KFQPLY|ATEAKR:100	94	95	94-95	insertional_handle_SGRPGSLS	8	-5.835740	0.017509	-5.835740	direct_insert_strongly_deleterious	-4.637215	-4.912687	-4.965331	-4.549321;-4.787196	3AAdel_spanning_option_1	-4.549321	deletion_context_strongly_deleterious	-2.674473	Bakhache_2024_NatMicrobiol_Dryad_10.5061_dryad.866t1g1xm_QVEU_eva71_dimple_c99331a6	direct_experiment_unfavorable	direct_experiment_unfavorable
92|93	92	93	HIGH_RISK	A89_N-terminal_oligomerization_by_similarity	False	0.0	0.4203880131244659	0.1103470904852754	0.8245172328286764	3.2807506201940995	10.747896024947302	84.05999755859375	False	0.961039	0.818182	0.237508	1.236611	0.0	0.0	0.248202	1.236611	0.883117	0.064935	0.0	0.0	0	0.0	0	0.237914	1.232772	0.887545	0.075269	0.0	0.0	0	0.0	0	0	0.0	0.248025	1.234489	0.883117	0.064935	0.0	0.0	0	none	0	none	0	none	none	max(insertion_type_count,local_deletion_type_count)	background	5	AF_coil;hexamer_coil_fraction_ge_0.8;hexamer_rSASA_ge_0.25;burial_lt_0.10;interprotomer_distance_gt_4.5A	False		intermediate	remains unresolved	unresolved_exact_subset_too_small	False	unchanged_or_unresolved	92|93	92	A	93	S	95|96	95	exact_aligned	high	A89 flanking residues align directly to adjacent EV-A71 2C residues	87:FLPLYA|SEARRI:98	90:FQPLYA|TEAKRV:101	95	96	95-96	insertional_handle_SGRPGSLS	8	-5.600960	0.020604	-5.600960	direct_insert_strongly_deleterious	-4.912687	-4.354912	-4.997444	-4.787196;-5.010897	1AAdel_right_residue	-4.354912	deletion_context_strongly_deleterious	-0.727478	Bakhache_2024_NatMicrobiol_Dryad_10.5061_dryad.866t1g1xm_QVEU_eva71_dimple_c99331a6	direct_experiment_unfavorable	direct_experiment_unfavorable
93|94	93	94	HIGH_RISK	A89_N-terminal_oligomerization_by_similarity	False	0.0	0.2437525540590286	0.0625024903871909	0.8303207167797105	3.2807506201940995	12.38677019092088	86.97000122070312	False	0.818182	1.0	1.236611	0.0	0.0	0.0	0.250367	1.236611	0.883117	0.064935	0.0	0.0	0	0.0	0	0.239706	1.232772	0.887545	0.075269	0.0	0.0	0	0.0	0	0	0.0	0.25019	1.234489	0.883117	0.064935	0.0	0.0	0	none	0	none	0	none	none	max(insertion_type_count,local_deletion_type_count)	background	6	AF_coil;hexamer_coil_fraction_ge_0.8;AF_rSASA_ge_0.25;hexamer_rSASA_ge_0.25;burial_lt_0.10;interprotomer_distance_gt_4.5A	False		intermediate	remains unresolved	unresolved_exact_subset_too_small	False	unchanged_or_unresolved	93|94	93	S	94	E	96|97	96	exact_aligned	high	A89 flanking residues align directly to adjacent EV-A71 2C residues	88:LPLYAS|EARRIK:99	91:QPLYAT|EAKRVY:102	96	97	96-97	insertional_handle_SGRPGSLS	8	-5.697888	0.019265	-5.697888	direct_insert_strongly_deleterious	-4.354912	-4.877683	-4.825452	-5.010897;-4.932152	1AAdel_left_residue	-4.354912	deletion_context_strongly_deleterious	-0.821509	Bakhache_2024_NatMicrobiol_Dryad_10.5061_dryad.866t1g1xm_QVEU_eva71_dimple_c99331a6	direct_experiment_unfavorable	direct_experiment_unfavorable
94|95	94	95	HIGH_RISK	A89_N-terminal_oligomerization_by_similarity	False	0.0	0.0864153131842613	0.0559051609778589	0.8303207167797105	3.4262094845315483	15.049432754370008	86.62999725341797	False	1.0	0.818182	0.0	0.684038	0.0	0.0	0.452788	2.429053	0.805195	0.064935	0.0	0.0	0	0.0	0	0.437788	2.376988	0.810932	0.075269	0.0	0.0	0	0.0	0	0	0.0	0.452916	2.43271	0.805195	0.064935	0.0	0.0	0	none	0	none	0	none	none	max(insertion_type_count,local_deletion_type_count)	background	6	AF_coil;hexamer_coil_fraction_ge_0.8;AF_rSASA_ge_0.25;hexamer_rSASA_ge_0.25;burial_lt_0.10;interprotomer_distance_gt_4.5A	False		intermediate	remains unresolved	unresolved_exact_subset_too_small	False	unchanged_or_unresolved	94|95	94	E	95	A	97|98	97	exact_aligned	high	A89 flanking residues align directly to adjacent EV-A71 2C residues	89:PLYASE|ARRIKN:100	92:PLYATE|AKRVYA:103	97	98	97-98	insertional_handle_SGRPGSLS	8	-5.590729	0.020750	-5.590729	direct_insert_strongly_deleterious	-4.877683	-4.396935	-5.001948	-4.932152;-4.781610	1AAdel_right_residue	-4.396935	deletion_context_strongly_deleterious	-2.399564	Bakhache_2024_NatMicrobiol_Dryad_10.5061_dryad.866t1g1xm_QVEU_eva71_dimple_c99331a6	direct_experiment_unfavorable	direct_experiment_unfavorable
95|96	95	96	HIGH_RISK	A89_N-terminal_oligomerization_by_similarity	False	0.0	0.0864153131842613	0.0559051609778589	0.0084680925042405	6.358563849051674	9.08891392019646	86.62999725341797	False	0.818182	0.064935	0.684038	0.346731	0.0	0.0	0.485589	2.429053	0.799784	0.064935	0.0	0.0	0	0.0	0	0.468161	2.376988	0.806004	0.075269	0.0	0.0	0	0.0	0	0	0.0	0.485716	2.43271	0.799784	0.064935	0.0	0.0	0	none	0	none	0	none	none	max(insertion_type_count,local_deletion_type_count)	background	4	AF_coil;hexamer_coil_fraction_ge_0.8;AF_rSASA_ge_0.25;hexamer_rSASA_ge_0.25	False		intermediate	remains unresolved	unresolved_exact_subset_too_small	False	unchanged_or_unresolved	95|96	95	A	96	R	98|99	98	exact_aligned	high	A89 flanking residues align directly to adjacent EV-A71 2C residues	90:LYASEA|RRIKNL:101	93:LYATEA|KRVYAL:104	98	99	98-99	insertional_handle_SGRPGSLS	8	-5.751833	0.018558	-5.751833	direct_insert_strongly_deleterious	-4.396935	-4.527891	-5.261716	-4.781610;-4.770342	1AAdel_left_residue	-4.396935	deletion_context_strongly_deleterious	-2.607677	Bakhache_2024_NatMicrobiol_Dryad_10.5061_dryad.866t1g1xm_QVEU_eva71_dimple_c99331a6	direct_experiment_unfavorable	direct_experiment_unfavorable
96|97	96	97	HIGH_RISK	A89_N-terminal_oligomerization_by_similarity	False	0.0	0.3254839777946472	0.1130792647962732	0.6897048693472984	3.298062850198578	9.08891392019646	87.80000305175781	False	0.064935	0.974026	0.346731	0.199755	0.0	0.0	0.629402	2.429053	0.746056	0.064935	0.0	0.0	0	0.0	0	0.610978	2.376988	0.75392	0.075269	0.0	0.0	0	0.0	0	0	0.0	0.629354	2.43271	0.745926	0.064935	0.0	0.0	0	none	0	none	0	none	none	max(insertion_type_count,local_deletion_type_count)	background	5	AF_coil;hexamer_coil_fraction_ge_0.8;hexamer_rSASA_ge_0.25;burial_lt_0.10;interprotomer_distance_gt_4.5A	False		intermediate	remains unresolved	unresolved_exact_subset_too_small	False	unchanged_or_unresolved	96|97	96	R	97	R	99|100	99	exact_aligned	high	A89 flanking residues align directly to adjacent EV-A71 2C residues	91:YASEAR|RIKNLY:102	94:YATEAK|RVYALE:105	99	100	99-100	insertional_handle_SGRPGSLS	8	-5.621111	0.020318	-5.621111	direct_insert_strongly_deleterious	-4.527891	-4.498585	-5.006432	-4.770342;-5.607062	1AAdel_right_residue	-4.498585	deletion_context_strongly_deleterious	-3.011377	Bakhache_2024_NatMicrobiol_Dryad_10.5061_dryad.866t1g1xm_QVEU_eva71_dimple_c99331a6	direct_experiment_unfavorable	direct_experiment_unfavorable
97|98	97	98	HIGH_RISK	A89_N-terminal_oligomerization_by_similarity	False	0.0	0.0044698594138026	0.000299452424251	0.6897048693472984	3.298062850198578	16.66689057361052	89.47000122070312	False	0.974026	0.987013	0.199755	0.100001	0.0	0.0	0.753198	2.429053	0.67138	0.064935	0.0	0.0	0	0.0	0	0.735585	2.376988	0.679995	0.075269	0.0	0.0	0	0.0	0	0	0.0	0.753151	2.43271	0.671251	0.064935	0.0	0.0	0	none	0	none	0	none	none	max(insertion_type_count,local_deletion_type_count)	background	6	AF_coil;hexamer_coil_fraction_ge_0.8;AF_rSASA_ge_0.25;hexamer_rSASA_ge_0.25;burial_lt_0.10;interprotomer_distance_gt_4.5A	False		variable	supports	unresolved_exact_subset_too_small	False	unchanged_or_unresolved	97|98	97	R	98	I	100|101	100	exact_aligned	high	A89 flanking residues align directly to adjacent EV-A71 2C residues	92:ASEARR|IKNLYI:103	95:ATEAKR|VYALEK:106	100	101	100-101	insertional_handle_SGRPGSLS	8	-5.410975	0.023504	-5.410975	direct_insert_strongly_deleterious	-4.498585	-4.597606	-4.992919	-5.607062;-5.265176	1AAdel_left_residue	-4.498585	deletion_context_strongly_deleterious	-2.679322	Bakhache_2024_NatMicrobiol_Dryad_10.5061_dryad.866t1g1xm_QVEU_eva71_dimple_c99331a6	direct_experiment_unfavorable	direct_experiment_unfavorable
98|99	98	99	HIGH_RISK	A89_N-terminal_oligomerization_by_similarity	False	0.0	0.0044698594138026	0.000299452424251	0.0	6.7735842723772	15.117870890210542	88.68000030517578	False	0.987013	0.974026	0.100001	0.199755	0.0	0.0	0.810563	2.429053	0.654064	0.064935	0.0	0.0	0	0.0	0	0.791209	2.376988	0.663867	0.075269	0.0	0.0	0	0.0	0	0	0.0	0.810515	2.43271	0.653935	0.064935	0.0	0.0	0	none	0	none	0	none	none	max(insertion_type_count,local_deletion_type_count)	background	4	AF_coil;hexamer_coil_fraction_ge_0.8;AF_rSASA_ge_0.25;hexamer_rSASA_ge_0.25	False		variable	supports	unresolved_exact_subset_too_small	False	unchanged_or_unresolved	98|99	98	I	99	K	101|102	101	exact_aligned	high	A89 flanking residues align directly to adjacent EV-A71 2C residues	93:SEARRI|KNLYIK:104	96:TEAKRV|YALEKR:107	101	102	101-102	insertional_handle_SGRPGSLS	8	-5.516028	0.021853	-5.516028	direct_insert_strongly_deleterious	-4.597606	-4.527891	-4.630722	-5.265176;-4.452950	3AAdel_spanning_option_2	-4.452950	deletion_context_strongly_deleterious	-1.896631	Bakhache_2024_NatMicrobiol_Dryad_10.5061_dryad.866t1g1xm_QVEU_eva71_dimple_c99331a6	direct_experiment_unfavorable	direct_experiment_unfavorable
99|100	99	100	HIGH_RISK	A89_N-terminal_oligomerization_by_similarity	False	0.0	0.4164459109306335	0.3056302421113364	0.0	6.7735842723772	15.117870890210542	88.04000091552734	False	0.974026	0.064935	0.199755	2.429053	0.0	0.0	0.791969	2.429053	0.6519	0.064935	0.0	0.0	0	0.0	0	0.766076	2.376988	0.663867	0.075269	0.0	0.0	0	0.0	0	0	0.0	0.792098	2.43271	0.65177	0.064935	0.0	0.0	0	none	0	none	0	none	none	max(insertion_type_count,local_deletion_type_count)	structural near-miss	2	AF_coil;hexamer_coil_fraction_ge_0.8	False		variable	supports	unresolved_exact_subset_too_small	False	outside_strict_review_only; near-miss plus V2 evolutionary support	99|100	99	K	100	N	102|103	102	exact_aligned	high	A89 flanking residues align directly to adjacent EV-A71 2C residues	94:EARRIK|NLYIKC:105	97:EAKRVY|ALEKRM:108	102	103	102-103	insertional_handle_SGRPGSLS	8	-5.307323	0.025254	-5.307323	direct_insert_strongly_deleterious	-4.527891	-4.630722	-4.705992	-4.452950;-4.476028	3AAdel_spanning_option_1	-4.452950	deletion_context_strongly_deleterious	-0.405323	Bakhache_2024_NatMicrobiol_Dryad_10.5061_dryad.866t1g1xm_QVEU_eva71_dimple_c99331a6	direct_experiment_unfavorable	direct_experiment_unfavorable
100|101	100	101	HIGH_RISK	A89_N-terminal_oligomerization_by_similarity	False	0.0	0.0650877580046653	0.0278639415801065	0.0	6.345692518306317	16.090816964022746	88.04000091552734	False	0.064935	0.935065	2.429053	0.39361	0.0	0.0	0.976142	2.429053	0.582636	0.064935	0.0	0.0	0	0.0	0	0.952275	2.376988	0.59711	0.075269	0.0	0.0	0	0.0	0	0	0.0	0.976847	2.43271	0.582867	0.064935	0.0	0.0	0	none	0	none	0	none	none	max(insertion_type_count,local_deletion_type_count)	background	4	AF_coil;hexamer_coil_fraction_ge_0.8;AF_rSASA_ge_0.25;hexamer_rSASA_ge_0.25	False		variable	supports	unresolved_exact_subset_too_small	False	unchanged_or_unresolved	100|101	100	N	101	L	103|104	103	exact_aligned	high	A89 flanking residues align directly to adjacent EV-A71 2C residues	95:ARRIKN|LYIKCS:106	98:AKRVYA|LEKRMN:109	103	104	103-104	insertional_handle_SGRPGSLS	8	-5.665021	0.019709	-5.665021	direct_insert_strongly_deleterious	-4.630722	-4.729874	-4.927321	-4.476028;-4.872581	3AAdel_spanning_option_1	-4.476028	deletion_context_strongly_deleterious	-0.696426	Bakhache_2024_NatMicrobiol_Dryad_10.5061_dryad.866t1g1xm_QVEU_eva71_dimple_c99331a6	direct_experiment_unfavorable	direct_experiment_unfavorable
101|102	101	102	HIGH_RISK	A89_N-terminal_oligomerization_by_similarity	False	0.0	0.0650877580046653	0.0278639415801065	0.0	6.116904961971463	21.42864299138417	88.80999755859375	False	0.935065	0.355263	0.39361	1.725757	0.0	0.0	1.109636	2.429053	0.545839	0.064935	0.0	0.0	0	0.0	0	1.083055	2.376988	0.561716	0.075269	0.0	0.0	0	0.0	0	0	0.0	1.110341	2.43271	0.546071	0.064935	0.0	0.0	0	none	0	none	0	none	none	max(insertion_type_count,local_deletion_type_count)	background	4	AF_coil;hexamer_coil_fraction_ge_0.8;AF_rSASA_ge_0.25;hexamer_rSASA_ge_0.25	False		variable	supports	unresolved_exact_subset_too_small	False	unchanged_or_unresolved	101|102	101	L	102	Y	104|105	104	exact_aligned	high	A89 flanking residues align directly to adjacent EV-A71 2C residues	96:RRIKNL|YIKCSN:107	99:KRVYAL|EKRMNN:110	104	105	104-105	insertional_handle_SGRPGSLS	8	-5.621111	0.020318	-5.621111	direct_insert_strongly_deleterious	-4.729874	-4.468394	-4.563356	-4.872581;-4.836119	1AAdel_right_residue	-4.468394	deletion_context_strongly_deleterious	-2.736147	Bakhache_2024_NatMicrobiol_Dryad_10.5061_dryad.866t1g1xm_QVEU_eva71_dimple_c99331a6	direct_experiment_unfavorable	direct_experiment_unfavorable
102|103	102	103	HIGH_RISK	A89_N-terminal_oligomerization_by_similarity	False	0.0	0.2400562763214111	0.2283071438169298	0.0	5.910082018071061	18.2779590542909	84.73999786376953	False	0.355263	0.103896	1.725757	1.485562	0.0	0.0	1.141206	2.429053	0.55125	0.064935	0.0	0.0	0	0.0	0	1.116087	2.376988	0.568884	0.080645	0.0	0.0	0	0.0	0	0	0.0	1.141912	2.43271	0.551482	0.064935	0.0	0.0	0	none	0	none	0	none	none	max(insertion_type_count,local_deletion_type_count)	background	4	AF_coil;hexamer_coil_fraction_ge_0.8;AF_rSASA_ge_0.25;hexamer_rSASA_ge_0.25	False		variable	supports	unresolved_exact_subset_too_small	False	unchanged_or_unresolved	102|103	102	Y	103	I	105|106	105	exact_aligned	high	A89 flanking residues align directly to adjacent EV-A71 2C residues	97:RIKNLY|IKCSNV:108	100:RVYALE|KRMNNY:111	105	106	105-106	insertional_handle_SGRPGSLS	8	-5.707083	0.019142	-5.707083	direct_insert_strongly_deleterious	-4.468394	-4.302037	-4.681526	-4.836119;-4.927321	1AAdel_right_residue	-4.302037	deletion_context_strongly_deleterious	-2.950961	Bakhache_2024_NatMicrobiol_Dryad_10.5061_dryad.866t1g1xm_QVEU_eva71_dimple_c99331a6	direct_experiment_unfavorable	direct_experiment_unfavorable
103|104	103	104	HIGH_RISK	A89_N-terminal_oligomerization_by_similarity	False	0.0	0.3045889437198639	0.2473862029977659	0.3229687812162712	2.970873178511459	18.2779590542909	84.55000305175781	False	0.103896	0.753247	1.485562	0.92588	0.0	0.0	1.206538	2.429053	0.536099	0.064935	0.0	0.0	0	0.0	0	1.177863	2.376988	0.555444	0.080645	0.0	0.0	0	0.0	0	0	0.0	1.207244	2.43271	0.53633	0.064935	0.0	0.0	0	none	0	none	0	none	none	max(insertion_type_count,local_deletion_type_count)	background	5	AF_coil;hexamer_coil_fraction_ge_0.8;hexamer_rSASA_ge_0.25;burial_lt_0.10;interprotomer_distance_gt_4.5A	False		variable	supports	unresolved_exact_subset_too_small	False	unchanged_or_unresolved	103|104	103	I	104	K	106|107	106	exact_aligned	high	A89 flanking residues align directly to adjacent EV-A71 2C residues	98:IKNLYI|KCSNVI:109	101:VYALEK|RMNNYM:112	106	107	106-107	insertional_handle_SGRPGSLS	8	-5.882900	0.016946	-5.882900	direct_insert_strongly_deleterious	-4.302037	-4.498585	-4.723957	-4.927321;-4.830800	1AAdel_left_residue	-4.302037	deletion_context_strongly_deleterious	-2.445931	Bakhache_2024_NatMicrobiol_Dryad_10.5061_dryad.866t1g1xm_QVEU_eva71_dimple_c99331a6	direct_experiment_unfavorable	direct_experiment_unfavorable
104|105	104	105	HIGH_RISK	A89_N-terminal_oligomerization_by_similarity	False	0.0	0.0	0.0008428790969049	0.3229687812162712	2.970873178511459	20.49467287375324	84.55000305175781	False	0.753247	0.792208	0.92588	1.013487	0.0	0.0	1.271712	2.429053	0.52203	0.064935	0.0	0.0	0	0.0	0	1.236571	2.376988	0.543347	0.080645	0.0	0.0	0	0.0	0	0	0.0	1.272417	2.43271	0.522261	0.064935	0.0	0.0	0	none	0	none	0	none	none	max(insertion_type_count,local_deletion_type_count)	background	6	AF_coil;hexamer_coil_fraction_ge_0.8;AF_rSASA_ge_0.25;hexamer_rSASA_ge_0.25;burial_lt_0.10;interprotomer_distance_gt_4.5A	False		variable	supports	unresolved_exact_subset_too_small	False	unchanged_or_unresolved	104|105	104	K	105	C	107|108	107	exact_aligned	high	A89 flanking residues align directly to adjacent EV-A71 2C residues	99:KNLYIK|CSNVIK:110	102:YALEKR|MNNYMQ:113	107	108	107-108	insertional_handle_SGRPGSLS	8	-5.764877	0.018391	-5.764877	direct_insert_strongly_deleterious	-4.498585	-4.887810	-4.775992	-4.830800;-4.798277	1AAdel_left_residue	-4.498585	deletion_context_strongly_deleterious	-2.147985	Bakhache_2024_NatMicrobiol_Dryad_10.5061_dryad.866t1g1xm_QVEU_eva71_dimple_c99331a6	direct_experiment_unfavorable	direct_experiment_unfavorable
105|106	105	106	HIGH_RISK	A89_N-terminal_oligomerization_by_similarity	False	0.0	0.0	0.0008428790969049	0.0	4.519969759985777	25.83112607741816	83.23999786376953	False	0.792208	0.168831	1.013487	2.210073	0.0	0.0	1.355085	2.429053	0.446272	0.064935	0.0	0.0	0	0.0	0	1.321026	2.376988	0.468078	0.075269	0.0	0.0	0	0.0	0	0	0.0	1.355791	2.43271	0.446503	0.064935	0.0	0.0	0	none	0	none	0	none	none	max(insertion_type_count,local_deletion_type_count)	background	4	AF_coil;hexamer_coil_fraction_ge_0.8;AF_rSASA_ge_0.25;hexamer_rSASA_ge_0.25	False		variable	supports	unresolved_exact_subset_too_small	False	unchanged_or_unresolved	105|106	105	C	106	S	108|109	108	exact_aligned	high	A89 flanking residues align directly to adjacent EV-A71 2C residues	100:NLYIKC|SNVIKG:111	103:ALEKRM|NNYMQF:114	108	109	108-109	insertional_handle_SGRPGSLS	8	-5.773479	0.018281	-5.773479	direct_insert_strongly_deleterious	-4.887810	-4.505993	-4.792752	-4.798277;-4.877683	1AAdel_right_residue	-4.505993	deletion_context_strongly_deleterious	-1.596927	Bakhache_2024_NatMicrobiol_Dryad_10.5061_dryad.866t1g1xm_QVEU_eva71_dimple_c99331a6	direct_experiment_unfavorable	direct_experiment_unfavorable
106|107	106	107	HIGH_RISK	A89_N-terminal_oligomerization_by_similarity	False	0.0	0.061687272042036	0.0526407123893819	0.5565850270741642	3.3591962191298923	22.58389525228132	76.38999938964844	False	0.168831	0.376623	2.210073	2.285966	0.0	0.0	1.303973	2.285966	0.446272	0.064935	0.0	0.0	0	0.0	0	1.274809	2.234385	0.46763	0.075269	0.0	0.0	0	0.0	0	0	0.0	1.304374	2.285966	0.446503	0.064935	0.0	0.0	0	none	0	none	0	none	none	max(insertion_type_count,local_deletion_type_count)	background	6	AF_coil;hexamer_coil_fraction_ge_0.8;AF_rSASA_ge_0.25;hexamer_rSASA_ge_0.25;burial_lt_0.10;interprotomer_distance_gt_4.5A	False		variable	supports	unresolved_exact_subset_too_small	False	unchanged_or_unresolved	106|107	106	S	107	N	109|110	109	exact_aligned	high	A89 flanking residues align directly to adjacent EV-A71 2C residues	101:LYIKCS|NVIKGG:112	104:LEKRMN|NYMQFK:115	109	110	109-110	insertional_handle_SGRPGSLS	8	-5.859598	0.017222	-5.859598	direct_insert_strongly_deleterious	-4.505993	-4.556363	-4.902810	-4.877683;-4.867453	1AAdel_left_residue	-4.505993	deletion_context_strongly_deleterious	-1.622599	Bakhache_2024_NatMicrobiol_Dryad_10.5061_dryad.866t1g1xm_QVEU_eva71_dimple_c99331a6	direct_experiment_unfavorable	direct_experiment_unfavorable
107|108	107	108	HIGH_RISK	A89_N-terminal_oligomerization_by_similarity	False	0.0	0.171036958694458	0.0046011592864533	0.997362285535915	2.941874124738428	22.58389525228132	76.38999938964844	False	0.376623	0.12987	2.285966	0.725576	0.0	0.0	1.279505	2.285966	0.450601	0.064935	0.0	0.0	0	0.0	0	1.251581	2.234385	0.471662	0.075269	0.0	0.0	0	0.0	0	0	0.0	1.279906	2.285966	0.450832	0.064935	0.0	0.0	0	none	0	none	0	none	none	max(insertion_type_count,local_deletion_type_count)	background	6	AF_coil;hexamer_coil_fraction_ge_0.8;AF_rSASA_ge_0.25;hexamer_rSASA_ge_0.25;burial_lt_0.10;interprotomer_distance_gt_4.5A	False		variable	supports	unresolved_exact_subset_too_small	False	unchanged_or_unresolved	107|108	107	N	108	V	110|111	110	exact_aligned	high	A89 flanking residues align directly to adjacent EV-A71 2C residues	102:YIKCSN|VIKGGK:113	105:EKRMNN|YMQFKS:116	110	111	110-111	insertional_handle_SGRPGSLS	8	-5.738617	0.018729	-5.738617	direct_insert_strongly_deleterious	-4.556363	-4.113360	-4.396935	-4.867453;-4.520645	1AAdel_right_residue	-4.113360	deletion_context_strongly_deleterious	-2.107564	Bakhache_2024_NatMicrobiol_Dryad_10.5061_dryad.866t1g1xm_QVEU_eva71_dimple_c99331a6	direct_experiment_unfavorable	direct_experiment_unfavorable
108|109	108	109	HIGH_RISK	A89_N-terminal_oligomerization_by_similarity	False	0.0	0.1874177157878875	0.0046011592864533	0.997362285535915	2.941874124738428	27.93387598563532	77.16999816894531	False	0.12987	0.792208	0.725576	0.983741	0.0	0.0	1.135692	2.285966	0.504329	0.064935	0.0	0.0	0	0.0	0	1.108764	2.234385	0.523745	0.075269	0.0	0.0	0	0.0	0	0	0.0	1.136268	2.285966	0.50469	0.064935	0.0	0.0	0	none	0	none	0	none	none	max(insertion_type_count,local_deletion_type_count)	background	6	AF_coil;hexamer_coil_fraction_ge_0.8;AF_rSASA_ge_0.25;hexamer_rSASA_ge_0.25;burial_lt_0.10;interprotomer_distance_gt_4.5A	False		variable	supports	unresolved_exact_subset_too_small	False	unchanged_or_unresolved	108|109	108	V	109	I	111|112	111	exact_aligned	high	A89 flanking residues align directly to adjacent EV-A71 2C residues	103:IKCSNV|IKGGKR:114	106:KRMNNY|MQFKSK:117	111	112	111-112	insertional_handle_SGRPGSLS	8	-5.901912	0.016724	-5.901912	direct_insert_strongly_deleterious	-4.113360	-4.643667	-4.535086	-4.520645;-4.723957	1AAdel_left_residue	-4.113360	deletion_context_strongly_deleterious	-2.588491	Bakhache_2024_NatMicrobiol_Dryad_10.5061_dryad.866t1g1xm_QVEU_eva71_dimple_c99331a6	direct_experiment_unfavorable	direct_experiment_unfavorable
109|110	109	110	HIGH_RISK	A89_N-terminal_oligomerization_by_similarity	False	0.0	0.1874177157878875	0.1229928834789295	0.0158379561453722	4.863630483821248	27.463219843090968	67.66999816894531	False	0.792208	0.818182	0.983741	0.88208	0.0	0.0	1.175086	2.285966	0.501082	0.064935	0.0	0.0	0	0.0	0	1.146907	2.234385	0.520609	0.075269	0.0	0.0	0	0.0	0	0	0.0	1.175662	2.285966	0.501443	0.064935	0.0	0.0	0	none	0	none	0	none	none	max(insertion_type_count,local_deletion_type_count)	background	4	AF_coil;hexamer_coil_fraction_ge_0.8;AF_rSASA_ge_0.25;hexamer_rSASA_ge_0.25	False		variable	supports	unresolved_exact_subset_too_small	False	unchanged_or_unresolved	109|110	109	I	110	K	112|113;113|114;114|115	112-114	ambiguous	low	A89 junction spans multiple EV-A71 residues/junctions in the sequence alignment	104:KCSNVI|KGGKRN:115		112	115	112-115	insertional_handle_SGRPGSLS	8	-6.074456	0.014839	-6.074456;-6.264408;-6.227020	direct_insert_strongly_deleterious							no_direct_deletion_context		Bakhache_2024_NatMicrobiol_Dryad_10.5061_dryad.866t1g1xm_QVEU_eva71_dimple_c99331a6	mapping_uncertain	mapping_uncertain
110|111	110	111	HIGH_RISK	A89_N-terminal_oligomerization_by_similarity	False	0.0	0.179453432559967	0.0247852441210013	0.9570076087260404	2.5915459750480347	27.463219843090968	63.68000030517578	False	0.818182	0.064935	0.88208	1.200235	0.0	0.0	1.097929	2.285966	0.521645	0.064935	0.0	0.0	0	0.0	0	1.07415	2.234385	0.539426	0.075269	0.0	0.0	0	0.0	0	0	0.0	1.098506	2.285966	0.522006	0.064935	0.0	0.0	0	none	0	none	0	none	none	max(insertion_type_count,local_deletion_type_count)	background	6	AF_coil;hexamer_coil_fraction_ge_0.8;AF_rSASA_ge_0.25;hexamer_rSASA_ge_0.25;burial_lt_0.10;interprotomer_distance_gt_4.5A	False		variable	supports	unresolved_exact_subset_too_small	False	unchanged_or_unresolved	110|111	110	K	111	G	115|116	115	exact_aligned	high	A89 flanking residues align directly to adjacent EV-A71 2C residues	105:CSNVIK|GGKRNE:116	110:NYMQFK|SKHRIE:121	115	116	115-116	insertional_handle_SGRPGSLS	8	-6.467696	0.011299	-6.467696	direct_insert_strongly_deleterious	-4.505993	-4.460702	-4.584046	-4.437263;-4.590849	3AAdel_spanning_option_1	-4.437263	deletion_context_strongly_deleterious	-2.881029	Bakhache_2024_NatMicrobiol_Dryad_10.5061_dryad.866t1g1xm_QVEU_eva71_dimple_c99331a6	direct_experiment_unfavorable	direct_experiment_unfavorable
111|112	111	112	HIGH_RISK	A89_N-terminal_oligomerization_by_similarity	False	0.0	0.179453432559967	0.0247852441210013	0.9570076087260404	2.5915459750480347	29.63536731095894	63.5099983215332	False	0.064935	0.064935	1.200235	1.815706	0.0	0.0	1.013472	2.285966	0.538961	0.064935	0.0	0.0	0	0.0	0	0.996553	2.234385	0.554659	0.075269	0.0	0.0	0	0.0	0	0	0.0	1.014048	2.285966	0.539322	0.064935	0.0	0.0	0	none	0	none	0	none	none	max(insertion_type_count,local_deletion_type_count)	background	6	AF_coil;hexamer_coil_fraction_ge_0.8;AF_rSASA_ge_0.25;hexamer_rSASA_ge_0.25;burial_lt_0.10;interprotomer_distance_gt_4.5A	False		variable	supports	unresolved_exact_subset_too_small	False	unchanged_or_unresolved	111|112	111	G	112	G	116|117	116	exact_aligned	high	A89 flanking residues align directly to adjacent EV-A71 2C residues	106:SNVIKG|GKRNEP:117	111:YMQFKS|KHRIEP:122	116	117	116-117	insertional_handle_SGRPGSLS	8	-5.688607	0.019389	-5.688607	direct_insert_strongly_deleterious	-4.460702	-4.166564	-4.965331	-4.590849;-4.753199	1AAdel_right_residue	-4.166564	deletion_context_strongly_deleterious	-2.995695	Bakhache_2024_NatMicrobiol_Dryad_10.5061_dryad.866t1g1xm_QVEU_eva71_dimple_c99331a6	direct_experiment_unfavorable	direct_experiment_unfavorable
112|113	112	113	HIGH_RISK	A89_N-terminal_oligomerization_by_similarity	False	0.0	0.4261288046836853	0.2200173170138628	0.6972885518600127	2.818691116026029	31.891637787340603	63.5099983215332	False	0.064935	0.987013	1.815706	0.100001	0.0	0.0	0.829299	2.285966	0.608225	0.064935	0.0	0.0	0	0.0	0	0.810354	2.193801	0.621416	0.075269	0.0	0.0	0	0.0	0	0	0.0	0.829299	2.285966	0.608225	0.064935	0.0	0.0	0	none	0	none	0	none	none	max(insertion_type_count,local_deletion_type_count)	background	5	AF_coil;hexamer_coil_fraction_ge_0.8;hexamer_rSASA_ge_0.25;burial_lt_0.10;interprotomer_distance_gt_4.5A	False		variable	supports	unresolved_exact_subset_too_small	False	unchanged_or_unresolved	112|113	112	G	113	K	117|118	117	exact_aligned	high	A89 flanking residues align directly to adjacent EV-A71 2C residues	107:NVIKGG|KRNEPV:118	112:MQFKSK|HRIEPV:123	117	118	117-118	insertional_handle_SGRPGSLS	8	-5.580393	0.020899	-5.580393	direct_insert_strongly_deleterious	-4.166564	-4.405132	-4.758946	-4.753199;-4.712016	1AAdel_left_residue	-4.166564	deletion_context_strongly_deleterious	-2.984858	Bakhache_2024_NatMicrobiol_Dryad_10.5061_dryad.866t1g1xm_QVEU_eva71_dimple_c99331a6	direct_experiment_unfavorable	direct_experiment_unfavorable
113|114	113	114	HIGH_RISK	A89_N-terminal_oligomerization_by_similarity	True	1.0	0.0946313664317131	0.0700621430891273	0.115549201942622	4.436643677005419	29.303210743043653	71.23999786376953	False	0.987013	1.0	0.100001	0.0	0.0	0.0	0.693388	1.958287	0.646104	0.064935	0.0	0.0	0	0.0	0	0.677337	1.953005	0.657706	0.075269	0.0	0.0	0	0.0	0	0	0.0	0.693388	1.958287	0.646104	0.064935	0.0	0.0	0	none	0	none	0	none	none	max(insertion_type_count,local_deletion_type_count)	background	4	AF_rSASA_ge_0.25;hexamer_rSASA_ge_0.25;burial_lt_0.10;interprotomer_distance_gt_4.5A	False		variable	supports	unresolved_exact_subset_too_small	False	unchanged_or_unresolved	113|114	113	K	114	R	118|119	118	exact_aligned	high	A89 flanking residues align directly to adjacent EV-A71 2C residues	108:VIKGGK|RNEPVA:119	113:QFKSKH|RIEPVC:124	118	119	118-119	insertional_handle_SGRPGSLS	8	-5.863520	0.017175	-5.863520	direct_insert_strongly_deleterious	-4.405132	-4.877683	-4.527891	-4.712016;-4.758946	1AAdel_left_residue	-4.405132	deletion_context_strongly_deleterious	-2.872598	Bakhache_2024_NatMicrobiol_Dryad_10.5061_dryad.866t1g1xm_QVEU_eva71_dimple_c99331a6	direct_experiment_unfavorable	direct_experiment_unfavorable
114|115	114	115	HIGH_RISK	A89_N-terminal_oligomerization_by_similarity	True	1.0	0.0946313664317131	0.0700621430891273	0.115549201942622	5.507963110618422	29.303210743043653	82.3499984741211	False	1.0	0.064935	0.0	1.958287	0.0	0.0	0.69436	1.958287	0.701299	0.064935	0.0	0.0	0	0.0	0	0.672178	1.953005	0.711021	0.075269	0.0	0.0	0	0.0	0	0	0.0	0.693656	1.958287	0.701659	0.064935	0.0	0.0	0	none	0	none	0	none	none	max(insertion_type_count,local_deletion_type_count)	background	3	AF_rSASA_ge_0.25;hexamer_rSASA_ge_0.25;burial_lt_0.10	False		intermediate	remains unresolved	unresolved_exact_subset_too_small	False	unchanged_or_unresolved	114|115	114	R	115	N	119|120	119	exact_aligned	high	A89 flanking residues align directly to adjacent EV-A71 2C residues	109:IKGGKR|NEPVAV:120	114:FKSKHR|IEPVCL:125	119	120	119-120	insertional_handle_SGRPGSLS	8	-5.665021	0.019709	-5.665021	direct_insert_strongly_deleterious	-4.877683	-4.491123	-4.405132	-4.758946;-4.669065	2AAdel_spanning_junction	-4.405132	deletion_context_strongly_deleterious	-2.953486	Bakhache_2024_NatMicrobiol_Dryad_10.5061_dryad.866t1g1xm_QVEU_eva71_dimple_c99331a6	direct_experiment_unfavorable	direct_experiment_unfavorable
115|116	115	116	HIGH_RISK	A89_N-terminal_oligomerization_by_similarity;near_Walker_A	True	1.0	0.2647157311439514	0.132799727321562	0.4156346746336356	3.588941542602284	34.307565255939245	88.02999877929688	False	0.064935	1.0	1.958287	0.0	0.0	0.0	0.769346	1.958287	0.649351	0.064935	0.0	0.0	0	0.0	0	0.749154	1.953005	0.65681	0.075269	0.0	0.0	0	0.0	0	0	0.0	0.768643	1.958287	0.649711	0.064935	0.0	0.0	0	none	0	none	0	none	none	max(insertion_type_count,local_deletion_type_count)	background	3	hexamer_rSASA_ge_0.25;burial_lt_0.10;interprotomer_distance_gt_4.5A	False		variable	supports	unresolved_exact_subset_too_small	False	unchanged_or_unresolved	115|116	115	N	116	E	120|121	120	exact_aligned	high	A89 flanking residues align directly to adjacent EV-A71 2C residues	110:KGGKRN|EPVAVL:121	115:KSKHRI|EPVCLI:126	120	121	120-121	insertional_handle_SGRPGSLS	8	-5.665021	0.019709	-5.665021	direct_insert_strongly_deleterious	-4.491123	-4.187078	-4.396935	-4.669065;-4.302037	1AAdel_right_residue	-4.187078	deletion_context_strongly_deleterious	-2.810107	Bakhache_2024_NatMicrobiol_Dryad_10.5061_dryad.866t1g1xm_QVEU_eva71_dimple_c99331a6	direct_experiment_unfavorable	direct_experiment_unfavorable
116|117	116	117	HIGH_RISK	A89_N-terminal_oligomerization_by_similarity;near_Walker_A	True	1.0	0.0071204495616257	0.0116470311797639	0.4156346746336356	3.588941542602284	31.866352270521062	91.41000366210938	False	1.0	1.0	0.0	0.0	0.0	0.0	0.77102	1.958287	0.645022	0.064935	0.0	0.0	0	0.0	0	0.756815	1.953005	0.651882	0.075269	0.0	0.0	0	0.0	0	0	0.0	0.770316	1.958287	0.645382	0.064935	0.0	0.0	0	none	0	none	0	none	none	max(insertion_type_count,local_deletion_type_count)	background	4	AF_rSASA_ge_0.25;hexamer_rSASA_ge_0.25;burial_lt_0.10;interprotomer_distance_gt_4.5A	False		variable	supports	unresolved_exact_subset_too_small	False	unchanged_or_unresolved	116|117	116	E	117	P	121|122	121	exact_aligned	high	A89 flanking residues align directly to adjacent EV-A71 2C residues	111:GGKRNE|PVAVLI:122	116:SKHRIE|PVCLII:127	121	122	121-122	insertional_handle_SGRPGSLS	8	-5.729709	0.018845	-5.729709	direct_insert_strongly_deleterious	-4.187078	-4.346292	-4.236593	-4.302037;-4.437263	1AAdel_left_residue	-4.187078	deletion_context_strongly_deleterious	-2.655943	Bakhache_2024_NatMicrobiol_Dryad_10.5061_dryad.866t1g1xm_QVEU_eva71_dimple_c99331a6	direct_experiment_unfavorable	direct_experiment_unfavorable
117|118	117	118	HIGH_RISK	A89_N-terminal_oligomerization_by_similarity;near_Walker_A	False	0.0	0.0071204495616257	0.0081811405118854	0.0	7.343297346635068	31.866352270521062	94.33999633789062	False	1.0	1.0	0.0	0.0	0.0	0.0	0.671	1.958287	0.722944	0.064935	0.0	0.0	0	0.0	0	0.658084	1.953005	0.728943	0.075269	0.0	0.0	0	0.0	0	0	0.0	0.670297	1.958287	0.723304	0.064935	0.0	0.0	0	none	0	none	0	none	none	max(insertion_type_count,local_deletion_type_count)	background	4	AF_coil;hexamer_coil_fraction_ge_0.8;AF_rSASA_ge_0.25;hexamer_rSASA_ge_0.25	False		intermediate	remains unresolved	unresolved_exact_subset_too_small	False	unchanged_or_unresolved	117|118	117	P	118	V	122|123	122	exact_aligned	high	A89 flanking residues align directly to adjacent EV-A71 2C residues	112:GKRNEP|VAVLIH:123	117:KHRIEP|VCLIIR:128	122	123	122-123	insertional_handle_SGRPGSLS	8	-5.128408	0.028589	-5.128408	direct_insert_strongly_deleterious	-4.346292	-4.068660	-4.421327	-4.437263;-4.283771	1AAdel_right_residue	-4.068660	deletion_context_strongly_deleterious	-2.548873	Bakhache_2024_NatMicrobiol_Dryad_10.5061_dryad.866t1g1xm_QVEU_eva71_dimple_c99331a6	direct_experiment_unfavorable	direct_experiment_unfavorable
118|119	118	119	HIGH_RISK	A89_N-terminal_oligomerization_by_similarity;near_Walker_A	False	0.0	0.0	0.0004573033145539	0.0	9.84135882493807	33.493937884525174	95.12999725341795	False	1.0	0.831169	0.0	0.655024	0.0	0.0	0.519691	1.958287	0.800866	0.064935	0.0	0.0	0	0.0	0	0.506219	1.953005	0.806004	0.075269	0.0	0.0	0	0.0	0	0	0.0	0.518988	1.958287	0.801227	0.064935	0.0	0.0	0	none	0	none	0	none	none	max(insertion_type_count,local_deletion_type_count)	background	4	AF_coil;hexamer_coil_fraction_ge_0.8;AF_rSASA_ge_0.25;hexamer_rSASA_ge_0.25	False		intermediate	remains unresolved	unresolved_exact_subset_too_small	False	unchanged_or_unresolved	118|119	118	V	119	A	123|124	123	exact_aligned	high	A89 flanking residues align directly to adjacent EV-A71 2C residues	113:KRNEPV|AVLIHG:124	118:HRIEPV|CLIIRG:129	123	124	123-124	insertional_handle_SGRPGSLS	8	-5.453150	0.022826	-5.453150	direct_insert_strongly_deleterious	-4.068660	-4.145621	-4.156147	-4.283771;-3.934312	3AAdel_spanning_option_2	-3.934312	deletion_context_strongly_deleterious	-2.405665	Bakhache_2024_NatMicrobiol_Dryad_10.5061_dryad.866t1g1xm_QVEU_eva71_dimple_c99331a6	direct_experiment_unfavorable	direct_experiment_unfavorable
119|120	119	120	HIGH_RISK	A89_N-terminal_oligomerization_by_similarity;near_Walker_A	False	0.0	0.0	0.0004573033145539	0.0	10.622430111324793	33.31861448962639	95.23999786376952	False	0.831169	0.792208	0.655024	0.737241	0.0	0.0	0.658372	1.958287	0.728355	0.064935	0.0	0.0	0	0.0	0	0.646877	1.953005	0.733871	0.075269	0.0	0.0	0	0.0	0	0	0.0	0.656417	1.958287	0.729077	0.064935	0.0	0.0	0	none	0	none	0	none	none	max(insertion_type_count,local_deletion_type_count)	background	4	AF_coil;hexamer_coil_fraction_ge_0.8;AF_rSASA_ge_0.25;hexamer_rSASA_ge_0.25	False		intermediate	remains unresolved	unresolved_exact_subset_too_small	False	unchanged_or_unresolved	119|120	119	A	120	V	124|125	124	exact_aligned	high	A89 flanking residues align directly to adjacent EV-A71 2C residues	114:RNEPVA|VLIHGS:125	119:RIEPVC|LIIRGS:130	124	125	124-125	insertional_handle_SGRPGSLS	8	-5.128408	0.028589	-5.128408	direct_insert_strongly_deleterious	-4.145621	-4.476028	-4.226884	-3.934312;-4.302037	3AAdel_spanning_option_1	-3.934312	deletion_context_strongly_deleterious	-2.504944	Bakhache_2024_NatMicrobiol_Dryad_10.5061_dryad.866t1g1xm_QVEU_eva71_dimple_c99331a6	direct_experiment_unfavorable	direct_experiment_unfavorable
120|121	120	121	HIGH_RISK	A89_N-terminal_oligomerization_by_similarity;near_Walker_A	False	0.0	0.0043809069320559	0.0030329910560129	0.0	13.16982629451811	31.18995535083002	94.4000015258789	False	0.792208	0.168831	0.737241	1.88358	0.0	0.0	0.658372	1.958287	0.728355	0.064935	0.0	0.0	0	0.0	0	0.646877	1.953005	0.733871	0.075269	0.0	0.0	0	0.0	0	0	0.0	0.656417	1.958287	0.729077	0.064935	0.0	0.0	0	none	0	none	0	none	none	max(insertion_type_count,local_deletion_type_count)	background	4	AF_coil;hexamer_coil_fraction_ge_0.8;AF_rSASA_ge_0.25;hexamer_rSASA_ge_0.25	False		intermediate	remains unresolved	unresolved_exact_subset_too_small	False	unchanged_or_unresolved	120|121	120	V	121	L	125|126	125	exact_aligned	high	A89 flanking residues align directly to adjacent EV-A71 2C residues	115:NEPVAV|LIHGSP:126	120:IEPVCL|IIRGSP:131	125	126	125-126	insertional_handle_SGRPGSLS	8	-5.476475	0.022460	-5.476475	direct_insert_strongly_deleterious	-4.476028	-3.699664	-3.414733	-4.302037;-4.283771	2AAdel_spanning_junction	-3.414733	deletion_context_strongly_deleterious	-2.560606	Bakhache_2024_NatMicrobiol_Dryad_10.5061_dryad.866t1g1xm_QVEU_eva71_dimple_c99331a6	direct_experiment_unfavorable	direct_experiment_unfavorable
121|122	121	122	HIGH_RISK	A89_N-terminal_oligomerization_by_similarity;near_Walker_A	False	0.0	0.0043809069320559	0.0049138326834502	0.0	9.84027008073727	31.18995535083002	94.4000015258789	False	0.168831	0.766234	1.88358	0.902164	0.0	0.0	0.495181	1.88358	0.806277	0.116883	0.0	0.0	0	0.0	0	0.484126	1.836326	0.810932	0.123656	0.0	0.0	0	0.0	0	0	0.0	0.493226	1.88358	0.806999	0.121212	0.0	0.0	0	none	0	none	0	none	none	max(insertion_type_count,local_deletion_type_count)	background	4	AF_coil;hexamer_coil_fraction_ge_0.8;AF_rSASA_ge_0.25;hexamer_rSASA_ge_0.25	False		intermediate	remains unresolved	unresolved_exact_subset_too_small	False	unchanged_or_unresolved	121|122	121	L	122	I	126|127	126	exact_aligned	high	A89 flanking residues align directly to adjacent EV-A71 2C residues	116:EPVAVL|IHGSPG:127	121:EPVCLI|IRGSPG:132	126	127	126-127	insertional_handle_SGRPGSLS	8	-5.353998	0.024450	-5.353998	direct_insert_strongly_deleterious	-3.699664	-4.255732	-4.460702	-4.283771;-4.429327	1AAdel_left_residue	-3.699664	deletion_context_strongly_deleterious	-2.375708	Bakhache_2024_NatMicrobiol_Dryad_10.5061_dryad.866t1g1xm_QVEU_eva71_dimple_c99331a6	direct_experiment_unfavorable	direct_experiment_unfavorable
122|123	122	123	HIGH_RISK	A89_N-terminal_oligomerization_by_similarity;near_Walker_A	False	0.0	0.0076626162044703	0.0049138326834502	0.0	9.84027008073727	32.404982631907984	94.27999877929688	False	0.766234	1.0	0.902164	0.0	0.0	0.0	0.542307	1.88358	0.797619	0.116883	0.0	0.0	0	0.0	0	0.530095	1.836326	0.802419	0.123656	0.0	0.0	0	0.0	0	0	0.0	0.540352	1.88358	0.798341	0.121212	0.0	0.0	0	none	0	none	0	none	none	max(insertion_type_count,local_deletion_type_count)	background	4	AF_coil;hexamer_coil_fraction_ge_0.8;AF_rSASA_ge_0.25;hexamer_rSASA_ge_0.25	False		intermediate	remains unresolved	unresolved_exact_subset_too_small	False	unchanged_or_unresolved	122|123	122	I	123	H	127|128	127	exact_aligned	high	A89 flanking residues align directly to adjacent EV-A71 2C residues	117:PVAVLI|HGSPGT:128	122:PVCLII|RGSPGT:133	127	128	127-128	insertional_handle_SGRPGSLS	8	-5.669783	0.019644	-5.669783	direct_insert_strongly_deleterious	-4.255732	-4.604317	-4.563356	-4.429327;-5.247754	1AAdel_left_residue	-4.255732	deletion_context_strongly_deleterious	-2.731321	Bakhache_2024_NatMicrobiol_Dryad_10.5061_dryad.866t1g1xm_QVEU_eva71_dimple_c99331a6	direct_experiment_unfavorable	direct_experiment_unfavorable
123|124	123	124	EXCLUDE	Walker_A/ATP_binding	False	0.0	0.0211604814976453	0.0146659892052412	0.0	7.774130208225026	32.404982631907984	92.66000366210938	False	1.0	1.0	0.0	0.0	0.0	0.0	0.542307	1.88358	0.797619	0.116883	0.0	0.0	0	0.0	0	0.530095	1.836326	0.802419	0.123656	0.0	0.0	0	0.0	0	0	0.0	0.540352	1.88358	0.798341	0.121212	0.0	0.0	0	none	0	none	0	none	none	max(insertion_type_count,local_deletion_type_count)	background	4	AF_coil;hexamer_coil_fraction_ge_0.8;AF_rSASA_ge_0.25;hexamer_rSASA_ge_0.25	False		intermediate	weakens	unresolved_exact_subset_too_small	False	decreased_or_excluded; hard functional feature dominates	123|124	123	H	124	G	128|129	128	exact_aligned	high	A89 flanking residues align directly to adjacent EV-A71 2C residues	118:VAVLIH|GSPGTG:129	123:VCLIIR|GSPGTG:134	128	129	128-129	insertional_handle_SGRPGSLS	8	-5.782008	0.018174	-5.782008	direct_insert_strongly_deleterious	-4.604317	-4.597606	-4.681526	-5.247754;-5.240700	1AAdel_right_residue	-4.597606	deletion_context_strongly_deleterious	-3.194108	Bakhache_2024_NatMicrobiol_Dryad_10.5061_dryad.866t1g1xm_QVEU_eva71_dimple_c99331a6	direct_experiment_unfavorable	direct_experiment_unfavorable
124|125	124	125	EXCLUDE	Walker_A/ATP_binding	True	1.0	0.1626730859279632	0.145354749300541	0.0	6.518284920567035	33.07104269258921	92.18000030517578	False	1.0	0.116883	0.0	1.764164	0.0	0.0	0.542307	1.88358	0.797619	0.116883	0.0	0.0	0	0.0	0	0.530095	1.836326	0.802419	0.123656	0.0	0.0	0	0.0	0	0	0.0	0.540352	1.88358	0.798341	0.121212	0.0	0.0	0	none	0	none	0	none	none	max(insertion_type_count,local_deletion_type_count)	background	2	AF_rSASA_ge_0.25;hexamer_rSASA_ge_0.25	False		intermediate	weakens	unresolved_exact_subset_too_small	False	decreased_or_excluded; hard functional feature dominates	124|125	124	G	125	S	129|130	129	exact_aligned	high	A89 flanking residues align directly to adjacent EV-A71 2C residues	119:AVLIHG|SPGTGK:130	124:CLIIRG|SPGTGK:135	129	130	129-130	insertional_handle_SGRPGSLS	8	-6.042247	0.015174	-6.042247	direct_insert_strongly_deleterious	-4.597606	-4.363459	-4.872581	-5.240700;-4.687699	1AAdel_right_residue	-4.363459	deletion_context_strongly_deleterious	-2.300500	Bakhache_2024_NatMicrobiol_Dryad_10.5061_dryad.866t1g1xm_QVEU_eva71_dimple_c99331a6	direct_experiment_unfavorable	direct_experiment_unfavorable
125|126	125	126	EXCLUDE	Walker_A/ATP_binding	True	1.0	0.4636946022510528	0.2997566639002514	0.5672628866538938	3.648734866222398	30.831379675414624	92.18000030517578	False	0.116883	1.0	1.764164	0.0	0.0	0.0	0.487722	1.88358	0.811688	0.116883	0.0	0.0	0	0.0	0	0.480295	1.836326	0.814516	0.123656	0.0	0.0	0	0.0	0	0	0.0	0.485767	1.88358	0.81241	0.121212	0.0	0.0	0	none	0	none	0	none	none	max(insertion_type_count,local_deletion_type_count)	background	2	burial_lt_0.10;interprotomer_distance_gt_4.5A	False		intermediate	weakens	unresolved_exact_subset_too_small	False	decreased_or_excluded; hard functional feature dominates	125|126	125	S	126	P	130|131	130	exact_aligned	high	A89 flanking residues align directly to adjacent EV-A71 2C residues	120:VLIHGS|PGTGKS:131	125:LIIRGS|PGTGKS:136	130	131	130-131	insertional_handle_SGRPGSLS	8	-5.901912	0.016724	-5.901912	direct_insert_strongly_deleterious	-4.363459	-4.396935	-4.610984	-4.687699;-4.851909	1AAdel_left_residue	-4.363459	deletion_context_strongly_deleterious	-2.241455	Bakhache_2024_NatMicrobiol_Dryad_10.5061_dryad.866t1g1xm_QVEU_eva71_dimple_c99331a6	direct_experiment_unfavorable	direct_experiment_unfavorable
126|127	126	127	EXCLUDE	Walker_A/ATP_binding	True	1.0	0.351993978023529	0.2604277561872433	0.5672628866538938	3.648734866222398	30.831379675414624	91.91999816894533	False	1.0	1.0	0.0	0.0	0.0	0.0	0.540949	1.88358	0.752165	0.077922	0.0	0.0	0	0.0	0	0.536244	1.836326	0.755376	0.091398	0.0	0.0	0	0.0	0	0	0.0	0.539698	1.88358	0.752525	0.077922	0.0	0.0	0	none	0	none	0	none	none	max(insertion_type_count,local_deletion_type_count)	background	2	burial_lt_0.10;interprotomer_distance_gt_4.5A	False		intermediate	weakens	unresolved_exact_subset_too_small	False	decreased_or_excluded; hard functional feature dominates	126|127	126	P	127	G	131|132	131	exact_aligned	high	A89 flanking residues align directly to adjacent EV-A71 2C residues	121:LIHGSP|GTGKSL:132	126:IIRGSP|GTGKSL:137	131	132	131-132	insertional_handle_SGRPGSLS	8	-5.953299	0.016139	-5.953299	direct_insert_strongly_deleterious	-4.396935	-4.723957	-4.577197	-4.851909;-4.907761	1AAdel_left_residue	-4.396935	deletion_context_strongly_deleterious	-3.088707	Bakhache_2024_NatMicrobiol_Dryad_10.5061_dryad.866t1g1xm_QVEU_eva71_dimple_c99331a6	direct_experiment_unfavorable	direct_experiment_unfavorable
127|128	127	128	EXCLUDE	Walker_A/ATP_binding	True	1.0	0.1191432774066925	0.0839371403982472	0.3021238801427418	5.379684091391312	34.02688332256667	91.91999816894533	False	1.0	0.896104	0.0	0.565514	0.0	0.0	0.452465	1.764164	0.752165	0.077922	0.0	0.0	0	0.0	0	0.450403	1.773637	0.755824	0.091398	0.0	0.0	0	0.0	0	0	0.0	0.451214	1.749146	0.752525	0.077922	0.0	0.0	0	none	0	none	0	none	none	max(insertion_type_count,local_deletion_type_count)	background	3	AF_rSASA_ge_0.25;hexamer_rSASA_ge_0.25;burial_lt_0.10	False		intermediate	weakens	unresolved_exact_subset_too_small	False	decreased_or_excluded; hard functional feature dominates	127|128	127	G	128	T	132|133	132	exact_aligned	high	A89 flanking residues align directly to adjacent EV-A71 2C residues	122:IHGSPG|TGKSLA:133	127:IRGSPG|TGKSLA:138	132	133	132-133	insertional_handle_SGRPGSLS	8	-5.782008	0.018174	-5.782008	direct_insert_strongly_deleterious	-4.723957	-4.597606	-4.319974	-4.907761;-4.862299	2AAdel_spanning_junction	-4.319974	deletion_context_strongly_deleterious	-2.250267	Bakhache_2024_NatMicrobiol_Dryad_10.5061_dryad.866t1g1xm_QVEU_eva71_dimple_c99331a6	direct_experiment_unfavorable	direct_experiment_unfavorable
128|129	128	129	EXCLUDE	Walker_A/ATP_binding	True	1.0	0.1137867644429206	0.0740036865075429	0.2971014990765001	5.321109484233952	35.84419634920626	92.4800033569336	False	0.896104	1.0	0.565514	0.0	0.0	0.0	0.377285	1.764164	0.771645	0.077922	0.0	0.0	0	0.0	0	0.376888	1.773637	0.773746	0.091398	0.0	0.0	0	0.0	0	0	0.0	0.376034	1.749146	0.772006	0.077922	0.0	0.0	0	none	0	none	0	none	none	max(insertion_type_count,local_deletion_type_count)	background	3	AF_rSASA_ge_0.25;hexamer_rSASA_ge_0.25;burial_lt_0.10	False		intermediate	weakens	unresolved_exact_subset_too_small	False	decreased_or_excluded; hard functional feature dominates	128|129	128	T	129	G	133|134	133	exact_aligned	high	A89 flanking residues align directly to adjacent EV-A71 2C residues	123:HGSPGT|GKSLAT:134	128:RGSPGT|GKSLAT:139	133	134	133-134	insertional_handle_SGRPGSLS	8	-5.470694	0.022551	-5.470694	direct_insert_strongly_deleterious	-4.597606	-4.741604	-4.681526	-4.862299;-4.637215	1AAdel_left_residue	-4.597606	deletion_context_strongly_deleterious	-2.207353	Bakhache_2024_NatMicrobiol_Dryad_10.5061_dryad.866t1g1xm_QVEU_eva71_dimple_c99331a6	direct_experiment_unfavorable	direct_experiment_unfavorable
129|130	129	130	EXCLUDE	Walker_A/ATP_binding	False	0.0	0.0518701188266277	0.0314776072394376	0.2971014990765001	5.321109484233952	31.87704644191577	92.6500015258789	False	1.0	1.0	0.0	0.0	0.0	0.0	0.460365	1.764164	0.732684	0.077922	0.0	0.0	0	0.0	0	0.459971	1.773637	0.734767	0.091398	0.0	0.0	0	0.0	0	0	0.0	0.459113	1.749146	0.733045	0.077922	0.0	0.0	0	none	0	none	0	none	none	max(insertion_type_count,local_deletion_type_count)	background	5	AF_coil;hexamer_coil_fraction_ge_0.8;AF_rSASA_ge_0.25;hexamer_rSASA_ge_0.25;burial_lt_0.10	False		intermediate	weakens	unresolved_exact_subset_too_small	False	decreased_or_excluded; hard functional feature dominates	129|130	129	G	130	K	134|135	134	exact_aligned	high	A89 flanking residues align directly to adjacent EV-A71 2C residues	124:GSPGTG|KSLATS:135	129:GSPGTG|KSLATG:140	134	135	134-135	insertional_handle_SGRPGSLS	8	-5.756200	0.018502	-5.756200	direct_insert_strongly_deleterious	-4.741604	-4.405132	-4.830800	-4.637215;-4.699932	1AAdel_right_residue	-4.405132	deletion_context_strongly_deleterious	-2.987123	Bakhache_2024_NatMicrobiol_Dryad_10.5061_dryad.866t1g1xm_QVEU_eva71_dimple_c99331a6	direct_experiment_unfavorable	direct_experiment_unfavorable
130|131	130	131	EXCLUDE	Walker_A/ATP_binding	False	0.0	0.0518701188266277	0.0314776072394376	0.722171786294147	3.269023047403827	30.281265977333817	94.1500015258789	False	1.0	1.0	0.0	0.0	0.0	0.0	0.548303	1.764164	0.655844	0.077922	0.0	0.0	0	0.0	0	0.545421	1.773637	0.658602	0.086022	0.0	0.0	0	0.0	0	0	0.0	0.547052	1.749146	0.656205	0.077922	0.0	0.0	0	none	0	none	0	none	none	max(insertion_type_count,local_deletion_type_count)	background	6	AF_coil;hexamer_coil_fraction_ge_0.8;AF_rSASA_ge_0.25;hexamer_rSASA_ge_0.25;burial_lt_0.10;interprotomer_distance_gt_4.5A	False		variable	weakens	unresolved_exact_subset_too_small	False	decreased_or_excluded; hard functional feature dominates	130|131	130	K	131	S	135|136	135	exact_aligned	high	A89 flanking residues align directly to adjacent EV-A71 2C residues	125:SPGTGK|SLATSV:136	130:SPGTGK|SLATGI:141	135	136	135-136	insertional_handle_SGRPGSLS	8	-5.949715	0.016179	-5.949715	direct_insert_strongly_deleterious	-4.405132	-4.460702	-4.421327	-4.699932;-4.798277	1AAdel_left_residue	-4.405132	deletion_context_strongly_deleterious	-2.901509	Bakhache_2024_NatMicrobiol_Dryad_10.5061_dryad.866t1g1xm_QVEU_eva71_dimple_c99331a6	direct_experiment_unfavorable	direct_experiment_unfavorable
131|132	131	132	EXCLUDE	Walker_A/ATP_binding	False	0.0	0.2543744146823883	0.0506707677002965	0.915039945753893	3.269023047403827	30.281265977333817	93.7300033569336	False	1.0	0.077922	0.0	1.375968	0.0	0.0	0.40129	1.375968	0.729437	0.077922	0.0	0.0	0	0.0	0	0.397618	1.391158	0.731631	0.086022	0.0	0.0	0	0.0	0	0	0.0	0.40129	1.375968	0.729437	0.077922	0.0	0.0	0	none	0	none	0	none	none	max(insertion_type_count,local_deletion_type_count)	background	5	AF_coil;hexamer_coil_fraction_ge_0.8;hexamer_rSASA_ge_0.25;burial_lt_0.10;interprotomer_distance_gt_4.5A	False		intermediate	weakens	unresolved_exact_subset_too_small	False	decreased_or_excluded; hard functional feature dominates	131|132	131	S	132	L	136|137	136	exact_aligned	high	A89 flanking residues align directly to adjacent EV-A71 2C residues	126:PGTGKS|LATSVL:137	131:PGTGKS|LATGII:142	136	137	136-137	insertional_handle_SGRPGSLS	8	-5.839756	0.017461	-5.839756	direct_insert_strongly_deleterious	-4.460702	-4.413262	-4.437263	-4.798277;-4.102371	3AAdel_spanning_option_2	-4.102371	deletion_context_strongly_deleterious	-2.632741	Bakhache_2024_NatMicrobiol_Dryad_10.5061_dryad.866t1g1xm_QVEU_eva71_dimple_c99331a6	direct_experiment_unfavorable	direct_experiment_unfavorable
132|133	132	133	HIGH_RISK	A89_N-terminal_oligomerization_by_similarity;near_Walker_A	False	0.0	0.0	0.00054692393241	0.915039945753893	3.3449336680888138	33.68919646010821	93.7300033569336	False	0.077922	0.168831	1.375968	0.821775	0.0	0.0	0.415771	1.375968	0.727273	0.077922	0.0	0.0	0	0.0	0	0.412494	1.391158	0.729391	0.086022	0.0	0.0	0	0.0	0	0	0.0	0.415771	1.375968	0.727273	0.077922	0.0	0.0	0	none	0	none	0	none	none	max(insertion_type_count,local_deletion_type_count)	background	6	AF_coil;hexamer_coil_fraction_ge_0.8;AF_rSASA_ge_0.25;hexamer_rSASA_ge_0.25;burial_lt_0.10;interprotomer_distance_gt_4.5A	False		intermediate	remains unresolved	unresolved_exact_subset_too_small	False	unchanged_or_unresolved	132|133	132	L	133	A	137|138	137	exact_aligned	high	A89 flanking residues align directly to adjacent EV-A71 2C residues	127:GTGKSL|ATSVLA:138	132:GTGKSL|ATGIIA:143	137	138	137-138	insertional_handle_SGRPGSLS	8	-5.548728	0.021363	-5.548728	direct_insert_strongly_deleterious	-4.413262	-4.556363	-4.380337	-4.102371;-4.520645	3AAdel_spanning_option_1	-4.102371	deletion_context_strongly_deleterious	-2.590290	Bakhache_2024_NatMicrobiol_Dryad_10.5061_dryad.866t1g1xm_QVEU_eva71_dimple_c99331a6	direct_experiment_unfavorable	direct_experiment_unfavorable
133|134	133	134	HIGH_RISK	A89_N-terminal_oligomerization_by_similarity;near_Walker_A	False	0.0	0.0	0.00054692393241	0.0	6.007213549253377	31.639531318303245	94.2699966430664	False	0.168831	1.0	0.821775	0.0	0.0	0.0	0.435564	1.375968	0.724026	0.077922	0.0	0.0	0	0.0	0	0.431772	1.391158	0.726255	0.086022	0.0	0.0	0	0.0	0	0	0.0	0.435564	1.375968	0.724026	0.077922	0.0	0.0	0	none	0	none	0	none	none	max(insertion_type_count,local_deletion_type_count)	background	4	AF_coil;hexamer_coil_fraction_ge_0.8;AF_rSASA_ge_0.25;hexamer_rSASA_ge_0.25	False		intermediate	remains unresolved	unresolved_exact_subset_too_small	False	unchanged_or_unresolved	133|134	133	A	134	T	138|139	138	exact_aligned	high	A89 flanking residues align directly to adjacent EV-A71 2C residues	128:TGKSLA|TSVLAR:139	133:TGKSLA|TGIIAR:144	138	139	138-139	insertional_handle_SGRPGSLS	8	-5.720720	0.018962	-5.720720	direct_insert_strongly_deleterious	-4.556363	-4.236593	-4.758946	-4.520645;-4.729874	1AAdel_right_residue	-4.236593	deletion_context_strongly_deleterious	-2.676742	Bakhache_2024_NatMicrobiol_Dryad_10.5061_dryad.866t1g1xm_QVEU_eva71_dimple_c99331a6	direct_experiment_unfavorable	direct_experiment_unfavorable
134|135	134	135	HIGH_RISK	A89_N-terminal_oligomerization_by_similarity;near_Walker_A	False	0.0	0.0166456028819084	0.0020802699881353	0.8564359361813837	3.309270032747796	31.639531318303245	93.83000183105467	False	1.0	0.532468	0.0	0.996956	0.0	0.0	0.388437	1.375968	0.732684	0.077922	0.0	0.0	0	0.0	0	0.385804	1.391158	0.734767	0.086022	0.0	0.0	0	0.0	0	0	0.0	0.388437	1.375968	0.732684	0.077922	0.0	0.0	0	none	0	none	0	none	none	max(insertion_type_count,local_deletion_type_count)	background	6	AF_coil;hexamer_coil_fraction_ge_0.8;AF_rSASA_ge_0.25;hexamer_rSASA_ge_0.25;burial_lt_0.10;interprotomer_distance_gt_4.5A	False		intermediate	remains unresolved	unresolved_exact_subset_too_small	False	unchanged_or_unresolved	134|135	134	T	135	S	139|140	139	exact_aligned	high	A89 flanking residues align directly to adjacent EV-A71 2C residues	129:GKSLAT|SVLARM:140	134:GKSLAT|GIIARA:145	139	140	139-140	insertional_handle_SGRPGSLS	8	-5.293577	0.025496	-5.293577	direct_insert_strongly_deleterious	-4.236593	-4.597606	-4.584046	-4.729874;-4.328824	1AAdel_left_residue	-4.236593	deletion_context_strongly_deleterious	-1.872494	Bakhache_2024_NatMicrobiol_Dryad_10.5061_dryad.866t1g1xm_QVEU_eva71_dimple_c99331a6	direct_experiment_unfavorable	direct_experiment_unfavorable
135|136	135	136	HIGH_RISK	near_Walker_A	False	0.0	0.1208047196269035	0.043658834888089	0.8564359361813837	3.309270032747796	32.225826018549505	93.48999786376952	False	0.532468	0.077922	0.996956	1.055261	0.0	0.0	0.455612	1.375968	0.669913	0.077922	0.0	0.0	0	0.0	0	0.452324	1.391158	0.671595	0.086022	0.0	0.0	0	0.0	0	0	0.0	0.455612	1.375968	0.669913	0.077922	0.0	0.0	0	none	0	none	0	none	none	max(insertion_type_count,local_deletion_type_count)	background	6	AF_coil;hexamer_coil_fraction_ge_0.8;AF_rSASA_ge_0.25;hexamer_rSASA_ge_0.25;burial_lt_0.10;interprotomer_distance_gt_4.5A	False		variable	supports	unresolved_exact_subset_too_small	False	unchanged_or_unresolved	135|136	135	S	136	V	140|141	140	exact_aligned	high	A89 flanking residues align directly to adjacent EV-A71 2C residues	130:KSLATS|VLARML:141	135:KSLATG|IIARAI:146	140	141	140-141	insertional_handle_SGRPGSLS	8	-5.559395	0.021206	-5.559395	direct_insert_strongly_deleterious	-4.597606	-3.934312	-4.753199	-4.328824;-4.705992	1AAdel_right_residue	-3.934312	deletion_context_strongly_deleterious	-1.957144	Bakhache_2024_NatMicrobiol_Dryad_10.5061_dryad.866t1g1xm_QVEU_eva71_dimple_c99331a6	direct_experiment_unfavorable	direct_experiment_unfavorable
136|137	136	137	HIGH_RISK	near_Walker_A	False	0.0	0.0056325942277908	0.0030701729294474	0.116619300344984	6.189622490610736	35.52282967304622	93.48999786376952	False	0.077922	1.0	1.055261	0.0	0.0	0.0	0.455612	1.375968	0.669913	0.077922	0.0	0.0	0	0.0	0	0.452324	1.391158	0.671595	0.086022	0.0	0.0	0	0.0	0	0	0.0	0.455612	1.375968	0.669913	0.077922	0.0	0.0	0	none	0	none	0	none	none	max(insertion_type_count,local_deletion_type_count)	background	5	AF_coil;hexamer_coil_fraction_ge_0.8;AF_rSASA_ge_0.25;hexamer_rSASA_ge_0.25;burial_lt_0.10	False		variable	supports	unresolved_exact_subset_too_small	False	unchanged_or_unresolved	136|137	136	V	137	L	141|142	141	exact_aligned	high	A89 flanking residues align directly to adjacent EV-A71 2C residues	131:SLATSV|LARMLT:142	136:SLATGI|IARAIA:147	141	142	141-142	insertional_handle_SGRPGSLS	8	-5.660236	0.019774	-5.660236	direct_insert_strongly_deleterious	-3.934312	-4.570301	-4.505993	-4.705992;-4.505993	1AAdel_left_residue	-3.934312	deletion_context_strongly_deleterious	-2.819827	Bakhache_2024_NatMicrobiol_Dryad_10.5061_dryad.866t1g1xm_QVEU_eva71_dimple_c99331a6	direct_experiment_unfavorable	direct_experiment_unfavorable
137|138	137	138	HIGH_RISK	near_Walker_A	False	0.0	0.0	0.0	0.0	5.303669630204646	32.91761418353025	93.87000274658205	False	1.0	0.974026	0.0	0.173781	0.0	0.0	0.572416	1.401649	0.591991	0.064935	0.0	0.0	0	0.0	0	0.567245	1.391158	0.594534	0.075269	0.0	0.0	0	0.0	0	0	0.0	0.572416	1.401649	0.591991	0.064935	0.0	0.0	0	none	0	none	0	none	none	max(insertion_type_count,local_deletion_type_count)	background	4	AF_coil;hexamer_coil_fraction_ge_0.8;AF_rSASA_ge_0.25;hexamer_rSASA_ge_0.25	False		variable	supports	unresolved_exact_subset_too_small	False	unchanged_or_unresolved	137|138	137	L	138	A	142|143	142	exact_aligned	high	A89 flanking residues align directly to adjacent EV-A71 2C residues	132:LATSVL|ARMLTV:143	137:LATGII|ARAIAD:148	142	143	142-143	insertional_handle_SGRPGSLS	8	-6.019067	0.015420	-6.019067	direct_insert_strongly_deleterious	-4.570301	-4.476028	-4.468394	-4.505993;-4.662776	2AAdel_spanning_junction	-4.468394	deletion_context_strongly_deleterious	-2.713033	Bakhache_2024_NatMicrobiol_Dryad_10.5061_dryad.866t1g1xm_QVEU_eva71_dimple_c99331a6	direct_experiment_unfavorable	direct_experiment_unfavorable
138|139	138	139	HIGH_RISK	near_Walker_A	False	0.0	0.0	0.0	0.7139900413987406	2.5915459750480347	31.557723196705098	92.87999725341795	False	0.974026	0.961039	0.173781	0.237508	0.0	0.0	0.551044	1.401649	0.634199	0.064935	0.0	0.0	0	0.0	0	0.542476	1.379048	0.636649	0.075269	0.0	0.0	0	0.0	0	0	0.0	0.551044	1.401649	0.634199	0.064935	0.0	0.0	0	none	0	none	0	none	none	max(insertion_type_count,local_deletion_type_count)	background	6	AF_coil;hexamer_coil_fraction_ge_0.8;AF_rSASA_ge_0.25;hexamer_rSASA_ge_0.25;burial_lt_0.10;interprotomer_distance_gt_4.5A	False		variable	supports	unresolved_exact_subset_too_small	False	unchanged_or_unresolved	138|139	138	A	139	R	143|144	143	exact_aligned	high	A89 flanking residues align directly to adjacent EV-A71 2C residues	133:ATSVLA|RMLTVE:144	138:ATGIIA|RAIADK:149	143	144	143-144	insertional_handle_SGRPGSLS	8	-4.222270	0.053576	-4.222270	direct_insert_strongly_deleterious	-4.476028	-4.505993	-4.319974	-4.662776;-4.483604	2AAdel_spanning_junction	-4.319974	deletion_context_strongly_deleterious	-2.851645	Bakhache_2024_NatMicrobiol_Dryad_10.5061_dryad.866t1g1xm_QVEU_eva71_dimple_c99331a6	direct_experiment_unfavorable	direct_experiment_unfavorable
139|140	139	140	HIGH_RISK	near_Walker_A	False	0.0	0.0111516956239938	0.0013286942128269	0.7139900413987406	2.5915459750480347	31.557723196705098	91.56999969482422	False	0.961039	1.0	0.237508	0.0	0.0	0.0	0.515464	1.401649	0.626623	0.064935	0.0	0.0	0	0.0	0	0.512049	1.379048	0.629928	0.075269	0.0	0.0	0	0.0	0	0	0.0	0.515464	1.401649	0.626623	0.064935	0.0	0.0	0	none	0	none	0	none	none	max(insertion_type_count,local_deletion_type_count)	background	6	AF_coil;hexamer_coil_fraction_ge_0.8;AF_rSASA_ge_0.25;hexamer_rSASA_ge_0.25;burial_lt_0.10;interprotomer_distance_gt_4.5A	False		variable	supports	unresolved_exact_subset_too_small	False	unchanged_or_unresolved	139|140	139	R	140	M	144|145	144	exact_aligned	high	A89 flanking residues align directly to adjacent EV-A71 2C residues	134:TSVLAR|MLTVET:145	139:TGIIAR|AIADKY:150	144	145	144-145	insertional_handle_SGRPGSLS	8	-5.626087	0.020248	-5.626087	direct_insert_strongly_deleterious	-4.505993	-4.476028	-4.513346	-4.483604;-4.452950	3AAdel_spanning_option_2	-4.452950	deletion_context_strongly_deleterious	-2.476556	Bakhache_2024_NatMicrobiol_Dryad_10.5061_dryad.866t1g1xm_QVEU_eva71_dimple_c99331a6	direct_experiment_unfavorable	direct_experiment_unfavorable
140|141	140	141	CORE_CAUTION	A89_SF3_helicase_domain_by_PROSITE	False	0.0	0.0111516956239938	0.0013286942128269	0.625046231467774	3.5915036332323296	36.56089703115144	91.56999969482422	False	1.0	0.246753	0.0	0.806091	0.0	0.0	0.515464	1.401649	0.626623	0.064935	0.0	0.0	0	0.0	0	0.512049	1.379048	0.629928	0.075269	0.0	0.0	0	0.0	0	0	0.0	0.515464	1.401649	0.626623	0.064935	0.0	0.0	0	none	0	none	0	none	none	max(insertion_type_count,local_deletion_type_count)	background	6	AF_coil;hexamer_coil_fraction_ge_0.8;AF_rSASA_ge_0.25;hexamer_rSASA_ge_0.25;burial_lt_0.10;interprotomer_distance_gt_4.5A	False		variable	supports	unresolved_exact_subset_too_small	False	unchanged_or_unresolved	140|141	140	M	141	L	145|146	145	exact_aligned	high	A89 flanking residues align directly to adjacent EV-A71 2C residues	135:SVLARM|LTVETD:146	140:GIIARA|IADKYH:151	145	146	145-146	insertional_handle_SGRPGSLS	8	-5.835740	0.017509	-5.835740	direct_insert_strongly_deleterious	-4.476028	-4.687699	-4.505993	-4.452950;-4.563356	3AAdel_spanning_option_1	-4.452950	deletion_context_strongly_deleterious	-2.109089	Bakhache_2024_NatMicrobiol_Dryad_10.5061_dryad.866t1g1xm_QVEU_eva71_dimple_c99331a6	direct_experiment_unfavorable	direct_experiment_unfavorable
141|142	141	142	CORE_CAUTION	A89_SF3_helicase_domain_by_PROSITE	False	0.0	0.1203475669026374	0.0252087928762483	0.8706709368822607	2.723176243834595	32.75843820955455	90.68000030517578	False	0.246753	1.0	0.806091	0.0	0.0	0.0	0.465286	1.401649	0.659091	0.064935	0.0	0.0	0	0.0	0	0.46422	1.379048	0.661738	0.075269	0.0	0.0	0	0.0	0	0	0.0	0.465286	1.401649	0.659091	0.064935	0.0	0.0	0	none	0	none	0	none	none	max(insertion_type_count,local_deletion_type_count)	background	6	AF_coil;hexamer_coil_fraction_ge_0.8;AF_rSASA_ge_0.25;hexamer_rSASA_ge_0.25;burial_lt_0.10;interprotomer_distance_gt_4.5A	False		variable	supports	unresolved_exact_subset_too_small	False	unchanged_or_unresolved	141|142	141	L	142	T	146|147	146	exact_aligned	high	A89 flanking residues align directly to adjacent EV-A71 2C residues	136:VLARML|TVETDI:147	141:IIARAI|ADKYHS:152	146	147	146-147	insertional_handle_SGRPGSLS	8	-5.886731	0.016901	-5.886731	direct_insert_strongly_deleterious	-4.687699	-4.421327	-4.498585	-4.563356;-4.445137	1AAdel_right_residue	-4.421327	deletion_context_strongly_deleterious	-2.451075	Bakhache_2024_NatMicrobiol_Dryad_10.5061_dryad.866t1g1xm_QVEU_eva71_dimple_c99331a6	direct_experiment_unfavorable	direct_experiment_unfavorable
142|143	142	143	CORE_CAUTION	A89_SF3_helicase_domain_by_PROSITE	True	1.0	0.1203475669026374	0.018668462261843	0.9822866214584328	2.5262970969045355	31.06155436779605	87.98999786376953	False	1.0	0.064935	0.0	1.401649	0.0	0.0	0.377348	1.401649	0.735931	0.064935	0.0	0.0	0	0.0	0	0.37877	1.379048	0.737903	0.075269	0.0	0.0	0	0.0	0	0	0.0	0.377348	1.401649	0.735931	0.064935	0.0	0.0	0	none	0	none	0	none	none	max(insertion_type_count,local_deletion_type_count)	background	4	AF_rSASA_ge_0.25;hexamer_rSASA_ge_0.25;burial_lt_0.10;interprotomer_distance_gt_4.5A	False		intermediate	remains unresolved	unresolved_exact_subset_too_small	False	unchanged_or_unresolved	142|143	142	T	143	V	147|148;148|149;149|150	147-149	ambiguous	low	A89 junction spans multiple EV-A71 residues/junctions in the sequence alignment	137:LARMLT|VETDIY:148		147	150	147-150	insertional_handle_SGRPGSLS	8	-5.981520	0.015826	-6.108727;-6.080775;-5.981520	direct_insert_strongly_deleterious							no_direct_deletion_context		Bakhache_2024_NatMicrobiol_Dryad_10.5061_dryad.866t1g1xm_QVEU_eva71_dimple_c99331a6	mapping_uncertain	mapping_uncertain
143|144	143	144	CORE_CAUTION	A89_SF3_helicase_domain_by_PROSITE	False	1.0	0.4846948683261871	0.018668462261843	0.9822866214584328	2.5262970969045355	27.91794231754719	87.5999984741211	False	0.064935	0.584416	1.401649	1.119512	0.0	0.0	0.377348	1.401649	0.735931	0.064935	0.0	0.0	0	0.0	0	0.37877	1.379048	0.737903	0.075269	0.0	0.0	0	0.0	0	0	0.0	0.377348	1.401649	0.735931	0.064935	0.0	0.0	0	none	0	none	0	none	none	max(insertion_type_count,local_deletion_type_count)	background	4	AF_coil;hexamer_rSASA_ge_0.25;burial_lt_0.10;interprotomer_distance_gt_4.5A	False		intermediate	remains unresolved	unresolved_exact_subset_too_small	False	unchanged_or_unresolved	143|144	143	V	144	E	150|151	150	exact_aligned	high	A89 flanking residues align directly to adjacent EV-A71 2C residues	138:ARMLTV|ETDIYS:149	145:AIADKY|HSSVYS:156	150	151	150-151	insertional_handle_SGRPGSLS	8	-5.991901	0.015713	-5.991901	direct_insert_strongly_deleterious	-4.319974	-4.830800	-4.520645	-4.483604;-4.513346	1AAdel_left_residue	-4.319974	deletion_context_strongly_deleterious	-2.252169	Bakhache_2024_NatMicrobiol_Dryad_10.5061_dryad.866t1g1xm_QVEU_eva71_dimple_c99331a6	direct_experiment_unfavorable	direct_experiment_unfavorable
144|145	144	145	CORE_CAUTION	A89_SF3_helicase_domain_by_PROSITE	False	1.0	0.5297373533248901	0.0891482163616003	0.8923795494209782	2.5363125225241663	25.90683575947988	87.0199966430664	False	0.584416	0.077922	1.119512	0.394815	0.0	0.0	0.362866	1.401649	0.738095	0.064935	0.0	0.0	0	0.0	0	0.363894	1.379048	0.740143	0.075269	0.0	0.0	0	0.0	0	0	0.0	0.362866	1.401649	0.738095	0.064935	0.0	0.0	0	none	0	none	0	none	none	max(insertion_type_count,local_deletion_type_count)	background	4	AF_coil;hexamer_rSASA_ge_0.25;burial_lt_0.10;interprotomer_distance_gt_4.5A	False		intermediate	remains unresolved	unresolved_exact_subset_too_small	False	unchanged_or_unresolved	144|145	144	E	145	T	151|152	151	exact_aligned	high	A89 flanking residues align directly to adjacent EV-A71 2C residues	139:RMLTVE|TDIYSL:150	146:IADKYH|SSVYSL:157	151	152	151-152	insertional_handle_SGRPGSLS	8	-5.843756	0.017412	-5.843756	direct_insert_strongly_deleterious	-4.830800	-4.857117	-4.820076	-4.513346;-4.527891	3AAdel_spanning_option_1	-4.513346	deletion_context_strongly_deleterious	-2.474396	Bakhache_2024_NatMicrobiol_Dryad_10.5061_dryad.866t1g1xm_QVEU_eva71_dimple_c99331a6	direct_experiment_unfavorable	direct_experiment_unfavorable
145|146	145	146	CORE_CAUTION	A89_SF3_helicase_domain_by_PROSITE	False	1.0	0.1851692795753479	0.1190402701316925	0.858348188389677	2.600789837523032	25.90683575947988	87.0199966430664	False	0.077922	1.0	0.394815	0.0	0.0	0.0	0.343073	1.401649	0.741342	0.064935	0.0	0.0	0	0.0	0	0.344616	1.379048	0.743279	0.075269	0.0	0.0	0	0.0	0	0	0.0	0.343073	1.401649	0.741342	0.064935	0.0	0.0	0	none	0	none	0	none	none	max(insertion_type_count,local_deletion_type_count)	background	5	AF_coil;AF_rSASA_ge_0.25;hexamer_rSASA_ge_0.25;burial_lt_0.10;interprotomer_distance_gt_4.5A	False		intermediate	remains unresolved	unresolved_exact_subset_too_small	False	unchanged_or_unresolved	145|146	145	T	146	D	152|153	152	exact_aligned	high	A89 flanking residues align directly to adjacent EV-A71 2C residues	140:MLTVET|DIYSLP:151	147:ADKYHS|SVYSLP:158	152	153	152-153	insertional_handle_SGRPGSLS	8	-5.782008	0.018174	-5.782008	direct_insert_strongly_deleterious	-4.857117	-4.979220	-5.032924	-4.527891;-5.032924	3AAdel_spanning_option_1	-4.527891	deletion_context_strongly_deleterious	-2.551029	Bakhache_2024_NatMicrobiol_Dryad_10.5061_dryad.866t1g1xm_QVEU_eva71_dimple_c99331a6	direct_experiment_unfavorable	direct_experiment_unfavorable
146|147	146	147	CORE_CAUTION	A89_SF3_helicase_domain_by_PROSITE	False	0.0	0.1603751480579376	0.0860095637300494	0.7812562202693234	2.600789837523032	25.501798723059565	90.68000030517578	False	1.0	0.922078	0.0	0.394815	0.0	0.0	0.343073	1.401649	0.741342	0.064935	0.0	0.0	0	0.0	0	0.344616	1.379048	0.743279	0.075269	0.0	0.0	0	0.0	0	0	0.0	0.343073	1.401649	0.741342	0.064935	0.0	0.0	0	none	0	none	0	none	none	max(insertion_type_count,local_deletion_type_count)	background	6	AF_coil;hexamer_coil_fraction_ge_0.8;AF_rSASA_ge_0.25;hexamer_rSASA_ge_0.25;burial_lt_0.10;interprotomer_distance_gt_4.5A	False		intermediate	remains unresolved	unresolved_exact_subset_too_small	False	unchanged_or_unresolved	146|147	146	D	147	I	153|154	153	exact_aligned	high	A89 flanking residues align directly to adjacent EV-A71 2C residues	141:LTVETD|IYSLPP:152	148:DKYHSS|VYSLPP:159	153	154	153-154	insertional_handle_SGRPGSLS	8	-5.971030	0.015942	-5.971030	direct_insert_strongly_deleterious	-4.979220	-5.010897	-4.951246	-5.032924;-4.951246	2AAdel_spanning_junction	-4.951246	deletion_context_strongly_deleterious	-2.667206	Bakhache_2024_NatMicrobiol_Dryad_10.5061_dryad.866t1g1xm_QVEU_eva71_dimple_c99331a6	direct_experiment_unfavorable	direct_experiment_unfavorable
147|148	147	148	EXCLUDE	9A5_epitope_and_H163-equivalent_pore-loop	False	0.0	0.0634387955069542	0.0697448975837427	0.0718609033547522	2.792740468444077	18.459138787364804	93.48999786376952	False	0.922078	1.0	0.394815	0.0	0.0	0.0	0.344032	1.401649	0.788961	0.064935	0.0	0.0	0	0.0	0	0.342159	1.379048	0.793459	0.075269	0.0	0.0	0	0.0	0	0	0.0	0.34641	1.401649	0.788961	0.064935	0.0	0.0	0	none	0	none	0	none	none	max(insertion_type_count,local_deletion_type_count)	background	5	AF_coil;hexamer_coil_fraction_ge_0.8;AF_rSASA_ge_0.25;hexamer_rSASA_ge_0.25;interprotomer_distance_gt_4.5A	False		intermediate	weakens	unresolved_exact_subset_too_small	False	decreased_or_excluded; hard functional feature dominates	147|148	147	I	148	Y	154|155	154	exact_aligned	high	A89 flanking residues align directly to adjacent EV-A71 2C residues	142:TVETDI|YSLPPD:153	149:KYHSSV|YSLPPD:160	154	155	154-155	insertional_handle_SGRPGSLS	8	-5.835740	0.017509	-5.835740	direct_insert_strongly_deleterious	-5.010897	-4.922467	-5.230023	-4.951246;-5.006432	1AAdel_right_residue	-4.922467	deletion_context_strongly_deleterious	-3.045725	Bakhache_2024_NatMicrobiol_Dryad_10.5061_dryad.866t1g1xm_QVEU_eva71_dimple_c99331a6	direct_experiment_unfavorable	direct_experiment_unfavorable
148|149	148	149	EXCLUDE	9A5_epitope_and_H163-equivalent_pore-loop	False	0.0	0.0634387955069542	0.0697448975837427	0.6354848859426351	3.464012518758942	18.459138787364804	93.5	False	1.0	1.0	0.0	0.0	0.0	0.0	0.344032	1.401649	0.788961	0.064935	0.0	0.0	0	0.0	0	0.342159	1.379048	0.793459	0.075269	0.0	0.0	0	0.0	0	0	0.0	0.34641	1.401649	0.788961	0.064935	0.0	0.0	0	none	0	none	0	none	none	max(insertion_type_count,local_deletion_type_count)	background	6	AF_coil;hexamer_coil_fraction_ge_0.8;AF_rSASA_ge_0.25;hexamer_rSASA_ge_0.25;burial_lt_0.10;interprotomer_distance_gt_4.5A	False		intermediate	weakens	unresolved_exact_subset_too_small	False	decreased_or_excluded; hard functional feature dominates	148|149	148	Y	149	S	155|156	155	exact_aligned	high	A89 flanking residues align directly to adjacent EV-A71 2C residues	143:VETDIY|SLPPDP:154	150:YHSSVY|SLPPDP:161	155	156	155-156	insertional_handle_SGRPGSLS	8	-5.905671	0.016681	-5.905671	direct_insert_strongly_deleterious	-4.922467	-4.872581	-5.120480	-5.006432;-4.988373	1AAdel_right_residue	-4.872581	deletion_context_strongly_deleterious	-2.813101	Bakhache_2024_NatMicrobiol_Dryad_10.5061_dryad.866t1g1xm_QVEU_eva71_dimple_c99331a6	direct_experiment_unfavorable	direct_experiment_unfavorable
149|150	149	150	EXCLUDE	9A5_epitope_and_H163-equivalent_pore-loop	False	0.0	0.0487416312098503	0.019217867954058	0.6354848859426351	3.464012518758942	20.4309010755822	90.58999633789062	False	1.0	1.0	0.0	0.0	0.0	0.0	0.227228	1.119512	0.866883	0.077922	0.0	0.0	0	0.0	0	0.227238	1.093932	0.87052	0.091398	0.0	0.0	0	0.0	0	0	0.0	0.229606	1.119512	0.866883	0.077922	0.0	0.0	0	none	0	none	0	none	none	max(insertion_type_count,local_deletion_type_count)	background	6	AF_coil;hexamer_coil_fraction_ge_0.8;AF_rSASA_ge_0.25;hexamer_rSASA_ge_0.25;burial_lt_0.10;interprotomer_distance_gt_4.5A	False		intermediate	weakens	unresolved_exact_subset_too_small	False	decreased_or_excluded; hard functional feature dominates	149|150	149	S	150	L	156|157	156	exact_aligned	high	A89 flanking residues align directly to adjacent EV-A71 2C residues	144:ETDIYS|LPPDPK:155	151:HSSVYS|LPPDPD:162	156	157	156-157	insertional_handle_SGRPGSLS	8	-5.942508	0.016260	-5.942508	direct_insert_strongly_deleterious	-4.872581	-5.050203	-4.764660	-4.988373;-4.764660	2AAdel_spanning_junction	-4.764660	deletion_context_strongly_deleterious	-2.511967	Bakhache_2024_NatMicrobiol_Dryad_10.5061_dryad.866t1g1xm_QVEU_eva71_dimple_c99331a6	direct_experiment_unfavorable	direct_experiment_unfavorable
150|151	150	151	EXCLUDE	9A5_epitope_and_H163-equivalent_pore-loop	False	0.1666666666666666	0.0487416312098503	0.019217867954058	0.417048601663235	5.047389820068311	17.641896500216895	85.41000366210938	False	1.0	1.0	0.0	0.0	0.0	0.0	0.142268	0.817589	0.900433	0.077922	0.0	0.0	0	0.0	0	0.146004	0.768758	0.902778	0.091398	0.0	0.0	0	0.0	0	0	0.0	0.144647	0.846128	0.900433	0.077922	0.0	0.0	0	none	0	none	0	none	none	max(insertion_type_count,local_deletion_type_count)	background	5	AF_coil;hexamer_coil_fraction_ge_0.8;AF_rSASA_ge_0.25;hexamer_rSASA_ge_0.25;burial_lt_0.10	False		conserved	weakens	unresolved_exact_subset_too_small	False	decreased_or_excluded; hard functional feature dominates	150|151	150	L	151	P	157|158	157	exact_aligned	high	A89 flanking residues align directly to adjacent EV-A71 2C residues	145:TDIYSL|PPDPKY:156	152:SSVYSL|PPDPDH:163	157	158	157-158	insertional_handle_SGRPGSLS	8	-5.743042	0.018671	-5.743042	direct_insert_strongly_deleterious	-5.050203	-4.922467	-4.882760	-4.764660;-4.887810	3AAdel_spanning_option_1	-4.764660	deletion_context_strongly_deleterious	-2.764071	Bakhache_2024_NatMicrobiol_Dryad_10.5061_dryad.866t1g1xm_QVEU_eva71_dimple_c99331a6	direct_experiment_unfavorable	direct_experiment_unfavorable
151|152	151	152	EXCLUDE	9A5_epitope_and_H163-equivalent_pore-loop	True	1.0	0.4339269995689392	0.2463748160148316	0.5308253376554922	3.6290560267956335	17.608166561182305	80.9800033569336	False	1.0	1.0	0.0	0.0	0.0	0.0	0.109367	0.817589	0.977273	0.818182	0.0	0.0	0	0.0	0	0.109244	0.768758	0.978495	0.844086	0.0	0.0	0	0.0	0	0	0.0	0.111745	0.846128	0.977273	0.818182	0.0	0.0	0	none	0	none	0	none	none	max(insertion_type_count,local_deletion_type_count)	background	3	hexamer_rSASA_ge_0.25;burial_lt_0.10;interprotomer_distance_gt_4.5A	False		conserved	weakens	unresolved_exact_subset_too_small	False	decreased_or_excluded; hard functional feature dominates	151|152	151	P	152	P	158|159	158	exact_aligned	high	A89 flanking residues align directly to adjacent EV-A71 2C residues	146:DIYSLP|PDPKYF:157	153:SVYSLP|PDPDHF:164	158	159	158-159	insertional_handle_SGRPGSLS	8	-6.138895	0.014191	-6.138895	direct_insert_strongly_deleterious	-4.922467	-4.851909	-5.041601	-4.887810;-4.887810	1AAdel_right_residue	-4.851909	deletion_context_strongly_deleterious	-3.129334	Bakhache_2024_NatMicrobiol_Dryad_10.5061_dryad.866t1g1xm_QVEU_eva71_dimple_c99331a6	direct_experiment_unfavorable	direct_experiment_unfavorable
152|153	152	153	EXCLUDE	9A5_epitope_and_H163-equivalent_pore-loop	True	1.0	0.3200831413269043	0.1844263439145524	0.5308253376554922	3.6290560267956335	14.316516404762718	77.87000274658203	False	1.0	0.818182	0.0	0.817589	0.0	0.0	0.109367	0.817589	0.977273	0.818182	0.0	0.0	0	0.0	0	0.109244	0.768758	0.978495	0.844086	0.0	0.0	0	0.0	0	0	0.0	0.111745	0.846128	0.977273	0.818182	0.0	0.0	0	none	0	none	0	none	none	max(insertion_type_count,local_deletion_type_count)	background	3	hexamer_rSASA_ge_0.25;burial_lt_0.10;interprotomer_distance_gt_4.5A	False		conserved	weakens	unresolved_exact_subset_too_small	False	decreased_or_excluded; hard functional feature dominates	152|153	152	P	153	D	159|160	159	exact_aligned	high	A89 flanking residues align directly to adjacent EV-A71 2C residues	147:IYSLPP|DPKYFD:158	154:VYSLPP|DPDHFD:165	159	160	159-160	insertional_handle_SGRPGSLS	8	-5.855661	0.017269	-5.855661	direct_insert_strongly_deleterious	-4.851909	-4.917589	-5.400649	-4.887810;-5.104383	1AAdel_left_residue	-4.851909	deletion_context_strongly_deleterious	-3.047104	Bakhache_2024_NatMicrobiol_Dryad_10.5061_dryad.866t1g1xm_QVEU_eva71_dimple_c99331a6	direct_experiment_unfavorable	direct_experiment_unfavorable
153|154	153	154	EXCLUDE	9A5_epitope_and_H163-equivalent_pore-loop	True	1.0	0.0789448395371437	0.0193348946811268	0.0	7.588864073560073	14.316516404762718	77.02999877929688	False	0.818182	1.0	0.817589	0.0	0.0	0.0	0.076466	0.817589	0.983766	0.818182	0.001082	0.012987	0	0.0	0	0.073989	0.768758	0.985663	0.844086	0.000896	0.010753	0	0.0	0	2	0.010753	0.078844	0.846128	0.983766	0.818182	0.001082	0.012987	0	none	0	none	1	A12	singleton_or_rare	max(insertion_type_count,local_deletion_type_count)	background	2	AF_rSASA_ge_0.25;hexamer_rSASA_ge_0.25	False		conserved	weakens	unresolved_exact_subset_too_small	False	decreased_or_excluded; hard functional feature dominates	153|154	153	D	154	P	160|161	160	exact_aligned	high	A89 flanking residues align directly to adjacent EV-A71 2C residues	148:YSLPPD|PKYFDG:159	155:YSLPPD|PDHFDG:166	160	161	160-161	insertional_handle_SGRPGSLS	8	-6.111785	0.014460	-6.111785	direct_insert_strongly_deleterious	-4.917589	-5.028557		-5.104383;-5.151917	1AAdel_left_residue	-4.917589	deletion_context_strongly_deleterious	-3.087585	Bakhache_2024_NatMicrobiol_Dryad_10.5061_dryad.866t1g1xm_QVEU_eva71_dimple_c99331a6	direct_experiment_unfavorable	direct_experiment_unfavorable
154|155	154	155	EXCLUDE	9A5_epitope_and_H163-equivalent_pore-loop	True	1.0	0.0789448395371437	0.0193348946811268	0.0	7.292829437453074	9.43789975850813	77.02999877929688	False	1.0	1.0	0.0	0.0	0.0	0.0	0.084799	0.817589	0.982684	0.818182	0.001082	0.012987	0	0.0	0	0.081135	0.768758	0.984767	0.844086	0.000896	0.010753	0	0.0	0	2	0.010753	0.087178	0.846128	0.982684	0.818182	0.001082	0.012987	0	none	0	none	1	A12	singleton_or_rare	max(insertion_type_count,local_deletion_type_count)	background	2	AF_rSASA_ge_0.25;hexamer_rSASA_ge_0.25	False		conserved	weakens	unresolved_exact_subset_too_small	False	decreased_or_excluded; hard functional feature dominates	154|155	154	P	155	K	161|162	161	exact_aligned	high	A89 flanking residues align directly to adjacent EV-A71 2C residues	149:SLPPDP|KYFDGY:160	156:SLPPDP|DHFDGY:167	161	162	161-162	insertional_handle_SGRPGSLS	8	-5.981520	0.015826	-5.981520	direct_insert_strongly_deleterious	-5.028557	-4.630722	-5.484513	-5.151917;-4.960658	1AAdel_right_residue	-4.630722	deletion_context_strongly_deleterious	-1.915155	Bakhache_2024_NatMicrobiol_Dryad_10.5061_dryad.866t1g1xm_QVEU_eva71_dimple_c99331a6	direct_experiment_unfavorable	direct_experiment_unfavorable
155|156	155	156	EXCLUDE	9A5_epitope_and_H163-equivalent_pore-loop	True	1.0	0.4379809200763702	0.4421064040808926	0.0	5.9359918918931385	9.30698173622562	82.23999786376953	True	1.0	0.987013	0.0	0.100001	0.0	0.0	0.107573	0.817589	0.979437	0.818182	0.001082	0.012987	0	0.0	0	0.100736	0.768758	0.982079	0.844086	0.000896	0.010753	0	0.0	0	2	0.010753	0.109951	0.846128	0.979437	0.818182	0.001082	0.012987	0	none	0	none	1	A12	singleton_or_rare	max(insertion_type_count,local_deletion_type_count)	strict structural pass	0	none	False		conserved	weakens	unresolved_exact_subset_too_small	True	decreased_or_excluded; hard functional feature dominates	155|156	155	K	156	Y	162|163	162	exact_aligned	high	A89 flanking residues align directly to adjacent EV-A71 2C residues	150:LPPDPK|YFDGYD:161	157:LPPDPD|HFDGYK:168	162	163	162-163	insertional_handle_SGRPGSLS	8	-5.967509	0.015981	-5.967509	direct_insert_strongly_deleterious	-4.630722	-5.058732	-4.809236	-4.960658;-4.675315	1AAdel_left_residue	-4.630722	deletion_context_strongly_deleterious	-1.573890	Bakhache_2024_NatMicrobiol_Dryad_10.5061_dryad.866t1g1xm_QVEU_eva71_dimple_c99331a6	experimental_conflict	experimental_conflict
156|157	156	157	EXCLUDE	9A5_epitope_and_H163-equivalent_pore-loop	True	1.0	0.0005241442704573	0.0	0.0	5.9359918918931385	9.30698173622562	86.22000122070312	False	0.987013	1.0	0.100001	0.0	0.0	0.0	0.140374	0.817589	0.974026	0.818182	0.001082	0.012987	0	0.0	0	0.139887	0.768758	0.97491	0.844086	0.000896	0.010753	0	0.0	0	2	0.010753	0.142752	0.846128	0.974026	0.818182	0.001082	0.012987	0	none	0	none	1	A12	singleton_or_rare	max(insertion_type_count,local_deletion_type_count)	background	2	AF_rSASA_ge_0.25;hexamer_rSASA_ge_0.25	False		conserved	weakens	unresolved_exact_subset_too_small	False	decreased_or_excluded; hard functional feature dominates	156|157	156	Y	157	F	163|164	163	exact_aligned	high	A89 flanking residues align directly to adjacent EV-A71 2C residues	151:PPDPKY|FDGYDQ:162	158:PPDPDH|FDGYKQ:169	163	164	163-164	insertional_handle_SGRPGSLS	8	-5.953299	0.016139	-5.953299	direct_insert_strongly_deleterious	-5.058732	-4.965331	-4.965331	-4.675315;-4.735756	3AAdel_spanning_option_1	-4.675315	deletion_context_strongly_deleterious	-2.890196	Bakhache_2024_NatMicrobiol_Dryad_10.5061_dryad.866t1g1xm_QVEU_eva71_dimple_c99331a6	direct_experiment_unfavorable	direct_experiment_unfavorable
157|158	157	158	EXCLUDE	9A5_epitope_and_H163-equivalent_pore-loop	True	1.0	0.0005241442704573	0.0	0.8174872804747856	2.5938429247427166	12.021603134917276	85.29000091552734	False	1.0	1.0	0.0	0.0	0.0	0.0	0.140374	0.817589	0.974026	0.818182	0.001082	0.012987	0	0.0	0	0.139887	0.768758	0.97491	0.844086	0.000896	0.010753	0	0.0	0	2	0.010753	0.142752	0.846128	0.974026	0.818182	0.001082	0.012987	0	none	0	none	1	A12	singleton_or_rare	max(insertion_type_count,local_deletion_type_count)	background	4	AF_rSASA_ge_0.25;hexamer_rSASA_ge_0.25;burial_lt_0.10;interprotomer_distance_gt_4.5A	False		conserved	weakens	unresolved_exact_subset_too_small	False	decreased_or_excluded; hard functional feature dominates	157|158	157	F	158	D	164|165	164	exact_aligned	high	A89 flanking residues align directly to adjacent EV-A71 2C residues	152:PDPKYF|DGYDQQ:163	159:PDPDHF|DGYKQQ:170	164	165	164-165	insertional_handle_SGRPGSLS	8	-5.827659	0.017608	-5.827659	direct_insert_strongly_deleterious	-4.965331	-5.092138	-4.965331	-4.735756;-4.862299	3AAdel_spanning_option_1	-4.735756	deletion_context_strongly_deleterious	-2.925977	Bakhache_2024_NatMicrobiol_Dryad_10.5061_dryad.866t1g1xm_QVEU_eva71_dimple_c99331a6	direct_experiment_unfavorable	direct_experiment_unfavorable
158|159	158	159	EXCLUDE	9A5_epitope_and_H163-equivalent_pore-loop	True	1.0	0.3945758938789367	0.1026160679950615	0.8174872804747856	2.5938429247427166	12.021603134917276	85.29000091552734	False	1.0	1.0	0.0	0.0	0.0	0.012987	0.164925	0.817589	0.969697	0.818182	0.001082	0.012987	0	0.0	0	0.163179	0.768758	0.970878	0.844086	0.000896	0.010753	0	0.0	0	2	0.010753	0.167303	0.846128	0.969697	0.818182	0.001082	0.012987	0	none	0	none	1	A12	singleton_or_rare	max(insertion_type_count,local_deletion_type_count)	background	3	hexamer_rSASA_ge_0.25;burial_lt_0.10;interprotomer_distance_gt_4.5A	False		conserved	weakens	unresolved_exact_subset_too_small	False	decreased_or_excluded; hard functional feature dominates	158|159	158	D	159	G	165|166	165	exact_aligned	high	A89 flanking residues align directly to adjacent EV-A71 2C residues	153:DPKYFD|GYDQQS:164	160:DPDHFD|GYKQQI:171	165	166	165-166	insertional_handle_SGRPGSLS	8	-6.029067	0.015313	-6.029067	direct_insert_strongly_deleterious	-5.092138	-4.951246	-4.887810	-4.862299;-4.705992	3AAdel_spanning_option_2	-4.705992	deletion_context_strongly_deleterious	-2.766145	Bakhache_2024_NatMicrobiol_Dryad_10.5061_dryad.866t1g1xm_QVEU_eva71_dimple_c99331a6	direct_experiment_unfavorable	direct_experiment_unfavorable
159|160	159	160	EXCLUDE	9A5_epitope_and_H163-equivalent_pore-loop	True	1.0	0.005092485807836	0.0006365607314387	0.4466068196822368	4.2626282255986165	16.59689422733146	86.61000061035156	False	1.0	0.987013	0.0	0.100001	0.012987	0.0	0.105126	0.39361	0.983766	0.935065	0.001082	0.012987	0	0.0	0	0.106261	0.469807	0.982975	0.913978	0.000896	0.010753	0	0.0	0	2	0.010753	0.105126	0.39361	0.983766	0.935065	0.001082	0.012987	0	none	0	none	1	A12	singleton_or_rare	max(insertion_type_count,local_deletion_type_count)	background	4	AF_rSASA_ge_0.25;hexamer_rSASA_ge_0.25;burial_lt_0.10;interprotomer_distance_gt_4.5A	False		conserved	weakens	unresolved_exact_subset_too_small	False	decreased_or_excluded; hard functional feature dominates	159|160	159	G	160	Y	166|167	166	exact_aligned	high	A89 flanking residues align directly to adjacent EV-A71 2C residues	154:PKYFDG|YDQQSV:165	161:PDHFDG|YKQQIV:172	166	167	166-167	insertional_handle_SGRPGSLS	8	-6.045515	0.015140	-6.045515	direct_insert_strongly_deleterious	-4.951246	-4.841410	-5.088023	-4.705992;-5.108432	3AAdel_spanning_option_1	-4.705992	deletion_context_strongly_deleterious	-2.883754	Bakhache_2024_NatMicrobiol_Dryad_10.5061_dryad.866t1g1xm_QVEU_eva71_dimple_c99331a6	direct_experiment_unfavorable	direct_experiment_unfavorable
160|161	160	161	EXCLUDE	9A5_epitope_and_H163-equivalent_pore-loop	True	1.0	0.005092485807836	0.0006365607314387	0.1834182699604022	4.568084922800071	18.96009156491533	87.56999969482422	False	0.987013	0.961039	0.100001	0.273286	0.0	0.0	0.105126	0.39361	0.983766	0.935065	0.001082	0.012987	0	0.0	0	0.106261	0.469807	0.982975	0.913978	0.000896	0.010753	0	0.0	0	2	0.010753	0.105126	0.39361	0.983766	0.935065	0.001082	0.012987	0	none	0	none	1	A12	singleton_or_rare	max(insertion_type_count,local_deletion_type_count)	background	3	AF_rSASA_ge_0.25;hexamer_rSASA_ge_0.25;burial_lt_0.10	False		conserved	weakens	unresolved_exact_subset_too_small	False	decreased_or_excluded; hard functional feature dominates	160|161	160	Y	161	D	167|168	167	exact_aligned	high	A89 flanking residues align directly to adjacent EV-A71 2C residues	155:KYFDGY|DQQSVV:166	162:DHFDGY|KQQIVT:173	167	168	167-168	insertional_handle_SGRPGSLS	8	-5.738617	0.018729	-5.738617	direct_insert_strongly_deleterious	-4.841410	-4.965331	-4.836119	-5.108432;-5.083891	2AAdel_spanning_junction	-4.836119	deletion_context_strongly_deleterious	-3.008525	Bakhache_2024_NatMicrobiol_Dryad_10.5061_dryad.866t1g1xm_QVEU_eva71_dimple_c99331a6	direct_experiment_unfavorable	direct_experiment_unfavorable
161|162	161	162	HIGH_RISK	near_Walker_B	True	1.0	0.1400275826454162	0.1024526779739945	0.1834182699604022	4.568084922800071	20.811694874622432	87.56999969482422	False	0.961039	0.935065	0.273286	0.39361	0.0	0.0	0.105126	0.39361	0.983766	0.935065	0.001082	0.012987	0	0.0	0	0.106261	0.469807	0.982975	0.913978	0.000896	0.010753	0	0.0	0	2	0.010753	0.105126	0.39361	0.983766	0.935065	0.001082	0.012987	0	none	0	none	1	A12	singleton_or_rare	max(insertion_type_count,local_deletion_type_count)	background	3	AF_rSASA_ge_0.25;hexamer_rSASA_ge_0.25;burial_lt_0.10	False		conserved	weakens	unresolved_exact_subset_too_small	False	decreased; conserved local window	161|162	161	D	162	Q	168|169	168	exact_aligned	high	A89 flanking residues align directly to adjacent EV-A71 2C residues	156:YFDGYD|QQSVVI:167	163:HFDGYK|QQIVTV:174	168	169	168-169	insertional_handle_SGRPGSLS	8	-5.953299	0.016139	-5.953299	direct_insert_strongly_deleterious	-4.965331	-5.024171	-5.083891	-5.083891;-5.155778	1AAdel_left_residue	-4.965331	deletion_context_strongly_deleterious	-2.620608	Bakhache_2024_NatMicrobiol_Dryad_10.5061_dryad.866t1g1xm_QVEU_eva71_dimple_c99331a6	direct_experiment_unfavorable	direct_experiment_unfavorable
162|163	162	163	HIGH_RISK	near_Walker_B	True	1.0	0.0838670060038566	0.0747751285411693	0.1893620182858821	5.678175043973363	22.823114964335694	87.87999725341797	False	0.935065	1.0	0.39361	0.0	0.0	0.0	0.096793	0.39361	0.984849	0.935065	0.001082	0.012987	0	0.0	0	0.096334	0.469807	0.984319	0.913978	0.000896	0.010753	0	0.0	0	2	0.010753	0.096793	0.39361	0.984849	0.935065	0.001082	0.012987	0	none	0	none	1	A12	singleton_or_rare	max(insertion_type_count,local_deletion_type_count)	background	3	AF_rSASA_ge_0.25;hexamer_rSASA_ge_0.25;burial_lt_0.10	False		conserved	weakens	unresolved_exact_subset_too_small	False	decreased; conserved local window	162|163	162	Q	163	Q	169|170	169	exact_aligned	high	A89 flanking residues align directly to adjacent EV-A71 2C residues	157:FDGYDQ|QSVVIM:168	164:FDGYKQ|QIVTVM:175	169	170	169-170	insertional_handle_SGRPGSLS	8	-6.087054	0.014710	-6.087054	direct_insert_strongly_deleterious	-5.024171	-4.836119	-4.887810	-5.155778;-5.028557	1AAdel_right_residue	-4.836119	deletion_context_strongly_deleterious	-2.396125	Bakhache_2024_NatMicrobiol_Dryad_10.5061_dryad.866t1g1xm_QVEU_eva71_dimple_c99331a6	direct_experiment_unfavorable	direct_experiment_unfavorable
163|164	163	164	HIGH_RISK	near_Walker_B	True	1.0	0.0838670060038566	0.0747751285411693	0.1893620182858821	5.376576394075993	22.823114964335694	91.87000274658205	False	1.0	0.948052	0.0	0.294615	0.0	0.0	0.096793	0.39361	0.984849	0.935065	0.001082	0.012987	0	0.0	0	0.096334	0.469807	0.984319	0.913978	0.000896	0.010753	0	0.0	0	2	0.010753	0.096793	0.39361	0.984849	0.935065	0.001082	0.012987	0	none	0	none	1	A12	singleton_or_rare	max(insertion_type_count,local_deletion_type_count)	background	3	AF_rSASA_ge_0.25;hexamer_rSASA_ge_0.25;burial_lt_0.10	False		conserved	weakens	unresolved_exact_subset_too_small	False	decreased; conserved local window	163|164	163	Q	164	S	170|171	170	exact_aligned	high	A89 flanking residues align directly to adjacent EV-A71 2C residues	158:DGYDQQ|SVVIMD:169	165:DGYKQQ|IVTVMD:176	170	171	170-171	insertional_handle_SGRPGSLS	8	-5.590729	0.020750	-5.590729	direct_insert_strongly_deleterious	-4.836119	-5.100318	-4.969982	-5.028557;-4.637215	3AAdel_spanning_option_2	-4.637215	deletion_context_strongly_deleterious	-2.002096	Bakhache_2024_NatMicrobiol_Dryad_10.5061_dryad.866t1g1xm_QVEU_eva71_dimple_c99331a6	direct_experiment_unfavorable	direct_experiment_unfavorable
164|165	164	165	EXCLUDE	Walker_B	False	0.0	0.0014459152007475	0.0	0.0	5.376576394075993	28.154519917433003	92.86000061035156	False	0.948052	0.987013	0.294615	0.100001	0.0	0.0	0.096793	0.39361	0.984849	0.935065	0.001082	0.012987	0	0.0	0	0.096334	0.469807	0.984319	0.913978	0.000896	0.010753	0	0.0	0	2	0.010753	0.096793	0.39361	0.984849	0.935065	0.001082	0.012987	0	none	0	none	1	A12	singleton_or_rare	max(insertion_type_count,local_deletion_type_count)	background	4	AF_coil;hexamer_coil_fraction_ge_0.8;AF_rSASA_ge_0.25;hexamer_rSASA_ge_0.25	False		conserved	weakens	unresolved_exact_subset_too_small	False	decreased_or_excluded; hard functional feature dominates	164|165	164	S	165	V	171|172	171	exact_aligned	high	A89 flanking residues align directly to adjacent EV-A71 2C residues	159:GYDQQS|VVIMDD:170	166:GYKQQI|VTVMDD:177	171	172	171-172	insertional_handle_SGRPGSLS	8	-5.575185	0.020975	-5.575185	direct_insert_strongly_deleterious	-5.100318	-4.687699	-4.498585	-4.637215;-4.068660	3AAdel_spanning_option_2	-4.068660	deletion_context_strongly_deleterious	-2.078827	Bakhache_2024_NatMicrobiol_Dryad_10.5061_dryad.866t1g1xm_QVEU_eva71_dimple_c99331a6	direct_experiment_unfavorable	direct_experiment_unfavorable
165|166	165	166	EXCLUDE	Walker_B	False	0.0	0.0	0.0	0.0	5.538748567863431	25.810248369324	95.11000061035156	False	0.987013	1.0	0.100001	0.0	0.0	0.0	0.143216	0.557082	0.974026	0.87013	0.0	0.0	0	0.0	0	0.141316	0.539779	0.974014	0.876344	0.0	0.0	0	0.0	0	0	0.0	0.143216	0.557082	0.974026	0.87013	0.0	0.0	0	none	0	none	0	none	none	max(insertion_type_count,local_deletion_type_count)	background	4	AF_coil;hexamer_coil_fraction_ge_0.8;AF_rSASA_ge_0.25;hexamer_rSASA_ge_0.25	False		conserved	weakens	unresolved_exact_subset_too_small	False	decreased_or_excluded; hard functional feature dominates	165|166	165	V	166	V	172|173	172	exact_aligned	high	A89 flanking residues align directly to adjacent EV-A71 2C residues	160:YDQQSV|VIMDDI:171	167:YKQQIV|TVMDDL:178	172	173	172-173	insertional_handle_SGRPGSLS	8	-5.988452	0.015751	-5.988452	direct_insert_strongly_deleterious	-4.687699	-4.882760	-4.699932	-4.068660;-4.445137	3AAdel_spanning_option_1	-4.068660	deletion_context_strongly_deleterious	-2.374132	Bakhache_2024_NatMicrobiol_Dryad_10.5061_dryad.866t1g1xm_QVEU_eva71_dimple_c99331a6	direct_experiment_unfavorable	direct_experiment_unfavorable
166|167	166	167	EXCLUDE	Walker_B	False	0.0	0.0	8.475880399060889e-05	0.1532728886743831	6.701322880777161	25.397225871542847	95.54000091552734	False	1.0	1.0	0.0	0.0	0.0	0.0	0.134883	0.557082	0.975108	0.87013	0.0	0.0	0	0.0	0	0.134171	0.539779	0.97491	0.876344	0.0	0.0	0	0.0	0	0	0.0	0.134883	0.557082	0.975108	0.87013	0.0	0.0	0	none	0	none	0	none	none	max(insertion_type_count,local_deletion_type_count)	background	5	AF_coil;hexamer_coil_fraction_ge_0.8;AF_rSASA_ge_0.25;hexamer_rSASA_ge_0.25;burial_lt_0.10	False		conserved	weakens	unresolved_exact_subset_too_small	False	decreased_or_excluded; hard functional feature dominates	166|167	166	V	167	I	173|174	173	exact_aligned	high	A89 flanking residues align directly to adjacent EV-A71 2C residues	161:DQQSVV|IMDDIM:172	168:KQQIVT|VMDDLC:179	173	174	173-174	insertional_handle_SGRPGSLS	8	-5.660236	0.019774	-5.660236	direct_insert_strongly_deleterious	-4.882760	-4.699932	-4.851909	-4.445137;-4.955963	3AAdel_spanning_option_1	-4.445137	deletion_context_strongly_deleterious	-1.909781	Bakhache_2024_NatMicrobiol_Dryad_10.5061_dryad.866t1g1xm_QVEU_eva71_dimple_c99331a6	direct_experiment_unfavorable	direct_experiment_unfavorable
167|168	167	168	EXCLUDE	Walker_B	False	0.0	0.0268926657736301	0.0147231955613408	0.1532728886743831	6.701322880777161	23.625144816167573	93.5199966430664	False	1.0	1.0	0.0	0.0	0.0	0.0	0.112109	0.557082	0.978355	0.87013	0.0	0.0	0	0.0	0	0.11457	0.539779	0.977599	0.876344	0.0	0.0	0	0.0	0	0	0.0	0.112109	0.557082	0.978355	0.87013	0.0	0.0	0	none	0	none	0	none	none	max(insertion_type_count,local_deletion_type_count)	background	5	AF_coil;hexamer_coil_fraction_ge_0.8;AF_rSASA_ge_0.25;hexamer_rSASA_ge_0.25;burial_lt_0.10	False		conserved	weakens	unresolved_exact_subset_too_small	False	decreased_or_excluded; hard functional feature dominates	167|168	167	I	168	M	174|175	174	exact_aligned	high	A89 flanking residues align directly to adjacent EV-A71 2C residues	162:QQSVVI|MDDIMQ:173	169:QQIVTV|MDDLCQ:180	174	175	174-175	insertional_handle_SGRPGSLS	8	-5.595858	0.020677	-5.595858	direct_insert_strongly_deleterious	-4.699932	-0.924258	-4.917589	-4.955963;-4.825452	1AAdel_right_residue	-0.924258	deletion_context_partly_deleterious	-2.492337	Bakhache_2024_NatMicrobiol_Dryad_10.5061_dryad.866t1g1xm_QVEU_eva71_dimple_c99331a6	direct_experiment_unfavorable	direct_experiment_unfavorable
168|169	168	169	EXCLUDE	Walker_B	False	0.0	0.0268926657736301	0.0147231955613408	0.7126251366244708	2.8704863955599063	23.625144816167573	91.9800033569336	False	1.0	1.0	0.0	0.0	0.0	0.0	0.079308	0.557082	0.983766	0.87013	0.0	0.0	0	0.0	0	0.075419	0.539779	0.984767	0.876344	0.0	0.0	0	0.0	0	0	0.0	0.079308	0.557082	0.983766	0.87013	0.0	0.0	0	none	0	none	0	none	none	max(insertion_type_count,local_deletion_type_count)	background	6	AF_coil;hexamer_coil_fraction_ge_0.8;AF_rSASA_ge_0.25;hexamer_rSASA_ge_0.25;burial_lt_0.10;interprotomer_distance_gt_4.5A	False		conserved	weakens	unresolved_exact_subset_too_small	False	decreased_or_excluded; hard functional feature dominates	168|169	168	M	169	D	175|176	175	exact_aligned	high	A89 flanking residues align directly to adjacent EV-A71 2C residues	163:QSVVIM|DDIMQN:174	170:QIVTVM|DDLCQN:181	175	176	175-176	insertional_handle_SGRPGSLS	8	-5.635963	0.020110	-5.635963	direct_insert_strongly_deleterious	-0.924258	-4.872581	-5.226439	-4.825452;-4.974612	1AAdel_left_residue	-0.924258	deletion_context_partly_deleterious	-3.126409	Bakhache_2024_NatMicrobiol_Dryad_10.5061_dryad.866t1g1xm_QVEU_eva71_dimple_c99331a6	direct_experiment_unfavorable	direct_experiment_unfavorable
169|170	169	170	EXCLUDE	Walker_B	True	0.6666666666666666	0.1853162497282028	0.1188181801369359	0.7126251366244708	2.8704863955599063	23.74755381145281	90.87000274658205	False	1.0	1.0	0.0	0.0	0.0	0.0	0.079308	0.557082	0.983766	0.87013	0.0	0.0	0	0.0	0	0.075419	0.539779	0.984767	0.876344	0.0	0.0	0	0.0	0	0	0.0	0.079308	0.557082	0.983766	0.87013	0.0	0.0	0	none	0	none	0	none	none	max(insertion_type_count,local_deletion_type_count)	background	5	hexamer_coil_fraction_ge_0.8;AF_rSASA_ge_0.25;hexamer_rSASA_ge_0.25;burial_lt_0.10;interprotomer_distance_gt_4.5A	False		conserved	weakens	unresolved_exact_subset_too_small	False	decreased_or_excluded; hard functional feature dominates	169|170	169	D	170	D	176|177	176	exact_aligned	high	A89 flanking residues align directly to adjacent EV-A71 2C residues	164:SVVIMD|DIMQNP:175	171:IVTVMD|DLCQNP:182	176	177	176-177	insertional_handle_SGRPGSLS	8	-5.569949	0.021051	-5.569949	direct_insert_strongly_deleterious	-4.872581	-4.983807	-5.230023	-4.974612;-5.124464	1AAdel_left_residue	-4.872581	deletion_context_strongly_deleterious	-2.927757	Bakhache_2024_NatMicrobiol_Dryad_10.5061_dryad.866t1g1xm_QVEU_eva71_dimple_c99331a6	direct_experiment_unfavorable	direct_experiment_unfavorable
170|171	170	171	EXCLUDE	Walker_B	True	0.8333333333333334	0.0236264001578092	0.0176160366805475	0.2737730063959065	5.054715851787944	23.74755381145281	89.66999816894531	False	1.0	0.87013	0.0	0.557082	0.0	0.0	0.220479	1.988662	0.945887	0.493506	0.0	0.0	0	0.0	0	0.220061	2.015207	0.945341	0.478495	0.0	0.0	0	0.0	0	0	0.0	0.220479	1.988662	0.945887	0.493506	0.0	0.0	0	none	0	none	0	none	none	max(insertion_type_count,local_deletion_type_count)	background	3	AF_rSASA_ge_0.25;hexamer_rSASA_ge_0.25;burial_lt_0.10	False		conserved	weakens	unresolved_exact_subset_too_small	False	decreased_or_excluded; hard functional feature dominates	170|171	170	D	171	I	177|178	177	exact_aligned	high	A89 flanking residues align directly to adjacent EV-A71 2C residues	165:VVIMDD|IMQNPS:176	172:VTVMDD|LCQNPD:183	177	178	177-178	insertional_handle_SGRPGSLS	8	-5.635963	0.020110	-5.635963	direct_insert_strongly_deleterious	-4.983807	-4.718004	-5.079741	-5.124464;-4.936960	1AAdel_right_residue	-4.718004	deletion_context_strongly_deleterious	-2.755350	Bakhache_2024_NatMicrobiol_Dryad_10.5061_dryad.866t1g1xm_QVEU_eva71_dimple_c99331a6	direct_experiment_unfavorable	direct_experiment_unfavorable
171|172	171	172	HIGH_RISK	near_Walker_B	True	0.8333333333333334	0.0236264001578092	0.0176160366805475	0.0	8.544909527314154	21.971920427975704	85.54000091552734	False	0.87013	1.0	0.557082	0.0	0.0	0.0	0.212145	1.988662	0.94697	0.493506	0.0	0.0	0	0.0	0	0.212916	2.015207	0.946237	0.478495	0.0	0.0	0	0.0	0	0	0.0	0.212145	1.988662	0.94697	0.493506	0.0	0.0	0	none	0	none	0	none	none	max(insertion_type_count,local_deletion_type_count)	structural near-miss	2	AF_rSASA_ge_0.25;hexamer_rSASA_ge_0.25	False		conserved	weakens	unresolved_exact_subset_too_small	False	decreased; conserved local window	171|172	171	I	172	M	178|179	178	exact_aligned	high	A89 flanking residues align directly to adjacent EV-A71 2C residues	166:VIMDDI|MQNPSG:177	173:TVMDDL|CQNPDG:184	178	179	178-179	insertional_handle_SGRPGSLS	8	-5.569949	0.021051	-5.569949	direct_insert_strongly_deleterious	-4.718004	-4.872581	-4.814671	-4.936960;-5.079741	1AAdel_left_residue	-4.718004	deletion_context_strongly_deleterious	-2.489551	Bakhache_2024_NatMicrobiol_Dryad_10.5061_dryad.866t1g1xm_QVEU_eva71_dimple_c99331a6	direct_experiment_unfavorable	direct_experiment_unfavorable
172|173	172	173	HIGH_RISK	near_Walker_B	True	1.0	0.0785250216722488	0.0475169892112414	0.429276163607056	3.540589771180839	19.56241578397885	83.23999786376953	False	1.0	1.0	0.0	0.0	0.0	0.0	0.281008	1.988662	0.925325	0.493506	0.0	0.0	0	0.0	0	0.28224	2.015207	0.924283	0.478495	0.0	0.0	0	0.0	0	0	0.0	0.281008	1.988662	0.925325	0.493506	0.0	0.0	0	none	0	none	0	none	none	max(insertion_type_count,local_deletion_type_count)	background	4	AF_rSASA_ge_0.25;hexamer_rSASA_ge_0.25;burial_lt_0.10;interprotomer_distance_gt_4.5A	False		conserved	weakens	unresolved_exact_subset_too_small	False	decreased; conserved local window	172|173	172	M	173	Q	179|180	179	exact_aligned	high	A89 flanking residues align directly to adjacent EV-A71 2C residues	167:IMDDIM|QNPSGE:178	174:VMDDLC|QNPDGK:185	179	180	179-180	insertional_handle_SGRPGSLS	8	-5.679239	0.019515	-5.679239	direct_insert_strongly_deleterious	-4.872581	-4.955963	-4.983807	-5.079741;-4.792752	3AAdel_spanning_option_2	-4.792752	deletion_context_strongly_deleterious	-2.945206	Bakhache_2024_NatMicrobiol_Dryad_10.5061_dryad.866t1g1xm_QVEU_eva71_dimple_c99331a6	direct_experiment_unfavorable	direct_experiment_unfavorable
173|174	173	174	HIGH_RISK	near_Walker_B	True	1.0	0.2740916609764099	0.2881220271444728	0.429276163607056	3.540589771180839	14.6098804774453	77.55999755859375	False	1.0	1.0	0.0	0.0	0.0	0.0	0.281008	1.988662	0.925325	0.493506	0.0	0.0	0	0.0	0	0.28224	2.015207	0.924283	0.478495	0.0	0.0	0	0.0	0	0	0.0	0.281008	1.988662	0.925325	0.493506	0.0	0.0	0	none	0	none	0	none	none	max(insertion_type_count,local_deletion_type_count)	structural near-miss	2	burial_lt_0.10;interprotomer_distance_gt_4.5A	False		conserved	weakens	unresolved_exact_subset_too_small	False	decreased; conserved local window	173|174	173	Q	174	N	180|181	180	exact_aligned	high	A89 flanking residues align directly to adjacent EV-A71 2C residues	168:MDDIMQ|NPSGED:179	175:MDDLCQ|NPDGKD:186	180	181	180-181	insertional_handle_SGRPGSLS	8	-5.669783	0.019644	-5.669783	direct_insert_strongly_deleterious	-4.955963	-5.050203	-4.902810	-4.792752;-4.814671	3AAdel_spanning_option_1	-4.792752	deletion_context_strongly_deleterious	-3.469486	Bakhache_2024_NatMicrobiol_Dryad_10.5061_dryad.866t1g1xm_QVEU_eva71_dimple_c99331a6	direct_experiment_unfavorable	direct_experiment_unfavorable
174|175	174	175	HIGH_RISK	near_Walker_B	True	1.0	0.2740916609764099	0.2881220271444728	0.0	6.622725715521305	14.6098804774453	76.91999816894531	True	1.0	1.0	0.0	0.0	0.0	0.0	0.281008	1.988662	0.925325	0.493506	0.0	0.0	0	0.0	0	0.28224	2.015207	0.924283	0.478495	0.0	0.0	0	0.0	0	0	0.0	0.281008	1.988662	0.925325	0.493506	0.0	0.0	0	none	0	none	0	none	none	max(insertion_type_count,local_deletion_type_count)	strict structural pass	0	none	False		conserved	weakens	unresolved_exact_subset_too_small	True	decreased; conserved local window	174|175	174	N	175	P	181|182	181	exact_aligned	high	A89 flanking residues align directly to adjacent EV-A71 2C residues	169:DDIMQN|PSGEDM:180	176:DDLCQN|PDGKDM:187	181	182	181-182	insertional_handle_SGRPGSLS	8	-6.002175	0.015601	-6.002175	direct_insert_strongly_deleterious	-5.050203	-4.997444	-5.075574	-4.814671;-5.071390	3AAdel_spanning_option_1	-4.814671	deletion_context_strongly_deleterious	-3.274630	Bakhache_2024_NatMicrobiol_Dryad_10.5061_dryad.866t1g1xm_QVEU_eva71_dimple_c99331a6	experimental_conflict	experimental_conflict
175|176	175	176	HIGH_RISK	near_Walker_B	True	1.0	0.2676988244056701	0.2866328988023983	0.0	8.938145032535846	15.503618500595657	76.91999816894531	True	1.0	0.493506	0.0	1.988662	0.0	0.0	0.370562	1.988662	0.888528	0.493506	0.0	0.0	0	0.0	0	0.370015	2.015207	0.889337	0.478495	0.0	0.0	0	0.0	0	0	0.0	0.370562	1.988662	0.888528	0.493506	0.0	0.0	0	none	0	none	0	none	none	max(insertion_type_count,local_deletion_type_count)	strict structural pass	0	none	False		intermediate	remains unresolved	unresolved_exact_subset_too_small	True	unchanged_or_unresolved	175|176	175	P	176	S	182|183	182	exact_aligned	high	A89 flanking residues align directly to adjacent EV-A71 2C residues	170:DIMQNP|SGEDMT:181	177:DLCQNP|DGKDMS:188	182	183	182-183	insertional_handle_SGRPGSLS	8	-5.679239	0.019515	-5.679239	direct_insert_strongly_deleterious	-4.997444	-4.857117	-4.825452	-5.071390;-5.112464	2AAdel_spanning_junction	-4.825452	deletion_context_strongly_deleterious	-3.205836	Bakhache_2024_NatMicrobiol_Dryad_10.5061_dryad.866t1g1xm_QVEU_eva71_dimple_c99331a6	experimental_conflict	experimental_conflict
176|177	176	177	HIGH_RISK	near_Walker_B	True	1.0	0.0	0.0	0.0	6.894942130219226	15.503618500595657	80.36000061035156	False	0.493506	1.0	1.988662	0.0	0.0	0.0	0.385044	1.988662	0.886364	0.493506	0.0	0.0	0	0.0	0	0.382499	2.015207	0.887545	0.478495	0.0	0.0	0	0.0	0	0	0.0	0.385044	1.988662	0.886364	0.493506	0.0	0.0	0	none	0	none	0	none	none	max(insertion_type_count,local_deletion_type_count)	structural near-miss	2	AF_rSASA_ge_0.25;hexamer_rSASA_ge_0.25	False		intermediate	remains unresolved	unresolved_exact_subset_too_small	False	unchanged_or_unresolved	176|177	176	S	177	G	183|184	183	exact_aligned	high	A89 flanking residues align directly to adjacent EV-A71 2C residues	171:IMQNPS|GEDMTL:182	178:LCQNPD|GKDMSL:189	183	184	183-184	insertional_handle_SGRPGSLS	8	-5.729709	0.018845	-5.729709	direct_insert_strongly_deleterious	-4.857117	-4.803771	-5.186141	-5.112464;-5.079741	1AAdel_right_residue	-4.803771	deletion_context_strongly_deleterious	-3.220697	Bakhache_2024_NatMicrobiol_Dryad_10.5061_dryad.866t1g1xm_QVEU_eva71_dimple_c99331a6	direct_experiment_unfavorable	direct_experiment_unfavorable
177|178	177	178	CORE_CAUTION	A89_SF3_helicase_domain_by_PROSITE	False	0.0	0.0	0.0	0.0	6.445075245398348	13.994597698323298	80.7300033569336	False	1.0	0.74026	0.0	0.826354	0.0	0.0	0.338621	1.988662	0.897186	0.493506	0.0	0.0	0	0.0	0	0.337517	2.015207	0.897849	0.478495	0.0	0.0	0	0.0	0	0	0.0	0.338621	1.988662	0.897186	0.493506	0.0	0.0	0	none	0	none	0	none	none	max(insertion_type_count,local_deletion_type_count)	background	4	AF_coil;hexamer_coil_fraction_ge_0.8;AF_rSASA_ge_0.25;hexamer_rSASA_ge_0.25	False		intermediate	remains unresolved	unresolved_exact_subset_too_small	False	unchanged_or_unresolved	177|178	177	G	178	E	184|185	184	exact_aligned	high	A89 flanking residues align directly to adjacent EV-A71 2C residues	172:MQNPSG|EDMTLF:183	179:CQNPDG|KDMSLF:190	184	185	184-185	insertional_handle_SGRPGSLS	8	-5.760548	0.018446	-5.760548	direct_insert_strongly_deleterious	-4.803771	-4.846673	-5.096236	-5.079741;-5.289068	1AAdel_left_residue	-4.803771	deletion_context_strongly_deleterious	-2.697798	Bakhache_2024_NatMicrobiol_Dryad_10.5061_dryad.866t1g1xm_QVEU_eva71_dimple_c99331a6	direct_experiment_unfavorable	direct_experiment_unfavorable
178|179	178	179	CORE_CAUTION	A89_SF3_helicase_domain_by_PROSITE	False	0.0	0.0584539286792278	0.0144475710824363	0.0	6.445075245398348	13.994597698323298	83.12000274658203	False	0.74026	1.0	0.826354	0.0	0.0	0.0	0.338621	1.988662	0.897186	0.493506	0.0	0.0	0	0.0	0	0.337517	2.015207	0.897849	0.478495	0.0	0.0	0	0.0	0	0	0.0	0.338621	1.988662	0.897186	0.493506	0.0	0.0	0	none	0	none	0	none	none	max(insertion_type_count,local_deletion_type_count)	background	4	AF_coil;hexamer_coil_fraction_ge_0.8;AF_rSASA_ge_0.25;hexamer_rSASA_ge_0.25	False		intermediate	remains unresolved	unresolved_exact_subset_too_small	False	unchanged_or_unresolved	178|179	178	E	179	D	185|186	185	exact_aligned	high	A89 flanking residues align directly to adjacent EV-A71 2C residues	173:QNPSGE|DMTLFC:184	180:QNPDGK|DMSLFC:191	185	186	185-186	insertional_handle_SGRPGSLS	8	-5.738617	0.018729	-5.738617	direct_insert_strongly_deleterious	-4.846673	-5.032924	-5.104383	-5.289068;-4.932152	1AAdel_left_residue	-4.846673	deletion_context_strongly_deleterious	-2.621626	Bakhache_2024_NatMicrobiol_Dryad_10.5061_dryad.866t1g1xm_QVEU_eva71_dimple_c99331a6	direct_experiment_unfavorable	direct_experiment_unfavorable
179|180	179	180	CORE_CAUTION	A89_SF3_helicase_domain_by_PROSITE	False	0.0	0.0	0.0006981317419558	0.0	7.905215610796805	19.8160674660166	86.2699966430664	False	1.0	1.0	0.0	0.0	0.0	0.0	0.338621	1.988662	0.897186	0.493506	0.0	0.0	0	0.0	0	0.337517	2.015207	0.897849	0.478495	0.0	0.0	0	0.0	0	0	0.0	0.338621	1.988662	0.897186	0.493506	0.0	0.0	0	none	0	none	0	none	none	max(insertion_type_count,local_deletion_type_count)	background	4	AF_coil;hexamer_coil_fraction_ge_0.8;AF_rSASA_ge_0.25;hexamer_rSASA_ge_0.25	False		intermediate	remains unresolved	unresolved_exact_subset_too_small	False	unchanged_or_unresolved	179|180	179	D	180	M	186|187	186	exact_aligned	high	A89 flanking residues align directly to adjacent EV-A71 2C residues	174:NPSGED|MTLFCQ:185	181:NPDGKD|MSLFCQ:192	186	187	186-187	insertional_handle_SGRPGSLS	8	-5.711649	0.019082	-5.711649	direct_insert_strongly_deleterious	-5.032924	-4.974612	-5.054477	-4.932152;-5.071390	3AAdel_spanning_option_1	-4.932152	deletion_context_strongly_deleterious	-2.906151	Bakhache_2024_NatMicrobiol_Dryad_10.5061_dryad.866t1g1xm_QVEU_eva71_dimple_c99331a6	direct_experiment_unfavorable	direct_experiment_unfavorable
180|181	180	181	CORE_CAUTION	A89_SF3_helicase_domain_by_PROSITE	False	0.0	0.0	0.0006981317419558	0.643291560349486	3.540589771180839	21.32647599943852	86.33999633789062	False	1.0	0.558442	0.0	1.074652	0.0	0.0	0.338621	1.988662	0.897186	0.493506	0.0	0.0	0	0.0	0	0.337517	2.015207	0.897849	0.478495	0.0	0.0	0	0.0	0	0	0.0	0.338621	1.988662	0.897186	0.493506	0.0	0.0	0	none	0	none	0	none	none	max(insertion_type_count,local_deletion_type_count)	background	6	AF_coil;hexamer_coil_fraction_ge_0.8;AF_rSASA_ge_0.25;hexamer_rSASA_ge_0.25;burial_lt_0.10;interprotomer_distance_gt_4.5A	False		intermediate	remains unresolved	unresolved_exact_subset_too_small	False	unchanged_or_unresolved	180|181	180	M	181	T	187|188	187	exact_aligned	high	A89 flanking residues align directly to adjacent EV-A71 2C residues	175:PSGEDM|TLFCQM:186	182:PDGKDM|SLFCQM:193	187	188	187-188	insertional_handle_SGRPGSLS	8	-5.815414	0.017758	-5.815414	direct_insert_strongly_deleterious	-4.974612	-5.120480	-5.045911	-5.071390;-5.092138	1AAdel_left_residue	-4.974612	deletion_context_strongly_deleterious	-2.496047	Bakhache_2024_NatMicrobiol_Dryad_10.5061_dryad.866t1g1xm_QVEU_eva71_dimple_c99331a6	direct_experiment_unfavorable	direct_experiment_unfavorable
181|182	181	182	CORE_CAUTION	A89_SF3_helicase_domain_by_PROSITE	False	0.0	0.0865786001086235	0.0754176475120025	0.643291560349486	3.540589771180839	18.909943523837796	87.41000366210938	False	0.558442	0.974026	1.074652	0.173781	0.0	0.0	0.338621	1.988662	0.897186	0.493506	0.0	0.0	0	0.0	0	0.337517	2.015207	0.897849	0.478495	0.0	0.0	0	0.0	0	0	0.0	0.338621	1.988662	0.897186	0.493506	0.0	0.0	0	none	0	none	0	none	none	max(insertion_type_count,local_deletion_type_count)	background	6	AF_coil;hexamer_coil_fraction_ge_0.8;AF_rSASA_ge_0.25;hexamer_rSASA_ge_0.25;burial_lt_0.10;interprotomer_distance_gt_4.5A	False		intermediate	remains unresolved	unresolved_exact_subset_too_small	False	unchanged_or_unresolved	181|182	181	T	182	L	188|189	188	exact_aligned	high	A89 flanking residues align directly to adjacent EV-A71 2C residues	176:SGEDMT|LFCQMV:187	183:DGKDMS|LFCQMV:194	188	189	188-189	insertional_handle_SGRPGSLS	8	-5.743042	0.018671	-5.743042	direct_insert_strongly_deleterious	-5.120480	-4.643667	-5.041601	-5.092138;-4.988373	1AAdel_right_residue	-4.643667	deletion_context_strongly_deleterious	-2.123685	Bakhache_2024_NatMicrobiol_Dryad_10.5061_dryad.866t1g1xm_QVEU_eva71_dimple_c99331a6	direct_experiment_unfavorable	direct_experiment_unfavorable
182|183	182	183	CORE_CAUTION	A89_SF3_helicase_domain_by_PROSITE	False	0.0	0.0010482885409146	0.0031412289374404	0.119521839818005	6.275444728457803	18.909943523837796	89.47000122070312	False	0.974026	1.0	0.173781	0.0	0.0	0.0	0.172899	1.074652	0.939394	0.558442	0.0	0.0	0	0.0	0	0.169583	1.053297	0.941308	0.580645	0.0	0.0	0	0.0	0	0	0.0	0.172899	1.074652	0.939394	0.558442	0.0	0.0	0	none	0	none	0	none	none	max(insertion_type_count,local_deletion_type_count)	background	5	AF_coil;hexamer_coil_fraction_ge_0.8;AF_rSASA_ge_0.25;hexamer_rSASA_ge_0.25;burial_lt_0.10	False		conserved	weakens	unresolved_exact_subset_too_small	False	decreased; conserved local window	182|183	182	L	183	F	189|190	189	exact_aligned	high	A89 flanking residues align directly to adjacent EV-A71 2C residues	177:GEDMTL|FCQMVS:188	184:GKDMSL|FCQMVS:195	189	190	189-190	insertional_handle_SGRPGSLS	8	-5.747447	0.018614	-5.747447	direct_insert_strongly_deleterious	-4.643667	-2.020394	-4.820076	-4.988373;-4.907761	1AAdel_right_residue	-2.020394	deletion_context_strongly_deleterious	-2.413227	Bakhache_2024_NatMicrobiol_Dryad_10.5061_dryad.866t1g1xm_QVEU_eva71_dimple_c99331a6	direct_experiment_unfavorable	direct_experiment_unfavorable
183|184	183	184	CORE_CAUTION	A89_SF3_helicase_domain_by_PROSITE	False	0.0	0.0010482885409146	0.0031412289374404	0.0	6.783514218005767	24.41129595288128	88.51000213623047	False	1.0	1.0	0.0	0.0	0.0	0.0	0.172899	1.074652	0.939394	0.558442	0.0	0.0	0	0.0	0	0.169583	1.053297	0.941308	0.580645	0.0	0.0	0	0.0	0	0	0.0	0.172899	1.074652	0.939394	0.558442	0.0	0.0	0	none	0	none	0	none	none	max(insertion_type_count,local_deletion_type_count)	background	4	AF_coil;hexamer_coil_fraction_ge_0.8;AF_rSASA_ge_0.25;hexamer_rSASA_ge_0.25	False		conserved	weakens	unresolved_exact_subset_too_small	False	decreased; conserved local window	183|184	183	F	184	C	190|191	190	exact_aligned	high	A89 flanking residues align directly to adjacent EV-A71 2C residues	178:EDMTLF|CQMVSS:189	185:KDMSLF|CQMVST:196	190	191	190-191	insertional_handle_SGRPGSLS	8	-5.470694	0.022551	-5.470694	direct_insert_strongly_deleterious	-2.020394	-4.955963	-4.735756	-4.907761;-4.825452	1AAdel_left_residue	-2.020394	deletion_context_strongly_deleterious	-2.919141	Bakhache_2024_NatMicrobiol_Dryad_10.5061_dryad.866t1g1xm_QVEU_eva71_dimple_c99331a6	direct_experiment_unfavorable	direct_experiment_unfavorable
184|185	184	185	HIGH_RISK	near_cross-protomer_nucleotide_site	False	0.0	0.1474146991968155	0.1109924459171866	0.7181319568725637	2.8704863955599063	22.30411756122751	88.51000213623047	False	1.0	1.0	0.0	0.0	0.0	0.0	0.104036	1.074652	0.961039	0.558442	0.0	0.0	0	0.0	0	0.100259	1.053297	0.963262	0.580645	0.0	0.0	0	0.0	0	0	0.0	0.104036	1.074652	0.961039	0.558442	0.0	0.0	0	none	0	none	0	none	none	max(insertion_type_count,local_deletion_type_count)	background	6	AF_coil;hexamer_coil_fraction_ge_0.8;AF_rSASA_ge_0.25;hexamer_rSASA_ge_0.25;burial_lt_0.10;interprotomer_distance_gt_4.5A	False		conserved	weakens	unresolved_exact_subset_too_small	False	decreased; conserved local window	184|185	184	C	185	Q	191|192	191	exact_aligned	high	A89 flanking residues align directly to adjacent EV-A71 2C residues	179:DMTLFC|QMVSSV:190	186:DMSLFC|QMVSTV:197	191	192	191-192	insertional_handle_SGRPGSLS	8	-5.441280	0.023015	-5.441280	direct_insert_strongly_deleterious	-4.955963	-4.851909	-4.897835	-4.825452;-4.992919	3AAdel_spanning_option_1	-4.825452	deletion_context_strongly_deleterious	-2.818939	Bakhache_2024_NatMicrobiol_Dryad_10.5061_dryad.866t1g1xm_QVEU_eva71_dimple_c99331a6	direct_experiment_unfavorable	direct_experiment_unfavorable
185|186	185	186	HIGH_RISK	near_cross-protomer_nucleotide_site	False	0.0	0.0	0.0	0.7181319568725637	2.8704863955599063	22.30411756122751	89.95999908447266	False	1.0	1.0	0.0	0.0	0.0	0.0	0.192626	1.074652	0.898268	0.246753	0.0	0.0	0	0.0	0	0.184566	1.053297	0.899642	0.236559	0.0	0.0	0	0.0	0	0	0.0	0.192626	1.074652	0.898268	0.246753	0.0	0.0	0	none	0	none	0	none	none	max(insertion_type_count,local_deletion_type_count)	background	6	AF_coil;hexamer_coil_fraction_ge_0.8;AF_rSASA_ge_0.25;hexamer_rSASA_ge_0.25;burial_lt_0.10;interprotomer_distance_gt_4.5A	False		intermediate	remains unresolved	unresolved_exact_subset_too_small	False	unchanged_or_unresolved	185|186	185	Q	186	M	192|193	192	exact_aligned	high	A89 flanking residues align directly to adjacent EV-A71 2C residues	180:MTLFCQ|MVSSVP:191	187:MSLFCQ|MVSTVD:198	192	193	192-193	insertional_handle_SGRPGSLS	8	-5.843756	0.017412	-5.843756	direct_insert_strongly_deleterious	-4.851909	-4.675315	-4.983807	-4.992919;-5.104383	1AAdel_right_residue	-4.675315	deletion_context_strongly_deleterious	-2.853240	Bakhache_2024_NatMicrobiol_Dryad_10.5061_dryad.866t1g1xm_QVEU_eva71_dimple_c99331a6	direct_experiment_unfavorable	direct_experiment_unfavorable
186|187	186	187	HIGH_RISK	near_cross-protomer_nucleotide_site	False	0.0	0.0	0.0	0.0	6.6067742052669285	24.47622005049512	91.69000244140624	False	1.0	1.0	0.0	0.0	0.0	0.0	0.207108	1.074652	0.896104	0.246753	0.0	0.0	0	0.0	0	0.19705	1.053297	0.897849	0.236559	0.0	0.0	0	0.0	0	0	0.0	0.207108	1.074652	0.896104	0.246753	0.0	0.0	0	none	0	none	0	none	none	max(insertion_type_count,local_deletion_type_count)	background	4	AF_coil;hexamer_coil_fraction_ge_0.8;AF_rSASA_ge_0.25;hexamer_rSASA_ge_0.25	False		intermediate	remains unresolved	unresolved_exact_subset_too_small	False	unchanged_or_unresolved	186|187	186	M	187	V	193|194	193	exact_aligned	high	A89 flanking residues align directly to adjacent EV-A71 2C residues	181:TLFCQM|VSSVPF:192	188:SLFCQM|VSTVDF:199	193	194	193-194	insertional_handle_SGRPGSLS	8	-5.621111	0.020318	-5.621111	direct_insert_strongly_deleterious	-4.675315	-4.699932	-5.112464	-5.104383;-5.062969	1AAdel_left_residue	-4.675315	deletion_context_strongly_deleterious	-2.783148	Bakhache_2024_NatMicrobiol_Dryad_10.5061_dryad.866t1g1xm_QVEU_eva71_dimple_c99331a6	direct_experiment_unfavorable	direct_experiment_unfavorable
187|188	187	188	HIGH_RISK	near_cross-protomer_nucleotide_site	True	1.0	0.0083387019112706	0.0017917258629282	0.0797276531879213	5.268309800852204	29.35683285198182	90.55999755859376	False	1.0	1.0	0.0	0.0	0.0	0.0	0.132035	1.06308	0.930736	0.246753	0.0	0.0	0	0.0	0	0.12176	1.011686	0.931004	0.236559	0.0	0.0	0	0.0	0	0	0.0	0.132035	1.06308	0.930736	0.246753	0.0	0.0	0	none	0	none	0	none	none	max(insertion_type_count,local_deletion_type_count)	structural near-miss	2	AF_rSASA_ge_0.25;hexamer_rSASA_ge_0.25	False		conserved	weakens	unresolved_exact_subset_too_small	False	decreased; conserved local window	187|188	187	V	188	S	194|195	194	exact_aligned	high	A89 flanking residues align directly to adjacent EV-A71 2C residues	182:LFCQMV|SSVPFI:193	189:LFCQMV|STVDFI:200	194	195	194-195	insertional_handle_SGRPGSLS	8	-5.782008	0.018174	-5.782008	direct_insert_strongly_deleterious	-4.699932	-5.200983	-4.951246	-5.062969;-4.764660	1AAdel_left_residue	-4.699932	deletion_context_strongly_deleterious	-2.596711	Bakhache_2024_NatMicrobiol_Dryad_10.5061_dryad.866t1g1xm_QVEU_eva71_dimple_c99331a6	direct_experiment_unfavorable	direct_experiment_unfavorable
188|189	188	189	EXCLUDE	EV_T196-equivalent_cross-protomer_nucleotide_site	True	1.0	0.1433533877134323	0.0493453820546468	0.9240060874914444	3.0640049338189157	31.121858727513484	88.44000244140625	False	1.0	1.0	0.0	0.0	0.0	0.0	0.132035	1.06308	0.930736	0.246753	0.0	0.0	0	0.0	0	0.12176	1.011686	0.931004	0.236559	0.0	0.0	0	0.0	0	0	0.0	0.132035	1.06308	0.930736	0.246753	0.0	0.0	0	none	0	none	0	none	none	max(insertion_type_count,local_deletion_type_count)	background	4	AF_rSASA_ge_0.25;hexamer_rSASA_ge_0.25;burial_lt_0.10;interprotomer_distance_gt_4.5A	False		conserved	weakens	unresolved_exact_subset_too_small	False	decreased_or_excluded; hard functional feature dominates	188|189	188	S	189	S	195|196	195	exact_aligned	high	A89 flanking residues align directly to adjacent EV-A71 2C residues	183:FCQMVS|SVPFIP:194	190:FCQMVS|TVDFIP:201	195	196	195-196	insertional_handle_SGRPGSLS	8	-5.927936	0.016425	-5.927936	direct_insert_strongly_deleterious	-5.200983	-5.083891	-5.124464	-4.764660;-5.010897	3AAdel_spanning_option_1	-4.764660	deletion_context_strongly_deleterious	-2.557475	Bakhache_2024_NatMicrobiol_Dryad_10.5061_dryad.866t1g1xm_QVEU_eva71_dimple_c99331a6	direct_experiment_unfavorable	direct_experiment_unfavorable
189|190	189	190	EXCLUDE	EV_T196-equivalent_cross-protomer_nucleotide_site	True	1.0	0.4716141819953918	0.0493453820546468	0.9240060874914444	3.0640049338189157	30.119000451796733	88.29000091552734	False	1.0	1.0	0.0	0.0	0.0	0.0	0.132035	1.06308	0.930736	0.246753	0.0	0.0	0	0.0	0	0.12176	1.011686	0.931004	0.236559	0.0	0.0	0	0.0	0	0	0.0	0.132035	1.06308	0.930736	0.246753	0.0	0.0	0	none	0	none	0	none	none	max(insertion_type_count,local_deletion_type_count)	background	3	hexamer_rSASA_ge_0.25;burial_lt_0.10;interprotomer_distance_gt_4.5A	False		conserved	weakens	unresolved_exact_subset_too_small	False	decreased_or_excluded; hard functional feature dominates	189|190	189	S	190	V	196|197	196	exact_aligned	high	A89 flanking residues align directly to adjacent EV-A71 2C residues	184:CQMVSS|VPFIPP:195	191:CQMVST|VDFIPP:202	196	197	196-197	insertional_handle_SGRPGSLS	8	-6.048772	0.015106	-6.048772	direct_insert_strongly_deleterious	-5.083891	-4.992919	-5.071390	-5.010897;-4.877683	3AAdel_spanning_option_2	-4.877683	deletion_context_strongly_deleterious	-2.582322	Bakhache_2024_NatMicrobiol_Dryad_10.5061_dryad.866t1g1xm_QVEU_eva71_dimple_c99331a6	direct_experiment_unfavorable	direct_experiment_unfavorable
190|191	190	191	HIGH_RISK	near_cross-protomer_nucleotide_site	True	1.0	0.5197142958641052	0.1294112680515567	0.872039381211823	3.171153234109988	27.83829732409736	87.12000274658203	False	1.0	0.246753	0.0	1.06308	0.0	0.0	0.132035	1.06308	0.930736	0.246753	0.0	0.0	0	0.0	0	0.12176	1.011686	0.931004	0.236559	0.0	0.0	0	0.0	0	0	0.0	0.132035	1.06308	0.930736	0.246753	0.0	0.0	0	none	0	none	0	none	none	max(insertion_type_count,local_deletion_type_count)	background	3	hexamer_rSASA_ge_0.25;burial_lt_0.10;interprotomer_distance_gt_4.5A	False		conserved	weakens	unresolved_exact_subset_too_small	False	decreased; conserved local window	190|191	190	V	191	P	197|198	197	exact_aligned	high	A89 flanking residues align directly to adjacent EV-A71 2C residues	185:QMVSSV|PFIPPM:196	192:QMVSTV|DFIPPM:203	197	198	197-198	insertional_handle_SGRPGSLS	8	-5.764877	0.018391	-5.764877	direct_insert_strongly_deleterious	-4.992919	-4.932152	-5.104383	-4.877683;-4.775992	3AAdel_spanning_option_2	-4.775992	deletion_context_strongly_deleterious	-2.781366	Bakhache_2024_NatMicrobiol_Dryad_10.5061_dryad.866t1g1xm_QVEU_eva71_dimple_c99331a6	direct_experiment_unfavorable	direct_experiment_unfavorable
191|192	191	192	HIGH_RISK	near_cross-protomer_nucleotide_site	True	1.0	0.0812715366482734	0.0436835043960147	0.7729921806629172	3.171153234109988	22.58110688096868	87.12000274658203	False	0.246753	0.974026	1.06308	0.173781	0.0	0.0	0.132035	1.06308	0.930736	0.246753	0.0	0.0	0	0.0	0	0.12176	1.011686	0.931004	0.236559	0.0	0.0	0	0.0	0	0	0.0	0.132035	1.06308	0.930736	0.246753	0.0	0.0	0	none	0	none	0	none	none	max(insertion_type_count,local_deletion_type_count)	background	4	AF_rSASA_ge_0.25;hexamer_rSASA_ge_0.25;burial_lt_0.10;interprotomer_distance_gt_4.5A	False		conserved	weakens	unresolved_exact_subset_too_small	False	decreased; conserved local window	191|192	191	P	192	F	198|199	198	exact_aligned	high	A89 flanking residues align directly to adjacent EV-A71 2C residues	186:MVSSVP|FIPPMA:197	193:MVSTVD|FIPPMA:204	198	199	198-199	insertional_handle_SGRPGSLS	8	-5.819512	0.017707	-5.819512	direct_insert_strongly_deleterious	-4.932152	-5.100318	-4.862299	-4.775992;-5.028557	3AAdel_spanning_option_1	-4.775992	deletion_context_strongly_deleterious	-3.032315	Bakhache_2024_NatMicrobiol_Dryad_10.5061_dryad.866t1g1xm_QVEU_eva71_dimple_c99331a6	direct_experiment_unfavorable	direct_experiment_unfavorable
192|193	192	193	HIGH_RISK	near_conserved_RNA-binding_triad;near_cross-protomer_nucleotide_site	True	1.0	0.0812715366482734	0.0436835043960147	0.6915975995083399	3.464012518758942	20.930695533741225	87.80000305175781	False	0.974026	0.974026	0.173781	0.173781	0.0	0.0	0.132035	1.06308	0.930736	0.246753	0.0	0.0	0	0.0	0	0.12176	1.011686	0.931004	0.236559	0.0	0.0	0	0.0	0	0	0.0	0.132035	1.06308	0.930736	0.246753	0.0	0.0	0	none	0	none	0	none	none	max(insertion_type_count,local_deletion_type_count)	background	4	AF_rSASA_ge_0.25;hexamer_rSASA_ge_0.25;burial_lt_0.10;interprotomer_distance_gt_4.5A	False		conserved	weakens	unresolved_exact_subset_too_small	False	decreased; conserved local window	192|193	192	F	193	I	199|200	199	exact_aligned	high	A89 flanking residues align directly to adjacent EV-A71 2C residues	187:VSSVPF|IPPMAD:198	194:VSTVDF|IPPMAS:205	199	200	199-200	insertional_handle_SGRPGSLS	8	-6.008966	0.015528	-6.008966	direct_insert_strongly_deleterious	-5.100318	-5.120480	-4.787196	-5.028557;-5.062969	2AAdel_spanning_junction	-4.787196	deletion_context_strongly_deleterious	-2.651246	Bakhache_2024_NatMicrobiol_Dryad_10.5061_dryad.866t1g1xm_QVEU_eva71_dimple_c99331a6	direct_experiment_unfavorable	direct_experiment_unfavorable
193|194	193	194	HIGH_RISK	near_conserved_RNA-binding_triad;near_cross-protomer_nucleotide_site	True	1.0	0.0329917259514331	0.013294430773713	0.6915975995083399	3.464012518758942	18.46381792856157	87.80000305175781	False	0.974026	0.974026	0.173781	0.173781	0.0	0.0	0.132035	1.06308	0.930736	0.246753	0.0	0.0	0	0.0	0	0.12176	1.011686	0.931004	0.236559	0.0	0.0	0	0.0	0	0	0.0	0.132035	1.06308	0.930736	0.246753	0.0	0.0	0	none	0	none	0	none	none	max(insertion_type_count,local_deletion_type_count)	background	4	AF_rSASA_ge_0.25;hexamer_rSASA_ge_0.25;burial_lt_0.10;interprotomer_distance_gt_4.5A	False		conserved	weakens	unresolved_exact_subset_too_small	False	decreased; conserved local window	193|194	193	I	194	P	200|201	200	exact_aligned	high	A89 flanking residues align directly to adjacent EV-A71 2C residues	188:SSVPFI|PPMADL:199	195:STVDFI|PPMASL:206	200	201	200-201	insertional_handle_SGRPGSLS	8	-5.600960	0.020604	-5.600960	direct_insert_strongly_deleterious	-5.120480	-4.656447	-5.100318	-5.062969;-5.112464	1AAdel_right_residue	-4.656447	deletion_context_strongly_deleterious	-2.529026	Bakhache_2024_NatMicrobiol_Dryad_10.5061_dryad.866t1g1xm_QVEU_eva71_dimple_c99331a6	direct_experiment_unfavorable	direct_experiment_unfavorable
194|195	194	195	HIGH_RISK	near_conserved_RNA-binding_triad	True	1.0	0.0329917259514331	0.013294430773713	0.492507461153725	5.047389820068311	15.86613423276848	88.33000183105469	False	0.974026	1.0	0.173781	0.0	0.0	0.0	0.132035	1.06308	0.930736	0.246753	0.0	0.0	0	0.0	0	0.12176	1.011686	0.931004	0.236559	0.0	0.0	0	0.0	0	0	0.0	0.132035	1.06308	0.930736	0.246753	0.0	0.0	0	none	0	none	0	none	none	max(insertion_type_count,local_deletion_type_count)	background	3	AF_rSASA_ge_0.25;hexamer_rSASA_ge_0.25;burial_lt_0.10	False		conserved	weakens	unresolved_exact_subset_too_small	False	decreased; conserved local window	194|195	194	P	195	P	201|202	201	exact_aligned	high	A89 flanking residues align directly to adjacent EV-A71 2C residues	189:SVPFIP|PMADLP:200	196:TVDFIP|PMASLE:207	201	202	201-202	insertional_handle_SGRPGSLS	8	-5.886731	0.016901	-5.886731	direct_insert_strongly_deleterious	-4.656447	-4.917589	-4.825452	-5.112464;-4.960658	1AAdel_left_residue	-4.656447	deletion_context_strongly_deleterious	-3.009219	Bakhache_2024_NatMicrobiol_Dryad_10.5061_dryad.866t1g1xm_QVEU_eva71_dimple_c99331a6	direct_experiment_unfavorable	direct_experiment_unfavorable
195|196	195	196	HIGH_RISK	near_conserved_RNA-binding_triad	True	1.0	0.0492977909743785	0.0205993725075608	0.492507461153725	4.72042606524889	12.705840261105305	84.27999877929688	False	1.0	1.0	0.0	0.0	0.0	0.0	0.132035	1.06308	0.930736	0.246753	0.0	0.0	0	0.0	0	0.12176	1.011686	0.931004	0.236559	0.0	0.0	0	0.0	0	0	0.0	0.132035	1.06308	0.930736	0.246753	0.0	0.0	0	none	0	none	0	none	none	max(insertion_type_count,local_deletion_type_count)	background	3	AF_rSASA_ge_0.25;hexamer_rSASA_ge_0.25;burial_lt_0.10	False		conserved	weakens	unresolved_exact_subset_too_small	False	decreased; conserved local window	195|196	195	P	196	M	202|203	202	exact_aligned	high	A89 flanking residues align directly to adjacent EV-A71 2C residues	190:VPFIPP|MADLPD:201	197:VDFIPP|MASLEE:208	202	203	202-203	insertional_handle_SGRPGSLS	8	-5.882900	0.016946	-5.882900	direct_insert_strongly_deleterious	-4.917589	-4.846673	-5.024171	-4.960658	1AAdel_right_residue	-4.846673	deletion_context_strongly_deleterious	-3.065769	Bakhache_2024_NatMicrobiol_Dryad_10.5061_dryad.866t1g1xm_QVEU_eva71_dimple_c99331a6	direct_experiment_unfavorable	direct_experiment_unfavorable
196|197	196	197	EXCLUDE	CVB3_A204-equivalent_core_RNA_binding	True	1.0	0.0492977909743785	0.0205993725075608	0.094940352743897	4.72042606524889	9.34773362579621	81.5199966430664	False	1.0	1.0	0.0	0.0	0.0	0.0	0.132035	1.06308	0.930736	0.246753	0.0	0.0	0	0.0	0	0.12176	1.011686	0.931004	0.236559	0.0	0.0	0	0.0	0	0	0.0	0.132035	1.06308	0.930736	0.246753	0.0	0.0	0	none	0	none	0	none	none	max(insertion_type_count,local_deletion_type_count)	background	2	AF_rSASA_ge_0.25;hexamer_rSASA_ge_0.25	False		conserved	weakens	unresolved_exact_subset_too_small	False	decreased_or_excluded; hard functional feature dominates	196|197	196	M	197	A	203|204	203	exact_aligned	high	A89 flanking residues align directly to adjacent EV-A71 2C residues	191:PFIPPM|ADLPDK:202	198:DFIPPM|ASLEEK:209	203	204	203-204	insertional_handle_SGRPGSLS	8	-5.855661	0.017269	-5.855661	direct_insert_strongly_deleterious	-4.846673	-4.955963	-5.151917	-4.867453	1AAdel_left_residue	-4.846673	deletion_context_strongly_deleterious	-3.161723	Bakhache_2024_NatMicrobiol_Dryad_10.5061_dryad.866t1g1xm_QVEU_eva71_dimple_c99331a6	direct_experiment_unfavorable	direct_experiment_unfavorable
197|198	197	198	EXCLUDE	CVB3_A204-equivalent_core_RNA_binding	True	1.0	0.3859667181968689	0.1585501883314063	0.6654191682632886	3.0602122294381444	9.34773362579621	74.58999633789062	False	1.0	1.0	0.0	0.0	0.0	0.0	0.043445	0.173781	0.993506	0.974026	0.0	0.0	0	0.0	0	0.037453	0.149811	0.994624	0.978495	0.0	0.0	0	0.0	0	0	0.0	0.043445	0.173781	0.993506	0.974026	0.0	0.0	0	none	0	none	0	none	none	max(insertion_type_count,local_deletion_type_count)	background	3	hexamer_rSASA_ge_0.25;burial_lt_0.10;interprotomer_distance_gt_4.5A	False		conserved	weakens	unresolved_exact_subset_too_small	False	decreased_or_excluded; hard functional feature dominates	197|198	197	A	198	D	204|205	204	exact_aligned	high	A89 flanking residues align directly to adjacent EV-A71 2C residues	192:FIPPMA|DLPDKG:203	199:FIPPMA|SLEEKG:210	204	205	204-205	insertional_handle_SGRPGSLS	8	-5.516028	0.021853	-5.516028	direct_insert_strongly_deleterious	-4.955963	-4.787196	-4.882760	-4.867453;-4.770342	3AAdel_spanning_option_2	-4.770342	deletion_context_strongly_deleterious	-2.105399	Bakhache_2024_NatMicrobiol_Dryad_10.5061_dryad.866t1g1xm_QVEU_eva71_dimple_c99331a6	direct_experiment_unfavorable	direct_experiment_unfavorable
198|199	198	199	EXCLUDE	CVB3_L206-equivalent_core_RNA_binding	True	0.6666666666666666	0.4525977075099945	0.1585501883314063	0.6654191682632886	3.0602122294381444	8.076368499194347	64.3499984741211	False	1.0	1.0	0.0	0.0	0.0	0.0	0.043445	0.173781	0.993507	0.974026	0.0	0.0	0	0.0	0	0.037453	0.149811	0.994624	0.978495	0.0	0.0	0	0.0	0	0	0.0	0.043445	0.173781	0.993507	0.974026	0.0	0.0	0	none	0	none	0	none	none	max(insertion_type_count,local_deletion_type_count)	background	4	hexamer_coil_fraction_ge_0.8;hexamer_rSASA_ge_0.25;burial_lt_0.10;interprotomer_distance_gt_4.5A	False		conserved	weakens	unresolved_exact_subset_too_small	False	decreased_or_excluded; hard functional feature dominates	198|199	198	D	199	L	205|206	205	exact_aligned	high	A89 flanking residues align directly to adjacent EV-A71 2C residues	193:IPPMAD|LPDKGK:204	200:IPPMAS|LEEKGV:211	205	206	205-206	insertional_handle_SGRPGSLS	8	-5.811299	0.017808	-5.811299	direct_insert_strongly_deleterious	-4.787196	-4.758946	-5.024171	-4.770342;-5.045911	1AAdel_right_residue	-4.758946	deletion_context_strongly_deleterious	-1.812737	Bakhache_2024_NatMicrobiol_Dryad_10.5061_dryad.866t1g1xm_QVEU_eva71_dimple_c99331a6	direct_experiment_unfavorable	direct_experiment_unfavorable
199|200	199	200	EXCLUDE	CVB3_L206-equivalent_core_RNA_binding	True	0.6666666666666666	0.6373388171195984	0.4347440615222229	0.4879482142817192	3.0602122294381444	8.076368499194347	64.3499984741211	False	1.0	1.0	0.0	0.0	0.0	0.0	0.092378	0.760975	0.985931	0.883117	0.0	0.0	0	0.0	0	0.085357	0.724659	0.987007	0.887097	0.0	0.0	0	0.0	0	0	0.0	0.091537	0.750883	0.985931	0.883117	0.0	0.0	0	none	0	none	0	none	none	max(insertion_type_count,local_deletion_type_count)	background	3	hexamer_coil_fraction_ge_0.8;burial_lt_0.10;interprotomer_distance_gt_4.5A	False		conserved	weakens	unresolved_exact_subset_too_small	False	decreased_or_excluded; hard functional feature dominates	199|200	199	L	200	P	206|207	206	exact_aligned	high	A89 flanking residues align directly to adjacent EV-A71 2C residues	194:PPMADL|PDKGKP:205	201:PPMASL|EEKGVS:212	206	207	206-207	insertional_handle_SGRPGSLS	8	-5.725224	0.018903	-5.725224	direct_insert_strongly_deleterious	-4.758946	-3.215818	-4.979220	-5.045911;-5.189872	1AAdel_right_residue	-3.215818	deletion_context_strongly_deleterious	-2.309557	Bakhache_2024_NatMicrobiol_Dryad_10.5061_dryad.866t1g1xm_QVEU_eva71_dimple_c99331a6	direct_experiment_unfavorable	direct_experiment_unfavorable
200|201	200	201	HIGH_RISK	near_conserved_RNA-binding_triad	True	0.6666666666666666	0.1993094980716705	0.119249562937155	0.0896385611820902	5.628003406900019	11.283730070444316	67.37999725341797	False	1.0	1.0	0.0	0.0	0.0	0.0	0.077896	0.760975	0.988095	0.883117	0.0	0.0	0	0.0	0	0.072873	0.724659	0.988799	0.887097	0.0	0.0	0	0.0	0	0	0.0	0.077055	0.750883	0.988095	0.883117	0.0	0.0	0	none	0	none	0	none	none	max(insertion_type_count,local_deletion_type_count)	background	3	hexamer_coil_fraction_ge_0.8;AF_rSASA_ge_0.25;hexamer_rSASA_ge_0.25	False		conserved	weakens	unresolved_exact_subset_too_small	False	decreased; conserved local window	200|201	200	P	201	D	207|208	207	exact_aligned	high	A89 flanking residues align directly to adjacent EV-A71 2C residues	195:PMADLP|DKGKPF:206	202:PMASLE|EKGVSF:213	207	208	207-208	insertional_handle_SGRPGSLS	8	-5.379723	0.024018	-5.379723	direct_insert_strongly_deleterious	-3.215818	-4.723957	-5.136322	-5.189872;-4.965331	1AAdel_left_residue	-3.215818	deletion_context_strongly_deleterious	-1.928221	Bakhache_2024_NatMicrobiol_Dryad_10.5061_dryad.866t1g1xm_QVEU_eva71_dimple_c99331a6	direct_experiment_unfavorable	direct_experiment_unfavorable
201|202	201	202	EXCLUDE	CVB3_K209-equivalent_core_RNA_binding	True	0.6666666666666666	0.1993094980716705	0.119249562937155	0.6126751116601705	2.5938429247427166	11.819217195769443	71.48999786376953	False	1.0	1.0	0.0	0.0	0.0	0.0	0.167959	1.080747	0.911255	0.077922	0.0	0.0	0	0.0	0	0.161272	1.060791	0.912635	0.086022	0.0	0.0	0	0.0	0	0	0.0	0.167118	1.080747	0.911255	0.077922	0.0	0.0	0	none	0	none	0	none	none	max(insertion_type_count,local_deletion_type_count)	background	5	hexamer_coil_fraction_ge_0.8;AF_rSASA_ge_0.25;hexamer_rSASA_ge_0.25;burial_lt_0.10;interprotomer_distance_gt_4.5A	False		conserved	weakens	unresolved_exact_subset_too_small	False	decreased_or_excluded; hard functional feature dominates	201|202	201	D	202	K	208|209	208	exact_aligned	high	A89 flanking residues align directly to adjacent EV-A71 2C residues	196:MADLPD|KGKPFT:207	203:MASLEE|KGVSFT:214	208	209	208-209	insertional_handle_SGRPGSLS	8	-5.707083	0.019142	-5.707083	direct_insert_strongly_deleterious	-4.723957	-4.764660	-5.079741	-4.965331;-5.041601	1AAdel_left_residue	-4.723957	deletion_context_strongly_deleterious	-2.391072	Bakhache_2024_NatMicrobiol_Dryad_10.5061_dryad.866t1g1xm_QVEU_eva71_dimple_c99331a6	direct_experiment_unfavorable	direct_experiment_unfavorable
202|203	202	203	EXCLUDE	CVB3_K209-equivalent_core_RNA_binding	True	1.0	0.3197984993457794	0.2273838560459977	0.6126751116601705	2.5938429247427166	11.819217195769443	71.48999786376953	False	1.0	1.0	0.0	0.0	0.0	0.0	0.167959	1.080747	0.911255	0.077922	0.0	0.0	0	0.0	0	0.161272	1.060791	0.912634	0.086022	0.0	0.0	0	0.0	0	0	0.0	0.167118	1.080747	0.911255	0.077922	0.0	0.0	0	none	0	none	0	none	none	max(insertion_type_count,local_deletion_type_count)	background	3	hexamer_rSASA_ge_0.25;burial_lt_0.10;interprotomer_distance_gt_4.5A	False		conserved	weakens	unresolved_exact_subset_too_small	False	decreased_or_excluded; hard functional feature dominates	202|203	202	K	203	G	209|210	209	exact_aligned	high	A89 flanking residues align directly to adjacent EV-A71 2C residues	197:ADLPDK|GKPFTS:208	204:ASLEEK|GVSFTS:215	209	210	209-210	insertional_handle_SGRPGSLS	8	-6.077620	0.014807	-6.077620	direct_insert_strongly_deleterious	-4.764660	-4.718004	-4.997444	-5.041601;-5.088023	1AAdel_right_residue	-4.718004	deletion_context_strongly_deleterious	-2.555489	Bakhache_2024_NatMicrobiol_Dryad_10.5061_dryad.866t1g1xm_QVEU_eva71_dimple_c99331a6	direct_experiment_unfavorable	direct_experiment_unfavorable
203|204	203	204	HIGH_RISK	near_Motif_C;near_conserved_RNA-binding_triad	True	1.0	0.1103634610772132	0.0712731443556015	0.0989452584542893	5.391153074014136	18.696156860729825	76.2699966430664	False	1.0	0.974026	0.0	0.173781	0.0	0.0	0.263757	1.149584	0.834416	0.077922	0.0	0.0	0	0.0	0	0.254882	1.123327	0.836918	0.086022	0.0	0.0	0	0.0	0	0	0.0	0.262916	1.149584	0.834416	0.077922	0.0	0.0	0	none	0	none	0	none	none	max(insertion_type_count,local_deletion_type_count)	structural near-miss	2	AF_rSASA_ge_0.25;hexamer_rSASA_ge_0.25	False		intermediate	remains unresolved	unresolved_exact_subset_too_small	False	unchanged_or_unresolved	203|204	203	G	204	K	210|211	210	exact_aligned	high	A89 flanking residues align directly to adjacent EV-A71 2C residues	198:DLPDKG|KPFTSK:209	205:SLEEKG|VSFTSK:216	210	211	210-211	insertional_handle_SGRPGSLS	8	-3.061137	0.119814	-3.061137	direct_insert_strongly_deleterious	-4.718004	-4.955963	-5.174862	-5.088023;-5.174862	1AAdel_left_residue	-4.718004	deletion_context_strongly_deleterious	-1.711801	Bakhache_2024_NatMicrobiol_Dryad_10.5061_dryad.866t1g1xm_QVEU_eva71_dimple_c99331a6	direct_experiment_unfavorable	direct_experiment_unfavorable
204|205	204	205	HIGH_RISK	near_Motif_C;near_conserved_RNA-binding_triad	True	1.0	0.0593370832502841	0.0297597839147539	0.7941176447280667	5.035842056179133	18.996063419116837	83.22000122070312	False	0.974026	0.883117	0.173781	0.760975	0.0	0.0	0.323042	1.149584	0.818182	0.077922	0.0	0.0	0	0.0	0	0.310079	1.123327	0.822581	0.086022	0.0	0.0	0	0.0	0	0	0.0	0.322201	1.149584	0.818182	0.077922	0.0	0.0	0	none	0	none	0	none	none	max(insertion_type_count,local_deletion_type_count)	background	3	AF_rSASA_ge_0.25;hexamer_rSASA_ge_0.25;burial_lt_0.10	False		intermediate	remains unresolved	unresolved_exact_subset_too_small	False	unchanged_or_unresolved	204|205	204	K	205	P	211|212	211	exact_aligned	high	A89 flanking residues align directly to adjacent EV-A71 2C residues	199:LPDKGK|PFTSKF:210	206:LEEKGV|SFTSKF:217	211	212	211-212	insertional_handle_SGRPGSLS	8	-5.751833	0.018558	-5.751833	direct_insert_strongly_deleterious	-4.955963	-4.872581	-4.610984	-5.174862;-4.917589	2AAdel_spanning_junction	-4.610984	deletion_context_strongly_deleterious	-0.854012	Bakhache_2024_NatMicrobiol_Dryad_10.5061_dryad.866t1g1xm_QVEU_eva71_dimple_c99331a6	direct_experiment_unfavorable	direct_experiment_unfavorable
205|206	205	206	HIGH_RISK	near_Motif_C;near_conserved_RNA-binding_triad	True	1.0	0.0079057309776544	0.000387535818542	0.7941176447280667	5.035842056179133	23.953375449504964	86.19999694824219	False	0.883117	1.0	0.760975	0.0	0.0	0.0	0.331375	1.149584	0.8171	0.077922	0.0	0.0	0	0.0	0	0.317224	1.123327	0.821685	0.086022	0.0	0.0	0	0.0	0	0	0.0	0.330534	1.149584	0.8171	0.077922	0.0	0.0	0	none	0	none	0	none	none	max(insertion_type_count,local_deletion_type_count)	background	3	AF_rSASA_ge_0.25;hexamer_rSASA_ge_0.25;burial_lt_0.10	False		intermediate	remains unresolved	unresolved_exact_subset_too_small	False	unchanged_or_unresolved	205|206	205	P	206	F	212|213	212	exact_aligned	high	A89 flanking residues align directly to adjacent EV-A71 2C residues	200:PDKGKP|FTSKFV:211	207:EEKGVS|FTSKFV:218	212	213	212-213	insertional_handle_SGRPGSLS	8	-5.693258	0.019327	-5.693258	direct_insert_strongly_deleterious	-4.872581	-4.862299	-4.764660	-4.917589;-4.836119	2AAdel_spanning_junction	-4.764660	deletion_context_strongly_deleterious	-1.599586	Bakhache_2024_NatMicrobiol_Dryad_10.5061_dryad.866t1g1xm_QVEU_eva71_dimple_c99331a6	direct_experiment_unfavorable	direct_experiment_unfavorable
206|207	206	207	HIGH_RISK	near_Motif_C;near_conserved_RNA-binding_triad	True	1.0	0.0079057309776544	0.000387535818542	0.0	7.9544997107276	24.93008832015226	89.0999984741211	False	1.0	0.077922	0.0	1.080747	0.0	0.0	0.392812	1.149584	0.799784	0.077922	0.0	0.0	0	0.0	0	0.378963	1.123327	0.804212	0.086022	0.0	0.0	0	0.0	0	0	0.0	0.391971	1.149584	0.799784	0.077922	0.0	0.0	0	none	0	none	0	none	none	max(insertion_type_count,local_deletion_type_count)	structural near-miss	2	AF_rSASA_ge_0.25;hexamer_rSASA_ge_0.25	False		intermediate	remains unresolved	unresolved_exact_subset_too_small	False	unchanged_or_unresolved	206|207	206	F	207	T	213|214	213	exact_aligned	high	A89 flanking residues align directly to adjacent EV-A71 2C residues	201:DKGKPF|TSKFVL:212	208:EKGVSF|TSKFVI:219	213	214	213-214	insertional_handle_SGRPGSLS	8	-5.743042	0.018671	-5.743042	direct_insert_strongly_deleterious	-4.862299	-5.019766	-4.877683	-4.836119;-4.792752	3AAdel_spanning_option_2	-4.792752	deletion_context_strongly_deleterious	-1.690597	Bakhache_2024_NatMicrobiol_Dryad_10.5061_dryad.866t1g1xm_QVEU_eva71_dimple_c99331a6	direct_experiment_unfavorable	direct_experiment_unfavorable
207|208	207	208	HIGH_RISK	near_Motif_C	True	1.0	0.0230421293526887	0.0072494448513113	0.0	7.9544997107276	27.447961079387124	89.41999816894531	False	0.077922	1.0	1.080747	0.0	0.0	0.0	0.458189	1.149584	0.735931	0.077922	0.0	0.0	0	0.0	0	0.442375	1.123327	0.739247	0.086022	0.0	0.0	0	0.0	0	0	0.0	0.457348	1.149584	0.735931	0.077922	0.0	0.0	0	none	0	none	0	none	none	max(insertion_type_count,local_deletion_type_count)	structural near-miss	2	AF_rSASA_ge_0.25;hexamer_rSASA_ge_0.25	False		intermediate	remains unresolved	unresolved_exact_subset_too_small	False	unchanged_or_unresolved	207|208	207	T	208	S	214|215	214	exact_aligned	high	A89 flanking residues align directly to adjacent EV-A71 2C residues	202:KGKPFT|SKFVLA:213	209:KGVSFT|SKFVIA:220	214	215	214-215	insertional_handle_SGRPGSLS	8	-5.459032	0.022734	-5.459032	direct_insert_strongly_deleterious	-5.019766	-4.902810	-4.960658	-4.792752;-5.015341	3AAdel_spanning_option_1	-4.792752	deletion_context_strongly_deleterious	-1.756717	Bakhache_2024_NatMicrobiol_Dryad_10.5061_dryad.866t1g1xm_QVEU_eva71_dimple_c99331a6	direct_experiment_unfavorable	direct_experiment_unfavorable
208|209	208	209	HIGH_RISK	near_Motif_C	True	1.0	0.0230421293526887	0.0072494448513113	0.0	9.322549149143043	27.447961079387124	92.4000015258789	False	1.0	0.077922	0.0	1.149584	0.0	0.0	0.458189	1.149584	0.735931	0.077922	0.0	0.0	0	0.0	0	0.442375	1.123327	0.739247	0.086022	0.0	0.0	0	0.0	0	0	0.0	0.457348	1.149584	0.735931	0.077922	0.0	0.0	0	none	0	none	0	none	none	max(insertion_type_count,local_deletion_type_count)	structural near-miss	2	AF_rSASA_ge_0.25;hexamer_rSASA_ge_0.25	False		intermediate	remains unresolved	unresolved_exact_subset_too_small	False	unchanged_or_unresolved	208|209	208	S	209	K	215|216	215	exact_aligned	high	A89 flanking residues align directly to adjacent EV-A71 2C residues	203:GKPFTS|KFVLAS:214	210:GVSFTS|KFVIAS:221	215	216	215-216	insertional_handle_SGRPGSLS	8	-5.611086	0.020459	-5.611086	direct_insert_strongly_deleterious	-4.902810	-4.803771	-4.969982	-5.015341;-4.851909	1AAdel_right_residue	-4.803771	deletion_context_strongly_deleterious	-2.627584	Bakhache_2024_NatMicrobiol_Dryad_10.5061_dryad.866t1g1xm_QVEU_eva71_dimple_c99331a6	direct_experiment_unfavorable	direct_experiment_unfavorable
209|210	209	210	EXCLUDE	Motif_C_region	False	0.0	0.031972799450159	0.0239655504624048	0.0	8.544297885702722	31.044222872402766	94.29000091552734	False	0.077922	0.805195	1.149584	0.711416	0.0	0.0	0.458189	1.149584	0.735931	0.077922	0.0	0.0	0	0.0	0	0.442375	1.123327	0.739247	0.086022	0.0	0.0	0	0.0	0	0	0.0	0.457348	1.149584	0.735931	0.077922	0.0	0.0	0	none	0	none	0	none	none	max(insertion_type_count,local_deletion_type_count)	background	4	AF_coil;hexamer_coil_fraction_ge_0.8;AF_rSASA_ge_0.25;hexamer_rSASA_ge_0.25	False		intermediate	weakens	unresolved_exact_subset_too_small	False	decreased_or_excluded; hard functional feature dominates	209|210	209	K	210	F	216|217	216	exact_aligned	high	A89 flanking residues align directly to adjacent EV-A71 2C residues	204:KPFTSK|FVLAST:215	211:VSFTSK|FVIAST:222	216	217	216-217	insertional_handle_SGRPGSLS	8	-5.898138	0.016768	-5.898138	direct_insert_strongly_deleterious	-4.803771	-4.650077	-4.887810	-4.851909;-5.024171	1AAdel_right_residue	-4.650077	deletion_context_strongly_deleterious	-2.584769	Bakhache_2024_NatMicrobiol_Dryad_10.5061_dryad.866t1g1xm_QVEU_eva71_dimple_c99331a6	direct_experiment_unfavorable	direct_experiment_unfavorable
210|211	210	211	EXCLUDE	Motif_C_region	False	0.0	0.0	0.0	0.0	8.544297885702722	29.30911228043765	95.62999725341795	False	0.805195	0.987013	0.711416	0.100001	0.0	0.0	0.443707	1.149584	0.738095	0.077922	0.0	0.0	0	0.0	0	0.429891	1.123327	0.741039	0.086022	0.0	0.0	0	0.0	0	0	0.0	0.442866	1.149584	0.738095	0.077922	0.0	0.0	0	none	0	none	0	none	none	max(insertion_type_count,local_deletion_type_count)	background	4	AF_coil;hexamer_coil_fraction_ge_0.8;AF_rSASA_ge_0.25;hexamer_rSASA_ge_0.25	False		intermediate	weakens	unresolved_exact_subset_too_small	False	decreased_or_excluded; hard functional feature dominates	210|211	210	F	211	V	217|218	217	exact_aligned	high	A89 flanking residues align directly to adjacent EV-A71 2C residues	205:PFTSKF|VLASTN:216	212:SFTSKF|VIASTN:223	217	218	217-218	insertional_handle_SGRPGSLS	8	-5.956871	0.016099	-5.956871	direct_insert_strongly_deleterious	-4.650077	-1.141651	-5.028557	-5.024171;-4.741604	1AAdel_right_residue	-1.141651	deletion_context_strongly_deleterious	-2.529480	Bakhache_2024_NatMicrobiol_Dryad_10.5061_dryad.866t1g1xm_QVEU_eva71_dimple_c99331a6	direct_experiment_unfavorable	direct_experiment_unfavorable
211|212	211	212	EXCLUDE	Motif_C_region	False	0.0	0.0	0.0	0.0	9.96772276626514	29.30911228043765	95.6500015258789	False	0.987013	0.792208	0.100001	0.737241	0.0	0.0	0.416917	1.149584	0.74026	0.077922	0.0	0.0	0	0.0	0	0.404757	1.123327	0.74328	0.086022	0.0	0.0	0	0.0	0	0	0.0	0.416917	1.149584	0.74026	0.077922	0.0	0.0	0	none	0	none	0	none	none	max(insertion_type_count,local_deletion_type_count)	background	4	AF_coil;hexamer_coil_fraction_ge_0.8;AF_rSASA_ge_0.25;hexamer_rSASA_ge_0.25	False		intermediate	weakens	unresolved_exact_subset_too_small	False	decreased_or_excluded; hard functional feature dominates	211|212	211	V	212	L	218|219	218	exact_aligned	high	A89 flanking residues align directly to adjacent EV-A71 2C residues	206:FTSKFV|LASTNH:217	213:FTSKFV|IASTNA:224	218	219	218-219	insertional_handle_SGRPGSLS	8	-5.847740	0.017364	-5.847740	direct_insert_strongly_deleterious	-1.141651	-4.887810	-4.927321	-4.741604;-5.054477	1AAdel_left_residue	-1.141651	deletion_context_strongly_deleterious	-2.134939	Bakhache_2024_NatMicrobiol_Dryad_10.5061_dryad.866t1g1xm_QVEU_eva71_dimple_c99331a6	direct_experiment_unfavorable	direct_experiment_unfavorable
212|213	212	213	EXCLUDE	Motif_C_region	False	0.0	0.000865196227096	0.0011739726881087	0.0	9.96772276626514	29.523206152523425	94.6999969482422	False	0.792208	0.233766	0.737241	0.784519	0.0	0.0	0.573147	1.874758	0.67316	0.077922	0.0	0.0	0	0.0	0	0.555445	1.808259	0.676075	0.086022	0.0	0.0	0	0.0	0	0	0.0	0.573147	1.874758	0.67316	0.077922	0.0	0.0	0	none	0	none	0	none	none	max(insertion_type_count,local_deletion_type_count)	background	4	AF_coil;hexamer_coil_fraction_ge_0.8;AF_rSASA_ge_0.25;hexamer_rSASA_ge_0.25	False		variable	weakens	unresolved_exact_subset_too_small	False	decreased_or_excluded; hard functional feature dominates	212|213	212	L	213	A	219|220	219	exact_aligned	high	A89 flanking residues align directly to adjacent EV-A71 2C residues	207:TSKFVL|ASTNHT:218	214:TSKFVI|ASTNAS:225	219	220	219-220	insertional_handle_SGRPGSLS	8	-5.334260	0.024787	-5.334260	direct_insert_strongly_deleterious	-4.887810	-4.946507	-4.912687	-5.054477;-4.965331	1AAdel_left_residue	-4.887810	deletion_context_strongly_deleterious	-2.195300	Bakhache_2024_NatMicrobiol_Dryad_10.5061_dryad.866t1g1xm_QVEU_eva71_dimple_c99331a6	direct_experiment_unfavorable	direct_experiment_unfavorable
213|214	213	214	EXCLUDE	Motif_C_region	False	0.0	0.0	0.0006952040538352	0.0	7.553921567998839	28.319143889141884	94.41999816894533	False	0.233766	1.0	0.784519	0.0	0.0	0.0	0.571086	1.874758	0.728355	0.077922	0.0	0.0	0	0.0	0	0.547487	1.808259	0.733871	0.091398	0.0	0.0	0	0.0	0	0	0.0	0.571086	1.874758	0.728355	0.077922	0.0	0.0	0	none	0	none	0	none	none	max(insertion_type_count,local_deletion_type_count)	background	4	AF_coil;hexamer_coil_fraction_ge_0.8;AF_rSASA_ge_0.25;hexamer_rSASA_ge_0.25	False		intermediate	weakens	unresolved_exact_subset_too_small	False	decreased_or_excluded; hard functional feature dominates	213|214	213	A	214	S	220|221	220	exact_aligned	high	A89 flanking residues align directly to adjacent EV-A71 2C residues	208:SKFVLA|STNHTL:219	215:SKFVIA|STNASN:226	220	221	220-221	insertional_handle_SGRPGSLS	8	-5.176226	0.027657	-5.176226	direct_insert_strongly_deleterious	-4.946507	-4.792752	-4.951246	-4.965331;-4.836119	1AAdel_right_residue	-4.792752	deletion_context_strongly_deleterious	-2.479039	Bakhache_2024_NatMicrobiol_Dryad_10.5061_dryad.866t1g1xm_QVEU_eva71_dimple_c99331a6	direct_experiment_unfavorable	direct_experiment_unfavorable
214|215	214	215	EXCLUDE	Motif_C_region	False	0.0	0.0	0.0	0.0	7.553921567998839	27.902900752784983	93.08000183105467	False	1.0	1.0	0.0	0.0	0.0	0.0	0.571086	1.874758	0.728355	0.077922	0.0	0.0	0	0.0	0	0.547487	1.808259	0.733871	0.091398	0.0	0.0	0	0.0	0	0	0.0	0.571086	1.874758	0.728355	0.077922	0.0	0.0	0	none	0	none	0	none	none	max(insertion_type_count,local_deletion_type_count)	background	4	AF_coil;hexamer_coil_fraction_ge_0.8;AF_rSASA_ge_0.25;hexamer_rSASA_ge_0.25	False		intermediate	weakens	unresolved_exact_subset_too_small	False	decreased_or_excluded; hard functional feature dominates	214|215	214	S	215	T	221|222	221	exact_aligned	high	A89 flanking residues align directly to adjacent EV-A71 2C residues	209:KFVLAS|TNHTLL:220	216:KFVIAS|TNASNI:227	221	222	221-222	insertional_handle_SGRPGSLS	8	-4.825647	0.035264	-4.825647	direct_insert_strongly_deleterious	-4.792752	-4.917589	-5.015341	-4.836119;-4.610984	3AAdel_spanning_option_2	-4.610984	deletion_context_strongly_deleterious	-2.564867	Bakhache_2024_NatMicrobiol_Dryad_10.5061_dryad.866t1g1xm_QVEU_eva71_dimple_c99331a6	direct_experiment_unfavorable	direct_experiment_unfavorable
215|216	215	216	EXCLUDE	Motif_C_region	False	0.0	0.0	0.0	0.0751113823859132	5.538200907625518	27.902900752784983	91.01000213623048	False	1.0	1.0	0.0	0.0	0.0	0.0	0.58646	1.874758	0.732684	0.12987	0.0	0.0	0	0.0	0	0.565646	1.808259	0.740143	0.166667	0.0	0.0	0	0.0	0	0	0.0	0.58646	1.874758	0.732684	0.12987	0.0	0.0	0	none	0	none	0	none	none	max(insertion_type_count,local_deletion_type_count)	background	4	AF_coil;hexamer_coil_fraction_ge_0.8;AF_rSASA_ge_0.25;hexamer_rSASA_ge_0.25	False		intermediate	weakens	unresolved_exact_subset_too_small	False	decreased_or_excluded; hard functional feature dominates	215|216	215	T	216	N	222|223	222	exact_aligned	high	A89 flanking residues align directly to adjacent EV-A71 2C residues	210:FVLAST|NHTLLT:221	217:FVIAST|NASNII:228	222	223	222-223	insertional_handle_SGRPGSLS	8	-5.913148	0.016595	-5.913148	direct_insert_strongly_deleterious	-4.917589	-4.902810	-4.882760	-4.610984;-4.936960	3AAdel_spanning_option_1	-4.610984	deletion_context_strongly_deleterious	-2.805603	Bakhache_2024_NatMicrobiol_Dryad_10.5061_dryad.866t1g1xm_QVEU_eva71_dimple_c99331a6	direct_experiment_unfavorable	direct_experiment_unfavorable
216|217	216	217	EXCLUDE	Motif_C_region	True	1.0	0.3227745592594147	0.3061352102165548	0.0751113823859132	5.538200907625518	24.567133996745454	86.62999725341797	True	1.0	0.909091	0.0	0.439497	0.0	0.0	0.527175	1.874758	0.748918	0.12987	0.0	0.0	0	0.0	0	0.51045	1.808259	0.75448	0.166667	0.0	0.0	0	0.0	0	0	0.0	0.527175	1.874758	0.748918	0.12987	0.0	0.0	0	none	0	none	0	none	none	max(insertion_type_count,local_deletion_type_count)	strict structural pass	0	none	False		intermediate	weakens	unresolved_exact_subset_too_small	True	decreased_or_excluded; hard functional feature dominates	216|217	216	N	217	H	223|224	223	exact_aligned	high	A89 flanking residues align directly to adjacent EV-A71 2C residues	211:VLASTN|HTLLTP:222	218:VIASTN|ASNIIV:229	223	224	223-224	insertional_handle_SGRPGSLS	8	-5.827659	0.017608	-5.827659	direct_insert_strongly_deleterious	-4.902810	-4.877683	-5.075574	-4.936960;-4.830800	3AAdel_spanning_option_2	-4.830800	deletion_context_strongly_deleterious	-2.527288	Bakhache_2024_NatMicrobiol_Dryad_10.5061_dryad.866t1g1xm_QVEU_eva71_dimple_c99331a6	experimental_conflict	experimental_conflict
217|218	217	218	HIGH_RISK	near_Motif_C	True	1.0	0.3455619812011719	0.329343665213812	0.0	7.911072576653654	24.567133996745454	83.30000305175781	True	0.909091	0.194805	0.439497	1.874758	0.0	0.0	0.518842	1.874758	0.75	0.12987	0.0	0.0	0	0.0	0	0.503305	1.808259	0.755376	0.166667	0.0	0.0	0	0.0	0	0	0.0	0.518842	1.874758	0.75	0.12987	0.0	0.0	0	none	0	none	0	none	none	max(insertion_type_count,local_deletion_type_count)	strict structural pass	0	none	False		intermediate	remains unresolved	unresolved_exact_subset_too_small	True	unchanged_or_unresolved	217|218	217	H	218	T	224|225	224	exact_aligned	high	A89 flanking residues align directly to adjacent EV-A71 2C residues	212:LASTNH|TLLTPP:223	219:IASTNA|SNIIVP:230	224	225	224-225	insertional_handle_SGRPGSLS	8	-5.863520	0.017175	-5.863520	direct_insert_strongly_deleterious	-4.877683	-5.019766	-5.075574	-4.830800;-5.071390	3AAdel_spanning_option_1	-4.830800	deletion_context_strongly_deleterious	-1.501894	Bakhache_2024_NatMicrobiol_Dryad_10.5061_dryad.866t1g1xm_QVEU_eva71_dimple_c99331a6	experimental_conflict	experimental_conflict
218|219	218	219	HIGH_RISK	near_Motif_C	True	1.0	0.5728961825370789	0.6229665512666971	0.0	9.89547660601859	28.688348824309667	76.91999816894531	True	0.194805	0.74026	1.874758	1.056012	0.0	0.0	0.457405	1.874758	0.767316	0.12987	0.0	0.0	0	0.0	0	0.441566	1.808259	0.772849	0.166667	0.0	0.0	0	0.0	0	0	0.0	0.457405	1.874758	0.767316	0.12987	0.0	0.0	0	none	0	none	0	none	none	max(insertion_type_count,local_deletion_type_count)	strict structural pass	0	none	False		intermediate	remains unresolved	unresolved_exact_subset_too_small	True	unchanged_or_unresolved	218|219	218	T	219	L	225|226	225	exact_aligned	high	A89 flanking residues align directly to adjacent EV-A71 2C residues	213:ASTNHT|LLTPPT:224	220:ASTNAS|NIIVPT:231	225	226	225-226	insertional_handle_SGRPGSLS	8	-5.760548	0.018446	-5.760548	direct_insert_strongly_deleterious	-5.019766	-4.729874	-4.830800	-5.071390;-4.897835	1AAdel_right_residue	-4.729874	deletion_context_strongly_deleterious	-1.238472	Bakhache_2024_NatMicrobiol_Dryad_10.5061_dryad.866t1g1xm_QVEU_eva71_dimple_c99331a6	experimental_conflict	experimental_conflict
219|220	219	220	HIGH_RISK	near_Motif_C	True	1.0	0.0625561103224754	0.0493517356923168	0.0	12.287347589430668	27.83058000197886	74.80999755859375	False	0.74026	1.0	1.056012	0.0	0.0	0.0	0.420923	1.874758	0.753247	0.064935	0.0	0.0	0	0.0	0	0.41026	1.808259	0.760753	0.075269	0.0	0.0	0	0.0	0	0	0.0	0.420923	1.874758	0.753247	0.064935	0.0	0.0	0	none	0	none	0	none	none	max(insertion_type_count,local_deletion_type_count)	structural near-miss	2	AF_rSASA_ge_0.25;hexamer_rSASA_ge_0.25	False		intermediate	remains unresolved	unresolved_exact_subset_too_small	False	unchanged_or_unresolved	219|220	219	L	220	L	226|227	226	exact_aligned	high	A89 flanking residues align directly to adjacent EV-A71 2C residues	214:STNHTL|LTPPTV:225	221:STNASN|IIVPTV:232	226	227	226-227	insertional_handle_SGRPGSLS	8	-5.935248	0.016342	-5.935248	direct_insert_strongly_deleterious	-4.729874	-4.907761	-4.887810	-4.897835;-4.997444	1AAdel_left_residue	-4.729874	deletion_context_strongly_deleterious	-2.268992	Bakhache_2024_NatMicrobiol_Dryad_10.5061_dryad.866t1g1xm_QVEU_eva71_dimple_c99331a6	direct_experiment_unfavorable	direct_experiment_unfavorable
220|221	220	221	HIGH_RISK	near_Motif_C	True	1.0	0.0625561103224754	0.0493517356923168	0.0	12.62011071164616	24.040296192295177	73.88999938964844	False	1.0	0.12987	0.0	1.334077	0.0	0.0	0.475932	1.874758	0.684168	0.064935	0.0	0.0	0	0.0	0	0.474514	1.808259	0.694177	0.075269	0.0	0.0	0	0.0	0	0	0.0	0.479222	1.874758	0.684168	0.064935	0.0	0.0	0	none	0	none	0	none	none	max(insertion_type_count,local_deletion_type_count)	structural near-miss	2	AF_rSASA_ge_0.25;hexamer_rSASA_ge_0.25	False		variable	supports	unresolved_exact_subset_too_small	False	outside_strict_review_only; near-miss plus V2 evolutionary support	220|221	220	L	221	T	227|228	227	exact_aligned	high	A89 flanking residues align directly to adjacent EV-A71 2C residues	215:TNHTLL|TPPTVS:226	222:TNASNI|IVPTVS:233	227	228	227-228	insertional_handle_SGRPGSLS	8	-5.729709	0.018845	-5.729709	direct_insert_strongly_deleterious	-4.907761	-4.792752	-4.992919	-4.997444;-4.927321	1AAdel_right_residue	-4.792752	deletion_context_strongly_deleterious	-2.920014	Bakhache_2024_NatMicrobiol_Dryad_10.5061_dryad.866t1g1xm_QVEU_eva71_dimple_c99331a6	direct_experiment_unfavorable	direct_experiment_unfavorable
221|222	221	222	HIGH_RISK	near_Motif_C	True	1.0	0.0365014858543872	0.0237008903011585	0.0	10.157283650529616	23.15840108073329	70.05000305175781	False	0.12987	1.0	1.334077	0.0	0.0	0.0	0.5419	1.874758	0.669016	0.064935	0.0	0.0	0	0.0	0	0.534071	1.808259	0.681184	0.075269	0.0	0.0	0	0.0	0	0	0.0	0.54519	1.874758	0.669016	0.064935	0.0	0.0	0	none	0	none	0	none	none	max(insertion_type_count,local_deletion_type_count)	structural near-miss	2	AF_rSASA_ge_0.25;hexamer_rSASA_ge_0.25	False		variable	supports	unresolved_exact_subset_too_small	False	outside_strict_review_only; near-miss plus V2 evolutionary support	221|222	221	T	222	P	228|229	228	exact_aligned	high	A89 flanking residues align directly to adjacent EV-A71 2C residues	216:NHTLLT|PPTVSS:227	223:NASNII|VPTVSD:234	228	229	228-229	insertional_handle_SGRPGSLS	8	-5.790465	0.018067	-5.790465	direct_insert_strongly_deleterious	-4.792752	-4.681526	-5.163455	-4.927321;-5.019766	1AAdel_right_residue	-4.681526	deletion_context_strongly_deleterious	-2.754301	Bakhache_2024_NatMicrobiol_Dryad_10.5061_dryad.866t1g1xm_QVEU_eva71_dimple_c99331a6	direct_experiment_unfavorable	direct_experiment_unfavorable
222|223	222	223	HIGH_RISK	near_Motif_C	True	1.0	0.0365014858543872	0.0237008903011585	0.0	8.380347307243023	19.5885843042815	68.27999877929688	False	1.0	1.0	0.0	0.0	0.0	0.0	0.604528	1.874758	0.653865	0.064935	0.0	0.0	0	0.0	0	0.590812	1.808259	0.668191	0.075269	0.0	0.0	0	0.0	0	0	0.0	0.607818	1.874758	0.653865	0.064935	0.0	0.0	0	none	0	none	0	none	none	max(insertion_type_count,local_deletion_type_count)	structural near-miss	2	AF_rSASA_ge_0.25;hexamer_rSASA_ge_0.25	False		variable	supports	unresolved_exact_subset_too_small	False	outside_strict_review_only; near-miss plus V2 evolutionary support	222|223	222	P	223	P	229|230	229	exact_aligned	high	A89 flanking residues align directly to adjacent EV-A71 2C residues	217:HTLLTP|PTVSSL:228	224:ASNIIV|PTVSDS:235	229	230	229-230	insertional_handle_SGRPGSLS	8	-5.871317	0.017083	-5.871317	direct_insert_strongly_deleterious	-4.681526	-4.809236	-4.992919	-5.019766;-4.836119	1AAdel_left_residue	-4.681526	deletion_context_strongly_deleterious	-2.823579	Bakhache_2024_NatMicrobiol_Dryad_10.5061_dryad.866t1g1xm_QVEU_eva71_dimple_c99331a6	direct_experiment_unfavorable	direct_experiment_unfavorable
223|224	223	224	CORE_CAUTION	A89_SF3_helicase_domain_by_PROSITE	True	1.0	0.3913344442844391	0.3593920996022778	0.1508818335767789	5.346008486982729	19.5885843042815	68.27999877929688	False	1.0	1.0	0.0	0.0	0.0	0.0	0.694327	1.874758	0.630055	0.064935	0.0	0.0	0	0.0	0	0.678349	1.808259	0.645341	0.075269	0.0	0.0	0	0.0	0	0	0.0	0.697617	1.874758	0.630055	0.064935	0.0	0.0	0	none	0	none	0	none	none	max(insertion_type_count,local_deletion_type_count)	structural near-miss	1	burial_lt_0.10	False		variable	supports	unresolved_exact_subset_too_small	True	outside_strict_review_only; near-miss plus V2 evolutionary support	223|224	223	P	224	T	230|231	230	exact_aligned	high	A89 flanking residues align directly to adjacent EV-A71 2C residues	218:TLLTPP|TVSSLP:229	225:SNIIVP|TVSDSD:236	230	231	230-231	insertional_handle_SGRPGSLS	8	-5.978036	0.015865	-5.978036	direct_insert_strongly_deleterious	-4.809236	-4.857117	-4.814671	-4.836119;-5.092138	1AAdel_left_residue	-4.809236	deletion_context_strongly_deleterious	-2.597339	Bakhache_2024_NatMicrobiol_Dryad_10.5061_dryad.866t1g1xm_QVEU_eva71_dimple_c99331a6	experimental_conflict	experimental_conflict
224|225	224	225	CORE_CAUTION	A89_SF3_helicase_domain_by_PROSITE	True	1.0	0.1611832082271576	0.1407242616017659	0.1508818335767789	5.346008486982729	19.93901098037618	67.30000305175781	False	1.0	0.064935	0.0	0.346731	0.0	0.0	0.538097	1.517086	0.697155	0.064935	0.0	0.0	0	0.0	0	0.527661	1.473495	0.712546	0.075269	0.0	0.0	0	0.0	0	0	0.0	0.541387	1.517086	0.697155	0.064935	0.0	0.0	0	none	0	none	0	none	none	max(insertion_type_count,local_deletion_type_count)	background	3	AF_rSASA_ge_0.25;hexamer_rSASA_ge_0.25;burial_lt_0.10	False		variable	supports	unresolved_exact_subset_too_small	False	unchanged_or_unresolved	224|225	224	T	225	V	231|232	231	exact_aligned	high	A89 flanking residues align directly to adjacent EV-A71 2C residues	219:LLTPPT|VSSLPA:230	226:NIIVPT|VSDSDA:237	231	232	231-232	insertional_handle_SGRPGSLS	8	-3.518970	0.087234	-3.518970	direct_insert_strongly_deleterious	-4.857117	-4.846673	-4.951246	-5.092138;-5.240700	1AAdel_right_residue	-4.846673	deletion_context_strongly_deleterious	-2.552814	Bakhache_2024_NatMicrobiol_Dryad_10.5061_dryad.866t1g1xm_QVEU_eva71_dimple_c99331a6	direct_experiment_unfavorable	direct_experiment_unfavorable
225|226	225	226	CORE_CAUTION	A89_SF3_helicase_domain_by_PROSITE	True	1.0	0.1611832082271576	0.1407242616017659	0.2817002556671215	3.648734866222398	24.43571368428228	67.30000305175781	False	0.064935	0.171053	0.346731	0.660107	0.0	0.0	0.464578	1.517086	0.716635	0.064935	0.0	0.0	0	0.0	0	0.459704	1.473495	0.729123	0.075269	0.0	0.0	0	0.0	0	0	0.0	0.467868	1.517086	0.716635	0.064935	0.0	0.0	0	none	0	none	0	none	none	max(insertion_type_count,local_deletion_type_count)	background	4	AF_rSASA_ge_0.25;hexamer_rSASA_ge_0.25;burial_lt_0.10;interprotomer_distance_gt_4.5A	False		intermediate	remains unresolved	unresolved_exact_subset_too_small	False	unchanged_or_unresolved	225|226	225	V	226	S	232|233	232	exact_aligned	high	A89 flanking residues align directly to adjacent EV-A71 2C residues	220:LTPPTV|SSLPAM:231	227:IIVPTV|SDSDAI:238	232	233	232-233	insertional_handle_SGRPGSLS	8	-6.165290	0.013934	-6.165290	direct_insert_strongly_deleterious	-4.846673	-4.882760	-5.015341	-5.240700;-5.001948	1AAdel_left_residue	-4.846673	deletion_context_strongly_deleterious	-2.657805	Bakhache_2024_NatMicrobiol_Dryad_10.5061_dryad.866t1g1xm_QVEU_eva71_dimple_c99331a6	direct_experiment_unfavorable	direct_experiment_unfavorable
226|227	226	227	HIGH_RISK	near_R_finger	True	1.0	0.3065302073955536	0.3085397248627037	0.2817002556671215	3.648734866222398	27.06563007853281	68.68000030517578	False	0.171053	0.818182	0.660107	0.791615	0.0	0.0	0.497379	1.517086	0.634384	0.012987	0.0	0.0	0	0.0	0	0.497709	1.473495	0.64803	0.026882	0.0	0.0	0	0.0	0	0	0.0	0.500668	1.517086	0.634384	0.012987	0.0	0.0	0	none	0	none	0	none	none	max(insertion_type_count,local_deletion_type_count)	structural near-miss	2	burial_lt_0.10;interprotomer_distance_gt_4.5A	False		variable	supports	unresolved_exact_subset_too_small	False	outside_strict_review_only; near-miss plus V2 evolutionary support	226|227	226	S	227	S	233|234	233	exact_aligned	high	A89 flanking residues align directly to adjacent EV-A71 2C residues	221:TPPTVS|SLPAMA:232	228:IVPTVS|DSDAIR:239	233	234	233-234	insertional_handle_SGRPGSLS	8	-5.782008	0.018174	-5.782008	direct_insert_strongly_deleterious	-4.882760	-4.960658	-5.519939	-5.001948;-4.960658	1AAdel_left_residue	-4.882760	deletion_context_strongly_deleterious	-2.330357	Bakhache_2024_NatMicrobiol_Dryad_10.5061_dryad.866t1g1xm_QVEU_eva71_dimple_c99331a6	direct_experiment_unfavorable	direct_experiment_unfavorable
227|228	227	228	HIGH_RISK	near_R_finger	False	0.0	0.3065302073955536	0.3085397248627037	0.2471590830727725	5.306798809096556	28.776294347519578	74.9800033569336	False	0.818182	0.818182	0.791615	0.751535	0.0	0.0	0.386205	1.517086	0.706895	0.012987	0.0	0.0	0	0.0	0	0.385939	1.473495	0.717474	0.026882	0.0	0.0	0	0.0	0	0	0.0	0.389495	1.517086	0.706895	0.012987	0.0	0.0	0	none	0	none	0	none	none	max(insertion_type_count,local_deletion_type_count)	background	3	AF_coil;hexamer_coil_fraction_ge_0.8;burial_lt_0.10	False		intermediate	remains unresolved	unresolved_exact_subset_too_small	False	unchanged_or_unresolved	227|228	227	S	228	L	234|235	234	exact_aligned	high	A89 flanking residues align directly to adjacent EV-A71 2C residues	222:PPTVSS|LPAMAR:233	229:VPTVSD|SDAIRR:240	234	235	234-235	insertional_handle_SGRPGSLS	8	-5.855661	0.017269	-5.855661	direct_insert_strongly_deleterious	-4.960658	-4.747418		-4.960658;-4.907761	1AAdel_right_residue	-4.747418	deletion_context_strongly_deleterious	-2.385061	Bakhache_2024_NatMicrobiol_Dryad_10.5061_dryad.866t1g1xm_QVEU_eva71_dimple_c99331a6	direct_experiment_unfavorable	direct_experiment_unfavorable
228|229	228	229	HIGH_RISK	near_R_finger	False	0.0	0.334793359041214	0.3270184847450573	0.0142448995120638	5.371528666629427	28.776294347519578	77.36000061035156	False	0.818182	0.623377	0.751535	1.517086	0.0	0.0	0.386205	1.517086	0.706895	0.012987	0.0	0.0	0	0.0	0	0.385939	1.473495	0.717474	0.026882	0.0	0.0	0	0.0	0	0	0.0	0.389495	1.517086	0.706895	0.012987	0.0	0.0	0	none	0	none	0	none	none	max(insertion_type_count,local_deletion_type_count)	structural near-miss	2	AF_coil;hexamer_coil_fraction_ge_0.8	False		intermediate	remains unresolved	unresolved_exact_subset_too_small	False	unchanged_or_unresolved	228|229	228	L	229	P	235|236	235	exact_aligned	high	A89 flanking residues align directly to adjacent EV-A71 2C residues	223:PTVSSL|PAMARR:234	230:PTVSDS|DAIRRR:241	235	236	235-236	insertional_handle_SGRPGSLS	8	-5.769187	0.018336	-5.769187	direct_insert_strongly_deleterious	-4.747418	-4.675315	-5.599673	-4.907761;-5.050203	1AAdel_right_residue	-4.675315	deletion_context_strongly_deleterious	-1.880208	Bakhache_2024_NatMicrobiol_Dryad_10.5061_dryad.866t1g1xm_QVEU_eva71_dimple_c99331a6	direct_experiment_unfavorable	direct_experiment_unfavorable
229|230	229	230	HIGH_RISK	near_R_finger	False	0.0	0.263437420129776	0.1157190436232613	0.8793153351742518	2.7417936432646832	33.572041567180634	77.36000061035156	False	0.623377	1.0	1.517086	0.0	0.0	0.0	0.400687	1.517086	0.704731	0.012987	0.0	0.0	0	0.0	0	0.398423	1.473495	0.715682	0.026882	0.0	0.0	0	0.0	0	0	0.0	0.403977	1.517086	0.704731	0.012987	0.0	0.0	0	none	0	none	0	none	none	max(insertion_type_count,local_deletion_type_count)	background	5	AF_coil;hexamer_coil_fraction_ge_0.8;hexamer_rSASA_ge_0.25;burial_lt_0.10;interprotomer_distance_gt_4.5A	False		intermediate	remains unresolved	unresolved_exact_subset_too_small	False	unchanged_or_unresolved	229|230	229	P	230	A	236|237	236	exact_aligned	high	A89 flanking residues align directly to adjacent EV-A71 2C residues	224:TVSSLP|AMARRF:235	231:TVSDSD|AIRRRF:242	236	237	236-237	insertional_handle_SGRPGSLS	8	-5.606036	0.020531	-5.606036	direct_insert_strongly_deleterious	-4.675315	-4.643667	-5.159624	-5.050203;-4.857117	1AAdel_right_residue	-4.643667	deletion_context_strongly_deleterious	-2.018672	Bakhache_2024_NatMicrobiol_Dryad_10.5061_dryad.866t1g1xm_QVEU_eva71_dimple_c99331a6	direct_experiment_unfavorable	direct_experiment_unfavorable
230|231	230	231	HIGH_RISK	near_R_finger	False	0.0	0.0350615456700325	0.0240411504748321	0.8793153351742518	2.7417936432646832	28.621145146245095	80.7300033569336	False	1.0	0.974026	0.0	0.173781	0.0	0.0	0.464153	1.517086	0.639796	0.012987	0.0	0.0	0	0.0	0	0.463429	1.473495	0.651614	0.026882	0.0	0.0	0	0.0	0	0	0.0	0.466443	1.517086	0.639255	0.012987	0.0	0.0	0	none	0	none	0	none	none	max(insertion_type_count,local_deletion_type_count)	background	6	AF_coil;hexamer_coil_fraction_ge_0.8;AF_rSASA_ge_0.25;hexamer_rSASA_ge_0.25;burial_lt_0.10;interprotomer_distance_gt_4.5A	False		variable	supports	unresolved_exact_subset_too_small	False	unchanged_or_unresolved	230|231	230	A	231	M	237|238	237	exact_aligned	high	A89 flanking residues align directly to adjacent EV-A71 2C residues	225:VSSLPA|MARRFY:236	232:VSDSDA|IRRRFF:243	237	238	237-238	insertional_handle_SGRPGSLS	8	-6.005576	0.015565	-6.005576	direct_insert_strongly_deleterious	-4.643667	-4.770342	-4.735756	-4.857117;-4.997444	1AAdel_left_residue	-4.643667	deletion_context_strongly_deleterious	-2.576583	Bakhache_2024_NatMicrobiol_Dryad_10.5061_dryad.866t1g1xm_QVEU_eva71_dimple_c99331a6	direct_experiment_unfavorable	direct_experiment_unfavorable
231|232	231	232	HIGH_RISK	near_R_finger	False	0.0	0.0350615456700325	0.0240411504748321	0.0	4.653863149587073	28.621145146245095	81.45999908447266	False	0.974026	0.012987	0.173781	0.39361	0.0	0.0	0.515522	1.517086	0.649536	0.012987	0.0	0.0	0	0.0	0	0.51742	1.473495	0.661471	0.026882	0.0	0.0	0	0.0	0	0	0.0	0.517813	1.517086	0.648995	0.012987	0.0	0.0	0	none	0	none	0	none	none	max(insertion_type_count,local_deletion_type_count)	background	4	AF_coil;hexamer_coil_fraction_ge_0.8;AF_rSASA_ge_0.25;hexamer_rSASA_ge_0.25	False		variable	supports	unresolved_exact_subset_too_small	False	unchanged_or_unresolved	231|232	231	M	232	A	238|239	238	exact_aligned	high	A89 flanking residues align directly to adjacent EV-A71 2C residues	226:SSLPAM|ARRFYF:237	233:SDSDAI|RRRFFM:244	238	239	238-239	insertional_handle_SGRPGSLS	8	-5.747447	0.018614	-5.747447	direct_insert_strongly_deleterious	-4.770342	-5.237154	-4.630722	-4.997444;-5.032924	2AAdel_spanning_junction	-4.630722	deletion_context_strongly_deleterious	-2.358028	Bakhache_2024_NatMicrobiol_Dryad_10.5061_dryad.866t1g1xm_QVEU_eva71_dimple_c99331a6	direct_experiment_unfavorable	direct_experiment_unfavorable
232|233	232	233	EXCLUDE	R_finger_R233	False	0.0	0.3868287205696106	0.2412074337330467	0.6860303068180126	2.7159268599018893	33.670272111474894	84.56999969482422	False	0.012987	1.0	0.39361	0.0	0.0	0.0	0.460513	1.517086	0.718615	0.012987	0.0	0.0	0	0.0	0	0.453166	1.473495	0.728047	0.026882	0.0	0.0	0	0.0	0	0	0.0	0.459514	1.517086	0.718074	0.012987	0.0	0.0	0	none	0	none	0	none	none	max(insertion_type_count,local_deletion_type_count)	background	5	AF_coil;hexamer_coil_fraction_ge_0.8;hexamer_rSASA_ge_0.25;burial_lt_0.10;interprotomer_distance_gt_4.5A	False		intermediate	weakens	unresolved_exact_subset_too_small	False	decreased_or_excluded; hard functional feature dominates	232|233	232	A	233	R	239|240	239	exact_aligned	high	A89 flanking residues align directly to adjacent EV-A71 2C residues	227:SLPAMA|RRFYFD:238	234:DSDAIR|RRFFMD:245	239	240	239-240	insertional_handle_SGRPGSLS	8	-6.029067	0.015313	-6.029067	direct_insert_strongly_deleterious	-5.237154		-4.927321	-5.032924;-5.104383	2AAdel_spanning_junction	-4.927321	deletion_context_strongly_deleterious	-2.690147	Bakhache_2024_NatMicrobiol_Dryad_10.5061_dryad.866t1g1xm_QVEU_eva71_dimple_c99331a6	direct_experiment_unfavorable	direct_experiment_unfavorable
233|234	233	234	EXCLUDE	R_finger_R233;R_finger_R234	True	0.8333333333333334	0.1593998074531555	0.1020489052264359	0.6860303068180126	2.7159268599018893	30.72200294079616	86.4000015258789	False	1.0	1.0	0.0	0.0	0.0	0.0	0.394545	1.517086	0.733766	0.012987	0.0	0.0	0	0.0	0	0.393609	1.473495	0.741039	0.026882	0.0	0.0	0	0.0	0	0	0.0	0.393546	1.517086	0.733225	0.012987	0.0	0.0	0	none	0	none	0	none	none	max(insertion_type_count,local_deletion_type_count)	background	4	AF_rSASA_ge_0.25;hexamer_rSASA_ge_0.25;burial_lt_0.10;interprotomer_distance_gt_4.5A	False		intermediate	weakens	unresolved_exact_subset_too_small	False	decreased_or_excluded; hard functional feature dominates	233|234	233	R	234	R	240|241	240	exact_aligned	high	A89 flanking residues align directly to adjacent EV-A71 2C residues	228:LPAMAR|RFYFDL:239	235:SDAIRR|RFFMDC:246	240	241	240-241	insertional_handle_SGRPGSLS	8	-5.859598	0.017222	-5.859598	direct_insert_strongly_deleterious		-5.376220	-5.024171	-5.104383;-5.295791	2AAdel_spanning_junction	-5.024171	deletion_context_strongly_deleterious	-3.063771	Bakhache_2024_NatMicrobiol_Dryad_10.5061_dryad.866t1g1xm_QVEU_eva71_dimple_c99331a6	direct_experiment_unfavorable	direct_experiment_unfavorable
234|235	234	235	EXCLUDE	R_finger_R234	False	0.6666666666666666	0.0547957047820091	0.0507009082370334	0.5770618799263609	3.368772738976533	30.72200294079616	89.25	False	1.0	0.974026	0.0	0.173781	0.0	0.0	0.346399	1.517086	0.746753	0.012987	0.0	0.0	0	0.0	0	0.349352	1.473495	0.75224	0.026882	0.0	0.0	0	0.0	0	0	0.0	0.3454	1.517086	0.746212	0.012987	0.0	0.0	0	none	0	none	0	none	none	max(insertion_type_count,local_deletion_type_count)	background	6	AF_coil;hexamer_coil_fraction_ge_0.8;AF_rSASA_ge_0.25;hexamer_rSASA_ge_0.25;burial_lt_0.10;interprotomer_distance_gt_4.5A	False		intermediate	weakens	unresolved_exact_subset_too_small	False	decreased_or_excluded; hard functional feature dominates	234|235	234	R	235	F	241|242	241	exact_aligned	high	A89 flanking residues align directly to adjacent EV-A71 2C residues	229:PAMARR|FYFDLD:240	236:DAIRRR|FFMDCD:247	241	242	241-242	insertional_handle_SGRPGSLS	8	-5.863520	0.017175	-5.863520	direct_insert_strongly_deleterious	-5.376220	-4.669065	-5.006432	-5.295791;-5.079741	1AAdel_right_residue	-4.669065	deletion_context_strongly_deleterious	-2.943190	Bakhache_2024_NatMicrobiol_Dryad_10.5061_dryad.866t1g1xm_QVEU_eva71_dimple_c99331a6	direct_experiment_unfavorable	direct_experiment_unfavorable
235|236	235	236	HIGH_RISK	near_R_finger	False	0.6666666666666666	0.0547957047820091	0.0507009082370334	0.0	7.848860452064928	31.17957698314012	91.25	False	0.974026	0.220779	0.173781	0.761588	0.0	0.0	0.228309	0.963164	0.777056	0.012987	0.0	0.0	0	0.0	0	0.233706	1.033174	0.781362	0.026882	0.0	0.0	0	0.0	0	0	0.0	0.227309	0.963164	0.776515	0.012987	0.0	0.0	0	none	0	none	0	none	none	max(insertion_type_count,local_deletion_type_count)	background	4	AF_coil;hexamer_coil_fraction_ge_0.8;AF_rSASA_ge_0.25;hexamer_rSASA_ge_0.25	False		intermediate	remains unresolved	unresolved_exact_subset_too_small	False	unchanged_or_unresolved	235|236	235	F	236	Y	242|243	242	exact_aligned	high	A89 flanking residues align directly to adjacent EV-A71 2C residues	230:AMARRF|YFDLDI:241	237:AIRRRF|FMDCDI:248	242	243	242-243	insertional_handle_SGRPGSLS	8	-5.851708	0.017317	-5.851708	direct_insert_strongly_deleterious	-4.669065	-4.814671	-5.071390	-5.079741;-4.718004	1AAdel_left_residue	-4.669065	deletion_context_strongly_deleterious	-2.574370	Bakhache_2024_NatMicrobiol_Dryad_10.5061_dryad.866t1g1xm_QVEU_eva71_dimple_c99331a6	direct_experiment_unfavorable	direct_experiment_unfavorable
236|237	236	237	HIGH_RISK	near_R_finger	False	0.0	0.0760009139776229	0.07838673459159	0.0	9.62984240572444	37.17982866258858	91.8499984741211	False	0.220779	0.181818	0.761588	0.963164	0.0	0.0	0.379922	1.819364	0.699205	0.012987	0.0	0.0	0	0.0	0	0.391107	1.888803	0.704369	0.026882	0.0	0.0	0	0.0	0	0	0.0	0.380432	1.837469	0.698664	0.012987	0.0	0.0	0	none	0	none	0	none	none	max(insertion_type_count,local_deletion_type_count)	background	4	AF_coil;hexamer_coil_fraction_ge_0.8;AF_rSASA_ge_0.25;hexamer_rSASA_ge_0.25	False		variable	supports	unresolved_exact_subset_too_small	False	unchanged_or_unresolved	236|237	236	Y	237	F	243|244	243	exact_aligned	high	A89 flanking residues align directly to adjacent EV-A71 2C residues	231:MARRFY|FDLDIQ:242	238:IRRRFF|MDCDIE:249	243	244	243-244	insertional_handle_SGRPGSLS	8	-5.927936	0.016425	-5.927936	direct_insert_strongly_deleterious	-4.814671	-5.058732	-5.088023	-4.718004;-4.936960	3AAdel_spanning_option_1	-4.718004	deletion_context_strongly_deleterious	-2.541939	Bakhache_2024_NatMicrobiol_Dryad_10.5061_dryad.866t1g1xm_QVEU_eva71_dimple_c99331a6	direct_experiment_unfavorable	direct_experiment_unfavorable
237|238	237	238	HIGH_RISK	near_R_finger	False	0.0	0.0760009139776229	0.07838673459159	0.0	11.192785111529144	35.924049779994554	93.16000366210938	False	0.181818	1.0	0.963164	0.0	0.0	0.0	0.373774	1.819364	0.700288	0.012987	0.0	0.0	0	0.0	0	0.385768	1.888803	0.705265	0.026882	0.0	0.0	0	0.0	0	0	0.0	0.374283	1.837469	0.699746	0.012987	0.0	0.0	0	none	0	none	0	none	none	max(insertion_type_count,local_deletion_type_count)	background	4	AF_coil;hexamer_coil_fraction_ge_0.8;AF_rSASA_ge_0.25;hexamer_rSASA_ge_0.25	False		variable	supports	unresolved_exact_subset_too_small	False	unchanged_or_unresolved	237|238	237	F	238	D	244|245	244	exact_aligned	high	A89 flanking residues align directly to adjacent EV-A71 2C residues	232:ARRFYF|DLDIQV:243	239:RRRFFM|DCDIEV:250	244	245	244-245	insertional_handle_SGRPGSLS	8	-5.697888	0.019265	-5.697888	direct_insert_strongly_deleterious	-5.058732	-4.969982	-5.219232	-4.936960;-4.979220	3AAdel_spanning_option_1	-4.936960	deletion_context_strongly_deleterious	-2.638084	Bakhache_2024_NatMicrobiol_Dryad_10.5061_dryad.866t1g1xm_QVEU_eva71_dimple_c99331a6	direct_experiment_unfavorable	direct_experiment_unfavorable
238|239	238	239	HIGH_RISK	near_R_finger	False	0.0	0.0012516877613961	0.0006064150859269	0.0	11.549247225056977	35.924049779994554	93.16000366210938	False	1.0	1.0	0.0	0.0	0.0	0.0	0.517704	2.120773	0.717604	0.065789	0.0	0.0	0	0.0	0	0.523172	2.104914	0.720498	0.076087	0.0	0.0	0	0.0	0	0	0.0	0.518214	2.120773	0.717062	0.065789	0.0	0.0	0	none	0	none	0	none	none	max(insertion_type_count,local_deletion_type_count)	background	4	AF_coil;hexamer_coil_fraction_ge_0.8;AF_rSASA_ge_0.25;hexamer_rSASA_ge_0.25	False		intermediate	remains unresolved	unresolved_exact_subset_too_small	False	unchanged_or_unresolved	238|239	238	D	239	L	245|246	245	exact_aligned	high	A89 flanking residues align directly to adjacent EV-A71 2C residues	233:RRFYFD|LDIQVK:244	240:RRFFMD|CDIEVT:251	245	246	245-246	insertional_handle_SGRPGSLS	8	-5.606036	0.020531	-5.606036	direct_insert_strongly_deleterious	-4.969982	-4.922467	-4.907761	-4.979220;-5.144150	2AAdel_spanning_junction	-4.907761	deletion_context_strongly_deleterious	-2.616176	Bakhache_2024_NatMicrobiol_Dryad_10.5061_dryad.866t1g1xm_QVEU_eva71_dimple_c99331a6	direct_experiment_unfavorable	direct_experiment_unfavorable
239|240	239	240	HIGH_RISK	near_R_finger	False	0.0	0.0012516877613961	0.0006064150859269	0.0	14.29747156942575	37.10679532965552	93.9800033569336	False	1.0	0.974026	0.0	0.173781	0.0	0.0	0.636453	2.120773	0.639753	0.065789	0.0	0.0	0	0.0	0	0.645207	2.104914	0.643505	0.076087	0.0	0.0	0	0.0	0	0	0.0	0.637196	2.120773	0.639188	0.065502	0.0	0.0	0	none	0	none	0	none	none	max(insertion_type_count,local_deletion_type_count)	background	4	AF_coil;hexamer_coil_fraction_ge_0.8;AF_rSASA_ge_0.25;hexamer_rSASA_ge_0.25	False		variable	supports	unresolved_exact_subset_too_small	False	unchanged_or_unresolved	239|240	239	L	240	D	246|247	246	exact_aligned	high	A89 flanking residues align directly to adjacent EV-A71 2C residues	234:RFYFDL|DIQVKK:245	241:RFFMDC|DIEVTD:252	246	247	246-247	insertional_handle_SGRPGSLS	8	-5.631037	0.020179	-5.631037	direct_insert_strongly_deleterious	-4.922467	-4.421327	-5.112464	-5.144150;-4.979220	1AAdel_right_residue	-4.421327	deletion_context_strongly_deleterious	-2.744971	Bakhache_2024_NatMicrobiol_Dryad_10.5061_dryad.866t1g1xm_QVEU_eva71_dimple_c99331a6	direct_experiment_unfavorable	direct_experiment_unfavorable
240|241	240	241	HIGH_RISK	near_R_finger	False	0.0	0.0770507752895355	0.0475476764382041	0.0	9.773381202771803	37.59955310264996	93.9800033569336	False	0.974026	0.987013	0.173781	0.100001	0.0	0.0	0.812729	2.120773	0.561902	0.065789	0.0	0.0	0	0.0	0	0.82246	2.127033	0.56606	0.070652	0.0	0.0	0	0.0	0	0	0.0	0.816079	2.146597	0.561313	0.065502	0.0	0.0	0	none	0	none	0	none	none	max(insertion_type_count,local_deletion_type_count)	background	4	AF_coil;hexamer_coil_fraction_ge_0.8;AF_rSASA_ge_0.25;hexamer_rSASA_ge_0.25	False		variable	supports	unresolved_exact_subset_too_small	False	unchanged_or_unresolved	240|241	240	D	241	I	247|248	247	exact_aligned	high	A89 flanking residues align directly to adjacent EV-A71 2C residues	235:FYFDLD|IQVKKE:246	242:FFMDCD|IEVTDS:253	247	248	247-248	insertional_handle_SGRPGSLS	8	-5.942508	0.016260	-5.942508	direct_insert_strongly_deleterious	-4.421327	-4.491123	-5.075574	-4.979220;-5.208323	1AAdel_left_residue	-4.421327	deletion_context_strongly_deleterious	-2.620660	Bakhache_2024_NatMicrobiol_Dryad_10.5061_dryad.866t1g1xm_QVEU_eva71_dimple_c99331a6	direct_experiment_unfavorable	direct_experiment_unfavorable
241|242	241	242	CORE_CAUTION	A89_SF3_helicase_domain_by_PROSITE	False	0.0	0.0770507752895355	0.0475476764382041	0.0	9.773381202771803	37.79137713589643	93.5	False	0.987013	0.065789	0.100001	1.819364	0.0	0.0	0.847554	2.120773	0.552161	0.065789	0.0	0.0	0	0.0	0	0.860907	2.127033	0.555307	0.070652	0.0	0.0	0	0.0	0	0	0.0	0.850903	2.146597	0.551573	0.065502	0.0	0.0	0	none	0	none	0	none	none	max(insertion_type_count,local_deletion_type_count)	background	4	AF_coil;hexamer_coil_fraction_ge_0.8;AF_rSASA_ge_0.25;hexamer_rSASA_ge_0.25	False		variable	supports	unresolved_exact_subset_too_small	False	unchanged_or_unresolved	241|242	241	I	242	Q	248|249	248	exact_aligned	high	A89 flanking residues align directly to adjacent EV-A71 2C residues	236:YFDLDI|QVKKEY:247	243:FMDCDI|EVTDSY:254	248	249	248-249	insertional_handle_SGRPGSLS	8	-5.843756	0.017412	-5.843756	direct_insert_strongly_deleterious	-4.491123	-4.857117	-4.979220	-5.208323;-4.872581	1AAdel_left_residue	-4.491123	deletion_context_strongly_deleterious	-2.541494	Bakhache_2024_NatMicrobiol_Dryad_10.5061_dryad.866t1g1xm_QVEU_eva71_dimple_c99331a6	direct_experiment_unfavorable	direct_experiment_unfavorable
242|243	242	243	CORE_CAUTION	A89_SF3_helicase_domain_by_PROSITE	False	0.0	0.1739354282617569	0.1292656171367543	0.0	9.860670956693475	41.36957427936418	92.37000274658205	False	0.065789	0.987013	1.819364	0.100001	0.0	0.0	0.850482	2.120773	0.540257	0.065789	0.0	0.0	0	0.0	0	0.86413	2.127033	0.54321	0.070652	0.0	0.0	0	0.0	0	0	0.0	0.854831	2.146597	0.540209	0.065502	0.0	0.0	0	none	0	none	0	none	none	max(insertion_type_count,local_deletion_type_count)	background	4	AF_coil;hexamer_coil_fraction_ge_0.8;AF_rSASA_ge_0.25;hexamer_rSASA_ge_0.25	False		variable	supports	unresolved_exact_subset_too_small	False	unchanged_or_unresolved	242|243	242	Q	243	V	249|250	249	exact_aligned	high	A89 flanking residues align directly to adjacent EV-A71 2C residues	237:FDLDIQ|VKKEYL:248	244:MDCDIE|VTDSYK:255	249	250	249-250	insertional_handle_SGRPGSLS	8	-6.045515	0.015140	-6.045515	direct_insert_strongly_deleterious	-4.857117	-4.907761	-5.233595	-4.872581;-5.237154	1AAdel_left_residue	-4.857117	deletion_context_strongly_deleterious	-2.502452	Bakhache_2024_NatMicrobiol_Dryad_10.5061_dryad.866t1g1xm_QVEU_eva71_dimple_c99331a6	direct_experiment_unfavorable	direct_experiment_unfavorable
243|244	243	244	CORE_CAUTION	A89_SF3_helicase_domain_by_PROSITE	False	0.0	0.1739354282617569	0.1292656171367543	0.0	9.860670956693475	41.36957427936418	91.9800033569336	False	0.987013	0.220779	0.100001	2.120773	0.0	0.0	1.019012	2.985528	0.529434	0.051948	0.0	0.0	0	0.0	0	1.024343	2.955724	0.53201	0.05914	0.0	0.0	0	0.0	0	0	0.0	1.023859	2.991497	0.529386	0.051948	0.0	0.0	0	none	0	none	0	none	none	max(insertion_type_count,local_deletion_type_count)	background	4	AF_coil;hexamer_coil_fraction_ge_0.8;AF_rSASA_ge_0.25;hexamer_rSASA_ge_0.25	False		variable	supports	unresolved_exact_subset_too_small	False	unchanged_or_unresolved	243|244	243	V	244	K	250|251	250	exact_aligned	high	A89 flanking residues align directly to adjacent EV-A71 2C residues	238:DLDIQV|KKEYLL:249	245:DCDIEV|TDSYKT:256	250	251	250-251	insertional_handle_SGRPGSLS	8	-5.843756	0.017412	-5.843756	direct_insert_strongly_deleterious	-4.907761	-4.932152	-5.092138	-5.237154;-5.182395	1AAdel_left_residue	-4.907761	deletion_context_strongly_deleterious	-2.497636	Bakhache_2024_NatMicrobiol_Dryad_10.5061_dryad.866t1g1xm_QVEU_eva71_dimple_c99331a6	direct_experiment_unfavorable	direct_experiment_unfavorable
244|245	244	245	CORE_CAUTION	A89_SF3_helicase_domain_by_PROSITE	False	0.0	0.2948520183563232	0.3413402589700989	0.0	10.99343020582886	46.08287998161677	91.33000183105467	False	0.220779	0.065789	2.120773	1.424981	0.0	0.0	1.098679	2.985528	0.45043	0.051948	0.0	0.0	0	0.0	0	1.105392	2.955724	0.454053	0.05914	0.0	0.0	0	0.0	0	0	0.0	1.103526	2.991497	0.450382	0.051948	0.0	0.0	0	none	0	none	0	none	none	max(insertion_type_count,local_deletion_type_count)	structural near-miss	2	AF_coil;hexamer_coil_fraction_ge_0.8	False		variable	supports	unresolved_exact_subset_too_small	False	outside_strict_review_only; near-miss plus V2 evolutionary support	244|245	244	K	245	K	251|252	251	exact_aligned	high	A89 flanking residues align directly to adjacent EV-A71 2C residues	239:LDIQVK|KEYLLD:250	246:CDIEVT|DSYKTE:257	251	252	251-252	insertional_handle_SGRPGSLS	8	-5.898138	0.016768	-5.898138	direct_insert_strongly_deleterious	-4.932152	-5.032924	-5.370019	-5.182395;-4.965331	1AAdel_left_residue	-4.932152	deletion_context_strongly_deleterious	-2.670814	Bakhache_2024_NatMicrobiol_Dryad_10.5061_dryad.866t1g1xm_QVEU_eva71_dimple_c99331a6	direct_experiment_unfavorable	direct_experiment_unfavorable
245|246	245	246	CORE_CAUTION	A89_SF3_helicase_domain_by_PROSITE	False	0.0	0.5973514318466187	0.5631054648725797	0.0	10.99343020582886	47.87554035010754	91.1500015258789	False	0.065789	0.065789	1.424981	2.115316	0.0	0.0	1.107013	2.985528	0.449348	0.051948	0.0	0.0	0	0.0	0	1.112537	2.955724	0.453157	0.05914	0.0	0.0	0	0.0	0	0	0.0	1.11186	2.991497	0.4493	0.051948	0.0	0.0	0	none	0	none	0	none	none	max(insertion_type_count,local_deletion_type_count)	structural near-miss	2	AF_coil;hexamer_coil_fraction_ge_0.8	False		variable	supports	unresolved_exact_subset_too_small	True	outside_strict_review_only; near-miss plus V2 evolutionary support	245|246	245	K	246	E	252|253	252	exact_aligned	high	A89 flanking residues align directly to adjacent EV-A71 2C residues	240:DIQVKK|EYLLDG:251	247:DIEVTD|SYKTEL:258	252	253	252-253	insertional_handle_SGRPGSLS	8	-5.769187	0.018336	-5.769187	direct_insert_strongly_deleterious	-5.032924	-5.136322	-4.825452	-4.965331;-5.092138	2AAdel_spanning_junction	-4.825452	deletion_context_strongly_deleterious	-2.760900	Bakhache_2024_NatMicrobiol_Dryad_10.5061_dryad.866t1g1xm_QVEU_eva71_dimple_c99331a6	experimental_conflict	experimental_conflict
246|247	246	247	CORE_CAUTION	A89_SF3_helicase_domain_by_PROSITE	False	0.0	0.0948581770062446	0.0856715747460968	0.0	7.855914693374679	44.747298249746585	90.7300033569336	False	0.065789	0.857143	2.115316	0.591673	0.0	0.0	1.117082	2.985528	0.447183	0.051948	0.0	0.0	0	0.0	0	1.123345	2.955724	0.450916	0.05914	0.0	0.0	0	0.0	0	0	0.0	1.121929	2.991497	0.447135	0.051948	0.0	0.0	0	none	0	none	0	none	none	max(insertion_type_count,local_deletion_type_count)	background	4	AF_coil;hexamer_coil_fraction_ge_0.8;AF_rSASA_ge_0.25;hexamer_rSASA_ge_0.25	False		variable	supports	unresolved_exact_subset_too_small	False	unchanged_or_unresolved	246|247	246	E	247	Y	253|254	253	exact_aligned	high	A89 flanking residues align directly to adjacent EV-A71 2C residues	241:IQVKKE|YLLDGK:252	248:IEVTDS|YKTELG:259	253	254	253-254	insertional_handle_SGRPGSLS	8	-5.764877	0.018391	-5.764877	direct_insert_strongly_deleterious	-5.136322	-4.857117	-4.803771	-5.092138;-4.675315	3AAdel_spanning_option_2	-4.675315	deletion_context_strongly_deleterious	-2.805495	Bakhache_2024_NatMicrobiol_Dryad_10.5061_dryad.866t1g1xm_QVEU_eva71_dimple_c99331a6	direct_experiment_unfavorable	direct_experiment_unfavorable
247|248	247	248	CORE_CAUTION	A89_SF3_helicase_domain_by_PROSITE	False	0.0	0.0948581770062446	0.0856715747460968	0.0	6.479054155671409	42.99541884092301	90.5500030517578	False	0.857143	0.077922	0.591673	0.796726	0.0	0.0	1.117082	2.985528	0.447183	0.051948	0.0	0.0	0	0.0	0	1.126126	2.955724	0.450468	0.05914	0.0	0.0	0	0.0	0	0	0.0	1.121929	2.991497	0.447135	0.051948	0.0	0.0	0	none	0	none	0	none	none	max(insertion_type_count,local_deletion_type_count)	background	4	AF_coil;hexamer_coil_fraction_ge_0.8;AF_rSASA_ge_0.25;hexamer_rSASA_ge_0.25	False		variable	supports	unresolved_exact_subset_too_small	False	unchanged_or_unresolved	247|248	247	Y	248	L	254|255	254	exact_aligned	high	A89 flanking residues align directly to adjacent EV-A71 2C residues	242:QVKKEY|LLDGKL:253	249:EVTDSY|KTELGR:260	254	255	254-255	insertional_handle_SGRPGSLS	8	-5.645743	0.019974	-5.645743	direct_insert_strongly_deleterious	-4.857117	-5.151917	-4.979220	-4.675315;-4.997444	3AAdel_spanning_option_1	-4.675315	deletion_context_strongly_deleterious	-2.817406	Bakhache_2024_NatMicrobiol_Dryad_10.5061_dryad.866t1g1xm_QVEU_eva71_dimple_c99331a6	direct_experiment_unfavorable	direct_experiment_unfavorable
248|249	248	249	CORE_CAUTION	A89_SF3_helicase_domain_by_PROSITE	False	0.0	0.368442177772522	0.29565283868641	0.2367455152955054	2.7159268599018893	42.10064530286291	88.72000122070312	False	0.077922	0.051948	0.796726	2.985528	0.0	0.0	1.052118	2.985528	0.464727	0.051948	0.0	0.0	70	0.909091	1:70	1.060066	2.955724	0.470849	0.05914	0.0	0.0	168	0.903226	1:168	0	0.0	1.056316	2.991497	0.465337	0.051948	0.0	0.0	70	A1;A10;A100;A101;A102;A103;A104;A105;A11;A12;A13;A15;A16;A18;A19;A1B;A2;A20;A21;A22;A23;A24;A25;A28;A29;A30;A31;A32;A33;A34;A38;A39;A40;A41;A43;A46;A47;A49;A50;A51;A53;A54;A55;A56;A57;A59;A60;A61;A62;A63;A64;A65;A66;A67;A68;A71;A73;A74;A75;A76;A77;A78;A80;A81;A82;A85;A9;A90;A94;A96	70	A1;A10;A100;A101;A102;A103;A104;A105;A11;A12;A13;A15;A16;A18;A19;A1B;A2;A20;A21;A22;A23;A24;A25;A28;A29;A30;A31;A32;A33;A34;A38;A39;A40;A41;A43;A46;A47;A49;A50;A51;A53;A54;A55;A56;A57;A59;A60;A61;A62;A63;A64;A65;A66;A67;A68;A71;A73;A74;A75;A76;A77;A78;A80;A81;A82;A85;A9;A90;A94;A96	0	none	broader_lineage_supported	max(insertion_type_count,local_deletion_type_count)	literature-rescue	4	AF_coil;hexamer_coil_fraction_ge_0.8;burial_lt_0.10;interprotomer_distance_gt_4.5A	True	Li/Baltimore PV insertion after 2C residue 255; A89 mapped literature-rescue track	lineage_indel_supported	supports	unresolved_exact_subset_too_small	True	literature-rescue retained; V2 conservation lineage_indel_supported; not promoted	248|249	248	L	249	L	255|256	255	exact_aligned	high	A89 flanking residues align directly to adjacent EV-A71 2C residues	243:VKKEYL|LDGKLD:254	250:VTDSYK|TELGRL:261	255	256	255-256	insertional_handle_SGRPGSLS	8	-5.693258	0.019327	-5.693258	direct_insert_strongly_deleterious	-5.151917	-0.288053	-5.050203	-4.997444;-5.159624	1AAdel_right_residue	-0.288053	deletion_context_partly_deleterious	-2.114803	Bakhache_2024_NatMicrobiol_Dryad_10.5061_dryad.866t1g1xm_QVEU_eva71_dimple_c99331a6	experimental_conflict	experimental_conflict
249|250	249	250	CORE_CAUTION	A89_SF3_helicase_domain_by_PROSITE	False	0.0	0.5149526000022888	0.4660567098589085	0.2367455152955054	2.7159268599018893	40.50649983253049	88.72000122070312	False	0.051948	0.051948	2.985528	0.956007	0.0	0.0	1.132227	2.985528	0.387887	0.051948	0.0	0.0	0	0.0	0	1.1403	2.955724	0.394684	0.05914	0.0	0.0	0	0.0	0	0	0.0	1.136425	2.991497	0.388497	0.051948	0.0	0.0	0	none	0	none	0	none	none	max(insertion_type_count,local_deletion_type_count)	background	4	AF_coil;hexamer_coil_fraction_ge_0.8;burial_lt_0.10;interprotomer_distance_gt_4.5A	False		variable	supports	unresolved_exact_subset_too_small	False	unchanged_or_unresolved	249|250	249	L	250	D	256|257	256	exact_aligned	high	A89 flanking residues align directly to adjacent EV-A71 2C residues	244:KKEYLL|DGKLDI:255	251:TDSYKT|ELGRLD:262	256	257	256-257	insertional_handle_SGRPGSLS	8	-5.693258	0.019327	-5.693258	direct_insert_strongly_deleterious	-0.288053	-0.596669	-5.275486	-5.159624;-4.872581	1AAdel_left_residue	-0.288053	deletion_context_partly_deleterious	-1.603539	Bakhache_2024_NatMicrobiol_Dryad_10.5061_dryad.866t1g1xm_QVEU_eva71_dimple_c99331a6	direct_experiment_unfavorable	direct_experiment_unfavorable
250|251	250	251	CORE_CAUTION	A89_SF3_helicase_domain_by_PROSITE	True	1.0	0.5505656599998474	0.5990533339671599	0.2355446974060905	2.853570583660673	39.77898646023905	87.87999725341797	False	0.051948	0.987013	0.956007	0.100001	0.0	0.0	1.150206	2.985528	0.38464	0.051948	0.0	0.0	0	0.0	0	1.154204	2.955724	0.39334	0.05914	0.0	0.0	0	0.0	0	0	0.0	1.155238	2.991497	0.385251	0.051948	0.0	0.0	0	none	0	none	0	none	none	max(insertion_type_count,local_deletion_type_count)	structural near-miss	2	burial_lt_0.10;interprotomer_distance_gt_4.5A	False		variable	supports	unresolved_exact_subset_too_small	True	outside_strict_review_only; near-miss plus V2 evolutionary support	250|251	250	D	251	G	257|258;258|259	257-258	ambiguous	low	A89 junction spans multiple EV-A71 residues/junctions in the sequence alignment	245:KEYLLD|GKLDIA:256		257	259	257-259	insertional_handle_SGRPGSLS	8	-5.711649	0.019082	-5.924259;-5.711649	direct_insert_strongly_deleterious							no_direct_deletion_context		Bakhache_2024_NatMicrobiol_Dryad_10.5061_dryad.866t1g1xm_QVEU_eva71_dimple_c99331a6	mapping_uncertain	mapping_uncertain
251|252	251	252	CORE_CAUTION	A89_SF3_helicase_domain_by_PROSITE	False	0.0	0.502077043056488	0.0390248379464876	0.9422316787645764	2.7417936432646832	34.483747878293705	87.87999725341797	False	0.987013	0.948052	0.100001	0.294615	0.0	0.0	1.175317	2.985528	0.405132	0.051948	0.0	0.0	0	0.0	0	1.177487	2.955724	0.414777	0.05914	0.0	0.0	0	0.0	0	0	0.0	1.180116	2.991497	0.405766	0.051948	0.0	0.0	0	none	0	none	0	none	none	max(insertion_type_count,local_deletion_type_count)	background	5	AF_coil;hexamer_coil_fraction_ge_0.8;hexamer_rSASA_ge_0.25;burial_lt_0.10;interprotomer_distance_gt_4.5A	False		variable	supports	unresolved_exact_subset_too_small	False	unchanged_or_unresolved	251|252	251	G	252	K	259|260	259	exact_aligned	high	A89 flanking residues align directly to adjacent EV-A71 2C residues	246:EYLLDG|KLDIAK:257	254:YKTELG|RLDAGR:265	259	260	259-260	insertional_handle_SGRPGSLS	8	-5.665021	0.019709	-5.665021	direct_insert_strongly_deleterious	-5.104383	-4.764660	-5.251263	-5.083891;-5.222842	1AAdel_right_residue	-4.764660	deletion_context_strongly_deleterious	-1.640459	Bakhache_2024_NatMicrobiol_Dryad_10.5061_dryad.866t1g1xm_QVEU_eva71_dimple_c99331a6	direct_experiment_unfavorable	direct_experiment_unfavorable
252|253	252	253	CORE_CAUTION	A89_SF3_helicase_domain_by_PROSITE	False	0.0	0.0826954469084739	0.0105189168532294	0.962500001335106	2.7417936432646832	34.483747878293705	90.08000183105467	False	0.948052	0.987013	0.294615	0.100001	0.0	0.0	1.060478	2.985528	0.416966	0.051948	0.0	0.0	0	0.0	0	1.06524	2.955724	0.428155	0.05914	0.0	0.0	0	0.0	0	0	0.0	1.062669	2.991497	0.417624	0.051948	0.0	0.0	0	none	0	none	0	none	none	max(insertion_type_count,local_deletion_type_count)	background	6	AF_coil;hexamer_coil_fraction_ge_0.8;AF_rSASA_ge_0.25;hexamer_rSASA_ge_0.25;burial_lt_0.10;interprotomer_distance_gt_4.5A	False		variable	supports	unresolved_exact_subset_too_small	False	unchanged_or_unresolved	252|253	252	K	253	L	260|261	260	exact_aligned	high	A89 flanking residues align directly to adjacent EV-A71 2C residues	247:YLLDGK|LDIAKS:258	255:KTELGR|LDAGRA:266	260	261	260-261	insertional_handle_SGRPGSLS	8	-5.683934	0.019452	-5.683934	direct_insert_strongly_deleterious	-4.764660	-4.846673	-4.836119	-5.222842;-5.151917	1AAdel_left_residue	-4.764660	deletion_context_strongly_deleterious	-2.180869	Bakhache_2024_NatMicrobiol_Dryad_10.5061_dryad.866t1g1xm_QVEU_eva71_dimple_c99331a6	direct_experiment_unfavorable	direct_experiment_unfavorable
253|254	253	254	CORE_CAUTION	A89_SF3_helicase_domain_by_PROSITE	False	0.0	0.0826954469084739	0.0105189168532294	0.962500001335106	4.127876562530704	39.79650117665712	90.08000183105467	False	0.987013	0.276316	0.100001	1.03979	0.0	0.0	1.072608	2.985528	0.411554	0.051948	0.0	0.0	0	0.0	0	1.071487	2.955724	0.425466	0.05914	0.0	0.0	0	0.0	0	0	0.0	1.0748	2.991497	0.412212	0.051948	0.0	0.0	0	none	0	none	0	none	none	max(insertion_type_count,local_deletion_type_count)	background	6	AF_coil;hexamer_coil_fraction_ge_0.8;AF_rSASA_ge_0.25;hexamer_rSASA_ge_0.25;burial_lt_0.10;interprotomer_distance_gt_4.5A	False		variable	supports	unresolved_exact_subset_too_small	False	unchanged_or_unresolved	253|254	253	L	254	D	261|262	261	exact_aligned	high	A89 flanking residues align directly to adjacent EV-A71 2C residues	248:LLDGKL|DIAKSF:259	256:TELGRL|DAGRAA:267	261	262	261-262	insertional_handle_SGRPGSLS	8	-5.660236	0.019774	-5.660236	direct_insert_strongly_deleterious	-4.846673	-4.877683	-5.272061	-5.151917;-5.258244	1AAdel_left_residue	-4.846673	deletion_context_strongly_deleterious	-2.844489	Bakhache_2024_NatMicrobiol_Dryad_10.5061_dryad.866t1g1xm_QVEU_eva71_dimple_c99331a6	direct_experiment_unfavorable	direct_experiment_unfavorable
254|255	254	255	HIGH_RISK	ATPase-to-Zn/Cys-rich_transition	False	0.0	0.1771235913038253	0.0953993500823184	0.7308780458116262	3.0640049338189157	38.41798464479206	91.9499969482422	False	0.276316	0.064935	1.03979	1.061312	0.0	0.0	1.127908	2.985528	0.426706	0.051948	0.0	0.0	0	0.0	0	1.125915	2.955724	0.440699	0.05914	0.0	0.0	0	0.0	0	0	0.0	1.129193	2.991497	0.426173	0.051948	0.0	0.0	0	none	0	none	0	none	none	max(insertion_type_count,local_deletion_type_count)	background	6	AF_coil;hexamer_coil_fraction_ge_0.8;AF_rSASA_ge_0.25;hexamer_rSASA_ge_0.25;burial_lt_0.10;interprotomer_distance_gt_4.5A	False		variable	supports	unresolved_exact_subset_too_small	False	unchanged_or_unresolved	254|255	254	D	255	I	262|263	262	exact_aligned	high	A89 flanking residues align directly to adjacent EV-A71 2C residues	249:LDGKLD|IAKSFR:260	257:ELGRLD|AGRAAR:268	262	263	262-263	insertional_handle_SGRPGSLS	8	-5.901912	0.016724	-5.901912	direct_insert_strongly_deleterious	-4.877683	-5.054477	-5.050203	-5.258244;-5.282300	1AAdel_left_residue	-4.877683	deletion_context_strongly_deleterious	-2.524657	Bakhache_2024_NatMicrobiol_Dryad_10.5061_dryad.866t1g1xm_QVEU_eva71_dimple_c99331a6	direct_experiment_unfavorable	direct_experiment_unfavorable
255|256	255	256	HIGH_RISK	ATPase-to-Zn/Cys-rich_transition	False	0.0	0.4534195959568023	0.1454490445390368	0.7308780458116262	3.0640049338189157	38.41798464479206	91.38999938964844	False	0.064935	0.181818	1.061312	2.336522	0.0	0.0	0.916236	2.336522	0.499217	0.051948	0.0	0.0	0	0.0	0	0.913672	2.271761	0.51328	0.064516	0.0	0.0	0	0.0	0	0	0.0	0.917024	2.346533	0.498684	0.051948	0.0	0.0	0	none	0	none	0	none	none	max(insertion_type_count,local_deletion_type_count)	background	5	AF_coil;hexamer_coil_fraction_ge_0.8;hexamer_rSASA_ge_0.25;burial_lt_0.10;interprotomer_distance_gt_4.5A	False		variable	supports	unresolved_exact_subset_too_small	False	unchanged_or_unresolved	255|256	255	I	256	A	263|264	263	exact_aligned	high	A89 flanking residues align directly to adjacent EV-A71 2C residues	250:DGKLDI|AKSFRP:261	258:LGRLDA|GRAARL:269	263	264	263-264	insertional_handle_SGRPGSLS	8	-5.585575	0.020824	-5.585575	direct_insert_strongly_deleterious	-5.054477	-5.204660	-5.282300	-5.282300;-5.186141	1AAdel_left_residue	-5.054477	deletion_context_strongly_deleterious	-1.118386	Bakhache_2024_NatMicrobiol_Dryad_10.5061_dryad.866t1g1xm_QVEU_eva71_dimple_c99331a6	direct_experiment_unfavorable	direct_experiment_unfavorable
256|257	256	257	HIGH_RISK	ATPase-to-Zn/Cys-rich_transition	False	0.0	0.3409981429576874	0.285983482380554	0.611650765508655	3.151837512121498	42.93484163230429	91.04000091552734	False	0.181818	0.311688	2.336522	1.726316	0.0	0.0	0.836568	2.336522	0.578221	0.064935	0.0	0.0	0	0.0	0	0.832623	2.271761	0.591237	0.075269	0.0	0.0	0	0.0	0	0	0.0	0.837357	2.346533	0.577689	0.064935	0.0	0.0	0	none	0	none	0	none	none	max(insertion_type_count,local_deletion_type_count)	literature-rescue	4	AF_coil;hexamer_coil_fraction_ge_0.8;burial_lt_0.10;interprotomer_distance_gt_4.5A	True	Li/Baltimore PV insertion after 2C residue 263; A89 mapped literature-rescue track	variable	supports	unresolved_exact_subset_too_small	True	literature-rescue retained; V2 conservation variable; not promoted	256|257	256	A	257	K	264|265	264	exact_aligned	high	A89 flanking residues align directly to adjacent EV-A71 2C residues	251:GKLDIA|KSFRPC:262	259:GRLDAG|RAARLC:270	264	265	264-265	insertional_handle_SGRPGSLS	8	-5.527047	0.021687	-5.527047	direct_insert_strongly_deleterious	-5.204660	-5.067189	-5.112464	-5.186141;-5.208323	1AAdel_right_residue	-5.067189	deletion_context_strongly_deleterious	-1.344341	Bakhache_2024_NatMicrobiol_Dryad_10.5061_dryad.866t1g1xm_QVEU_eva71_dimple_c99331a6	experimental_conflict	experimental_conflict
257|258	257	258	HIGH_RISK	ATPase-to-Zn/Cys-rich_transition;near_Zn-coordination_sites	False	0.0	0.0	0.0	0.0	4.906171216591307	43.88484601547438	91.04000091552734	False	0.311688	0.207792	1.726316	0.737241	0.0	0.0	0.914955	2.336522	0.560905	0.064935	0.0	0.0	0	0.0	0	0.910038	2.271761	0.57466	0.075269	0.0	0.0	0	0.0	0	0	0.0	0.914682	2.346533	0.560733	0.064935	0.0	0.0	0	none	0	none	0	none	none	max(insertion_type_count,local_deletion_type_count)	background	4	AF_coil;hexamer_coil_fraction_ge_0.8;AF_rSASA_ge_0.25;hexamer_rSASA_ge_0.25	False		variable	supports	unresolved_exact_subset_too_small	False	unchanged_or_unresolved	257|258	257	K	258	S	265|266	265	exact_aligned	high	A89 flanking residues align directly to adjacent EV-A71 2C residues	252:KLDIAK|SFRPCD:263	260:RLDAGR|AARLCS:271	265	266	265-266	insertional_handle_SGRPGSLS	8	-5.782008	0.018174	-5.782008	direct_insert_strongly_deleterious	-5.067189	-5.019766	-4.969982	-5.208323;-5.041601	2AAdel_spanning_junction	-4.969982	deletion_context_strongly_deleterious	-2.580599	Bakhache_2024_NatMicrobiol_Dryad_10.5061_dryad.866t1g1xm_QVEU_eva71_dimple_c99331a6	direct_experiment_unfavorable	direct_experiment_unfavorable
258|259	258	259	HIGH_RISK	ATPase-to-Zn/Cys-rich_transition;near_Zn-coordination_sites	False	0.0	0.0	0.0	0.7195847573620001	2.759802478421405	39.7959039248315	90.51000213623048	False	0.207792	0.792208	0.737241	0.737241	0.0	0.0	0.976571	2.336522	0.548307	0.064935	0.014069	0.168831	0	0.0	0	0.973848	2.271761	0.561921	0.075269	0.012097	0.145161	0	0.0	0	27	0.145161	0.977371	2.346533	0.547701	0.064935	0.014069	0.168831	0	none	0	none	13	A101;A102;A103;A12;A20;A28;A46;A51;A53;A65;A68;A71;A80	broader_lineage_supported	max(insertion_type_count,local_deletion_type_count)	background	6	AF_coil;hexamer_coil_fraction_ge_0.8;AF_rSASA_ge_0.25;hexamer_rSASA_ge_0.25;burial_lt_0.10;interprotomer_distance_gt_4.5A	False		lineage_indel_supported	supports	unresolved_exact_subset_too_small	False	unchanged_or_unresolved	258|259	258	S	259	F	266|267	266	exact_aligned	high	A89 flanking residues align directly to adjacent EV-A71 2C residues	253:LDIAKS|FRPCDV:264	261:LDAGRA|ARLCSE:272	266	267	266-267	insertional_handle_SGRPGSLS	8	-5.905671	0.016681	-5.905671	direct_insert_strongly_deleterious	-5.019766	-4.927321	-5.112464	-5.041601;-5.058732	1AAdel_right_residue	-4.927321	deletion_context_strongly_deleterious	-2.450651	Bakhache_2024_NatMicrobiol_Dryad_10.5061_dryad.866t1g1xm_QVEU_eva71_dimple_c99331a6	direct_experiment_unfavorable	direct_experiment_unfavorable
259|260	259	260	HIGH_RISK	ATPase-to-Zn/Cys-rich_transition;near_Zn-coordination_sites	True	0.8333333333333334	0.292163074016571	0.0999449133872985	0.7195847573620001	2.759802478421405	39.7959039248315	90.13999938964844	False	0.792208	0.25974	0.737241	1.460316	0.0	0.0	1.121582	2.336522	0.490179	0.064935	0.014069	0.168831	0	0.0	0	1.10926	2.271761	0.5062	0.075269	0.012097	0.145161	0	0.0	0	27	0.145161	1.120348	2.346533	0.489573	0.064935	0.014069	0.168831	0	none	0	none	13	A101;A102;A103;A12;A20;A28;A46;A51;A53;A65;A68;A71;A80	broader_lineage_supported	max(insertion_type_count,local_deletion_type_count)	background	3	hexamer_rSASA_ge_0.25;burial_lt_0.10;interprotomer_distance_gt_4.5A	False		lineage_indel_supported	supports	unresolved_exact_subset_too_small	False	unchanged_or_unresolved	259|260	259	F	260	R	267|268	267	exact_aligned	high	A89 flanking residues align directly to adjacent EV-A71 2C residues	254:DIAKSF|RPCDVN:265	262:DAGRAA|RLCSEN:273	267	268	267-268	insertional_handle_SGRPGSLS	8	-5.711649	0.019082	-5.711649	direct_insert_strongly_deleterious	-4.927321	-5.088023	-5.211972	-5.058732;-5.104383	1AAdel_left_residue	-4.927321	deletion_context_strongly_deleterious	-2.442635	Bakhache_2024_NatMicrobiol_Dryad_10.5061_dryad.866t1g1xm_QVEU_eva71_dimple_c99331a6	direct_experiment_unfavorable	direct_experiment_unfavorable
260|261	260	261	HIGH_RISK	ATPase-to-Zn/Cys-rich_transition;near_Zn-coordination_sites	True	1.0	0.5688794851303101	0.034878467613796	0.9730535620556569	2.950032393214684	46.380479963032	86.75	False	0.25974	0.922078	1.460316	0.445466	0.0	0.0	1.248822	2.566676	0.472564	0.064935	0.014069	0.168831	0	0.0	0	1.231333	2.560956	0.484407	0.05914	0.012097	0.145161	0	0.0	0	27	0.145161	1.246278	2.561274	0.470651	0.057143	0.014069	0.168831	0	none	0	none	13	A101;A102;A103;A12;A20;A28;A46;A51;A53;A65;A68;A71;A80	broader_lineage_supported	max(insertion_type_count,local_deletion_type_count)	background	3	hexamer_rSASA_ge_0.25;burial_lt_0.10;interprotomer_distance_gt_4.5A	False		lineage_indel_supported	supports	unresolved_exact_subset_too_small	False	unchanged_or_unresolved	260|261	260	R	261	P	268|269	268	exact_aligned	high	A89 flanking residues align directly to adjacent EV-A71 2C residues	255:IAKSFR|PCDVNI:266	263:AGRAAR|LCSENN:274	268	269	268-269	insertional_handle_SGRPGSLS	8	-5.946118	0.016220	-5.946118	direct_insert_strongly_deleterious	-5.088023	-4.941745	-5.024171	-5.104383;-5.247754	1AAdel_right_residue	-4.941745	deletion_context_strongly_deleterious	-2.307322	Bakhache_2024_NatMicrobiol_Dryad_10.5061_dryad.866t1g1xm_QVEU_eva71_dimple_c99331a6	direct_experiment_unfavorable	direct_experiment_unfavorable
261|262	261	262	EXCLUDE	A89_Zn-binding_C262_by_similarity	True	1.0	0.1651455909013748	0.034878467613796	0.9730535620556569	2.950032393214684	47.128441333998445	81.86000061035156	False	0.922078	1.0	0.445466	0.0	0.0	0.0	1.174861	2.566676	0.548321	0.064935	0.014069	0.168831	0	0.0	0	1.156438	2.560956	0.559676	0.05914	0.012097	0.145161	0	0.0	0	27	0.145161	1.172317	2.561274	0.546408	0.057143	0.014069	0.168831	0	none	0	none	13	A101;A102;A103;A12;A20;A28;A46;A51;A53;A65;A68;A71;A80	broader_lineage_supported	max(insertion_type_count,local_deletion_type_count)	background	4	AF_rSASA_ge_0.25;hexamer_rSASA_ge_0.25;burial_lt_0.10;interprotomer_distance_gt_4.5A	False		lineage_indel_supported	weakens	unresolved_exact_subset_too_small	False	decreased_or_excluded; hard functional feature dominates	261|262	261	P	262	C	269|270	269	exact_aligned	high	A89 flanking residues align directly to adjacent EV-A71 2C residues	256:AKSFRP|CDVNIK:267	264:GRAARL|CSENNT:275	269	270	269-270	insertional_handle_SGRPGSLS	8	-5.798851	0.017963	-5.798851	direct_insert_strongly_deleterious	-4.941745	-4.820076	-5.092138	-5.247754;-4.630722	3AAdel_spanning_option_2	-4.630722	deletion_context_strongly_deleterious	-2.598131	Bakhache_2024_NatMicrobiol_Dryad_10.5061_dryad.866t1g1xm_QVEU_eva71_dimple_c99331a6	direct_experiment_unfavorable	direct_experiment_unfavorable
262|263	262	263	EXCLUDE	A89_Zn-binding_C262_by_similarity	True	1.0	0.1651455909013748	0.0573155875215511	0.6167159819696331	2.92821906364868	50.50111960917528	81.5	False	1.0	0.779221	0.0	1.040638	0.0	0.0	1.029457	2.566676	0.604598	0.064935	0.014069	0.168831	0	0.0	0	1.010825	2.560956	0.617023	0.05914	0.012097	0.145161	0	0.0	0	27	0.145161	1.026079	2.561274	0.602685	0.057143	0.014069	0.168831	0	none	0	none	13	A101;A102;A103;A12;A20;A28;A46;A51;A53;A65;A68;A71;A80	broader_lineage_supported	max(insertion_type_count,local_deletion_type_count)	background	4	AF_rSASA_ge_0.25;hexamer_rSASA_ge_0.25;burial_lt_0.10;interprotomer_distance_gt_4.5A	False		lineage_indel_supported	weakens	unresolved_exact_subset_too_small	False	decreased_or_excluded; hard functional feature dominates	262|263	262	C	263	D	270|271	270	exact_aligned	high	A89 flanking residues align directly to adjacent EV-A71 2C residues	257:KSFRPC|DVNIKI:268	265:RAARLC|SENNTA:276	270	271	270-271	insertional_handle_SGRPGSLS	8	-5.971030	0.015942	-5.971030	direct_insert_strongly_deleterious	-4.820076	-4.597606	-5.136322	-4.630722;-5.233595	1AAdel_right_residue	-4.597606	deletion_context_strongly_deleterious	-1.816462	Bakhache_2024_NatMicrobiol_Dryad_10.5061_dryad.866t1g1xm_QVEU_eva71_dimple_c99331a6	direct_experiment_unfavorable	direct_experiment_unfavorable
263|264	263	264	HIGH_RISK	ATPase-to-Zn/Cys-rich_transition;near_Zn-coordination_sites	True	1.0	0.4594427943229675	0.4935287753284205	0.2100521298587555	2.92821906364868	52.19378421415899	80.22000122070312	False	0.779221	0.796875	1.040638	1.034015	0.0	0.168831	0.885598	2.566676	0.661958	0.064935	0.014069	0.168831	0	0.0	0	0.865507	2.560956	0.672579	0.05914	0.012097	0.145161	0	0.0	0	27	0.145161	0.88222	2.561274	0.660045	0.057143	0.014069	0.168831	0	none	0	none	13	A101;A102;A103;A12;A20;A28;A46;A51;A53;A65;A68;A71;A80	broader_lineage_supported	max(insertion_type_count,local_deletion_type_count)	structural near-miss	2	burial_lt_0.10;interprotomer_distance_gt_4.5A	False		lineage_indel_supported	supports	unresolved_exact_subset_too_small	False	outside_strict_review_only; near-miss plus V2 evolutionary support	263|264	263	D	264	V	271|272	271	exact_aligned	high	A89 flanking residues align directly to adjacent EV-A71 2C residues	258:SFRPCD|VNIKIG:269	266:AARLCS|ENNTAN:277	271	272	271-272	insertional_handle_SGRPGSLS	8	-5.827659	0.017608	-5.827659	direct_insert_strongly_deleterious	-4.597606	-4.955963	-5.092138	-5.233595;-5.019766	1AAdel_left_residue	-4.597606	deletion_context_strongly_deleterious	-1.415121	Bakhache_2024_NatMicrobiol_Dryad_10.5061_dryad.866t1g1xm_QVEU_eva71_dimple_c99331a6	direct_experiment_unfavorable	direct_experiment_unfavorable
264|265	264	265	HIGH_RISK	ATPase-to-Zn/Cys-rich_transition;near_Zn-coordination_sites	True	1.0	0.4594427943229675	0.4935287753284205	0.2827777571838257	2.9319275922973653	50.507696668076846	77.37999725341797	False	0.796875	0.289474	1.034015	1.840124	0.168831	0.0	0.832494	2.566676	0.726893	0.064935	0.014069	0.168831	0	0.0	0	0.807646	2.560956	0.735751	0.05914	0.012097	0.145161	0	0.0	0	27	0.145161	0.829116	2.561274	0.72498	0.057143	0.014069	0.168831	0	none	0	none	13	A101;A102;A103;A12;A20;A28;A46;A51;A53;A65;A68;A71;A80	broader_lineage_supported	max(insertion_type_count,local_deletion_type_count)	structural near-miss	2	burial_lt_0.10;interprotomer_distance_gt_4.5A	False		lineage_indel_supported	supports	unresolved_exact_subset_too_small	False	outside_strict_review_only; near-miss plus V2 evolutionary support	264|265	264	V	265	N	272|273	272	exact_aligned	high	A89 flanking residues align directly to adjacent EV-A71 2C residues	259:FRPCDV|NIKIGN:270	267:ARLCSE|NNTANF:278	272	273	272-273	insertional_handle_SGRPGSLS	8	-5.827659	0.017608	-5.827659	direct_insert_strongly_deleterious	-4.955963	-4.892835	-4.960658	-5.019766;-5.226439	1AAdel_right_residue	-4.892835	deletion_context_strongly_deleterious	-2.474963	Bakhache_2024_NatMicrobiol_Dryad_10.5061_dryad.866t1g1xm_QVEU_eva71_dimple_c99331a6	direct_experiment_unfavorable	direct_experiment_unfavorable
265|266	265	266	HIGH_RISK	ATPase-to-Zn/Cys-rich_transition;near_Zn-coordination_sites	True	1.0	0.4735076129436493	0.5123639631190678	0.2827777571838257	2.9319275922973653	48.78937619792664	77.37999725341797	False	0.289474	0.064935	1.840124	2.566676	0.0	0.0	0.771058	2.566676	0.744209	0.064935	0.014069	0.168831	0	0.0	0	0.750467	2.560956	0.750984	0.05914	0.012097	0.145161	0	0.0	0	27	0.145161	0.767679	2.561274	0.742296	0.057143	0.014069	0.168831	0	none	0	none	13	A101;A102;A103;A12;A20;A28;A46;A51;A53;A65;A68;A71;A80	broader_lineage_supported	max(insertion_type_count,local_deletion_type_count)	structural near-miss	2	burial_lt_0.10;interprotomer_distance_gt_4.5A	False		lineage_indel_supported	supports	unresolved_exact_subset_too_small	False	outside_strict_review_only; near-miss plus V2 evolutionary support	265|266	265	N	266	I	273|274	273	exact_aligned	high	A89 flanking residues align directly to adjacent EV-A71 2C residues	260:RPCDVN|IKIGNA:271	268:RLCSEN|NTANFK:279	273	274	273-274	insertional_handle_SGRPGSLS	8	-5.674522	0.019579	-5.674522	direct_insert_strongly_deleterious	-4.892835	-4.775992	-5.144150	-5.226439;-5.083891	1AAdel_right_residue	-4.775992	deletion_context_strongly_deleterious	-2.040728	Bakhache_2024_NatMicrobiol_Dryad_10.5061_dryad.866t1g1xm_QVEU_eva71_dimple_c99331a6	direct_experiment_unfavorable	direct_experiment_unfavorable
266|267	266	267	HIGH_RISK	ATPase-to-Zn/Cys-rich_transition;near_Zn-coordination_sites	False	0.0	0.4735076129436493	0.4601596896931276	0.319564982906023	3.5149498833164627	44.64835468194988	79.81999969482422	False	0.064935	0.974026	2.566676	0.173781	0.0	0.0	0.739506	2.566676	0.759844	0.064935	0.014069	0.168831	0	0.0	0	0.717267	2.560956	0.767532	0.05914	0.012097	0.145161	0	0.0	0	27	0.145161	0.73693	2.561274	0.758756	0.057143	0.014069	0.168831	0	none	0	none	13	A101;A102;A103;A12;A20;A28;A46;A51;A53;A65;A68;A71;A80	broader_lineage_supported	max(insertion_type_count,local_deletion_type_count)	background	4	AF_coil;hexamer_coil_fraction_ge_0.8;burial_lt_0.10;interprotomer_distance_gt_4.5A	False		lineage_indel_supported	supports	unresolved_exact_subset_too_small	False	unchanged_or_unresolved	266|267	266	I	267	K	274|275	274	exact_aligned	high	A89 flanking residues align directly to adjacent EV-A71 2C residues	261:PCDVNI|KIGNAK:272	269:LCSENN|TANFKR:280	274	275	274-275	insertional_handle_SGRPGSLS	8	-5.683934	0.019452	-5.683934	direct_insert_strongly_deleterious	-4.775992	-4.902810	-5.019766	-5.083891;-4.983807	1AAdel_left_residue	-4.775992	deletion_context_strongly_deleterious	-2.028628	Bakhache_2024_NatMicrobiol_Dryad_10.5061_dryad.866t1g1xm_QVEU_eva71_dimple_c99331a6	direct_experiment_unfavorable	direct_experiment_unfavorable
267|268	267	268	HIGH_RISK	ATPase-to-Zn/Cys-rich_transition;near_Zn-coordination_sites	False	0.0	0.1519752144813537	0.1437820073109996	0.319564982906023	3.5149498833164627	43.51342368266956	76.86000061035156	False	0.974026	0.857143	0.173781	0.591673	0.0	0.0	0.702384	2.566676	0.766338	0.064935	0.014069	0.168831	0	0.0	0	0.6832	2.560956	0.773356	0.05914	0.012097	0.145161	0	0.0	0	27	0.145161	0.699808	2.561274	0.76525	0.057143	0.014069	0.168831	0	none	0	none	13	A101;A102;A103;A12;A20;A28;A46;A51;A53;A65;A68;A71;A80	broader_lineage_supported	max(insertion_type_count,local_deletion_type_count)	background	6	AF_coil;hexamer_coil_fraction_ge_0.8;AF_rSASA_ge_0.25;hexamer_rSASA_ge_0.25;burial_lt_0.10;interprotomer_distance_gt_4.5A	False		lineage_indel_supported	supports	unresolved_exact_subset_too_small	False	unchanged_or_unresolved	267|268	267	K	268	I	275|276	275	exact_aligned	high	A89 flanking residues align directly to adjacent EV-A71 2C residues	262:CDVNIK|IGNAKC:273	270:CSENNT|ANFKRC:281	275	276	275-276	insertional_handle_SGRPGSLS	8	-5.729709	0.018845	-5.729709	direct_insert_strongly_deleterious	-4.902810	-4.758946	-5.167272	-4.983807;-5.100318	1AAdel_right_residue	-4.758946	deletion_context_strongly_deleterious	-2.444154	Bakhache_2024_NatMicrobiol_Dryad_10.5061_dryad.866t1g1xm_QVEU_eva71_dimple_c99331a6	direct_experiment_unfavorable	direct_experiment_unfavorable
268|269	268	269	HIGH_RISK	ATPase-to-Zn/Cys-rich_transition;near_Zn-coordination_sites	False	0.0	0.1519752144813537	0.1437820073109996	0.0100583638124423	5.03711443389194	42.51867522833923	76.12000274658203	False	0.857143	1.0	0.591673	0.0	0.0	0.0	0.702384	2.566676	0.766338	0.064935	0.014069	0.168831	0	0.0	0	0.6832	2.560956	0.773356	0.05914	0.012097	0.145161	0	0.0	0	27	0.145161	0.699808	2.561274	0.76525	0.057143	0.014069	0.168831	0	none	0	none	13	A101;A102;A103;A12;A20;A28;A46;A51;A53;A65;A68;A71;A80	broader_lineage_supported	max(insertion_type_count,local_deletion_type_count)	background	4	AF_coil;hexamer_coil_fraction_ge_0.8;AF_rSASA_ge_0.25;hexamer_rSASA_ge_0.25	False		lineage_indel_supported	supports	unresolved_exact_subset_too_small	False	unchanged_or_unresolved	268|269	268	I	269	G	276|277	276	exact_aligned	high	A89 flanking residues align directly to adjacent EV-A71 2C residues	263:DVNIKI|GNAKCC:274	271:SENNTA|NFKRCS:282	276	277	276-277	insertional_handle_SGRPGSLS	8	-5.913148	0.016595	-5.913148	direct_insert_strongly_deleterious	-4.758946	-4.882760	-4.988373	-5.100318;-4.955963	1AAdel_left_residue	-4.758946	deletion_context_strongly_deleterious	-2.318501	Bakhache_2024_NatMicrobiol_Dryad_10.5061_dryad.866t1g1xm_QVEU_eva71_dimple_c99331a6	direct_experiment_unfavorable	direct_experiment_unfavorable
269|270	269	270	HIGH_RISK	ATPase-to-Zn/Cys-rich_transition;near_Zn-coordination_sites	True	1.0	0.3184702098369598	0.1271599060449844	0.7751661465257196	3.0403231223266447	37.94790103880197	76.12000274658203	False	1.0	0.987013	0.0	0.100001	0.0	0.0	0.615664	2.566676	0.784736	0.064935	0.014069	0.168831	0	0.0	0	0.598639	2.560956	0.790829	0.05914	0.012097	0.145161	0	0.0	0	27	0.145161	0.614149	2.561274	0.783287	0.057143	0.014069	0.168831	0	none	0	none	13	A101;A102;A103;A12;A20;A28;A46;A51;A53;A65;A68;A71;A80	broader_lineage_supported	max(insertion_type_count,local_deletion_type_count)	background	3	hexamer_rSASA_ge_0.25;burial_lt_0.10;interprotomer_distance_gt_4.5A	False		lineage_indel_supported	supports	unresolved_exact_subset_too_small	False	unchanged_or_unresolved	269|270	269	G	270	N	277|278	277	exact_aligned	high	A89 flanking residues align directly to adjacent EV-A71 2C residues	264:VNIKIG|NAKCCP:275	272:ENNTAN|FKRCSP:283	277	278	277-278	insertional_handle_SGRPGSLS	8	-5.815414	0.017758	-5.815414	direct_insert_strongly_deleterious	-4.882760	-4.758946	-4.764660	-4.955963;-5.136322	1AAdel_right_residue	-4.758946	deletion_context_strongly_deleterious	-2.718684	Bakhache_2024_NatMicrobiol_Dryad_10.5061_dryad.866t1g1xm_QVEU_eva71_dimple_c99331a6	direct_experiment_unfavorable	direct_experiment_unfavorable
270|271	270	271	HIGH_RISK	ATPase-to-Zn/Cys-rich_transition;near_Zn-coordination_sites	False	0.0	0.15298892557621	0.1033776034372413	0.7751661465257196	3.0403231223266447	37.94790103880197	76.7300033569336	False	0.987013	1.0	0.100001	0.0	0.0	0.0	0.588781	2.566676	0.785429	0.064935	0.0	0.0	0	0.0	0	0.565705	2.560956	0.793712	0.05914	0.0	0.0	0	0.0	0	0	0.0	0.586194	2.561274	0.784415	0.057143	0.0	0.0	0	none	0	none	0	none	none	max(insertion_type_count,local_deletion_type_count)	background	6	AF_coil;hexamer_coil_fraction_ge_0.8;AF_rSASA_ge_0.25;hexamer_rSASA_ge_0.25;burial_lt_0.10;interprotomer_distance_gt_4.5A	False		intermediate	remains unresolved	unresolved_exact_subset_too_small	False	unchanged_or_unresolved	270|271	270	N	271	A	278|279	278	exact_aligned	high	A89 flanking residues align directly to adjacent EV-A71 2C residues	265:NIKIGN|AKCCPF:276	273:NNTANF|KRCSPL:284	278	279	278-279	insertional_handle_SGRPGSLS	8	-5.798851	0.017963	-5.798851	direct_insert_strongly_deleterious	-4.758946	-4.803771	-5.120480	-5.136322;-5.182395	1AAdel_left_residue	-4.758946	deletion_context_strongly_deleterious	-1.982363	Bakhache_2024_NatMicrobiol_Dryad_10.5061_dryad.866t1g1xm_QVEU_eva71_dimple_c99331a6	direct_experiment_unfavorable	direct_experiment_unfavorable
271|272	271	272	HIGH_RISK	ATPase-to-Zn/Cys-rich_transition;near_Zn-coordination_sites	False	0.0	0.15298892557621	0.1033776034372413	0.8822527908030507	2.5539594026673686	41.713262085086825	79.79000091552734	False	1.0	0.447368	0.0	1.081699	0.0	0.0	0.484743	2.566676	0.832735	0.064935	0.0	0.0	0	0.0	0	0.475564	2.560956	0.83644	0.05914	0.0	0.0	0	0.0	0	0	0.0	0.48419	2.561274	0.83172	0.057143	0.0	0.0	0	none	0	none	0	none	none	max(insertion_type_count,local_deletion_type_count)	background	6	AF_coil;hexamer_coil_fraction_ge_0.8;AF_rSASA_ge_0.25;hexamer_rSASA_ge_0.25;burial_lt_0.10;interprotomer_distance_gt_4.5A	False		intermediate	remains unresolved	unresolved_exact_subset_too_small	False	unchanged_or_unresolved	271|272	271	A	272	K	279|280	279	exact_aligned	high	A89 flanking residues align directly to adjacent EV-A71 2C residues	266:IKIGNA|KCCPFI:277	274:NTANFK|RCSPLV:285	279	280	279-280	insertional_handle_SGRPGSLS	8	-5.794666	0.018015	-5.794666	direct_insert_strongly_deleterious	-4.803771	-4.841410	-5.373124	-5.182395;-5.104383	1AAdel_left_residue	-4.803771	deletion_context_strongly_deleterious	-1.385435	Bakhache_2024_NatMicrobiol_Dryad_10.5061_dryad.866t1g1xm_QVEU_eva71_dimple_c99331a6	direct_experiment_unfavorable	direct_experiment_unfavorable
272|273	272	273	EXCLUDE	A89_Zn-binding_C273_by_similarity	False	0.0	0.1022108122706413	0.0635980845925336	0.8822527908030507	2.5539594026673686	44.25571427877973	83.7699966430664	False	0.447368	1.0	1.081699	0.0	0.0	0.0	0.270854	1.081699	0.910657	0.447368	0.0	0.0	0	0.0	0	0.262151	1.07348	0.914845	0.467391	0.0	0.0	0	0.0	0	0	0.0	0.27075	1.080458	0.910292	0.442982	0.0	0.0	0	none	0	none	0	none	none	max(insertion_type_count,local_deletion_type_count)	background	6	AF_coil;hexamer_coil_fraction_ge_0.8;AF_rSASA_ge_0.25;hexamer_rSASA_ge_0.25;burial_lt_0.10;interprotomer_distance_gt_4.5A	False		conserved	weakens	unresolved_exact_subset_too_small	False	decreased_or_excluded; hard functional feature dominates	272|273	272	K	273	C	280|281	280	exact_aligned	high	A89 flanking residues align directly to adjacent EV-A71 2C residues	267:KIGNAK|CCPFIC:278	275:TANFKR|CSPLVC:286	280	281	280-281	insertional_handle_SGRPGSLS	8	-5.611086	0.020459	-5.611086	direct_insert_strongly_deleterious	-4.841410	-4.527891	-4.936960	-5.104383;-5.024171	1AAdel_right_residue	-4.527891	deletion_context_strongly_deleterious	-2.201100	Bakhache_2024_NatMicrobiol_Dryad_10.5061_dryad.866t1g1xm_QVEU_eva71_dimple_c99331a6	direct_experiment_unfavorable	direct_experiment_unfavorable
273|274	273	274	EXCLUDE	A89_Zn-binding_C273_by_similarity	True	1.0	0.0430095642805099	0.0002675474939232	1.0	3.3775859299485687	44.57170664690218	86.77999877929688	False	1.0	1.0	0.0	0.0	0.0	0.0	0.256372	1.081699	0.912822	0.447368	0.0	0.0	0	0.0	0	0.249666	1.07348	0.916637	0.467391	0.0	0.0	0	0.0	0	0	0.0	0.256268	1.080458	0.912456	0.442982	0.0	0.0	0	none	0	none	0	none	none	max(insertion_type_count,local_deletion_type_count)	background	4	AF_rSASA_ge_0.25;hexamer_rSASA_ge_0.25;burial_lt_0.10;interprotomer_distance_gt_4.5A	False		conserved	weakens	unresolved_exact_subset_too_small	False	decreased_or_excluded; hard functional feature dominates	273|274	273	C	274	C	281|282	281	exact_aligned	high	A89 flanking residues align directly to adjacent EV-A71 2C residues	268:IGNAKC|CPFICG:279	276:ANFKRC|SPLVCG:287	281	282	281-282	insertional_handle_SGRPGSLS	8	-5.669783	0.019644	-5.669783	direct_insert_strongly_deleterious	-4.527891	-4.892835	-5.071390	-5.024171;-4.912687	1AAdel_left_residue	-4.527891	deletion_context_strongly_deleterious	-2.635325	Bakhache_2024_NatMicrobiol_Dryad_10.5061_dryad.866t1g1xm_QVEU_eva71_dimple_c99331a6	direct_experiment_unfavorable	direct_experiment_unfavorable
274|275	274	275	HIGH_RISK	ATPase-to-Zn/Cys-rich_transition;near_Zn-coordination_sites	False	0.0	0.0430095642805099	0.0002675474939232	1.0	3.396072725200085	44.57170664690218	90.0999984741211	False	1.0	1.0	0.0	0.0	0.0	0.0	0.221548	1.081699	0.922562	0.447368	0.0	0.0	0	0.0	0	0.218504	1.07348	0.924692	0.467391	0.0	0.0	0	0.0	0	0	0.0	0.221493	1.080458	0.922187	0.442982	0.0	0.0	0	none	0	none	0	none	none	max(insertion_type_count,local_deletion_type_count)	background	6	AF_coil;hexamer_coil_fraction_ge_0.8;AF_rSASA_ge_0.25;hexamer_rSASA_ge_0.25;burial_lt_0.10;interprotomer_distance_gt_4.5A	False		conserved	weakens	unresolved_exact_subset_too_small	False	decreased; conserved local window	274|275	274	C	275	P	282|283	282	exact_aligned	high	A89 flanking residues align directly to adjacent EV-A71 2C residues	269:GNAKCC|PFICGK:280	277:NFKRCS|PLVCGK:288	282	283	282-283	insertional_handle_SGRPGSLS	8	-5.683934	0.019452	-5.683934	direct_insert_strongly_deleterious	-4.892835	-4.897835	-4.997444	-4.912687;-5.193589	1AAdel_left_residue	-4.892835	deletion_context_strongly_deleterious	-2.675970	Bakhache_2024_NatMicrobiol_Dryad_10.5061_dryad.866t1g1xm_QVEU_eva71_dimple_c99331a6	direct_experiment_unfavorable	direct_experiment_unfavorable
275|276	275	276	HIGH_RISK	ATPase-to-Zn/Cys-rich_transition;near_Zn-coordination_sites	False	0.0	0.0	0.0003235222150882	0.0	6.250449780454153	39.25231469527872	91.61000061035156	False	1.0	0.805195	0.0	0.711416	0.0	0.0	0.221548	1.081699	0.922562	0.447368	0.0	0.0	0	0.0	0	0.218504	1.07348	0.924692	0.467391	0.0	0.0	0	0.0	0	0	0.0	0.221493	1.080458	0.922187	0.442982	0.0	0.0	0	none	0	none	0	none	none	max(insertion_type_count,local_deletion_type_count)	background	4	AF_coil;hexamer_coil_fraction_ge_0.8;AF_rSASA_ge_0.25;hexamer_rSASA_ge_0.25	False		conserved	weakens	unresolved_exact_subset_too_small	False	decreased; conserved local window	275|276	275	P	276	F	283|284	283	exact_aligned	high	A89 flanking residues align directly to adjacent EV-A71 2C residues	270:NAKCCP|FICGKA:281	278:FKRCSP|LVCGKA:289	283	284	283-284	insertional_handle_SGRPGSLS	8	-5.743042	0.018671	-5.743042	direct_insert_strongly_deleterious	-4.897835	-4.983807	-4.862299	-5.193589;-4.887810	2AAdel_spanning_junction	-4.862299	deletion_context_strongly_deleterious	-2.801669	Bakhache_2024_NatMicrobiol_Dryad_10.5061_dryad.866t1g1xm_QVEU_eva71_dimple_c99331a6	direct_experiment_unfavorable	direct_experiment_unfavorable
276|277	276	277	HIGH_RISK	ATPase-to-Zn/Cys-rich_transition;near_Zn-coordination_sites	False	0.0	0.0	0.0003235222150882	1.0	4.076009647678903	39.25231469527872	92.0999984741211	False	0.805195	0.857143	0.711416	0.591673	0.0	0.0	0.273658	1.081699	0.912822	0.447368	0.0	0.0	0	0.0	0	0.266094	1.07348	0.91618	0.467391	0.0	0.0	0	0.0	0	0	0.0	0.271315	1.080458	0.912808	0.442982	0.0	0.0	0	none	0	none	0	none	none	max(insertion_type_count,local_deletion_type_count)	background	6	AF_coil;hexamer_coil_fraction_ge_0.8;AF_rSASA_ge_0.25;hexamer_rSASA_ge_0.25;burial_lt_0.10;interprotomer_distance_gt_4.5A	False		conserved	weakens	unresolved_exact_subset_too_small	False	decreased; conserved local window	276|277	276	F	277	I	284|285	284	exact_aligned	high	A89 flanking residues align directly to adjacent EV-A71 2C residues	271:AKCCPF|ICGKAV:282	279:KRCSPL|VCGKAI:290	284	285	284-285	insertional_handle_SGRPGSLS	8	-5.811299	0.017808	-5.811299	direct_insert_strongly_deleterious	-4.983807	-4.624186	-4.741604	-4.887810;-5.079741	1AAdel_right_residue	-4.624186	deletion_context_strongly_deleterious	-2.684981	Bakhache_2024_NatMicrobiol_Dryad_10.5061_dryad.866t1g1xm_QVEU_eva71_dimple_c99331a6	direct_experiment_unfavorable	direct_experiment_unfavorable
277|278	277	278	EXCLUDE	A89_Zn-binding_C278_by_similarity	False	0.0	0.0242649503052234	0.0038062795467183	1.0	4.076009647678903	43.13961451879552	89.66999816894531	False	0.857143	1.0	0.591673	0.0	0.0	0.0	0.512033	2.860506	0.834971	0.065789	0.0	0.0	0	0.0	0	0.501832	2.828852	0.839187	0.076087	0.0	0.0	0	0.0	0	0	0.0	0.509804	2.861861	0.834957	0.065789	0.0	0.0	0	none	0	none	0	none	none	max(insertion_type_count,local_deletion_type_count)	background	6	AF_coil;hexamer_coil_fraction_ge_0.8;AF_rSASA_ge_0.25;hexamer_rSASA_ge_0.25;burial_lt_0.10;interprotomer_distance_gt_4.5A	False		intermediate	weakens	unresolved_exact_subset_too_small	False	decreased_or_excluded; hard functional feature dominates	277|278	277	I	278	C	285|286	285	exact_aligned	high	A89 flanking residues align directly to adjacent EV-A71 2C residues	272:KCCPFI|CGKAVE:283	280:RCSPLV|CGKAIQ:291	285	286	285-286	insertional_handle_SGRPGSLS	8	-5.707083	0.019142	-5.707083	direct_insert_strongly_deleterious	-4.624186	-5.058732	-4.836119	-5.079741;-5.075574	1AAdel_left_residue	-4.624186	deletion_context_strongly_deleterious	-2.818592	Bakhache_2024_NatMicrobiol_Dryad_10.5061_dryad.866t1g1xm_QVEU_eva71_dimple_c99331a6	direct_experiment_unfavorable	direct_experiment_unfavorable
278|279	278	279	EXCLUDE	A89_Zn-binding_C278_by_similarity	False	0.0	0.0570864118635654	0.0670704176792731	0.0	8.060724100385602	47.0565237410734	89.66999816894531	False	1.0	1.0	0.0	0.0	0.0	0.0	0.421892	2.860506	0.881024	0.065789	0.0	0.0	0	0.0	0	0.412376	2.828852	0.883571	0.076087	0.0	0.0	0	0.0	0	0	0.0	0.419766	2.861861	0.881375	0.065789	0.0	0.0	0	none	0	none	0	none	none	max(insertion_type_count,local_deletion_type_count)	background	4	AF_coil;hexamer_coil_fraction_ge_0.8;AF_rSASA_ge_0.25;hexamer_rSASA_ge_0.25	False		intermediate	weakens	unresolved_exact_subset_too_small	False	decreased_or_excluded; hard functional feature dominates	278|279	278	C	279	G	286|287	286	exact_aligned	high	A89 flanking residues align directly to adjacent EV-A71 2C residues	273:CCPFIC|GKAVEF:284	281:CSPLVC|GKAIQL:292	286	287	286-287	insertional_handle_SGRPGSLS	8	-5.924259	0.016467	-5.924259	direct_insert_strongly_deleterious	-5.058732	-4.681526	-4.902810	-5.075574;-5.215609	1AAdel_right_residue	-4.681526	deletion_context_strongly_deleterious	-3.188599	Bakhache_2024_NatMicrobiol_Dryad_10.5061_dryad.866t1g1xm_QVEU_eva71_dimple_c99331a6	direct_experiment_unfavorable	direct_experiment_unfavorable
279|280	279	280	HIGH_RISK	ATPase-to-Zn/Cys-rich_transition;near_Zn-coordination_sites	True	1.0	0.0570864118635654	0.0670704176792731	0.0	9.250789188439688	47.92108365144136	90.52999877929688	False	1.0	0.974026	0.0	0.173781	0.0	0.0	0.524836	2.860506	0.845309	0.065789	0.0	0.0	0	0.0	0	0.510572	2.828852	0.850865	0.076087	0.0	0.0	0	0.0	0	0	0.0	0.52271	2.861861	0.845661	0.065789	0.0	0.0	0	none	0	none	0	none	none	max(insertion_type_count,local_deletion_type_count)	structural near-miss	2	AF_rSASA_ge_0.25;hexamer_rSASA_ge_0.25	False		intermediate	remains unresolved	unresolved_exact_subset_too_small	False	unchanged_or_unresolved	279|280	279	G	280	K	287|288	287	exact_aligned	high	A89 flanking residues align directly to adjacent EV-A71 2C residues	274:CPFICG|KAVEFK:285	282:SPLVCG|KAIQLR:293	287	288	287-288	insertional_handle_SGRPGSLS	8	-6.002175	0.015601	-6.002175	direct_insert_strongly_deleterious	-4.681526	-5.058732	-5.200983	-5.215609;-5.132385	1AAdel_left_residue	-4.681526	deletion_context_strongly_deleterious	-2.792178	Bakhache_2024_NatMicrobiol_Dryad_10.5061_dryad.866t1g1xm_QVEU_eva71_dimple_c99331a6	direct_experiment_unfavorable	direct_experiment_unfavorable
280|281	280	281	HIGH_RISK	ATPase-to-Zn/Cys-rich_transition;near_Zn-coordination_sites	True	1.0	0.0	0.0	0.0	9.250789188439688	45.69213722905821	91.08000183105467	False	0.974026	1.0	0.173781	0.0	0.0	0.0	0.539318	2.860506	0.843145	0.065789	0.0	0.0	0	0.0	0	0.523057	2.828852	0.849073	0.076087	0.0	0.0	0	0.0	0	0	0.0	0.537192	2.861861	0.843496	0.065789	0.0	0.0	0	none	0	none	0	none	none	max(insertion_type_count,local_deletion_type_count)	structural near-miss	2	AF_rSASA_ge_0.25;hexamer_rSASA_ge_0.25	False		intermediate	remains unresolved	unresolved_exact_subset_too_small	False	unchanged_or_unresolved	280|281	280	K	281	A	288|289	288	exact_aligned	high	A89 flanking residues align directly to adjacent EV-A71 2C residues	275:PFICGK|AVEFKD:286	283:PLVCGK|AIQLRD:294	288	289	288-289	insertional_handle_SGRPGSLS	8	-5.697888	0.019265	-5.697888	direct_insert_strongly_deleterious	-5.058732	-5.167272	-4.965331	-5.132385;-5.075574	2AAdel_spanning_junction	-4.965331	deletion_context_strongly_deleterious	-2.332251	Bakhache_2024_NatMicrobiol_Dryad_10.5061_dryad.866t1g1xm_QVEU_eva71_dimple_c99331a6	direct_experiment_unfavorable	direct_experiment_unfavorable
281|282	281	282	HIGH_RISK	ATPase-to-Zn/Cys-rich_transition;near_Zn-coordination_sites	False	0.0	0.0	0.0	0.0	10.246048221985127	41.90691168566107	91.12999725341795	False	1.0	0.87013	0.0	0.725324	0.0	0.0	0.539318	2.860506	0.843145	0.065789	0.0	0.0	0	0.0	0	0.523057	2.828852	0.849073	0.076087	0.0	0.0	0	0.0	0	0	0.0	0.537192	2.861861	0.843496	0.065789	0.0	0.0	0	none	0	none	0	none	none	max(insertion_type_count,local_deletion_type_count)	background	4	AF_coil;hexamer_coil_fraction_ge_0.8;AF_rSASA_ge_0.25;hexamer_rSASA_ge_0.25	False		intermediate	remains unresolved	unresolved_exact_subset_too_small	False	unchanged_or_unresolved	281|282	281	A	282	V	289|290	289	exact_aligned	high	A89 flanking residues align directly to adjacent EV-A71 2C residues	276:FICGKA|VEFKDR:287	284:LVCGKA|IQLRDR:295	289	290	289-290	insertional_handle_SGRPGSLS	8	-5.946118	0.016220	-5.946118	direct_insert_strongly_deleterious	-5.167272	-4.877683	-4.798277	-5.075574;-4.825452	2AAdel_spanning_junction	-4.798277	deletion_context_strongly_deleterious	-2.298839	Bakhache_2024_NatMicrobiol_Dryad_10.5061_dryad.866t1g1xm_QVEU_eva71_dimple_c99331a6	direct_experiment_unfavorable	direct_experiment_unfavorable
282|283	282	283	HIGH_RISK	ATPase-to-Zn/Cys-rich_transition;near_Zn-coordination_sites	False	0.0	0.0	0.0	0.0	10.707798300077243	41.90691168566107	93.86000061035156	False	0.87013	0.065789	0.725324	2.860506	0.0	0.0	0.521062	2.860506	0.852885	0.065789	0.0	0.0	0	0.0	0	0.51274	2.828852	0.855793	0.076087	0.0	0.0	0	0.0	0	0	0.0	0.518936	2.861861	0.853236	0.065789	0.0	0.0	0	none	0	none	0	none	none	max(insertion_type_count,local_deletion_type_count)	background	4	AF_coil;hexamer_coil_fraction_ge_0.8;AF_rSASA_ge_0.25;hexamer_rSASA_ge_0.25	False		intermediate	remains unresolved	unresolved_exact_subset_too_small	False	unchanged_or_unresolved	282|283	282	V	283	E	290|291	290	exact_aligned	high	A89 flanking residues align directly to adjacent EV-A71 2C residues	277:ICGKAV|EFKDRN:288	285:VCGKAI|QLRDRK:296	290	291	290-291	insertional_handle_SGRPGSLS	8	-5.729709	0.018845	-5.729709	direct_insert_strongly_deleterious	-4.877683	-4.656447	-4.917589	-4.825452;-5.200983	1AAdel_right_residue	-4.656447	deletion_context_strongly_deleterious	-3.149765	Bakhache_2024_NatMicrobiol_Dryad_10.5061_dryad.866t1g1xm_QVEU_eva71_dimple_c99331a6	direct_experiment_unfavorable	direct_experiment_unfavorable
283|284	283	284	HIGH_RISK	ATPase-to-Zn/Cys-rich_transition	False	0.0	0.0005241442704573	0.000565893906686	0.0	11.781689587977615	39.61814634314886	93.86000061035156	False	0.065789	1.0	2.860506	0.0	0.0	0.0	0.553574	2.860506	0.790115	0.065789	0.0	0.0	0	0.0	0	0.536681	2.828852	0.796205	0.076087	0.0	0.0	0	0.0	0	0	0.0	0.550387	2.861861	0.790105	0.065789	0.0	0.0	0	none	0	none	0	none	none	max(insertion_type_count,local_deletion_type_count)	background	4	AF_coil;hexamer_coil_fraction_ge_0.8;AF_rSASA_ge_0.25;hexamer_rSASA_ge_0.25	False		intermediate	remains unresolved	unresolved_exact_subset_too_small	False	unchanged_or_unresolved	283|284	283	E	284	F	291|292	291	exact_aligned	high	A89 flanking residues align directly to adjacent EV-A71 2C residues	278:CGKAVE|FKDRNS:289	286:CGKAIQ|LRDRKS:297	291	292	291-292	insertional_handle_SGRPGSLS	8	-5.510472	0.021937	-5.510472	direct_insert_strongly_deleterious	-4.656447	-4.624186	-5.028557	-5.200983;-5.481735	1AAdel_right_residue	-4.624186	deletion_context_strongly_deleterious	-3.887324	Bakhache_2024_NatMicrobiol_Dryad_10.5061_dryad.866t1g1xm_QVEU_eva71_dimple_c99331a6	direct_experiment_unfavorable	direct_experiment_unfavorable
284|285	284	285	HIGH_RISK	ATPase-to-Zn/Cys-rich_transition	False	0.0	0.0005241442704573	0.000565893906686	0.0	11.781689587977615	39.61814634314886	93.63999938964844	False	1.0	0.571429	0.0	1.235336	0.0	0.0	0.624578	2.860506	0.773881	0.065789	0.0	0.0	0	0.0	0	0.600695	2.828852	0.782316	0.076087	0.0	0.0	0	0.0	0	0	0.0	0.621391	2.861861	0.773871	0.065789	0.0	0.0	0	none	0	none	0	none	none	max(insertion_type_count,local_deletion_type_count)	background	4	AF_coil;hexamer_coil_fraction_ge_0.8;AF_rSASA_ge_0.25;hexamer_rSASA_ge_0.25	False		intermediate	remains unresolved	unresolved_exact_subset_too_small	False	unchanged_or_unresolved	284|285	284	F	285	K	292|293	292	exact_aligned	high	A89 flanking residues align directly to adjacent EV-A71 2C residues	279:GKAVEF|KDRNSC:290	287:GKAIQL|RDRKSK:298	292	293	292-293	insertional_handle_SGRPGSLS	8	-5.794666	0.018015	-5.794666	direct_insert_strongly_deleterious	-4.624186	-4.820076	-4.936960	-5.481735;-5.450659	1AAdel_left_residue	-4.624186	deletion_context_strongly_deleterious	-3.754240	Bakhache_2024_NatMicrobiol_Dryad_10.5061_dryad.866t1g1xm_QVEU_eva71_dimple_c99331a6	direct_experiment_unfavorable	direct_experiment_unfavorable
285|286	285	286	HIGH_RISK	ATPase-to-Zn/Cys-rich_transition	False	0.0	0.0456850528717041	0.0281722955341372	0.0	11.833768359727046	41.7269629759173	93.37999725341795	False	0.571429	0.974026	1.235336	0.173781	0.0	0.0	0.842142	2.860506	0.694992	0.053333	0.0	0.0	0	0.0	0	0.820238	2.828852	0.70402	0.06044	0.0	0.0	0	0.0	0	0	0.0	0.839366	2.861861	0.694982	0.053333	0.0	0.0	0	none	0	none	0	none	none	max(insertion_type_count,local_deletion_type_count)	background	4	AF_coil;hexamer_coil_fraction_ge_0.8;AF_rSASA_ge_0.25;hexamer_rSASA_ge_0.25	False		variable	supports	unresolved_exact_subset_too_small	False	unchanged_or_unresolved	285|286	285	K	286	D	293|294	293	exact_aligned	high	A89 flanking residues align directly to adjacent EV-A71 2C residues	280:KAVEFK|DRNSCT:291	288:KAIQLR|DRKSKV:299	293	294	293-294	insertional_handle_SGRPGSLS	8	-5.773479	0.018281	-5.773479	direct_insert_strongly_deleterious	-4.820076	-5.079741	-5.289068	-5.450659;-5.302469	1AAdel_left_residue	-4.820076	deletion_context_strongly_deleterious	-2.784401	Bakhache_2024_NatMicrobiol_Dryad_10.5061_dryad.866t1g1xm_QVEU_eva71_dimple_c99331a6	direct_experiment_unfavorable	direct_experiment_unfavorable
286|287	286	287	HIGH_RISK	ATPase-to-Zn/Cys-rich_transition	False	0.0	0.0456850528717041	0.0281722955341372	0.0	11.833768359727046	35.35488900968324	90.58999633789062	False	0.974026	1.0	0.173781	0.0	0.0	0.0	1.050883	2.860506	0.646291	0.053333	0.0	0.0	0	0.0	0	1.022979	2.828852	0.658331	0.06044	0.0	0.0	0	0.0	0	0	0.0	1.048058	2.861861	0.646291	0.053333	0.0	0.0	0	none	0	none	0	none	none	max(insertion_type_count,local_deletion_type_count)	background	4	AF_coil;hexamer_coil_fraction_ge_0.8;AF_rSASA_ge_0.25;hexamer_rSASA_ge_0.25	False		variable	supports	unresolved_exact_subset_too_small	False	unchanged_or_unresolved	286|287	286	D	287	R	294|295	294	exact_aligned	high	A89 flanking residues align directly to adjacent EV-A71 2C residues	281:AVEFKD|RNSCTT:292	289:AIQLRD|RKSKVR:300	294	295	294-295	insertional_handle_SGRPGSLS	8	-5.738617	0.018729	-5.738617	direct_insert_strongly_deleterious	-5.079741	-4.983807	-5.197293	-5.302469;-5.163455	1AAdel_right_residue	-4.983807	deletion_context_strongly_deleterious	-2.426989	Bakhache_2024_NatMicrobiol_Dryad_10.5061_dryad.866t1g1xm_QVEU_eva71_dimple_c99331a6	direct_experiment_unfavorable	direct_experiment_unfavorable
287|288	287	288	HIGH_RISK	ATPase-to-Zn/Cys-rich_transition	True	1.0	0.2670468091964721	0.2731286348217595	0.0	7.97857785863854	35.35488900968324	88.62000274658203	True	1.0	0.922078	0.0	0.492344	0.0	0.0	1.131641	2.860506	0.58352	0.053333	0.0	0.0	0	0.0	0	1.097397	2.828852	0.594263	0.06044	0.0	0.0	0	0.0	0	0	0.0	1.128816	2.861861	0.58352	0.053333	0.0	0.0	0	none	0	none	0	none	none	max(insertion_type_count,local_deletion_type_count)	strict structural pass	0	none	False		variable	supports	unresolved_exact_subset_too_small	True	reviewable_after_QC; structural pass plus V2 evolutionary support, functional context still required	287|288	287	R	288	N	295|296	295	exact_aligned	high	A89 flanking residues align directly to adjacent EV-A71 2C residues	282:VEFKDR|NSCTTL:293	290:IQLRDR|KSKVRY:301	295	296	295-296	insertional_handle_SGRPGSLS	8	-5.521553	0.021769	-5.521553	direct_insert_strongly_deleterious	-4.983807	-4.781610	-5.363778	-5.163455;-5.348005	1AAdel_right_residue	-4.781610	deletion_context_strongly_deleterious	-2.386101	Bakhache_2024_NatMicrobiol_Dryad_10.5061_dryad.866t1g1xm_QVEU_eva71_dimple_c99331a6	experimental_conflict	experimental_conflict
288|289	288	289	HIGH_RISK	ATPase-to-Zn/Cys-rich_transition	True	1.0	0.3961829841136932	0.4603922361968666	0.0	7.97857785863854	40.4833248371507	88.62000274658203	True	0.922078	0.103896	0.492344	0.981816	0.0	0.0	1.190865	2.860506	0.546723	0.053333	0.0	0.0	0	0.0	0	1.159078	2.828852	0.555284	0.06044	0.0	0.0	0	0.0	0	0	0.0	1.190328	2.861861	0.546363	0.053333	0.0	0.0	0	none	0	none	0	none	none	max(insertion_type_count,local_deletion_type_count)	strict structural pass	0	none	False		variable	supports	unresolved_exact_subset_too_small	True	reviewable_after_QC; structural pass plus V2 evolutionary support, functional context still required	288|289	288	N	289	S	296|297	296	exact_aligned	high	A89 flanking residues align directly to adjacent EV-A71 2C residues	283:EFKDRN|SCTTLS:294	291:QLRDRK|SKVRYS:302	296	297	296-297	insertional_handle_SGRPGSLS	8	-5.152603	0.028113	-5.152603	direct_insert_strongly_deleterious	-4.781610	-5.054477	-5.124464	-5.348005;-5.295791	1AAdel_left_residue	-4.781610	deletion_context_strongly_deleterious	-1.919754	Bakhache_2024_NatMicrobiol_Dryad_10.5061_dryad.866t1g1xm_QVEU_eva71_dimple_c99331a6	experimental_conflict	experimental_conflict
289|290	289	290	HIGH_RISK	ATPase-to-Zn/Cys-rich_transition	True	1.0	0.3961829841136932	0.4603922361968666	0.0	11.411383751320844	45.21923965005797	89.61000061035156	True	0.103896	0.805195	0.981816	0.852051	0.0	0.0	0.95249	2.678681	0.624574	0.053333	0.0	0.0	0	0.0	0	0.92334	2.634514	0.632277	0.06044	0.0	0.0	0	0.0	0	0	0.0	0.95184	2.678681	0.624214	0.053333	0.0	0.0	0	none	0	none	0	none	none	max(insertion_type_count,local_deletion_type_count)	strict structural pass	0	none	False		variable	supports	unresolved_exact_subset_too_small	True	reviewable_after_QC; structural pass plus V2 evolutionary support, functional context still required	289|290	289	S	290	C	297|298	297	exact_aligned	high	A89 flanking residues align directly to adjacent EV-A71 2C residues	284:FKDRNS|CTTLSL:295	292:LRDRKS|KVRYSV:303	297	298	297-298	insertional_handle_SGRPGSLS	8	-3.518970	0.087234	-3.518970	direct_insert_strongly_deleterious	-5.054477	-4.922467	-5.124464	-5.295791;-4.892835	3AAdel_spanning_option_2	-4.892835	deletion_context_strongly_deleterious	-1.840999	Bakhache_2024_NatMicrobiol_Dryad_10.5061_dryad.866t1g1xm_QVEU_eva71_dimple_c99331a6	experimental_conflict	experimental_conflict
290|291	290	291	HIGH_RISK	ATPase-to-Zn/Cys-rich_transition;C-terminal_bundle/RNA-binding_transition	True	1.0	0.3655236661434173	0.3893583393836206	0.0	14.076977854444886	46.08773248666802	91.20999908447266	True	0.805195	0.053333	0.852051	2.610762	0.0	0.0	1.061338	2.678681	0.574791	0.053333	0.0	0.0	0	0.0	0	1.034142	2.634514	0.582994	0.06044	0.0	0.0	0	0.0	0	0	0.0	1.060688	2.678681	0.57443	0.053333	0.0	0.0	0	none	0	none	0	none	none	max(insertion_type_count,local_deletion_type_count)	strict structural pass	0	none	False		variable	supports	unresolved_exact_subset_too_small	True	reviewable_after_QC; structural pass plus V2 evolutionary support, functional context still required	290|291	290	C	291	T	298|299	298	exact_aligned	high	A89 flanking residues align directly to adjacent EV-A71 2C residues	285:KDRNSC|TTLSLS:296	293:RDRKSK|VRYSVD:304	298	299	298-299	insertional_handle_SGRPGSLS	8	-5.214399	0.026935	-5.214399	direct_insert_strongly_deleterious	-4.922467	-4.337596	-4.862299	-4.892835;-5.275486	1AAdel_right_residue	-4.337596	deletion_context_strongly_deleterious	-2.027002	Bakhache_2024_NatMicrobiol_Dryad_10.5061_dryad.866t1g1xm_QVEU_eva71_dimple_c99331a6	experimental_conflict	experimental_conflict
291|292	291	292	HIGH_RISK	C-terminal_bundle/RNA-binding_transition	False	0.0	0.3655236661434173	0.3730555541755617	0.0	15.372715872061487	46.22068436680049	92.18000030517578	False	0.053333	0.38961	2.610762	2.678681	0.0	0.0	1.036968	2.678681	0.591865	0.053333	0.0	0.0	0	0.0	0	1.012116	2.634514	0.59849	0.06044	0.0	0.0	0	0.0	0	0	0.0	1.037501	2.678681	0.591221	0.053333	0.0	0.0	0	none	0	none	0	none	none	max(insertion_type_count,local_deletion_type_count)	structural near-miss	2	AF_coil;hexamer_coil_fraction_ge_0.8	False		variable	supports	unresolved_exact_subset_too_small	False	outside_strict_review_only; near-miss plus V2 evolutionary support	291|292	291	T	292	T	299|300	299	exact_aligned	high	A89 flanking residues align directly to adjacent EV-A71 2C residues	286:DRNSCT|TLSLSQ:297	294:DRKSKV|RYSVDT:305	299	300	299-300	insertional_handle_SGRPGSLS	8	-5.626087	0.020248	-5.626087	direct_insert_strongly_deleterious	-4.337596	-4.729874	-4.846673	-5.275486;-5.151917	1AAdel_left_residue	-4.337596	deletion_context_strongly_deleterious	-2.680508	Bakhache_2024_NatMicrobiol_Dryad_10.5061_dryad.866t1g1xm_QVEU_eva71_dimple_c99331a6	direct_experiment_unfavorable	direct_experiment_unfavorable
292|293	292	293	HIGH_RISK	C-terminal_bundle/RNA-binding_transition	False	0.0	0.0888698250055313	0.0483056763511392	0.0	15.605285466232782	44.86096882035977	92.94000244140624	False	0.38961	0.246753	2.678681	0.969092	0.0	0.0	1.12913	2.678681	0.516107	0.053333	0.0	0.0	0	0.0	0	1.108792	2.634514	0.523221	0.06044	0.0	0.0	0	0.0	0	0	0.0	1.129662	2.678681	0.515464	0.053333	0.0	0.0	0	none	0	none	0	none	none	max(insertion_type_count,local_deletion_type_count)	background	4	AF_coil;hexamer_coil_fraction_ge_0.8;AF_rSASA_ge_0.25;hexamer_rSASA_ge_0.25	False		variable	supports	unresolved_exact_subset_too_small	False	unchanged_or_unresolved	292|293	292	T	293	L	300|301	300	exact_aligned	high	A89 flanking residues align directly to adjacent EV-A71 2C residues	287:RNSCTT|LSLSQL:298	295:RKSKVR|YSVDTV:306	300	301	300-301	insertional_handle_SGRPGSLS	8	-5.679239	0.019515	-5.679239	direct_insert_strongly_deleterious	-4.729874	-4.476028	-4.969982	-5.151917;-5.338420	1AAdel_right_residue	-4.476028	deletion_context_strongly_deleterious	-2.566585	Bakhache_2024_NatMicrobiol_Dryad_10.5061_dryad.866t1g1xm_QVEU_eva71_dimple_c99331a6	direct_experiment_unfavorable	direct_experiment_unfavorable
293|294	293	294	HIGH_RISK	C-terminal_bundle/RNA-binding_transition	False	0.0	0.0644783601164817	0.0483056763511392	0.0	12.645844928242214	44.86096882035977	92.38999938964844	False	0.246753	0.428571	0.969092	1.436012	0.0	0.0	1.12913	2.678681	0.516107	0.053333	0.0	0.0	0	0.0	0	1.108792	2.634514	0.523221	0.06044	0.0	0.0	0	0.0	0	0	0.0	1.129662	2.678681	0.515464	0.053333	0.0	0.0	0	none	0	none	0	none	none	max(insertion_type_count,local_deletion_type_count)	background	4	AF_coil;hexamer_coil_fraction_ge_0.8;AF_rSASA_ge_0.25;hexamer_rSASA_ge_0.25	False		variable	supports	unresolved_exact_subset_too_small	False	unchanged_or_unresolved	293|294	293	L	294	S	301|302	301	exact_aligned	high	A89 flanking residues align directly to adjacent EV-A71 2C residues	288:NSCTTL|SLSQLY:299	296:KSKVRY|SVDTVV:307	301	302	301-302	insertional_handle_SGRPGSLS	8	-5.807167	0.017859	-5.807167	direct_insert_strongly_deleterious	-4.476028	-4.520645	-4.922467	-5.338420;-4.936960	1AAdel_left_residue	-4.476028	deletion_context_strongly_deleterious	-2.309661	Bakhache_2024_NatMicrobiol_Dryad_10.5061_dryad.866t1g1xm_QVEU_eva71_dimple_c99331a6	direct_experiment_unfavorable	direct_experiment_unfavorable
294|295	294	295	HIGH_RISK	C-terminal_bundle/RNA-binding_transition	False	0.0	0.0	0.0006797883789337	0.0	8.995495522696825	40.19992895045725	92.38999938964844	False	0.428571	1.0	1.436012	0.0	0.0	0.0	1.104747	2.678681	0.440349	0.012987	0.0	0.0	0	0.0	0	1.094069	2.634514	0.450192	0.037634	0.0	0.0	0	0.0	0	0	0.0	1.108479	2.678681	0.440247	0.019481	0.0	0.0	0	none	0	none	0	none	none	max(insertion_type_count,local_deletion_type_count)	background	4	AF_coil;hexamer_coil_fraction_ge_0.8;AF_rSASA_ge_0.25;hexamer_rSASA_ge_0.25	False		variable	supports	unresolved_exact_subset_too_small	False	unchanged_or_unresolved	294|295	294	S	295	L	302|303	302	exact_aligned	high	A89 flanking residues align directly to adjacent EV-A71 2C residues	289:SCTTLS|LSQLYS:300	297:SKVRYS|VDTVVS:308	302	303	302-303	insertional_handle_SGRPGSLS	8	-5.532512	0.021605	-5.532512	direct_insert_strongly_deleterious	-4.520645	-4.693834	-5.140243	-4.936960;-5.219232	1AAdel_left_residue	-4.520645	deletion_context_strongly_deleterious	-2.171709	Bakhache_2024_NatMicrobiol_Dryad_10.5061_dryad.866t1g1xm_QVEU_eva71_dimple_c99331a6	direct_experiment_unfavorable	direct_experiment_unfavorable
295|296	295	296	HIGH_RISK	C-terminal_bundle/RNA-binding_transition	False	0.0	0.0	0.0006797883789337	0.0	8.995495522696825	40.19992895045725	91.69000244140624	False	1.0	0.402597	0.0	1.306176	0.0	0.0	1.26981	2.962572	0.442514	0.012987	0.0	0.0	0	0.0	0	1.258789	2.926286	0.453328	0.037634	0.0	0.0	0	0.0	0	0	0.0	1.274481	2.961108	0.442773	0.019481	0.0	0.0	0	none	0	none	0	none	none	max(insertion_type_count,local_deletion_type_count)	background	4	AF_coil;hexamer_coil_fraction_ge_0.8;AF_rSASA_ge_0.25;hexamer_rSASA_ge_0.25	False		variable	supports	unresolved_exact_subset_too_small	False	unchanged_or_unresolved	295|296	295	L	296	S	303|304	303	exact_aligned	high	A89 flanking residues align directly to adjacent EV-A71 2C residues	290:CTTLSL|SQLYSH:301	298:KVRYSV|DTVVSE:309	303	304	303-304	insertional_handle_SGRPGSLS	8	-5.353998	0.024450	-5.353998	direct_insert_strongly_deleterious	-4.693834	-4.656447	-4.974612	-5.219232;-4.955963	1AAdel_right_residue	-4.656447	deletion_context_strongly_deleterious	-2.324189	Bakhache_2024_NatMicrobiol_Dryad_10.5061_dryad.866t1g1xm_QVEU_eva71_dimple_c99331a6	direct_experiment_unfavorable	direct_experiment_unfavorable
296|297	296	297	HIGH_RISK	C-terminal_bundle/RNA-binding_transition	False	0.0	0.1421877741813659	0.1328688037010931	0.0	10.45377590798349	45.00755025707061	91.69000244140624	False	0.402597	0.776316	1.306176	0.942906	0.0	0.0	1.259271	2.962572	0.445761	0.012987	0.0	0.0	0	0.0	0	1.256628	2.926286	0.453776	0.037634	0.0	0.0	0	0.0	0	0	0.0	1.265711	2.961108	0.445659	0.019481	0.0	0.0	0	none	0	none	0	none	none	max(insertion_type_count,local_deletion_type_count)	background	4	AF_coil;hexamer_coil_fraction_ge_0.8;AF_rSASA_ge_0.25;hexamer_rSASA_ge_0.25	False		variable	supports	unresolved_exact_subset_too_small	False	unchanged_or_unresolved	296|297	296	S	297	Q	304|305	304	exact_aligned	high	A89 flanking residues align directly to adjacent EV-A71 2C residues	291:TTLSLS|QLYSHI:302	299:VRYSVD|TVVSEL:310	304	305	304-305	insertional_handle_SGRPGSLS	8	-5.665021	0.019709	-5.665021	direct_insert_strongly_deleterious	-4.656447	-4.650077	-4.758946	-4.955963;-5.006432	1AAdel_right_residue	-4.650077	deletion_context_strongly_deleterious	-1.989665	Bakhache_2024_NatMicrobiol_Dryad_10.5061_dryad.866t1g1xm_QVEU_eva71_dimple_c99331a6	direct_experiment_unfavorable	direct_experiment_unfavorable
297|298	297	298	HIGH_RISK	C-terminal_bundle/RNA-binding_transition	False	0.0	0.000625843880698	0.0015602678703036	0.0	13.489201739273058	40.304630523850896	92.0	False	0.776316	0.064935	0.942906	1.279714	0.0	0.0	1.208316	2.962572	0.443481	0.012987	0.0	0.0	0	0.0	0	1.202012	2.926286	0.451876	0.037634	0.0	0.0	0	0.0	0	0	0.0	1.214138	2.961108	0.443379	0.019481	0.0	0.0	0	none	0	none	0	none	none	max(insertion_type_count,local_deletion_type_count)	background	4	AF_coil;hexamer_coil_fraction_ge_0.8;AF_rSASA_ge_0.25;hexamer_rSASA_ge_0.25	False		variable	supports	unresolved_exact_subset_too_small	False	unchanged_or_unresolved	297|298	297	Q	298	L	305|306	305	exact_aligned	high	A89 flanking residues align directly to adjacent EV-A71 2C residues	292:TLSLSQ|LYSHIK:303	300:RYSVDT|VVSELI:311	305	306	305-306	insertional_handle_SGRPGSLS	8	-5.453150	0.022826	-5.453150	direct_insert_strongly_deleterious	-4.650077	-4.643667	-5.024171	-5.006432;-5.132385	1AAdel_right_residue	-4.643667	deletion_context_strongly_deleterious	-1.677839	Bakhache_2024_NatMicrobiol_Dryad_10.5061_dryad.866t1g1xm_QVEU_eva71_dimple_c99331a6	direct_experiment_unfavorable	direct_experiment_unfavorable
298|299	298	299	HIGH_RISK	C-terminal_bundle/RNA-binding_transition	False	0.0	0.000625843880698	0.0015602678703036	0.0261072982530382	6.691834813132615	40.304630523850896	92.95999908447266	False	0.064935	1.0	1.279714	0.0	0.0	0.0	1.135419	2.962572	0.462961	0.012987	0.0	0.0	0	0.0	0	1.129827	2.926286	0.469797	0.037634	0.0	0.0	0	0.0	0	0	0.0	1.143752	2.961108	0.461725	0.019481	0.0	0.0	0	none	0	none	0	none	none	max(insertion_type_count,local_deletion_type_count)	background	4	AF_coil;hexamer_coil_fraction_ge_0.8;AF_rSASA_ge_0.25;hexamer_rSASA_ge_0.25	False		variable	supports	unresolved_exact_subset_too_small	False	unchanged_or_unresolved	298|299	298	L	299	Y	306|307	306	exact_aligned	high	A89 flanking residues align directly to adjacent EV-A71 2C residues	293:LSLSQL|YSHIKE:304	301:YSVDTV|VSELIR:312	306	307	306-307	insertional_handle_SGRPGSLS	8	-5.334260	0.024787	-5.334260	direct_insert_strongly_deleterious	-4.643667	-4.946507	-5.155778	-5.132385;-3.429882	3AAdel_spanning_option_2	-3.429882	deletion_context_strongly_deleterious	-2.086146	Bakhache_2024_NatMicrobiol_Dryad_10.5061_dryad.866t1g1xm_QVEU_eva71_dimple_c99331a6	direct_experiment_unfavorable	direct_experiment_unfavorable
299|300	299	300	HIGH_RISK	C-terminal_bundle/RNA-binding_transition	False	0.0	0.1533123552799224	0.1152038392911845	0.0261072982530382	6.691834813132615	41.43317163127262	92.02999877929688	False	1.0	0.012987	0.0	0.199755	0.0	0.0	1.054661	2.962572	0.525732	0.012987	0.0	0.0	0	0.0	0	1.05541	2.926286	0.533865	0.037634	0.0	0.0	0	0.0	0	0	0.0	1.062994	2.961108	0.524496	0.019481	0.0	0.0	0	none	0	none	0	none	none	max(insertion_type_count,local_deletion_type_count)	background	4	AF_coil;hexamer_coil_fraction_ge_0.8;AF_rSASA_ge_0.25;hexamer_rSASA_ge_0.25	False		variable	supports	unresolved_exact_subset_too_small	False	unchanged_or_unresolved	299|300	299	Y	300	S	307|308	307	exact_aligned	high	A89 flanking residues align directly to adjacent EV-A71 2C residues	294:SLSQLY|SHIKEE:305	302:SVDTVV|SELIRE:313	307	308	307-308	insertional_handle_SGRPGSLS	8	-5.366943	0.024232	-5.366943	direct_insert_strongly_deleterious	-4.946507	-4.814671	-5.116480	-3.429882;-4.960658	3AAdel_spanning_option_1	-3.429882	deletion_context_strongly_deleterious	-2.340751	Bakhache_2024_NatMicrobiol_Dryad_10.5061_dryad.866t1g1xm_QVEU_eva71_dimple_c99331a6	direct_experiment_unfavorable	direct_experiment_unfavorable
300|301	300	301	HIGH_RISK	C-terminal_bundle/RNA-binding_transition	False	0.0	0.3130772411823272	0.3176799615224202	0.0	12.617528901026963	43.94348901277565	92.02999877929688	False	0.012987	0.12987	0.199755	2.962572	0.0	0.0	1.01892	2.962572	0.556035	0.012987	0.0	0.0	0	0.0	0	1.014112	2.926286	0.567467	0.037634	0.0	0.0	0	0.0	0	0	0.0	1.027254	2.961108	0.554799	0.019481	0.0	0.0	0	none	0	none	0	none	none	max(insertion_type_count,local_deletion_type_count)	structural near-miss	2	AF_coil;hexamer_coil_fraction_ge_0.8	False		variable	supports	unresolved_exact_subset_too_small	False	outside_strict_review_only; near-miss plus V2 evolutionary support	300|301	300	S	301	H	308|309	308	exact_aligned	high	A89 flanking residues align directly to adjacent EV-A71 2C residues	295:LSQLYS|HIKEED:306	303:VDTVVS|ELIREY:314	308	309	308-309	insertional_handle_SGRPGSLS	8	-5.476475	0.022460	-5.476475	direct_insert_strongly_deleterious	-4.814671	-4.803771	-5.075574	-4.960658;-5.104383	1AAdel_right_residue	-4.803771	deletion_context_strongly_deleterious	-2.525531	Bakhache_2024_NatMicrobiol_Dryad_10.5061_dryad.866t1g1xm_QVEU_eva71_dimple_c99331a6	direct_experiment_unfavorable	direct_experiment_unfavorable
301|302	301	302	HIGH_RISK	C-terminal_bundle/RNA-binding_transition	False	0.0	0.0012771027395501	0.0001497262121255	0.0	12.177671672665888	39.18092602090801	93.3000030517578	False	0.12987	0.844156	2.962572	0.725576	0.0	0.0	1.099941	2.962572	0.488935	0.012987	0.0	0.0	0	0.0	0	1.094556	2.926286	0.500263	0.037634	0.0	0.0	0	0.0	0	0	0.0	1.107554	2.961108	0.487339	0.019481	0.0	0.0	0	none	0	none	0	none	none	max(insertion_type_count,local_deletion_type_count)	background	4	AF_coil;hexamer_coil_fraction_ge_0.8;AF_rSASA_ge_0.25;hexamer_rSASA_ge_0.25	False		variable	supports	unresolved_exact_subset_too_small	False	unchanged_or_unresolved	301|302	301	H	302	I	309|310	309	exact_aligned	high	A89 flanking residues align directly to adjacent EV-A71 2C residues	296:SQLYSH|IKEEDR:307	304:DTVVSE|LIREYN:315	309	310	309-310	insertional_handle_SGRPGSLS	8	-5.482222	0.022371	-5.482222	direct_insert_strongly_deleterious	-4.803771	-4.577197	-5.193589	-5.104383;-4.997444	1AAdel_right_residue	-4.577197	deletion_context_strongly_deleterious	-2.419242	Bakhache_2024_NatMicrobiol_Dryad_10.5061_dryad.866t1g1xm_QVEU_eva71_dimple_c99331a6	direct_experiment_unfavorable	direct_experiment_unfavorable
302|303	302	303	HIGH_RISK	C-terminal_bundle/RNA-binding_transition	False	0.0	0.0012771027395501	0.0001497262121255	0.0559359135271925	6.465206715231283	39.18092602090801	93.6500015258789	False	0.844156	0.025974	0.725576	1.999312	0.0	0.0	1.072552	2.962572	0.520321	0.012987	0.0	0.0	0	0.0	0	1.061639	2.926286	0.532969	0.037634	0.0	0.0	0	0.0	0	0	0.0	1.080166	2.961108	0.518724	0.019481	0.0	0.0	0	none	0	none	0	none	none	max(insertion_type_count,local_deletion_type_count)	background	4	AF_coil;hexamer_coil_fraction_ge_0.8;AF_rSASA_ge_0.25;hexamer_rSASA_ge_0.25	False		variable	supports	unresolved_exact_subset_too_small	False	unchanged_or_unresolved	302|303	302	I	303	K	310|311	310	exact_aligned	high	A89 flanking residues align directly to adjacent EV-A71 2C residues	297:QLYSHI|KEEDRR:308	305:TVVSEL|IREYNN:316	310	311	310-311	insertional_handle_SGRPGSLS	8	-5.482222	0.022371	-5.482222	direct_insert_strongly_deleterious	-4.577197	-4.681526	-5.258244	-4.997444;-5.083891	1AAdel_left_residue	-4.577197	deletion_context_strongly_deleterious	-1.928596	Bakhache_2024_NatMicrobiol_Dryad_10.5061_dryad.866t1g1xm_QVEU_eva71_dimple_c99331a6	direct_experiment_unfavorable	direct_experiment_unfavorable
303|304	303	304	HIGH_RISK	C-terminal_bundle/RNA-binding_transition	False	0.0	0.2408843487501144	0.2060552882609394	0.0559359135271925	6.465206715231283	40.619540959065056	93.0500030517578	False	0.025974	0.623377	1.999312	1.803907	0.0	0.0	0.993977	2.962572	0.538961	0.012987	0.0	0.0	0	0.0	0	0.985468	2.926286	0.550179	0.037634	0.0	0.0	0	0.0	0	0	0.0	1.000408	2.961108	0.537647	0.019481	0.0	0.0	0	none	0	none	0	none	none	max(insertion_type_count,local_deletion_type_count)	background	4	AF_coil;hexamer_coil_fraction_ge_0.8;AF_rSASA_ge_0.25;hexamer_rSASA_ge_0.25	False		variable	supports	unresolved_exact_subset_too_small	False	unchanged_or_unresolved	303|304	303	K	304	E	311|312	311	exact_aligned	high	A89 flanking residues align directly to adjacent EV-A71 2C residues	298:LYSHIK|EEDRRR:309	306:VVSELI|REYNNR:317	311	312	311-312	insertional_handle_SGRPGSLS	8	-5.688607	0.019389	-5.688607	direct_insert_strongly_deleterious	-4.681526	-4.570301	-5.128432	-5.083891;-5.247754	1AAdel_right_residue	-4.570301	deletion_context_strongly_deleterious	-2.224808	Bakhache_2024_NatMicrobiol_Dryad_10.5061_dryad.866t1g1xm_QVEU_eva71_dimple_c99331a6	direct_experiment_unfavorable	direct_experiment_unfavorable
304|305	304	305	HIGH_RISK	A89_C-terminal_RNA-binding_by_similarity;C-terminal_bundle/RNA-binding_transition	False	0.0	0.0428688377141952	0.0346651843488661	0.0	8.17680393943342	41.81909287175765	93.0500030517578	False	0.623377	1.0	1.803907	0.0	0.0	0.0	1.026673	2.962572	0.538961	0.012987	0.0	0.0	0	0.0	0	1.012489	2.926286	0.550179	0.037634	0.0	0.0	0	0.0	0	0	0.0	1.033104	2.961108	0.537647	0.019481	0.0	0.0	0	none	0	none	0	none	none	max(insertion_type_count,local_deletion_type_count)	background	4	AF_coil;hexamer_coil_fraction_ge_0.8;AF_rSASA_ge_0.25;hexamer_rSASA_ge_0.25	False		variable	supports	unresolved_exact_subset_too_small	False	unchanged_or_unresolved	304|305	304	E	305	E	312|313	312	exact_aligned	high	A89 flanking residues align directly to adjacent EV-A71 2C residues	299:YSHIKE|EDRRRS:310	307:VSELIR|EYNNRS:318	312	313	312-313	insertional_handle_SGRPGSLS	8	-5.650598	0.019907	-5.650598	direct_insert_strongly_deleterious	-4.570301	-4.681526	-5.116480	-5.247754;-5.178636	1AAdel_left_residue	-4.570301	deletion_context_strongly_deleterious	-2.866548	Bakhache_2024_NatMicrobiol_Dryad_10.5061_dryad.866t1g1xm_QVEU_eva71_dimple_c99331a6	direct_experiment_unfavorable	direct_experiment_unfavorable
305|306	305	306	HIGH_RISK	A89_C-terminal_RNA-binding_by_similarity;C-terminal_bundle/RNA-binding_transition	False	0.0	0.0428688377141952	0.0346651843488661	0.0	8.17680393943342	38.58991096534464	92.91000366210938	False	1.0	0.792208	0.0	1.007121	0.0	0.0	1.228251	2.962572	0.463303	0.012987	0.0	0.0	0	0.0	0	1.210326	2.926286	0.475451	0.037634	0.0	0.0	0	0.0	0	0	0.0	1.235429	2.961108	0.461989	0.019481	0.0	0.0	0	none	0	none	0	none	none	max(insertion_type_count,local_deletion_type_count)	background	4	AF_coil;hexamer_coil_fraction_ge_0.8;AF_rSASA_ge_0.25;hexamer_rSASA_ge_0.25	False		variable	supports	unresolved_exact_subset_too_small	False	unchanged_or_unresolved	305|306	305	E	306	D	313|314	313	exact_aligned	high	A89 flanking residues align directly to adjacent EV-A71 2C residues	300:SHIKEE|DRRRSS:311	308:SELIRE|YNNRSV:319	313	314	313-314	insertional_handle_SGRPGSLS	8	-5.674522	0.019579	-5.674522	direct_insert_strongly_deleterious	-4.681526	-4.413262	-5.108432	-5.178636;-5.171074	1AAdel_right_residue	-4.413262	deletion_context_strongly_deleterious	-1.834949	Bakhache_2024_NatMicrobiol_Dryad_10.5061_dryad.866t1g1xm_QVEU_eva71_dimple_c99331a6	direct_experiment_unfavorable	direct_experiment_unfavorable
306|307	306	307	HIGH_RISK	A89_C-terminal_RNA-binding_by_similarity;C-terminal_bundle/RNA-binding_transition	False	0.0	0.1175402179360389	0.0527274402723823	0.0	9.713344590197789	38.58991096534464	92.36000061035156	False	0.792208	0.194805	1.007121	0.97225	0.0	0.0	1.309459	2.962572	0.467632	0.025974	0.0	0.0	0	0.0	0	1.278748	2.926286	0.478587	0.037634	0.0	0.0	0	0.0	0	0	0.0	1.313439	2.961108	0.465777	0.025974	0.0	0.0	0	none	0	none	0	none	none	max(insertion_type_count,local_deletion_type_count)	background	4	AF_coil;hexamer_coil_fraction_ge_0.8;AF_rSASA_ge_0.25;hexamer_rSASA_ge_0.25	False		variable	supports	unresolved_exact_subset_too_small	False	unchanged_or_unresolved	306|307	306	D	307	R	314|315	314	exact_aligned	high	A89 flanking residues align directly to adjacent EV-A71 2C residues	301:HIKEED|RRRSSA:312	309:ELIREY|NNRSVI:320	314	315	314-315	insertional_handle_SGRPGSLS	8	-5.729709	0.018845	-5.729709	direct_insert_strongly_deleterious	-4.413262	-4.468394	-4.932152	-5.171074;-3.937443	3AAdel_spanning_option_2	-3.937443	deletion_context_strongly_deleterious	-1.010327	Bakhache_2024_NatMicrobiol_Dryad_10.5061_dryad.866t1g1xm_QVEU_eva71_dimple_c99331a6	direct_experiment_unfavorable	direct_experiment_unfavorable
307|308	307	308	HIGH_RISK	A89_C-terminal_RNA-binding_by_similarity;C-terminal_bundle/RNA-binding_transition	False	0.0	0.5479483604431152	0.5586115983280823	0.0279561448125663	6.163120580413118	42.81378969957617	92.1999969482422	False	0.194805	0.779221	0.97225	0.977513	0.0	0.0	1.233982	2.418937	0.462221	0.025974	0.0	0.0	0	0.0	0	1.204193	2.374043	0.472315	0.037634	0.0	0.0	0	0.0	0	0	0.0	1.238527	2.427906	0.460366	0.025974	0.0	0.0	0	none	0	none	0	none	none	max(insertion_type_count,local_deletion_type_count)	structural near-miss	2	AF_coil;hexamer_coil_fraction_ge_0.8	False		variable	supports	unresolved_exact_subset_too_small	False	outside_strict_review_only; near-miss plus V2 evolutionary support	307|308	307	R	308	R	315|316	315	exact_aligned	high	A89 flanking residues align directly to adjacent EV-A71 2C residues	302:IKEEDR|RRSSAA:313	310:LIREYN|NRSVIG:321	315	316	315-316	insertional_handle_SGRPGSLS	8	-5.756200	0.018502	-5.756200	direct_insert_strongly_deleterious	-4.468394	-4.781610	-5.037272	-3.937443;-5.120480	3AAdel_spanning_option_1	-3.937443	deletion_context_strongly_deleterious	-0.943852	Bakhache_2024_NatMicrobiol_Dryad_10.5061_dryad.866t1g1xm_QVEU_eva71_dimple_c99331a6	direct_experiment_unfavorable	direct_experiment_unfavorable
308|309	308	309	HIGH_RISK	A89_C-terminal_RNA-binding_by_similarity;C-terminal_bundle/RNA-binding_transition	False	0.0	0.1795460283756256	0.1532573746358681	0.0279561448125663	6.163120580413118	37.74504637541118	91.66000366210938	False	0.779221	1.0	0.977513	0.0	0.0	0.0	1.296153	2.418937	0.396204	0.025974	0.0	0.0	0	0.0	0	1.259526	2.374043	0.407799	0.037634	0.0	0.0	0	0.0	0	0	0.0	1.297805	2.427906	0.394709	0.025974	0.0	0.0	0	none	0	none	0	none	none	max(insertion_type_count,local_deletion_type_count)	background	4	AF_coil;hexamer_coil_fraction_ge_0.8;AF_rSASA_ge_0.25;hexamer_rSASA_ge_0.25	False		variable	supports	unresolved_exact_subset_too_small	False	unchanged_or_unresolved	308|309	308	R	309	R	316|317	316	exact_aligned	high	A89 flanking residues align directly to adjacent EV-A71 2C residues	303:KEEDRR|RSSAAQ:314	311:IREYNN|RSVIGN:322	316	317	316-317	insertional_handle_SGRPGSLS	8	-5.660236	0.019774	-5.660236	direct_insert_strongly_deleterious	-4.781610	-5.171074	-5.104383	-5.120480;-5.128432	1AAdel_left_residue	-4.781610	deletion_context_strongly_deleterious	-1.920986	Bakhache_2024_NatMicrobiol_Dryad_10.5061_dryad.866t1g1xm_QVEU_eva71_dimple_c99331a6	direct_experiment_unfavorable	direct_experiment_unfavorable
309|310	309	310	HIGH_RISK	A89_C-terminal_RNA-binding_by_similarity;C-terminal_bundle/RNA-binding_transition;near_C-terminal_oligomerization_region	False	0.0	0.1795460283756256	0.1532573746358681	0.0056606652823158	6.313164514477313	37.74504637541118	88.98999786376953	False	1.0	0.064935	0.0	1.672065	0.0	0.0	1.228802	2.418937	0.400533	0.051948	0.0	0.0	0	0.0	0	1.191122	2.374043	0.412279	0.064516	0.0	0.0	0	0.0	0	0	0.0	1.230661	2.427906	0.399038	0.051948	0.0	0.0	0	none	0	none	0	none	none	max(insertion_type_count,local_deletion_type_count)	background	4	AF_coil;hexamer_coil_fraction_ge_0.8;AF_rSASA_ge_0.25;hexamer_rSASA_ge_0.25	False		variable	supports	unresolved_exact_subset_too_small	False	unchanged_or_unresolved	309|310	309	R	310	S	317|318	317	exact_aligned	high	A89 flanking residues align directly to adjacent EV-A71 2C residues	304:EEDRRR|SSAAQA:315	312:REYNNR|SVIGNT:323	317	318	317-318	insertional_handle_SGRPGSLS	8	-5.258362	0.026126	-5.258362	direct_insert_strongly_deleterious	-5.171074	-4.452950	-5.071390	-5.128432;-5.171074	1AAdel_right_residue	-4.452950	deletion_context_strongly_deleterious	-1.735313	Bakhache_2024_NatMicrobiol_Dryad_10.5061_dryad.866t1g1xm_QVEU_eva71_dimple_c99331a6	direct_experiment_unfavorable	direct_experiment_unfavorable
310|311	310	311	HIGH_RISK	A89_C-terminal_RNA-binding_by_similarity;C-terminal_bundle/RNA-binding_transition;near_C-terminal_oligomerization_region	False	0.0	0.226054847240448	0.1696851668819304	0.0	5.67807849740379	40.41951651843706	88.98999786376953	False	0.064935	0.092105	1.672065	2.418937	0.0	0.0	1.13548	2.418937	0.416766	0.051948	0.0	0.0	0	0.0	0	1.101143	2.374043	0.428408	0.064516	0.0	0.0	0	0.0	0	0	0.0	1.134827	2.427906	0.416406	0.051948	0.0	0.0	0	none	0	none	0	none	none	max(insertion_type_count,local_deletion_type_count)	background	4	AF_coil;hexamer_coil_fraction_ge_0.8;AF_rSASA_ge_0.25;hexamer_rSASA_ge_0.25	False		variable	supports	unresolved_exact_subset_too_small	False	unchanged_or_unresolved	310|311	310	S	311	S	318|319	318	exact_aligned	high	A89 flanking residues align directly to adjacent EV-A71 2C residues	305:EDRRRS|SAAQAM:316	313:EYNNRS|VIGNTI:324	318	319	318-319	insertional_handle_SGRPGSLS	8	-5.379723	0.024018	-5.379723	direct_insert_strongly_deleterious	-4.452950	-4.656447	-5.104383	-5.171074;-4.814671	1AAdel_left_residue	-4.452950	deletion_context_strongly_deleterious	-0.528346	Bakhache_2024_NatMicrobiol_Dryad_10.5061_dryad.866t1g1xm_QVEU_eva71_dimple_c99331a6	direct_experiment_unfavorable	direct_experiment_unfavorable
311|312	311	312	HIGH_RISK	A89_C-terminal_RNA-binding_by_similarity;C-terminal_bundle/RNA-binding_transition;near_C-terminal_oligomerization_region	False	0.0	0.3720936477184295	0.1676335593526677	0.6883943990333311	4.000018279802316	44.47602290850659	88.72000122070312	False	0.092105	0.064935	2.418937	1.174261	0.0	0.0	1.326254	2.418937	0.343173	0.051948	0.0	0.0	0	0.0	0	1.289636	2.374043	0.355379	0.064516	0.0	0.0	0	0.0	0	0	0.0	1.325602	2.427906	0.342813	0.051948	0.0	0.0	0	none	0	none	0	none	none	max(insertion_type_count,local_deletion_type_count)	background	5	AF_coil;hexamer_coil_fraction_ge_0.8;hexamer_rSASA_ge_0.25;burial_lt_0.10;interprotomer_distance_gt_4.5A	False		variable	supports	unresolved_exact_subset_too_small	False	unchanged_or_unresolved	311|312	311	S	312	A	319|320	319	exact_aligned	high	A89 flanking residues align directly to adjacent EV-A71 2C residues	306:DRRRSS|AAQAME:317	314:YNNRSV|IGNTIE:325	319	320	319-320	insertional_handle_SGRPGSLS	8	-5.729709	0.018845	-5.729709	direct_insert_strongly_deleterious	-4.656447	-4.803771	-5.079741	-4.814671;-5.067189	1AAdel_left_residue	-4.656447	deletion_context_strongly_deleterious	-1.635046	Bakhache_2024_NatMicrobiol_Dryad_10.5061_dryad.866t1g1xm_QVEU_eva71_dimple_c99331a6	direct_experiment_unfavorable	direct_experiment_unfavorable
312|313	312	313	HIGH_RISK	A89_C-terminal_RNA-binding_by_similarity;C-terminal_bundle/RNA-binding_transition;near_C-terminal_oligomerization_region	False	0.0	0.1666155457496643	0.109711566944763	0.6883943990333311	4.000018279802316	41.26117951983205	84.7699966430664	False	0.064935	0.064935	1.174261	2.056845	0.0	0.0	1.242328	2.418937	0.360489	0.051948	0.0	0.0	0	0.0	0	1.214517	2.374043	0.370164	0.064516	0.0	0.0	0	0.0	0	0	0.0	1.241675	2.427906	0.360129	0.051948	0.0	0.0	0	none	0	none	0	none	none	max(insertion_type_count,local_deletion_type_count)	background	6	AF_coil;hexamer_coil_fraction_ge_0.8;AF_rSASA_ge_0.25;hexamer_rSASA_ge_0.25;burial_lt_0.10;interprotomer_distance_gt_4.5A	False		variable	supports	unresolved_exact_subset_too_small	False	unchanged_or_unresolved	312|313	312	A	313	A	320|321	320	exact_aligned	high	A89 flanking residues align directly to adjacent EV-A71 2C residues	307:RRRSSA|AQAMEA:318	315:NNRSVI|GNTIEA:326	320	321	320-321	insertional_handle_SGRPGSLS	8	-5.392341	0.023809	-5.392341	direct_insert_strongly_deleterious	-4.803771	-4.597606	-5.050203	-5.067189;-4.983807	1AAdel_right_residue	-4.597606	deletion_context_strongly_deleterious	-1.679626	Bakhache_2024_NatMicrobiol_Dryad_10.5061_dryad.866t1g1xm_QVEU_eva71_dimple_c99331a6	direct_experiment_unfavorable	direct_experiment_unfavorable
313|314	313	314	HIGH_RISK	C-terminal_bundle/RNA-binding_transition;near_C-terminal_oligomerization_region	False	0.0	0.1666155457496643	0.109711566944763	0.0	5.663163601693764	41.26117951983205	82.9000015258789	False	0.064935	0.051948	2.056845	1.471619	0.0	0.0	1.16964	2.418937	0.426507	0.051948	0.0	0.0	0	0.0	0	1.144	2.374043	0.436024	0.064516	0.0	0.0	0	0.0	0	0	0.0	1.169708	2.427906	0.426507	0.051948	0.0	0.0	0	none	0	none	0	none	none	max(insertion_type_count,local_deletion_type_count)	background	4	AF_coil;hexamer_coil_fraction_ge_0.8;AF_rSASA_ge_0.25;hexamer_rSASA_ge_0.25	False		variable	supports	unresolved_exact_subset_too_small	False	unchanged_or_unresolved	313|314	313	A	314	Q	321|322	321	exact_aligned	high	A89 flanking residues align directly to adjacent EV-A71 2C residues	308:RRSSAA|QAMEAI:319	316:NRSVIG|NTIEAL:327	321	322	321-322	insertional_handle_SGRPGSLS	8	-5.221861	0.026796	-5.221861	direct_insert_strongly_deleterious	-4.597606	-4.862299	-5.258244	-4.983807;-4.974612	1AAdel_left_residue	-4.597606	deletion_context_strongly_deleterious	-1.236884	Bakhache_2024_NatMicrobiol_Dryad_10.5061_dryad.866t1g1xm_QVEU_eva71_dimple_c99331a6	direct_experiment_unfavorable	direct_experiment_unfavorable
314|315	314	315	HIGH_RISK	C-terminal_bundle/RNA-binding_transition;near_C-terminal_oligomerization_region	False	0.0	0.4383750855922699	0.2557414027763583	0.6651290805170893	3.1624560487173543	42.95235790534295	82.9000015258789	False	0.051948	0.077922	1.471619	1.191106	0.0	0.0	1.088181	2.418937	0.444905	0.051948	0.0	0.0	0	0.0	0	1.066115	2.374043	0.452602	0.064516	0.0	0.0	0	0.0	0	0	0.0	1.088249	2.427906	0.444905	0.051948	0.0	0.0	0	none	0	none	0	none	none	max(insertion_type_count,local_deletion_type_count)	background	4	AF_coil;hexamer_coil_fraction_ge_0.8;burial_lt_0.10;interprotomer_distance_gt_4.5A	False		variable	supports	unresolved_exact_subset_too_small	False	unchanged_or_unresolved	314|315	314	Q	315	A	322|323	322	exact_aligned	high	A89 flanking residues align directly to adjacent EV-A71 2C residues	309:RSSAAQ|AMEAIF:320	317:RSVIGN|TIEALF:328	322	323	322-323	insertional_handle_SGRPGSLS	8	-5.447233	0.022920	-5.447233	direct_insert_strongly_deleterious	-4.862299	-4.460702	-5.019766	-4.974612;-5.062969	1AAdel_right_residue	-4.460702	deletion_context_strongly_deleterious	-1.391913	Bakhache_2024_NatMicrobiol_Dryad_10.5061_dryad.866t1g1xm_QVEU_eva71_dimple_c99331a6	direct_experiment_unfavorable	direct_experiment_unfavorable
315|316	315	316	EXCLUDE	A89_C-terminal_oligomerization_region_by_similarity	False	0.0	0.4383750855922699	0.1151241220179058	0.8244054930623689	2.759802478421405	41.52818323815281	82.66999816894531	False	0.077922	0.818182	1.191106	0.684038	0.0	0.0	1.088181	2.418937	0.444905	0.051948	0.0	0.0	0	0.0	0	1.066115	2.374043	0.452602	0.064516	0.0	0.0	0	0.0	0	0	0.0	1.088249	2.427906	0.444905	0.051948	0.0	0.0	0	none	0	none	0	none	none	max(insertion_type_count,local_deletion_type_count)	background	5	AF_coil;hexamer_coil_fraction_ge_0.8;hexamer_rSASA_ge_0.25;burial_lt_0.10;interprotomer_distance_gt_4.5A	False		variable	weakens	unresolved_exact_subset_too_small	False	decreased_or_excluded; hard functional feature dominates	315|316	315	A	316	M	323|324	323	exact_aligned	high	A89 flanking residues align directly to adjacent EV-A71 2C residues	310:SSAAQA|MEAIFQ:321	318:SVIGNT|IEALFQ:329	323	324	323-324	insertional_handle_SGRPGSLS	8	-5.493618	0.022195	-5.493618	direct_insert_strongly_deleterious	-4.460702	-3.304204	-5.136322	-5.062969;-5.289068	1AAdel_right_residue	-3.304204	deletion_context_strongly_deleterious	-1.616493	Bakhache_2024_NatMicrobiol_Dryad_10.5061_dryad.866t1g1xm_QVEU_eva71_dimple_c99331a6	direct_experiment_unfavorable	direct_experiment_unfavorable
316|317	316	317	EXCLUDE	A89_C-terminal_oligomerization_region_by_similarity	False	0.0	0.3065928518772125	0.1151241220179058	0.8244054930623689	2.759802478421405	40.36147489713557	76.83999633789062	False	0.818182	0.116883	0.684038	2.289297	0.0	0.0	1.0351	2.418937	0.479448	0.051948	0.0	0.0	0	0.0	0	1.014473	2.374043	0.486905	0.064516	0.0	0.0	0	0.0	0	0	0.0	1.035174	2.427906	0.479448	0.051948	0.0	0.0	0	none	0	none	0	none	none	max(insertion_type_count,local_deletion_type_count)	background	5	AF_coil;hexamer_coil_fraction_ge_0.8;hexamer_rSASA_ge_0.25;burial_lt_0.10;interprotomer_distance_gt_4.5A	False		variable	weakens	unresolved_exact_subset_too_small	False	decreased_or_excluded; hard functional feature dominates	316|317	316	M	317	E	324|325	324	exact_aligned	high	A89 flanking residues align directly to adjacent EV-A71 2C residues	311:SAAQAM|EAIFQ:321	319:VIGNTI|EALFQ:329	324	325	324-325	insertional_handle_SGRPGSLS	8	-5.176226	0.027657	-5.176226	direct_insert_strongly_deleterious	-3.304204	-4.729874	-5.338420	-5.289068;-5.174862	1AAdel_left_residue	-3.304204	deletion_context_strongly_deleterious	-2.078058	Bakhache_2024_NatMicrobiol_Dryad_10.5061_dryad.866t1g1xm_QVEU_eva71_dimple_c99331a6	direct_experiment_unfavorable	direct_experiment_unfavorable
317|318	317	318	EXCLUDE	A89_C-terminal_oligomerization_region_by_similarity	False	0.0	0.3065928518772125	0.2059147839054398	0.0279184311621799	4.06859155884505	40.36147489713557	76.83999633789062	False	0.116883	1.0	2.289297	0.0	0.0	0.0	0.896717	2.289297	0.518182	0.051948	0.0	0.0	0	0.0	0	0.878516	2.261913	0.525269	0.064516	0.0	0.0	0	0.0	0	0	0.0	0.895901	2.289297	0.518182	0.051948	0.0	0.0	0	none	0	none	0	none	none	max(insertion_type_count,local_deletion_type_count)	background	4	AF_coil;hexamer_coil_fraction_ge_0.8;hexamer_rSASA_ge_0.25;interprotomer_distance_gt_4.5A	False		variable	weakens	unresolved_exact_subset_too_small	False	decreased_or_excluded; hard functional feature dominates	317|318	317	E	318	A	325|326	325	exact_aligned	high	A89 flanking residues align directly to adjacent EV-A71 2C residues	312:AAQAME|AIFQ:321	320:IGNTIE|ALFQ:329	325	326	325-326	insertional_handle_SGRPGSLS	8	-4.920455	0.033021	-4.920455	direct_insert_strongly_deleterious	-4.729874	-4.556363	-5.067189	-5.174862;-5.079741	1AAdel_right_residue	-4.556363	deletion_context_strongly_deleterious	-2.478255	Bakhache_2024_NatMicrobiol_Dryad_10.5061_dryad.866t1g1xm_QVEU_eva71_dimple_c99331a6	direct_experiment_unfavorable	direct_experiment_unfavorable
318|319	318	319	EXCLUDE	A89_C-terminal_oligomerization_region_by_similarity	False	0.0	0.4822628498077392	0.2841738266791587	0.7121850082828299	2.92821906364868	46.89658313362212	78.31999969482422	False	1.0	0.987013	0.0	0.100001	0.0	0.0	0.865878	2.289297	0.568543	0.051948	0.0	0.0	0	0.0	0	0.84606	2.261913	0.575269	0.064516	0.0	0.0	0	0.0	0	0	0.0	0.864972	2.289297	0.568543	0.051948	0.0	0.0	0	none	0	none	0	none	none	max(insertion_type_count,local_deletion_type_count)	background	4	AF_coil;hexamer_coil_fraction_ge_0.8;burial_lt_0.10;interprotomer_distance_gt_4.5A	False		variable	weakens	unresolved_exact_subset_too_small	False	decreased_or_excluded; hard functional feature dominates	318|319	318	A	319	I	326|327	326	exact_aligned	high	A89 flanking residues align directly to adjacent EV-A71 2C residues	313:AQAMEA|IFQ:321	321:GNTIEA|LFQ:329	326	327	326-327	insertional_handle_SGRPGSLS	8	-5.034322	0.030515	-5.034322	direct_insert_strongly_deleterious	-4.556363	-4.274512	-5.024171	-5.079741;-4.809236	1AAdel_right_residue	-4.274512	deletion_context_strongly_deleterious	-2.913424	Bakhache_2024_NatMicrobiol_Dryad_10.5061_dryad.866t1g1xm_QVEU_eva71_dimple_c99331a6	direct_experiment_unfavorable	direct_experiment_unfavorable
319|320	319	320	EXCLUDE	A89_C-terminal_oligomerization_region_by_similarity	False	1.0	0.6564633250236511	0.1172875086466471	0.8621641606287841	2.684936378338328	42.69215074467956	75.95999908447266	False	0.987013	1.0	0.100001	0.0	0.0	0.0	0.717008	2.289297	0.631494	0.051948	0.0	0.0	0	0.0	0	0.697864	2.261913	0.637769	0.064516	0.0	0.0	0	0.0	0	0	0.0	0.715323	2.289297	0.631494	0.051948	0.0	0.0	0	none	0	none	0	none	none	max(insertion_type_count,local_deletion_type_count)	background	4	AF_coil;hexamer_rSASA_ge_0.25;burial_lt_0.10;interprotomer_distance_gt_4.5A	False		variable	weakens	unresolved_exact_subset_too_small	False	decreased_or_excluded; hard functional feature dominates	319|320	319	I	320	F	327|328	327	exact_aligned	high	A89 flanking residues align directly to adjacent EV-A71 2C residues	314:QAMEAI|FQ:321	322:NTIEAL|FQ:329	327	328	327-328	insertional_handle_SGRPGSLS	8	-5.060872	0.029959	-5.060872	direct_insert_strongly_deleterious	-4.274512	-4.363459	-4.563356	-4.809236;-5.037272	1AAdel_left_residue	-4.274512	deletion_context_strongly_deleterious	-2.648984	Bakhache_2024_NatMicrobiol_Dryad_10.5061_dryad.866t1g1xm_QVEU_eva71_dimple_c99331a6	direct_experiment_unfavorable	direct_experiment_unfavorable
320|321	320	321	EXCLUDE	A89_C-terminal_oligomerization_region_by_similarity	True	1.0	0.7241981625556946	0.1172875086466471	0.8621641606287841	2.5539594026673686	42.69215074467956	75.95999908447266	False	1.0	1.0	0.0	0.0	0.0	0.0	0.609206	2.289297	0.714286	0.077922	0.0	0.0	0	0.0	0	0.59667	2.261913	0.719662	0.091398	0.0	0.0	0	0.0	0	0	0.0	0.609206	2.289297	0.714286	0.077922	0.0	0.0	0	none	0	none	0	none	none	max(insertion_type_count,local_deletion_type_count)	background	3	hexamer_rSASA_ge_0.25;burial_lt_0.10;interprotomer_distance_gt_4.5A	False		intermediate	weakens	unresolved_exact_subset_too_small	False	decreased_or_excluded; hard functional feature dominates	320|321	320	F	321	Q	328|329	328	exact_aligned	high	A89 flanking residues align directly to adjacent EV-A71 2C residues	315:AMEAIF|Q:321	323:TIEALF|Q:329	328	329	328-329	insertional_handle_SGRPGSLS	8	-4.644430	0.039984	-4.644430	direct_insert_strongly_deleterious	-4.363459	-4.712016	-4.941745	-5.037272;-5.058732	1AAdel_left_residue	-4.363459	deletion_context_strongly_deleterious	-2.519225	Bakhache_2024_NatMicrobiol_Dryad_10.5061_dryad.866t1g1xm_QVEU_eva71_dimple_c99331a6	direct_experiment_unfavorable	direct_experiment_unfavorable
