junction	left_resid	right_resid	functional_tier	functional_reasons	both_AF_coil	min_hex_coil_fraction	min_AF_rSASA	min_hexamer_mean_rSASA	max_any_chain_burial_fraction	min_interprotomer_heavy_atom_A	min_mean_pore_radial_A	min_AF_CA_pLDDT	strict_structural_pass	hrvA_primary_left_identity	hrvA_primary_right_identity	hrvA_primary_left_entropy	hrvA_primary_right_entropy	hrvA_primary_left_gap_frequency	hrvA_primary_right_gap_frequency	hrvA_primary_window_mean_entropy	hrvA_primary_window_max_entropy	hrvA_primary_window_mean_identity	hrvA_primary_window_min_identity	hrvA_primary_window_mean_gap_frequency	hrvA_primary_window_max_gap_frequency	hrvA_primary_natural_insertion_count	hrvA_primary_natural_insertion_frequency	hrvA_primary_natural_insertion_lengths	hrvA_expanded_window_mean_entropy	hrvA_expanded_window_max_entropy	hrvA_expanded_window_mean_identity	hrvA_expanded_window_min_identity	hrvA_expanded_window_mean_gap_frequency	hrvA_expanded_window_max_gap_frequency	hrvA_expanded_natural_insertion_count	hrvA_expanded_natural_insertion_frequency	hrvA_expanded_natural_insertion_lengths	hrvA_expanded_local_deletion_count	hrvA_expanded_local_deletion_frequency	hrvA_type_weighted_window_mean_entropy	hrvA_type_weighted_window_max_entropy	hrvA_type_weighted_window_mean_identity	hrvA_type_weighted_window_min_identity	hrvA_type_weighted_window_mean_gap_frequency	hrvA_type_weighted_window_max_gap_frequency	hrvA_primary_natural_insertion_type_count	hrvA_primary_natural_insertion_types	hrvA_expanded_natural_insertion_type_count	hrvA_expanded_natural_insertion_types	hrvA_expanded_local_deletion_type_count	hrvA_expanded_local_deletion_types	hrvA_expanded_indel_category	hrvA_expanded_indel_category_basis	structural_track	failed_gate_count	failed_gate_names	literature_rescue_status	literature_rescue_source	hrvA_conservation_class_v2	evolutionary_layer_effect_v2	exact_boundary_sensitivity	focal_junction	priority_interpretation_v2
1|2	1	2	HIGH_RISK	A89_N-terminal_membrane-binding_by_similarity;A89_N-terminal_oligomerization_by_similarity	False	0.0	0.6301447153091431	0.5974925210850638	0.0	20.161821528800402	32.77336850195491	72.31999969482422	False	1.000000	1.000000	0.000000	0.000000	0.000000	0.000000	0.250978	1.005309	0.940631	0.766234	0.000000	0.000000	0	0.000000	0	0.226484	0.904496	0.949309	0.801075	0.000000	0.000000	0	0.000000	0	0	0.000000	0.250978	1.005309	0.940631	0.766234	0.000000	0.000000	0	none	0	none	0	none	none	max(insertion_type_count,local_deletion_type_count)	structural near-miss	2	AF_coil;hexamer_coil_fraction_ge_0.8	False		conserved	weakens	unresolved_exact_subset_too_small	False	decreased; conserved local window
2|3	2	3	HIGH_RISK	A89_N-terminal_membrane-binding_by_similarity;A89_N-terminal_oligomerization_by_similarity	False	0.0	0.49670878052711487	0.4778793211906187	0.0	20.161821528800402	30.029173702848016	77.68000030517578	False	1.000000	0.766234	0.000000	1.005309	0.000000	0.000000	0.219606	1.005309	0.948052	0.766234	0.000000	0.000000	0	0.000000	0	0.198174	0.904496	0.955645	0.801075	0.000000	0.000000	0	0.000000	0	0	0.000000	0.219606	1.005309	0.948052	0.766234	0.000000	0.000000	0	none	0	none	0	none	none	max(insertion_type_count,local_deletion_type_count)	structural near-miss	2	AF_coil;hexamer_coil_fraction_ge_0.8	False		conserved	weakens	unresolved_exact_subset_too_small	False	decreased; conserved local window
3|4	3	4	HIGH_RISK	A89_N-terminal_membrane-binding_by_similarity;A89_N-terminal_oligomerization_by_similarity	False	0.0	0.49670878052711487	0.4778793211906187	0.0	21.64113763607964	30.029173702848016	83.56999969482422	False	0.766234	1.000000	1.005309	0.000000	0.000000	0.000000	0.195205	1.005309	0.953824	0.766234	0.000000	0.000000	0	0.000000	0	0.176154	0.904496	0.960573	0.801075	0.000000	0.000000	0	0.000000	0	0	0.000000	0.195205	1.005309	0.953824	0.766234	0.000000	0.000000	0	none	0	none	0	none	none	max(insertion_type_count,local_deletion_type_count)	structural near-miss	2	AF_coil;hexamer_coil_fraction_ge_0.8	False		conserved	weakens	unresolved_exact_subset_too_small	False	decreased; conserved local window
4|5	4	5	HIGH_RISK	A89_N-terminal_membrane-binding_by_similarity;A89_N-terminal_oligomerization_by_similarity	False	0.0	0.42745134234428406	0.428822221645273	0.0	20.036653515882605	32.86640038982665	90.02999877929688	False	1.000000	0.818182	0.000000	0.751535	0.000000	0.000000	0.175684	1.005309	0.958442	0.766234	0.000000	0.000000	0	0.000000	0	0.158539	0.904496	0.964516	0.801075	0.000000	0.000000	0	0.000000	0	0	0.000000	0.175684	1.005309	0.958442	0.766234	0.000000	0.000000	0	none	0	none	0	none	none	max(insertion_type_count,local_deletion_type_count)	structural near-miss	2	AF_coil;hexamer_coil_fraction_ge_0.8	False		conserved	weakens	unresolved_exact_subset_too_small	False	decreased; conserved local window
5|6	5	6	HIGH_RISK	A89_N-terminal_membrane-binding_by_similarity;A89_N-terminal_oligomerization_by_similarity	False	0.0	0.42745134234428406	0.428822221645273	0.0	14.652049494926299	26.40899000673839	89.8499984741211	False	0.818182	1.000000	0.751535	0.000000	0.000000	0.000000	0.207016	1.005309	0.881936	0.116883	0.000000	0.000000	0	0.000000	0	0.194561	0.904496	0.888563	0.129032	0.000000	0.000000	0	0.000000	0	0	0.000000	0.207016	1.005309	0.881936	0.116883	0.000000	0.000000	0	none	0	none	0	none	none	max(insertion_type_count,local_deletion_type_count)	structural near-miss	2	AF_coil;hexamer_coil_fraction_ge_0.8	False		intermediate	remains unresolved	unresolved_exact_subset_too_small	False	unchanged_or_unresolved
6|7	6	7	HIGH_RISK	A89_N-terminal_membrane-binding_by_similarity;A89_N-terminal_oligomerization_by_similarity	False	0.0	0.5626623034477234	0.6224613081937456	0.0	14.652049494926299	26.40899000673839	89.8499984741211	False	1.000000	1.000000	0.000000	0.000000	0.000000	0.000000	0.189765	1.005309	0.891775	0.116883	0.000000	0.000000	0	0.000000	0	0.178347	0.904496	0.897849	0.129032	0.000000	0.000000	0	0.000000	0	0	0.000000	0.189765	1.005309	0.891775	0.116883	0.000000	0.000000	0	none	0	none	0	none	none	max(insertion_type_count,local_deletion_type_count)	structural near-miss	2	AF_coil;hexamer_coil_fraction_ge_0.8	False		intermediate	remains unresolved	unresolved_exact_subset_too_small	False	unchanged_or_unresolved
7|8	7	8	HIGH_RISK	A89_N-terminal_membrane-binding_by_similarity;A89_N-terminal_oligomerization_by_similarity	False	0.0	0.47552698850631714	0.5349053382873535	0.0	19.25799563734346	27.884523150155598	90.62999725341797	False	1.000000	1.000000	0.000000	0.000000	0.000000	0.000000	0.189765	1.005309	0.891775	0.116883	0.000000	0.000000	0	0.000000	0	0.178347	0.904496	0.897849	0.129032	0.000000	0.000000	0	0.000000	0	0	0.000000	0.189765	1.005309	0.891775	0.116883	0.000000	0.000000	0	none	0	none	0	none	none	max(insertion_type_count,local_deletion_type_count)	structural near-miss	2	AF_coil;hexamer_coil_fraction_ge_0.8	False		intermediate	remains unresolved	unresolved_exact_subset_too_small	False	unchanged_or_unresolved
8|9	8	9	HIGH_RISK	A89_N-terminal_membrane-binding_by_similarity;A89_N-terminal_oligomerization_by_similarity	False	0.0	0.38011422753334045	0.36686394935430483	0.0	16.339820886178366	29.71955126541756	91.08000183105469	False	1.000000	1.000000	0.000000	0.000000	0.000000	0.000000	0.189765	1.005309	0.891775	0.116883	0.000000	0.000000	0	0.000000	0	0.178347	0.904496	0.897849	0.129032	0.000000	0.000000	0	0.000000	0	0	0.000000	0.189765	1.005309	0.891775	0.116883	0.000000	0.000000	0	none	0	none	0	none	none	max(insertion_type_count,local_deletion_type_count)	structural near-miss	2	AF_coil;hexamer_coil_fraction_ge_0.8	False		intermediate	remains unresolved	unresolved_exact_subset_too_small	False	unchanged_or_unresolved
9|10	9	10	HIGH_RISK	A89_N-terminal_membrane-binding_by_similarity;A89_N-terminal_oligomerization_by_similarity	False	0.0	0.38011422753334045	0.36686394935430483	0.0	15.604063685429372	25.09797800758847	91.08000183105469	False	1.000000	1.000000	0.000000	0.000000	0.000000	0.000000	0.105989	0.751535	0.911255	0.116883	0.000000	0.000000	0	0.000000	0	0.102973	0.680893	0.914426	0.129032	0.000000	0.000000	0	0.000000	0	0	0.000000	0.105989	0.751535	0.911255	0.116883	0.000000	0.000000	0	none	0	none	0	none	none	max(insertion_type_count,local_deletion_type_count)	structural near-miss	2	AF_coil;hexamer_coil_fraction_ge_0.8	False		conserved	weakens	unresolved_exact_subset_too_small	False	decreased; conserved local window
10|11	10	11	HIGH_RISK	A89_N-terminal_membrane-binding_by_similarity;A89_N-terminal_oligomerization_by_similarity	False	0.0	0.44478875398635864	0.4170665256289267	0.0	15.604063685429372	25.09797800758847	92.11000061035156	False	1.000000	0.116883	0.000000	0.520335	0.000000	0.000000	0.114323	0.751535	0.910173	0.116883	0.000000	0.000000	0	0.000000	0	0.110118	0.680893	0.913530	0.129032	0.000000	0.000000	0	0.000000	0	0	0.000000	0.114323	0.751535	0.910173	0.116883	0.000000	0.000000	0	none	0	none	0	none	none	max(insertion_type_count,local_deletion_type_count)	structural near-miss	2	AF_coil;hexamer_coil_fraction_ge_0.8	False		conserved	weakens	unresolved_exact_subset_too_small	False	decreased; conserved local window
11|12	11	12	HIGH_RISK	A89_N-terminal_membrane-binding_by_similarity;A89_N-terminal_oligomerization_by_similarity	False	0.0	0.3017096221446991	0.22662524834364475	0.0	17.497497216685673	28.69958687140168	90.87999725341797	False	0.116883	1.000000	0.520335	0.000000	0.000000	0.000000	0.051695	0.520335	0.925325	0.116883	0.000000	0.000000	0	0.000000	0	0.053377	0.554778	0.926523	0.129032	0.000000	0.000000	0	0.000000	0	0	0.000000	0.051695	0.520335	0.925325	0.116883	0.000000	0.000000	0	none	0	none	0	none	none	max(insertion_type_count,local_deletion_type_count)	background	3	AF_coil;hexamer_coil_fraction_ge_0.8;hexamer_rSASA_ge_0.25	False		conserved	weakens	unresolved_exact_subset_too_small	False	decreased; conserved local window
12|13	12	13	HIGH_RISK	A89_N-terminal_membrane-binding_by_similarity;A89_N-terminal_oligomerization_by_similarity	False	0.0	0.3017096221446991	0.22662524834364475	0.0	13.895185071503036	26.325484225248484	90.87999725341797	False	1.000000	1.000000	0.000000	0.000000	0.000000	0.000000	0.051695	0.520335	0.925325	0.116883	0.000000	0.000000	0	0.000000	0	0.053377	0.554778	0.926523	0.129032	0.000000	0.000000	0	0.000000	0	0	0.000000	0.051695	0.520335	0.925325	0.116883	0.000000	0.000000	0	none	0	none	0	none	none	max(insertion_type_count,local_deletion_type_count)	background	3	AF_coil;hexamer_coil_fraction_ge_0.8;hexamer_rSASA_ge_0.25	False		conserved	weakens	unresolved_exact_subset_too_small	False	decreased; conserved local window
13|14	13	14	HIGH_RISK	A89_N-terminal_membrane-binding_by_similarity;A89_N-terminal_oligomerization_by_similarity	False	0.0	0.4294111132621765	0.4149996291759402	0.0	13.895185071503036	25.632124567491292	92.02999877929688	False	1.000000	1.000000	0.000000	0.000000	0.000000	0.000000	0.051695	0.520335	0.925325	0.116883	0.000000	0.000000	0	0.000000	0	0.053377	0.554778	0.926523	0.129032	0.000000	0.000000	0	0.000000	0	0	0.000000	0.051695	0.520335	0.925325	0.116883	0.000000	0.000000	0	none	0	none	0	none	none	max(insertion_type_count,local_deletion_type_count)	structural near-miss	2	AF_coil;hexamer_coil_fraction_ge_0.8	False		conserved	weakens	unresolved_exact_subset_too_small	False	decreased; conserved local window
14|15	14	15	HIGH_RISK	A89_N-terminal_membrane-binding_by_similarity;A89_N-terminal_oligomerization_by_similarity	False	0.0	0.4294111132621765	0.4149996291759402	0.0	16.84727476206532	25.632124567491292	94.19000244140625	False	1.000000	1.000000	0.000000	0.000000	0.000000	0.000000	0.051695	0.520335	0.925325	0.116883	0.000000	0.000000	0	0.000000	0	0.053377	0.554778	0.926523	0.129032	0.000000	0.000000	0	0.000000	0	0	0.000000	0.051695	0.520335	0.925325	0.116883	0.000000	0.000000	0	none	0	none	0	none	none	max(insertion_type_count,local_deletion_type_count)	structural near-miss	2	AF_coil;hexamer_coil_fraction_ge_0.8	False		conserved	weakens	unresolved_exact_subset_too_small	False	decreased; conserved local window
15|16	15	16	HIGH_RISK	A89_N-terminal_membrane-binding_by_similarity;A89_N-terminal_oligomerization_by_similarity	False	0.0	0.43352678418159485	0.4357210252944197	0.0	11.222370836094207	27.048365850858048	92.16999816894531	False	1.000000	0.987013	0.000000	0.100001	0.000000	0.000000	0.103718	0.624274	0.912338	0.116883	0.000000	0.000000	0	0.000000	0	0.100827	0.569406	0.915323	0.129032	0.000000	0.000000	0	0.000000	0	0	0.000000	0.103718	0.624274	0.912338	0.116883	0.000000	0.000000	0	none	0	none	0	none	none	max(insertion_type_count,local_deletion_type_count)	structural near-miss	2	AF_coil;hexamer_coil_fraction_ge_0.8	False		conserved	weakens	unresolved_exact_subset_too_small	False	decreased; conserved local window
16|17	16	17	HIGH_RISK	A89_N-terminal_membrane-binding_by_similarity;A89_N-terminal_oligomerization_by_similarity	False	0.0	0.2822425663471222	0.27056295443803835	0.0	11.222370836094207	24.183254788555924	92.16999816894531	False	0.987013	1.000000	0.100001	0.000000	0.000000	0.000000	0.103718	0.624274	0.912338	0.116883	0.000000	0.000000	0	0.000000	0	0.100827	0.569406	0.915323	0.129032	0.000000	0.000000	0	0.000000	0	0	0.000000	0.103718	0.624274	0.912338	0.116883	0.000000	0.000000	0	none	0	none	0	none	none	max(insertion_type_count,local_deletion_type_count)	structural near-miss	2	AF_coil;hexamer_coil_fraction_ge_0.8	False		conserved	weakens	unresolved_exact_subset_too_small	False	decreased; conserved local window
17|18	17	18	HIGH_RISK	A89_N-terminal_membrane-binding_by_similarity;A89_N-terminal_oligomerization_by_similarity	False	0.0	0.2822425663471222	0.27056295443803835	0.0	14.652049494926299	24.183254788555924	93.54000091552734	False	1.000000	1.000000	0.000000	0.000000	0.000000	0.000000	0.103520	0.624274	0.908009	0.064935	0.000000	0.000000	0	0.000000	0	0.098983	0.569406	0.910842	0.075269	0.000000	0.000000	0	0.000000	0	0	0.000000	0.103520	0.624274	0.908009	0.064935	0.000000	0.000000	0	none	0	none	0	none	none	max(insertion_type_count,local_deletion_type_count)	structural near-miss	2	AF_coil;hexamer_coil_fraction_ge_0.8	False		conserved	weakens	unresolved_exact_subset_too_small	False	decreased; conserved local window
18|19	18	19	HIGH_RISK	A89_N-terminal_membrane-binding_by_similarity;A89_N-terminal_oligomerization_by_similarity	False	0.0	0.4885774552822113	0.4771236425379823	0.0	14.652049494926299	24.346853786757716	93.54000091552734	False	1.000000	1.000000	0.000000	0.000000	0.000000	0.000000	0.103520	0.624274	0.908009	0.064935	0.000000	0.000000	0	0.000000	0	0.098983	0.569406	0.910842	0.075269	0.000000	0.000000	0	0.000000	0	0	0.000000	0.103520	0.624274	0.908009	0.064935	0.000000	0.000000	0	none	0	none	0	none	none	max(insertion_type_count,local_deletion_type_count)	structural near-miss	2	AF_coil;hexamer_coil_fraction_ge_0.8	False		conserved	weakens	unresolved_exact_subset_too_small	False	decreased; conserved local window
19|20	19	20	HIGH_RISK	A89_N-terminal_membrane-binding_by_similarity;A89_N-terminal_oligomerization_by_similarity	False	0.0	0.4885774552822113	0.4771236425379823	0.0	9.069988292407903	20.058138074014433	94.1500015258789	False	1.000000	1.000000	0.000000	0.000000	0.000000	0.000000	0.103520	0.624274	0.908009	0.064935	0.000000	0.000000	0	0.000000	0	0.098983	0.569406	0.910842	0.075269	0.000000	0.000000	0	0.000000	0	0	0.000000	0.103520	0.624274	0.908009	0.064935	0.000000	0.000000	0	none	0	none	0	none	none	max(insertion_type_count,local_deletion_type_count)	structural near-miss	2	AF_coil;hexamer_coil_fraction_ge_0.8	False		conserved	weakens	unresolved_exact_subset_too_small	False	decreased; conserved local window
20|21	20	21	HIGH_RISK	A89_N-terminal_membrane-binding_by_similarity;A89_N-terminal_oligomerization_by_similarity	False	0.0	0.4161914587020874	0.4476131626393791	0.0	9.069988292407903	20.058138074014433	93.56999969482422	False	1.000000	0.844156	0.000000	0.624274	0.000000	0.000000	0.103520	0.624274	0.908009	0.064935	0.000000	0.000000	0	0.000000	0	0.098983	0.569406	0.910842	0.075269	0.000000	0.000000	0	0.000000	0	0	0.000000	0.103520	0.624274	0.908009	0.064935	0.000000	0.000000	0	none	0	none	0	none	none	max(insertion_type_count,local_deletion_type_count)	structural near-miss	2	AF_coil;hexamer_coil_fraction_ge_0.8	False		conserved	weakens	unresolved_exact_subset_too_small	False	decreased; conserved local window
21|22	21	22	HIGH_RISK	A89_N-terminal_RNA-binding/RTN3_site_by_similarity;A89_N-terminal_membrane-binding_by_similarity;A89_N-terminal_oligomerization_by_similarity	False	0.0	0.3500325083732605	0.3296240476461557	0.0	14.770456689973956	21.027019387178516	93.56999969482422	False	0.844156	1.000000	0.624274	0.000000	0.000000	0.000000	0.103520	0.624274	0.908009	0.064935	0.000000	0.000000	0	0.000000	0	0.098983	0.569406	0.910842	0.075269	0.000000	0.000000	0	0.000000	0	0	0.000000	0.103520	0.624274	0.908009	0.064935	0.000000	0.000000	0	none	0	none	0	none	none	max(insertion_type_count,local_deletion_type_count)	structural near-miss	2	AF_coil;hexamer_coil_fraction_ge_0.8	False		conserved	weakens	unresolved_exact_subset_too_small	False	decreased; conserved local window
22|23	22	23	HIGH_RISK	A89_N-terminal_RNA-binding/RTN3_site_by_similarity;A89_N-terminal_membrane-binding_by_similarity;A89_N-terminal_oligomerization_by_similarity	False	0.0	0.3500325083732605	0.3296240476461557	0.0	12.92317958474467	25.20107661965105	94.43000030517578	False	1.000000	0.064935	0.000000	0.517962	0.000000	0.000000	0.095186	0.624274	0.909091	0.064935	0.000000	0.000000	0	0.000000	0	0.091837	0.569406	0.911738	0.075269	0.000000	0.000000	0	0.000000	0	0	0.000000	0.095186	0.624274	0.909091	0.064935	0.000000	0.000000	0	none	0	none	0	none	none	max(insertion_type_count,local_deletion_type_count)	structural near-miss	2	AF_coil;hexamer_coil_fraction_ge_0.8	False		conserved	weakens	unresolved_exact_subset_too_small	False	decreased; conserved local window
23|24	23	24	HIGH_RISK	A89_N-terminal_RNA-binding/RTN3_site_by_similarity;A89_N-terminal_membrane-binding_by_similarity;A89_N-terminal_oligomerization_by_similarity	False	0.0	0.4181397259235382	0.41308261447482636	0.0	7.92059071902797	21.35780558469085	93.48999786376953	False	0.064935	1.000000	0.517962	0.000000	0.000000	0.000000	0.095186	0.624274	0.909091	0.064935	0.000000	0.000000	0	0.000000	0	0.091837	0.569406	0.911738	0.075269	0.000000	0.000000	0	0.000000	0	0	0.000000	0.095186	0.624274	0.909091	0.064935	0.000000	0.000000	0	none	0	none	0	none	none	max(insertion_type_count,local_deletion_type_count)	structural near-miss	2	AF_coil;hexamer_coil_fraction_ge_0.8	False		conserved	weakens	unresolved_exact_subset_too_small	False	decreased; conserved local window
24|25	24	25	HIGH_RISK	A89_N-terminal_RNA-binding/RTN3_site_by_similarity;A89_N-terminal_membrane-binding_by_similarity;A89_N-terminal_oligomerization_by_similarity	False	0.0	0.4501197338104248	0.4812449492977164	0.0	7.92059071902797	21.35780558469085	93.38999938964844	False	1.000000	1.000000	0.000000	0.000000	0.000000	0.000000	0.178022	0.994030	0.871212	0.064935	0.000000	0.000000	0	0.000000	0	0.173382	0.978542	0.877240	0.075269	0.000000	0.000000	0	0.000000	0	0	0.000000	0.178022	0.994030	0.871212	0.064935	0.000000	0.000000	0	none	0	none	0	none	none	max(insertion_type_count,local_deletion_type_count)	structural near-miss	2	AF_coil;hexamer_coil_fraction_ge_0.8	False		intermediate	remains unresolved	unresolved_exact_subset_too_small	False	unchanged_or_unresolved
25|26	25	26	HIGH_RISK	A89_N-terminal_RNA-binding/RTN3_site_by_similarity;A89_N-terminal_membrane-binding_by_similarity;A89_N-terminal_oligomerization_by_similarity	False	0.0	0.3644883930683136	0.40582595332976307	0.0	11.756534934611553	22.32028647559821	93.38999938964844	False	1.000000	1.000000	0.000000	0.000000	0.000000	0.000000	0.178022	0.994030	0.871212	0.064935	0.000000	0.000000	0	0.000000	0	0.173382	0.978542	0.877240	0.075269	0.000000	0.000000	0	0.000000	0	0	0.000000	0.178022	0.994030	0.871212	0.064935	0.000000	0.000000	0	none	0	none	0	none	none	max(insertion_type_count,local_deletion_type_count)	structural near-miss	2	AF_coil;hexamer_coil_fraction_ge_0.8	False		intermediate	remains unresolved	unresolved_exact_subset_too_small	False	unchanged_or_unresolved
26|27	26	27	HIGH_RISK	A89_N-terminal_RNA-binding/RTN3_site_by_similarity;A89_N-terminal_membrane-binding_by_similarity;A89_N-terminal_oligomerization_by_similarity	False	0.0	0.3644883930683136	0.40582595332976307	0.0	8.302787169522096	23.659978489987235	91.88999938964844	False	1.000000	1.000000	0.000000	0.000000	0.000000	0.000000	0.289810	1.341449	0.794372	0.064935	0.000000	0.000000	0	0.000000	0	0.280510	1.285536	0.801523	0.075269	0.000000	0.000000	0	0.000000	0	0	0.000000	0.289810	1.341449	0.794372	0.064935	0.000000	0.000000	0	none	0	none	0	none	none	max(insertion_type_count,local_deletion_type_count)	structural near-miss	2	AF_coil;hexamer_coil_fraction_ge_0.8	False		intermediate	remains unresolved	unresolved_exact_subset_too_small	False	unchanged_or_unresolved
27|28	27	28	HIGH_RISK	A89_N-terminal_membrane-binding_by_similarity;A89_N-terminal_oligomerization_by_similarity	False	0.0	0.4745776355266571	0.5231240961286757	0.0	8.302787169522096	18.15886407641134	91.88999938964844	False	1.000000	1.000000	0.000000	0.000000	0.000000	0.000000	0.246120	1.341449	0.806277	0.064935	0.000000	0.000000	0	0.000000	0	0.240205	1.285536	0.811828	0.075269	0.000000	0.000000	0	0.000000	0	0	0.000000	0.246120	1.341449	0.806277	0.064935	0.000000	0.000000	0	none	0	none	0	none	none	max(insertion_type_count,local_deletion_type_count)	structural near-miss	2	AF_coil;hexamer_coil_fraction_ge_0.8	False		intermediate	remains unresolved	unresolved_exact_subset_too_small	False	unchanged_or_unresolved
28|29	28	29	HIGH_RISK	A89_N-terminal_membrane-binding_by_similarity;A89_N-terminal_oligomerization_by_similarity	False	0.0	0.38922831416130066	0.4073375630903164	0.0	9.069988292407903	18.15886407641134	90.58999633789062	False	1.000000	1.000000	0.000000	0.000000	0.000000	0.000000	0.262766	1.341449	0.804113	0.064935	0.000000	0.000000	0	0.000000	0	0.254482	1.285536	0.810036	0.075269	0.000000	0.000000	0	0.000000	0	0	0.000000	0.262766	1.341449	0.804113	0.064935	0.000000	0.000000	0	none	0	none	0	none	none	max(insertion_type_count,local_deletion_type_count)	structural near-miss	2	AF_coil;hexamer_coil_fraction_ge_0.8	False		intermediate	remains unresolved	unresolved_exact_subset_too_small	False	unchanged_or_unresolved
29|30	29	30	HIGH_RISK	A89_N-terminal_membrane-binding_by_similarity;A89_N-terminal_oligomerization_by_similarity	False	0.0	0.38922831416130066	0.4073375630903164	0.0	9.74015491928499	23.91385274941617	90.58999633789062	False	1.000000	0.545455	0.000000	0.994030	0.000000	0.000000	0.219603	1.341449	0.882035	0.077922	0.000000	0.000000	0	0.000000	0	0.210095	1.285536	0.887097	0.091398	0.000000	0.000000	0	0.000000	0	0	0.000000	0.219603	1.341449	0.882035	0.077922	0.000000	0.000000	0	none	0	none	0	none	none	max(insertion_type_count,local_deletion_type_count)	structural near-miss	2	AF_coil;hexamer_coil_fraction_ge_0.8	False		intermediate	remains unresolved	unresolved_exact_subset_too_small	False	unchanged_or_unresolved
30|31	30	31	HIGH_RISK	A89_N-terminal_membrane-binding_by_similarity;A89_N-terminal_oligomerization_by_similarity	False	0.0	0.43352898955345154	0.4125907713473358	0.0	7.585599420635388	17.0999970319231	90.8499984741211	False	0.545455	1.000000	0.994030	0.000000	0.000000	0.000000	0.219603	1.341449	0.882035	0.077922	0.000000	0.000000	0	0.000000	0	0.210095	1.285536	0.887097	0.091398	0.000000	0.000000	0	0.000000	0	0	0.000000	0.219603	1.341449	0.882035	0.077922	0.000000	0.000000	0	none	0	none	0	none	none	max(insertion_type_count,local_deletion_type_count)	structural near-miss	2	AF_coil;hexamer_coil_fraction_ge_0.8	False		intermediate	remains unresolved	unresolved_exact_subset_too_small	False	unchanged_or_unresolved
31|32	31	32	HIGH_RISK	A89_N-terminal_membrane-binding_by_similarity;A89_N-terminal_oligomerization_by_similarity	False	0.0	0.3567967414855957	0.34293107615307905	0.0	7.585599420635388	17.0999970319231	90.23999786376953	False	1.000000	0.077922	0.000000	1.341449	0.000000	0.000000	0.219603	1.341449	0.882035	0.077922	0.000000	0.000000	0	0.000000	0	0.210095	1.285536	0.887097	0.091398	0.000000	0.000000	0	0.000000	0	0	0.000000	0.219603	1.341449	0.882035	0.077922	0.000000	0.000000	0	none	0	none	0	none	none	max(insertion_type_count,local_deletion_type_count)	structural near-miss	2	AF_coil;hexamer_coil_fraction_ge_0.8	False		intermediate	remains unresolved	unresolved_exact_subset_too_small	False	unchanged_or_unresolved
32|33	32	33	HIGH_RISK	A89_N-terminal_membrane-binding_by_similarity;A89_N-terminal_oligomerization_by_similarity	False	0.0	0.3567967414855957	0.34293107615307905	0.0	7.92059071902797	21.43627987039837	87.04000091552734	False	0.077922	0.987013	1.341449	0.100001	0.000000	0.000000	0.219603	1.341449	0.882035	0.077922	0.000000	0.000000	0	0.000000	0	0.210095	1.285536	0.887097	0.091398	0.000000	0.000000	0	0.000000	0	0	0.000000	0.219603	1.341449	0.882035	0.077922	0.000000	0.000000	0	none	0	none	0	none	none	max(insertion_type_count,local_deletion_type_count)	structural near-miss	2	AF_coil;hexamer_coil_fraction_ge_0.8	False		intermediate	remains unresolved	unresolved_exact_subset_too_small	False	unchanged_or_unresolved
33|34	33	34	HIGH_RISK	A89_N-terminal_membrane-binding_by_similarity;A89_N-terminal_oligomerization_by_similarity	False	0.0	0.4137580096721649	0.42830501269268734	0.10590428128786919	6.3865247698501815	23.8140360519416	87.04000091552734	False	0.987013	0.974026	0.100001	0.199755	0.000000	0.000000	0.227936	1.341449	0.880952	0.077922	0.000000	0.000000	0	0.000000	0	0.217240	1.285536	0.886201	0.091398	0.000000	0.000000	0	0.000000	0	0	0.000000	0.227936	1.341449	0.880952	0.077922	0.000000	0.000000	0	none	0	none	0	none	none	max(insertion_type_count,local_deletion_type_count)	background	3	AF_coil;hexamer_coil_fraction_ge_0.8;burial_lt_0.10	False		intermediate	remains unresolved	unresolved_exact_subset_too_small	False	unchanged_or_unresolved
34|35	34	35	HIGH_RISK	A89_N-terminal_membrane-binding_by_similarity;A89_N-terminal_oligomerization_by_similarity	False	0.0	0.38665369153022766	0.35211815152849474	0.1945948698609725	5.276790886924877	18.01826120487846	86.11000061035156	False	0.974026	1.000000	0.199755	0.000000	0.000000	0.000000	0.291236	1.341449	0.866883	0.077922	0.000000	0.000000	0	0.000000	0	0.275595	1.285536	0.873656	0.091398	0.000000	0.000000	0	0.000000	0	0	0.000000	0.291236	1.341449	0.866883	0.077922	0.000000	0.000000	0	none	0	none	0	none	none	max(insertion_type_count,local_deletion_type_count)	background	3	AF_coil;hexamer_coil_fraction_ge_0.8;burial_lt_0.10	False		intermediate	remains unresolved	unresolved_exact_subset_too_small	False	unchanged_or_unresolved
35|36	35	36	HIGH_RISK	A89_N-terminal_membrane-binding_by_similarity;A89_N-terminal_oligomerization_by_similarity	False	0.0	0.38665369153022766	0.35211815152849474	0.1945948698609725	5.276790886924877	18.01826120487846	86.11000061035156	False	1.000000	1.000000	0.000000	0.000000	0.000000	0.000000	0.305718	1.341449	0.864719	0.077922	0.000000	0.000000	0	0.000000	0	0.288079	1.285536	0.871864	0.091398	0.000000	0.000000	0	0.000000	0	0	0.000000	0.305718	1.341449	0.864719	0.077922	0.000000	0.000000	0	none	0	none	0	none	none	max(insertion_type_count,local_deletion_type_count)	background	3	AF_coil;hexamer_coil_fraction_ge_0.8;burial_lt_0.10	False		intermediate	remains unresolved	unresolved_exact_subset_too_small	False	unchanged_or_unresolved
36|37	36	37	HIGH_RISK	A89_N-terminal_membrane-binding_by_similarity;A89_N-terminal_oligomerization_by_similarity	False	0.0	0.4173215329647064	0.4541169351606227	0.0	7.54248047418891	24.25704921633069	85.12000274658203	False	1.000000	1.000000	0.000000	0.000000	0.000000	0.000000	0.222882	1.341449	0.902597	0.077922	0.000000	0.000000	0	0.000000	0	0.206534	1.285536	0.906362	0.091398	0.000000	0.000000	0	0.000000	0	0	0.000000	0.222882	1.341449	0.902597	0.077922	0.000000	0.000000	0	none	0	none	0	none	none	max(insertion_type_count,local_deletion_type_count)	structural near-miss	2	AF_coil;hexamer_coil_fraction_ge_0.8	False		conserved	weakens	unresolved_exact_subset_too_small	False	decreased; conserved local window
37|38	37	38	HIGH_RISK	A89_N-terminal_membrane-binding_by_similarity;A89_N-terminal_oligomerization_by_similarity	False	0.0	0.4173215329647064	0.38254373621057586	0.3428126370245481	3.3957818640344923	20.724569873100688	85.11000061035156	False	1.000000	1.000000	0.000000	0.000000	0.000000	0.000000	0.298126	1.341449	0.835498	0.077922	0.000000	0.000000	0	0.000000	0	0.278400	1.285536	0.838710	0.091398	0.000000	0.000000	0	0.000000	0	0	0.000000	0.298126	1.341449	0.835498	0.077922	0.000000	0.000000	0	none	0	none	0	none	none	max(insertion_type_count,local_deletion_type_count)	background	4	AF_coil;hexamer_coil_fraction_ge_0.8;burial_lt_0.10;interprotomer_distance_gt_4.5A	False		intermediate	remains unresolved	unresolved_exact_subset_too_small	False	unchanged_or_unresolved
38|39	38	39	HIGH_RISK	A89_N-terminal_membrane-binding_by_similarity;A89_N-terminal_oligomerization_by_similarity	False	0.0	0.37926745414733887	0.3273100939215924	0.3428126370245481	3.3957818640344923	20.724569873100688	85.11000061035156	False	1.000000	0.987013	0.000000	0.100001	0.000000	0.000000	0.278937	1.111174	0.837662	0.103896	0.000000	0.000000	0	0.000000	0	0.262485	1.094556	0.840054	0.107527	0.000000	0.000000	0	0.000000	0	0	0.000000	0.278937	1.111174	0.837662	0.103896	0.000000	0.000000	0	none	0	none	0	none	none	max(insertion_type_count,local_deletion_type_count)	background	4	AF_coil;hexamer_coil_fraction_ge_0.8;burial_lt_0.10;interprotomer_distance_gt_4.5A	False		intermediate	remains unresolved	unresolved_exact_subset_too_small	False	unchanged_or_unresolved
39|40	39	40	HIGH_RISK	A89_N-terminal_membrane-binding_by_similarity;A89_N-terminal_oligomerization_by_similarity	False	0.0	0.37926745414733887	0.3273100939215924	0.0	9.46033338977708	22.566885395275722	85.33000183105469	False	0.987013	0.831169	0.100001	0.759595	0.000000	0.000000	0.313964	1.111174	0.829004	0.103896	0.000000	0.000000	0	0.000000	0	0.294988	1.094556	0.832437	0.107527	0.000000	0.000000	0	0.000000	0	0	0.000000	0.313964	1.111174	0.829004	0.103896	0.000000	0.000000	0	none	0	none	0	none	none	max(insertion_type_count,local_deletion_type_count)	structural near-miss	2	AF_coil;hexamer_coil_fraction_ge_0.8	False		intermediate	remains unresolved	unresolved_exact_subset_too_small	False	unchanged_or_unresolved
40|41	40	41	HIGH_RISK	A89_N-terminal_membrane-binding_by_similarity;A89_N-terminal_oligomerization_by_similarity	False	0.0	0.3778323531150818	0.3341553120273065	0.0	8.648653268484932	24.152726954603747	85.55999755859375	False	0.831169	0.974026	0.759595	0.173781	0.000000	0.000000	0.351903	1.111174	0.817100	0.103896	0.000000	0.000000	0	0.000000	0	0.331644	1.094556	0.821685	0.107527	0.000000	0.000000	0	0.000000	0	0	0.000000	0.351903	1.111174	0.817100	0.103896	0.000000	0.000000	0	none	0	none	0	none	none	max(insertion_type_count,local_deletion_type_count)	structural near-miss	2	AF_coil;hexamer_coil_fraction_ge_0.8	False		intermediate	remains unresolved	unresolved_exact_subset_too_small	False	unchanged_or_unresolved
41|42	41	42	HIGH_RISK	A89_N-terminal_membrane-binding_by_similarity;A89_N-terminal_oligomerization_by_similarity	False	0.0	0.3152824640274048	0.3341553120273065	0.0	8.648653268484932	16.13192447836819	86.0199966430664	False	0.974026	1.000000	0.173781	0.000000	0.000000	0.000000	0.533563	2.179913	0.738095	0.051948	0.000000	0.000000	0	0.000000	0	0.511900	2.163079	0.743279	0.059140	0.000000	0.000000	0	0.000000	0	0	0.000000	0.533902	2.183979	0.738095	0.051948	0.000000	0.000000	0	none	0	none	0	none	none	max(insertion_type_count,local_deletion_type_count)	structural near-miss	2	AF_coil;hexamer_coil_fraction_ge_0.8	False		intermediate	remains unresolved	unresolved_exact_subset_too_small	False	unchanged_or_unresolved
42|43	42	43	HIGH_RISK	A89_N-terminal_membrane-binding_by_similarity;A89_N-terminal_oligomerization_by_similarity	False	0.0	0.3152824640274048	0.36861504807984086	0.0	8.781699827724397	16.13192447836819	85.93000030517578	False	1.000000	0.194805	0.000000	0.902932	0.000000	0.000000	0.656765	2.179913	0.661255	0.051948	0.000000	0.000000	0	0.000000	0	0.630049	2.163079	0.667563	0.059140	0.000000	0.000000	0	0.000000	0	0	0.000000	0.657104	2.183979	0.661255	0.051948	0.000000	0.000000	0	none	0	none	0	none	none	max(insertion_type_count,local_deletion_type_count)	structural near-miss	2	AF_coil;hexamer_coil_fraction_ge_0.8	False		variable	supports	unresolved_exact_subset_too_small	False	outside_strict_review_only; near-miss plus V2 evolutionary support
43|44	43	44	HIGH_RISK	A89_N-terminal_membrane-binding_by_similarity;A89_N-terminal_oligomerization_by_similarity	False	0.0	0.3378402590751648	0.3179676668631598	0.0	8.781699827724397	23.462485336288395	85.93000030517578	False	0.194805	0.103896	0.902932	1.111174	0.000000	0.000000	0.687810	2.179913	0.656926	0.051948	0.000000	0.000000	0	0.000000	0	0.663503	2.163079	0.662634	0.059140	0.000000	0.000000	0	0.000000	0	0	0.000000	0.688149	2.183979	0.656926	0.051948	0.000000	0.000000	0	none	0	none	0	none	none	max(insertion_type_count,local_deletion_type_count)	structural near-miss	2	AF_coil;hexamer_coil_fraction_ge_0.8	False		variable	supports	unresolved_exact_subset_too_small	False	outside_strict_review_only; near-miss plus V2 evolutionary support
44|45	44	45	HIGH_RISK	A89_N-terminal_membrane-binding_by_similarity;A89_N-terminal_oligomerization_by_similarity	False	0.0	0.0008487476734444499	0.0	0.0	9.950103665681892	18.90997415132494	87.5199966430664	False	0.103896	0.883117	1.111174	0.520335	0.000000	0.000000	0.696143	2.179913	0.655844	0.051948	0.000000	0.000000	0	0.000000	0	0.670649	2.163079	0.661738	0.059140	0.000000	0.000000	0	0.000000	0	0	0.000000	0.696482	2.183979	0.655844	0.051948	0.000000	0.000000	0	none	0	none	0	none	none	max(insertion_type_count,local_deletion_type_count)	background	4	AF_coil;hexamer_coil_fraction_ge_0.8;AF_rSASA_ge_0.25;hexamer_rSASA_ge_0.25	False		variable	supports	unresolved_exact_subset_too_small	False	unchanged_or_unresolved
45|46	45	46	HIGH_RISK	A89_N-terminal_membrane-binding_by_similarity;A89_N-terminal_oligomerization_by_similarity	False	0.0	0.0008487476734444499	0.0	0.025117847995942334	6.8958420846339505	18.90997415132494	88.05999755859375	False	0.883117	0.831169	0.520335	0.655024	0.000000	0.000000	0.766088	2.179913	0.596320	0.051948	0.000000	0.000000	0	0.000000	0	0.741496	2.163079	0.600806	0.059140	0.000000	0.000000	0	0.000000	0	0	0.000000	0.766427	2.183979	0.596320	0.051948	0.000000	0.000000	0	none	0	none	0	none	none	max(insertion_type_count,local_deletion_type_count)	background	4	AF_coil;hexamer_coil_fraction_ge_0.8;AF_rSASA_ge_0.25;hexamer_rSASA_ge_0.25	False		variable	supports	unresolved_exact_subset_too_small	False	unchanged_or_unresolved
46|47	46	47	HIGH_RISK	A89_N-terminal_membrane-binding_by_similarity;A89_N-terminal_oligomerization_by_similarity	False	0.0	0.330196738243103	0.3015147251869315	0.025117847995942334	6.8958420846339505	20.024468182104204	88.05999755859375	False	0.831169	0.051948	0.655024	2.179913	0.000000	0.000000	0.702788	2.179913	0.610390	0.051948	0.000000	0.000000	0	0.000000	0	0.683142	2.163079	0.613351	0.059140	0.000000	0.000000	0	0.000000	0	0	0.000000	0.703127	2.183979	0.610390	0.051948	0.000000	0.000000	0	none	0	none	0	none	none	max(insertion_type_count,local_deletion_type_count)	structural near-miss	2	AF_coil;hexamer_coil_fraction_ge_0.8	False		variable	supports	unresolved_exact_subset_too_small	False	outside_strict_review_only; near-miss plus V2 evolutionary support
47|48	47	48	HIGH_RISK	A89_N-terminal_membrane-binding_by_similarity;A89_N-terminal_oligomerization_by_similarity	False	0.0	0.2257784754037857	0.20306997245314432	0.0	8.836898446920639	25.382761688666463	88.08000183105469	False	0.051948	0.077922	2.179913	1.478425	0.000000	0.000000	0.821450	2.179913	0.576840	0.051948	0.000000	0.000000	0	0.000000	0	0.798241	2.163079	0.581541	0.059140	0.000000	0.000000	0	0.000000	0	0	0.000000	0.821789	2.183979	0.576840	0.051948	0.000000	0.000000	0	none	0	none	0	none	none	max(insertion_type_count,local_deletion_type_count)	background	4	AF_coil;hexamer_coil_fraction_ge_0.8;AF_rSASA_ge_0.25;hexamer_rSASA_ge_0.25	False		variable	supports	unresolved_exact_subset_too_small	False	unchanged_or_unresolved
48|49	48	49	HIGH_RISK	A89_N-terminal_membrane-binding_by_similarity;A89_N-terminal_oligomerization_by_similarity	False	0.0	0.1425718367099762	0.12946134538792853	0.04640731147525382	6.384070366179198	20.02653291143536	88.16000366210938	False	0.077922	0.948052	1.478425	0.372537	0.000000	0.000000	0.890313	2.179913	0.555195	0.051948	0.000000	0.000000	0	0.000000	0	0.864014	2.163079	0.561828	0.059140	0.000000	0.000000	0	0.000000	0	0	0.000000	0.890101	2.183979	0.555556	0.051948	0.000000	0.000000	0	none	0	none	0	none	none	max(insertion_type_count,local_deletion_type_count)	background	4	AF_coil;hexamer_coil_fraction_ge_0.8;AF_rSASA_ge_0.25;hexamer_rSASA_ge_0.25	False		variable	supports	unresolved_exact_subset_too_small	False	unchanged_or_unresolved
49|50	49	50	HIGH_RISK	A89_N-terminal_membrane-binding_by_similarity;A89_N-terminal_oligomerization_by_similarity	False	0.0	0.1425718367099762	0.12946134538792853	0.25383751444734726	3.3957818640344923	20.02653291143536	87.11000061035156	False	0.948052	0.987013	0.372537	0.100001	0.000000	0.000000	0.858232	2.179913	0.614719	0.051948	0.000000	0.000000	0	0.000000	0	0.834902	2.163079	0.621864	0.059140	0.000000	0.000000	0	0.000000	0	0	0.000000	0.858020	2.183979	0.615079	0.051948	0.000000	0.000000	0	none	0	none	0	none	none	max(insertion_type_count,local_deletion_type_count)	background	6	AF_coil;hexamer_coil_fraction_ge_0.8;AF_rSASA_ge_0.25;hexamer_rSASA_ge_0.25;burial_lt_0.10;interprotomer_distance_gt_4.5A	False		variable	supports	unresolved_exact_subset_too_small	False	unchanged_or_unresolved
50|51	50	51	HIGH_RISK	A89_N-terminal_membrane-binding_by_similarity;A89_N-terminal_oligomerization_by_similarity	True	0.6666666666666666	0.3757533133029938	0.33270421911168985	0.25383751444734726	3.3957818640344923	24.412302711969673	87.11000061035156	False	0.987013	0.272727	0.100001	0.939339	0.000000	0.000000	0.765634	2.179913	0.689394	0.051948	0.000000	0.000000	0	0.000000	0	0.743689	2.163079	0.696237	0.059140	0.000000	0.000000	0	0.000000	0	0	0.000000	0.765422	2.183979	0.689755	0.051948	0.000000	0.000000	0	none	0	none	0	none	none	max(insertion_type_count,local_deletion_type_count)	background	3	hexamer_coil_fraction_ge_0.8;burial_lt_0.10;interprotomer_distance_gt_4.5A	False		variable	supports	unresolved_exact_subset_too_small	False	unchanged_or_unresolved
51|52	51	52	HIGH_RISK	A89_N-terminal_membrane-binding_by_similarity;A89_N-terminal_oligomerization_by_similarity	False	0.0	0.0175236277282238	0.011005993580343711	0.0	6.412801823643846	20.718537763330357	88.37000274658203	False	0.272727	1.000000	0.939339	0.000000	0.000000	0.000000	0.722273	2.179913	0.699134	0.051948	0.000000	0.000000	0	0.000000	0	0.704041	2.163079	0.704749	0.059140	0.000000	0.000000	0	0.000000	0	0	0.000000	0.722061	2.183979	0.699495	0.051948	0.000000	0.000000	0	none	0	none	0	none	none	max(insertion_type_count,local_deletion_type_count)	background	4	AF_coil;hexamer_coil_fraction_ge_0.8;AF_rSASA_ge_0.25;hexamer_rSASA_ge_0.25	False		variable	supports	unresolved_exact_subset_too_small	False	unchanged_or_unresolved
52|53	52	53	HIGH_RISK	A89_N-terminal_membrane-binding_by_similarity;A89_N-terminal_oligomerization_by_similarity	False	0.0	0.0175236277282238	0.011005993580343711	0.8349649544852223	2.7789163288703596	20.718537763330357	88.37000274658203	False	1.000000	0.571429	0.000000	1.597722	0.000000	0.000000	0.708795	2.179913	0.705628	0.051948	0.000000	0.000000	0	0.000000	0	0.693354	2.163079	0.710125	0.059140	0.000000	0.000000	0	0.000000	0	0	0.000000	0.708583	2.183979	0.705989	0.051948	0.000000	0.000000	0	none	0	none	0	none	none	max(insertion_type_count,local_deletion_type_count)	background	6	AF_coil;hexamer_coil_fraction_ge_0.8;AF_rSASA_ge_0.25;hexamer_rSASA_ge_0.25;burial_lt_0.10;interprotomer_distance_gt_4.5A	False		intermediate	remains unresolved	unresolved_exact_subset_too_small	False	unchanged_or_unresolved
53|54	53	54	HIGH_RISK	A89_N-terminal_membrane-binding_by_similarity;A89_N-terminal_oligomerization_by_similarity	False	0.0	0.4748033583164215	0.10817981133094201	0.8349649544852223	2.7789163288703596	22.757150680516478	87.80000305175781	False	0.571429	0.740260	1.597722	0.826354	0.000000	0.000000	0.631672	1.597722	0.756494	0.077922	0.000000	0.000000	0	0.000000	0	0.616876	1.531000	0.760753	0.091398	0.000000	0.000000	0	0.000000	0	0	0.000000	0.631910	1.597722	0.756494	0.077922	0.000000	0.000000	0	none	0	none	0	none	none	max(insertion_type_count,local_deletion_type_count)	background	5	AF_coil;hexamer_coil_fraction_ge_0.8;hexamer_rSASA_ge_0.25;burial_lt_0.10;interprotomer_distance_gt_4.5A	False		intermediate	remains unresolved	unresolved_exact_subset_too_small	False	unchanged_or_unresolved
54|55	54	55	HIGH_RISK	A89_N-terminal_membrane-binding_by_similarity;A89_N-terminal_oligomerization_by_similarity	False	0.0	0.025659598410129547	0.019374891201259684	0.0	6.675570779982434	26.95524225194933	86.8499984741211	False	0.740260	0.909091	0.826354	0.517962	0.000000	0.000000	0.577333	1.597722	0.811688	0.272727	0.000000	0.000000	0	0.000000	0	0.565248	1.531000	0.816308	0.258065	0.000000	0.000000	0	0.000000	0	0	0.000000	0.577571	1.597722	0.811688	0.272727	0.000000	0.000000	0	none	0	none	0	none	none	max(insertion_type_count,local_deletion_type_count)	background	4	AF_coil;hexamer_coil_fraction_ge_0.8;AF_rSASA_ge_0.25;hexamer_rSASA_ge_0.25	False		intermediate	remains unresolved	unresolved_exact_subset_too_small	False	unchanged_or_unresolved
55|56	55	56	HIGH_RISK	A89_N-terminal_membrane-binding_by_similarity;A89_N-terminal_oligomerization_by_similarity	False	0.0	0.025659598410129547	0.019374891201259684	0.3419370941955444	3.777539486036115	20.67043017542177	86.75	False	0.909091	1.000000	0.517962	0.000000	0.000000	0.000000	0.724516	2.138732	0.737013	0.051948	0.000000	0.000000	0	0.000000	0	0.709628	2.134017	0.743280	0.064516	0.000000	0.000000	0	0.000000	0	0	0.000000	0.724753	2.138732	0.737013	0.051948	0.000000	0.000000	0	none	0	none	0	none	none	max(insertion_type_count,local_deletion_type_count)	background	6	AF_coil;hexamer_coil_fraction_ge_0.8;AF_rSASA_ge_0.25;hexamer_rSASA_ge_0.25;burial_lt_0.10;interprotomer_distance_gt_4.5A	False		intermediate	remains unresolved	unresolved_exact_subset_too_small	False	unchanged_or_unresolved
56|57	56	57	HIGH_RISK	A89_N-terminal_membrane-binding_by_similarity;A89_N-terminal_oligomerization_by_similarity	False	0.0	0.23551853001117706	0.18107045320473802	0.3620447603734189	2.610017448031644	20.67043017542177	84.7699966430664	False	1.000000	1.000000	0.000000	0.000000	0.000000	0.000000	0.745076	2.138732	0.660173	0.051948	0.000000	0.000000	0	0.000000	0	0.734590	2.134017	0.667115	0.064516	0.000000	0.000000	0	0.000000	0	0	0.000000	0.745314	2.138732	0.660173	0.051948	0.000000	0.000000	0	none	0	none	0	none	none	max(insertion_type_count,local_deletion_type_count)	background	6	AF_coil;hexamer_coil_fraction_ge_0.8;AF_rSASA_ge_0.25;hexamer_rSASA_ge_0.25;burial_lt_0.10;interprotomer_distance_gt_4.5A	False		variable	supports	unresolved_exact_subset_too_small	False	unchanged_or_unresolved
57|58	57	58	HIGH_RISK	A89_N-terminal_membrane-binding_by_similarity;A89_N-terminal_oligomerization_by_similarity	False	0.0	0.3012292683124542	0.27817758913393376	0.3620447603734189	2.610017448031644	27.38120167106153	84.7699966430664	False	1.000000	0.909091	0.000000	0.493285	0.000000	0.000000	0.689572	2.138732	0.717533	0.051948	0.000000	0.000000	0	0.000000	0	0.676198	2.134017	0.726255	0.064516	0.000000	0.000000	0	0.000000	0	0	0.000000	0.689810	2.138732	0.717533	0.051948	0.000000	0.000000	0	none	0	none	0	none	none	max(insertion_type_count,local_deletion_type_count)	background	4	AF_coil;hexamer_coil_fraction_ge_0.8;burial_lt_0.10;interprotomer_distance_gt_4.5A	False		intermediate	remains unresolved	unresolved_exact_subset_too_small	False	unchanged_or_unresolved
58|59	58	59	HIGH_RISK	A89_N-terminal_membrane-binding_by_similarity;A89_N-terminal_oligomerization_by_similarity	False	0.0	0.08023776113986969	0.01695896001838387	0.8653690719572652	2.859982636813903	25.912168708251315	86.20999908447266	False	0.909091	0.662338	0.493285	1.254438	0.000000	0.000000	0.904798	2.582712	0.653680	0.051948	0.000000	0.000000	0	0.000000	0	0.895728	2.634363	0.661738	0.064516	0.000000	0.000000	0	0.000000	0	0	0.000000	0.905874	2.592765	0.653680	0.051948	0.000000	0.000000	0	none	0	none	0	none	none	max(insertion_type_count,local_deletion_type_count)	background	6	AF_coil;hexamer_coil_fraction_ge_0.8;AF_rSASA_ge_0.25;hexamer_rSASA_ge_0.25;burial_lt_0.10;interprotomer_distance_gt_4.5A	False		variable	supports	unresolved_exact_subset_too_small	False	unchanged_or_unresolved
59|60	59	60	HIGH_RISK	A89_N-terminal_membrane-binding_by_similarity;A89_N-terminal_oligomerization_by_similarity	False	0.0	0.08023776113986969	0.01695896001838387	0.8653690719572652	2.859982636813903	25.912168708251315	80.11000061035156	False	0.662338	0.740260	1.254438	0.826354	0.000000	0.000000	0.771655	2.582712	0.689394	0.051948	0.000000	0.000000	0	0.000000	0	0.768145	2.634363	0.695341	0.064516	0.000000	0.000000	0	0.000000	0	0	0.000000	0.772730	2.592765	0.689394	0.051948	0.000000	0.000000	0	none	0	none	0	none	none	max(insertion_type_count,local_deletion_type_count)	background	6	AF_coil;hexamer_coil_fraction_ge_0.8;AF_rSASA_ge_0.25;hexamer_rSASA_ge_0.25;burial_lt_0.10;interprotomer_distance_gt_4.5A	False		variable	supports	unresolved_exact_subset_too_small	False	unchanged_or_unresolved
60|61	60	61	HIGH_RISK	A89_N-terminal_membrane-binding_by_similarity;A89_N-terminal_oligomerization_by_similarity	False	0.0	0.45009520649909973	0.4536442941473436	0.2054130486505098	3.5244027346863573	26.30483545386728	80.11000061035156	False	0.740260	0.051948	0.826354	2.138732	0.000000	0.000000	0.812837	2.582712	0.634199	0.051948	0.000000	0.000000	0	0.000000	0	0.809282	2.634363	0.638889	0.064516	0.000000	0.000000	0	0.000000	0	0	0.000000	0.814464	2.592765	0.633838	0.051948	0.000000	0.000000	0	none	0	none	0	none	none	max(insertion_type_count,local_deletion_type_count)	background	4	AF_coil;hexamer_coil_fraction_ge_0.8;burial_lt_0.10;interprotomer_distance_gt_4.5A	False		variable	supports	unresolved_exact_subset_too_small	False	unchanged_or_unresolved
61|62	61	62	HIGH_RISK	A89_N-terminal_membrane-binding_by_similarity;A89_N-terminal_oligomerization_by_similarity	False	0.16666666666666666	0.005746962036937475	0.0063949261875523725	0.3636364137380001	3.7928080826559922	30.642637527140494	81.7300033569336	False	0.051948	0.064935	2.138732	0.346731	0.000000	0.000000	0.968319	2.582712	0.564935	0.051948	0.000000	0.000000	0	0.000000	0	0.969650	2.634363	0.569893	0.064516	0.000000	0.000000	0	0.000000	0	0	0.000000	0.968541	2.592765	0.563673	0.051948	0.000000	0.000000	0	none	0	none	0	none	none	max(insertion_type_count,local_deletion_type_count)	background	6	AF_coil;hexamer_coil_fraction_ge_0.8;AF_rSASA_ge_0.25;hexamer_rSASA_ge_0.25;burial_lt_0.10;interprotomer_distance_gt_4.5A	False		variable	supports	unresolved_exact_subset_too_small	False	unchanged_or_unresolved
62|63	62	63	HIGH_RISK	A89_N-terminal_membrane-binding_by_similarity;A89_N-terminal_oligomerization_by_similarity	False	0.16666666666666666	0.005746962036937475	0.0063949261875523725	0.9944364613859935	2.5262970969045355	27.321222391634908	77.7300033569336	False	0.064935	0.961039	0.346731	0.273286	0.000000	0.000000	1.159035	2.582712	0.485931	0.051948	0.000000	0.000000	0	0.000000	0	1.168237	2.634363	0.492384	0.064516	0.000000	0.000000	0	0.000000	0	0	0.000000	1.159257	2.592765	0.484668	0.051948	0.000000	0.000000	0	none	0	none	0	none	none	max(insertion_type_count,local_deletion_type_count)	background	6	AF_coil;hexamer_coil_fraction_ge_0.8;AF_rSASA_ge_0.25;hexamer_rSASA_ge_0.25;burial_lt_0.10;interprotomer_distance_gt_4.5A	False		variable	supports	unresolved_exact_subset_too_small	False	unchanged_or_unresolved
63|64	63	64	HIGH_RISK	A89_N-terminal_membrane-binding_by_similarity;A89_N-terminal_oligomerization_by_similarity	False	0.16666666666666666	0.6958425641059875	0.00818872868724693	0.9944364613859935	2.5262970969045355	27.321222391634908	71.63999938964844	False	0.961039	0.233766	0.273286	2.582712	0.000000	0.000000	1.294729	2.582712	0.408009	0.051948	0.000000	0.000000	0	0.000000	0	1.306940	2.634363	0.415323	0.064516	0.000000	0.000000	0	0.000000	0	0	0.000000	1.293869	2.592765	0.406313	0.051948	0.000000	0.000000	0	none	0	none	0	none	none	max(insertion_type_count,local_deletion_type_count)	background	5	AF_coil;hexamer_coil_fraction_ge_0.8;hexamer_rSASA_ge_0.25;burial_lt_0.10;interprotomer_distance_gt_4.5A	False		variable	supports	unresolved_exact_subset_too_small	False	unchanged_or_unresolved
64|65	64	65	HIGH_RISK	A89_N-terminal_membrane-binding_by_similarity;A89_N-terminal_oligomerization_by_similarity	False	0.16666666666666666	0.1974540650844574	0.15279481207677562	0.5668591758271173	2.8376213166119064	35.46004409013391	71.63999938964844	False	0.233766	1.000000	2.582712	0.000000	0.000000	0.000000	1.261956	2.582712	0.414502	0.051948	0.000000	0.000000	0	0.000000	0	1.273841	2.634363	0.421595	0.064516	0.000000	0.000000	0	0.000000	0	0	0.000000	1.261095	2.592765	0.412807	0.051948	0.000000	0.000000	0	none	0	none	0	none	none	max(insertion_type_count,local_deletion_type_count)	background	6	AF_coil;hexamer_coil_fraction_ge_0.8;AF_rSASA_ge_0.25;hexamer_rSASA_ge_0.25;burial_lt_0.10;interprotomer_distance_gt_4.5A	False		variable	supports	unresolved_exact_subset_too_small	False	unchanged_or_unresolved
65|66	65	66	HIGH_RISK	A89_N-terminal_membrane-binding_by_similarity;A89_N-terminal_oligomerization_by_similarity	True	1.0	0.1974540650844574	0.15279481207677562	0.71964290456505	3.5149498833164627	36.96235858789368	78.5199966430664	False	1.000000	0.077922	0.000000	1.320545	0.000000	0.000000	1.233570	2.582712	0.426407	0.051948	0.000000	0.000000	0	0.000000	0	1.241006	2.634363	0.435036	0.064516	0.000000	0.000000	0	0.000000	0	0	0.000000	1.229672	2.592765	0.425433	0.051948	0.000000	0.000000	0	none	0	none	0	none	none	max(insertion_type_count,local_deletion_type_count)	background	4	AF_rSASA_ge_0.25;hexamer_rSASA_ge_0.25;burial_lt_0.10;interprotomer_distance_gt_4.5A	False		variable	supports	unresolved_exact_subset_too_small	False	unchanged_or_unresolved
66|67	66	67	HIGH_RISK	A89_N-terminal_membrane-binding_by_similarity;A89_N-terminal_oligomerization_by_similarity	False	0.0	0.37826481461524963	0.21923407268724104	0.71964290456505	3.5149498833164627	38.39077725657673	78.5199966430664	False	0.077922	0.077922	1.320545	2.383743	0.000000	0.000000	1.261909	2.582712	0.428571	0.051948	0.000000	0.000000	0	0.000000	0	1.264058	2.634363	0.438172	0.064516	0.000000	0.000000	0	0.000000	0	0	0.000000	1.258012	2.592765	0.427597	0.051948	0.000000	0.000000	0	none	0	none	0	none	none	max(insertion_type_count,local_deletion_type_count)	background	5	AF_coil;hexamer_coil_fraction_ge_0.8;hexamer_rSASA_ge_0.25;burial_lt_0.10;interprotomer_distance_gt_4.5A	False		variable	supports	unresolved_exact_subset_too_small	False	unchanged_or_unresolved
67|68	67	68	HIGH_RISK	A89_N-terminal_membrane-binding_by_similarity;A89_N-terminal_oligomerization_by_similarity	False	0.0	0.37826481461524963	0.275585024239789	0.2996868659339148	4.319307467795337	38.39077725657673	78.61000061035156	False	0.077922	0.051948	2.383743	2.288592	0.000000	0.000000	1.150959	2.582712	0.490260	0.051948	0.000000	0.000000	0	0.000000	0	1.149962	2.634363	0.500896	0.069892	0.000000	0.000000	0	0.000000	0	0	0.000000	1.147062	2.592765	0.489286	0.051948	0.000000	0.000000	0	none	0	none	0	none	none	max(insertion_type_count,local_deletion_type_count)	background	4	AF_coil;hexamer_coil_fraction_ge_0.8;burial_lt_0.10;interprotomer_distance_gt_4.5A	False		variable	supports	unresolved_exact_subset_too_small	False	unchanged_or_unresolved
68|69	68	69	HIGH_RISK	A89_N-terminal_membrane-binding_by_similarity;A89_N-terminal_oligomerization_by_similarity	False	0.0	0.34404629468917847	0.3097918024465042	0.11383089852783575	5.682708488779805	36.33837306594909	81.01000213623047	False	0.051948	0.064935	2.288592	1.628336	0.000000	0.000000	1.236509	2.582712	0.490260	0.051948	0.000000	0.000000	0	0.000000	0	1.231832	2.634363	0.500000	0.064516	0.000000	0.000000	0	0.000000	0	0	0.000000	1.234788	2.592765	0.488853	0.051948	0.000000	0.000000	0	none	0	none	0	none	none	max(insertion_type_count,local_deletion_type_count)	background	3	AF_coil;hexamer_coil_fraction_ge_0.8;burial_lt_0.10	False		variable	supports	unresolved_exact_subset_too_small	False	unchanged_or_unresolved
69|70	69	70	HIGH_RISK	A89_N-terminal_membrane-binding_by_similarity;A89_N-terminal_oligomerization_by_similarity	False	0.0	0.13804547488689423	0.07945701528478552	0.6412312054018182	2.9055092813975527	33.998561022918295	84.06999969482422	False	0.064935	0.987013	1.628336	0.100001	0.000000	0.000000	1.476777	3.156502	0.413420	0.038961	0.000000	0.000000	0	0.000000	0	1.472531	3.123600	0.423387	0.048387	0.000000	0.000000	0	0.000000	0	0	0.000000	1.475056	3.156502	0.412013	0.038961	0.000000	0.000000	0	none	0	none	0	none	none	max(insertion_type_count,local_deletion_type_count)	background	6	AF_coil;hexamer_coil_fraction_ge_0.8;AF_rSASA_ge_0.25;hexamer_rSASA_ge_0.25;burial_lt_0.10;interprotomer_distance_gt_4.5A	False		variable	supports	unresolved_exact_subset_too_small	False	unchanged_or_unresolved
70|71	70	71	HIGH_RISK	A89_N-terminal_membrane-binding_by_similarity;A89_N-terminal_oligomerization_by_similarity	False	0.0	0.13804547488689423	0.07945701528478552	0.6412312054018182	2.9055092813975527	33.998561022918295	84.33000183105469	False	0.987013	0.805195	0.100001	0.913803	0.000000	0.000000	1.335705	3.156502	0.461922	0.038961	0.000000	0.000000	0	0.000000	0	1.324741	3.123600	0.473863	0.048387	0.000000	0.000000	0	0.000000	0	0	0.000000	1.333147	3.156502	0.460515	0.038961	0.000000	0.000000	0	none	0	none	0	none	none	max(insertion_type_count,local_deletion_type_count)	background	6	AF_coil;hexamer_coil_fraction_ge_0.8;AF_rSASA_ge_0.25;hexamer_rSASA_ge_0.25;burial_lt_0.10;interprotomer_distance_gt_4.5A	False		variable	supports	unresolved_exact_subset_too_small	False	unchanged_or_unresolved
71|72	71	72	HIGH_RISK	A89_N-terminal_oligomerization_by_similarity	False	0.0	0.4216254949569702	0.36113688835292296	0.0	9.182551538712477	34.22820856344504	84.33000183105469	False	0.805195	0.766234	0.913803	1.166430	0.000000	0.000000	1.432609	3.156502	0.440277	0.038961	0.000000	0.000000	0	0.000000	0	1.416282	3.123600	0.454150	0.048387	0.000000	0.000000	0	0.000000	0	0	0.000000	1.431206	3.156502	0.438509	0.038961	0.000000	0.000000	0	none	0	none	0	none	none	max(insertion_type_count,local_deletion_type_count)	structural near-miss	2	AF_coil;hexamer_coil_fraction_ge_0.8	False		variable	supports	unresolved_exact_subset_too_small	False	outside_strict_review_only; near-miss plus V2 evolutionary support
72|73	72	73	HIGH_RISK	A89_N-terminal_oligomerization_by_similarity	False	0.0	0.09067428857088089	0.10321254940000685	0.0	9.316374462407786	31.088175746781783	86.83000183105469	False	0.766234	0.792208	1.166430	0.807328	0.000000	0.000000	1.450497	3.156502	0.438112	0.038961	0.000000	0.000000	0	0.000000	0	1.435529	3.123600	0.452358	0.048387	0.000000	0.000000	0	0.000000	0	0	0.000000	1.451314	3.156502	0.436345	0.038961	0.000000	0.000000	0	none	0	none	0	none	none	max(insertion_type_count,local_deletion_type_count)	background	4	AF_coil;hexamer_coil_fraction_ge_0.8;AF_rSASA_ge_0.25;hexamer_rSASA_ge_0.25	False		variable	supports	unresolved_exact_subset_too_small	False	unchanged_or_unresolved
73|74	73	74	HIGH_RISK	A89_N-terminal_oligomerization_by_similarity	False	0.0	0.09067428857088089	0.10321254940000685	0.0	9.316374462407786	29.225261422414423	88.0199966430664	False	0.792208	0.064935	0.807328	1.373336	0.000000	0.000000	1.350113	3.156502	0.497636	0.038961	0.000000	0.000000	0	0.000000	0	1.322415	3.123600	0.513738	0.048387	0.000000	0.000000	0	0.000000	0	0	0.000000	1.352335	3.156502	0.496770	0.038961	0.000000	0.000000	0	none	0	none	0	none	none	max(insertion_type_count,local_deletion_type_count)	background	4	AF_coil;hexamer_coil_fraction_ge_0.8;AF_rSASA_ge_0.25;hexamer_rSASA_ge_0.25	False		variable	supports	unresolved_exact_subset_too_small	False	unchanged_or_unresolved
74|75	74	75	HIGH_RISK	A89_N-terminal_oligomerization_by_similarity	False	0.0	0.23743733763694763	0.17585346433851454	0.0	9.791355445243465	29.225261422414423	87.56999969482422	False	0.064935	0.038961	1.373336	3.156502	0.000000	0.000000	1.218682	3.156502	0.560407	0.038961	0.000000	0.000000	0	0.000000	0	1.179024	3.123600	0.576910	0.048387	0.000000	0.000000	0	0.000000	0	0	0.000000	1.220903	3.156502	0.559541	0.038961	0.000000	0.000000	0	none	0	none	0	none	none	max(insertion_type_count,local_deletion_type_count)	background	4	AF_coil;hexamer_coil_fraction_ge_0.8;AF_rSASA_ge_0.25;hexamer_rSASA_ge_0.25	False		variable	supports	unresolved_exact_subset_too_small	False	unchanged_or_unresolved
75|76	75	76	HIGH_RISK	A89_N-terminal_oligomerization_by_similarity	False	0.0	0.27545157074928284	0.2637290783527186	0.0	10.13481533309612	28.724097415229892	87.56999969482422	False	0.038961	0.815789	3.156502	0.889850	0.000000	0.000000	1.161626	3.156502	0.621013	0.038961	0.000000	0.000000	0	0.000000	0	1.113556	3.123600	0.638738	0.048387	0.000000	0.000000	0	0.000000	0	0	0.000000	1.164930	3.156502	0.620580	0.038961	0.000000	0.000000	0	none	0	none	0	none	none	max(insertion_type_count,local_deletion_type_count)	structural near-miss	2	AF_coil;hexamer_coil_fraction_ge_0.8	False		variable	supports	unresolved_exact_subset_too_small	False	outside_strict_review_only; near-miss plus V2 evolutionary support
76|77	76	77	HIGH_RISK	A89_N-terminal_oligomerization_by_similarity	False	0.0	0.010855372995138168	0.00118607078409437	0.0	8.49137049034512	25.995586830072217	89.51000213623047	False	0.815789	0.740260	0.889850	1.162838	0.000000	0.000000	1.153293	3.156502	0.622095	0.038961	0.000000	0.000000	0	0.000000	0	1.106411	3.123600	0.639634	0.048387	0.000000	0.000000	0	0.000000	0	0	0.000000	1.156597	3.156502	0.621662	0.038961	0.000000	0.000000	0	none	0	none	0	none	none	max(insertion_type_count,local_deletion_type_count)	background	4	AF_coil;hexamer_coil_fraction_ge_0.8;AF_rSASA_ge_0.25;hexamer_rSASA_ge_0.25	False		variable	supports	unresolved_exact_subset_too_small	False	unchanged_or_unresolved
77|78	77	78	HIGH_RISK	A89_N-terminal_oligomerization_by_similarity	False	0.0	0.010855372995138168	0.00118607078409437	0.14451516087642163	5.467473175026241	25.995586830072217	89.94999694824219	False	0.740260	0.051948	1.162838	1.535211	0.000000	0.000000	1.148484	3.156502	0.623177	0.038961	0.000000	0.000000	0	0.000000	0	1.100953	3.123600	0.640978	0.048387	0.000000	0.000000	0	0.000000	0	0	0.000000	1.154036	3.156502	0.622384	0.038961	0.000000	0.000000	0	none	0	none	0	none	none	max(insertion_type_count,local_deletion_type_count)	background	5	AF_coil;hexamer_coil_fraction_ge_0.8;AF_rSASA_ge_0.25;hexamer_rSASA_ge_0.25;burial_lt_0.10	False		variable	supports	unresolved_exact_subset_too_small	False	unchanged_or_unresolved
78|79	78	79	HIGH_RISK	A89_N-terminal_oligomerization_by_similarity	False	0.0	0.2493228018283844	0.24355211176423944	0.14451516087642163	5.467473175026241	26.260770235489712	88.8499984741211	False	0.051948	0.792208	1.535211	1.179135	0.000000	0.000000	1.051282	3.156502	0.642658	0.038961	0.000000	0.000000	0	0.000000	0	1.011381	3.123600	0.658003	0.048387	0.000000	0.000000	0	0.000000	0	0	0.000000	1.056834	3.156502	0.641864	0.038961	0.000000	0.000000	0	none	0	none	0	none	none	max(insertion_type_count,local_deletion_type_count)	background	5	AF_coil;hexamer_coil_fraction_ge_0.8;AF_rSASA_ge_0.25;hexamer_rSASA_ge_0.25;burial_lt_0.10	False		variable	supports	unresolved_exact_subset_too_small	False	unchanged_or_unresolved
79|80	79	80	HIGH_RISK	A89_N-terminal_oligomerization_by_similarity	False	0.0	0.023782065138220787	0.0006603595876377415	0.0	7.96835310066058	23.082552842931463	88.8499984741211	False	0.792208	0.805195	1.179135	0.711416	0.000000	0.000000	1.089692	3.156502	0.582052	0.038961	0.000000	0.000000	0	0.000000	0	1.049739	3.123600	0.596175	0.048387	0.000000	0.000000	0	0.000000	0	0	0.000000	1.095244	3.156502	0.581258	0.038961	0.000000	0.000000	0	none	0	none	0	none	none	max(insertion_type_count,local_deletion_type_count)	background	4	AF_coil;hexamer_coil_fraction_ge_0.8;AF_rSASA_ge_0.25;hexamer_rSASA_ge_0.25	False		variable	supports	unresolved_exact_subset_too_small	False	unchanged_or_unresolved
80|81	80	81	HIGH_RISK	A89_N-terminal_oligomerization_by_similarity	False	0.0	0.023782065138220787	0.0006603595876377415	0.0	6.184186198205185	20.33442384743871	90.05999755859375	False	0.805195	0.792208	0.711416	0.943661	0.000000	0.000000	0.975247	3.156502	0.659974	0.038961	0.000000	0.000000	0	0.000000	0	0.935761	3.123600	0.674132	0.048387	0.000000	0.000000	0	0.000000	0	0	0.000000	0.978623	3.156502	0.659613	0.038961	0.000000	0.000000	0	none	0	none	0	none	none	max(insertion_type_count,local_deletion_type_count)	background	4	AF_coil;hexamer_coil_fraction_ge_0.8;AF_rSASA_ge_0.25;hexamer_rSASA_ge_0.25	False		variable	supports	unresolved_exact_subset_too_small	False	unchanged_or_unresolved
81|82	81	82	HIGH_RISK	A89_N-terminal_oligomerization_by_similarity	False	0.0	0.11802069842815399	0.11362504533358982	0.5732345913557811	2.610017448031644	20.33442384743871	88.16000366210938	False	0.792208	1.000000	0.943661	0.000000	0.000000	0.000000	0.726687	1.535211	0.737896	0.051948	0.000000	0.000000	0	0.000000	0	0.687945	1.513878	0.751641	0.064516	0.000000	0.000000	0	0.000000	0	0	0.000000	0.730063	1.561847	0.737535	0.051948	0.000000	0.000000	0	none	0	none	0	none	none	max(insertion_type_count,local_deletion_type_count)	background	6	AF_coil;hexamer_coil_fraction_ge_0.8;AF_rSASA_ge_0.25;hexamer_rSASA_ge_0.25;burial_lt_0.10;interprotomer_distance_gt_4.5A	False		intermediate	remains unresolved	unresolved_exact_subset_too_small	False	unchanged_or_unresolved
82|83	82	83	HIGH_RISK	A89_N-terminal_oligomerization_by_similarity	False	0.0	0.06633944809436798	0.053628712744262085	0.5732345913557811	2.610017448031644	20.786004821397178	88.1500015258789	False	1.000000	0.818182	0.000000	0.856106	0.000000	0.000000	0.652533	1.535211	0.753247	0.051948	0.000000	0.000000	0	0.000000	0	0.616205	1.513878	0.765681	0.064516	0.000000	0.000000	0	0.000000	0	0	0.000000	0.655909	1.561847	0.752886	0.051948	0.000000	0.000000	0	none	0	none	0	none	none	max(insertion_type_count,local_deletion_type_count)	background	6	AF_coil;hexamer_coil_fraction_ge_0.8;AF_rSASA_ge_0.25;hexamer_rSASA_ge_0.25;burial_lt_0.10;interprotomer_distance_gt_4.5A	False		intermediate	remains unresolved	unresolved_exact_subset_too_small	False	unchanged_or_unresolved
83|84	83	84	HIGH_RISK	A89_N-terminal_oligomerization_by_similarity	False	0.0	0.019441796466708183	0.0019201775071441488	0.0	5.763378484796446	17.788381579041175	88.1500015258789	False	0.818182	1.000000	0.856106	0.000000	0.000000	0.000000	0.555630	1.535211	0.774892	0.051948	0.000000	0.000000	0	0.000000	0	0.524664	1.513878	0.785394	0.064516	0.000000	0.000000	0	0.000000	0	0	0.000000	0.557850	1.561847	0.774892	0.051948	0.000000	0.000000	0	none	0	none	0	none	none	max(insertion_type_count,local_deletion_type_count)	background	4	AF_coil;hexamer_coil_fraction_ge_0.8;AF_rSASA_ge_0.25;hexamer_rSASA_ge_0.25	False		intermediate	remains unresolved	unresolved_exact_subset_too_small	False	unchanged_or_unresolved
84|85	84	85	HIGH_RISK	A89_N-terminal_oligomerization_by_similarity	False	0.0	0.019441796466708183	0.0019201775071441488	0.7401672858443802	2.7789163288703596	17.788381579041175	85.0999984741211	False	1.000000	0.064935	0.000000	1.268249	0.000000	0.000000	0.427696	1.268249	0.853896	0.064935	0.000000	0.000000	0	0.000000	0	0.398507	1.225155	0.863351	0.075269	0.000000	0.000000	0	0.000000	0	0	0.000000	0.427696	1.268249	0.853896	0.064935	0.000000	0.000000	0	none	0	none	0	none	none	max(insertion_type_count,local_deletion_type_count)	background	6	AF_coil;hexamer_coil_fraction_ge_0.8;AF_rSASA_ge_0.25;hexamer_rSASA_ge_0.25;burial_lt_0.10;interprotomer_distance_gt_4.5A	False		intermediate	remains unresolved	unresolved_exact_subset_too_small	False	unchanged_or_unresolved
85|86	85	86	HIGH_RISK	A89_N-terminal_oligomerization_by_similarity	False	0.0	0.4709523618221283	0.15527071090875375	0.7401672858443802	2.7789163288703596	18.07892138281843	85.0999984741211	False	0.064935	1.000000	1.268249	0.000000	0.000000	0.000000	0.329434	1.268249	0.871212	0.064935	0.000000	0.000000	0	0.000000	0	0.308499	1.225155	0.878584	0.075269	0.000000	0.000000	0	0.000000	0	0	0.000000	0.329434	1.268249	0.871212	0.064935	0.000000	0.000000	0	none	0	none	0	none	none	max(insertion_type_count,local_deletion_type_count)	background	5	AF_coil;hexamer_coil_fraction_ge_0.8;hexamer_rSASA_ge_0.25;burial_lt_0.10;interprotomer_distance_gt_4.5A	False		intermediate	remains unresolved	unresolved_exact_subset_too_small	False	unchanged_or_unresolved
86|87	86	87	HIGH_RISK	A89_N-terminal_oligomerization_by_similarity	False	0.0	0.13359765708446503	0.09141970740424261	0.31428877328287236	3.3569938738379586	15.011469363565027	80.4800033569336	False	1.000000	0.974026	0.000000	0.173781	0.000000	0.000000	0.289942	1.268249	0.884199	0.064935	0.000000	0.000000	0	0.000000	0	0.270435	1.225155	0.890233	0.075269	0.000000	0.000000	0	0.000000	0	0	0.000000	0.289942	1.268249	0.884199	0.064935	0.000000	0.000000	0	none	0	none	0	none	none	max(insertion_type_count,local_deletion_type_count)	background	6	AF_coil;hexamer_coil_fraction_ge_0.8;AF_rSASA_ge_0.25;hexamer_rSASA_ge_0.25;burial_lt_0.10;interprotomer_distance_gt_4.5A	False		intermediate	remains unresolved	unresolved_exact_subset_too_small	False	unchanged_or_unresolved
87|88	87	88	HIGH_RISK	A89_N-terminal_oligomerization_by_similarity	True	0.8333333333333334	0.13359765708446503	0.09141970740424261	0.5613719003271358	3.2807506201940995	13.446278294446222	72.36000061035156	False	0.974026	1.000000	0.173781	0.000000	0.000000	0.000000	0.314355	1.268249	0.886364	0.064935	0.000000	0.000000	0	0.000000	0	0.299931	1.232772	0.890233	0.075269	0.000000	0.000000	0	0.000000	0	0	0.000000	0.314178	1.268249	0.886364	0.064935	0.000000	0.000000	0	none	0	none	0	none	none	max(insertion_type_count,local_deletion_type_count)	background	4	AF_rSASA_ge_0.25;hexamer_rSASA_ge_0.25;burial_lt_0.10;interprotomer_distance_gt_4.5A	False		intermediate	remains unresolved	unresolved_exact_subset_too_small	False	unchanged_or_unresolved
88|89	88	89	HIGH_RISK	A89_N-terminal_oligomerization_by_similarity	True	1.0	0.43020758032798767	0.21182985764435472	0.5613719003271358	3.2807506201940995	9.928155661267297	69.76000213623047	False	1.000000	1.000000	0.000000	0.000000	0.000000	0.000000	0.314355	1.268249	0.886364	0.064935	0.000000	0.000000	0	0.000000	0	0.299931	1.232772	0.890233	0.075269	0.000000	0.000000	0	0.000000	0	0	0.000000	0.314178	1.268249	0.886364	0.064935	0.000000	0.000000	0	none	0	none	0	none	none	max(insertion_type_count,local_deletion_type_count)	background	3	hexamer_rSASA_ge_0.25;burial_lt_0.10;interprotomer_distance_gt_4.5A	False		intermediate	remains unresolved	unresolved_exact_subset_too_small	False	unchanged_or_unresolved
89|90	89	90	HIGH_RISK	A89_N-terminal_oligomerization_by_similarity	True	1.0	0.6237772703170776	0.4083142350554716	0.46790478811399067	3.389945723300788	9.928155661267297	68.61000061035156	False	1.000000	1.000000	0.000000	0.000000	0.000000	0.000000	0.300016	1.268249	0.886364	0.064935	0.000000	0.000000	0	0.000000	0	0.286481	1.232772	0.890233	0.075269	0.000000	0.000000	0	0.000000	0	0	0.000000	0.299839	1.268249	0.886364	0.064935	0.000000	0.000000	0	none	0	none	0	none	none	max(insertion_type_count,local_deletion_type_count)	structural near-miss	2	burial_lt_0.10;interprotomer_distance_gt_4.5A	False		intermediate	remains unresolved	unresolved_exact_subset_too_small	False	unchanged_or_unresolved
90|91	90	91	HIGH_RISK	A89_N-terminal_oligomerization_by_similarity	True	1.0	0.18184463679790497	0.18952852933276895	0.09241417474911563	5.363602669977667	11.283222270060195	68.61000061035156	False	1.000000	1.000000	0.000000	0.000000	0.000000	0.000000	0.328910	1.268249	0.808442	0.064935	0.000000	0.000000	0	0.000000	0	0.318588	1.232772	0.813172	0.075269	0.000000	0.000000	0	0.000000	0	0	0.000000	0.328733	1.268249	0.808442	0.064935	0.000000	0.000000	0	none	0	none	0	none	none	max(insertion_type_count,local_deletion_type_count)	structural near-miss	2	AF_rSASA_ge_0.25;hexamer_rSASA_ge_0.25	False		intermediate	remains unresolved	unresolved_exact_subset_too_small	False	unchanged_or_unresolved
91|92	91	92	HIGH_RISK	A89_N-terminal_oligomerization_by_similarity	False	0.0	0.18184463679790497	0.18952852933276895	0.0981879219088742	6.408443497769307	10.747896024947302	77.31999969482422	False	1.000000	0.961039	0.000000	0.237508	0.000000	0.000000	0.239869	1.236611	0.884199	0.064935	0.000000	0.000000	0	0.000000	0	0.230769	1.232772	0.888441	0.075269	0.000000	0.000000	0	0.000000	0	0	0.000000	0.239692	1.234489	0.884199	0.064935	0.000000	0.000000	0	none	0	none	0	none	none	max(insertion_type_count,local_deletion_type_count)	background	4	AF_coil;hexamer_coil_fraction_ge_0.8;AF_rSASA_ge_0.25;hexamer_rSASA_ge_0.25	False		intermediate	remains unresolved	unresolved_exact_subset_too_small	False	unchanged_or_unresolved
92|93	92	93	HIGH_RISK	A89_N-terminal_oligomerization_by_similarity	False	0.0	0.42038801312446594	0.11034709048527543	0.8245172328286764	3.2807506201940995	10.747896024947302	84.05999755859375	False	0.961039	0.818182	0.237508	1.236611	0.000000	0.000000	0.248202	1.236611	0.883117	0.064935	0.000000	0.000000	0	0.000000	0	0.237914	1.232772	0.887545	0.075269	0.000000	0.000000	0	0.000000	0	0	0.000000	0.248025	1.234489	0.883117	0.064935	0.000000	0.000000	0	none	0	none	0	none	none	max(insertion_type_count,local_deletion_type_count)	background	5	AF_coil;hexamer_coil_fraction_ge_0.8;hexamer_rSASA_ge_0.25;burial_lt_0.10;interprotomer_distance_gt_4.5A	False		intermediate	remains unresolved	unresolved_exact_subset_too_small	False	unchanged_or_unresolved
93|94	93	94	HIGH_RISK	A89_N-terminal_oligomerization_by_similarity	False	0.0	0.24375255405902863	0.06250249038719097	0.8303207167797105	3.2807506201940995	12.38677019092088	86.97000122070312	False	0.818182	1.000000	1.236611	0.000000	0.000000	0.000000	0.250367	1.236611	0.883117	0.064935	0.000000	0.000000	0	0.000000	0	0.239706	1.232772	0.887545	0.075269	0.000000	0.000000	0	0.000000	0	0	0.000000	0.250190	1.234489	0.883117	0.064935	0.000000	0.000000	0	none	0	none	0	none	none	max(insertion_type_count,local_deletion_type_count)	background	6	AF_coil;hexamer_coil_fraction_ge_0.8;AF_rSASA_ge_0.25;hexamer_rSASA_ge_0.25;burial_lt_0.10;interprotomer_distance_gt_4.5A	False		intermediate	remains unresolved	unresolved_exact_subset_too_small	False	unchanged_or_unresolved
94|95	94	95	HIGH_RISK	A89_N-terminal_oligomerization_by_similarity	False	0.0	0.08641531318426132	0.05590516097785891	0.8303207167797105	3.4262094845315483	15.049432754370008	86.62999725341797	False	1.000000	0.818182	0.000000	0.684038	0.000000	0.000000	0.452788	2.429053	0.805195	0.064935	0.000000	0.000000	0	0.000000	0	0.437788	2.376988	0.810932	0.075269	0.000000	0.000000	0	0.000000	0	0	0.000000	0.452916	2.432710	0.805195	0.064935	0.000000	0.000000	0	none	0	none	0	none	none	max(insertion_type_count,local_deletion_type_count)	background	6	AF_coil;hexamer_coil_fraction_ge_0.8;AF_rSASA_ge_0.25;hexamer_rSASA_ge_0.25;burial_lt_0.10;interprotomer_distance_gt_4.5A	False		intermediate	remains unresolved	unresolved_exact_subset_too_small	False	unchanged_or_unresolved
95|96	95	96	HIGH_RISK	A89_N-terminal_oligomerization_by_similarity	False	0.0	0.08641531318426132	0.05590516097785891	0.008468092504240576	6.358563849051674	9.088913920196461	86.62999725341797	False	0.818182	0.064935	0.684038	0.346731	0.000000	0.000000	0.485589	2.429053	0.799784	0.064935	0.000000	0.000000	0	0.000000	0	0.468161	2.376988	0.806004	0.075269	0.000000	0.000000	0	0.000000	0	0	0.000000	0.485716	2.432710	0.799784	0.064935	0.000000	0.000000	0	none	0	none	0	none	none	max(insertion_type_count,local_deletion_type_count)	background	4	AF_coil;hexamer_coil_fraction_ge_0.8;AF_rSASA_ge_0.25;hexamer_rSASA_ge_0.25	False		intermediate	remains unresolved	unresolved_exact_subset_too_small	False	unchanged_or_unresolved
96|97	96	97	HIGH_RISK	A89_N-terminal_oligomerization_by_similarity	False	0.0	0.3254839777946472	0.11307926479627327	0.6897048693472984	3.298062850198578	9.088913920196461	87.80000305175781	False	0.064935	0.974026	0.346731	0.199755	0.000000	0.000000	0.629402	2.429053	0.746056	0.064935	0.000000	0.000000	0	0.000000	0	0.610978	2.376988	0.753920	0.075269	0.000000	0.000000	0	0.000000	0	0	0.000000	0.629354	2.432710	0.745926	0.064935	0.000000	0.000000	0	none	0	none	0	none	none	max(insertion_type_count,local_deletion_type_count)	background	5	AF_coil;hexamer_coil_fraction_ge_0.8;hexamer_rSASA_ge_0.25;burial_lt_0.10;interprotomer_distance_gt_4.5A	False		intermediate	remains unresolved	unresolved_exact_subset_too_small	False	unchanged_or_unresolved
97|98	97	98	HIGH_RISK	A89_N-terminal_oligomerization_by_similarity	False	0.0	0.004469859413802624	0.00029945242425108524	0.6897048693472984	3.298062850198578	16.66689057361052	89.47000122070312	False	0.974026	0.987013	0.199755	0.100001	0.000000	0.000000	0.753198	2.429053	0.671380	0.064935	0.000000	0.000000	0	0.000000	0	0.735585	2.376988	0.679995	0.075269	0.000000	0.000000	0	0.000000	0	0	0.000000	0.753151	2.432710	0.671251	0.064935	0.000000	0.000000	0	none	0	none	0	none	none	max(insertion_type_count,local_deletion_type_count)	background	6	AF_coil;hexamer_coil_fraction_ge_0.8;AF_rSASA_ge_0.25;hexamer_rSASA_ge_0.25;burial_lt_0.10;interprotomer_distance_gt_4.5A	False		variable	supports	unresolved_exact_subset_too_small	False	unchanged_or_unresolved
98|99	98	99	HIGH_RISK	A89_N-terminal_oligomerization_by_similarity	False	0.0	0.004469859413802624	0.00029945242425108524	0.0	6.7735842723771995	15.117870890210542	88.68000030517578	False	0.987013	0.974026	0.100001	0.199755	0.000000	0.000000	0.810563	2.429053	0.654064	0.064935	0.000000	0.000000	0	0.000000	0	0.791209	2.376988	0.663867	0.075269	0.000000	0.000000	0	0.000000	0	0	0.000000	0.810515	2.432710	0.653935	0.064935	0.000000	0.000000	0	none	0	none	0	none	none	max(insertion_type_count,local_deletion_type_count)	background	4	AF_coil;hexamer_coil_fraction_ge_0.8;AF_rSASA_ge_0.25;hexamer_rSASA_ge_0.25	False		variable	supports	unresolved_exact_subset_too_small	False	unchanged_or_unresolved
99|100	99	100	HIGH_RISK	A89_N-terminal_oligomerization_by_similarity	False	0.0	0.41644591093063354	0.30563024211133644	0.0	6.7735842723771995	15.117870890210542	88.04000091552734	False	0.974026	0.064935	0.199755	2.429053	0.000000	0.000000	0.791969	2.429053	0.651900	0.064935	0.000000	0.000000	0	0.000000	0	0.766076	2.376988	0.663867	0.075269	0.000000	0.000000	0	0.000000	0	0	0.000000	0.792098	2.432710	0.651770	0.064935	0.000000	0.000000	0	none	0	none	0	none	none	max(insertion_type_count,local_deletion_type_count)	structural near-miss	2	AF_coil;hexamer_coil_fraction_ge_0.8	False		variable	supports	unresolved_exact_subset_too_small	False	outside_strict_review_only; near-miss plus V2 evolutionary support
100|101	100	101	HIGH_RISK	A89_N-terminal_oligomerization_by_similarity	False	0.0	0.06508775800466537	0.027863941580106567	0.0	6.345692518306317	16.090816964022746	88.04000091552734	False	0.064935	0.935065	2.429053	0.393610	0.000000	0.000000	0.976142	2.429053	0.582636	0.064935	0.000000	0.000000	0	0.000000	0	0.952275	2.376988	0.597110	0.075269	0.000000	0.000000	0	0.000000	0	0	0.000000	0.976847	2.432710	0.582867	0.064935	0.000000	0.000000	0	none	0	none	0	none	none	max(insertion_type_count,local_deletion_type_count)	background	4	AF_coil;hexamer_coil_fraction_ge_0.8;AF_rSASA_ge_0.25;hexamer_rSASA_ge_0.25	False		variable	supports	unresolved_exact_subset_too_small	False	unchanged_or_unresolved
101|102	101	102	HIGH_RISK	A89_N-terminal_oligomerization_by_similarity	False	0.0	0.06508775800466537	0.027863941580106567	0.0	6.116904961971463	21.42864299138417	88.80999755859375	False	0.935065	0.355263	0.393610	1.725757	0.000000	0.000000	1.109636	2.429053	0.545839	0.064935	0.000000	0.000000	0	0.000000	0	1.083055	2.376988	0.561716	0.075269	0.000000	0.000000	0	0.000000	0	0	0.000000	1.110341	2.432710	0.546071	0.064935	0.000000	0.000000	0	none	0	none	0	none	none	max(insertion_type_count,local_deletion_type_count)	background	4	AF_coil;hexamer_coil_fraction_ge_0.8;AF_rSASA_ge_0.25;hexamer_rSASA_ge_0.25	False		variable	supports	unresolved_exact_subset_too_small	False	unchanged_or_unresolved
102|103	102	103	HIGH_RISK	A89_N-terminal_oligomerization_by_similarity	False	0.0	0.24005627632141113	0.22830714381692982	0.0	5.910082018071061	18.2779590542909	84.73999786376953	False	0.355263	0.103896	1.725757	1.485562	0.000000	0.000000	1.141206	2.429053	0.551250	0.064935	0.000000	0.000000	0	0.000000	0	1.116087	2.376988	0.568884	0.080645	0.000000	0.000000	0	0.000000	0	0	0.000000	1.141912	2.432710	0.551482	0.064935	0.000000	0.000000	0	none	0	none	0	none	none	max(insertion_type_count,local_deletion_type_count)	background	4	AF_coil;hexamer_coil_fraction_ge_0.8;AF_rSASA_ge_0.25;hexamer_rSASA_ge_0.25	False		variable	supports	unresolved_exact_subset_too_small	False	unchanged_or_unresolved
103|104	103	104	HIGH_RISK	A89_N-terminal_oligomerization_by_similarity	False	0.0	0.3045889437198639	0.24738620299776595	0.32296878121627126	2.970873178511459	18.2779590542909	84.55000305175781	False	0.103896	0.753247	1.485562	0.925880	0.000000	0.000000	1.206538	2.429053	0.536099	0.064935	0.000000	0.000000	0	0.000000	0	1.177863	2.376988	0.555444	0.080645	0.000000	0.000000	0	0.000000	0	0	0.000000	1.207244	2.432710	0.536330	0.064935	0.000000	0.000000	0	none	0	none	0	none	none	max(insertion_type_count,local_deletion_type_count)	background	5	AF_coil;hexamer_coil_fraction_ge_0.8;hexamer_rSASA_ge_0.25;burial_lt_0.10;interprotomer_distance_gt_4.5A	False		variable	supports	unresolved_exact_subset_too_small	False	unchanged_or_unresolved
104|105	104	105	HIGH_RISK	A89_N-terminal_oligomerization_by_similarity	False	0.0	0.0	0.0008428790969049146	0.32296878121627126	2.970873178511459	20.49467287375324	84.55000305175781	False	0.753247	0.792208	0.925880	1.013487	0.000000	0.000000	1.271712	2.429053	0.522030	0.064935	0.000000	0.000000	0	0.000000	0	1.236571	2.376988	0.543347	0.080645	0.000000	0.000000	0	0.000000	0	0	0.000000	1.272417	2.432710	0.522261	0.064935	0.000000	0.000000	0	none	0	none	0	none	none	max(insertion_type_count,local_deletion_type_count)	background	6	AF_coil;hexamer_coil_fraction_ge_0.8;AF_rSASA_ge_0.25;hexamer_rSASA_ge_0.25;burial_lt_0.10;interprotomer_distance_gt_4.5A	False		variable	supports	unresolved_exact_subset_too_small	False	unchanged_or_unresolved
105|106	105	106	HIGH_RISK	A89_N-terminal_oligomerization_by_similarity	False	0.0	0.0	0.0008428790969049146	0.0	4.519969759985777	25.831126077418162	83.23999786376953	False	0.792208	0.168831	1.013487	2.210073	0.000000	0.000000	1.355085	2.429053	0.446272	0.064935	0.000000	0.000000	0	0.000000	0	1.321026	2.376988	0.468078	0.075269	0.000000	0.000000	0	0.000000	0	0	0.000000	1.355791	2.432710	0.446503	0.064935	0.000000	0.000000	0	none	0	none	0	none	none	max(insertion_type_count,local_deletion_type_count)	background	4	AF_coil;hexamer_coil_fraction_ge_0.8;AF_rSASA_ge_0.25;hexamer_rSASA_ge_0.25	False		variable	supports	unresolved_exact_subset_too_small	False	unchanged_or_unresolved
106|107	106	107	HIGH_RISK	A89_N-terminal_oligomerization_by_similarity	False	0.0	0.061687272042036057	0.05264071238938198	0.5565850270741642	3.3591962191298923	22.58389525228132	76.38999938964844	False	0.168831	0.376623	2.210073	2.285966	0.000000	0.000000	1.303973	2.285966	0.446272	0.064935	0.000000	0.000000	0	0.000000	0	1.274809	2.234385	0.467630	0.075269	0.000000	0.000000	0	0.000000	0	0	0.000000	1.304374	2.285966	0.446503	0.064935	0.000000	0.000000	0	none	0	none	0	none	none	max(insertion_type_count,local_deletion_type_count)	background	6	AF_coil;hexamer_coil_fraction_ge_0.8;AF_rSASA_ge_0.25;hexamer_rSASA_ge_0.25;burial_lt_0.10;interprotomer_distance_gt_4.5A	False		variable	supports	unresolved_exact_subset_too_small	False	unchanged_or_unresolved
107|108	107	108	HIGH_RISK	A89_N-terminal_oligomerization_by_similarity	False	0.0	0.171036958694458	0.004601159286453349	0.997362285535915	2.941874124738428	22.58389525228132	76.38999938964844	False	0.376623	0.129870	2.285966	0.725576	0.000000	0.000000	1.279505	2.285966	0.450601	0.064935	0.000000	0.000000	0	0.000000	0	1.251581	2.234385	0.471662	0.075269	0.000000	0.000000	0	0.000000	0	0	0.000000	1.279906	2.285966	0.450832	0.064935	0.000000	0.000000	0	none	0	none	0	none	none	max(insertion_type_count,local_deletion_type_count)	background	6	AF_coil;hexamer_coil_fraction_ge_0.8;AF_rSASA_ge_0.25;hexamer_rSASA_ge_0.25;burial_lt_0.10;interprotomer_distance_gt_4.5A	False		variable	supports	unresolved_exact_subset_too_small	False	unchanged_or_unresolved
108|109	108	109	HIGH_RISK	A89_N-terminal_oligomerization_by_similarity	False	0.0	0.18741771578788757	0.004601159286453349	0.997362285535915	2.941874124738428	27.93387598563532	77.16999816894531	False	0.129870	0.792208	0.725576	0.983741	0.000000	0.000000	1.135692	2.285966	0.504329	0.064935	0.000000	0.000000	0	0.000000	0	1.108764	2.234385	0.523745	0.075269	0.000000	0.000000	0	0.000000	0	0	0.000000	1.136268	2.285966	0.504690	0.064935	0.000000	0.000000	0	none	0	none	0	none	none	max(insertion_type_count,local_deletion_type_count)	background	6	AF_coil;hexamer_coil_fraction_ge_0.8;AF_rSASA_ge_0.25;hexamer_rSASA_ge_0.25;burial_lt_0.10;interprotomer_distance_gt_4.5A	False		variable	supports	unresolved_exact_subset_too_small	False	unchanged_or_unresolved
109|110	109	110	HIGH_RISK	A89_N-terminal_oligomerization_by_similarity	False	0.0	0.18741771578788757	0.12299288347892956	0.015837956145372235	4.863630483821248	27.463219843090968	67.66999816894531	False	0.792208	0.818182	0.983741	0.882080	0.000000	0.000000	1.175086	2.285966	0.501082	0.064935	0.000000	0.000000	0	0.000000	0	1.146907	2.234385	0.520609	0.075269	0.000000	0.000000	0	0.000000	0	0	0.000000	1.175662	2.285966	0.501443	0.064935	0.000000	0.000000	0	none	0	none	0	none	none	max(insertion_type_count,local_deletion_type_count)	background	4	AF_coil;hexamer_coil_fraction_ge_0.8;AF_rSASA_ge_0.25;hexamer_rSASA_ge_0.25	False		variable	supports	unresolved_exact_subset_too_small	False	unchanged_or_unresolved
110|111	110	111	HIGH_RISK	A89_N-terminal_oligomerization_by_similarity	False	0.0	0.17945343255996704	0.024785244121001318	0.9570076087260405	2.5915459750480347	27.463219843090968	63.68000030517578	False	0.818182	0.064935	0.882080	1.200235	0.000000	0.000000	1.097929	2.285966	0.521645	0.064935	0.000000	0.000000	0	0.000000	0	1.074150	2.234385	0.539426	0.075269	0.000000	0.000000	0	0.000000	0	0	0.000000	1.098506	2.285966	0.522006	0.064935	0.000000	0.000000	0	none	0	none	0	none	none	max(insertion_type_count,local_deletion_type_count)	background	6	AF_coil;hexamer_coil_fraction_ge_0.8;AF_rSASA_ge_0.25;hexamer_rSASA_ge_0.25;burial_lt_0.10;interprotomer_distance_gt_4.5A	False		variable	supports	unresolved_exact_subset_too_small	False	unchanged_or_unresolved
111|112	111	112	HIGH_RISK	A89_N-terminal_oligomerization_by_similarity	False	0.0	0.17945343255996704	0.024785244121001318	0.9570076087260405	2.5915459750480347	29.63536731095894	63.5099983215332	False	0.064935	0.064935	1.200235	1.815706	0.000000	0.000000	1.013472	2.285966	0.538961	0.064935	0.000000	0.000000	0	0.000000	0	0.996553	2.234385	0.554659	0.075269	0.000000	0.000000	0	0.000000	0	0	0.000000	1.014048	2.285966	0.539322	0.064935	0.000000	0.000000	0	none	0	none	0	none	none	max(insertion_type_count,local_deletion_type_count)	background	6	AF_coil;hexamer_coil_fraction_ge_0.8;AF_rSASA_ge_0.25;hexamer_rSASA_ge_0.25;burial_lt_0.10;interprotomer_distance_gt_4.5A	False		variable	supports	unresolved_exact_subset_too_small	False	unchanged_or_unresolved
112|113	112	113	HIGH_RISK	A89_N-terminal_oligomerization_by_similarity	False	0.0	0.4261288046836853	0.22001731701386282	0.6972885518600127	2.818691116026029	31.891637787340603	63.5099983215332	False	0.064935	0.987013	1.815706	0.100001	0.000000	0.000000	0.829299	2.285966	0.608225	0.064935	0.000000	0.000000	0	0.000000	0	0.810354	2.193801	0.621416	0.075269	0.000000	0.000000	0	0.000000	0	0	0.000000	0.829299	2.285966	0.608225	0.064935	0.000000	0.000000	0	none	0	none	0	none	none	max(insertion_type_count,local_deletion_type_count)	background	5	AF_coil;hexamer_coil_fraction_ge_0.8;hexamer_rSASA_ge_0.25;burial_lt_0.10;interprotomer_distance_gt_4.5A	False		variable	supports	unresolved_exact_subset_too_small	False	unchanged_or_unresolved
113|114	113	114	HIGH_RISK	A89_N-terminal_oligomerization_by_similarity	True	1.0	0.0946313664317131	0.07006214308912737	0.11554920194262204	4.436643677005419	29.303210743043653	71.23999786376953	False	0.987013	1.000000	0.100001	0.000000	0.000000	0.000000	0.693388	1.958287	0.646104	0.064935	0.000000	0.000000	0	0.000000	0	0.677337	1.953005	0.657706	0.075269	0.000000	0.000000	0	0.000000	0	0	0.000000	0.693388	1.958287	0.646104	0.064935	0.000000	0.000000	0	none	0	none	0	none	none	max(insertion_type_count,local_deletion_type_count)	background	4	AF_rSASA_ge_0.25;hexamer_rSASA_ge_0.25;burial_lt_0.10;interprotomer_distance_gt_4.5A	False		variable	supports	unresolved_exact_subset_too_small	False	unchanged_or_unresolved
114|115	114	115	HIGH_RISK	A89_N-terminal_oligomerization_by_similarity	True	1.0	0.0946313664317131	0.07006214308912737	0.11554920194262204	5.507963110618422	29.303210743043653	82.3499984741211	False	1.000000	0.064935	0.000000	1.958287	0.000000	0.000000	0.694360	1.958287	0.701299	0.064935	0.000000	0.000000	0	0.000000	0	0.672178	1.953005	0.711021	0.075269	0.000000	0.000000	0	0.000000	0	0	0.000000	0.693656	1.958287	0.701659	0.064935	0.000000	0.000000	0	none	0	none	0	none	none	max(insertion_type_count,local_deletion_type_count)	background	3	AF_rSASA_ge_0.25;hexamer_rSASA_ge_0.25;burial_lt_0.10	False		intermediate	remains unresolved	unresolved_exact_subset_too_small	False	unchanged_or_unresolved
115|116	115	116	HIGH_RISK	A89_N-terminal_oligomerization_by_similarity;near_Walker_A	True	1.0	0.2647157311439514	0.13279972732156203	0.4156346746336356	3.5889415426022837	34.307565255939245	88.02999877929688	False	0.064935	1.000000	1.958287	0.000000	0.000000	0.000000	0.769346	1.958287	0.649351	0.064935	0.000000	0.000000	0	0.000000	0	0.749154	1.953005	0.656810	0.075269	0.000000	0.000000	0	0.000000	0	0	0.000000	0.768643	1.958287	0.649711	0.064935	0.000000	0.000000	0	none	0	none	0	none	none	max(insertion_type_count,local_deletion_type_count)	background	3	hexamer_rSASA_ge_0.25;burial_lt_0.10;interprotomer_distance_gt_4.5A	False		variable	supports	unresolved_exact_subset_too_small	False	unchanged_or_unresolved
116|117	116	117	HIGH_RISK	A89_N-terminal_oligomerization_by_similarity;near_Walker_A	True	1.0	0.007120449561625719	0.011647031179763985	0.4156346746336356	3.5889415426022837	31.866352270521062	91.41000366210938	False	1.000000	1.000000	0.000000	0.000000	0.000000	0.000000	0.771020	1.958287	0.645022	0.064935	0.000000	0.000000	0	0.000000	0	0.756815	1.953005	0.651882	0.075269	0.000000	0.000000	0	0.000000	0	0	0.000000	0.770316	1.958287	0.645382	0.064935	0.000000	0.000000	0	none	0	none	0	none	none	max(insertion_type_count,local_deletion_type_count)	background	4	AF_rSASA_ge_0.25;hexamer_rSASA_ge_0.25;burial_lt_0.10;interprotomer_distance_gt_4.5A	False		variable	supports	unresolved_exact_subset_too_small	False	unchanged_or_unresolved
117|118	117	118	HIGH_RISK	A89_N-terminal_oligomerization_by_similarity;near_Walker_A	False	0.0	0.007120449561625719	0.008181140511885456	0.0	7.343297346635068	31.866352270521062	94.33999633789062	False	1.000000	1.000000	0.000000	0.000000	0.000000	0.000000	0.671000	1.958287	0.722944	0.064935	0.000000	0.000000	0	0.000000	0	0.658084	1.953005	0.728943	0.075269	0.000000	0.000000	0	0.000000	0	0	0.000000	0.670297	1.958287	0.723304	0.064935	0.000000	0.000000	0	none	0	none	0	none	none	max(insertion_type_count,local_deletion_type_count)	background	4	AF_coil;hexamer_coil_fraction_ge_0.8;AF_rSASA_ge_0.25;hexamer_rSASA_ge_0.25	False		intermediate	remains unresolved	unresolved_exact_subset_too_small	False	unchanged_or_unresolved
118|119	118	119	HIGH_RISK	A89_N-terminal_oligomerization_by_similarity;near_Walker_A	False	0.0	0.0	0.0004573033145539828	0.0	9.84135882493807	33.493937884525174	95.12999725341797	False	1.000000	0.831169	0.000000	0.655024	0.000000	0.000000	0.519691	1.958287	0.800866	0.064935	0.000000	0.000000	0	0.000000	0	0.506219	1.953005	0.806004	0.075269	0.000000	0.000000	0	0.000000	0	0	0.000000	0.518988	1.958287	0.801227	0.064935	0.000000	0.000000	0	none	0	none	0	none	none	max(insertion_type_count,local_deletion_type_count)	background	4	AF_coil;hexamer_coil_fraction_ge_0.8;AF_rSASA_ge_0.25;hexamer_rSASA_ge_0.25	False		intermediate	remains unresolved	unresolved_exact_subset_too_small	False	unchanged_or_unresolved
119|120	119	120	HIGH_RISK	A89_N-terminal_oligomerization_by_similarity;near_Walker_A	False	0.0	0.0	0.0004573033145539828	0.0	10.622430111324793	33.31861448962639	95.23999786376953	False	0.831169	0.792208	0.655024	0.737241	0.000000	0.000000	0.658372	1.958287	0.728355	0.064935	0.000000	0.000000	0	0.000000	0	0.646877	1.953005	0.733871	0.075269	0.000000	0.000000	0	0.000000	0	0	0.000000	0.656417	1.958287	0.729077	0.064935	0.000000	0.000000	0	none	0	none	0	none	none	max(insertion_type_count,local_deletion_type_count)	background	4	AF_coil;hexamer_coil_fraction_ge_0.8;AF_rSASA_ge_0.25;hexamer_rSASA_ge_0.25	False		intermediate	remains unresolved	unresolved_exact_subset_too_small	False	unchanged_or_unresolved
120|121	120	121	HIGH_RISK	A89_N-terminal_oligomerization_by_similarity;near_Walker_A	False	0.0	0.00438090693205595	0.0030329910560129244	0.0	13.16982629451811	31.18995535083002	94.4000015258789	False	0.792208	0.168831	0.737241	1.883580	0.000000	0.000000	0.658372	1.958287	0.728355	0.064935	0.000000	0.000000	0	0.000000	0	0.646877	1.953005	0.733871	0.075269	0.000000	0.000000	0	0.000000	0	0	0.000000	0.656417	1.958287	0.729077	0.064935	0.000000	0.000000	0	none	0	none	0	none	none	max(insertion_type_count,local_deletion_type_count)	background	4	AF_coil;hexamer_coil_fraction_ge_0.8;AF_rSASA_ge_0.25;hexamer_rSASA_ge_0.25	False		intermediate	remains unresolved	unresolved_exact_subset_too_small	False	unchanged_or_unresolved
121|122	121	122	HIGH_RISK	A89_N-terminal_oligomerization_by_similarity;near_Walker_A	False	0.0	0.00438090693205595	0.004913832683450276	0.0	9.84027008073727	31.18995535083002	94.4000015258789	False	0.168831	0.766234	1.883580	0.902164	0.000000	0.000000	0.495181	1.883580	0.806277	0.116883	0.000000	0.000000	0	0.000000	0	0.484126	1.836326	0.810932	0.123656	0.000000	0.000000	0	0.000000	0	0	0.000000	0.493226	1.883580	0.806999	0.121212	0.000000	0.000000	0	none	0	none	0	none	none	max(insertion_type_count,local_deletion_type_count)	background	4	AF_coil;hexamer_coil_fraction_ge_0.8;AF_rSASA_ge_0.25;hexamer_rSASA_ge_0.25	False		intermediate	remains unresolved	unresolved_exact_subset_too_small	False	unchanged_or_unresolved
122|123	122	123	HIGH_RISK	A89_N-terminal_oligomerization_by_similarity;near_Walker_A	False	0.0	0.007662616204470396	0.004913832683450276	0.0	9.84027008073727	32.404982631907984	94.27999877929688	False	0.766234	1.000000	0.902164	0.000000	0.000000	0.000000	0.542307	1.883580	0.797619	0.116883	0.000000	0.000000	0	0.000000	0	0.530095	1.836326	0.802419	0.123656	0.000000	0.000000	0	0.000000	0	0	0.000000	0.540352	1.883580	0.798341	0.121212	0.000000	0.000000	0	none	0	none	0	none	none	max(insertion_type_count,local_deletion_type_count)	background	4	AF_coil;hexamer_coil_fraction_ge_0.8;AF_rSASA_ge_0.25;hexamer_rSASA_ge_0.25	False		intermediate	remains unresolved	unresolved_exact_subset_too_small	False	unchanged_or_unresolved
123|124	123	124	EXCLUDE	Walker_A/ATP_binding	False	0.0	0.021160481497645378	0.014665989205241203	0.0	7.774130208225026	32.404982631907984	92.66000366210938	False	1.000000	1.000000	0.000000	0.000000	0.000000	0.000000	0.542307	1.883580	0.797619	0.116883	0.000000	0.000000	0	0.000000	0	0.530095	1.836326	0.802419	0.123656	0.000000	0.000000	0	0.000000	0	0	0.000000	0.540352	1.883580	0.798341	0.121212	0.000000	0.000000	0	none	0	none	0	none	none	max(insertion_type_count,local_deletion_type_count)	background	4	AF_coil;hexamer_coil_fraction_ge_0.8;AF_rSASA_ge_0.25;hexamer_rSASA_ge_0.25	False		intermediate	weakens	unresolved_exact_subset_too_small	False	decreased_or_excluded; hard functional feature dominates
124|125	124	125	EXCLUDE	Walker_A/ATP_binding	True	1.0	0.16267308592796326	0.14535474930054101	0.0	6.518284920567035	33.07104269258921	92.18000030517578	False	1.000000	0.116883	0.000000	1.764164	0.000000	0.000000	0.542307	1.883580	0.797619	0.116883	0.000000	0.000000	0	0.000000	0	0.530095	1.836326	0.802419	0.123656	0.000000	0.000000	0	0.000000	0	0	0.000000	0.540352	1.883580	0.798341	0.121212	0.000000	0.000000	0	none	0	none	0	none	none	max(insertion_type_count,local_deletion_type_count)	background	2	AF_rSASA_ge_0.25;hexamer_rSASA_ge_0.25	False		intermediate	weakens	unresolved_exact_subset_too_small	False	decreased_or_excluded; hard functional feature dominates
125|126	125	126	EXCLUDE	Walker_A/ATP_binding	True	1.0	0.46369460225105286	0.2997566639002514	0.5672628866538938	3.648734866222398	30.831379675414624	92.18000030517578	False	0.116883	1.000000	1.764164	0.000000	0.000000	0.000000	0.487722	1.883580	0.811688	0.116883	0.000000	0.000000	0	0.000000	0	0.480295	1.836326	0.814516	0.123656	0.000000	0.000000	0	0.000000	0	0	0.000000	0.485767	1.883580	0.812410	0.121212	0.000000	0.000000	0	none	0	none	0	none	none	max(insertion_type_count,local_deletion_type_count)	background	2	burial_lt_0.10;interprotomer_distance_gt_4.5A	False		intermediate	weakens	unresolved_exact_subset_too_small	False	decreased_or_excluded; hard functional feature dominates
126|127	126	127	EXCLUDE	Walker_A/ATP_binding	True	1.0	0.35199397802352905	0.26042775618724334	0.5672628866538938	3.648734866222398	30.831379675414624	91.91999816894531	False	1.000000	1.000000	0.000000	0.000000	0.000000	0.000000	0.540949	1.883580	0.752165	0.077922	0.000000	0.000000	0	0.000000	0	0.536244	1.836326	0.755376	0.091398	0.000000	0.000000	0	0.000000	0	0	0.000000	0.539698	1.883580	0.752525	0.077922	0.000000	0.000000	0	none	0	none	0	none	none	max(insertion_type_count,local_deletion_type_count)	background	2	burial_lt_0.10;interprotomer_distance_gt_4.5A	False		intermediate	weakens	unresolved_exact_subset_too_small	False	decreased_or_excluded; hard functional feature dominates
127|128	127	128	EXCLUDE	Walker_A/ATP_binding	True	1.0	0.1191432774066925	0.08393714039824729	0.30212388014274183	5.3796840913913115	34.02688332256667	91.91999816894531	False	1.000000	0.896104	0.000000	0.565514	0.000000	0.000000	0.452465	1.764164	0.752165	0.077922	0.000000	0.000000	0	0.000000	0	0.450403	1.773637	0.755824	0.091398	0.000000	0.000000	0	0.000000	0	0	0.000000	0.451214	1.749146	0.752525	0.077922	0.000000	0.000000	0	none	0	none	0	none	none	max(insertion_type_count,local_deletion_type_count)	background	3	AF_rSASA_ge_0.25;hexamer_rSASA_ge_0.25;burial_lt_0.10	False		intermediate	weakens	unresolved_exact_subset_too_small	False	decreased_or_excluded; hard functional feature dominates
128|129	128	129	EXCLUDE	Walker_A/ATP_binding	True	1.0	0.11378676444292068	0.07400368650754292	0.29710149907650013	5.3211094842339515	35.84419634920626	92.4800033569336	False	0.896104	1.000000	0.565514	0.000000	0.000000	0.000000	0.377285	1.764164	0.771645	0.077922	0.000000	0.000000	0	0.000000	0	0.376888	1.773637	0.773746	0.091398	0.000000	0.000000	0	0.000000	0	0	0.000000	0.376034	1.749146	0.772006	0.077922	0.000000	0.000000	0	none	0	none	0	none	none	max(insertion_type_count,local_deletion_type_count)	background	3	AF_rSASA_ge_0.25;hexamer_rSASA_ge_0.25;burial_lt_0.10	False		intermediate	weakens	unresolved_exact_subset_too_small	False	decreased_or_excluded; hard functional feature dominates
129|130	129	130	EXCLUDE	Walker_A/ATP_binding	False	0.0	0.05187011882662773	0.03147760723943764	0.29710149907650013	5.3211094842339515	31.87704644191577	92.6500015258789	False	1.000000	1.000000	0.000000	0.000000	0.000000	0.000000	0.460365	1.764164	0.732684	0.077922	0.000000	0.000000	0	0.000000	0	0.459971	1.773637	0.734767	0.091398	0.000000	0.000000	0	0.000000	0	0	0.000000	0.459113	1.749146	0.733045	0.077922	0.000000	0.000000	0	none	0	none	0	none	none	max(insertion_type_count,local_deletion_type_count)	background	5	AF_coil;hexamer_coil_fraction_ge_0.8;AF_rSASA_ge_0.25;hexamer_rSASA_ge_0.25;burial_lt_0.10	False		intermediate	weakens	unresolved_exact_subset_too_small	False	decreased_or_excluded; hard functional feature dominates
130|131	130	131	EXCLUDE	Walker_A/ATP_binding	False	0.0	0.05187011882662773	0.03147760723943764	0.722171786294147	3.269023047403827	30.281265977333817	94.1500015258789	False	1.000000	1.000000	0.000000	0.000000	0.000000	0.000000	0.548303	1.764164	0.655844	0.077922	0.000000	0.000000	0	0.000000	0	0.545421	1.773637	0.658602	0.086022	0.000000	0.000000	0	0.000000	0	0	0.000000	0.547052	1.749146	0.656205	0.077922	0.000000	0.000000	0	none	0	none	0	none	none	max(insertion_type_count,local_deletion_type_count)	background	6	AF_coil;hexamer_coil_fraction_ge_0.8;AF_rSASA_ge_0.25;hexamer_rSASA_ge_0.25;burial_lt_0.10;interprotomer_distance_gt_4.5A	False		variable	weakens	unresolved_exact_subset_too_small	False	decreased_or_excluded; hard functional feature dominates
131|132	131	132	EXCLUDE	Walker_A/ATP_binding	False	0.0	0.2543744146823883	0.05067076770029653	0.915039945753893	3.269023047403827	30.281265977333817	93.7300033569336	False	1.000000	0.077922	0.000000	1.375968	0.000000	0.000000	0.401290	1.375968	0.729437	0.077922	0.000000	0.000000	0	0.000000	0	0.397618	1.391158	0.731631	0.086022	0.000000	0.000000	0	0.000000	0	0	0.000000	0.401290	1.375968	0.729437	0.077922	0.000000	0.000000	0	none	0	none	0	none	none	max(insertion_type_count,local_deletion_type_count)	background	5	AF_coil;hexamer_coil_fraction_ge_0.8;hexamer_rSASA_ge_0.25;burial_lt_0.10;interprotomer_distance_gt_4.5A	False		intermediate	weakens	unresolved_exact_subset_too_small	False	decreased_or_excluded; hard functional feature dominates
132|133	132	133	HIGH_RISK	A89_N-terminal_oligomerization_by_similarity;near_Walker_A	False	0.0	0.0	0.0005469239324100258	0.915039945753893	3.3449336680888138	33.68919646010821	93.7300033569336	False	0.077922	0.168831	1.375968	0.821775	0.000000	0.000000	0.415771	1.375968	0.727273	0.077922	0.000000	0.000000	0	0.000000	0	0.412494	1.391158	0.729391	0.086022	0.000000	0.000000	0	0.000000	0	0	0.000000	0.415771	1.375968	0.727273	0.077922	0.000000	0.000000	0	none	0	none	0	none	none	max(insertion_type_count,local_deletion_type_count)	background	6	AF_coil;hexamer_coil_fraction_ge_0.8;AF_rSASA_ge_0.25;hexamer_rSASA_ge_0.25;burial_lt_0.10;interprotomer_distance_gt_4.5A	False		intermediate	remains unresolved	unresolved_exact_subset_too_small	False	unchanged_or_unresolved
133|134	133	134	HIGH_RISK	A89_N-terminal_oligomerization_by_similarity;near_Walker_A	False	0.0	0.0	0.0005469239324100258	0.0	6.007213549253377	31.639531318303245	94.2699966430664	False	0.168831	1.000000	0.821775	0.000000	0.000000	0.000000	0.435564	1.375968	0.724026	0.077922	0.000000	0.000000	0	0.000000	0	0.431772	1.391158	0.726255	0.086022	0.000000	0.000000	0	0.000000	0	0	0.000000	0.435564	1.375968	0.724026	0.077922	0.000000	0.000000	0	none	0	none	0	none	none	max(insertion_type_count,local_deletion_type_count)	background	4	AF_coil;hexamer_coil_fraction_ge_0.8;AF_rSASA_ge_0.25;hexamer_rSASA_ge_0.25	False		intermediate	remains unresolved	unresolved_exact_subset_too_small	False	unchanged_or_unresolved
134|135	134	135	HIGH_RISK	A89_N-terminal_oligomerization_by_similarity;near_Walker_A	False	0.0	0.016645602881908417	0.002080269988135312	0.8564359361813837	3.309270032747796	31.639531318303245	93.83000183105469	False	1.000000	0.532468	0.000000	0.996956	0.000000	0.000000	0.388437	1.375968	0.732684	0.077922	0.000000	0.000000	0	0.000000	0	0.385804	1.391158	0.734767	0.086022	0.000000	0.000000	0	0.000000	0	0	0.000000	0.388437	1.375968	0.732684	0.077922	0.000000	0.000000	0	none	0	none	0	none	none	max(insertion_type_count,local_deletion_type_count)	background	6	AF_coil;hexamer_coil_fraction_ge_0.8;AF_rSASA_ge_0.25;hexamer_rSASA_ge_0.25;burial_lt_0.10;interprotomer_distance_gt_4.5A	False		intermediate	remains unresolved	unresolved_exact_subset_too_small	False	unchanged_or_unresolved
135|136	135	136	HIGH_RISK	near_Walker_A	False	0.0	0.12080471962690353	0.04365883488808909	0.8564359361813837	3.309270032747796	32.225826018549505	93.48999786376953	False	0.532468	0.077922	0.996956	1.055261	0.000000	0.000000	0.455612	1.375968	0.669913	0.077922	0.000000	0.000000	0	0.000000	0	0.452324	1.391158	0.671595	0.086022	0.000000	0.000000	0	0.000000	0	0	0.000000	0.455612	1.375968	0.669913	0.077922	0.000000	0.000000	0	none	0	none	0	none	none	max(insertion_type_count,local_deletion_type_count)	background	6	AF_coil;hexamer_coil_fraction_ge_0.8;AF_rSASA_ge_0.25;hexamer_rSASA_ge_0.25;burial_lt_0.10;interprotomer_distance_gt_4.5A	False		variable	supports	unresolved_exact_subset_too_small	False	unchanged_or_unresolved
136|137	136	137	HIGH_RISK	near_Walker_A	False	0.0	0.0056325942277908325	0.0030701729294474837	0.11661930034498404	6.189622490610736	35.52282967304622	93.48999786376953	False	0.077922	1.000000	1.055261	0.000000	0.000000	0.000000	0.455612	1.375968	0.669913	0.077922	0.000000	0.000000	0	0.000000	0	0.452324	1.391158	0.671595	0.086022	0.000000	0.000000	0	0.000000	0	0	0.000000	0.455612	1.375968	0.669913	0.077922	0.000000	0.000000	0	none	0	none	0	none	none	max(insertion_type_count,local_deletion_type_count)	background	5	AF_coil;hexamer_coil_fraction_ge_0.8;AF_rSASA_ge_0.25;hexamer_rSASA_ge_0.25;burial_lt_0.10	False		variable	supports	unresolved_exact_subset_too_small	False	unchanged_or_unresolved
137|138	137	138	HIGH_RISK	near_Walker_A	False	0.0	0.0	0.0	0.0	5.303669630204646	32.91761418353025	93.87000274658203	False	1.000000	0.974026	0.000000	0.173781	0.000000	0.000000	0.572416	1.401649	0.591991	0.064935	0.000000	0.000000	0	0.000000	0	0.567245	1.391158	0.594534	0.075269	0.000000	0.000000	0	0.000000	0	0	0.000000	0.572416	1.401649	0.591991	0.064935	0.000000	0.000000	0	none	0	none	0	none	none	max(insertion_type_count,local_deletion_type_count)	background	4	AF_coil;hexamer_coil_fraction_ge_0.8;AF_rSASA_ge_0.25;hexamer_rSASA_ge_0.25	False		variable	supports	unresolved_exact_subset_too_small	False	unchanged_or_unresolved
138|139	138	139	HIGH_RISK	near_Walker_A	False	0.0	0.0	0.0	0.7139900413987406	2.5915459750480347	31.557723196705098	92.87999725341797	False	0.974026	0.961039	0.173781	0.237508	0.000000	0.000000	0.551044	1.401649	0.634199	0.064935	0.000000	0.000000	0	0.000000	0	0.542476	1.379048	0.636649	0.075269	0.000000	0.000000	0	0.000000	0	0	0.000000	0.551044	1.401649	0.634199	0.064935	0.000000	0.000000	0	none	0	none	0	none	none	max(insertion_type_count,local_deletion_type_count)	background	6	AF_coil;hexamer_coil_fraction_ge_0.8;AF_rSASA_ge_0.25;hexamer_rSASA_ge_0.25;burial_lt_0.10;interprotomer_distance_gt_4.5A	False		variable	supports	unresolved_exact_subset_too_small	False	unchanged_or_unresolved
139|140	139	140	HIGH_RISK	near_Walker_A	False	0.0	0.011151695623993874	0.0013286942128269445	0.7139900413987406	2.5915459750480347	31.557723196705098	91.56999969482422	False	0.961039	1.000000	0.237508	0.000000	0.000000	0.000000	0.515464	1.401649	0.626623	0.064935	0.000000	0.000000	0	0.000000	0	0.512049	1.379048	0.629928	0.075269	0.000000	0.000000	0	0.000000	0	0	0.000000	0.515464	1.401649	0.626623	0.064935	0.000000	0.000000	0	none	0	none	0	none	none	max(insertion_type_count,local_deletion_type_count)	background	6	AF_coil;hexamer_coil_fraction_ge_0.8;AF_rSASA_ge_0.25;hexamer_rSASA_ge_0.25;burial_lt_0.10;interprotomer_distance_gt_4.5A	False		variable	supports	unresolved_exact_subset_too_small	False	unchanged_or_unresolved
140|141	140	141	CORE_CAUTION	A89_SF3_helicase_domain_by_PROSITE	False	0.0	0.011151695623993874	0.0013286942128269445	0.625046231467774	3.5915036332323296	36.560897031151434	91.56999969482422	False	1.000000	0.246753	0.000000	0.806091	0.000000	0.000000	0.515464	1.401649	0.626623	0.064935	0.000000	0.000000	0	0.000000	0	0.512049	1.379048	0.629928	0.075269	0.000000	0.000000	0	0.000000	0	0	0.000000	0.515464	1.401649	0.626623	0.064935	0.000000	0.000000	0	none	0	none	0	none	none	max(insertion_type_count,local_deletion_type_count)	background	6	AF_coil;hexamer_coil_fraction_ge_0.8;AF_rSASA_ge_0.25;hexamer_rSASA_ge_0.25;burial_lt_0.10;interprotomer_distance_gt_4.5A	False		variable	supports	unresolved_exact_subset_too_small	False	unchanged_or_unresolved
141|142	141	142	CORE_CAUTION	A89_SF3_helicase_domain_by_PROSITE	False	0.0	0.12034756690263748	0.025208792876248335	0.8706709368822607	2.723176243834595	32.75843820955455	90.68000030517578	False	0.246753	1.000000	0.806091	0.000000	0.000000	0.000000	0.465286	1.401649	0.659091	0.064935	0.000000	0.000000	0	0.000000	0	0.464220	1.379048	0.661738	0.075269	0.000000	0.000000	0	0.000000	0	0	0.000000	0.465286	1.401649	0.659091	0.064935	0.000000	0.000000	0	none	0	none	0	none	none	max(insertion_type_count,local_deletion_type_count)	background	6	AF_coil;hexamer_coil_fraction_ge_0.8;AF_rSASA_ge_0.25;hexamer_rSASA_ge_0.25;burial_lt_0.10;interprotomer_distance_gt_4.5A	False		variable	supports	unresolved_exact_subset_too_small	False	unchanged_or_unresolved
142|143	142	143	CORE_CAUTION	A89_SF3_helicase_domain_by_PROSITE	True	1.0	0.12034756690263748	0.01866846226184304	0.9822866214584327	2.5262970969045355	31.06155436779605	87.98999786376953	False	1.000000	0.064935	0.000000	1.401649	0.000000	0.000000	0.377348	1.401649	0.735931	0.064935	0.000000	0.000000	0	0.000000	0	0.378770	1.379048	0.737903	0.075269	0.000000	0.000000	0	0.000000	0	0	0.000000	0.377348	1.401649	0.735931	0.064935	0.000000	0.000000	0	none	0	none	0	none	none	max(insertion_type_count,local_deletion_type_count)	background	4	AF_rSASA_ge_0.25;hexamer_rSASA_ge_0.25;burial_lt_0.10;interprotomer_distance_gt_4.5A	False		intermediate	remains unresolved	unresolved_exact_subset_too_small	False	unchanged_or_unresolved
143|144	143	144	CORE_CAUTION	A89_SF3_helicase_domain_by_PROSITE	False	1.0	0.48469486832618713	0.01866846226184304	0.9822866214584327	2.5262970969045355	27.91794231754719	87.5999984741211	False	0.064935	0.584416	1.401649	1.119512	0.000000	0.000000	0.377348	1.401649	0.735931	0.064935	0.000000	0.000000	0	0.000000	0	0.378770	1.379048	0.737903	0.075269	0.000000	0.000000	0	0.000000	0	0	0.000000	0.377348	1.401649	0.735931	0.064935	0.000000	0.000000	0	none	0	none	0	none	none	max(insertion_type_count,local_deletion_type_count)	background	4	AF_coil;hexamer_rSASA_ge_0.25;burial_lt_0.10;interprotomer_distance_gt_4.5A	False		intermediate	remains unresolved	unresolved_exact_subset_too_small	False	unchanged_or_unresolved
144|145	144	145	CORE_CAUTION	A89_SF3_helicase_domain_by_PROSITE	False	1.0	0.5297373533248901	0.08914821636160036	0.8923795494209782	2.5363125225241663	25.90683575947988	87.0199966430664	False	0.584416	0.077922	1.119512	0.394815	0.000000	0.000000	0.362866	1.401649	0.738095	0.064935	0.000000	0.000000	0	0.000000	0	0.363894	1.379048	0.740143	0.075269	0.000000	0.000000	0	0.000000	0	0	0.000000	0.362866	1.401649	0.738095	0.064935	0.000000	0.000000	0	none	0	none	0	none	none	max(insertion_type_count,local_deletion_type_count)	background	4	AF_coil;hexamer_rSASA_ge_0.25;burial_lt_0.10;interprotomer_distance_gt_4.5A	False		intermediate	remains unresolved	unresolved_exact_subset_too_small	False	unchanged_or_unresolved
145|146	145	146	CORE_CAUTION	A89_SF3_helicase_domain_by_PROSITE	False	1.0	0.1851692795753479	0.11904027013169256	0.858348188389677	2.600789837523032	25.90683575947988	87.0199966430664	False	0.077922	1.000000	0.394815	0.000000	0.000000	0.000000	0.343073	1.401649	0.741342	0.064935	0.000000	0.000000	0	0.000000	0	0.344616	1.379048	0.743279	0.075269	0.000000	0.000000	0	0.000000	0	0	0.000000	0.343073	1.401649	0.741342	0.064935	0.000000	0.000000	0	none	0	none	0	none	none	max(insertion_type_count,local_deletion_type_count)	background	5	AF_coil;AF_rSASA_ge_0.25;hexamer_rSASA_ge_0.25;burial_lt_0.10;interprotomer_distance_gt_4.5A	False		intermediate	remains unresolved	unresolved_exact_subset_too_small	False	unchanged_or_unresolved
146|147	146	147	CORE_CAUTION	A89_SF3_helicase_domain_by_PROSITE	False	0.0	0.16037514805793762	0.08600956373004946	0.7812562202693234	2.600789837523032	25.501798723059565	90.68000030517578	False	1.000000	0.922078	0.000000	0.394815	0.000000	0.000000	0.343073	1.401649	0.741342	0.064935	0.000000	0.000000	0	0.000000	0	0.344616	1.379048	0.743279	0.075269	0.000000	0.000000	0	0.000000	0	0	0.000000	0.343073	1.401649	0.741342	0.064935	0.000000	0.000000	0	none	0	none	0	none	none	max(insertion_type_count,local_deletion_type_count)	background	6	AF_coil;hexamer_coil_fraction_ge_0.8;AF_rSASA_ge_0.25;hexamer_rSASA_ge_0.25;burial_lt_0.10;interprotomer_distance_gt_4.5A	False		intermediate	remains unresolved	unresolved_exact_subset_too_small	False	unchanged_or_unresolved
147|148	147	148	EXCLUDE	9A5_epitope_and_H163-equivalent_pore-loop	False	0.0	0.0634387955069542	0.06974489758374271	0.07186090335475229	2.792740468444077	18.459138787364804	93.48999786376953	False	0.922078	1.000000	0.394815	0.000000	0.000000	0.000000	0.344032	1.401649	0.788961	0.064935	0.000000	0.000000	0	0.000000	0	0.342159	1.379048	0.793459	0.075269	0.000000	0.000000	0	0.000000	0	0	0.000000	0.346410	1.401649	0.788961	0.064935	0.000000	0.000000	0	none	0	none	0	none	none	max(insertion_type_count,local_deletion_type_count)	background	5	AF_coil;hexamer_coil_fraction_ge_0.8;AF_rSASA_ge_0.25;hexamer_rSASA_ge_0.25;interprotomer_distance_gt_4.5A	False		intermediate	weakens	unresolved_exact_subset_too_small	False	decreased_or_excluded; hard functional feature dominates
148|149	148	149	EXCLUDE	9A5_epitope_and_H163-equivalent_pore-loop	False	0.0	0.0634387955069542	0.06974489758374271	0.6354848859426351	3.464012518758942	18.459138787364804	93.5	False	1.000000	1.000000	0.000000	0.000000	0.000000	0.000000	0.344032	1.401649	0.788961	0.064935	0.000000	0.000000	0	0.000000	0	0.342159	1.379048	0.793459	0.075269	0.000000	0.000000	0	0.000000	0	0	0.000000	0.346410	1.401649	0.788961	0.064935	0.000000	0.000000	0	none	0	none	0	none	none	max(insertion_type_count,local_deletion_type_count)	background	6	AF_coil;hexamer_coil_fraction_ge_0.8;AF_rSASA_ge_0.25;hexamer_rSASA_ge_0.25;burial_lt_0.10;interprotomer_distance_gt_4.5A	False		intermediate	weakens	unresolved_exact_subset_too_small	False	decreased_or_excluded; hard functional feature dominates
149|150	149	150	EXCLUDE	9A5_epitope_and_H163-equivalent_pore-loop	False	0.0	0.04874163120985031	0.019217867954058037	0.6354848859426351	3.464012518758942	20.430901075582202	90.58999633789062	False	1.000000	1.000000	0.000000	0.000000	0.000000	0.000000	0.227228	1.119512	0.866883	0.077922	0.000000	0.000000	0	0.000000	0	0.227238	1.093932	0.870520	0.091398	0.000000	0.000000	0	0.000000	0	0	0.000000	0.229606	1.119512	0.866883	0.077922	0.000000	0.000000	0	none	0	none	0	none	none	max(insertion_type_count,local_deletion_type_count)	background	6	AF_coil;hexamer_coil_fraction_ge_0.8;AF_rSASA_ge_0.25;hexamer_rSASA_ge_0.25;burial_lt_0.10;interprotomer_distance_gt_4.5A	False		intermediate	weakens	unresolved_exact_subset_too_small	False	decreased_or_excluded; hard functional feature dominates
150|151	150	151	EXCLUDE	9A5_epitope_and_H163-equivalent_pore-loop	False	0.16666666666666666	0.04874163120985031	0.019217867954058037	0.41704860166323504	5.047389820068311	17.641896500216895	85.41000366210938	False	1.000000	1.000000	0.000000	0.000000	0.000000	0.000000	0.142268	0.817589	0.900433	0.077922	0.000000	0.000000	0	0.000000	0	0.146004	0.768758	0.902778	0.091398	0.000000	0.000000	0	0.000000	0	0	0.000000	0.144647	0.846128	0.900433	0.077922	0.000000	0.000000	0	none	0	none	0	none	none	max(insertion_type_count,local_deletion_type_count)	background	5	AF_coil;hexamer_coil_fraction_ge_0.8;AF_rSASA_ge_0.25;hexamer_rSASA_ge_0.25;burial_lt_0.10	False		conserved	weakens	unresolved_exact_subset_too_small	False	decreased_or_excluded; hard functional feature dominates
151|152	151	152	EXCLUDE	9A5_epitope_and_H163-equivalent_pore-loop	True	1.0	0.4339269995689392	0.24637481601483166	0.5308253376554922	3.6290560267956335	17.608166561182305	80.9800033569336	False	1.000000	1.000000	0.000000	0.000000	0.000000	0.000000	0.109367	0.817589	0.977273	0.818182	0.000000	0.000000	0	0.000000	0	0.109244	0.768758	0.978495	0.844086	0.000000	0.000000	0	0.000000	0	0	0.000000	0.111745	0.846128	0.977273	0.818182	0.000000	0.000000	0	none	0	none	0	none	none	max(insertion_type_count,local_deletion_type_count)	background	3	hexamer_rSASA_ge_0.25;burial_lt_0.10;interprotomer_distance_gt_4.5A	False		conserved	weakens	unresolved_exact_subset_too_small	False	decreased_or_excluded; hard functional feature dominates
152|153	152	153	EXCLUDE	9A5_epitope_and_H163-equivalent_pore-loop	True	1.0	0.3200831413269043	0.18442634391455245	0.5308253376554922	3.6290560267956335	14.316516404762718	77.87000274658203	False	1.000000	0.818182	0.000000	0.817589	0.000000	0.000000	0.109367	0.817589	0.977273	0.818182	0.000000	0.000000	0	0.000000	0	0.109244	0.768758	0.978495	0.844086	0.000000	0.000000	0	0.000000	0	0	0.000000	0.111745	0.846128	0.977273	0.818182	0.000000	0.000000	0	none	0	none	0	none	none	max(insertion_type_count,local_deletion_type_count)	background	3	hexamer_rSASA_ge_0.25;burial_lt_0.10;interprotomer_distance_gt_4.5A	False		conserved	weakens	unresolved_exact_subset_too_small	False	decreased_or_excluded; hard functional feature dominates
153|154	153	154	EXCLUDE	9A5_epitope_and_H163-equivalent_pore-loop	True	1.0	0.07894483953714371	0.019334894681126816	0.0	7.588864073560073	14.316516404762718	77.02999877929688	False	0.818182	1.000000	0.817589	0.000000	0.000000	0.000000	0.076466	0.817589	0.983766	0.818182	0.001082	0.012987	0	0.000000	0	0.073989	0.768758	0.985663	0.844086	0.000896	0.010753	0	0.000000	0	2	0.010753	0.078844	0.846128	0.983766	0.818182	0.001082	0.012987	0	none	0	none	1	A12	singleton_or_rare	max(insertion_type_count,local_deletion_type_count)	background	2	AF_rSASA_ge_0.25;hexamer_rSASA_ge_0.25	False		conserved	weakens	unresolved_exact_subset_too_small	False	decreased_or_excluded; hard functional feature dominates
154|155	154	155	EXCLUDE	9A5_epitope_and_H163-equivalent_pore-loop	True	1.0	0.07894483953714371	0.019334894681126816	0.0	7.292829437453074	9.43789975850813	77.02999877929688	False	1.000000	1.000000	0.000000	0.000000	0.000000	0.000000	0.084799	0.817589	0.982684	0.818182	0.001082	0.012987	0	0.000000	0	0.081135	0.768758	0.984767	0.844086	0.000896	0.010753	0	0.000000	0	2	0.010753	0.087178	0.846128	0.982684	0.818182	0.001082	0.012987	0	none	0	none	1	A12	singleton_or_rare	max(insertion_type_count,local_deletion_type_count)	background	2	AF_rSASA_ge_0.25;hexamer_rSASA_ge_0.25	False		conserved	weakens	unresolved_exact_subset_too_small	False	decreased_or_excluded; hard functional feature dominates
155|156	155	156	EXCLUDE	9A5_epitope_and_H163-equivalent_pore-loop	True	1.0	0.43798092007637024	0.4421064040808926	0.0	5.9359918918931385	9.30698173622562	82.23999786376953	True	1.000000	0.987013	0.000000	0.100001	0.000000	0.000000	0.107573	0.817589	0.979437	0.818182	0.001082	0.012987	0	0.000000	0	0.100736	0.768758	0.982079	0.844086	0.000896	0.010753	0	0.000000	0	2	0.010753	0.109951	0.846128	0.979437	0.818182	0.001082	0.012987	0	none	0	none	1	A12	singleton_or_rare	max(insertion_type_count,local_deletion_type_count)	strict structural pass	0	none	False		conserved	weakens	unresolved_exact_subset_too_small	True	decreased_or_excluded; hard functional feature dominates
156|157	156	157	EXCLUDE	9A5_epitope_and_H163-equivalent_pore-loop	True	1.0	0.0005241442704573274	0.0	0.0	5.9359918918931385	9.30698173622562	86.22000122070312	False	0.987013	1.000000	0.100001	0.000000	0.000000	0.000000	0.140374	0.817589	0.974026	0.818182	0.001082	0.012987	0	0.000000	0	0.139887	0.768758	0.974910	0.844086	0.000896	0.010753	0	0.000000	0	2	0.010753	0.142752	0.846128	0.974026	0.818182	0.001082	0.012987	0	none	0	none	1	A12	singleton_or_rare	max(insertion_type_count,local_deletion_type_count)	background	2	AF_rSASA_ge_0.25;hexamer_rSASA_ge_0.25	False		conserved	weakens	unresolved_exact_subset_too_small	False	decreased_or_excluded; hard functional feature dominates
157|158	157	158	EXCLUDE	9A5_epitope_and_H163-equivalent_pore-loop	True	1.0	0.0005241442704573274	0.0	0.8174872804747856	2.5938429247427166	12.021603134917276	85.29000091552734	False	1.000000	1.000000	0.000000	0.000000	0.000000	0.000000	0.140374	0.817589	0.974026	0.818182	0.001082	0.012987	0	0.000000	0	0.139887	0.768758	0.974910	0.844086	0.000896	0.010753	0	0.000000	0	2	0.010753	0.142752	0.846128	0.974026	0.818182	0.001082	0.012987	0	none	0	none	1	A12	singleton_or_rare	max(insertion_type_count,local_deletion_type_count)	background	4	AF_rSASA_ge_0.25;hexamer_rSASA_ge_0.25;burial_lt_0.10;interprotomer_distance_gt_4.5A	False		conserved	weakens	unresolved_exact_subset_too_small	False	decreased_or_excluded; hard functional feature dominates
158|159	158	159	EXCLUDE	9A5_epitope_and_H163-equivalent_pore-loop	True	1.0	0.39457589387893677	0.10261606799506152	0.8174872804747856	2.5938429247427166	12.021603134917276	85.29000091552734	False	1.000000	1.000000	0.000000	0.000000	0.000000	0.012987	0.164925	0.817589	0.969697	0.818182	0.001082	0.012987	0	0.000000	0	0.163179	0.768758	0.970878	0.844086	0.000896	0.010753	0	0.000000	0	2	0.010753	0.167303	0.846128	0.969697	0.818182	0.001082	0.012987	0	none	0	none	1	A12	singleton_or_rare	max(insertion_type_count,local_deletion_type_count)	background	3	hexamer_rSASA_ge_0.25;burial_lt_0.10;interprotomer_distance_gt_4.5A	False		conserved	weakens	unresolved_exact_subset_too_small	False	decreased_or_excluded; hard functional feature dominates
159|160	159	160	EXCLUDE	9A5_epitope_and_H163-equivalent_pore-loop	True	1.0	0.005092485807836056	0.0006365607314387806	0.44660681968223687	4.2626282255986165	16.59689422733146	86.61000061035156	False	1.000000	0.987013	0.000000	0.100001	0.012987	0.000000	0.105126	0.393610	0.983766	0.935065	0.001082	0.012987	0	0.000000	0	0.106261	0.469807	0.982975	0.913978	0.000896	0.010753	0	0.000000	0	2	0.010753	0.105126	0.393610	0.983766	0.935065	0.001082	0.012987	0	none	0	none	1	A12	singleton_or_rare	max(insertion_type_count,local_deletion_type_count)	background	4	AF_rSASA_ge_0.25;hexamer_rSASA_ge_0.25;burial_lt_0.10;interprotomer_distance_gt_4.5A	False		conserved	weakens	unresolved_exact_subset_too_small	False	decreased_or_excluded; hard functional feature dominates
160|161	160	161	EXCLUDE	9A5_epitope_and_H163-equivalent_pore-loop	True	1.0	0.005092485807836056	0.0006365607314387806	0.18341826996040222	4.568084922800071	18.960091564915334	87.56999969482422	False	0.987013	0.961039	0.100001	0.273286	0.000000	0.000000	0.105126	0.393610	0.983766	0.935065	0.001082	0.012987	0	0.000000	0	0.106261	0.469807	0.982975	0.913978	0.000896	0.010753	0	0.000000	0	2	0.010753	0.105126	0.393610	0.983766	0.935065	0.001082	0.012987	0	none	0	none	1	A12	singleton_or_rare	max(insertion_type_count,local_deletion_type_count)	background	3	AF_rSASA_ge_0.25;hexamer_rSASA_ge_0.25;burial_lt_0.10	False		conserved	weakens	unresolved_exact_subset_too_small	False	decreased_or_excluded; hard functional feature dominates
161|162	161	162	HIGH_RISK	near_Walker_B	True	1.0	0.14002758264541626	0.1024526779739945	0.18341826996040222	4.568084922800071	20.811694874622432	87.56999969482422	False	0.961039	0.935065	0.273286	0.393610	0.000000	0.000000	0.105126	0.393610	0.983766	0.935065	0.001082	0.012987	0	0.000000	0	0.106261	0.469807	0.982975	0.913978	0.000896	0.010753	0	0.000000	0	2	0.010753	0.105126	0.393610	0.983766	0.935065	0.001082	0.012987	0	none	0	none	1	A12	singleton_or_rare	max(insertion_type_count,local_deletion_type_count)	background	3	AF_rSASA_ge_0.25;hexamer_rSASA_ge_0.25;burial_lt_0.10	False		conserved	weakens	unresolved_exact_subset_too_small	False	decreased; conserved local window
162|163	162	163	HIGH_RISK	near_Walker_B	True	1.0	0.08386700600385666	0.07477512854116934	0.1893620182858821	5.678175043973363	22.823114964335698	87.87999725341797	False	0.935065	1.000000	0.393610	0.000000	0.000000	0.000000	0.096793	0.393610	0.984849	0.935065	0.001082	0.012987	0	0.000000	0	0.096334	0.469807	0.984319	0.913978	0.000896	0.010753	0	0.000000	0	2	0.010753	0.096793	0.393610	0.984849	0.935065	0.001082	0.012987	0	none	0	none	1	A12	singleton_or_rare	max(insertion_type_count,local_deletion_type_count)	background	3	AF_rSASA_ge_0.25;hexamer_rSASA_ge_0.25;burial_lt_0.10	False		conserved	weakens	unresolved_exact_subset_too_small	False	decreased; conserved local window
163|164	163	164	HIGH_RISK	near_Walker_B	True	1.0	0.08386700600385666	0.07477512854116934	0.1893620182858821	5.376576394075993	22.823114964335698	91.87000274658203	False	1.000000	0.948052	0.000000	0.294615	0.000000	0.000000	0.096793	0.393610	0.984849	0.935065	0.001082	0.012987	0	0.000000	0	0.096334	0.469807	0.984319	0.913978	0.000896	0.010753	0	0.000000	0	2	0.010753	0.096793	0.393610	0.984849	0.935065	0.001082	0.012987	0	none	0	none	1	A12	singleton_or_rare	max(insertion_type_count,local_deletion_type_count)	background	3	AF_rSASA_ge_0.25;hexamer_rSASA_ge_0.25;burial_lt_0.10	False		conserved	weakens	unresolved_exact_subset_too_small	False	decreased; conserved local window
164|165	164	165	EXCLUDE	Walker_B	False	0.0	0.0014459152007475495	0.0	0.0	5.376576394075993	28.154519917433003	92.86000061035156	False	0.948052	0.987013	0.294615	0.100001	0.000000	0.000000	0.096793	0.393610	0.984849	0.935065	0.001082	0.012987	0	0.000000	0	0.096334	0.469807	0.984319	0.913978	0.000896	0.010753	0	0.000000	0	2	0.010753	0.096793	0.393610	0.984849	0.935065	0.001082	0.012987	0	none	0	none	1	A12	singleton_or_rare	max(insertion_type_count,local_deletion_type_count)	background	4	AF_coil;hexamer_coil_fraction_ge_0.8;AF_rSASA_ge_0.25;hexamer_rSASA_ge_0.25	False		conserved	weakens	unresolved_exact_subset_too_small	False	decreased_or_excluded; hard functional feature dominates
165|166	165	166	EXCLUDE	Walker_B	False	0.0	0.0	0.0	0.0	5.538748567863431	25.810248369323997	95.11000061035156	False	0.987013	1.000000	0.100001	0.000000	0.000000	0.000000	0.143216	0.557082	0.974026	0.870130	0.000000	0.000000	0	0.000000	0	0.141316	0.539779	0.974014	0.876344	0.000000	0.000000	0	0.000000	0	0	0.000000	0.143216	0.557082	0.974026	0.870130	0.000000	0.000000	0	none	0	none	0	none	none	max(insertion_type_count,local_deletion_type_count)	background	4	AF_coil;hexamer_coil_fraction_ge_0.8;AF_rSASA_ge_0.25;hexamer_rSASA_ge_0.25	False		conserved	weakens	unresolved_exact_subset_too_small	False	decreased_or_excluded; hard functional feature dominates
166|167	166	167	EXCLUDE	Walker_B	False	0.0	0.0	8.475880399060889e-05	0.15327288867438313	6.701322880777161	25.397225871542847	95.54000091552734	False	1.000000	1.000000	0.000000	0.000000	0.000000	0.000000	0.134883	0.557082	0.975108	0.870130	0.000000	0.000000	0	0.000000	0	0.134171	0.539779	0.974910	0.876344	0.000000	0.000000	0	0.000000	0	0	0.000000	0.134883	0.557082	0.975108	0.870130	0.000000	0.000000	0	none	0	none	0	none	none	max(insertion_type_count,local_deletion_type_count)	background	5	AF_coil;hexamer_coil_fraction_ge_0.8;AF_rSASA_ge_0.25;hexamer_rSASA_ge_0.25;burial_lt_0.10	False		conserved	weakens	unresolved_exact_subset_too_small	False	decreased_or_excluded; hard functional feature dominates
167|168	167	168	EXCLUDE	Walker_B	False	0.0	0.026892665773630142	0.014723195561340876	0.15327288867438313	6.701322880777161	23.625144816167573	93.5199966430664	False	1.000000	1.000000	0.000000	0.000000	0.000000	0.000000	0.112109	0.557082	0.978355	0.870130	0.000000	0.000000	0	0.000000	0	0.114570	0.539779	0.977599	0.876344	0.000000	0.000000	0	0.000000	0	0	0.000000	0.112109	0.557082	0.978355	0.870130	0.000000	0.000000	0	none	0	none	0	none	none	max(insertion_type_count,local_deletion_type_count)	background	5	AF_coil;hexamer_coil_fraction_ge_0.8;AF_rSASA_ge_0.25;hexamer_rSASA_ge_0.25;burial_lt_0.10	False		conserved	weakens	unresolved_exact_subset_too_small	False	decreased_or_excluded; hard functional feature dominates
168|169	168	169	EXCLUDE	Walker_B	False	0.0	0.026892665773630142	0.014723195561340876	0.7126251366244708	2.8704863955599063	23.625144816167573	91.9800033569336	False	1.000000	1.000000	0.000000	0.000000	0.000000	0.000000	0.079308	0.557082	0.983766	0.870130	0.000000	0.000000	0	0.000000	0	0.075419	0.539779	0.984767	0.876344	0.000000	0.000000	0	0.000000	0	0	0.000000	0.079308	0.557082	0.983766	0.870130	0.000000	0.000000	0	none	0	none	0	none	none	max(insertion_type_count,local_deletion_type_count)	background	6	AF_coil;hexamer_coil_fraction_ge_0.8;AF_rSASA_ge_0.25;hexamer_rSASA_ge_0.25;burial_lt_0.10;interprotomer_distance_gt_4.5A	False		conserved	weakens	unresolved_exact_subset_too_small	False	decreased_or_excluded; hard functional feature dominates
169|170	169	170	EXCLUDE	Walker_B	True	0.6666666666666666	0.18531624972820282	0.1188181801369359	0.7126251366244708	2.8704863955599063	23.747553811452814	90.87000274658203	False	1.000000	1.000000	0.000000	0.000000	0.000000	0.000000	0.079308	0.557082	0.983766	0.870130	0.000000	0.000000	0	0.000000	0	0.075419	0.539779	0.984767	0.876344	0.000000	0.000000	0	0.000000	0	0	0.000000	0.079308	0.557082	0.983766	0.870130	0.000000	0.000000	0	none	0	none	0	none	none	max(insertion_type_count,local_deletion_type_count)	background	5	hexamer_coil_fraction_ge_0.8;AF_rSASA_ge_0.25;hexamer_rSASA_ge_0.25;burial_lt_0.10;interprotomer_distance_gt_4.5A	False		conserved	weakens	unresolved_exact_subset_too_small	False	decreased_or_excluded; hard functional feature dominates
170|171	170	171	EXCLUDE	Walker_B	True	0.8333333333333334	0.023626400157809258	0.01761603668054752	0.2737730063959065	5.054715851787944	23.747553811452814	89.66999816894531	False	1.000000	0.870130	0.000000	0.557082	0.000000	0.000000	0.220479	1.988662	0.945887	0.493506	0.000000	0.000000	0	0.000000	0	0.220061	2.015207	0.945341	0.478495	0.000000	0.000000	0	0.000000	0	0	0.000000	0.220479	1.988662	0.945887	0.493506	0.000000	0.000000	0	none	0	none	0	none	none	max(insertion_type_count,local_deletion_type_count)	background	3	AF_rSASA_ge_0.25;hexamer_rSASA_ge_0.25;burial_lt_0.10	False		conserved	weakens	unresolved_exact_subset_too_small	False	decreased_or_excluded; hard functional feature dominates
171|172	171	172	HIGH_RISK	near_Walker_B	True	0.8333333333333334	0.023626400157809258	0.01761603668054752	0.0	8.544909527314154	21.971920427975704	85.54000091552734	False	0.870130	1.000000	0.557082	0.000000	0.000000	0.000000	0.212145	1.988662	0.946970	0.493506	0.000000	0.000000	0	0.000000	0	0.212916	2.015207	0.946237	0.478495	0.000000	0.000000	0	0.000000	0	0	0.000000	0.212145	1.988662	0.946970	0.493506	0.000000	0.000000	0	none	0	none	0	none	none	max(insertion_type_count,local_deletion_type_count)	structural near-miss	2	AF_rSASA_ge_0.25;hexamer_rSASA_ge_0.25	False		conserved	weakens	unresolved_exact_subset_too_small	False	decreased; conserved local window
172|173	172	173	HIGH_RISK	near_Walker_B	True	1.0	0.07852502167224884	0.0475169892112414	0.42927616360705606	3.540589771180839	19.562415783978846	83.23999786376953	False	1.000000	1.000000	0.000000	0.000000	0.000000	0.000000	0.281008	1.988662	0.925325	0.493506	0.000000	0.000000	0	0.000000	0	0.282240	2.015207	0.924283	0.478495	0.000000	0.000000	0	0.000000	0	0	0.000000	0.281008	1.988662	0.925325	0.493506	0.000000	0.000000	0	none	0	none	0	none	none	max(insertion_type_count,local_deletion_type_count)	background	4	AF_rSASA_ge_0.25;hexamer_rSASA_ge_0.25;burial_lt_0.10;interprotomer_distance_gt_4.5A	False		conserved	weakens	unresolved_exact_subset_too_small	False	decreased; conserved local window
173|174	173	174	HIGH_RISK	near_Walker_B	True	1.0	0.2740916609764099	0.2881220271444728	0.42927616360705606	3.540589771180839	14.609880477445301	77.55999755859375	False	1.000000	1.000000	0.000000	0.000000	0.000000	0.000000	0.281008	1.988662	0.925325	0.493506	0.000000	0.000000	0	0.000000	0	0.282240	2.015207	0.924283	0.478495	0.000000	0.000000	0	0.000000	0	0	0.000000	0.281008	1.988662	0.925325	0.493506	0.000000	0.000000	0	none	0	none	0	none	none	max(insertion_type_count,local_deletion_type_count)	structural near-miss	2	burial_lt_0.10;interprotomer_distance_gt_4.5A	False		conserved	weakens	unresolved_exact_subset_too_small	False	decreased; conserved local window
174|175	174	175	HIGH_RISK	near_Walker_B	True	1.0	0.2740916609764099	0.2881220271444728	0.0	6.622725715521305	14.609880477445301	76.91999816894531	True	1.000000	1.000000	0.000000	0.000000	0.000000	0.000000	0.281008	1.988662	0.925325	0.493506	0.000000	0.000000	0	0.000000	0	0.282240	2.015207	0.924283	0.478495	0.000000	0.000000	0	0.000000	0	0	0.000000	0.281008	1.988662	0.925325	0.493506	0.000000	0.000000	0	none	0	none	0	none	none	max(insertion_type_count,local_deletion_type_count)	strict structural pass	0	none	False		conserved	weakens	unresolved_exact_subset_too_small	True	decreased; conserved local window
175|176	175	176	HIGH_RISK	near_Walker_B	True	1.0	0.26769882440567017	0.28663289880239834	0.0	8.938145032535846	15.503618500595657	76.91999816894531	True	1.000000	0.493506	0.000000	1.988662	0.000000	0.000000	0.370562	1.988662	0.888528	0.493506	0.000000	0.000000	0	0.000000	0	0.370015	2.015207	0.889337	0.478495	0.000000	0.000000	0	0.000000	0	0	0.000000	0.370562	1.988662	0.888528	0.493506	0.000000	0.000000	0	none	0	none	0	none	none	max(insertion_type_count,local_deletion_type_count)	strict structural pass	0	none	False		intermediate	remains unresolved	unresolved_exact_subset_too_small	True	unchanged_or_unresolved
176|177	176	177	HIGH_RISK	near_Walker_B	True	1.0	0.0	0.0	0.0	6.894942130219226	15.503618500595657	80.36000061035156	False	0.493506	1.000000	1.988662	0.000000	0.000000	0.000000	0.385044	1.988662	0.886364	0.493506	0.000000	0.000000	0	0.000000	0	0.382499	2.015207	0.887545	0.478495	0.000000	0.000000	0	0.000000	0	0	0.000000	0.385044	1.988662	0.886364	0.493506	0.000000	0.000000	0	none	0	none	0	none	none	max(insertion_type_count,local_deletion_type_count)	structural near-miss	2	AF_rSASA_ge_0.25;hexamer_rSASA_ge_0.25	False		intermediate	remains unresolved	unresolved_exact_subset_too_small	False	unchanged_or_unresolved
177|178	177	178	CORE_CAUTION	A89_SF3_helicase_domain_by_PROSITE	False	0.0	0.0	0.0	0.0	6.445075245398348	13.994597698323298	80.7300033569336	False	1.000000	0.740260	0.000000	0.826354	0.000000	0.000000	0.338621	1.988662	0.897186	0.493506	0.000000	0.000000	0	0.000000	0	0.337517	2.015207	0.897849	0.478495	0.000000	0.000000	0	0.000000	0	0	0.000000	0.338621	1.988662	0.897186	0.493506	0.000000	0.000000	0	none	0	none	0	none	none	max(insertion_type_count,local_deletion_type_count)	background	4	AF_coil;hexamer_coil_fraction_ge_0.8;AF_rSASA_ge_0.25;hexamer_rSASA_ge_0.25	False		intermediate	remains unresolved	unresolved_exact_subset_too_small	False	unchanged_or_unresolved
178|179	178	179	CORE_CAUTION	A89_SF3_helicase_domain_by_PROSITE	False	0.0	0.05845392867922783	0.014447571082436357	0.0	6.445075245398348	13.994597698323298	83.12000274658203	False	0.740260	1.000000	0.826354	0.000000	0.000000	0.000000	0.338621	1.988662	0.897186	0.493506	0.000000	0.000000	0	0.000000	0	0.337517	2.015207	0.897849	0.478495	0.000000	0.000000	0	0.000000	0	0	0.000000	0.338621	1.988662	0.897186	0.493506	0.000000	0.000000	0	none	0	none	0	none	none	max(insertion_type_count,local_deletion_type_count)	background	4	AF_coil;hexamer_coil_fraction_ge_0.8;AF_rSASA_ge_0.25;hexamer_rSASA_ge_0.25	False		intermediate	remains unresolved	unresolved_exact_subset_too_small	False	unchanged_or_unresolved
179|180	179	180	CORE_CAUTION	A89_SF3_helicase_domain_by_PROSITE	False	0.0	0.0	0.0006981317419558764	0.0	7.905215610796805	19.816067466016598	86.2699966430664	False	1.000000	1.000000	0.000000	0.000000	0.000000	0.000000	0.338621	1.988662	0.897186	0.493506	0.000000	0.000000	0	0.000000	0	0.337517	2.015207	0.897849	0.478495	0.000000	0.000000	0	0.000000	0	0	0.000000	0.338621	1.988662	0.897186	0.493506	0.000000	0.000000	0	none	0	none	0	none	none	max(insertion_type_count,local_deletion_type_count)	background	4	AF_coil;hexamer_coil_fraction_ge_0.8;AF_rSASA_ge_0.25;hexamer_rSASA_ge_0.25	False		intermediate	remains unresolved	unresolved_exact_subset_too_small	False	unchanged_or_unresolved
180|181	180	181	CORE_CAUTION	A89_SF3_helicase_domain_by_PROSITE	False	0.0	0.0	0.0006981317419558764	0.643291560349486	3.540589771180839	21.326475999438518	86.33999633789062	False	1.000000	0.558442	0.000000	1.074652	0.000000	0.000000	0.338621	1.988662	0.897186	0.493506	0.000000	0.000000	0	0.000000	0	0.337517	2.015207	0.897849	0.478495	0.000000	0.000000	0	0.000000	0	0	0.000000	0.338621	1.988662	0.897186	0.493506	0.000000	0.000000	0	none	0	none	0	none	none	max(insertion_type_count,local_deletion_type_count)	background	6	AF_coil;hexamer_coil_fraction_ge_0.8;AF_rSASA_ge_0.25;hexamer_rSASA_ge_0.25;burial_lt_0.10;interprotomer_distance_gt_4.5A	False		intermediate	remains unresolved	unresolved_exact_subset_too_small	False	unchanged_or_unresolved
181|182	181	182	CORE_CAUTION	A89_SF3_helicase_domain_by_PROSITE	False	0.0	0.0865786001086235	0.07541764751200257	0.643291560349486	3.540589771180839	18.909943523837793	87.41000366210938	False	0.558442	0.974026	1.074652	0.173781	0.000000	0.000000	0.338621	1.988662	0.897186	0.493506	0.000000	0.000000	0	0.000000	0	0.337517	2.015207	0.897849	0.478495	0.000000	0.000000	0	0.000000	0	0	0.000000	0.338621	1.988662	0.897186	0.493506	0.000000	0.000000	0	none	0	none	0	none	none	max(insertion_type_count,local_deletion_type_count)	background	6	AF_coil;hexamer_coil_fraction_ge_0.8;AF_rSASA_ge_0.25;hexamer_rSASA_ge_0.25;burial_lt_0.10;interprotomer_distance_gt_4.5A	False		intermediate	remains unresolved	unresolved_exact_subset_too_small	False	unchanged_or_unresolved
182|183	182	183	CORE_CAUTION	A89_SF3_helicase_domain_by_PROSITE	False	0.0	0.0010482885409146547	0.003141228937440448	0.11952183981800503	6.275444728457803	18.909943523837793	89.47000122070312	False	0.974026	1.000000	0.173781	0.000000	0.000000	0.000000	0.172899	1.074652	0.939394	0.558442	0.000000	0.000000	0	0.000000	0	0.169583	1.053297	0.941308	0.580645	0.000000	0.000000	0	0.000000	0	0	0.000000	0.172899	1.074652	0.939394	0.558442	0.000000	0.000000	0	none	0	none	0	none	none	max(insertion_type_count,local_deletion_type_count)	background	5	AF_coil;hexamer_coil_fraction_ge_0.8;AF_rSASA_ge_0.25;hexamer_rSASA_ge_0.25;burial_lt_0.10	False		conserved	weakens	unresolved_exact_subset_too_small	False	decreased; conserved local window
183|184	183	184	CORE_CAUTION	A89_SF3_helicase_domain_by_PROSITE	False	0.0	0.0010482885409146547	0.003141228937440448	0.0	6.783514218005767	24.41129595288128	88.51000213623047	False	1.000000	1.000000	0.000000	0.000000	0.000000	0.000000	0.172899	1.074652	0.939394	0.558442	0.000000	0.000000	0	0.000000	0	0.169583	1.053297	0.941308	0.580645	0.000000	0.000000	0	0.000000	0	0	0.000000	0.172899	1.074652	0.939394	0.558442	0.000000	0.000000	0	none	0	none	0	none	none	max(insertion_type_count,local_deletion_type_count)	background	4	AF_coil;hexamer_coil_fraction_ge_0.8;AF_rSASA_ge_0.25;hexamer_rSASA_ge_0.25	False		conserved	weakens	unresolved_exact_subset_too_small	False	decreased; conserved local window
184|185	184	185	HIGH_RISK	near_cross-protomer_nucleotide_site	False	0.0	0.1474146991968155	0.11099244591718661	0.7181319568725637	2.8704863955599063	22.30411756122751	88.51000213623047	False	1.000000	1.000000	0.000000	0.000000	0.000000	0.000000	0.104036	1.074652	0.961039	0.558442	0.000000	0.000000	0	0.000000	0	0.100259	1.053297	0.963262	0.580645	0.000000	0.000000	0	0.000000	0	0	0.000000	0.104036	1.074652	0.961039	0.558442	0.000000	0.000000	0	none	0	none	0	none	none	max(insertion_type_count,local_deletion_type_count)	background	6	AF_coil;hexamer_coil_fraction_ge_0.8;AF_rSASA_ge_0.25;hexamer_rSASA_ge_0.25;burial_lt_0.10;interprotomer_distance_gt_4.5A	False		conserved	weakens	unresolved_exact_subset_too_small	False	decreased; conserved local window
185|186	185	186	HIGH_RISK	near_cross-protomer_nucleotide_site	False	0.0	0.0	0.0	0.7181319568725637	2.8704863955599063	22.30411756122751	89.95999908447266	False	1.000000	1.000000	0.000000	0.000000	0.000000	0.000000	0.192626	1.074652	0.898268	0.246753	0.000000	0.000000	0	0.000000	0	0.184566	1.053297	0.899642	0.236559	0.000000	0.000000	0	0.000000	0	0	0.000000	0.192626	1.074652	0.898268	0.246753	0.000000	0.000000	0	none	0	none	0	none	none	max(insertion_type_count,local_deletion_type_count)	background	6	AF_coil;hexamer_coil_fraction_ge_0.8;AF_rSASA_ge_0.25;hexamer_rSASA_ge_0.25;burial_lt_0.10;interprotomer_distance_gt_4.5A	False		intermediate	remains unresolved	unresolved_exact_subset_too_small	False	unchanged_or_unresolved
186|187	186	187	HIGH_RISK	near_cross-protomer_nucleotide_site	False	0.0	0.0	0.0	0.0	6.6067742052669285	24.47622005049512	91.69000244140625	False	1.000000	1.000000	0.000000	0.000000	0.000000	0.000000	0.207108	1.074652	0.896104	0.246753	0.000000	0.000000	0	0.000000	0	0.197050	1.053297	0.897849	0.236559	0.000000	0.000000	0	0.000000	0	0	0.000000	0.207108	1.074652	0.896104	0.246753	0.000000	0.000000	0	none	0	none	0	none	none	max(insertion_type_count,local_deletion_type_count)	background	4	AF_coil;hexamer_coil_fraction_ge_0.8;AF_rSASA_ge_0.25;hexamer_rSASA_ge_0.25	False		intermediate	remains unresolved	unresolved_exact_subset_too_small	False	unchanged_or_unresolved
187|188	187	188	HIGH_RISK	near_cross-protomer_nucleotide_site	True	1.0	0.008338701911270618	0.0017917258629282773	0.0797276531879213	5.268309800852204	29.35683285198182	90.55999755859375	False	1.000000	1.000000	0.000000	0.000000	0.000000	0.000000	0.132035	1.063080	0.930736	0.246753	0.000000	0.000000	0	0.000000	0	0.121760	1.011686	0.931004	0.236559	0.000000	0.000000	0	0.000000	0	0	0.000000	0.132035	1.063080	0.930736	0.246753	0.000000	0.000000	0	none	0	none	0	none	none	max(insertion_type_count,local_deletion_type_count)	structural near-miss	2	AF_rSASA_ge_0.25;hexamer_rSASA_ge_0.25	False		conserved	weakens	unresolved_exact_subset_too_small	False	decreased; conserved local window
188|189	188	189	EXCLUDE	EV_T196-equivalent_cross-protomer_nucleotide_site	True	1.0	0.1433533877134323	0.049345382054646815	0.9240060874914443	3.0640049338189153	31.121858727513484	88.44000244140625	False	1.000000	1.000000	0.000000	0.000000	0.000000	0.000000	0.132035	1.063080	0.930736	0.246753	0.000000	0.000000	0	0.000000	0	0.121760	1.011686	0.931004	0.236559	0.000000	0.000000	0	0.000000	0	0	0.000000	0.132035	1.063080	0.930736	0.246753	0.000000	0.000000	0	none	0	none	0	none	none	max(insertion_type_count,local_deletion_type_count)	background	4	AF_rSASA_ge_0.25;hexamer_rSASA_ge_0.25;burial_lt_0.10;interprotomer_distance_gt_4.5A	False		conserved	weakens	unresolved_exact_subset_too_small	False	decreased_or_excluded; hard functional feature dominates
189|190	189	190	EXCLUDE	EV_T196-equivalent_cross-protomer_nucleotide_site	True	1.0	0.47161418199539185	0.049345382054646815	0.9240060874914443	3.0640049338189153	30.119000451796733	88.29000091552734	False	1.000000	1.000000	0.000000	0.000000	0.000000	0.000000	0.132035	1.063080	0.930736	0.246753	0.000000	0.000000	0	0.000000	0	0.121760	1.011686	0.931004	0.236559	0.000000	0.000000	0	0.000000	0	0	0.000000	0.132035	1.063080	0.930736	0.246753	0.000000	0.000000	0	none	0	none	0	none	none	max(insertion_type_count,local_deletion_type_count)	background	3	hexamer_rSASA_ge_0.25;burial_lt_0.10;interprotomer_distance_gt_4.5A	False		conserved	weakens	unresolved_exact_subset_too_small	False	decreased_or_excluded; hard functional feature dominates
190|191	190	191	HIGH_RISK	near_cross-protomer_nucleotide_site	True	1.0	0.5197142958641052	0.1294112680515567	0.872039381211823	3.1711532341099877	27.838297324097358	87.12000274658203	False	1.000000	0.246753	0.000000	1.063080	0.000000	0.000000	0.132035	1.063080	0.930736	0.246753	0.000000	0.000000	0	0.000000	0	0.121760	1.011686	0.931004	0.236559	0.000000	0.000000	0	0.000000	0	0	0.000000	0.132035	1.063080	0.930736	0.246753	0.000000	0.000000	0	none	0	none	0	none	none	max(insertion_type_count,local_deletion_type_count)	background	3	hexamer_rSASA_ge_0.25;burial_lt_0.10;interprotomer_distance_gt_4.5A	False		conserved	weakens	unresolved_exact_subset_too_small	False	decreased; conserved local window
191|192	191	192	HIGH_RISK	near_cross-protomer_nucleotide_site	True	1.0	0.08127153664827347	0.04368350439601474	0.7729921806629172	3.1711532341099877	22.58110688096868	87.12000274658203	False	0.246753	0.974026	1.063080	0.173781	0.000000	0.000000	0.132035	1.063080	0.930736	0.246753	0.000000	0.000000	0	0.000000	0	0.121760	1.011686	0.931004	0.236559	0.000000	0.000000	0	0.000000	0	0	0.000000	0.132035	1.063080	0.930736	0.246753	0.000000	0.000000	0	none	0	none	0	none	none	max(insertion_type_count,local_deletion_type_count)	background	4	AF_rSASA_ge_0.25;hexamer_rSASA_ge_0.25;burial_lt_0.10;interprotomer_distance_gt_4.5A	False		conserved	weakens	unresolved_exact_subset_too_small	False	decreased; conserved local window
192|193	192	193	HIGH_RISK	near_conserved_RNA-binding_triad;near_cross-protomer_nucleotide_site	True	1.0	0.08127153664827347	0.04368350439601474	0.6915975995083399	3.464012518758942	20.930695533741225	87.80000305175781	False	0.974026	0.974026	0.173781	0.173781	0.000000	0.000000	0.132035	1.063080	0.930736	0.246753	0.000000	0.000000	0	0.000000	0	0.121760	1.011686	0.931004	0.236559	0.000000	0.000000	0	0.000000	0	0	0.000000	0.132035	1.063080	0.930736	0.246753	0.000000	0.000000	0	none	0	none	0	none	none	max(insertion_type_count,local_deletion_type_count)	background	4	AF_rSASA_ge_0.25;hexamer_rSASA_ge_0.25;burial_lt_0.10;interprotomer_distance_gt_4.5A	False		conserved	weakens	unresolved_exact_subset_too_small	False	decreased; conserved local window
193|194	193	194	HIGH_RISK	near_conserved_RNA-binding_triad;near_cross-protomer_nucleotide_site	True	1.0	0.03299172595143318	0.013294430773713053	0.6915975995083399	3.464012518758942	18.46381792856157	87.80000305175781	False	0.974026	0.974026	0.173781	0.173781	0.000000	0.000000	0.132035	1.063080	0.930736	0.246753	0.000000	0.000000	0	0.000000	0	0.121760	1.011686	0.931004	0.236559	0.000000	0.000000	0	0.000000	0	0	0.000000	0.132035	1.063080	0.930736	0.246753	0.000000	0.000000	0	none	0	none	0	none	none	max(insertion_type_count,local_deletion_type_count)	background	4	AF_rSASA_ge_0.25;hexamer_rSASA_ge_0.25;burial_lt_0.10;interprotomer_distance_gt_4.5A	False		conserved	weakens	unresolved_exact_subset_too_small	False	decreased; conserved local window
194|195	194	195	HIGH_RISK	near_conserved_RNA-binding_triad	True	1.0	0.03299172595143318	0.013294430773713053	0.49250746115372507	5.047389820068311	15.86613423276848	88.33000183105469	False	0.974026	1.000000	0.173781	0.000000	0.000000	0.000000	0.132035	1.063080	0.930736	0.246753	0.000000	0.000000	0	0.000000	0	0.121760	1.011686	0.931004	0.236559	0.000000	0.000000	0	0.000000	0	0	0.000000	0.132035	1.063080	0.930736	0.246753	0.000000	0.000000	0	none	0	none	0	none	none	max(insertion_type_count,local_deletion_type_count)	background	3	AF_rSASA_ge_0.25;hexamer_rSASA_ge_0.25;burial_lt_0.10	False		conserved	weakens	unresolved_exact_subset_too_small	False	decreased; conserved local window
195|196	195	196	HIGH_RISK	near_conserved_RNA-binding_triad	True	1.0	0.049297790974378586	0.02059937250756082	0.49250746115372507	4.72042606524889	12.705840261105303	84.27999877929688	False	1.000000	1.000000	0.000000	0.000000	0.000000	0.000000	0.132035	1.063080	0.930736	0.246753	0.000000	0.000000	0	0.000000	0	0.121760	1.011686	0.931004	0.236559	0.000000	0.000000	0	0.000000	0	0	0.000000	0.132035	1.063080	0.930736	0.246753	0.000000	0.000000	0	none	0	none	0	none	none	max(insertion_type_count,local_deletion_type_count)	background	3	AF_rSASA_ge_0.25;hexamer_rSASA_ge_0.25;burial_lt_0.10	False		conserved	weakens	unresolved_exact_subset_too_small	False	decreased; conserved local window
196|197	196	197	EXCLUDE	CVB3_A204-equivalent_core_RNA_binding	True	1.0	0.049297790974378586	0.02059937250756082	0.09494035274389703	4.72042606524889	9.34773362579621	81.5199966430664	False	1.000000	1.000000	0.000000	0.000000	0.000000	0.000000	0.132035	1.063080	0.930736	0.246753	0.000000	0.000000	0	0.000000	0	0.121760	1.011686	0.931004	0.236559	0.000000	0.000000	0	0.000000	0	0	0.000000	0.132035	1.063080	0.930736	0.246753	0.000000	0.000000	0	none	0	none	0	none	none	max(insertion_type_count,local_deletion_type_count)	background	2	AF_rSASA_ge_0.25;hexamer_rSASA_ge_0.25	False		conserved	weakens	unresolved_exact_subset_too_small	False	decreased_or_excluded; hard functional feature dominates
197|198	197	198	EXCLUDE	CVB3_A204-equivalent_core_RNA_binding	True	1.0	0.3859667181968689	0.15855018833140636	0.6654191682632886	3.0602122294381444	9.34773362579621	74.58999633789062	False	1.000000	1.000000	0.000000	0.000000	0.000000	0.000000	0.043445	0.173781	0.993506	0.974026	0.000000	0.000000	0	0.000000	0	0.037453	0.149811	0.994624	0.978495	0.000000	0.000000	0	0.000000	0	0	0.000000	0.043445	0.173781	0.993506	0.974026	0.000000	0.000000	0	none	0	none	0	none	none	max(insertion_type_count,local_deletion_type_count)	background	3	hexamer_rSASA_ge_0.25;burial_lt_0.10;interprotomer_distance_gt_4.5A	False		conserved	weakens	unresolved_exact_subset_too_small	False	decreased_or_excluded; hard functional feature dominates
198|199	198	199	EXCLUDE	CVB3_L206-equivalent_core_RNA_binding	True	0.6666666666666666	0.4525977075099945	0.15855018833140636	0.6654191682632886	3.0602122294381444	8.076368499194347	64.3499984741211	False	1.000000	1.000000	0.000000	0.000000	0.000000	0.000000	0.043445	0.173781	0.993507	0.974026	0.000000	0.000000	0	0.000000	0	0.037453	0.149811	0.994624	0.978495	0.000000	0.000000	0	0.000000	0	0	0.000000	0.043445	0.173781	0.993507	0.974026	0.000000	0.000000	0	none	0	none	0	none	none	max(insertion_type_count,local_deletion_type_count)	background	4	hexamer_coil_fraction_ge_0.8;hexamer_rSASA_ge_0.25;burial_lt_0.10;interprotomer_distance_gt_4.5A	False		conserved	weakens	unresolved_exact_subset_too_small	False	decreased_or_excluded; hard functional feature dominates
199|200	199	200	EXCLUDE	CVB3_L206-equivalent_core_RNA_binding	True	0.6666666666666666	0.6373388171195984	0.4347440615222229	0.4879482142817192	3.0602122294381444	8.076368499194347	64.3499984741211	False	1.000000	1.000000	0.000000	0.000000	0.000000	0.000000	0.092378	0.760975	0.985931	0.883117	0.000000	0.000000	0	0.000000	0	0.085357	0.724659	0.987007	0.887097	0.000000	0.000000	0	0.000000	0	0	0.000000	0.091537	0.750883	0.985931	0.883117	0.000000	0.000000	0	none	0	none	0	none	none	max(insertion_type_count,local_deletion_type_count)	background	3	hexamer_coil_fraction_ge_0.8;burial_lt_0.10;interprotomer_distance_gt_4.5A	False		conserved	weakens	unresolved_exact_subset_too_small	False	decreased_or_excluded; hard functional feature dominates
200|201	200	201	HIGH_RISK	near_conserved_RNA-binding_triad	True	0.6666666666666666	0.19930949807167053	0.11924956293715509	0.08963856118209024	5.628003406900019	11.283730070444316	67.37999725341797	False	1.000000	1.000000	0.000000	0.000000	0.000000	0.000000	0.077896	0.760975	0.988095	0.883117	0.000000	0.000000	0	0.000000	0	0.072873	0.724659	0.988799	0.887097	0.000000	0.000000	0	0.000000	0	0	0.000000	0.077055	0.750883	0.988095	0.883117	0.000000	0.000000	0	none	0	none	0	none	none	max(insertion_type_count,local_deletion_type_count)	background	3	hexamer_coil_fraction_ge_0.8;AF_rSASA_ge_0.25;hexamer_rSASA_ge_0.25	False		conserved	weakens	unresolved_exact_subset_too_small	False	decreased; conserved local window
201|202	201	202	EXCLUDE	CVB3_K209-equivalent_core_RNA_binding	True	0.6666666666666666	0.19930949807167053	0.11924956293715509	0.6126751116601705	2.5938429247427166	11.819217195769445	71.48999786376953	False	1.000000	1.000000	0.000000	0.000000	0.000000	0.000000	0.167959	1.080747	0.911255	0.077922	0.000000	0.000000	0	0.000000	0	0.161272	1.060791	0.912635	0.086022	0.000000	0.000000	0	0.000000	0	0	0.000000	0.167118	1.080747	0.911255	0.077922	0.000000	0.000000	0	none	0	none	0	none	none	max(insertion_type_count,local_deletion_type_count)	background	5	hexamer_coil_fraction_ge_0.8;AF_rSASA_ge_0.25;hexamer_rSASA_ge_0.25;burial_lt_0.10;interprotomer_distance_gt_4.5A	False		conserved	weakens	unresolved_exact_subset_too_small	False	decreased_or_excluded; hard functional feature dominates
202|203	202	203	EXCLUDE	CVB3_K209-equivalent_core_RNA_binding	True	1.0	0.3197984993457794	0.22738385604599776	0.6126751116601705	2.5938429247427166	11.819217195769445	71.48999786376953	False	1.000000	1.000000	0.000000	0.000000	0.000000	0.000000	0.167959	1.080747	0.911255	0.077922	0.000000	0.000000	0	0.000000	0	0.161272	1.060791	0.912634	0.086022	0.000000	0.000000	0	0.000000	0	0	0.000000	0.167118	1.080747	0.911255	0.077922	0.000000	0.000000	0	none	0	none	0	none	none	max(insertion_type_count,local_deletion_type_count)	background	3	hexamer_rSASA_ge_0.25;burial_lt_0.10;interprotomer_distance_gt_4.5A	False		conserved	weakens	unresolved_exact_subset_too_small	False	decreased_or_excluded; hard functional feature dominates
203|204	203	204	HIGH_RISK	near_Motif_C;near_conserved_RNA-binding_triad	True	1.0	0.11036346107721329	0.07127314435560152	0.09894525845428936	5.391153074014136	18.696156860729822	76.2699966430664	False	1.000000	0.974026	0.000000	0.173781	0.000000	0.000000	0.263757	1.149584	0.834416	0.077922	0.000000	0.000000	0	0.000000	0	0.254882	1.123327	0.836918	0.086022	0.000000	0.000000	0	0.000000	0	0	0.000000	0.262916	1.149584	0.834416	0.077922	0.000000	0.000000	0	none	0	none	0	none	none	max(insertion_type_count,local_deletion_type_count)	structural near-miss	2	AF_rSASA_ge_0.25;hexamer_rSASA_ge_0.25	False		intermediate	remains unresolved	unresolved_exact_subset_too_small	False	unchanged_or_unresolved
204|205	204	205	HIGH_RISK	near_Motif_C;near_conserved_RNA-binding_triad	True	1.0	0.059337083250284195	0.02975978391475398	0.7941176447280667	5.035842056179133	18.996063419116833	83.22000122070312	False	0.974026	0.883117	0.173781	0.760975	0.000000	0.000000	0.323042	1.149584	0.818182	0.077922	0.000000	0.000000	0	0.000000	0	0.310079	1.123327	0.822581	0.086022	0.000000	0.000000	0	0.000000	0	0	0.000000	0.322201	1.149584	0.818182	0.077922	0.000000	0.000000	0	none	0	none	0	none	none	max(insertion_type_count,local_deletion_type_count)	background	3	AF_rSASA_ge_0.25;hexamer_rSASA_ge_0.25;burial_lt_0.10	False		intermediate	remains unresolved	unresolved_exact_subset_too_small	False	unchanged_or_unresolved
205|206	205	206	HIGH_RISK	near_Motif_C;near_conserved_RNA-binding_triad	True	1.0	0.007905730977654457	0.0003875358185420434	0.7941176447280667	5.035842056179133	23.953375449504964	86.19999694824219	False	0.883117	1.000000	0.760975	0.000000	0.000000	0.000000	0.331375	1.149584	0.817100	0.077922	0.000000	0.000000	0	0.000000	0	0.317224	1.123327	0.821685	0.086022	0.000000	0.000000	0	0.000000	0	0	0.000000	0.330534	1.149584	0.817100	0.077922	0.000000	0.000000	0	none	0	none	0	none	none	max(insertion_type_count,local_deletion_type_count)	background	3	AF_rSASA_ge_0.25;hexamer_rSASA_ge_0.25;burial_lt_0.10	False		intermediate	remains unresolved	unresolved_exact_subset_too_small	False	unchanged_or_unresolved
206|207	206	207	HIGH_RISK	near_Motif_C;near_conserved_RNA-binding_triad	True	1.0	0.007905730977654457	0.0003875358185420434	0.0	7.9544997107276	24.93008832015226	89.0999984741211	False	1.000000	0.077922	0.000000	1.080747	0.000000	0.000000	0.392812	1.149584	0.799784	0.077922	0.000000	0.000000	0	0.000000	0	0.378963	1.123327	0.804212	0.086022	0.000000	0.000000	0	0.000000	0	0	0.000000	0.391971	1.149584	0.799784	0.077922	0.000000	0.000000	0	none	0	none	0	none	none	max(insertion_type_count,local_deletion_type_count)	structural near-miss	2	AF_rSASA_ge_0.25;hexamer_rSASA_ge_0.25	False		intermediate	remains unresolved	unresolved_exact_subset_too_small	False	unchanged_or_unresolved
207|208	207	208	HIGH_RISK	near_Motif_C	True	1.0	0.02304212935268879	0.007249444851311304	0.0	7.9544997107276	27.447961079387124	89.41999816894531	False	0.077922	1.000000	1.080747	0.000000	0.000000	0.000000	0.458189	1.149584	0.735931	0.077922	0.000000	0.000000	0	0.000000	0	0.442375	1.123327	0.739247	0.086022	0.000000	0.000000	0	0.000000	0	0	0.000000	0.457348	1.149584	0.735931	0.077922	0.000000	0.000000	0	none	0	none	0	none	none	max(insertion_type_count,local_deletion_type_count)	structural near-miss	2	AF_rSASA_ge_0.25;hexamer_rSASA_ge_0.25	False		intermediate	remains unresolved	unresolved_exact_subset_too_small	False	unchanged_or_unresolved
208|209	208	209	HIGH_RISK	near_Motif_C	True	1.0	0.02304212935268879	0.007249444851311304	0.0	9.322549149143045	27.447961079387124	92.4000015258789	False	1.000000	0.077922	0.000000	1.149584	0.000000	0.000000	0.458189	1.149584	0.735931	0.077922	0.000000	0.000000	0	0.000000	0	0.442375	1.123327	0.739247	0.086022	0.000000	0.000000	0	0.000000	0	0	0.000000	0.457348	1.149584	0.735931	0.077922	0.000000	0.000000	0	none	0	none	0	none	none	max(insertion_type_count,local_deletion_type_count)	structural near-miss	2	AF_rSASA_ge_0.25;hexamer_rSASA_ge_0.25	False		intermediate	remains unresolved	unresolved_exact_subset_too_small	False	unchanged_or_unresolved
209|210	209	210	EXCLUDE	Motif_C_region	False	0.0	0.03197279945015907	0.023965550462404884	0.0	8.544297885702722	31.044222872402766	94.29000091552734	False	0.077922	0.805195	1.149584	0.711416	0.000000	0.000000	0.458189	1.149584	0.735931	0.077922	0.000000	0.000000	0	0.000000	0	0.442375	1.123327	0.739247	0.086022	0.000000	0.000000	0	0.000000	0	0	0.000000	0.457348	1.149584	0.735931	0.077922	0.000000	0.000000	0	none	0	none	0	none	none	max(insertion_type_count,local_deletion_type_count)	background	4	AF_coil;hexamer_coil_fraction_ge_0.8;AF_rSASA_ge_0.25;hexamer_rSASA_ge_0.25	False		intermediate	weakens	unresolved_exact_subset_too_small	False	decreased_or_excluded; hard functional feature dominates
210|211	210	211	EXCLUDE	Motif_C_region	False	0.0	0.0	0.0	0.0	8.544297885702722	29.30911228043765	95.62999725341797	False	0.805195	0.987013	0.711416	0.100001	0.000000	0.000000	0.443707	1.149584	0.738095	0.077922	0.000000	0.000000	0	0.000000	0	0.429891	1.123327	0.741039	0.086022	0.000000	0.000000	0	0.000000	0	0	0.000000	0.442866	1.149584	0.738095	0.077922	0.000000	0.000000	0	none	0	none	0	none	none	max(insertion_type_count,local_deletion_type_count)	background	4	AF_coil;hexamer_coil_fraction_ge_0.8;AF_rSASA_ge_0.25;hexamer_rSASA_ge_0.25	False		intermediate	weakens	unresolved_exact_subset_too_small	False	decreased_or_excluded; hard functional feature dominates
211|212	211	212	EXCLUDE	Motif_C_region	False	0.0	0.0	0.0	0.0	9.967722766265139	29.30911228043765	95.6500015258789	False	0.987013	0.792208	0.100001	0.737241	0.000000	0.000000	0.416917	1.149584	0.740260	0.077922	0.000000	0.000000	0	0.000000	0	0.404757	1.123327	0.743280	0.086022	0.000000	0.000000	0	0.000000	0	0	0.000000	0.416917	1.149584	0.740260	0.077922	0.000000	0.000000	0	none	0	none	0	none	none	max(insertion_type_count,local_deletion_type_count)	background	4	AF_coil;hexamer_coil_fraction_ge_0.8;AF_rSASA_ge_0.25;hexamer_rSASA_ge_0.25	False		intermediate	weakens	unresolved_exact_subset_too_small	False	decreased_or_excluded; hard functional feature dominates
212|213	212	213	EXCLUDE	Motif_C_region	False	0.0	0.0008651962270960212	0.001173972688108732	0.0	9.967722766265139	29.523206152523425	94.69999694824219	False	0.792208	0.233766	0.737241	0.784519	0.000000	0.000000	0.573147	1.874758	0.673160	0.077922	0.000000	0.000000	0	0.000000	0	0.555445	1.808259	0.676075	0.086022	0.000000	0.000000	0	0.000000	0	0	0.000000	0.573147	1.874758	0.673160	0.077922	0.000000	0.000000	0	none	0	none	0	none	none	max(insertion_type_count,local_deletion_type_count)	background	4	AF_coil;hexamer_coil_fraction_ge_0.8;AF_rSASA_ge_0.25;hexamer_rSASA_ge_0.25	False		variable	weakens	unresolved_exact_subset_too_small	False	decreased_or_excluded; hard functional feature dominates
213|214	213	214	EXCLUDE	Motif_C_region	False	0.0	0.0	0.0006952040538352024	0.0	7.553921567998839	28.319143889141884	94.41999816894531	False	0.233766	1.000000	0.784519	0.000000	0.000000	0.000000	0.571086	1.874758	0.728355	0.077922	0.000000	0.000000	0	0.000000	0	0.547487	1.808259	0.733871	0.091398	0.000000	0.000000	0	0.000000	0	0	0.000000	0.571086	1.874758	0.728355	0.077922	0.000000	0.000000	0	none	0	none	0	none	none	max(insertion_type_count,local_deletion_type_count)	background	4	AF_coil;hexamer_coil_fraction_ge_0.8;AF_rSASA_ge_0.25;hexamer_rSASA_ge_0.25	False		intermediate	weakens	unresolved_exact_subset_too_small	False	decreased_or_excluded; hard functional feature dominates
214|215	214	215	EXCLUDE	Motif_C_region	False	0.0	0.0	0.0	0.0	7.553921567998839	27.902900752784983	93.08000183105469	False	1.000000	1.000000	0.000000	0.000000	0.000000	0.000000	0.571086	1.874758	0.728355	0.077922	0.000000	0.000000	0	0.000000	0	0.547487	1.808259	0.733871	0.091398	0.000000	0.000000	0	0.000000	0	0	0.000000	0.571086	1.874758	0.728355	0.077922	0.000000	0.000000	0	none	0	none	0	none	none	max(insertion_type_count,local_deletion_type_count)	background	4	AF_coil;hexamer_coil_fraction_ge_0.8;AF_rSASA_ge_0.25;hexamer_rSASA_ge_0.25	False		intermediate	weakens	unresolved_exact_subset_too_small	False	decreased_or_excluded; hard functional feature dominates
215|216	215	216	EXCLUDE	Motif_C_region	False	0.0	0.0	0.0	0.07511138238591328	5.538200907625518	27.902900752784983	91.01000213623047	False	1.000000	1.000000	0.000000	0.000000	0.000000	0.000000	0.586460	1.874758	0.732684	0.129870	0.000000	0.000000	0	0.000000	0	0.565646	1.808259	0.740143	0.166667	0.000000	0.000000	0	0.000000	0	0	0.000000	0.586460	1.874758	0.732684	0.129870	0.000000	0.000000	0	none	0	none	0	none	none	max(insertion_type_count,local_deletion_type_count)	background	4	AF_coil;hexamer_coil_fraction_ge_0.8;AF_rSASA_ge_0.25;hexamer_rSASA_ge_0.25	False		intermediate	weakens	unresolved_exact_subset_too_small	False	decreased_or_excluded; hard functional feature dominates
216|217	216	217	EXCLUDE	Motif_C_region	True	1.0	0.3227745592594147	0.3061352102165548	0.07511138238591328	5.538200907625518	24.567133996745458	86.62999725341797	True	1.000000	0.909091	0.000000	0.439497	0.000000	0.000000	0.527175	1.874758	0.748918	0.129870	0.000000	0.000000	0	0.000000	0	0.510450	1.808259	0.754480	0.166667	0.000000	0.000000	0	0.000000	0	0	0.000000	0.527175	1.874758	0.748918	0.129870	0.000000	0.000000	0	none	0	none	0	none	none	max(insertion_type_count,local_deletion_type_count)	strict structural pass	0	none	False		intermediate	weakens	unresolved_exact_subset_too_small	True	decreased_or_excluded; hard functional feature dominates
217|218	217	218	HIGH_RISK	near_Motif_C	True	1.0	0.3455619812011719	0.329343665213812	0.0	7.911072576653654	24.567133996745458	83.30000305175781	True	0.909091	0.194805	0.439497	1.874758	0.000000	0.000000	0.518842	1.874758	0.750000	0.129870	0.000000	0.000000	0	0.000000	0	0.503305	1.808259	0.755376	0.166667	0.000000	0.000000	0	0.000000	0	0	0.000000	0.518842	1.874758	0.750000	0.129870	0.000000	0.000000	0	none	0	none	0	none	none	max(insertion_type_count,local_deletion_type_count)	strict structural pass	0	none	False		intermediate	remains unresolved	unresolved_exact_subset_too_small	True	unchanged_or_unresolved
218|219	218	219	HIGH_RISK	near_Motif_C	True	1.0	0.5728961825370789	0.6229665512666971	0.0	9.89547660601859	28.688348824309667	76.91999816894531	True	0.194805	0.740260	1.874758	1.056012	0.000000	0.000000	0.457405	1.874758	0.767316	0.129870	0.000000	0.000000	0	0.000000	0	0.441566	1.808259	0.772849	0.166667	0.000000	0.000000	0	0.000000	0	0	0.000000	0.457405	1.874758	0.767316	0.129870	0.000000	0.000000	0	none	0	none	0	none	none	max(insertion_type_count,local_deletion_type_count)	strict structural pass	0	none	False		intermediate	remains unresolved	unresolved_exact_subset_too_small	True	unchanged_or_unresolved
219|220	219	220	HIGH_RISK	near_Motif_C	True	1.0	0.06255611032247543	0.04935173569231682	0.0	12.287347589430668	27.83058000197886	74.80999755859375	False	0.740260	1.000000	1.056012	0.000000	0.000000	0.000000	0.420923	1.874758	0.753247	0.064935	0.000000	0.000000	0	0.000000	0	0.410260	1.808259	0.760753	0.075269	0.000000	0.000000	0	0.000000	0	0	0.000000	0.420923	1.874758	0.753247	0.064935	0.000000	0.000000	0	none	0	none	0	none	none	max(insertion_type_count,local_deletion_type_count)	structural near-miss	2	AF_rSASA_ge_0.25;hexamer_rSASA_ge_0.25	False		intermediate	remains unresolved	unresolved_exact_subset_too_small	False	unchanged_or_unresolved
220|221	220	221	HIGH_RISK	near_Motif_C	True	1.0	0.06255611032247543	0.04935173569231682	0.0	12.62011071164616	24.040296192295177	73.88999938964844	False	1.000000	0.129870	0.000000	1.334077	0.000000	0.000000	0.475932	1.874758	0.684168	0.064935	0.000000	0.000000	0	0.000000	0	0.474514	1.808259	0.694177	0.075269	0.000000	0.000000	0	0.000000	0	0	0.000000	0.479222	1.874758	0.684168	0.064935	0.000000	0.000000	0	none	0	none	0	none	none	max(insertion_type_count,local_deletion_type_count)	structural near-miss	2	AF_rSASA_ge_0.25;hexamer_rSASA_ge_0.25	False		variable	supports	unresolved_exact_subset_too_small	False	outside_strict_review_only; near-miss plus V2 evolutionary support
221|222	221	222	HIGH_RISK	near_Motif_C	True	1.0	0.03650148585438728	0.02370089030115859	0.0	10.157283650529617	23.158401080733295	70.05000305175781	False	0.129870	1.000000	1.334077	0.000000	0.000000	0.000000	0.541900	1.874758	0.669016	0.064935	0.000000	0.000000	0	0.000000	0	0.534071	1.808259	0.681184	0.075269	0.000000	0.000000	0	0.000000	0	0	0.000000	0.545190	1.874758	0.669016	0.064935	0.000000	0.000000	0	none	0	none	0	none	none	max(insertion_type_count,local_deletion_type_count)	structural near-miss	2	AF_rSASA_ge_0.25;hexamer_rSASA_ge_0.25	False		variable	supports	unresolved_exact_subset_too_small	False	outside_strict_review_only; near-miss plus V2 evolutionary support
222|223	222	223	HIGH_RISK	near_Motif_C	True	1.0	0.03650148585438728	0.02370089030115859	0.0	8.380347307243023	19.5885843042815	68.27999877929688	False	1.000000	1.000000	0.000000	0.000000	0.000000	0.000000	0.604528	1.874758	0.653865	0.064935	0.000000	0.000000	0	0.000000	0	0.590812	1.808259	0.668191	0.075269	0.000000	0.000000	0	0.000000	0	0	0.000000	0.607818	1.874758	0.653865	0.064935	0.000000	0.000000	0	none	0	none	0	none	none	max(insertion_type_count,local_deletion_type_count)	structural near-miss	2	AF_rSASA_ge_0.25;hexamer_rSASA_ge_0.25	False		variable	supports	unresolved_exact_subset_too_small	False	outside_strict_review_only; near-miss plus V2 evolutionary support
223|224	223	224	CORE_CAUTION	A89_SF3_helicase_domain_by_PROSITE	True	1.0	0.3913344442844391	0.35939209960227786	0.15088183357677892	5.346008486982729	19.5885843042815	68.27999877929688	False	1.000000	1.000000	0.000000	0.000000	0.000000	0.000000	0.694327	1.874758	0.630055	0.064935	0.000000	0.000000	0	0.000000	0	0.678349	1.808259	0.645341	0.075269	0.000000	0.000000	0	0.000000	0	0	0.000000	0.697617	1.874758	0.630055	0.064935	0.000000	0.000000	0	none	0	none	0	none	none	max(insertion_type_count,local_deletion_type_count)	structural near-miss	1	burial_lt_0.10	False		variable	supports	unresolved_exact_subset_too_small	True	outside_strict_review_only; near-miss plus V2 evolutionary support
224|225	224	225	CORE_CAUTION	A89_SF3_helicase_domain_by_PROSITE	True	1.0	0.1611832082271576	0.14072426160176596	0.15088183357677892	5.346008486982729	19.93901098037618	67.30000305175781	False	1.000000	0.064935	0.000000	0.346731	0.000000	0.000000	0.538097	1.517086	0.697155	0.064935	0.000000	0.000000	0	0.000000	0	0.527661	1.473495	0.712546	0.075269	0.000000	0.000000	0	0.000000	0	0	0.000000	0.541387	1.517086	0.697155	0.064935	0.000000	0.000000	0	none	0	none	0	none	none	max(insertion_type_count,local_deletion_type_count)	background	3	AF_rSASA_ge_0.25;hexamer_rSASA_ge_0.25;burial_lt_0.10	False		variable	supports	unresolved_exact_subset_too_small	False	unchanged_or_unresolved
225|226	225	226	CORE_CAUTION	A89_SF3_helicase_domain_by_PROSITE	True	1.0	0.1611832082271576	0.14072426160176596	0.28170025566712154	3.648734866222398	24.43571368428228	67.30000305175781	False	0.064935	0.171053	0.346731	0.660107	0.000000	0.000000	0.464578	1.517086	0.716635	0.064935	0.000000	0.000000	0	0.000000	0	0.459704	1.473495	0.729123	0.075269	0.000000	0.000000	0	0.000000	0	0	0.000000	0.467868	1.517086	0.716635	0.064935	0.000000	0.000000	0	none	0	none	0	none	none	max(insertion_type_count,local_deletion_type_count)	background	4	AF_rSASA_ge_0.25;hexamer_rSASA_ge_0.25;burial_lt_0.10;interprotomer_distance_gt_4.5A	False		intermediate	remains unresolved	unresolved_exact_subset_too_small	False	unchanged_or_unresolved
226|227	226	227	HIGH_RISK	near_R_finger	True	1.0	0.3065302073955536	0.3085397248627037	0.28170025566712154	3.648734866222398	27.06563007853281	68.68000030517578	False	0.171053	0.818182	0.660107	0.791615	0.000000	0.000000	0.497379	1.517086	0.634384	0.012987	0.000000	0.000000	0	0.000000	0	0.497709	1.473495	0.648030	0.026882	0.000000	0.000000	0	0.000000	0	0	0.000000	0.500668	1.517086	0.634384	0.012987	0.000000	0.000000	0	none	0	none	0	none	none	max(insertion_type_count,local_deletion_type_count)	structural near-miss	2	burial_lt_0.10;interprotomer_distance_gt_4.5A	False		variable	supports	unresolved_exact_subset_too_small	False	outside_strict_review_only; near-miss plus V2 evolutionary support
227|228	227	228	HIGH_RISK	near_R_finger	False	0.0	0.3065302073955536	0.3085397248627037	0.24715908307277257	5.306798809096556	28.776294347519578	74.9800033569336	False	0.818182	0.818182	0.791615	0.751535	0.000000	0.000000	0.386205	1.517086	0.706895	0.012987	0.000000	0.000000	0	0.000000	0	0.385939	1.473495	0.717474	0.026882	0.000000	0.000000	0	0.000000	0	0	0.000000	0.389495	1.517086	0.706895	0.012987	0.000000	0.000000	0	none	0	none	0	none	none	max(insertion_type_count,local_deletion_type_count)	background	3	AF_coil;hexamer_coil_fraction_ge_0.8;burial_lt_0.10	False		intermediate	remains unresolved	unresolved_exact_subset_too_small	False	unchanged_or_unresolved
228|229	228	229	HIGH_RISK	near_R_finger	False	0.0	0.334793359041214	0.3270184847450573	0.014244899512063888	5.371528666629427	28.776294347519578	77.36000061035156	False	0.818182	0.623377	0.751535	1.517086	0.000000	0.000000	0.386205	1.517086	0.706895	0.012987	0.000000	0.000000	0	0.000000	0	0.385939	1.473495	0.717474	0.026882	0.000000	0.000000	0	0.000000	0	0	0.000000	0.389495	1.517086	0.706895	0.012987	0.000000	0.000000	0	none	0	none	0	none	none	max(insertion_type_count,local_deletion_type_count)	structural near-miss	2	AF_coil;hexamer_coil_fraction_ge_0.8	False		intermediate	remains unresolved	unresolved_exact_subset_too_small	False	unchanged_or_unresolved
229|230	229	230	HIGH_RISK	near_R_finger	False	0.0	0.263437420129776	0.11571904362326137	0.8793153351742518	2.7417936432646832	33.572041567180634	77.36000061035156	False	0.623377	1.000000	1.517086	0.000000	0.000000	0.000000	0.400687	1.517086	0.704731	0.012987	0.000000	0.000000	0	0.000000	0	0.398423	1.473495	0.715682	0.026882	0.000000	0.000000	0	0.000000	0	0	0.000000	0.403977	1.517086	0.704731	0.012987	0.000000	0.000000	0	none	0	none	0	none	none	max(insertion_type_count,local_deletion_type_count)	background	5	AF_coil;hexamer_coil_fraction_ge_0.8;hexamer_rSASA_ge_0.25;burial_lt_0.10;interprotomer_distance_gt_4.5A	False		intermediate	remains unresolved	unresolved_exact_subset_too_small	False	unchanged_or_unresolved
230|231	230	231	HIGH_RISK	near_R_finger	False	0.0	0.0350615456700325	0.02404115047483217	0.8793153351742518	2.7417936432646832	28.621145146245098	80.7300033569336	False	1.000000	0.974026	0.000000	0.173781	0.000000	0.000000	0.464153	1.517086	0.639796	0.012987	0.000000	0.000000	0	0.000000	0	0.463429	1.473495	0.651614	0.026882	0.000000	0.000000	0	0.000000	0	0	0.000000	0.466443	1.517086	0.639255	0.012987	0.000000	0.000000	0	none	0	none	0	none	none	max(insertion_type_count,local_deletion_type_count)	background	6	AF_coil;hexamer_coil_fraction_ge_0.8;AF_rSASA_ge_0.25;hexamer_rSASA_ge_0.25;burial_lt_0.10;interprotomer_distance_gt_4.5A	False		variable	supports	unresolved_exact_subset_too_small	False	unchanged_or_unresolved
231|232	231	232	HIGH_RISK	near_R_finger	False	0.0	0.0350615456700325	0.02404115047483217	0.0	4.653863149587073	28.621145146245098	81.45999908447266	False	0.974026	0.012987	0.173781	0.393610	0.000000	0.000000	0.515522	1.517086	0.649536	0.012987	0.000000	0.000000	0	0.000000	0	0.517420	1.473495	0.661471	0.026882	0.000000	0.000000	0	0.000000	0	0	0.000000	0.517813	1.517086	0.648995	0.012987	0.000000	0.000000	0	none	0	none	0	none	none	max(insertion_type_count,local_deletion_type_count)	background	4	AF_coil;hexamer_coil_fraction_ge_0.8;AF_rSASA_ge_0.25;hexamer_rSASA_ge_0.25	False		variable	supports	unresolved_exact_subset_too_small	False	unchanged_or_unresolved
232|233	232	233	EXCLUDE	R_finger_R233	False	0.0	0.3868287205696106	0.24120743373304676	0.6860303068180126	2.7159268599018893	33.670272111474894	84.56999969482422	False	0.012987	1.000000	0.393610	0.000000	0.000000	0.000000	0.460513	1.517086	0.718615	0.012987	0.000000	0.000000	0	0.000000	0	0.453166	1.473495	0.728047	0.026882	0.000000	0.000000	0	0.000000	0	0	0.000000	0.459514	1.517086	0.718074	0.012987	0.000000	0.000000	0	none	0	none	0	none	none	max(insertion_type_count,local_deletion_type_count)	background	5	AF_coil;hexamer_coil_fraction_ge_0.8;hexamer_rSASA_ge_0.25;burial_lt_0.10;interprotomer_distance_gt_4.5A	False		intermediate	weakens	unresolved_exact_subset_too_small	False	decreased_or_excluded; hard functional feature dominates
233|234	233	234	EXCLUDE	R_finger_R233;R_finger_R234	True	0.8333333333333334	0.15939980745315552	0.10204890522643596	0.6860303068180126	2.7159268599018893	30.72200294079616	86.4000015258789	False	1.000000	1.000000	0.000000	0.000000	0.000000	0.000000	0.394545	1.517086	0.733766	0.012987	0.000000	0.000000	0	0.000000	0	0.393609	1.473495	0.741039	0.026882	0.000000	0.000000	0	0.000000	0	0	0.000000	0.393546	1.517086	0.733225	0.012987	0.000000	0.000000	0	none	0	none	0	none	none	max(insertion_type_count,local_deletion_type_count)	background	4	AF_rSASA_ge_0.25;hexamer_rSASA_ge_0.25;burial_lt_0.10;interprotomer_distance_gt_4.5A	False		intermediate	weakens	unresolved_exact_subset_too_small	False	decreased_or_excluded; hard functional feature dominates
234|235	234	235	EXCLUDE	R_finger_R234	False	0.6666666666666666	0.054795704782009125	0.05070090823703342	0.5770618799263609	3.368772738976533	30.72200294079616	89.25	False	1.000000	0.974026	0.000000	0.173781	0.000000	0.000000	0.346399	1.517086	0.746753	0.012987	0.000000	0.000000	0	0.000000	0	0.349352	1.473495	0.752240	0.026882	0.000000	0.000000	0	0.000000	0	0	0.000000	0.345400	1.517086	0.746212	0.012987	0.000000	0.000000	0	none	0	none	0	none	none	max(insertion_type_count,local_deletion_type_count)	background	6	AF_coil;hexamer_coil_fraction_ge_0.8;AF_rSASA_ge_0.25;hexamer_rSASA_ge_0.25;burial_lt_0.10;interprotomer_distance_gt_4.5A	False		intermediate	weakens	unresolved_exact_subset_too_small	False	decreased_or_excluded; hard functional feature dominates
235|236	235	236	HIGH_RISK	near_R_finger	False	0.6666666666666666	0.054795704782009125	0.05070090823703342	0.0	7.848860452064928	31.17957698314012	91.25	False	0.974026	0.220779	0.173781	0.761588	0.000000	0.000000	0.228309	0.963164	0.777056	0.012987	0.000000	0.000000	0	0.000000	0	0.233706	1.033174	0.781362	0.026882	0.000000	0.000000	0	0.000000	0	0	0.000000	0.227309	0.963164	0.776515	0.012987	0.000000	0.000000	0	none	0	none	0	none	none	max(insertion_type_count,local_deletion_type_count)	background	4	AF_coil;hexamer_coil_fraction_ge_0.8;AF_rSASA_ge_0.25;hexamer_rSASA_ge_0.25	False		intermediate	remains unresolved	unresolved_exact_subset_too_small	False	unchanged_or_unresolved
236|237	236	237	HIGH_RISK	near_R_finger	False	0.0	0.07600091397762299	0.07838673459159003	0.0	9.629842405724439	37.17982866258858	91.8499984741211	False	0.220779	0.181818	0.761588	0.963164	0.000000	0.000000	0.379922	1.819364	0.699205	0.012987	0.000000	0.000000	0	0.000000	0	0.391107	1.888803	0.704369	0.026882	0.000000	0.000000	0	0.000000	0	0	0.000000	0.380432	1.837469	0.698664	0.012987	0.000000	0.000000	0	none	0	none	0	none	none	max(insertion_type_count,local_deletion_type_count)	background	4	AF_coil;hexamer_coil_fraction_ge_0.8;AF_rSASA_ge_0.25;hexamer_rSASA_ge_0.25	False		variable	supports	unresolved_exact_subset_too_small	False	unchanged_or_unresolved
237|238	237	238	HIGH_RISK	near_R_finger	False	0.0	0.07600091397762299	0.07838673459159003	0.0	11.192785111529144	35.924049779994554	93.16000366210938	False	0.181818	1.000000	0.963164	0.000000	0.000000	0.000000	0.373774	1.819364	0.700288	0.012987	0.000000	0.000000	0	0.000000	0	0.385768	1.888803	0.705265	0.026882	0.000000	0.000000	0	0.000000	0	0	0.000000	0.374283	1.837469	0.699746	0.012987	0.000000	0.000000	0	none	0	none	0	none	none	max(insertion_type_count,local_deletion_type_count)	background	4	AF_coil;hexamer_coil_fraction_ge_0.8;AF_rSASA_ge_0.25;hexamer_rSASA_ge_0.25	False		variable	supports	unresolved_exact_subset_too_small	False	unchanged_or_unresolved
238|239	238	239	HIGH_RISK	near_R_finger	False	0.0	0.0012516877613961697	0.0006064150859269732	0.0	11.549247225056975	35.924049779994554	93.16000366210938	False	1.000000	1.000000	0.000000	0.000000	0.000000	0.000000	0.517704	2.120773	0.717604	0.065789	0.000000	0.000000	0	0.000000	0	0.523172	2.104914	0.720498	0.076087	0.000000	0.000000	0	0.000000	0	0	0.000000	0.518214	2.120773	0.717062	0.065789	0.000000	0.000000	0	none	0	none	0	none	none	max(insertion_type_count,local_deletion_type_count)	background	4	AF_coil;hexamer_coil_fraction_ge_0.8;AF_rSASA_ge_0.25;hexamer_rSASA_ge_0.25	False		intermediate	remains unresolved	unresolved_exact_subset_too_small	False	unchanged_or_unresolved
239|240	239	240	HIGH_RISK	near_R_finger	False	0.0	0.0012516877613961697	0.0006064150859269732	0.0	14.29747156942575	37.10679532965552	93.9800033569336	False	1.000000	0.974026	0.000000	0.173781	0.000000	0.000000	0.636453	2.120773	0.639753	0.065789	0.000000	0.000000	0	0.000000	0	0.645207	2.104914	0.643505	0.076087	0.000000	0.000000	0	0.000000	0	0	0.000000	0.637196	2.120773	0.639188	0.065502	0.000000	0.000000	0	none	0	none	0	none	none	max(insertion_type_count,local_deletion_type_count)	background	4	AF_coil;hexamer_coil_fraction_ge_0.8;AF_rSASA_ge_0.25;hexamer_rSASA_ge_0.25	False		variable	supports	unresolved_exact_subset_too_small	False	unchanged_or_unresolved
240|241	240	241	HIGH_RISK	near_R_finger	False	0.0	0.07705077528953552	0.04754767643820412	0.0	9.773381202771805	37.599553102649956	93.9800033569336	False	0.974026	0.987013	0.173781	0.100001	0.000000	0.000000	0.812729	2.120773	0.561902	0.065789	0.000000	0.000000	0	0.000000	0	0.822460	2.127033	0.566060	0.070652	0.000000	0.000000	0	0.000000	0	0	0.000000	0.816079	2.146597	0.561313	0.065502	0.000000	0.000000	0	none	0	none	0	none	none	max(insertion_type_count,local_deletion_type_count)	background	4	AF_coil;hexamer_coil_fraction_ge_0.8;AF_rSASA_ge_0.25;hexamer_rSASA_ge_0.25	False		variable	supports	unresolved_exact_subset_too_small	False	unchanged_or_unresolved
241|242	241	242	CORE_CAUTION	A89_SF3_helicase_domain_by_PROSITE	False	0.0	0.07705077528953552	0.04754767643820412	0.0	9.773381202771805	37.79137713589643	93.5	False	0.987013	0.065789	0.100001	1.819364	0.000000	0.000000	0.847554	2.120773	0.552161	0.065789	0.000000	0.000000	0	0.000000	0	0.860907	2.127033	0.555307	0.070652	0.000000	0.000000	0	0.000000	0	0	0.000000	0.850903	2.146597	0.551573	0.065502	0.000000	0.000000	0	none	0	none	0	none	none	max(insertion_type_count,local_deletion_type_count)	background	4	AF_coil;hexamer_coil_fraction_ge_0.8;AF_rSASA_ge_0.25;hexamer_rSASA_ge_0.25	False		variable	supports	unresolved_exact_subset_too_small	False	unchanged_or_unresolved
242|243	242	243	CORE_CAUTION	A89_SF3_helicase_domain_by_PROSITE	False	0.0	0.1739354282617569	0.1292656171367543	0.0	9.860670956693475	41.36957427936418	92.37000274658203	False	0.065789	0.987013	1.819364	0.100001	0.000000	0.000000	0.850482	2.120773	0.540257	0.065789	0.000000	0.000000	0	0.000000	0	0.864130	2.127033	0.543210	0.070652	0.000000	0.000000	0	0.000000	0	0	0.000000	0.854831	2.146597	0.540209	0.065502	0.000000	0.000000	0	none	0	none	0	none	none	max(insertion_type_count,local_deletion_type_count)	background	4	AF_coil;hexamer_coil_fraction_ge_0.8;AF_rSASA_ge_0.25;hexamer_rSASA_ge_0.25	False		variable	supports	unresolved_exact_subset_too_small	False	unchanged_or_unresolved
243|244	243	244	CORE_CAUTION	A89_SF3_helicase_domain_by_PROSITE	False	0.0	0.1739354282617569	0.1292656171367543	0.0	9.860670956693475	41.36957427936418	91.9800033569336	False	0.987013	0.220779	0.100001	2.120773	0.000000	0.000000	1.019012	2.985528	0.529434	0.051948	0.000000	0.000000	0	0.000000	0	1.024343	2.955724	0.532010	0.059140	0.000000	0.000000	0	0.000000	0	0	0.000000	1.023859	2.991497	0.529386	0.051948	0.000000	0.000000	0	none	0	none	0	none	none	max(insertion_type_count,local_deletion_type_count)	background	4	AF_coil;hexamer_coil_fraction_ge_0.8;AF_rSASA_ge_0.25;hexamer_rSASA_ge_0.25	False		variable	supports	unresolved_exact_subset_too_small	False	unchanged_or_unresolved
244|245	244	245	CORE_CAUTION	A89_SF3_helicase_domain_by_PROSITE	False	0.0	0.29485201835632324	0.34134025897009895	0.0	10.99343020582886	46.08287998161677	91.33000183105469	False	0.220779	0.065789	2.120773	1.424981	0.000000	0.000000	1.098679	2.985528	0.450430	0.051948	0.000000	0.000000	0	0.000000	0	1.105392	2.955724	0.454053	0.059140	0.000000	0.000000	0	0.000000	0	0	0.000000	1.103526	2.991497	0.450382	0.051948	0.000000	0.000000	0	none	0	none	0	none	none	max(insertion_type_count,local_deletion_type_count)	structural near-miss	2	AF_coil;hexamer_coil_fraction_ge_0.8	False		variable	supports	unresolved_exact_subset_too_small	False	outside_strict_review_only; near-miss plus V2 evolutionary support
245|246	245	246	CORE_CAUTION	A89_SF3_helicase_domain_by_PROSITE	False	0.0	0.5973514318466187	0.5631054648725797	0.0	10.99343020582886	47.87554035010754	91.1500015258789	False	0.065789	0.065789	1.424981	2.115316	0.000000	0.000000	1.107013	2.985528	0.449348	0.051948	0.000000	0.000000	0	0.000000	0	1.112537	2.955724	0.453157	0.059140	0.000000	0.000000	0	0.000000	0	0	0.000000	1.111860	2.991497	0.449300	0.051948	0.000000	0.000000	0	none	0	none	0	none	none	max(insertion_type_count,local_deletion_type_count)	structural near-miss	2	AF_coil;hexamer_coil_fraction_ge_0.8	False		variable	supports	unresolved_exact_subset_too_small	True	outside_strict_review_only; near-miss plus V2 evolutionary support
246|247	246	247	CORE_CAUTION	A89_SF3_helicase_domain_by_PROSITE	False	0.0	0.09485817700624466	0.08567157474609684	0.0	7.855914693374679	44.747298249746585	90.7300033569336	False	0.065789	0.857143	2.115316	0.591673	0.000000	0.000000	1.117082	2.985528	0.447183	0.051948	0.000000	0.000000	0	0.000000	0	1.123345	2.955724	0.450916	0.059140	0.000000	0.000000	0	0.000000	0	0	0.000000	1.121929	2.991497	0.447135	0.051948	0.000000	0.000000	0	none	0	none	0	none	none	max(insertion_type_count,local_deletion_type_count)	background	4	AF_coil;hexamer_coil_fraction_ge_0.8;AF_rSASA_ge_0.25;hexamer_rSASA_ge_0.25	False		variable	supports	unresolved_exact_subset_too_small	False	unchanged_or_unresolved
247|248	247	248	CORE_CAUTION	A89_SF3_helicase_domain_by_PROSITE	False	0.0	0.09485817700624466	0.08567157474609684	0.0	6.479054155671409	42.99541884092301	90.55000305175781	False	0.857143	0.077922	0.591673	0.796726	0.000000	0.000000	1.117082	2.985528	0.447183	0.051948	0.000000	0.000000	0	0.000000	0	1.126126	2.955724	0.450468	0.059140	0.000000	0.000000	0	0.000000	0	0	0.000000	1.121929	2.991497	0.447135	0.051948	0.000000	0.000000	0	none	0	none	0	none	none	max(insertion_type_count,local_deletion_type_count)	background	4	AF_coil;hexamer_coil_fraction_ge_0.8;AF_rSASA_ge_0.25;hexamer_rSASA_ge_0.25	False		variable	supports	unresolved_exact_subset_too_small	False	unchanged_or_unresolved
248|249	248	249	CORE_CAUTION	A89_SF3_helicase_domain_by_PROSITE	False	0.0	0.368442177772522	0.29565283868641007	0.23674551529550547	2.7159268599018893	42.10064530286291	88.72000122070312	False	0.077922	0.051948	0.796726	2.985528	0.000000	0.000000	1.052118	2.985528	0.464727	0.051948	0.000000	0.000000	70	0.909091	1:70	1.060066	2.955724	0.470849	0.059140	0.000000	0.000000	168	0.903226	1:168	0	0.000000	1.056316	2.991497	0.465337	0.051948	0.000000	0.000000	70	A1;A10;A100;A101;A102;A103;A104;A105;A11;A12;A13;A15;A16;A18;A19;A1B;A2;A20;A21;A22;A23;A24;A25;A28;A29;A30;A31;A32;A33;A34;A38;A39;A40;A41;A43;A46;A47;A49;A50;A51;A53;A54;A55;A56;A57;A59;A60;A61;A62;A63;A64;A65;A66;A67;A68;A71;A73;A74;A75;A76;A77;A78;A80;A81;A82;A85;A9;A90;A94;A96	70	A1;A10;A100;A101;A102;A103;A104;A105;A11;A12;A13;A15;A16;A18;A19;A1B;A2;A20;A21;A22;A23;A24;A25;A28;A29;A30;A31;A32;A33;A34;A38;A39;A40;A41;A43;A46;A47;A49;A50;A51;A53;A54;A55;A56;A57;A59;A60;A61;A62;A63;A64;A65;A66;A67;A68;A71;A73;A74;A75;A76;A77;A78;A80;A81;A82;A85;A9;A90;A94;A96	0	none	broader_lineage_supported	max(insertion_type_count,local_deletion_type_count)	literature-rescue	4	AF_coil;hexamer_coil_fraction_ge_0.8;burial_lt_0.10;interprotomer_distance_gt_4.5A	True	Li/Baltimore PV insertion after 2C residue 255; A89 mapped literature-rescue track	lineage_indel_supported	supports	unresolved_exact_subset_too_small	True	literature-rescue retained; V2 conservation lineage_indel_supported; not promoted
249|250	249	250	CORE_CAUTION	A89_SF3_helicase_domain_by_PROSITE	False	0.0	0.5149526000022888	0.46605670985890857	0.23674551529550547	2.7159268599018893	40.50649983253049	88.72000122070312	False	0.051948	0.051948	2.985528	0.956007	0.000000	0.000000	1.132227	2.985528	0.387887	0.051948	0.000000	0.000000	0	0.000000	0	1.140300	2.955724	0.394684	0.059140	0.000000	0.000000	0	0.000000	0	0	0.000000	1.136425	2.991497	0.388497	0.051948	0.000000	0.000000	0	none	0	none	0	none	none	max(insertion_type_count,local_deletion_type_count)	background	4	AF_coil;hexamer_coil_fraction_ge_0.8;burial_lt_0.10;interprotomer_distance_gt_4.5A	False		variable	supports	unresolved_exact_subset_too_small	False	unchanged_or_unresolved
250|251	250	251	CORE_CAUTION	A89_SF3_helicase_domain_by_PROSITE	True	1.0	0.5505656599998474	0.5990533339671599	0.23554469740609058	2.853570583660673	39.77898646023905	87.87999725341797	False	0.051948	0.987013	0.956007	0.100001	0.000000	0.000000	1.150206	2.985528	0.384640	0.051948	0.000000	0.000000	0	0.000000	0	1.154204	2.955724	0.393340	0.059140	0.000000	0.000000	0	0.000000	0	0	0.000000	1.155238	2.991497	0.385251	0.051948	0.000000	0.000000	0	none	0	none	0	none	none	max(insertion_type_count,local_deletion_type_count)	structural near-miss	2	burial_lt_0.10;interprotomer_distance_gt_4.5A	False		variable	supports	unresolved_exact_subset_too_small	True	outside_strict_review_only; near-miss plus V2 evolutionary support
251|252	251	252	CORE_CAUTION	A89_SF3_helicase_domain_by_PROSITE	False	0.0	0.502077043056488	0.03902483794648769	0.9422316787645763	2.7417936432646832	34.483747878293705	87.87999725341797	False	0.987013	0.948052	0.100001	0.294615	0.000000	0.000000	1.175317	2.985528	0.405132	0.051948	0.000000	0.000000	0	0.000000	0	1.177487	2.955724	0.414777	0.059140	0.000000	0.000000	0	0.000000	0	0	0.000000	1.180116	2.991497	0.405766	0.051948	0.000000	0.000000	0	none	0	none	0	none	none	max(insertion_type_count,local_deletion_type_count)	background	5	AF_coil;hexamer_coil_fraction_ge_0.8;hexamer_rSASA_ge_0.25;burial_lt_0.10;interprotomer_distance_gt_4.5A	False		variable	supports	unresolved_exact_subset_too_small	False	unchanged_or_unresolved
252|253	252	253	CORE_CAUTION	A89_SF3_helicase_domain_by_PROSITE	False	0.0	0.08269544690847397	0.010518916853229402	0.962500001335106	2.7417936432646832	34.483747878293705	90.08000183105469	False	0.948052	0.987013	0.294615	0.100001	0.000000	0.000000	1.060478	2.985528	0.416966	0.051948	0.000000	0.000000	0	0.000000	0	1.065240	2.955724	0.428155	0.059140	0.000000	0.000000	0	0.000000	0	0	0.000000	1.062669	2.991497	0.417624	0.051948	0.000000	0.000000	0	none	0	none	0	none	none	max(insertion_type_count,local_deletion_type_count)	background	6	AF_coil;hexamer_coil_fraction_ge_0.8;AF_rSASA_ge_0.25;hexamer_rSASA_ge_0.25;burial_lt_0.10;interprotomer_distance_gt_4.5A	False		variable	supports	unresolved_exact_subset_too_small	False	unchanged_or_unresolved
253|254	253	254	CORE_CAUTION	A89_SF3_helicase_domain_by_PROSITE	False	0.0	0.08269544690847397	0.010518916853229402	0.962500001335106	4.1278765625307035	39.796501176657124	90.08000183105469	False	0.987013	0.276316	0.100001	1.039790	0.000000	0.000000	1.072608	2.985528	0.411554	0.051948	0.000000	0.000000	0	0.000000	0	1.071487	2.955724	0.425466	0.059140	0.000000	0.000000	0	0.000000	0	0	0.000000	1.074800	2.991497	0.412212	0.051948	0.000000	0.000000	0	none	0	none	0	none	none	max(insertion_type_count,local_deletion_type_count)	background	6	AF_coil;hexamer_coil_fraction_ge_0.8;AF_rSASA_ge_0.25;hexamer_rSASA_ge_0.25;burial_lt_0.10;interprotomer_distance_gt_4.5A	False		variable	supports	unresolved_exact_subset_too_small	False	unchanged_or_unresolved
254|255	254	255	HIGH_RISK	ATPase-to-Zn/Cys-rich_transition	False	0.0	0.17712359130382538	0.09539935008231841	0.7308780458116262	3.0640049338189153	38.41798464479206	91.94999694824219	False	0.276316	0.064935	1.039790	1.061312	0.000000	0.000000	1.127908	2.985528	0.426706	0.051948	0.000000	0.000000	0	0.000000	0	1.125915	2.955724	0.440699	0.059140	0.000000	0.000000	0	0.000000	0	0	0.000000	1.129193	2.991497	0.426173	0.051948	0.000000	0.000000	0	none	0	none	0	none	none	max(insertion_type_count,local_deletion_type_count)	background	6	AF_coil;hexamer_coil_fraction_ge_0.8;AF_rSASA_ge_0.25;hexamer_rSASA_ge_0.25;burial_lt_0.10;interprotomer_distance_gt_4.5A	False		variable	supports	unresolved_exact_subset_too_small	False	unchanged_or_unresolved
255|256	255	256	HIGH_RISK	ATPase-to-Zn/Cys-rich_transition	False	0.0	0.45341959595680237	0.14544904453903687	0.7308780458116262	3.0640049338189153	38.41798464479206	91.38999938964844	False	0.064935	0.181818	1.061312	2.336522	0.000000	0.000000	0.916236	2.336522	0.499217	0.051948	0.000000	0.000000	0	0.000000	0	0.913672	2.271761	0.513280	0.064516	0.000000	0.000000	0	0.000000	0	0	0.000000	0.917024	2.346533	0.498684	0.051948	0.000000	0.000000	0	none	0	none	0	none	none	max(insertion_type_count,local_deletion_type_count)	background	5	AF_coil;hexamer_coil_fraction_ge_0.8;hexamer_rSASA_ge_0.25;burial_lt_0.10;interprotomer_distance_gt_4.5A	False		variable	supports	unresolved_exact_subset_too_small	False	unchanged_or_unresolved
256|257	256	257	HIGH_RISK	ATPase-to-Zn/Cys-rich_transition	False	0.0	0.3409981429576874	0.28598348238055404	0.611650765508655	3.151837512121498	42.934841632304284	91.04000091552734	False	0.181818	0.311688	2.336522	1.726316	0.000000	0.000000	0.836568	2.336522	0.578221	0.064935	0.000000	0.000000	0	0.000000	0	0.832623	2.271761	0.591237	0.075269	0.000000	0.000000	0	0.000000	0	0	0.000000	0.837357	2.346533	0.577689	0.064935	0.000000	0.000000	0	none	0	none	0	none	none	max(insertion_type_count,local_deletion_type_count)	literature-rescue	4	AF_coil;hexamer_coil_fraction_ge_0.8;burial_lt_0.10;interprotomer_distance_gt_4.5A	True	Li/Baltimore PV insertion after 2C residue 263; A89 mapped literature-rescue track	variable	supports	unresolved_exact_subset_too_small	True	literature-rescue retained; V2 conservation variable; not promoted
257|258	257	258	HIGH_RISK	ATPase-to-Zn/Cys-rich_transition;near_Zn-coordination_sites	False	0.0	0.0	0.0	0.0	4.906171216591307	43.88484601547438	91.04000091552734	False	0.311688	0.207792	1.726316	0.737241	0.000000	0.000000	0.914955	2.336522	0.560905	0.064935	0.000000	0.000000	0	0.000000	0	0.910038	2.271761	0.574660	0.075269	0.000000	0.000000	0	0.000000	0	0	0.000000	0.914682	2.346533	0.560733	0.064935	0.000000	0.000000	0	none	0	none	0	none	none	max(insertion_type_count,local_deletion_type_count)	background	4	AF_coil;hexamer_coil_fraction_ge_0.8;AF_rSASA_ge_0.25;hexamer_rSASA_ge_0.25	False		variable	supports	unresolved_exact_subset_too_small	False	unchanged_or_unresolved
258|259	258	259	HIGH_RISK	ATPase-to-Zn/Cys-rich_transition;near_Zn-coordination_sites	False	0.0	0.0	0.0	0.7195847573620001	2.7598024784214052	39.7959039248315	90.51000213623047	False	0.207792	0.792208	0.737241	0.737241	0.000000	0.000000	0.976571	2.336522	0.548307	0.064935	0.014069	0.168831	0	0.000000	0	0.973848	2.271761	0.561921	0.075269	0.012097	0.145161	0	0.000000	0	27	0.145161	0.977371	2.346533	0.547701	0.064935	0.014069	0.168831	0	none	0	none	13	A101;A102;A103;A12;A20;A28;A46;A51;A53;A65;A68;A71;A80	broader_lineage_supported	max(insertion_type_count,local_deletion_type_count)	background	6	AF_coil;hexamer_coil_fraction_ge_0.8;AF_rSASA_ge_0.25;hexamer_rSASA_ge_0.25;burial_lt_0.10;interprotomer_distance_gt_4.5A	False		lineage_indel_supported	supports	unresolved_exact_subset_too_small	False	unchanged_or_unresolved
259|260	259	260	HIGH_RISK	ATPase-to-Zn/Cys-rich_transition;near_Zn-coordination_sites	True	0.8333333333333334	0.29216307401657104	0.09994491338729859	0.7195847573620001	2.7598024784214052	39.7959039248315	90.13999938964844	False	0.792208	0.259740	0.737241	1.460316	0.000000	0.000000	1.121582	2.336522	0.490179	0.064935	0.014069	0.168831	0	0.000000	0	1.109260	2.271761	0.506200	0.075269	0.012097	0.145161	0	0.000000	0	27	0.145161	1.120348	2.346533	0.489573	0.064935	0.014069	0.168831	0	none	0	none	13	A101;A102;A103;A12;A20;A28;A46;A51;A53;A65;A68;A71;A80	broader_lineage_supported	max(insertion_type_count,local_deletion_type_count)	background	3	hexamer_rSASA_ge_0.25;burial_lt_0.10;interprotomer_distance_gt_4.5A	False		lineage_indel_supported	supports	unresolved_exact_subset_too_small	False	unchanged_or_unresolved
260|261	260	261	HIGH_RISK	ATPase-to-Zn/Cys-rich_transition;near_Zn-coordination_sites	True	1.0	0.5688794851303101	0.03487846761379602	0.9730535620556567	2.950032393214684	46.380479963032	86.75	False	0.259740	0.922078	1.460316	0.445466	0.000000	0.000000	1.248822	2.566676	0.472564	0.064935	0.014069	0.168831	0	0.000000	0	1.231333	2.560956	0.484407	0.059140	0.012097	0.145161	0	0.000000	0	27	0.145161	1.246278	2.561274	0.470651	0.057143	0.014069	0.168831	0	none	0	none	13	A101;A102;A103;A12;A20;A28;A46;A51;A53;A65;A68;A71;A80	broader_lineage_supported	max(insertion_type_count,local_deletion_type_count)	background	3	hexamer_rSASA_ge_0.25;burial_lt_0.10;interprotomer_distance_gt_4.5A	False		lineage_indel_supported	supports	unresolved_exact_subset_too_small	False	unchanged_or_unresolved
261|262	261	262	EXCLUDE	A89_Zn-binding_C262_by_similarity	True	1.0	0.16514559090137482	0.03487846761379602	0.9730535620556567	2.950032393214684	47.128441333998445	81.86000061035156	False	0.922078	1.000000	0.445466	0.000000	0.000000	0.000000	1.174861	2.566676	0.548321	0.064935	0.014069	0.168831	0	0.000000	0	1.156438	2.560956	0.559676	0.059140	0.012097	0.145161	0	0.000000	0	27	0.145161	1.172317	2.561274	0.546408	0.057143	0.014069	0.168831	0	none	0	none	13	A101;A102;A103;A12;A20;A28;A46;A51;A53;A65;A68;A71;A80	broader_lineage_supported	max(insertion_type_count,local_deletion_type_count)	background	4	AF_rSASA_ge_0.25;hexamer_rSASA_ge_0.25;burial_lt_0.10;interprotomer_distance_gt_4.5A	False		lineage_indel_supported	weakens	unresolved_exact_subset_too_small	False	decreased_or_excluded; hard functional feature dominates
262|263	262	263	EXCLUDE	A89_Zn-binding_C262_by_similarity	True	1.0	0.16514559090137482	0.05731558752155114	0.6167159819696331	2.9282190636486796	50.50111960917528	81.5	False	1.000000	0.779221	0.000000	1.040638	0.000000	0.000000	1.029457	2.566676	0.604598	0.064935	0.014069	0.168831	0	0.000000	0	1.010825	2.560956	0.617023	0.059140	0.012097	0.145161	0	0.000000	0	27	0.145161	1.026079	2.561274	0.602685	0.057143	0.014069	0.168831	0	none	0	none	13	A101;A102;A103;A12;A20;A28;A46;A51;A53;A65;A68;A71;A80	broader_lineage_supported	max(insertion_type_count,local_deletion_type_count)	background	4	AF_rSASA_ge_0.25;hexamer_rSASA_ge_0.25;burial_lt_0.10;interprotomer_distance_gt_4.5A	False		lineage_indel_supported	weakens	unresolved_exact_subset_too_small	False	decreased_or_excluded; hard functional feature dominates
263|264	263	264	HIGH_RISK	ATPase-to-Zn/Cys-rich_transition;near_Zn-coordination_sites	True	1.0	0.45944279432296753	0.49352877532842054	0.21005212985875552	2.9282190636486796	52.19378421415899	80.22000122070312	False	0.779221	0.796875	1.040638	1.034015	0.000000	0.168831	0.885598	2.566676	0.661958	0.064935	0.014069	0.168831	0	0.000000	0	0.865507	2.560956	0.672579	0.059140	0.012097	0.145161	0	0.000000	0	27	0.145161	0.882220	2.561274	0.660045	0.057143	0.014069	0.168831	0	none	0	none	13	A101;A102;A103;A12;A20;A28;A46;A51;A53;A65;A68;A71;A80	broader_lineage_supported	max(insertion_type_count,local_deletion_type_count)	structural near-miss	2	burial_lt_0.10;interprotomer_distance_gt_4.5A	False		lineage_indel_supported	supports	unresolved_exact_subset_too_small	False	outside_strict_review_only; near-miss plus V2 evolutionary support
264|265	264	265	HIGH_RISK	ATPase-to-Zn/Cys-rich_transition;near_Zn-coordination_sites	True	1.0	0.45944279432296753	0.49352877532842054	0.28277775718382575	2.9319275922973653	50.507696668076846	77.37999725341797	False	0.796875	0.289474	1.034015	1.840124	0.168831	0.000000	0.832494	2.566676	0.726893	0.064935	0.014069	0.168831	0	0.000000	0	0.807646	2.560956	0.735751	0.059140	0.012097	0.145161	0	0.000000	0	27	0.145161	0.829116	2.561274	0.724980	0.057143	0.014069	0.168831	0	none	0	none	13	A101;A102;A103;A12;A20;A28;A46;A51;A53;A65;A68;A71;A80	broader_lineage_supported	max(insertion_type_count,local_deletion_type_count)	structural near-miss	2	burial_lt_0.10;interprotomer_distance_gt_4.5A	False		lineage_indel_supported	supports	unresolved_exact_subset_too_small	False	outside_strict_review_only; near-miss plus V2 evolutionary support
265|266	265	266	HIGH_RISK	ATPase-to-Zn/Cys-rich_transition;near_Zn-coordination_sites	True	1.0	0.4735076129436493	0.5123639631190678	0.28277775718382575	2.9319275922973653	48.789376197926636	77.37999725341797	False	0.289474	0.064935	1.840124	2.566676	0.000000	0.000000	0.771058	2.566676	0.744209	0.064935	0.014069	0.168831	0	0.000000	0	0.750467	2.560956	0.750984	0.059140	0.012097	0.145161	0	0.000000	0	27	0.145161	0.767679	2.561274	0.742296	0.057143	0.014069	0.168831	0	none	0	none	13	A101;A102;A103;A12;A20;A28;A46;A51;A53;A65;A68;A71;A80	broader_lineage_supported	max(insertion_type_count,local_deletion_type_count)	structural near-miss	2	burial_lt_0.10;interprotomer_distance_gt_4.5A	False		lineage_indel_supported	supports	unresolved_exact_subset_too_small	False	outside_strict_review_only; near-miss plus V2 evolutionary support
266|267	266	267	HIGH_RISK	ATPase-to-Zn/Cys-rich_transition;near_Zn-coordination_sites	False	0.0	0.4735076129436493	0.46015968969312765	0.319564982906023	3.5149498833164627	44.64835468194988	79.81999969482422	False	0.064935	0.974026	2.566676	0.173781	0.000000	0.000000	0.739506	2.566676	0.759844	0.064935	0.014069	0.168831	0	0.000000	0	0.717267	2.560956	0.767532	0.059140	0.012097	0.145161	0	0.000000	0	27	0.145161	0.736930	2.561274	0.758756	0.057143	0.014069	0.168831	0	none	0	none	13	A101;A102;A103;A12;A20;A28;A46;A51;A53;A65;A68;A71;A80	broader_lineage_supported	max(insertion_type_count,local_deletion_type_count)	background	4	AF_coil;hexamer_coil_fraction_ge_0.8;burial_lt_0.10;interprotomer_distance_gt_4.5A	False		lineage_indel_supported	supports	unresolved_exact_subset_too_small	False	unchanged_or_unresolved
267|268	267	268	HIGH_RISK	ATPase-to-Zn/Cys-rich_transition;near_Zn-coordination_sites	False	0.0	0.15197521448135376	0.14378200731099963	0.319564982906023	3.5149498833164627	43.51342368266956	76.86000061035156	False	0.974026	0.857143	0.173781	0.591673	0.000000	0.000000	0.702384	2.566676	0.766338	0.064935	0.014069	0.168831	0	0.000000	0	0.683200	2.560956	0.773356	0.059140	0.012097	0.145161	0	0.000000	0	27	0.145161	0.699808	2.561274	0.765250	0.057143	0.014069	0.168831	0	none	0	none	13	A101;A102;A103;A12;A20;A28;A46;A51;A53;A65;A68;A71;A80	broader_lineage_supported	max(insertion_type_count,local_deletion_type_count)	background	6	AF_coil;hexamer_coil_fraction_ge_0.8;AF_rSASA_ge_0.25;hexamer_rSASA_ge_0.25;burial_lt_0.10;interprotomer_distance_gt_4.5A	False		lineage_indel_supported	supports	unresolved_exact_subset_too_small	False	unchanged_or_unresolved
268|269	268	269	HIGH_RISK	ATPase-to-Zn/Cys-rich_transition;near_Zn-coordination_sites	False	0.0	0.15197521448135376	0.14378200731099963	0.010058363812442352	5.03711443389194	42.51867522833923	76.12000274658203	False	0.857143	1.000000	0.591673	0.000000	0.000000	0.000000	0.702384	2.566676	0.766338	0.064935	0.014069	0.168831	0	0.000000	0	0.683200	2.560956	0.773356	0.059140	0.012097	0.145161	0	0.000000	0	27	0.145161	0.699808	2.561274	0.765250	0.057143	0.014069	0.168831	0	none	0	none	13	A101;A102;A103;A12;A20;A28;A46;A51;A53;A65;A68;A71;A80	broader_lineage_supported	max(insertion_type_count,local_deletion_type_count)	background	4	AF_coil;hexamer_coil_fraction_ge_0.8;AF_rSASA_ge_0.25;hexamer_rSASA_ge_0.25	False		lineage_indel_supported	supports	unresolved_exact_subset_too_small	False	unchanged_or_unresolved
269|270	269	270	HIGH_RISK	ATPase-to-Zn/Cys-rich_transition;near_Zn-coordination_sites	True	1.0	0.31847020983695984	0.12715990604498448	0.7751661465257196	3.0403231223266447	37.94790103880197	76.12000274658203	False	1.000000	0.987013	0.000000	0.100001	0.000000	0.000000	0.615664	2.566676	0.784736	0.064935	0.014069	0.168831	0	0.000000	0	0.598639	2.560956	0.790829	0.059140	0.012097	0.145161	0	0.000000	0	27	0.145161	0.614149	2.561274	0.783287	0.057143	0.014069	0.168831	0	none	0	none	13	A101;A102;A103;A12;A20;A28;A46;A51;A53;A65;A68;A71;A80	broader_lineage_supported	max(insertion_type_count,local_deletion_type_count)	background	3	hexamer_rSASA_ge_0.25;burial_lt_0.10;interprotomer_distance_gt_4.5A	False		lineage_indel_supported	supports	unresolved_exact_subset_too_small	False	unchanged_or_unresolved
270|271	270	271	HIGH_RISK	ATPase-to-Zn/Cys-rich_transition;near_Zn-coordination_sites	False	0.0	0.15298892557621002	0.10337760343724135	0.7751661465257196	3.0403231223266447	37.94790103880197	76.7300033569336	False	0.987013	1.000000	0.100001	0.000000	0.000000	0.000000	0.588781	2.566676	0.785429	0.064935	0.000000	0.000000	0	0.000000	0	0.565705	2.560956	0.793712	0.059140	0.000000	0.000000	0	0.000000	0	0	0.000000	0.586194	2.561274	0.784415	0.057143	0.000000	0.000000	0	none	0	none	0	none	none	max(insertion_type_count,local_deletion_type_count)	background	6	AF_coil;hexamer_coil_fraction_ge_0.8;AF_rSASA_ge_0.25;hexamer_rSASA_ge_0.25;burial_lt_0.10;interprotomer_distance_gt_4.5A	False		intermediate	remains unresolved	unresolved_exact_subset_too_small	False	unchanged_or_unresolved
271|272	271	272	HIGH_RISK	ATPase-to-Zn/Cys-rich_transition;near_Zn-coordination_sites	False	0.0	0.15298892557621002	0.10337760343724135	0.8822527908030507	2.5539594026673686	41.713262085086825	79.79000091552734	False	1.000000	0.447368	0.000000	1.081699	0.000000	0.000000	0.484743	2.566676	0.832735	0.064935	0.000000	0.000000	0	0.000000	0	0.475564	2.560956	0.836440	0.059140	0.000000	0.000000	0	0.000000	0	0	0.000000	0.484190	2.561274	0.831720	0.057143	0.000000	0.000000	0	none	0	none	0	none	none	max(insertion_type_count,local_deletion_type_count)	background	6	AF_coil;hexamer_coil_fraction_ge_0.8;AF_rSASA_ge_0.25;hexamer_rSASA_ge_0.25;burial_lt_0.10;interprotomer_distance_gt_4.5A	False		intermediate	remains unresolved	unresolved_exact_subset_too_small	False	unchanged_or_unresolved
272|273	272	273	EXCLUDE	A89_Zn-binding_C273_by_similarity	False	0.0	0.10221081227064133	0.06359808459253367	0.8822527908030507	2.5539594026673686	44.25571427877973	83.7699966430664	False	0.447368	1.000000	1.081699	0.000000	0.000000	0.000000	0.270854	1.081699	0.910657	0.447368	0.000000	0.000000	0	0.000000	0	0.262151	1.073480	0.914845	0.467391	0.000000	0.000000	0	0.000000	0	0	0.000000	0.270750	1.080458	0.910292	0.442982	0.000000	0.000000	0	none	0	none	0	none	none	max(insertion_type_count,local_deletion_type_count)	background	6	AF_coil;hexamer_coil_fraction_ge_0.8;AF_rSASA_ge_0.25;hexamer_rSASA_ge_0.25;burial_lt_0.10;interprotomer_distance_gt_4.5A	False		conserved	weakens	unresolved_exact_subset_too_small	False	decreased_or_excluded; hard functional feature dominates
273|274	273	274	EXCLUDE	A89_Zn-binding_C273_by_similarity	True	1.0	0.04300956428050995	0.0002675474939232101	1.0	3.3775859299485687	44.57170664690218	86.77999877929688	False	1.000000	1.000000	0.000000	0.000000	0.000000	0.000000	0.256372	1.081699	0.912822	0.447368	0.000000	0.000000	0	0.000000	0	0.249666	1.073480	0.916637	0.467391	0.000000	0.000000	0	0.000000	0	0	0.000000	0.256268	1.080458	0.912456	0.442982	0.000000	0.000000	0	none	0	none	0	none	none	max(insertion_type_count,local_deletion_type_count)	background	4	AF_rSASA_ge_0.25;hexamer_rSASA_ge_0.25;burial_lt_0.10;interprotomer_distance_gt_4.5A	False		conserved	weakens	unresolved_exact_subset_too_small	False	decreased_or_excluded; hard functional feature dominates
274|275	274	275	HIGH_RISK	ATPase-to-Zn/Cys-rich_transition;near_Zn-coordination_sites	False	0.0	0.04300956428050995	0.0002675474939232101	1.0	3.3960727252000855	44.57170664690218	90.0999984741211	False	1.000000	1.000000	0.000000	0.000000	0.000000	0.000000	0.221548	1.081699	0.922562	0.447368	0.000000	0.000000	0	0.000000	0	0.218504	1.073480	0.924692	0.467391	0.000000	0.000000	0	0.000000	0	0	0.000000	0.221493	1.080458	0.922187	0.442982	0.000000	0.000000	0	none	0	none	0	none	none	max(insertion_type_count,local_deletion_type_count)	background	6	AF_coil;hexamer_coil_fraction_ge_0.8;AF_rSASA_ge_0.25;hexamer_rSASA_ge_0.25;burial_lt_0.10;interprotomer_distance_gt_4.5A	False		conserved	weakens	unresolved_exact_subset_too_small	False	decreased; conserved local window
275|276	275	276	HIGH_RISK	ATPase-to-Zn/Cys-rich_transition;near_Zn-coordination_sites	False	0.0	0.0	0.0003235222150882085	0.0	6.250449780454153	39.25231469527872	91.61000061035156	False	1.000000	0.805195	0.000000	0.711416	0.000000	0.000000	0.221548	1.081699	0.922562	0.447368	0.000000	0.000000	0	0.000000	0	0.218504	1.073480	0.924692	0.467391	0.000000	0.000000	0	0.000000	0	0	0.000000	0.221493	1.080458	0.922187	0.442982	0.000000	0.000000	0	none	0	none	0	none	none	max(insertion_type_count,local_deletion_type_count)	background	4	AF_coil;hexamer_coil_fraction_ge_0.8;AF_rSASA_ge_0.25;hexamer_rSASA_ge_0.25	False		conserved	weakens	unresolved_exact_subset_too_small	False	decreased; conserved local window
276|277	276	277	HIGH_RISK	ATPase-to-Zn/Cys-rich_transition;near_Zn-coordination_sites	False	0.0	0.0	0.0003235222150882085	1.0	4.0760096476789025	39.25231469527872	92.0999984741211	False	0.805195	0.857143	0.711416	0.591673	0.000000	0.000000	0.273658	1.081699	0.912822	0.447368	0.000000	0.000000	0	0.000000	0	0.266094	1.073480	0.916180	0.467391	0.000000	0.000000	0	0.000000	0	0	0.000000	0.271315	1.080458	0.912808	0.442982	0.000000	0.000000	0	none	0	none	0	none	none	max(insertion_type_count,local_deletion_type_count)	background	6	AF_coil;hexamer_coil_fraction_ge_0.8;AF_rSASA_ge_0.25;hexamer_rSASA_ge_0.25;burial_lt_0.10;interprotomer_distance_gt_4.5A	False		conserved	weakens	unresolved_exact_subset_too_small	False	decreased; conserved local window
277|278	277	278	EXCLUDE	A89_Zn-binding_C278_by_similarity	False	0.0	0.024264950305223465	0.003806279546718307	1.0	4.0760096476789025	43.13961451879552	89.66999816894531	False	0.857143	1.000000	0.591673	0.000000	0.000000	0.000000	0.512033	2.860506	0.834971	0.065789	0.000000	0.000000	0	0.000000	0	0.501832	2.828852	0.839187	0.076087	0.000000	0.000000	0	0.000000	0	0	0.000000	0.509804	2.861861	0.834957	0.065789	0.000000	0.000000	0	none	0	none	0	none	none	max(insertion_type_count,local_deletion_type_count)	background	6	AF_coil;hexamer_coil_fraction_ge_0.8;AF_rSASA_ge_0.25;hexamer_rSASA_ge_0.25;burial_lt_0.10;interprotomer_distance_gt_4.5A	False		intermediate	weakens	unresolved_exact_subset_too_small	False	decreased_or_excluded; hard functional feature dominates
278|279	278	279	EXCLUDE	A89_Zn-binding_C278_by_similarity	False	0.0	0.057086411863565445	0.06707041767927317	0.0	8.060724100385602	47.0565237410734	89.66999816894531	False	1.000000	1.000000	0.000000	0.000000	0.000000	0.000000	0.421892	2.860506	0.881024	0.065789	0.000000	0.000000	0	0.000000	0	0.412376	2.828852	0.883571	0.076087	0.000000	0.000000	0	0.000000	0	0	0.000000	0.419766	2.861861	0.881375	0.065789	0.000000	0.000000	0	none	0	none	0	none	none	max(insertion_type_count,local_deletion_type_count)	background	4	AF_coil;hexamer_coil_fraction_ge_0.8;AF_rSASA_ge_0.25;hexamer_rSASA_ge_0.25	False		intermediate	weakens	unresolved_exact_subset_too_small	False	decreased_or_excluded; hard functional feature dominates
279|280	279	280	HIGH_RISK	ATPase-to-Zn/Cys-rich_transition;near_Zn-coordination_sites	True	1.0	0.057086411863565445	0.06707041767927317	0.0	9.250789188439688	47.92108365144136	90.52999877929688	False	1.000000	0.974026	0.000000	0.173781	0.000000	0.000000	0.524836	2.860506	0.845309	0.065789	0.000000	0.000000	0	0.000000	0	0.510572	2.828852	0.850865	0.076087	0.000000	0.000000	0	0.000000	0	0	0.000000	0.522710	2.861861	0.845661	0.065789	0.000000	0.000000	0	none	0	none	0	none	none	max(insertion_type_count,local_deletion_type_count)	structural near-miss	2	AF_rSASA_ge_0.25;hexamer_rSASA_ge_0.25	False		intermediate	remains unresolved	unresolved_exact_subset_too_small	False	unchanged_or_unresolved
280|281	280	281	HIGH_RISK	ATPase-to-Zn/Cys-rich_transition;near_Zn-coordination_sites	True	1.0	0.0	0.0	0.0	9.250789188439688	45.69213722905821	91.08000183105469	False	0.974026	1.000000	0.173781	0.000000	0.000000	0.000000	0.539318	2.860506	0.843145	0.065789	0.000000	0.000000	0	0.000000	0	0.523057	2.828852	0.849073	0.076087	0.000000	0.000000	0	0.000000	0	0	0.000000	0.537192	2.861861	0.843496	0.065789	0.000000	0.000000	0	none	0	none	0	none	none	max(insertion_type_count,local_deletion_type_count)	structural near-miss	2	AF_rSASA_ge_0.25;hexamer_rSASA_ge_0.25	False		intermediate	remains unresolved	unresolved_exact_subset_too_small	False	unchanged_or_unresolved
281|282	281	282	HIGH_RISK	ATPase-to-Zn/Cys-rich_transition;near_Zn-coordination_sites	False	0.0	0.0	0.0	0.0	10.246048221985127	41.90691168566107	91.12999725341797	False	1.000000	0.870130	0.000000	0.725324	0.000000	0.000000	0.539318	2.860506	0.843145	0.065789	0.000000	0.000000	0	0.000000	0	0.523057	2.828852	0.849073	0.076087	0.000000	0.000000	0	0.000000	0	0	0.000000	0.537192	2.861861	0.843496	0.065789	0.000000	0.000000	0	none	0	none	0	none	none	max(insertion_type_count,local_deletion_type_count)	background	4	AF_coil;hexamer_coil_fraction_ge_0.8;AF_rSASA_ge_0.25;hexamer_rSASA_ge_0.25	False		intermediate	remains unresolved	unresolved_exact_subset_too_small	False	unchanged_or_unresolved
282|283	282	283	HIGH_RISK	ATPase-to-Zn/Cys-rich_transition;near_Zn-coordination_sites	False	0.0	0.0	0.0	0.0	10.707798300077245	41.90691168566107	93.86000061035156	False	0.870130	0.065789	0.725324	2.860506	0.000000	0.000000	0.521062	2.860506	0.852885	0.065789	0.000000	0.000000	0	0.000000	0	0.512740	2.828852	0.855793	0.076087	0.000000	0.000000	0	0.000000	0	0	0.000000	0.518936	2.861861	0.853236	0.065789	0.000000	0.000000	0	none	0	none	0	none	none	max(insertion_type_count,local_deletion_type_count)	background	4	AF_coil;hexamer_coil_fraction_ge_0.8;AF_rSASA_ge_0.25;hexamer_rSASA_ge_0.25	False		intermediate	remains unresolved	unresolved_exact_subset_too_small	False	unchanged_or_unresolved
283|284	283	284	HIGH_RISK	ATPase-to-Zn/Cys-rich_transition	False	0.0	0.0005241442704573274	0.0005658939066860411	0.0	11.781689587977615	39.61814634314886	93.86000061035156	False	0.065789	1.000000	2.860506	0.000000	0.000000	0.000000	0.553574	2.860506	0.790115	0.065789	0.000000	0.000000	0	0.000000	0	0.536681	2.828852	0.796205	0.076087	0.000000	0.000000	0	0.000000	0	0	0.000000	0.550387	2.861861	0.790105	0.065789	0.000000	0.000000	0	none	0	none	0	none	none	max(insertion_type_count,local_deletion_type_count)	background	4	AF_coil;hexamer_coil_fraction_ge_0.8;AF_rSASA_ge_0.25;hexamer_rSASA_ge_0.25	False		intermediate	remains unresolved	unresolved_exact_subset_too_small	False	unchanged_or_unresolved
284|285	284	285	HIGH_RISK	ATPase-to-Zn/Cys-rich_transition	False	0.0	0.0005241442704573274	0.0005658939066860411	0.0	11.781689587977615	39.61814634314886	93.63999938964844	False	1.000000	0.571429	0.000000	1.235336	0.000000	0.000000	0.624578	2.860506	0.773881	0.065789	0.000000	0.000000	0	0.000000	0	0.600695	2.828852	0.782316	0.076087	0.000000	0.000000	0	0.000000	0	0	0.000000	0.621391	2.861861	0.773871	0.065789	0.000000	0.000000	0	none	0	none	0	none	none	max(insertion_type_count,local_deletion_type_count)	background	4	AF_coil;hexamer_coil_fraction_ge_0.8;AF_rSASA_ge_0.25;hexamer_rSASA_ge_0.25	False		intermediate	remains unresolved	unresolved_exact_subset_too_small	False	unchanged_or_unresolved
285|286	285	286	HIGH_RISK	ATPase-to-Zn/Cys-rich_transition	False	0.0	0.0456850528717041	0.028172295534137207	0.0	11.833768359727046	41.7269629759173	93.37999725341797	False	0.571429	0.974026	1.235336	0.173781	0.000000	0.000000	0.842142	2.860506	0.694992	0.053333	0.000000	0.000000	0	0.000000	0	0.820238	2.828852	0.704020	0.060440	0.000000	0.000000	0	0.000000	0	0	0.000000	0.839366	2.861861	0.694982	0.053333	0.000000	0.000000	0	none	0	none	0	none	none	max(insertion_type_count,local_deletion_type_count)	background	4	AF_coil;hexamer_coil_fraction_ge_0.8;AF_rSASA_ge_0.25;hexamer_rSASA_ge_0.25	False		variable	supports	unresolved_exact_subset_too_small	False	unchanged_or_unresolved
286|287	286	287	HIGH_RISK	ATPase-to-Zn/Cys-rich_transition	False	0.0	0.0456850528717041	0.028172295534137207	0.0	11.833768359727046	35.35488900968324	90.58999633789062	False	0.974026	1.000000	0.173781	0.000000	0.000000	0.000000	1.050883	2.860506	0.646291	0.053333	0.000000	0.000000	0	0.000000	0	1.022979	2.828852	0.658331	0.060440	0.000000	0.000000	0	0.000000	0	0	0.000000	1.048058	2.861861	0.646291	0.053333	0.000000	0.000000	0	none	0	none	0	none	none	max(insertion_type_count,local_deletion_type_count)	background	4	AF_coil;hexamer_coil_fraction_ge_0.8;AF_rSASA_ge_0.25;hexamer_rSASA_ge_0.25	False		variable	supports	unresolved_exact_subset_too_small	False	unchanged_or_unresolved
287|288	287	288	HIGH_RISK	ATPase-to-Zn/Cys-rich_transition	True	1.0	0.26704680919647217	0.27312863482175953	0.0	7.97857785863854	35.35488900968324	88.62000274658203	True	1.000000	0.922078	0.000000	0.492344	0.000000	0.000000	1.131641	2.860506	0.583520	0.053333	0.000000	0.000000	0	0.000000	0	1.097397	2.828852	0.594263	0.060440	0.000000	0.000000	0	0.000000	0	0	0.000000	1.128816	2.861861	0.583520	0.053333	0.000000	0.000000	0	none	0	none	0	none	none	max(insertion_type_count,local_deletion_type_count)	strict structural pass	0	none	False		variable	supports	unresolved_exact_subset_too_small	True	reviewable_after_QC; structural pass plus V2 evolutionary support, functional context still required
288|289	288	289	HIGH_RISK	ATPase-to-Zn/Cys-rich_transition	True	1.0	0.39618298411369324	0.4603922361968666	0.0	7.97857785863854	40.4833248371507	88.62000274658203	True	0.922078	0.103896	0.492344	0.981816	0.000000	0.000000	1.190865	2.860506	0.546723	0.053333	0.000000	0.000000	0	0.000000	0	1.159078	2.828852	0.555284	0.060440	0.000000	0.000000	0	0.000000	0	0	0.000000	1.190328	2.861861	0.546363	0.053333	0.000000	0.000000	0	none	0	none	0	none	none	max(insertion_type_count,local_deletion_type_count)	strict structural pass	0	none	False		variable	supports	unresolved_exact_subset_too_small	True	reviewable_after_QC; structural pass plus V2 evolutionary support, functional context still required
289|290	289	290	HIGH_RISK	ATPase-to-Zn/Cys-rich_transition	True	1.0	0.39618298411369324	0.4603922361968666	0.0	11.411383751320844	45.21923965005797	89.61000061035156	True	0.103896	0.805195	0.981816	0.852051	0.000000	0.000000	0.952490	2.678681	0.624574	0.053333	0.000000	0.000000	0	0.000000	0	0.923340	2.634514	0.632277	0.060440	0.000000	0.000000	0	0.000000	0	0	0.000000	0.951840	2.678681	0.624214	0.053333	0.000000	0.000000	0	none	0	none	0	none	none	max(insertion_type_count,local_deletion_type_count)	strict structural pass	0	none	False		variable	supports	unresolved_exact_subset_too_small	True	reviewable_after_QC; structural pass plus V2 evolutionary support, functional context still required
290|291	290	291	HIGH_RISK	ATPase-to-Zn/Cys-rich_transition;C-terminal_bundle/RNA-binding_transition	True	1.0	0.36552366614341736	0.38935833938362063	0.0	14.076977854444886	46.08773248666802	91.20999908447266	True	0.805195	0.053333	0.852051	2.610762	0.000000	0.000000	1.061338	2.678681	0.574791	0.053333	0.000000	0.000000	0	0.000000	0	1.034142	2.634514	0.582994	0.060440	0.000000	0.000000	0	0.000000	0	0	0.000000	1.060688	2.678681	0.574430	0.053333	0.000000	0.000000	0	none	0	none	0	none	none	max(insertion_type_count,local_deletion_type_count)	strict structural pass	0	none	False		variable	supports	unresolved_exact_subset_too_small	True	reviewable_after_QC; structural pass plus V2 evolutionary support, functional context still required
291|292	291	292	HIGH_RISK	C-terminal_bundle/RNA-binding_transition	False	0.0	0.36552366614341736	0.37305555417556174	0.0	15.372715872061487	46.22068436680049	92.18000030517578	False	0.053333	0.389610	2.610762	2.678681	0.000000	0.000000	1.036968	2.678681	0.591865	0.053333	0.000000	0.000000	0	0.000000	0	1.012116	2.634514	0.598490	0.060440	0.000000	0.000000	0	0.000000	0	0	0.000000	1.037501	2.678681	0.591221	0.053333	0.000000	0.000000	0	none	0	none	0	none	none	max(insertion_type_count,local_deletion_type_count)	structural near-miss	2	AF_coil;hexamer_coil_fraction_ge_0.8	False		variable	supports	unresolved_exact_subset_too_small	False	outside_strict_review_only; near-miss plus V2 evolutionary support
292|293	292	293	HIGH_RISK	C-terminal_bundle/RNA-binding_transition	False	0.0	0.08886982500553131	0.0483056763511392	0.0	15.605285466232782	44.86096882035977	92.94000244140625	False	0.389610	0.246753	2.678681	0.969092	0.000000	0.000000	1.129130	2.678681	0.516107	0.053333	0.000000	0.000000	0	0.000000	0	1.108792	2.634514	0.523221	0.060440	0.000000	0.000000	0	0.000000	0	0	0.000000	1.129662	2.678681	0.515464	0.053333	0.000000	0.000000	0	none	0	none	0	none	none	max(insertion_type_count,local_deletion_type_count)	background	4	AF_coil;hexamer_coil_fraction_ge_0.8;AF_rSASA_ge_0.25;hexamer_rSASA_ge_0.25	False		variable	supports	unresolved_exact_subset_too_small	False	unchanged_or_unresolved
293|294	293	294	HIGH_RISK	C-terminal_bundle/RNA-binding_transition	False	0.0	0.06447836011648178	0.0483056763511392	0.0	12.645844928242214	44.86096882035977	92.38999938964844	False	0.246753	0.428571	0.969092	1.436012	0.000000	0.000000	1.129130	2.678681	0.516107	0.053333	0.000000	0.000000	0	0.000000	0	1.108792	2.634514	0.523221	0.060440	0.000000	0.000000	0	0.000000	0	0	0.000000	1.129662	2.678681	0.515464	0.053333	0.000000	0.000000	0	none	0	none	0	none	none	max(insertion_type_count,local_deletion_type_count)	background	4	AF_coil;hexamer_coil_fraction_ge_0.8;AF_rSASA_ge_0.25;hexamer_rSASA_ge_0.25	False		variable	supports	unresolved_exact_subset_too_small	False	unchanged_or_unresolved
294|295	294	295	HIGH_RISK	C-terminal_bundle/RNA-binding_transition	False	0.0	0.0	0.000679788378933769	0.0	8.995495522696825	40.19992895045725	92.38999938964844	False	0.428571	1.000000	1.436012	0.000000	0.000000	0.000000	1.104747	2.678681	0.440349	0.012987	0.000000	0.000000	0	0.000000	0	1.094069	2.634514	0.450192	0.037634	0.000000	0.000000	0	0.000000	0	0	0.000000	1.108479	2.678681	0.440247	0.019481	0.000000	0.000000	0	none	0	none	0	none	none	max(insertion_type_count,local_deletion_type_count)	background	4	AF_coil;hexamer_coil_fraction_ge_0.8;AF_rSASA_ge_0.25;hexamer_rSASA_ge_0.25	False		variable	supports	unresolved_exact_subset_too_small	False	unchanged_or_unresolved
295|296	295	296	HIGH_RISK	C-terminal_bundle/RNA-binding_transition	False	0.0	0.0	0.000679788378933769	0.0	8.995495522696825	40.19992895045725	91.69000244140625	False	1.000000	0.402597	0.000000	1.306176	0.000000	0.000000	1.269810	2.962572	0.442514	0.012987	0.000000	0.000000	0	0.000000	0	1.258789	2.926286	0.453328	0.037634	0.000000	0.000000	0	0.000000	0	0	0.000000	1.274481	2.961108	0.442773	0.019481	0.000000	0.000000	0	none	0	none	0	none	none	max(insertion_type_count,local_deletion_type_count)	background	4	AF_coil;hexamer_coil_fraction_ge_0.8;AF_rSASA_ge_0.25;hexamer_rSASA_ge_0.25	False		variable	supports	unresolved_exact_subset_too_small	False	unchanged_or_unresolved
296|297	296	297	HIGH_RISK	C-terminal_bundle/RNA-binding_transition	False	0.0	0.14218777418136597	0.1328688037010931	0.0	10.45377590798349	45.00755025707061	91.69000244140625	False	0.402597	0.776316	1.306176	0.942906	0.000000	0.000000	1.259271	2.962572	0.445761	0.012987	0.000000	0.000000	0	0.000000	0	1.256628	2.926286	0.453776	0.037634	0.000000	0.000000	0	0.000000	0	0	0.000000	1.265711	2.961108	0.445659	0.019481	0.000000	0.000000	0	none	0	none	0	none	none	max(insertion_type_count,local_deletion_type_count)	background	4	AF_coil;hexamer_coil_fraction_ge_0.8;AF_rSASA_ge_0.25;hexamer_rSASA_ge_0.25	False		variable	supports	unresolved_exact_subset_too_small	False	unchanged_or_unresolved
297|298	297	298	HIGH_RISK	C-terminal_bundle/RNA-binding_transition	False	0.0	0.0006258438806980848	0.0015602678703036078	0.0	13.489201739273058	40.304630523850896	92.0	False	0.776316	0.064935	0.942906	1.279714	0.000000	0.000000	1.208316	2.962572	0.443481	0.012987	0.000000	0.000000	0	0.000000	0	1.202012	2.926286	0.451876	0.037634	0.000000	0.000000	0	0.000000	0	0	0.000000	1.214138	2.961108	0.443379	0.019481	0.000000	0.000000	0	none	0	none	0	none	none	max(insertion_type_count,local_deletion_type_count)	background	4	AF_coil;hexamer_coil_fraction_ge_0.8;AF_rSASA_ge_0.25;hexamer_rSASA_ge_0.25	False		variable	supports	unresolved_exact_subset_too_small	False	unchanged_or_unresolved
298|299	298	299	HIGH_RISK	C-terminal_bundle/RNA-binding_transition	False	0.0	0.0006258438806980848	0.0015602678703036078	0.02610729825303822	6.691834813132615	40.304630523850896	92.95999908447266	False	0.064935	1.000000	1.279714	0.000000	0.000000	0.000000	1.135419	2.962572	0.462961	0.012987	0.000000	0.000000	0	0.000000	0	1.129827	2.926286	0.469797	0.037634	0.000000	0.000000	0	0.000000	0	0	0.000000	1.143752	2.961108	0.461725	0.019481	0.000000	0.000000	0	none	0	none	0	none	none	max(insertion_type_count,local_deletion_type_count)	background	4	AF_coil;hexamer_coil_fraction_ge_0.8;AF_rSASA_ge_0.25;hexamer_rSASA_ge_0.25	False		variable	supports	unresolved_exact_subset_too_small	False	unchanged_or_unresolved
299|300	299	300	HIGH_RISK	C-terminal_bundle/RNA-binding_transition	False	0.0	0.15331235527992249	0.11520383929118456	0.02610729825303822	6.691834813132615	41.43317163127262	92.02999877929688	False	1.000000	0.012987	0.000000	0.199755	0.000000	0.000000	1.054661	2.962572	0.525732	0.012987	0.000000	0.000000	0	0.000000	0	1.055410	2.926286	0.533865	0.037634	0.000000	0.000000	0	0.000000	0	0	0.000000	1.062994	2.961108	0.524496	0.019481	0.000000	0.000000	0	none	0	none	0	none	none	max(insertion_type_count,local_deletion_type_count)	background	4	AF_coil;hexamer_coil_fraction_ge_0.8;AF_rSASA_ge_0.25;hexamer_rSASA_ge_0.25	False		variable	supports	unresolved_exact_subset_too_small	False	unchanged_or_unresolved
300|301	300	301	HIGH_RISK	C-terminal_bundle/RNA-binding_transition	False	0.0	0.31307724118232727	0.31767996152242023	0.0	12.617528901026965	43.94348901277565	92.02999877929688	False	0.012987	0.129870	0.199755	2.962572	0.000000	0.000000	1.018920	2.962572	0.556035	0.012987	0.000000	0.000000	0	0.000000	0	1.014112	2.926286	0.567467	0.037634	0.000000	0.000000	0	0.000000	0	0	0.000000	1.027254	2.961108	0.554799	0.019481	0.000000	0.000000	0	none	0	none	0	none	none	max(insertion_type_count,local_deletion_type_count)	structural near-miss	2	AF_coil;hexamer_coil_fraction_ge_0.8	False		variable	supports	unresolved_exact_subset_too_small	False	outside_strict_review_only; near-miss plus V2 evolutionary support
301|302	301	302	HIGH_RISK	C-terminal_bundle/RNA-binding_transition	False	0.0	0.0012771027395501733	0.00014972621212554262	0.0	12.177671672665888	39.18092602090801	93.30000305175781	False	0.129870	0.844156	2.962572	0.725576	0.000000	0.000000	1.099941	2.962572	0.488935	0.012987	0.000000	0.000000	0	0.000000	0	1.094556	2.926286	0.500263	0.037634	0.000000	0.000000	0	0.000000	0	0	0.000000	1.107554	2.961108	0.487339	0.019481	0.000000	0.000000	0	none	0	none	0	none	none	max(insertion_type_count,local_deletion_type_count)	background	4	AF_coil;hexamer_coil_fraction_ge_0.8;AF_rSASA_ge_0.25;hexamer_rSASA_ge_0.25	False		variable	supports	unresolved_exact_subset_too_small	False	unchanged_or_unresolved
302|303	302	303	HIGH_RISK	C-terminal_bundle/RNA-binding_transition	False	0.0	0.0012771027395501733	0.00014972621212554262	0.05593591352719259	6.465206715231283	39.18092602090801	93.6500015258789	False	0.844156	0.025974	0.725576	1.999312	0.000000	0.000000	1.072552	2.962572	0.520321	0.012987	0.000000	0.000000	0	0.000000	0	1.061639	2.926286	0.532969	0.037634	0.000000	0.000000	0	0.000000	0	0	0.000000	1.080166	2.961108	0.518724	0.019481	0.000000	0.000000	0	none	0	none	0	none	none	max(insertion_type_count,local_deletion_type_count)	background	4	AF_coil;hexamer_coil_fraction_ge_0.8;AF_rSASA_ge_0.25;hexamer_rSASA_ge_0.25	False		variable	supports	unresolved_exact_subset_too_small	False	unchanged_or_unresolved
303|304	303	304	HIGH_RISK	C-terminal_bundle/RNA-binding_transition	False	0.0	0.24088434875011444	0.20605528826093944	0.05593591352719259	6.465206715231283	40.619540959065056	93.05000305175781	False	0.025974	0.623377	1.999312	1.803907	0.000000	0.000000	0.993977	2.962572	0.538961	0.012987	0.000000	0.000000	0	0.000000	0	0.985468	2.926286	0.550179	0.037634	0.000000	0.000000	0	0.000000	0	0	0.000000	1.000408	2.961108	0.537647	0.019481	0.000000	0.000000	0	none	0	none	0	none	none	max(insertion_type_count,local_deletion_type_count)	background	4	AF_coil;hexamer_coil_fraction_ge_0.8;AF_rSASA_ge_0.25;hexamer_rSASA_ge_0.25	False		variable	supports	unresolved_exact_subset_too_small	False	unchanged_or_unresolved
304|305	304	305	HIGH_RISK	A89_C-terminal_RNA-binding_by_similarity;C-terminal_bundle/RNA-binding_transition	False	0.0	0.04286883771419525	0.03466518434886619	0.0	8.17680393943342	41.81909287175765	93.05000305175781	False	0.623377	1.000000	1.803907	0.000000	0.000000	0.000000	1.026673	2.962572	0.538961	0.012987	0.000000	0.000000	0	0.000000	0	1.012489	2.926286	0.550179	0.037634	0.000000	0.000000	0	0.000000	0	0	0.000000	1.033104	2.961108	0.537647	0.019481	0.000000	0.000000	0	none	0	none	0	none	none	max(insertion_type_count,local_deletion_type_count)	background	4	AF_coil;hexamer_coil_fraction_ge_0.8;AF_rSASA_ge_0.25;hexamer_rSASA_ge_0.25	False		variable	supports	unresolved_exact_subset_too_small	False	unchanged_or_unresolved
305|306	305	306	HIGH_RISK	A89_C-terminal_RNA-binding_by_similarity;C-terminal_bundle/RNA-binding_transition	False	0.0	0.04286883771419525	0.03466518434886619	0.0	8.17680393943342	38.58991096534464	92.91000366210938	False	1.000000	0.792208	0.000000	1.007121	0.000000	0.000000	1.228251	2.962572	0.463303	0.012987	0.000000	0.000000	0	0.000000	0	1.210326	2.926286	0.475451	0.037634	0.000000	0.000000	0	0.000000	0	0	0.000000	1.235429	2.961108	0.461989	0.019481	0.000000	0.000000	0	none	0	none	0	none	none	max(insertion_type_count,local_deletion_type_count)	background	4	AF_coil;hexamer_coil_fraction_ge_0.8;AF_rSASA_ge_0.25;hexamer_rSASA_ge_0.25	False		variable	supports	unresolved_exact_subset_too_small	False	unchanged_or_unresolved
306|307	306	307	HIGH_RISK	A89_C-terminal_RNA-binding_by_similarity;C-terminal_bundle/RNA-binding_transition	False	0.0	0.11754021793603897	0.0527274402723823	0.0	9.713344590197789	38.58991096534464	92.36000061035156	False	0.792208	0.194805	1.007121	0.972250	0.000000	0.000000	1.309459	2.962572	0.467632	0.025974	0.000000	0.000000	0	0.000000	0	1.278748	2.926286	0.478587	0.037634	0.000000	0.000000	0	0.000000	0	0	0.000000	1.313439	2.961108	0.465777	0.025974	0.000000	0.000000	0	none	0	none	0	none	none	max(insertion_type_count,local_deletion_type_count)	background	4	AF_coil;hexamer_coil_fraction_ge_0.8;AF_rSASA_ge_0.25;hexamer_rSASA_ge_0.25	False		variable	supports	unresolved_exact_subset_too_small	False	unchanged_or_unresolved
307|308	307	308	HIGH_RISK	A89_C-terminal_RNA-binding_by_similarity;C-terminal_bundle/RNA-binding_transition	False	0.0	0.5479483604431152	0.5586115983280823	0.027956144812566353	6.163120580413118	42.81378969957617	92.19999694824219	False	0.194805	0.779221	0.972250	0.977513	0.000000	0.000000	1.233982	2.418937	0.462221	0.025974	0.000000	0.000000	0	0.000000	0	1.204193	2.374043	0.472315	0.037634	0.000000	0.000000	0	0.000000	0	0	0.000000	1.238527	2.427906	0.460366	0.025974	0.000000	0.000000	0	none	0	none	0	none	none	max(insertion_type_count,local_deletion_type_count)	structural near-miss	2	AF_coil;hexamer_coil_fraction_ge_0.8	False		variable	supports	unresolved_exact_subset_too_small	False	outside_strict_review_only; near-miss plus V2 evolutionary support
308|309	308	309	HIGH_RISK	A89_C-terminal_RNA-binding_by_similarity;C-terminal_bundle/RNA-binding_transition	False	0.0	0.1795460283756256	0.1532573746358681	0.027956144812566353	6.163120580413118	37.74504637541118	91.66000366210938	False	0.779221	1.000000	0.977513	0.000000	0.000000	0.000000	1.296153	2.418937	0.396204	0.025974	0.000000	0.000000	0	0.000000	0	1.259526	2.374043	0.407799	0.037634	0.000000	0.000000	0	0.000000	0	0	0.000000	1.297805	2.427906	0.394709	0.025974	0.000000	0.000000	0	none	0	none	0	none	none	max(insertion_type_count,local_deletion_type_count)	background	4	AF_coil;hexamer_coil_fraction_ge_0.8;AF_rSASA_ge_0.25;hexamer_rSASA_ge_0.25	False		variable	supports	unresolved_exact_subset_too_small	False	unchanged_or_unresolved
309|310	309	310	HIGH_RISK	A89_C-terminal_RNA-binding_by_similarity;C-terminal_bundle/RNA-binding_transition;near_C-terminal_oligomerization_region	False	0.0	0.1795460283756256	0.1532573746358681	0.005660665282315818	6.313164514477313	37.74504637541118	88.98999786376953	False	1.000000	0.064935	0.000000	1.672065	0.000000	0.000000	1.228802	2.418937	0.400533	0.051948	0.000000	0.000000	0	0.000000	0	1.191122	2.374043	0.412279	0.064516	0.000000	0.000000	0	0.000000	0	0	0.000000	1.230661	2.427906	0.399038	0.051948	0.000000	0.000000	0	none	0	none	0	none	none	max(insertion_type_count,local_deletion_type_count)	background	4	AF_coil;hexamer_coil_fraction_ge_0.8;AF_rSASA_ge_0.25;hexamer_rSASA_ge_0.25	False		variable	supports	unresolved_exact_subset_too_small	False	unchanged_or_unresolved
310|311	310	311	HIGH_RISK	A89_C-terminal_RNA-binding_by_similarity;C-terminal_bundle/RNA-binding_transition;near_C-terminal_oligomerization_region	False	0.0	0.226054847240448	0.16968516688193044	0.0	5.67807849740379	40.419516518437064	88.98999786376953	False	0.064935	0.092105	1.672065	2.418937	0.000000	0.000000	1.135480	2.418937	0.416766	0.051948	0.000000	0.000000	0	0.000000	0	1.101143	2.374043	0.428408	0.064516	0.000000	0.000000	0	0.000000	0	0	0.000000	1.134827	2.427906	0.416406	0.051948	0.000000	0.000000	0	none	0	none	0	none	none	max(insertion_type_count,local_deletion_type_count)	background	4	AF_coil;hexamer_coil_fraction_ge_0.8;AF_rSASA_ge_0.25;hexamer_rSASA_ge_0.25	False		variable	supports	unresolved_exact_subset_too_small	False	unchanged_or_unresolved
311|312	311	312	HIGH_RISK	A89_C-terminal_RNA-binding_by_similarity;C-terminal_bundle/RNA-binding_transition;near_C-terminal_oligomerization_region	False	0.0	0.37209364771842957	0.16763355935266777	0.6883943990333311	4.000018279802316	44.47602290850659	88.72000122070312	False	0.092105	0.064935	2.418937	1.174261	0.000000	0.000000	1.326254	2.418937	0.343173	0.051948	0.000000	0.000000	0	0.000000	0	1.289636	2.374043	0.355379	0.064516	0.000000	0.000000	0	0.000000	0	0	0.000000	1.325602	2.427906	0.342813	0.051948	0.000000	0.000000	0	none	0	none	0	none	none	max(insertion_type_count,local_deletion_type_count)	background	5	AF_coil;hexamer_coil_fraction_ge_0.8;hexamer_rSASA_ge_0.25;burial_lt_0.10;interprotomer_distance_gt_4.5A	False		variable	supports	unresolved_exact_subset_too_small	False	unchanged_or_unresolved
312|313	312	313	HIGH_RISK	A89_C-terminal_RNA-binding_by_similarity;C-terminal_bundle/RNA-binding_transition;near_C-terminal_oligomerization_region	False	0.0	0.1666155457496643	0.10971156694476303	0.6883943990333311	4.000018279802316	41.26117951983205	84.7699966430664	False	0.064935	0.064935	1.174261	2.056845	0.000000	0.000000	1.242328	2.418937	0.360489	0.051948	0.000000	0.000000	0	0.000000	0	1.214517	2.374043	0.370164	0.064516	0.000000	0.000000	0	0.000000	0	0	0.000000	1.241675	2.427906	0.360129	0.051948	0.000000	0.000000	0	none	0	none	0	none	none	max(insertion_type_count,local_deletion_type_count)	background	6	AF_coil;hexamer_coil_fraction_ge_0.8;AF_rSASA_ge_0.25;hexamer_rSASA_ge_0.25;burial_lt_0.10;interprotomer_distance_gt_4.5A	False		variable	supports	unresolved_exact_subset_too_small	False	unchanged_or_unresolved
313|314	313	314	HIGH_RISK	C-terminal_bundle/RNA-binding_transition;near_C-terminal_oligomerization_region	False	0.0	0.1666155457496643	0.10971156694476303	0.0	5.663163601693764	41.26117951983205	82.9000015258789	False	0.064935	0.051948	2.056845	1.471619	0.000000	0.000000	1.169640	2.418937	0.426507	0.051948	0.000000	0.000000	0	0.000000	0	1.144000	2.374043	0.436024	0.064516	0.000000	0.000000	0	0.000000	0	0	0.000000	1.169708	2.427906	0.426507	0.051948	0.000000	0.000000	0	none	0	none	0	none	none	max(insertion_type_count,local_deletion_type_count)	background	4	AF_coil;hexamer_coil_fraction_ge_0.8;AF_rSASA_ge_0.25;hexamer_rSASA_ge_0.25	False		variable	supports	unresolved_exact_subset_too_small	False	unchanged_or_unresolved
314|315	314	315	HIGH_RISK	C-terminal_bundle/RNA-binding_transition;near_C-terminal_oligomerization_region	False	0.0	0.4383750855922699	0.2557414027763583	0.6651290805170893	3.1624560487173543	42.95235790534295	82.9000015258789	False	0.051948	0.077922	1.471619	1.191106	0.000000	0.000000	1.088181	2.418937	0.444905	0.051948	0.000000	0.000000	0	0.000000	0	1.066115	2.374043	0.452602	0.064516	0.000000	0.000000	0	0.000000	0	0	0.000000	1.088249	2.427906	0.444905	0.051948	0.000000	0.000000	0	none	0	none	0	none	none	max(insertion_type_count,local_deletion_type_count)	background	4	AF_coil;hexamer_coil_fraction_ge_0.8;burial_lt_0.10;interprotomer_distance_gt_4.5A	False		variable	supports	unresolved_exact_subset_too_small	False	unchanged_or_unresolved
315|316	315	316	EXCLUDE	A89_C-terminal_oligomerization_region_by_similarity	False	0.0	0.4383750855922699	0.11512412201790582	0.8244054930623689	2.7598024784214052	41.52818323815281	82.66999816894531	False	0.077922	0.818182	1.191106	0.684038	0.000000	0.000000	1.088181	2.418937	0.444905	0.051948	0.000000	0.000000	0	0.000000	0	1.066115	2.374043	0.452602	0.064516	0.000000	0.000000	0	0.000000	0	0	0.000000	1.088249	2.427906	0.444905	0.051948	0.000000	0.000000	0	none	0	none	0	none	none	max(insertion_type_count,local_deletion_type_count)	background	5	AF_coil;hexamer_coil_fraction_ge_0.8;hexamer_rSASA_ge_0.25;burial_lt_0.10;interprotomer_distance_gt_4.5A	False		variable	weakens	unresolved_exact_subset_too_small	False	decreased_or_excluded; hard functional feature dominates
316|317	316	317	EXCLUDE	A89_C-terminal_oligomerization_region_by_similarity	False	0.0	0.3065928518772125	0.11512412201790582	0.8244054930623689	2.7598024784214052	40.36147489713557	76.83999633789062	False	0.818182	0.116883	0.684038	2.289297	0.000000	0.000000	1.035100	2.418937	0.479448	0.051948	0.000000	0.000000	0	0.000000	0	1.014473	2.374043	0.486905	0.064516	0.000000	0.000000	0	0.000000	0	0	0.000000	1.035174	2.427906	0.479448	0.051948	0.000000	0.000000	0	none	0	none	0	none	none	max(insertion_type_count,local_deletion_type_count)	background	5	AF_coil;hexamer_coil_fraction_ge_0.8;hexamer_rSASA_ge_0.25;burial_lt_0.10;interprotomer_distance_gt_4.5A	False		variable	weakens	unresolved_exact_subset_too_small	False	decreased_or_excluded; hard functional feature dominates
317|318	317	318	EXCLUDE	A89_C-terminal_oligomerization_region_by_similarity	False	0.0	0.3065928518772125	0.20591478390543985	0.027918431162179992	4.06859155884505	40.36147489713557	76.83999633789062	False	0.116883	1.000000	2.289297	0.000000	0.000000	0.000000	0.896717	2.289297	0.518182	0.051948	0.000000	0.000000	0	0.000000	0	0.878516	2.261913	0.525269	0.064516	0.000000	0.000000	0	0.000000	0	0	0.000000	0.895901	2.289297	0.518182	0.051948	0.000000	0.000000	0	none	0	none	0	none	none	max(insertion_type_count,local_deletion_type_count)	background	4	AF_coil;hexamer_coil_fraction_ge_0.8;hexamer_rSASA_ge_0.25;interprotomer_distance_gt_4.5A	False		variable	weakens	unresolved_exact_subset_too_small	False	decreased_or_excluded; hard functional feature dominates
318|319	318	319	EXCLUDE	A89_C-terminal_oligomerization_region_by_similarity	False	0.0	0.48226284980773926	0.28417382667915875	0.7121850082828299	2.9282190636486796	46.89658313362212	78.31999969482422	False	1.000000	0.987013	0.000000	0.100001	0.000000	0.000000	0.865878	2.289297	0.568543	0.051948	0.000000	0.000000	0	0.000000	0	0.846060	2.261913	0.575269	0.064516	0.000000	0.000000	0	0.000000	0	0	0.000000	0.864972	2.289297	0.568543	0.051948	0.000000	0.000000	0	none	0	none	0	none	none	max(insertion_type_count,local_deletion_type_count)	background	4	AF_coil;hexamer_coil_fraction_ge_0.8;burial_lt_0.10;interprotomer_distance_gt_4.5A	False		variable	weakens	unresolved_exact_subset_too_small	False	decreased_or_excluded; hard functional feature dominates
319|320	319	320	EXCLUDE	A89_C-terminal_oligomerization_region_by_similarity	False	1.0	0.6564633250236511	0.11728750864664712	0.8621641606287841	2.6849363783383278	42.69215074467956	75.95999908447266	False	0.987013	1.000000	0.100001	0.000000	0.000000	0.000000	0.717008	2.289297	0.631494	0.051948	0.000000	0.000000	0	0.000000	0	0.697864	2.261913	0.637769	0.064516	0.000000	0.000000	0	0.000000	0	0	0.000000	0.715323	2.289297	0.631494	0.051948	0.000000	0.000000	0	none	0	none	0	none	none	max(insertion_type_count,local_deletion_type_count)	background	4	AF_coil;hexamer_rSASA_ge_0.25;burial_lt_0.10;interprotomer_distance_gt_4.5A	False		variable	weakens	unresolved_exact_subset_too_small	False	decreased_or_excluded; hard functional feature dominates
320|321	320	321	EXCLUDE	A89_C-terminal_oligomerization_region_by_similarity	True	1.0	0.7241981625556946	0.11728750864664712	0.8621641606287841	2.5539594026673686	42.69215074467956	75.95999908447266	False	1.000000	1.000000	0.000000	0.000000	0.000000	0.000000	0.609206	2.289297	0.714286	0.077922	0.000000	0.000000	0	0.000000	0	0.596670	2.261913	0.719662	0.091398	0.000000	0.000000	0	0.000000	0	0	0.000000	0.609206	2.289297	0.714286	0.077922	0.000000	0.000000	0	none	0	none	0	none	none	max(insertion_type_count,local_deletion_type_count)	background	3	hexamer_rSASA_ge_0.25;burial_lt_0.10;interprotomer_distance_gt_4.5A	False		intermediate	weakens	unresolved_exact_subset_too_small	False	decreased_or_excluded; hard functional feature dominates
