a89_junction	a89_left_residue	a89_left_aa	a89_right_residue	a89_right_aa	eva71_source_junctions	eva71_source_left_positions	mapping_class	mapping_confidence	mapping_note	a89_local_context	eva71_local_context	eva71_alignment_flank_left_same_column	eva71_alignment_flank_right_same_column	eva71_alignment_residues_between_a89_flanks	insertion_design	insertion_length_aa	insertion_raw_log2_enrich2	insertion_relative_fitness_2pow_score	insertion_all_raw_log2_enrich2_for_mapped_sources	insertion_direct_class	deletion_1aa_left_raw_log2_enrich2	deletion_1aa_right_raw_log2_enrich2	deletion_2aa_spanning_raw_log2_enrich2	deletion_3aa_spanning_raw_log2_enrich2_values	deletion_context_best_design	deletion_context_best_raw_log2_enrich2	deletion_context_class	substitution_flank_mean_raw_log2_enrich2	source_identifier
1|2	1	S	2	D	1|2	1	exact_aligned	high	A89 flanking residues align directly to adjacent EV-A71 2C residues	1:S|DSWLKK:7	1:S|ASWLKK:7	1	2	1-2	insertional_handle_SGRPGSLS	8	-5.756200	0.018502	-5.756200	direct_insert_strongly_deleterious	-5.108432	-4.729874	-4.775992	-4.936960	1AAdel_right_residue	-4.729874	deletion_context_strongly_deleterious	-0.986618	Bakhache_2024_NatMicrobiol_Dryad_10.5061_dryad.866t1g1xm_QVEU_eva71_dimple_c99331a6
2|3	2	D	3	S	2|3	2	exact_aligned	high	A89 flanking residues align directly to adjacent EV-A71 2C residues	1:SD|SWLKKF:8	1:SA|SWLKKF:8	2	3	2-3	insertional_handle_SGRPGSLS	8	-5.777753	0.018227	-5.777753	direct_insert_strongly_deleterious	-4.729874	-4.787196	-5.071390	-4.936960;-4.705992	3AAdel_spanning_option_2	-4.705992	deletion_context_strongly_deleterious	-0.164481	Bakhache_2024_NatMicrobiol_Dryad_10.5061_dryad.866t1g1xm_QVEU_eva71_dimple_c99331a6
3|4	3	S	4	W	3|4	3	exact_aligned	high	A89 flanking residues align directly to adjacent EV-A71 2C residues	1:SDS|WLKKFT:9	1:SAS|WLKKFN:9	3	4	3-4	insertional_handle_SGRPGSLS	8	-5.554076	0.021284	-5.554076	direct_insert_strongly_deleterious	-4.787196	-4.669065	-4.917589	-4.705992;-4.857117	1AAdel_right_residue	-4.669065	deletion_context_strongly_deleterious	-2.027367	Bakhache_2024_NatMicrobiol_Dryad_10.5061_dryad.866t1g1xm_QVEU_eva71_dimple_c99331a6
4|5	4	W	5	L	4|5	4	exact_aligned	high	A89 flanking residues align directly to adjacent EV-A71 2C residues	1:SDSW|LKKFTE:10	1:SASW|LKKFND:10	4	5	4-5	insertional_handle_SGRPGSLS	8	-5.674522	0.019579	-5.674522	direct_insert_strongly_deleterious	-4.669065	-4.699932	-4.836119	-4.857117;-4.735756	1AAdel_left_residue	-4.669065	deletion_context_strongly_deleterious	-3.032413	Bakhache_2024_NatMicrobiol_Dryad_10.5061_dryad.866t1g1xm_QVEU_eva71_dimple_c99331a6
5|6	5	L	6	K	5|6	5	exact_aligned	high	A89 flanking residues align directly to adjacent EV-A71 2C residues	1:SDSWL|KKFTEA:11	1:SASWL|KKFNDA:11	5	6	5-6	insertional_handle_SGRPGSLS	8	-5.777753	0.018227	-5.777753	direct_insert_strongly_deleterious	-4.699932	-4.429327	-4.803771	-4.735756;-4.712016	1AAdel_right_residue	-4.429327	deletion_context_strongly_deleterious	-2.920162	Bakhache_2024_NatMicrobiol_Dryad_10.5061_dryad.866t1g1xm_QVEU_eva71_dimple_c99331a6
6|7	6	K	7	K	6|7	6	exact_aligned	high	A89 flanking residues align directly to adjacent EV-A71 2C residues	1:SDSWLK|KFTEAC:12	1:SASWLK|KFNDAA:12	6	7	6-7	insertional_handle_SGRPGSLS	8	-5.882900	0.016946	-5.882900	direct_insert_strongly_deleterious	-4.429327	-4.617607	-5.159624	-4.712016;-4.699932	1AAdel_left_residue	-4.429327	deletion_context_strongly_deleterious	-2.894660	Bakhache_2024_NatMicrobiol_Dryad_10.5061_dryad.866t1g1xm_QVEU_eva71_dimple_c99331a6
7|8	7	K	8	F	7|8	7	exact_aligned	high	A89 flanking residues align directly to adjacent EV-A71 2C residues	2:DSWLKK|FTEACN:13	2:ASWLKK|FNDAAS:13	7	8	7-8	insertional_handle_SGRPGSLS	8	-5.548728	0.021363	-5.548728	direct_insert_strongly_deleterious	-4.617607	-4.637215	-5.041601	-4.699932;-4.792752	1AAdel_left_residue	-4.617607	deletion_context_strongly_deleterious	-2.721815	Bakhache_2024_NatMicrobiol_Dryad_10.5061_dryad.866t1g1xm_QVEU_eva71_dimple_c99331a6
8|9	8	F	9	T	8|9	8	exact_aligned	high	A89 flanking residues align directly to adjacent EV-A71 2C residues	3:SWLKKF|TEACNA:14	3:SWLKKF|NDAASA:14	8	9	8-9	insertional_handle_SGRPGSLS	8	-5.379723	0.024018	-5.379723	direct_insert_strongly_deleterious	-4.637215	-4.753199	-4.941745	-4.792752;-4.912687	1AAdel_left_residue	-4.637215	deletion_context_strongly_deleterious	-2.647802	Bakhache_2024_NatMicrobiol_Dryad_10.5061_dryad.866t1g1xm_QVEU_eva71_dimple_c99331a6
9|10	9	T	10	E	9|10	9	exact_aligned	high	A89 flanking residues align directly to adjacent EV-A71 2C residues	4:WLKKFT|EACNAA:15	4:WLKKFN|DAASAA:15	9	10	9-10	insertional_handle_SGRPGSLS	8	-5.353998	0.024450	-5.353998	direct_insert_strongly_deleterious	-4.753199	-4.955963	-4.862299	-4.912687;-5.282300	1AAdel_left_residue	-4.753199	deletion_context_strongly_deleterious	-2.611800	Bakhache_2024_NatMicrobiol_Dryad_10.5061_dryad.866t1g1xm_QVEU_eva71_dimple_c99331a6
10|11	10	E	11	A	10|11	10	exact_aligned	high	A89 flanking residues align directly to adjacent EV-A71 2C residues	5:LKKFTE|ACNAAR:16	5:LKKFND|AASAAK:16	10	11	10-11	insertional_handle_SGRPGSLS	8	-5.265505	0.025997	-5.265505	direct_insert_strongly_deleterious	-4.955963	-4.922467	-4.951246	-5.282300;-5.148041	1AAdel_right_residue	-4.922467	deletion_context_strongly_deleterious	-2.207803	Bakhache_2024_NatMicrobiol_Dryad_10.5061_dryad.866t1g1xm_QVEU_eva71_dimple_c99331a6
11|12	11	A	12	C	11|12	11	exact_aligned	high	A89 flanking residues align directly to adjacent EV-A71 2C residues	6:KKFTEA|CNAARG:17	6:KKFNDA|ASAAKG:17	11	12	11-12	insertional_handle_SGRPGSLS	8	-5.493618	0.022195	-5.493618	direct_insert_strongly_deleterious	-4.922467	-5.006432	-5.032924	-5.148041;-5.254760	1AAdel_left_residue	-4.922467	deletion_context_strongly_deleterious	-2.036757	Bakhache_2024_NatMicrobiol_Dryad_10.5061_dryad.866t1g1xm_QVEU_eva71_dimple_c99331a6
12|13	12	C	13	N	12|13	12	exact_aligned	high	A89 flanking residues align directly to adjacent EV-A71 2C residues	7:KFTEAC|NAARGL:18	7:KFNDAA|SAAKGL:18	12	13	12-13	insertional_handle_SGRPGSLS	8	-5.504886	0.022022	-5.504886	direct_insert_strongly_deleterious	-5.006432	-4.941745	-4.983807	-5.254760	1AAdel_right_residue	-4.941745	deletion_context_strongly_deleterious	-1.340898	Bakhache_2024_NatMicrobiol_Dryad_10.5061_dryad.866t1g1xm_QVEU_eva71_dimple_c99331a6
13|14	13	N	14	A	13|14	13	exact_aligned	high	A89 flanking residues align directly to adjacent EV-A71 2C residues	8:FTEACN|AARGLE:19	8:FNDAAS|AAKGLE:19	13	14	13-14	insertional_handle_SGRPGSLS	8	-5.487936	0.022283	-5.487936	direct_insert_strongly_deleterious	-4.941745	-4.656447	-5.200983	-5.305791	1AAdel_right_residue	-4.656447	deletion_context_strongly_deleterious	-1.820282	Bakhache_2024_NatMicrobiol_Dryad_10.5061_dryad.866t1g1xm_QVEU_eva71_dimple_c99331a6
14|15	14	A	15	A	14|15	14	exact_aligned	high	A89 flanking residues align directly to adjacent EV-A71 2C residues	9:TEACNA|ARGLEW:20	9:NDAASA|AKGLEW:20	14	15	14-15	insertional_handle_SGRPGSLS	8	-5.847740	0.017364	-5.847740	direct_insert_strongly_deleterious	-4.656447	-4.960658	-5.275486	-5.305791;-5.075574	1AAdel_left_residue	-4.656447	deletion_context_strongly_deleterious	-2.799092	Bakhache_2024_NatMicrobiol_Dryad_10.5061_dryad.866t1g1xm_QVEU_eva71_dimple_c99331a6
15|16	15	A	16	R	15|16	15	exact_aligned	high	A89 flanking residues align directly to adjacent EV-A71 2C residues	10:EACNAA|RGLEWI:21	10:DAASAA|KGLEWI:21	15	16	15-16	insertional_handle_SGRPGSLS	8	-5.191670	0.027362	-5.191670	direct_insert_strongly_deleterious	-4.960658	-4.577197	-5.163455	-5.075574;-4.997444	1AAdel_right_residue	-4.577197	deletion_context_strongly_deleterious	-2.621443	Bakhache_2024_NatMicrobiol_Dryad_10.5061_dryad.866t1g1xm_QVEU_eva71_dimple_c99331a6
16|17	16	R	17	G	16|17	16	exact_aligned	high	A89 flanking residues align directly to adjacent EV-A71 2C residues	11:ACNAAR|GLEWIG:22	11:AASAAK|GLEWIS:22	16	17	16-17	insertional_handle_SGRPGSLS	8	-5.580393	0.020899	-5.580393	direct_insert_strongly_deleterious	-4.577197	-4.969982	-4.992919	-4.997444;-4.927321	1AAdel_left_residue	-4.577197	deletion_context_strongly_deleterious	-3.027950	Bakhache_2024_NatMicrobiol_Dryad_10.5061_dryad.866t1g1xm_QVEU_eva71_dimple_c99331a6
17|18	17	G	18	L	17|18	17	exact_aligned	high	A89 flanking residues align directly to adjacent EV-A71 2C residues	12:CNAARG|LEWIGQ:23	12:ASAAKG|LEWISN:23	17	18	17-18	insertional_handle_SGRPGSLS	8	-5.660236	0.019774	-5.660236	direct_insert_strongly_deleterious	-4.969982	-4.787196	-4.758946	-4.927321;-4.974612	2AAdel_spanning_junction	-4.758946	deletion_context_strongly_deleterious	-2.745790	Bakhache_2024_NatMicrobiol_Dryad_10.5061_dryad.866t1g1xm_QVEU_eva71_dimple_c99331a6
18|19	18	L	19	E	18|19	18	exact_aligned	high	A89 flanking residues align directly to adjacent EV-A71 2C residues	13:NAARGL|EWIGQK:24	13:SAAKGL|EWISNK:24	18	19	18-19	insertional_handle_SGRPGSLS	8	-5.886731	0.016901	-5.886731	direct_insert_strongly_deleterious	-4.787196	-5.167272	-5.075574	-4.974612;-4.597606	3AAdel_spanning_option_2	-4.597606	deletion_context_strongly_deleterious	-2.843176	Bakhache_2024_NatMicrobiol_Dryad_10.5061_dryad.866t1g1xm_QVEU_eva71_dimple_c99331a6
19|20	19	E	20	W	19|20	19	exact_aligned	high	A89 flanking residues align directly to adjacent EV-A71 2C residues	14:AARGLE|WIGQKI:25	14:AAKGLE|WISNKI:25	19	20	19-20	insertional_handle_SGRPGSLS	8	-5.482222	0.022371	-5.482222	direct_insert_strongly_deleterious	-5.167272	-4.577197	-5.028557	-4.597606;-4.941745	1AAdel_right_residue	-4.577197	deletion_context_strongly_deleterious	-2.863488	Bakhache_2024_NatMicrobiol_Dryad_10.5061_dryad.866t1g1xm_QVEU_eva71_dimple_c99331a6
20|21	20	W	21	I	20|21	20	exact_aligned	high	A89 flanking residues align directly to adjacent EV-A71 2C residues	15:ARGLEW|IGQKIS:26	15:AKGLEW|ISNKIS:26	20	21	20-21	insertional_handle_SGRPGSLS	8	-5.379723	0.024018	-5.379723	direct_insert_strongly_deleterious	-4.577197	-4.764660	-4.825452	-4.941745;-4.846673	1AAdel_left_residue	-4.577197	deletion_context_strongly_deleterious	-2.558441	Bakhache_2024_NatMicrobiol_Dryad_10.5061_dryad.866t1g1xm_QVEU_eva71_dimple_c99331a6
21|22	21	I	22	G	21|22	21	exact_aligned	high	A89 flanking residues align directly to adjacent EV-A71 2C residues	16:RGLEWI|GQKISK:27	16:KGLEWI|SNKISK:27	21	22	21-22	insertional_handle_SGRPGSLS	8	-5.794666	0.018015	-5.794666	direct_insert_strongly_deleterious	-4.764660	-4.735756	-4.741604	-4.846673;-5.015341	1AAdel_right_residue	-4.735756	deletion_context_strongly_deleterious	-2.554944	Bakhache_2024_NatMicrobiol_Dryad_10.5061_dryad.866t1g1xm_QVEU_eva71_dimple_c99331a6
22|23	22	G	23	Q	22|23	22	exact_aligned	high	A89 flanking residues align directly to adjacent EV-A71 2C residues	17:GLEWIG|QKISKF:28	17:GLEWIS|NKISKF:28	22	23	22-23	insertional_handle_SGRPGSLS	8	-5.688607	0.019389	-5.688607	direct_insert_strongly_deleterious	-4.735756	-4.927321	-5.112464	-5.015341;-5.096236	1AAdel_left_residue	-4.735756	deletion_context_strongly_deleterious	-0.658963	Bakhache_2024_NatMicrobiol_Dryad_10.5061_dryad.866t1g1xm_QVEU_eva71_dimple_c99331a6
23|24	23	Q	24	K	23|24	23	exact_aligned	high	A89 flanking residues align directly to adjacent EV-A71 2C residues	18:LEWIGQ|KISKFI:29	18:LEWISN|KISKFI:29	23	24	23-24	insertional_handle_SGRPGSLS	8	-5.575185	0.020975	-5.575185	direct_insert_strongly_deleterious	-4.927321	-4.758946	-5.237154	-5.096236;-5.230023	1AAdel_right_residue	-4.758946	deletion_context_strongly_deleterious	-1.223994	Bakhache_2024_NatMicrobiol_Dryad_10.5061_dryad.866t1g1xm_QVEU_eva71_dimple_c99331a6
24|25	24	K	25	I	24|25	24	exact_aligned	high	A89 flanking residues align directly to adjacent EV-A71 2C residues	19:EWIGQK|ISKFID:30	19:EWISNK|ISKFID:30	24	25	24-25	insertional_handle_SGRPGSLS	8	-5.747447	0.018614	-5.747447	direct_insert_strongly_deleterious	-4.758946	-4.699932	-5.159624	-5.230023;-4.997444	1AAdel_right_residue	-4.699932	deletion_context_strongly_deleterious	-2.793012	Bakhache_2024_NatMicrobiol_Dryad_10.5061_dryad.866t1g1xm_QVEU_eva71_dimple_c99331a6
25|26	25	I	26	S	25|26	25	exact_aligned	high	A89 flanking residues align directly to adjacent EV-A71 2C residues	20:WIGQKI|SKFIDW:31	20:WISNKI|SKFIDW:31	25	26	25-26	insertional_handle_SGRPGSLS	8	-5.655428	0.019840	-5.655428	direct_insert_strongly_deleterious	-4.699932	-4.781610	-5.067189	-4.997444;-5.104383	1AAdel_left_residue	-4.699932	deletion_context_strongly_deleterious	-0.864457	Bakhache_2024_NatMicrobiol_Dryad_10.5061_dryad.866t1g1xm_QVEU_eva71_dimple_c99331a6
26|27	26	S	27	K	26|27	26	exact_aligned	high	A89 flanking residues align directly to adjacent EV-A71 2C residues	21:IGQKIS|KFIDWI:32	21:ISNKIS|KFIDWL:32	26	27	26-27	insertional_handle_SGRPGSLS	8	-5.953299	0.016139	-5.953299	direct_insert_strongly_deleterious	-4.781610	-4.877683	-5.062969	-5.104383;-4.907761	1AAdel_left_residue	-4.781610	deletion_context_strongly_deleterious	-1.402942	Bakhache_2024_NatMicrobiol_Dryad_10.5061_dryad.866t1g1xm_QVEU_eva71_dimple_c99331a6
27|28	27	K	28	F	27|28	27	exact_aligned	high	A89 flanking residues align directly to adjacent EV-A71 2C residues	22:GQKISK|FIDWIK:33	22:SNKISK|FIDWLK:33	27	28	27-28	insertional_handle_SGRPGSLS	8	-5.819512	0.017707	-5.819512	direct_insert_strongly_deleterious	-4.877683	-4.846673	-5.219232	-4.907761;-4.997444	1AAdel_right_residue	-4.846673	deletion_context_strongly_deleterious	-3.041257	Bakhache_2024_NatMicrobiol_Dryad_10.5061_dryad.866t1g1xm_QVEU_eva71_dimple_c99331a6
28|29	28	F	29	I	28|29	28	exact_aligned	high	A89 flanking residues align directly to adjacent EV-A71 2C residues	23:QKISKF|IDWIKS:34	23:NKISKF|IDWLKE:34	28	29	28-29	insertional_handle_SGRPGSLS	8	-5.725224	0.018903	-5.725224	direct_insert_strongly_deleterious	-4.846673	-4.907761	-5.312403	-4.997444;-4.662776	3AAdel_spanning_option_2	-4.662776	deletion_context_strongly_deleterious	-2.640469	Bakhache_2024_NatMicrobiol_Dryad_10.5061_dryad.866t1g1xm_QVEU_eva71_dimple_c99331a6
29|30	29	I	30	D	29|30	29	exact_aligned	high	A89 flanking residues align directly to adjacent EV-A71 2C residues	24:KISKFI|DWIKSM:35	24:KISKFI|DWLKEK:35	29	30	29-30	insertional_handle_SGRPGSLS	8	-5.688607	0.019389	-5.688607	direct_insert_strongly_deleterious	-4.907761	-4.656447	-5.163455	-4.662776;-5.112464	1AAdel_right_residue	-4.656447	deletion_context_strongly_deleterious	-0.720188	Bakhache_2024_NatMicrobiol_Dryad_10.5061_dryad.866t1g1xm_QVEU_eva71_dimple_c99331a6
30|31	30	D	31	W	30|31	30	exact_aligned	high	A89 flanking residues align directly to adjacent EV-A71 2C residues	25:ISKFID|WIKSML:36	25:ISKFID|WLKEKI:36	30	31	30-31	insertional_handle_SGRPGSLS	8	-5.794666	0.018015	-5.794666	direct_insert_strongly_deleterious	-4.656447	-5.001948	-5.140243	-5.112464;-4.729874	1AAdel_left_residue	-4.656447	deletion_context_strongly_deleterious	-1.010330	Bakhache_2024_NatMicrobiol_Dryad_10.5061_dryad.866t1g1xm_QVEU_eva71_dimple_c99331a6
31|32	31	W	32	I	31|32	31	exact_aligned	high	A89 flanking residues align directly to adjacent EV-A71 2C residues	26:SKFIDW|IKSMLP:37	26:SKFIDW|LKEKII:37	31	32	31-32	insertional_handle_SGRPGSLS	8	-5.747447	0.018614	-5.747447	direct_insert_strongly_deleterious	-5.001948	-4.681526	-4.380337	-4.729874;-5.037272	2AAdel_spanning_junction	-4.380337	deletion_context_strongly_deleterious	-2.607140	Bakhache_2024_NatMicrobiol_Dryad_10.5061_dryad.866t1g1xm_QVEU_eva71_dimple_c99331a6
32|33	32	I	33	K	32|33	32	exact_aligned	high	A89 flanking residues align directly to adjacent EV-A71 2C residues	27:KFIDWI|KSMLPQ:38	27:KFIDWL|KEKIIP:38	32	33	32-33	insertional_handle_SGRPGSLS	8	-5.606036	0.020531	-5.606036	direct_insert_strongly_deleterious	-4.681526	-5.427436	-4.841410	-5.037272;-5.305791	1AAdel_left_residue	-4.681526	deletion_context_strongly_deleterious	-2.108086	Bakhache_2024_NatMicrobiol_Dryad_10.5061_dryad.866t1g1xm_QVEU_eva71_dimple_c99331a6
33|34	33	K	34	S	33|34	33	exact_aligned	high	A89 flanking residues align directly to adjacent EV-A71 2C residues	28:FIDWIK|SMLPQA:39	28:FIDWLK|EKIIPA:39	33	34	33-34	insertional_handle_SGRPGSLS	8	-5.674522	0.019579	-5.674522	direct_insert_strongly_deleterious	-5.427436	-5.116480	-5.041601	-5.305791;-5.140243	2AAdel_spanning_junction	-5.041601	deletion_context_strongly_deleterious	-0.841134	Bakhache_2024_NatMicrobiol_Dryad_10.5061_dryad.866t1g1xm_QVEU_eva71_dimple_c99331a6
34|35	34	S	35	M	34|35;35|36	34-35	ambiguous	low	A89 junction spans multiple EV-A71 residues/junctions in the sequence alignment	29:IDWIKS|MLPQAQ:40		34	36	34-36	insertional_handle_SGRPGSLS	8	-5.476475	0.022460	-5.476475;-5.716195	direct_insert_strongly_deleterious							no_direct_deletion_context		Bakhache_2024_NatMicrobiol_Dryad_10.5061_dryad.866t1g1xm_QVEU_eva71_dimple_c99331a6
35|36	35	M	36	L	36|37	36	exact_aligned	high	A89 flanking residues align directly to adjacent EV-A71 2C residues	30:DWIKSM|LPQAQL:41	31:WLKEKI|IPAAKE:42	36	37	36-37	insertional_handle_SGRPGSLS	8	-5.476475	0.022460	-5.476475	direct_insert_strongly_deleterious	-4.825452	-4.872581	-5.140243	-5.258244;-5.001948	1AAdel_left_residue	-4.825452	deletion_context_strongly_deleterious	-1.968107	Bakhache_2024_NatMicrobiol_Dryad_10.5061_dryad.866t1g1xm_QVEU_eva71_dimple_c99331a6
36|37	36	L	37	P	37|38	37	exact_aligned	high	A89 flanking residues align directly to adjacent EV-A71 2C residues	31:WIKSML|PQAQLK:42	32:LKEKII|PAAKEK:43	37	38	37-38	insertional_handle_SGRPGSLS	8	-5.386052	0.023913	-5.386052	direct_insert_strongly_deleterious	-4.872581	-4.922467	-5.050203	-5.001948;-4.650077	3AAdel_spanning_option_2	-4.650077	deletion_context_strongly_deleterious	-2.769747	Bakhache_2024_NatMicrobiol_Dryad_10.5061_dryad.866t1g1xm_QVEU_eva71_dimple_c99331a6
37|38	37	P	38	Q	38|39	38	exact_aligned	high	A89 flanking residues align directly to adjacent EV-A71 2C residues	32:IKSMLP|QAQLKI:43	33:KEKIIP|AAKEKV:44	38	39	38-39	insertional_handle_SGRPGSLS	8	-5.373353	0.024125	-5.373353	direct_insert_strongly_deleterious	-4.922467	-4.057165	-3.934312	-4.650077;-4.380337	2AAdel_spanning_junction	-3.934312	deletion_context_strongly_deleterious	-2.195853	Bakhache_2024_NatMicrobiol_Dryad_10.5061_dryad.866t1g1xm_QVEU_eva71_dimple_c99331a6
38|39	38	Q	39	A	39|40	39	exact_aligned	high	A89 flanking residues align directly to adjacent EV-A71 2C residues	33:KSMLPQ|AQLKID:44	34:EKIIPA|AKEKVE:45	39	40	39-40	insertional_handle_SGRPGSLS	8	-5.453150	0.022826	-5.453150	direct_insert_strongly_deleterious	-4.057165	-4.363459	-4.452950	-4.380337;-4.675315	1AAdel_left_residue	-4.057165	deletion_context_strongly_deleterious	-1.204143	Bakhache_2024_NatMicrobiol_Dryad_10.5061_dryad.866t1g1xm_QVEU_eva71_dimple_c99331a6
39|40	39	A	40	Q	40|41	40	exact_aligned	high	A89 flanking residues align directly to adjacent EV-A71 2C residues	34:SMLPQA|QLKIDY:45	35:KIIPAA|KEKVEF:46	40	41	40-41	insertional_handle_SGRPGSLS	8	-5.360491	0.024341	-5.360491	direct_insert_strongly_deleterious	-4.363459	-5.028557	-4.775992	-4.675315;-4.328824	3AAdel_spanning_option_2	-4.328824	deletion_context_strongly_deleterious	-1.465444	Bakhache_2024_NatMicrobiol_Dryad_10.5061_dryad.866t1g1xm_QVEU_eva71_dimple_c99331a6
40|41	40	Q	41	L	41|42	41	exact_aligned	high	A89 flanking residues align directly to adjacent EV-A71 2C residues	35:MLPQAQ|LKIDYL:46	36:IIPAAK|EKVEFL:47	41	42	41-42	insertional_handle_SGRPGSLS	8	-5.764877	0.018391	-5.764877	direct_insert_strongly_deleterious	-5.028557	-4.825452	-4.841410	-4.328824;-5.208323	3AAdel_spanning_option_1	-4.328824	deletion_context_strongly_deleterious	-2.064628	Bakhache_2024_NatMicrobiol_Dryad_10.5061_dryad.866t1g1xm_QVEU_eva71_dimple_c99331a6
41|42	41	L	42	K	42|43	42	exact_aligned	high	A89 flanking residues align directly to adjacent EV-A71 2C residues	36:LPQAQL|KIDYLT:47	37:IPAAKE|KVEFLN:48	42	43	42-43	insertional_handle_SGRPGSLS	8	-5.697888	0.019265	-5.697888	direct_insert_strongly_deleterious	-4.825452	-5.032924	-5.189872	-5.208323;-4.803771	3AAdel_spanning_option_2	-4.803771	deletion_context_strongly_deleterious	-2.955119	Bakhache_2024_NatMicrobiol_Dryad_10.5061_dryad.866t1g1xm_QVEU_eva71_dimple_c99331a6
42|43	42	K	43	I	43|44	43	exact_aligned	high	A89 flanking residues align directly to adjacent EV-A71 2C residues	37:PQAQLK|IDYLTK:48	38:PAAKEK|VEFLNN:49	43	44	43-44	insertional_handle_SGRPGSLS	8	-5.272597	0.025870	-5.272597	direct_insert_strongly_deleterious	-5.032924	-4.862299	-5.015341	-4.803771;-5.088023	3AAdel_spanning_option_1	-4.803771	deletion_context_strongly_deleterious	-2.226254	Bakhache_2024_NatMicrobiol_Dryad_10.5061_dryad.866t1g1xm_QVEU_eva71_dimple_c99331a6
43|44	43	I	44	D	44|45	44	exact_aligned	high	A89 flanking residues align directly to adjacent EV-A71 2C residues	38:QAQLKI|DYLTKL:49	39:AAKEKV|EFLNNL:50	44	45	44-45	insertional_handle_SGRPGSLS	8	-5.635963	0.020110	-5.635963	direct_insert_strongly_deleterious	-4.862299	-4.693834	-4.941745	-5.088023;-4.770342	1AAdel_right_residue	-4.693834	deletion_context_strongly_deleterious	-1.610002	Bakhache_2024_NatMicrobiol_Dryad_10.5061_dryad.866t1g1xm_QVEU_eva71_dimple_c99331a6
44|45	44	D	45	Y	45|46	45	exact_aligned	high	A89 flanking residues align directly to adjacent EV-A71 2C residues	39:AQLKID|YLTKLK:50	40:AKEKVE|FLNNLK:51	45	46	45-46	insertional_handle_SGRPGSLS	8	-5.595858	0.020677	-5.595858	direct_insert_strongly_deleterious	-4.693834	-4.604317	-5.215609	-4.770342;-4.630722	1AAdel_right_residue	-4.604317	deletion_context_strongly_deleterious	-2.487443	Bakhache_2024_NatMicrobiol_Dryad_10.5061_dryad.866t1g1xm_QVEU_eva71_dimple_c99331a6
45|46	45	Y	46	L	46|47	46	exact_aligned	high	A89 flanking residues align directly to adjacent EV-A71 2C residues	40:QLKIDY|LTKLKQ:51	41:KEKVEF|LNNLKQ:52	46	47	46-47	insertional_handle_SGRPGSLS	8	-5.340883	0.024674	-5.340883	direct_insert_strongly_deleterious	-4.604317	-4.781610	-4.687699	-4.630722;-4.897835	1AAdel_left_residue	-4.604317	deletion_context_strongly_deleterious	-2.910966	Bakhache_2024_NatMicrobiol_Dryad_10.5061_dryad.866t1g1xm_QVEU_eva71_dimple_c99331a6
46|47	46	L	47	T	47|48	47	exact_aligned	high	A89 flanking residues align directly to adjacent EV-A71 2C residues	41:LKIDYL|TKLKQL:52	42:EKVEFL|NNLKQL:53	47	48	47-48	insertional_handle_SGRPGSLS	8	-5.559395	0.021206	-5.559395	direct_insert_strongly_deleterious	-4.781610	-4.846673	-5.148041	-4.897835;-4.851909	1AAdel_left_residue	-4.781610	deletion_context_strongly_deleterious	-1.916436	Bakhache_2024_NatMicrobiol_Dryad_10.5061_dryad.866t1g1xm_QVEU_eva71_dimple_c99331a6
47|48	47	T	48	K	48|49	48	exact_aligned	high	A89 flanking residues align directly to adjacent EV-A71 2C residues	42:KIDYLT|KLKQLN:53	43:KVEFLN|NLKQLP:54	48	49	48-49	insertional_handle_SGRPGSLS	8	-5.600960	0.020604	-5.600960	direct_insert_strongly_deleterious	-4.846673	-5.019766	-5.328743	-4.851909;-4.941745	1AAdel_left_residue	-4.846673	deletion_context_strongly_deleterious	-1.403621	Bakhache_2024_NatMicrobiol_Dryad_10.5061_dryad.866t1g1xm_QVEU_eva71_dimple_c99331a6
48|49	48	K	49	L	49|50	49	exact_aligned	high	A89 flanking residues align directly to adjacent EV-A71 2C residues	43:IDYLTK|LKQLNL:54	44:VEFLNN|LKQLPL:55	49	50	49-50	insertional_handle_SGRPGSLS	8	-5.747447	0.018614	-5.747447	direct_insert_strongly_deleterious	-5.019766	-5.219232	-5.124464	-4.941745;-4.820076	3AAdel_spanning_option_2	-4.820076	deletion_context_strongly_deleterious	-2.180679	Bakhache_2024_NatMicrobiol_Dryad_10.5061_dryad.866t1g1xm_QVEU_eva71_dimple_c99331a6
49|50	49	L	50	K	50|51	50	exact_aligned	high	A89 flanking residues align directly to adjacent EV-A71 2C residues	44:DYLTKL|KQLNLL:55	45:EFLNNL|KQLPLL:56	50	51	50-51	insertional_handle_SGRPGSLS	8	-5.595858	0.020677	-5.595858	direct_insert_strongly_deleterious	-5.219232	-4.476028	-5.037272	-4.820076;-4.718004	1AAdel_right_residue	-4.476028	deletion_context_strongly_deleterious	-2.479930	Bakhache_2024_NatMicrobiol_Dryad_10.5061_dryad.866t1g1xm_QVEU_eva71_dimple_c99331a6
50|51	50	K	51	Q	51|52	51	exact_aligned	high	A89 flanking residues align directly to adjacent EV-A71 2C residues	45:YLTKLK|QLNLLE:56	46:FLNNLK|QLPLLE:57	51	52	51-52	insertional_handle_SGRPGSLS	8	-5.559395	0.021206	-5.559395	direct_insert_strongly_deleterious	-4.476028	-4.437263	-5.178636	-4.718004;-4.922467	1AAdel_right_residue	-4.437263	deletion_context_strongly_deleterious	-1.819115	Bakhache_2024_NatMicrobiol_Dryad_10.5061_dryad.866t1g1xm_QVEU_eva71_dimple_c99331a6
51|52	51	Q	52	L	52|53	52	exact_aligned	high	A89 flanking residues align directly to adjacent EV-A71 2C residues	46:LTKLKQ|LNLLEK:57	47:LNNLKQ|LPLLEN:58	52	53	52-53	insertional_handle_SGRPGSLS	8	-5.300473	0.025375	-5.300473	direct_insert_strongly_deleterious	-4.437263	-4.337596	-4.556363	-4.922467;-4.527891	1AAdel_right_residue	-4.337596	deletion_context_strongly_deleterious	-1.962244	Bakhache_2024_NatMicrobiol_Dryad_10.5061_dryad.866t1g1xm_QVEU_eva71_dimple_c99331a6
52|53	52	L	53	N	53|54	53	exact_aligned	high	A89 flanking residues align directly to adjacent EV-A71 2C residues	47:TKLKQL|NLLEKQ:58	48:NNLKQL|PLLENQ:59	53	54	53-54	insertional_handle_SGRPGSLS	8	-5.764877	0.018391	-5.764877	direct_insert_strongly_deleterious	-4.337596	-4.650077	-4.505993	-4.527891;-4.498585	1AAdel_left_residue	-4.337596	deletion_context_strongly_deleterious	-2.042979	Bakhache_2024_NatMicrobiol_Dryad_10.5061_dryad.866t1g1xm_QVEU_eva71_dimple_c99331a6
53|54	53	N	54	L	54|55	54	exact_aligned	high	A89 flanking residues align directly to adjacent EV-A71 2C residues	48:KLKQLN|LLEKQI:59	49:NLKQLP|LLENQI:60	54	55	54-55	insertional_handle_SGRPGSLS	8	-5.595858	0.020677	-5.595858	direct_insert_strongly_deleterious	-4.650077	-4.809236	-4.798277	-4.498585;-4.705992	3AAdel_spanning_option_1	-4.498585	deletion_context_strongly_deleterious	-2.275945	Bakhache_2024_NatMicrobiol_Dryad_10.5061_dryad.866t1g1xm_QVEU_eva71_dimple_c99331a6
54|55	54	L	55	L	55|56	55	exact_aligned	high	A89 flanking residues align directly to adjacent EV-A71 2C residues	49:LKQLNL|LEKQIE:60	50:LKQLPL|LENQIS:61	55	56	55-56	insertional_handle_SGRPGSLS	8	-5.621111	0.020318	-5.621111	direct_insert_strongly_deleterious	-4.809236	-5.075574	-5.050203	-4.705992;-4.841410	3AAdel_spanning_option_1	-4.705992	deletion_context_strongly_deleterious	-3.024841	Bakhache_2024_NatMicrobiol_Dryad_10.5061_dryad.866t1g1xm_QVEU_eva71_dimple_c99331a6
55|56	55	L	56	E	56|57	56	exact_aligned	high	A89 flanking residues align directly to adjacent EV-A71 2C residues	50:KQLNLL|EKQIET:61	51:KQLPLL|ENQISN:62	56	57	56-57	insertional_handle_SGRPGSLS	8	-5.575185	0.020975	-5.575185	direct_insert_strongly_deleterious	-5.075574	-4.637215	-4.983807	-4.841410;-4.979220	1AAdel_right_residue	-4.637215	deletion_context_strongly_deleterious	-2.895968	Bakhache_2024_NatMicrobiol_Dryad_10.5061_dryad.866t1g1xm_QVEU_eva71_dimple_c99331a6
56|57	56	E	57	K	57|58	57	exact_aligned	high	A89 flanking residues align directly to adjacent EV-A71 2C residues	51:QLNLLE|KQIETI:62	52:QLPLLE|NQISNL:63	57	58	57-58	insertional_handle_SGRPGSLS	8	-5.585575	0.020824	-5.585575	direct_insert_strongly_deleterious	-4.637215	-4.630722	-5.148041	-4.979220;-4.892835	1AAdel_right_residue	-4.630722	deletion_context_strongly_deleterious	-2.926318	Bakhache_2024_NatMicrobiol_Dryad_10.5061_dryad.866t1g1xm_QVEU_eva71_dimple_c99331a6
57|58	57	K	58	Q	58|59	58	exact_aligned	high	A89 flanking residues align directly to adjacent EV-A71 2C residues	52:LNLLEK|QIETIR:63	53:LPLLEN|QISNLE:64	58	59	58-59	insertional_handle_SGRPGSLS	8	-5.743042	0.018671	-5.743042	direct_insert_strongly_deleterious	-4.630722	-4.513346	-5.265176	-4.892835;-5.045911	1AAdel_right_residue	-4.513346	deletion_context_strongly_deleterious	-3.022582	Bakhache_2024_NatMicrobiol_Dryad_10.5061_dryad.866t1g1xm_QVEU_eva71_dimple_c99331a6
58|59	58	Q	59	I	59|60	59	exact_aligned	high	A89 flanking residues align directly to adjacent EV-A71 2C residues	53:NLLEKQ|IETIRL:64	54:PLLENQ|ISNLEQ:65	59	60	59-60	insertional_handle_SGRPGSLS	8	-5.782008	0.018174	-5.782008	direct_insert_strongly_deleterious	-4.513346	-4.753199	-5.261716	-5.045911;-4.669065	1AAdel_left_residue	-4.513346	deletion_context_strongly_deleterious	-2.456179	Bakhache_2024_NatMicrobiol_Dryad_10.5061_dryad.866t1g1xm_QVEU_eva71_dimple_c99331a6
59|60	59	I	60	E	60|61	60	exact_aligned	high	A89 flanking residues align directly to adjacent EV-A71 2C residues	54:LLEKQI|ETIRLA:65	55:LLENQI|SNLEQS:66	60	61	60-61	insertional_handle_SGRPGSLS	8	-5.909417	0.016638	-5.909417	direct_insert_strongly_deleterious	-4.753199	-4.787196	-5.309102	-4.669065;-4.846673	3AAdel_spanning_option_1	-4.669065	deletion_context_strongly_deleterious	-1.127220	Bakhache_2024_NatMicrobiol_Dryad_10.5061_dryad.866t1g1xm_QVEU_eva71_dimple_c99331a6
60|61	60	E	61	T	61|62	61	exact_aligned	high	A89 flanking residues align directly to adjacent EV-A71 2C residues	55:LEKQIE|TIRLAP:66	56:LENQIS|NLEQSA:67	61	62	61-62	insertional_handle_SGRPGSLS	8	-5.720720	0.018962	-5.720720	direct_insert_strongly_deleterious	-4.787196	-4.662776	-4.836119	-4.846673;-3.972778	3AAdel_spanning_option_2	-3.972778	deletion_context_strongly_deleterious	-0.572521	Bakhache_2024_NatMicrobiol_Dryad_10.5061_dryad.866t1g1xm_QVEU_eva71_dimple_c99331a6
61|62	61	T	62	I	62|63	62	exact_aligned	high	A89 flanking residues align directly to adjacent EV-A71 2C residues	56:EKQIET|IRLAPA:67	57:ENQISN|LEQSAA:68	62	63	62-63	insertional_handle_SGRPGSLS	8	-5.564686	0.021128	-5.564686	direct_insert_strongly_deleterious	-4.662776	-3.166554	-4.758946	-3.972778;-4.969982	1AAdel_right_residue	-3.166554	deletion_context_strongly_deleterious	-1.448404	Bakhache_2024_NatMicrobiol_Dryad_10.5061_dryad.866t1g1xm_QVEU_eva71_dimple_c99331a6
62|63	62	I	63	R	63|64	63	exact_aligned	high	A89 flanking residues align directly to adjacent EV-A71 2C residues	57:KQIETI|RLAPAS:68	58:NQISNL|EQSAAS:69	63	64	63-64	insertional_handle_SGRPGSLS	8	-5.236622	0.026523	-5.236622	direct_insert_strongly_deleterious	-3.166554	-4.951246	-4.468394	-4.969982;-4.712016	1AAdel_left_residue	-3.166554	deletion_context_strongly_deleterious	-2.026288	Bakhache_2024_NatMicrobiol_Dryad_10.5061_dryad.866t1g1xm_QVEU_eva71_dimple_c99331a6
63|64	63	R	64	L	64|65	64	exact_aligned	high	A89 flanking residues align directly to adjacent EV-A71 2C residues	58:QIETIR|LAPASV:69	59:QISNLE|QSAASQ:70	64	65	64-65	insertional_handle_SGRPGSLS	8	-5.554076	0.021284	-5.554076	direct_insert_strongly_deleterious	-4.951246	-4.803771	-5.006432	-4.712016;-4.662776	3AAdel_spanning_option_2	-4.662776	deletion_context_strongly_deleterious	-2.254790	Bakhache_2024_NatMicrobiol_Dryad_10.5061_dryad.866t1g1xm_QVEU_eva71_dimple_c99331a6
64|65	64	L	65	A	65|66	65	exact_aligned	high	A89 flanking residues align directly to adjacent EV-A71 2C residues	59:IETIRL|APASVQ:70	60:ISNLEQ|SAASQE:71	65	66	65-66	insertional_handle_SGRPGSLS	8	-5.564686	0.021128	-5.564686	direct_insert_strongly_deleterious	-4.803771	-4.556363	-4.798277	-4.662776;-4.630722	1AAdel_right_residue	-4.556363	deletion_context_strongly_deleterious	-2.754910	Bakhache_2024_NatMicrobiol_Dryad_10.5061_dryad.866t1g1xm_QVEU_eva71_dimple_c99331a6
65|66	65	A	66	P	66|67	66	exact_aligned	high	A89 flanking residues align directly to adjacent EV-A71 2C residues	60:ETIRLA|PASVQE:71	61:SNLEQS|AASQED:72	66	67	66-67	insertional_handle_SGRPGSLS	8	-5.786245	0.018120	-5.786245	direct_insert_strongly_deleterious	-4.556363	-4.197179	-4.643667	-4.630722;-4.166564	3AAdel_spanning_option_2	-4.166564	deletion_context_strongly_deleterious	-2.725448	Bakhache_2024_NatMicrobiol_Dryad_10.5061_dryad.866t1g1xm_QVEU_eva71_dimple_c99331a6
66|67	66	P	67	A	67|68	67	exact_aligned	high	A89 flanking residues align directly to adjacent EV-A71 2C residues	61:TIRLAP|ASVQEK:72	62:NLEQSA|ASQEDL:73	67	68	67-68	insertional_handle_SGRPGSLS	8	-5.510472	0.021937	-5.510472	direct_insert_strongly_deleterious	-4.197179	-4.421327	-4.145621	-4.166564;-4.337596	2AAdel_spanning_junction	-4.145621	deletion_context_strongly_deleterious	-2.945028	Bakhache_2024_NatMicrobiol_Dryad_10.5061_dryad.866t1g1xm_QVEU_eva71_dimple_c99331a6
67|68	67	A	68	S	68|69	68	exact_aligned	high	A89 flanking residues align directly to adjacent EV-A71 2C residues	62:IRLAPA|SVQEKI:73	63:LEQSAA|SQEDLE:74	68	69	68-69	insertional_handle_SGRPGSLS	8	-5.764877	0.018391	-5.764877	direct_insert_strongly_deleterious	-4.421327	-4.637215	-4.527891	-4.337596;-4.328824	3AAdel_spanning_option_2	-4.328824	deletion_context_strongly_deleterious	-2.331018	Bakhache_2024_NatMicrobiol_Dryad_10.5061_dryad.866t1g1xm_QVEU_eva71_dimple_c99331a6
68|69	68	S	69	V	69|70	69	exact_aligned	high	A89 flanking residues align directly to adjacent EV-A71 2C residues	63:RLAPAS|VQEKIF:74	64:EQSAAS|QEDLEA:75	69	70	69-70	insertional_handle_SGRPGSLS	8	-5.645743	0.019974	-5.645743	direct_insert_strongly_deleterious	-4.637215	-4.699932	-4.877683	-4.328824;-5.015341	3AAdel_spanning_option_1	-4.328824	deletion_context_strongly_deleterious	-2.355305	Bakhache_2024_NatMicrobiol_Dryad_10.5061_dryad.866t1g1xm_QVEU_eva71_dimple_c99331a6
69|70	69	V	70	Q	70|71	70	exact_aligned	high	A89 flanking residues align directly to adjacent EV-A71 2C residues	64:LAPASV|QEKIFI:75	65:QSAASQ|EDLEAM:76	70	71	70-71	insertional_handle_SGRPGSLS	8	-5.660236	0.019774	-5.660236	direct_insert_strongly_deleterious	-4.699932	-4.498585	-5.092138	-5.015341;-5.159624	1AAdel_right_residue	-4.498585	deletion_context_strongly_deleterious	-2.028029	Bakhache_2024_NatMicrobiol_Dryad_10.5061_dryad.866t1g1xm_QVEU_eva71_dimple_c99331a6
70|71	70	Q	71	E	71|72;72|73;73|74	71-73	ambiguous	low	A89 junction spans multiple EV-A71 residues/junctions in the sequence alignment	65:APASVQ|EKIFIE:76		71	74	71-74	insertional_handle_SGRPGSLS	8	-5.548728	0.021363	-5.716195;-5.798851;-5.548728	direct_insert_strongly_deleterious							no_direct_deletion_context		Bakhache_2024_NatMicrobiol_Dryad_10.5061_dryad.866t1g1xm_QVEU_eva71_dimple_c99331a6
71|72	71	E	72	K	74|75	74	exact_aligned	high	A89 flanking residues align directly to adjacent EV-A71 2C residues	66:PASVQE|KIFIEI:77	69:SQEDLE|AMFGNV:80	74	75	74-75	insertional_handle_SGRPGSLS	8	-5.707083	0.019142	-5.707083	direct_insert_strongly_deleterious	-4.590849	-4.584046	-4.176873	-5.144150;-5.120480	2AAdel_spanning_junction	-4.176873	deletion_context_strongly_deleterious	-1.171566	Bakhache_2024_NatMicrobiol_Dryad_10.5061_dryad.866t1g1xm_QVEU_eva71_dimple_c99331a6
72|73	72	K	73	I	75|76	75	exact_aligned	high	A89 flanking residues align directly to adjacent EV-A71 2C residues	67:ASVQEK|IFIEIN:78	70:QEDLEA|MFGNVS:81	75	76	75-76	insertional_handle_SGRPGSLS	8	-5.595858	0.020677	-5.595858	direct_insert_strongly_deleterious	-4.584046	-4.693834	-4.814671	-5.120480;-4.597606	1AAdel_left_residue	-4.584046	deletion_context_strongly_deleterious	-1.039191	Bakhache_2024_NatMicrobiol_Dryad_10.5061_dryad.866t1g1xm_QVEU_eva71_dimple_c99331a6
73|74	73	I	74	F	76|77	76	exact_aligned	high	A89 flanking residues align directly to adjacent EV-A71 2C residues	68:SVQEKI|FIEINT:79	71:EDLEAM|FGNVSY:82	76	77	76-77	insertional_handle_SGRPGSLS	8	-5.851708	0.017317	-5.851708	direct_insert_strongly_deleterious	-4.693834	-4.437263	-4.712016	-4.597606;-4.872581	1AAdel_right_residue	-4.437263	deletion_context_strongly_deleterious	-2.811232	Bakhache_2024_NatMicrobiol_Dryad_10.5061_dryad.866t1g1xm_QVEU_eva71_dimple_c99331a6
74|75	74	F	75	I	77|78	77	exact_aligned	high	A89 flanking residues align directly to adjacent EV-A71 2C residues	69:VQEKIF|IEINTL:80	72:DLEAMF|GNVSYL:83	77	78	77-78	insertional_handle_SGRPGSLS	8	-5.702496	0.019203	-5.702496	direct_insert_strongly_deleterious	-4.437263	-4.328824	-4.892835	-4.872581;-4.936960	1AAdel_right_residue	-4.328824	deletion_context_strongly_deleterious	-2.643807	Bakhache_2024_NatMicrobiol_Dryad_10.5061_dryad.866t1g1xm_QVEU_eva71_dimple_c99331a6
75|76	75	I	76	E	78|79	78	exact_aligned	high	A89 flanking residues align directly to adjacent EV-A71 2C residues	70:QEKIFI|EINTLH:81	73:LEAMFG|NVSYLA:84	78	79	78-79	insertional_handle_SGRPGSLS	8	-5.738617	0.018729	-5.738617	direct_insert_strongly_deleterious	-4.328824	-4.513346	-4.960658	-4.936960;-4.705992	1AAdel_left_residue	-4.328824	deletion_context_strongly_deleterious	-2.648517	Bakhache_2024_NatMicrobiol_Dryad_10.5061_dryad.866t1g1xm_QVEU_eva71_dimple_c99331a6
76|77	76	E	77	I	79|80	79	exact_aligned	high	A89 flanking residues align directly to adjacent EV-A71 2C residues	71:EKIFIE|INTLHD:82	74:EAMFGN|VSYLAH:85	79	80	79-80	insertional_handle_SGRPGSLS	8	-5.769187	0.018336	-5.769187	direct_insert_strongly_deleterious	-4.513346	-4.846673	-4.693834	-4.705992;-4.836119	1AAdel_left_residue	-4.513346	deletion_context_strongly_deleterious	-2.777566	Bakhache_2024_NatMicrobiol_Dryad_10.5061_dryad.866t1g1xm_QVEU_eva71_dimple_c99331a6
77|78	77	I	78	N	80|81	80	exact_aligned	high	A89 flanking residues align directly to adjacent EV-A71 2C residues	72:KIFIEI|NTLHDL:83	75:AMFGNV|SYLAHF:86	80	81	80-81	insertional_handle_SGRPGSLS	8	-5.751833	0.018558	-5.751833	direct_insert_strongly_deleterious	-4.846673	-4.057165	-4.912687	-4.836119;-4.452950	1AAdel_right_residue	-4.057165	deletion_context_strongly_deleterious	-1.260481	Bakhache_2024_NatMicrobiol_Dryad_10.5061_dryad.866t1g1xm_QVEU_eva71_dimple_c99331a6
78|79	78	N	79	T	81|82	81	exact_aligned	high	A89 flanking residues align directly to adjacent EV-A71 2C residues	73:IFIEIN|TLHDLS:84	76:MFGNVS|YLAHFC:87	81	82	81-82	insertional_handle_SGRPGSLS	8	-5.621111	0.020318	-5.621111	direct_insert_strongly_deleterious	-4.057165	-4.630722	-4.483604	-4.452950;-4.637215	1AAdel_left_residue	-4.057165	deletion_context_strongly_deleterious	-1.387094	Bakhache_2024_NatMicrobiol_Dryad_10.5061_dryad.866t1g1xm_QVEU_eva71_dimple_c99331a6
79|80	79	T	80	L	82|83	82	exact_aligned	high	A89 flanking residues align directly to adjacent EV-A71 2C residues	74:FIEINT|LHDLSL:85	77:FGNVSY|LAHFCR:88	82	83	82-83	insertional_handle_SGRPGSLS	8	-5.347462	0.024561	-5.347462	direct_insert_strongly_deleterious	-4.630722	-4.563356	-4.643667	-4.637215;-4.857117	1AAdel_right_residue	-4.563356	deletion_context_strongly_deleterious	-2.737912	Bakhache_2024_NatMicrobiol_Dryad_10.5061_dryad.866t1g1xm_QVEU_eva71_dimple_c99331a6
80|81	80	L	81	H	83|84	83	exact_aligned	high	A89 flanking residues align directly to adjacent EV-A71 2C residues	75:IEINTL|HDLSLK:86	78:GNVSYL|AHFCRK:89	83	84	83-84	insertional_handle_SGRPGSLS	8	-5.532512	0.021605	-5.532512	direct_insert_strongly_deleterious	-4.563356	-4.302037	-4.413262	-4.857117;-4.846673	1AAdel_right_residue	-4.302037	deletion_context_strongly_deleterious	-2.511994	Bakhache_2024_NatMicrobiol_Dryad_10.5061_dryad.866t1g1xm_QVEU_eva71_dimple_c99331a6
81|82	81	H	82	D	84|85	84	exact_aligned	high	A89 flanking residues align directly to adjacent EV-A71 2C residues	76:EINTLH|DLSLKF:87	79:NVSYLA|HFCRKF:90	84	85	84-85	insertional_handle_SGRPGSLS	8	-5.569949	0.021051	-5.569949	direct_insert_strongly_deleterious	-4.302037	-4.283771	-4.217080	-4.846673;-4.113360	3AAdel_spanning_option_2	-4.113360	deletion_context_strongly_deleterious	-2.153912	Bakhache_2024_NatMicrobiol_Dryad_10.5061_dryad.866t1g1xm_QVEU_eva71_dimple_c99331a6
82|83	82	D	83	L	85|86	85	exact_aligned	high	A89 flanking residues align directly to adjacent EV-A71 2C residues	77:INTLHD|LSLKFL:88	80:VSYLAH|FCRKFQ:91	85	86	85-86	insertional_handle_SGRPGSLS	8	-5.258362	0.026126	-5.258362	direct_insert_strongly_deleterious	-4.283771	-4.246208	-4.460702	-4.113360;-4.302037	3AAdel_spanning_option_1	-4.113360	deletion_context_strongly_deleterious	-2.138147	Bakhache_2024_NatMicrobiol_Dryad_10.5061_dryad.866t1g1xm_QVEU_eva71_dimple_c99331a6
83|84	83	L	84	S	86|87	86	exact_aligned	high	A89 flanking residues align directly to adjacent EV-A71 2C residues	78:NTLHDL|SLKFLP:89	81:SYLAHF|CRKFQP:92	86	87	86-87	insertional_handle_SGRPGSLS	8	-5.482222	0.022371	-5.482222	direct_insert_strongly_deleterious	-4.246208	-4.283771	-4.764660	-4.302037;-4.217080	3AAdel_spanning_option_2	-4.217080	deletion_context_strongly_deleterious	-2.359193	Bakhache_2024_NatMicrobiol_Dryad_10.5061_dryad.866t1g1xm_QVEU_eva71_dimple_c99331a6
84|85	84	S	85	L	87|88	87	exact_aligned	high	A89 flanking residues align directly to adjacent EV-A71 2C residues	79:TLHDLS|LKFLPL:90	82:YLAHFC|RKFQPL:93	87	88	87-88	insertional_handle_SGRPGSLS	8	-5.600960	0.020604	-5.600960	direct_insert_strongly_deleterious	-4.283771	-4.604317	-3.972778	-4.217080;-4.113360	2AAdel_spanning_junction	-3.972778	deletion_context_strongly_deleterious	-2.617791	Bakhache_2024_NatMicrobiol_Dryad_10.5061_dryad.866t1g1xm_QVEU_eva71_dimple_c99331a6
85|86	85	L	86	K	88|89	88	exact_aligned	high	A89 flanking residues align directly to adjacent EV-A71 2C residues	80:LHDLSL|KFLPLY:91	83:LAHFCR|KFQPLY:94	88	89	88-89	insertional_handle_SGRPGSLS	8	-5.373353	0.024125	-5.373353	direct_insert_strongly_deleterious	-4.604317	-4.255732	-4.520645	-4.113360;-4.505993	3AAdel_spanning_option_1	-4.113360	deletion_context_strongly_deleterious	-2.864847	Bakhache_2024_NatMicrobiol_Dryad_10.5061_dryad.866t1g1xm_QVEU_eva71_dimple_c99331a6
86|87	86	K	87	F	89|90	89	exact_aligned	high	A89 flanking residues align directly to adjacent EV-A71 2C residues	81:HDLSLK|FLPLYA:92	84:AHFCRK|FQPLYA:95	89	90	89-90	insertional_handle_SGRPGSLS	8	-5.293577	0.025496	-5.293577	direct_insert_strongly_deleterious	-4.255732	-4.491123	-4.718004	-4.505993;-4.792752	1AAdel_left_residue	-4.255732	deletion_context_strongly_deleterious	-2.417629	Bakhache_2024_NatMicrobiol_Dryad_10.5061_dryad.866t1g1xm_QVEU_eva71_dimple_c99331a6
87|88	87	F	88	L	90|91	90	exact_aligned	high	A89 flanking residues align directly to adjacent EV-A71 2C residues	82:DLSLKF|LPLYAS:93	85:HFCRKF|QPLYAT:96	90	91	90-91	insertional_handle_SGRPGSLS	8	-5.221861	0.026796	-5.221861	direct_insert_strongly_deleterious	-4.491123	-4.770342	-4.584046	-4.792752;-4.735756	1AAdel_left_residue	-4.491123	deletion_context_strongly_deleterious	-1.039436	Bakhache_2024_NatMicrobiol_Dryad_10.5061_dryad.866t1g1xm_QVEU_eva71_dimple_c99331a6
88|89	88	L	89	P	91|92	91	exact_aligned	high	A89 flanking residues align directly to adjacent EV-A71 2C residues	83:LSLKFL|PLYASE:94	86:FCRKFQ|PLYATE:97	91	92	91-92	insertional_handle_SGRPGSLS	8	-5.373353	0.024125	-5.373353	direct_insert_strongly_deleterious	-4.770342	-5.108432	-4.735756	-4.735756;-4.741604	2AAdel_spanning_junction	-4.735756	deletion_context_strongly_deleterious	-1.477029	Bakhache_2024_NatMicrobiol_Dryad_10.5061_dryad.866t1g1xm_QVEU_eva71_dimple_c99331a6
89|90	89	P	90	L	92|93	92	exact_aligned	high	A89 flanking residues align directly to adjacent EV-A71 2C residues	84:SLKFLP|LYASEA:95	87:CRKFQP|LYATEA:98	92	93	92-93	insertional_handle_SGRPGSLS	8	-5.679239	0.019515	-5.679239	direct_insert_strongly_deleterious	-5.108432	-4.617607	-4.836119	-4.741604;-5.163455	1AAdel_right_residue	-4.617607	deletion_context_strongly_deleterious	-1.482605	Bakhache_2024_NatMicrobiol_Dryad_10.5061_dryad.866t1g1xm_QVEU_eva71_dimple_c99331a6
90|91	90	L	91	Y	93|94	93	exact_aligned	high	A89 flanking residues align directly to adjacent EV-A71 2C residues	85:LKFLPL|YASEAR:96	88:RKFQPL|YATEAK:99	93	94	93-94	insertional_handle_SGRPGSLS	8	-5.569949	0.021051	-5.569949	direct_insert_strongly_deleterious	-4.617607	-4.637215	-4.787196	-5.163455;-4.549321	3AAdel_spanning_option_2	-4.549321	deletion_context_strongly_deleterious	-1.515314	Bakhache_2024_NatMicrobiol_Dryad_10.5061_dryad.866t1g1xm_QVEU_eva71_dimple_c99331a6
91|92	91	Y	92	A	94|95	94	exact_aligned	high	A89 flanking residues align directly to adjacent EV-A71 2C residues	86:KFLPLY|ASEARR:97	89:KFQPLY|ATEAKR:100	94	95	94-95	insertional_handle_SGRPGSLS	8	-5.835740	0.017509	-5.835740	direct_insert_strongly_deleterious	-4.637215	-4.912687	-4.965331	-4.549321;-4.787196	3AAdel_spanning_option_1	-4.549321	deletion_context_strongly_deleterious	-2.674473	Bakhache_2024_NatMicrobiol_Dryad_10.5061_dryad.866t1g1xm_QVEU_eva71_dimple_c99331a6
92|93	92	A	93	S	95|96	95	exact_aligned	high	A89 flanking residues align directly to adjacent EV-A71 2C residues	87:FLPLYA|SEARRI:98	90:FQPLYA|TEAKRV:101	95	96	95-96	insertional_handle_SGRPGSLS	8	-5.600960	0.020604	-5.600960	direct_insert_strongly_deleterious	-4.912687	-4.354912	-4.997444	-4.787196;-5.010897	1AAdel_right_residue	-4.354912	deletion_context_strongly_deleterious	-0.727478	Bakhache_2024_NatMicrobiol_Dryad_10.5061_dryad.866t1g1xm_QVEU_eva71_dimple_c99331a6
93|94	93	S	94	E	96|97	96	exact_aligned	high	A89 flanking residues align directly to adjacent EV-A71 2C residues	88:LPLYAS|EARRIK:99	91:QPLYAT|EAKRVY:102	96	97	96-97	insertional_handle_SGRPGSLS	8	-5.697888	0.019265	-5.697888	direct_insert_strongly_deleterious	-4.354912	-4.877683	-4.825452	-5.010897;-4.932152	1AAdel_left_residue	-4.354912	deletion_context_strongly_deleterious	-0.821509	Bakhache_2024_NatMicrobiol_Dryad_10.5061_dryad.866t1g1xm_QVEU_eva71_dimple_c99331a6
94|95	94	E	95	A	97|98	97	exact_aligned	high	A89 flanking residues align directly to adjacent EV-A71 2C residues	89:PLYASE|ARRIKN:100	92:PLYATE|AKRVYA:103	97	98	97-98	insertional_handle_SGRPGSLS	8	-5.590729	0.020750	-5.590729	direct_insert_strongly_deleterious	-4.877683	-4.396935	-5.001948	-4.932152;-4.781610	1AAdel_right_residue	-4.396935	deletion_context_strongly_deleterious	-2.399564	Bakhache_2024_NatMicrobiol_Dryad_10.5061_dryad.866t1g1xm_QVEU_eva71_dimple_c99331a6
95|96	95	A	96	R	98|99	98	exact_aligned	high	A89 flanking residues align directly to adjacent EV-A71 2C residues	90:LYASEA|RRIKNL:101	93:LYATEA|KRVYAL:104	98	99	98-99	insertional_handle_SGRPGSLS	8	-5.751833	0.018558	-5.751833	direct_insert_strongly_deleterious	-4.396935	-4.527891	-5.261716	-4.781610;-4.770342	1AAdel_left_residue	-4.396935	deletion_context_strongly_deleterious	-2.607677	Bakhache_2024_NatMicrobiol_Dryad_10.5061_dryad.866t1g1xm_QVEU_eva71_dimple_c99331a6
96|97	96	R	97	R	99|100	99	exact_aligned	high	A89 flanking residues align directly to adjacent EV-A71 2C residues	91:YASEAR|RIKNLY:102	94:YATEAK|RVYALE:105	99	100	99-100	insertional_handle_SGRPGSLS	8	-5.621111	0.020318	-5.621111	direct_insert_strongly_deleterious	-4.527891	-4.498585	-5.006432	-4.770342;-5.607062	1AAdel_right_residue	-4.498585	deletion_context_strongly_deleterious	-3.011377	Bakhache_2024_NatMicrobiol_Dryad_10.5061_dryad.866t1g1xm_QVEU_eva71_dimple_c99331a6
97|98	97	R	98	I	100|101	100	exact_aligned	high	A89 flanking residues align directly to adjacent EV-A71 2C residues	92:ASEARR|IKNLYI:103	95:ATEAKR|VYALEK:106	100	101	100-101	insertional_handle_SGRPGSLS	8	-5.410975	0.023504	-5.410975	direct_insert_strongly_deleterious	-4.498585	-4.597606	-4.992919	-5.607062;-5.265176	1AAdel_left_residue	-4.498585	deletion_context_strongly_deleterious	-2.679322	Bakhache_2024_NatMicrobiol_Dryad_10.5061_dryad.866t1g1xm_QVEU_eva71_dimple_c99331a6
98|99	98	I	99	K	101|102	101	exact_aligned	high	A89 flanking residues align directly to adjacent EV-A71 2C residues	93:SEARRI|KNLYIK:104	96:TEAKRV|YALEKR:107	101	102	101-102	insertional_handle_SGRPGSLS	8	-5.516028	0.021853	-5.516028	direct_insert_strongly_deleterious	-4.597606	-4.527891	-4.630722	-5.265176;-4.452950	3AAdel_spanning_option_2	-4.452950	deletion_context_strongly_deleterious	-1.896631	Bakhache_2024_NatMicrobiol_Dryad_10.5061_dryad.866t1g1xm_QVEU_eva71_dimple_c99331a6
99|100	99	K	100	N	102|103	102	exact_aligned	high	A89 flanking residues align directly to adjacent EV-A71 2C residues	94:EARRIK|NLYIKC:105	97:EAKRVY|ALEKRM:108	102	103	102-103	insertional_handle_SGRPGSLS	8	-5.307323	0.025254	-5.307323	direct_insert_strongly_deleterious	-4.527891	-4.630722	-4.705992	-4.452950;-4.476028	3AAdel_spanning_option_1	-4.452950	deletion_context_strongly_deleterious	-0.405323	Bakhache_2024_NatMicrobiol_Dryad_10.5061_dryad.866t1g1xm_QVEU_eva71_dimple_c99331a6
100|101	100	N	101	L	103|104	103	exact_aligned	high	A89 flanking residues align directly to adjacent EV-A71 2C residues	95:ARRIKN|LYIKCS:106	98:AKRVYA|LEKRMN:109	103	104	103-104	insertional_handle_SGRPGSLS	8	-5.665021	0.019709	-5.665021	direct_insert_strongly_deleterious	-4.630722	-4.729874	-4.927321	-4.476028;-4.872581	3AAdel_spanning_option_1	-4.476028	deletion_context_strongly_deleterious	-0.696426	Bakhache_2024_NatMicrobiol_Dryad_10.5061_dryad.866t1g1xm_QVEU_eva71_dimple_c99331a6
101|102	101	L	102	Y	104|105	104	exact_aligned	high	A89 flanking residues align directly to adjacent EV-A71 2C residues	96:RRIKNL|YIKCSN:107	99:KRVYAL|EKRMNN:110	104	105	104-105	insertional_handle_SGRPGSLS	8	-5.621111	0.020318	-5.621111	direct_insert_strongly_deleterious	-4.729874	-4.468394	-4.563356	-4.872581;-4.836119	1AAdel_right_residue	-4.468394	deletion_context_strongly_deleterious	-2.736147	Bakhache_2024_NatMicrobiol_Dryad_10.5061_dryad.866t1g1xm_QVEU_eva71_dimple_c99331a6
102|103	102	Y	103	I	105|106	105	exact_aligned	high	A89 flanking residues align directly to adjacent EV-A71 2C residues	97:RIKNLY|IKCSNV:108	100:RVYALE|KRMNNY:111	105	106	105-106	insertional_handle_SGRPGSLS	8	-5.707083	0.019142	-5.707083	direct_insert_strongly_deleterious	-4.468394	-4.302037	-4.681526	-4.836119;-4.927321	1AAdel_right_residue	-4.302037	deletion_context_strongly_deleterious	-2.950961	Bakhache_2024_NatMicrobiol_Dryad_10.5061_dryad.866t1g1xm_QVEU_eva71_dimple_c99331a6
103|104	103	I	104	K	106|107	106	exact_aligned	high	A89 flanking residues align directly to adjacent EV-A71 2C residues	98:IKNLYI|KCSNVI:109	101:VYALEK|RMNNYM:112	106	107	106-107	insertional_handle_SGRPGSLS	8	-5.882900	0.016946	-5.882900	direct_insert_strongly_deleterious	-4.302037	-4.498585	-4.723957	-4.927321;-4.830800	1AAdel_left_residue	-4.302037	deletion_context_strongly_deleterious	-2.445931	Bakhache_2024_NatMicrobiol_Dryad_10.5061_dryad.866t1g1xm_QVEU_eva71_dimple_c99331a6
104|105	104	K	105	C	107|108	107	exact_aligned	high	A89 flanking residues align directly to adjacent EV-A71 2C residues	99:KNLYIK|CSNVIK:110	102:YALEKR|MNNYMQ:113	107	108	107-108	insertional_handle_SGRPGSLS	8	-5.764877	0.018391	-5.764877	direct_insert_strongly_deleterious	-4.498585	-4.887810	-4.775992	-4.830800;-4.798277	1AAdel_left_residue	-4.498585	deletion_context_strongly_deleterious	-2.147985	Bakhache_2024_NatMicrobiol_Dryad_10.5061_dryad.866t1g1xm_QVEU_eva71_dimple_c99331a6
105|106	105	C	106	S	108|109	108	exact_aligned	high	A89 flanking residues align directly to adjacent EV-A71 2C residues	100:NLYIKC|SNVIKG:111	103:ALEKRM|NNYMQF:114	108	109	108-109	insertional_handle_SGRPGSLS	8	-5.773479	0.018281	-5.773479	direct_insert_strongly_deleterious	-4.887810	-4.505993	-4.792752	-4.798277;-4.877683	1AAdel_right_residue	-4.505993	deletion_context_strongly_deleterious	-1.596927	Bakhache_2024_NatMicrobiol_Dryad_10.5061_dryad.866t1g1xm_QVEU_eva71_dimple_c99331a6
106|107	106	S	107	N	109|110	109	exact_aligned	high	A89 flanking residues align directly to adjacent EV-A71 2C residues	101:LYIKCS|NVIKGG:112	104:LEKRMN|NYMQFK:115	109	110	109-110	insertional_handle_SGRPGSLS	8	-5.859598	0.017222	-5.859598	direct_insert_strongly_deleterious	-4.505993	-4.556363	-4.902810	-4.877683;-4.867453	1AAdel_left_residue	-4.505993	deletion_context_strongly_deleterious	-1.622599	Bakhache_2024_NatMicrobiol_Dryad_10.5061_dryad.866t1g1xm_QVEU_eva71_dimple_c99331a6
107|108	107	N	108	V	110|111	110	exact_aligned	high	A89 flanking residues align directly to adjacent EV-A71 2C residues	102:YIKCSN|VIKGGK:113	105:EKRMNN|YMQFKS:116	110	111	110-111	insertional_handle_SGRPGSLS	8	-5.738617	0.018729	-5.738617	direct_insert_strongly_deleterious	-4.556363	-4.113360	-4.396935	-4.867453;-4.520645	1AAdel_right_residue	-4.113360	deletion_context_strongly_deleterious	-2.107564	Bakhache_2024_NatMicrobiol_Dryad_10.5061_dryad.866t1g1xm_QVEU_eva71_dimple_c99331a6
108|109	108	V	109	I	111|112	111	exact_aligned	high	A89 flanking residues align directly to adjacent EV-A71 2C residues	103:IKCSNV|IKGGKR:114	106:KRMNNY|MQFKSK:117	111	112	111-112	insertional_handle_SGRPGSLS	8	-5.901912	0.016724	-5.901912	direct_insert_strongly_deleterious	-4.113360	-4.643667	-4.535086	-4.520645;-4.723957	1AAdel_left_residue	-4.113360	deletion_context_strongly_deleterious	-2.588491	Bakhache_2024_NatMicrobiol_Dryad_10.5061_dryad.866t1g1xm_QVEU_eva71_dimple_c99331a6
109|110	109	I	110	K	112|113;113|114;114|115	112-114	ambiguous	low	A89 junction spans multiple EV-A71 residues/junctions in the sequence alignment	104:KCSNVI|KGGKRN:115		112	115	112-115	insertional_handle_SGRPGSLS	8	-6.074456	0.014839	-6.074456;-6.264408;-6.227020	direct_insert_strongly_deleterious							no_direct_deletion_context		Bakhache_2024_NatMicrobiol_Dryad_10.5061_dryad.866t1g1xm_QVEU_eva71_dimple_c99331a6
110|111	110	K	111	G	115|116	115	exact_aligned	high	A89 flanking residues align directly to adjacent EV-A71 2C residues	105:CSNVIK|GGKRNE:116	110:NYMQFK|SKHRIE:121	115	116	115-116	insertional_handle_SGRPGSLS	8	-6.467696	0.011299	-6.467696	direct_insert_strongly_deleterious	-4.505993	-4.460702	-4.584046	-4.437263;-4.590849	3AAdel_spanning_option_1	-4.437263	deletion_context_strongly_deleterious	-2.881029	Bakhache_2024_NatMicrobiol_Dryad_10.5061_dryad.866t1g1xm_QVEU_eva71_dimple_c99331a6
111|112	111	G	112	G	116|117	116	exact_aligned	high	A89 flanking residues align directly to adjacent EV-A71 2C residues	106:SNVIKG|GKRNEP:117	111:YMQFKS|KHRIEP:122	116	117	116-117	insertional_handle_SGRPGSLS	8	-5.688607	0.019389	-5.688607	direct_insert_strongly_deleterious	-4.460702	-4.166564	-4.965331	-4.590849;-4.753199	1AAdel_right_residue	-4.166564	deletion_context_strongly_deleterious	-2.995695	Bakhache_2024_NatMicrobiol_Dryad_10.5061_dryad.866t1g1xm_QVEU_eva71_dimple_c99331a6
112|113	112	G	113	K	117|118	117	exact_aligned	high	A89 flanking residues align directly to adjacent EV-A71 2C residues	107:NVIKGG|KRNEPV:118	112:MQFKSK|HRIEPV:123	117	118	117-118	insertional_handle_SGRPGSLS	8	-5.580393	0.020899	-5.580393	direct_insert_strongly_deleterious	-4.166564	-4.405132	-4.758946	-4.753199;-4.712016	1AAdel_left_residue	-4.166564	deletion_context_strongly_deleterious	-2.984858	Bakhache_2024_NatMicrobiol_Dryad_10.5061_dryad.866t1g1xm_QVEU_eva71_dimple_c99331a6
113|114	113	K	114	R	118|119	118	exact_aligned	high	A89 flanking residues align directly to adjacent EV-A71 2C residues	108:VIKGGK|RNEPVA:119	113:QFKSKH|RIEPVC:124	118	119	118-119	insertional_handle_SGRPGSLS	8	-5.863520	0.017175	-5.863520	direct_insert_strongly_deleterious	-4.405132	-4.877683	-4.527891	-4.712016;-4.758946	1AAdel_left_residue	-4.405132	deletion_context_strongly_deleterious	-2.872598	Bakhache_2024_NatMicrobiol_Dryad_10.5061_dryad.866t1g1xm_QVEU_eva71_dimple_c99331a6
114|115	114	R	115	N	119|120	119	exact_aligned	high	A89 flanking residues align directly to adjacent EV-A71 2C residues	109:IKGGKR|NEPVAV:120	114:FKSKHR|IEPVCL:125	119	120	119-120	insertional_handle_SGRPGSLS	8	-5.665021	0.019709	-5.665021	direct_insert_strongly_deleterious	-4.877683	-4.491123	-4.405132	-4.758946;-4.669065	2AAdel_spanning_junction	-4.405132	deletion_context_strongly_deleterious	-2.953486	Bakhache_2024_NatMicrobiol_Dryad_10.5061_dryad.866t1g1xm_QVEU_eva71_dimple_c99331a6
115|116	115	N	116	E	120|121	120	exact_aligned	high	A89 flanking residues align directly to adjacent EV-A71 2C residues	110:KGGKRN|EPVAVL:121	115:KSKHRI|EPVCLI:126	120	121	120-121	insertional_handle_SGRPGSLS	8	-5.665021	0.019709	-5.665021	direct_insert_strongly_deleterious	-4.491123	-4.187078	-4.396935	-4.669065;-4.302037	1AAdel_right_residue	-4.187078	deletion_context_strongly_deleterious	-2.810107	Bakhache_2024_NatMicrobiol_Dryad_10.5061_dryad.866t1g1xm_QVEU_eva71_dimple_c99331a6
116|117	116	E	117	P	121|122	121	exact_aligned	high	A89 flanking residues align directly to adjacent EV-A71 2C residues	111:GGKRNE|PVAVLI:122	116:SKHRIE|PVCLII:127	121	122	121-122	insertional_handle_SGRPGSLS	8	-5.729709	0.018845	-5.729709	direct_insert_strongly_deleterious	-4.187078	-4.346292	-4.236593	-4.302037;-4.437263	1AAdel_left_residue	-4.187078	deletion_context_strongly_deleterious	-2.655943	Bakhache_2024_NatMicrobiol_Dryad_10.5061_dryad.866t1g1xm_QVEU_eva71_dimple_c99331a6
117|118	117	P	118	V	122|123	122	exact_aligned	high	A89 flanking residues align directly to adjacent EV-A71 2C residues	112:GKRNEP|VAVLIH:123	117:KHRIEP|VCLIIR:128	122	123	122-123	insertional_handle_SGRPGSLS	8	-5.128408	0.028589	-5.128408	direct_insert_strongly_deleterious	-4.346292	-4.068660	-4.421327	-4.437263;-4.283771	1AAdel_right_residue	-4.068660	deletion_context_strongly_deleterious	-2.548873	Bakhache_2024_NatMicrobiol_Dryad_10.5061_dryad.866t1g1xm_QVEU_eva71_dimple_c99331a6
118|119	118	V	119	A	123|124	123	exact_aligned	high	A89 flanking residues align directly to adjacent EV-A71 2C residues	113:KRNEPV|AVLIHG:124	118:HRIEPV|CLIIRG:129	123	124	123-124	insertional_handle_SGRPGSLS	8	-5.453150	0.022826	-5.453150	direct_insert_strongly_deleterious	-4.068660	-4.145621	-4.156147	-4.283771;-3.934312	3AAdel_spanning_option_2	-3.934312	deletion_context_strongly_deleterious	-2.405665	Bakhache_2024_NatMicrobiol_Dryad_10.5061_dryad.866t1g1xm_QVEU_eva71_dimple_c99331a6
119|120	119	A	120	V	124|125	124	exact_aligned	high	A89 flanking residues align directly to adjacent EV-A71 2C residues	114:RNEPVA|VLIHGS:125	119:RIEPVC|LIIRGS:130	124	125	124-125	insertional_handle_SGRPGSLS	8	-5.128408	0.028589	-5.128408	direct_insert_strongly_deleterious	-4.145621	-4.476028	-4.226884	-3.934312;-4.302037	3AAdel_spanning_option_1	-3.934312	deletion_context_strongly_deleterious	-2.504944	Bakhache_2024_NatMicrobiol_Dryad_10.5061_dryad.866t1g1xm_QVEU_eva71_dimple_c99331a6
120|121	120	V	121	L	125|126	125	exact_aligned	high	A89 flanking residues align directly to adjacent EV-A71 2C residues	115:NEPVAV|LIHGSP:126	120:IEPVCL|IIRGSP:131	125	126	125-126	insertional_handle_SGRPGSLS	8	-5.476475	0.022460	-5.476475	direct_insert_strongly_deleterious	-4.476028	-3.699664	-3.414733	-4.302037;-4.283771	2AAdel_spanning_junction	-3.414733	deletion_context_strongly_deleterious	-2.560606	Bakhache_2024_NatMicrobiol_Dryad_10.5061_dryad.866t1g1xm_QVEU_eva71_dimple_c99331a6
121|122	121	L	122	I	126|127	126	exact_aligned	high	A89 flanking residues align directly to adjacent EV-A71 2C residues	116:EPVAVL|IHGSPG:127	121:EPVCLI|IRGSPG:132	126	127	126-127	insertional_handle_SGRPGSLS	8	-5.353998	0.024450	-5.353998	direct_insert_strongly_deleterious	-3.699664	-4.255732	-4.460702	-4.283771;-4.429327	1AAdel_left_residue	-3.699664	deletion_context_strongly_deleterious	-2.375708	Bakhache_2024_NatMicrobiol_Dryad_10.5061_dryad.866t1g1xm_QVEU_eva71_dimple_c99331a6
122|123	122	I	123	H	127|128	127	exact_aligned	high	A89 flanking residues align directly to adjacent EV-A71 2C residues	117:PVAVLI|HGSPGT:128	122:PVCLII|RGSPGT:133	127	128	127-128	insertional_handle_SGRPGSLS	8	-5.669783	0.019644	-5.669783	direct_insert_strongly_deleterious	-4.255732	-4.604317	-4.563356	-4.429327;-5.247754	1AAdel_left_residue	-4.255732	deletion_context_strongly_deleterious	-2.731321	Bakhache_2024_NatMicrobiol_Dryad_10.5061_dryad.866t1g1xm_QVEU_eva71_dimple_c99331a6
123|124	123	H	124	G	128|129	128	exact_aligned	high	A89 flanking residues align directly to adjacent EV-A71 2C residues	118:VAVLIH|GSPGTG:129	123:VCLIIR|GSPGTG:134	128	129	128-129	insertional_handle_SGRPGSLS	8	-5.782008	0.018174	-5.782008	direct_insert_strongly_deleterious	-4.604317	-4.597606	-4.681526	-5.247754;-5.240700	1AAdel_right_residue	-4.597606	deletion_context_strongly_deleterious	-3.194108	Bakhache_2024_NatMicrobiol_Dryad_10.5061_dryad.866t1g1xm_QVEU_eva71_dimple_c99331a6
124|125	124	G	125	S	129|130	129	exact_aligned	high	A89 flanking residues align directly to adjacent EV-A71 2C residues	119:AVLIHG|SPGTGK:130	124:CLIIRG|SPGTGK:135	129	130	129-130	insertional_handle_SGRPGSLS	8	-6.042247	0.015174	-6.042247	direct_insert_strongly_deleterious	-4.597606	-4.363459	-4.872581	-5.240700;-4.687699	1AAdel_right_residue	-4.363459	deletion_context_strongly_deleterious	-2.300500	Bakhache_2024_NatMicrobiol_Dryad_10.5061_dryad.866t1g1xm_QVEU_eva71_dimple_c99331a6
125|126	125	S	126	P	130|131	130	exact_aligned	high	A89 flanking residues align directly to adjacent EV-A71 2C residues	120:VLIHGS|PGTGKS:131	125:LIIRGS|PGTGKS:136	130	131	130-131	insertional_handle_SGRPGSLS	8	-5.901912	0.016724	-5.901912	direct_insert_strongly_deleterious	-4.363459	-4.396935	-4.610984	-4.687699;-4.851909	1AAdel_left_residue	-4.363459	deletion_context_strongly_deleterious	-2.241455	Bakhache_2024_NatMicrobiol_Dryad_10.5061_dryad.866t1g1xm_QVEU_eva71_dimple_c99331a6
126|127	126	P	127	G	131|132	131	exact_aligned	high	A89 flanking residues align directly to adjacent EV-A71 2C residues	121:LIHGSP|GTGKSL:132	126:IIRGSP|GTGKSL:137	131	132	131-132	insertional_handle_SGRPGSLS	8	-5.953299	0.016139	-5.953299	direct_insert_strongly_deleterious	-4.396935	-4.723957	-4.577197	-4.851909;-4.907761	1AAdel_left_residue	-4.396935	deletion_context_strongly_deleterious	-3.088707	Bakhache_2024_NatMicrobiol_Dryad_10.5061_dryad.866t1g1xm_QVEU_eva71_dimple_c99331a6
127|128	127	G	128	T	132|133	132	exact_aligned	high	A89 flanking residues align directly to adjacent EV-A71 2C residues	122:IHGSPG|TGKSLA:133	127:IRGSPG|TGKSLA:138	132	133	132-133	insertional_handle_SGRPGSLS	8	-5.782008	0.018174	-5.782008	direct_insert_strongly_deleterious	-4.723957	-4.597606	-4.319974	-4.907761;-4.862299	2AAdel_spanning_junction	-4.319974	deletion_context_strongly_deleterious	-2.250267	Bakhache_2024_NatMicrobiol_Dryad_10.5061_dryad.866t1g1xm_QVEU_eva71_dimple_c99331a6
128|129	128	T	129	G	133|134	133	exact_aligned	high	A89 flanking residues align directly to adjacent EV-A71 2C residues	123:HGSPGT|GKSLAT:134	128:RGSPGT|GKSLAT:139	133	134	133-134	insertional_handle_SGRPGSLS	8	-5.470694	0.022551	-5.470694	direct_insert_strongly_deleterious	-4.597606	-4.741604	-4.681526	-4.862299;-4.637215	1AAdel_left_residue	-4.597606	deletion_context_strongly_deleterious	-2.207353	Bakhache_2024_NatMicrobiol_Dryad_10.5061_dryad.866t1g1xm_QVEU_eva71_dimple_c99331a6
129|130	129	G	130	K	134|135	134	exact_aligned	high	A89 flanking residues align directly to adjacent EV-A71 2C residues	124:GSPGTG|KSLATS:135	129:GSPGTG|KSLATG:140	134	135	134-135	insertional_handle_SGRPGSLS	8	-5.756200	0.018502	-5.756200	direct_insert_strongly_deleterious	-4.741604	-4.405132	-4.830800	-4.637215;-4.699932	1AAdel_right_residue	-4.405132	deletion_context_strongly_deleterious	-2.987123	Bakhache_2024_NatMicrobiol_Dryad_10.5061_dryad.866t1g1xm_QVEU_eva71_dimple_c99331a6
130|131	130	K	131	S	135|136	135	exact_aligned	high	A89 flanking residues align directly to adjacent EV-A71 2C residues	125:SPGTGK|SLATSV:136	130:SPGTGK|SLATGI:141	135	136	135-136	insertional_handle_SGRPGSLS	8	-5.949715	0.016179	-5.949715	direct_insert_strongly_deleterious	-4.405132	-4.460702	-4.421327	-4.699932;-4.798277	1AAdel_left_residue	-4.405132	deletion_context_strongly_deleterious	-2.901509	Bakhache_2024_NatMicrobiol_Dryad_10.5061_dryad.866t1g1xm_QVEU_eva71_dimple_c99331a6
131|132	131	S	132	L	136|137	136	exact_aligned	high	A89 flanking residues align directly to adjacent EV-A71 2C residues	126:PGTGKS|LATSVL:137	131:PGTGKS|LATGII:142	136	137	136-137	insertional_handle_SGRPGSLS	8	-5.839756	0.017461	-5.839756	direct_insert_strongly_deleterious	-4.460702	-4.413262	-4.437263	-4.798277;-4.102371	3AAdel_spanning_option_2	-4.102371	deletion_context_strongly_deleterious	-2.632741	Bakhache_2024_NatMicrobiol_Dryad_10.5061_dryad.866t1g1xm_QVEU_eva71_dimple_c99331a6
132|133	132	L	133	A	137|138	137	exact_aligned	high	A89 flanking residues align directly to adjacent EV-A71 2C residues	127:GTGKSL|ATSVLA:138	132:GTGKSL|ATGIIA:143	137	138	137-138	insertional_handle_SGRPGSLS	8	-5.548728	0.021363	-5.548728	direct_insert_strongly_deleterious	-4.413262	-4.556363	-4.380337	-4.102371;-4.520645	3AAdel_spanning_option_1	-4.102371	deletion_context_strongly_deleterious	-2.590290	Bakhache_2024_NatMicrobiol_Dryad_10.5061_dryad.866t1g1xm_QVEU_eva71_dimple_c99331a6
133|134	133	A	134	T	138|139	138	exact_aligned	high	A89 flanking residues align directly to adjacent EV-A71 2C residues	128:TGKSLA|TSVLAR:139	133:TGKSLA|TGIIAR:144	138	139	138-139	insertional_handle_SGRPGSLS	8	-5.720720	0.018962	-5.720720	direct_insert_strongly_deleterious	-4.556363	-4.236593	-4.758946	-4.520645;-4.729874	1AAdel_right_residue	-4.236593	deletion_context_strongly_deleterious	-2.676742	Bakhache_2024_NatMicrobiol_Dryad_10.5061_dryad.866t1g1xm_QVEU_eva71_dimple_c99331a6
134|135	134	T	135	S	139|140	139	exact_aligned	high	A89 flanking residues align directly to adjacent EV-A71 2C residues	129:GKSLAT|SVLARM:140	134:GKSLAT|GIIARA:145	139	140	139-140	insertional_handle_SGRPGSLS	8	-5.293577	0.025496	-5.293577	direct_insert_strongly_deleterious	-4.236593	-4.597606	-4.584046	-4.729874;-4.328824	1AAdel_left_residue	-4.236593	deletion_context_strongly_deleterious	-1.872494	Bakhache_2024_NatMicrobiol_Dryad_10.5061_dryad.866t1g1xm_QVEU_eva71_dimple_c99331a6
135|136	135	S	136	V	140|141	140	exact_aligned	high	A89 flanking residues align directly to adjacent EV-A71 2C residues	130:KSLATS|VLARML:141	135:KSLATG|IIARAI:146	140	141	140-141	insertional_handle_SGRPGSLS	8	-5.559395	0.021206	-5.559395	direct_insert_strongly_deleterious	-4.597606	-3.934312	-4.753199	-4.328824;-4.705992	1AAdel_right_residue	-3.934312	deletion_context_strongly_deleterious	-1.957144	Bakhache_2024_NatMicrobiol_Dryad_10.5061_dryad.866t1g1xm_QVEU_eva71_dimple_c99331a6
136|137	136	V	137	L	141|142	141	exact_aligned	high	A89 flanking residues align directly to adjacent EV-A71 2C residues	131:SLATSV|LARMLT:142	136:SLATGI|IARAIA:147	141	142	141-142	insertional_handle_SGRPGSLS	8	-5.660236	0.019774	-5.660236	direct_insert_strongly_deleterious	-3.934312	-4.570301	-4.505993	-4.705992;-4.505993	1AAdel_left_residue	-3.934312	deletion_context_strongly_deleterious	-2.819827	Bakhache_2024_NatMicrobiol_Dryad_10.5061_dryad.866t1g1xm_QVEU_eva71_dimple_c99331a6
137|138	137	L	138	A	142|143	142	exact_aligned	high	A89 flanking residues align directly to adjacent EV-A71 2C residues	132:LATSVL|ARMLTV:143	137:LATGII|ARAIAD:148	142	143	142-143	insertional_handle_SGRPGSLS	8	-6.019067	0.015420	-6.019067	direct_insert_strongly_deleterious	-4.570301	-4.476028	-4.468394	-4.505993;-4.662776	2AAdel_spanning_junction	-4.468394	deletion_context_strongly_deleterious	-2.713033	Bakhache_2024_NatMicrobiol_Dryad_10.5061_dryad.866t1g1xm_QVEU_eva71_dimple_c99331a6
138|139	138	A	139	R	143|144	143	exact_aligned	high	A89 flanking residues align directly to adjacent EV-A71 2C residues	133:ATSVLA|RMLTVE:144	138:ATGIIA|RAIADK:149	143	144	143-144	insertional_handle_SGRPGSLS	8	-4.222270	0.053576	-4.222270	direct_insert_strongly_deleterious	-4.476028	-4.505993	-4.319974	-4.662776;-4.483604	2AAdel_spanning_junction	-4.319974	deletion_context_strongly_deleterious	-2.851645	Bakhache_2024_NatMicrobiol_Dryad_10.5061_dryad.866t1g1xm_QVEU_eva71_dimple_c99331a6
139|140	139	R	140	M	144|145	144	exact_aligned	high	A89 flanking residues align directly to adjacent EV-A71 2C residues	134:TSVLAR|MLTVET:145	139:TGIIAR|AIADKY:150	144	145	144-145	insertional_handle_SGRPGSLS	8	-5.626087	0.020248	-5.626087	direct_insert_strongly_deleterious	-4.505993	-4.476028	-4.513346	-4.483604;-4.452950	3AAdel_spanning_option_2	-4.452950	deletion_context_strongly_deleterious	-2.476556	Bakhache_2024_NatMicrobiol_Dryad_10.5061_dryad.866t1g1xm_QVEU_eva71_dimple_c99331a6
140|141	140	M	141	L	145|146	145	exact_aligned	high	A89 flanking residues align directly to adjacent EV-A71 2C residues	135:SVLARM|LTVETD:146	140:GIIARA|IADKYH:151	145	146	145-146	insertional_handle_SGRPGSLS	8	-5.835740	0.017509	-5.835740	direct_insert_strongly_deleterious	-4.476028	-4.687699	-4.505993	-4.452950;-4.563356	3AAdel_spanning_option_1	-4.452950	deletion_context_strongly_deleterious	-2.109089	Bakhache_2024_NatMicrobiol_Dryad_10.5061_dryad.866t1g1xm_QVEU_eva71_dimple_c99331a6
141|142	141	L	142	T	146|147	146	exact_aligned	high	A89 flanking residues align directly to adjacent EV-A71 2C residues	136:VLARML|TVETDI:147	141:IIARAI|ADKYHS:152	146	147	146-147	insertional_handle_SGRPGSLS	8	-5.886731	0.016901	-5.886731	direct_insert_strongly_deleterious	-4.687699	-4.421327	-4.498585	-4.563356;-4.445137	1AAdel_right_residue	-4.421327	deletion_context_strongly_deleterious	-2.451075	Bakhache_2024_NatMicrobiol_Dryad_10.5061_dryad.866t1g1xm_QVEU_eva71_dimple_c99331a6
142|143	142	T	143	V	147|148;148|149;149|150	147-149	ambiguous	low	A89 junction spans multiple EV-A71 residues/junctions in the sequence alignment	137:LARMLT|VETDIY:148		147	150	147-150	insertional_handle_SGRPGSLS	8	-5.981520	0.015826	-6.108727;-6.080775;-5.981520	direct_insert_strongly_deleterious							no_direct_deletion_context		Bakhache_2024_NatMicrobiol_Dryad_10.5061_dryad.866t1g1xm_QVEU_eva71_dimple_c99331a6
143|144	143	V	144	E	150|151	150	exact_aligned	high	A89 flanking residues align directly to adjacent EV-A71 2C residues	138:ARMLTV|ETDIYS:149	145:AIADKY|HSSVYS:156	150	151	150-151	insertional_handle_SGRPGSLS	8	-5.991901	0.015713	-5.991901	direct_insert_strongly_deleterious	-4.319974	-4.830800	-4.520645	-4.483604;-4.513346	1AAdel_left_residue	-4.319974	deletion_context_strongly_deleterious	-2.252169	Bakhache_2024_NatMicrobiol_Dryad_10.5061_dryad.866t1g1xm_QVEU_eva71_dimple_c99331a6
144|145	144	E	145	T	151|152	151	exact_aligned	high	A89 flanking residues align directly to adjacent EV-A71 2C residues	139:RMLTVE|TDIYSL:150	146:IADKYH|SSVYSL:157	151	152	151-152	insertional_handle_SGRPGSLS	8	-5.843756	0.017412	-5.843756	direct_insert_strongly_deleterious	-4.830800	-4.857117	-4.820076	-4.513346;-4.527891	3AAdel_spanning_option_1	-4.513346	deletion_context_strongly_deleterious	-2.474396	Bakhache_2024_NatMicrobiol_Dryad_10.5061_dryad.866t1g1xm_QVEU_eva71_dimple_c99331a6
145|146	145	T	146	D	152|153	152	exact_aligned	high	A89 flanking residues align directly to adjacent EV-A71 2C residues	140:MLTVET|DIYSLP:151	147:ADKYHS|SVYSLP:158	152	153	152-153	insertional_handle_SGRPGSLS	8	-5.782008	0.018174	-5.782008	direct_insert_strongly_deleterious	-4.857117	-4.979220	-5.032924	-4.527891;-5.032924	3AAdel_spanning_option_1	-4.527891	deletion_context_strongly_deleterious	-2.551029	Bakhache_2024_NatMicrobiol_Dryad_10.5061_dryad.866t1g1xm_QVEU_eva71_dimple_c99331a6
146|147	146	D	147	I	153|154	153	exact_aligned	high	A89 flanking residues align directly to adjacent EV-A71 2C residues	141:LTVETD|IYSLPP:152	148:DKYHSS|VYSLPP:159	153	154	153-154	insertional_handle_SGRPGSLS	8	-5.971030	0.015942	-5.971030	direct_insert_strongly_deleterious	-4.979220	-5.010897	-4.951246	-5.032924;-4.951246	2AAdel_spanning_junction	-4.951246	deletion_context_strongly_deleterious	-2.667206	Bakhache_2024_NatMicrobiol_Dryad_10.5061_dryad.866t1g1xm_QVEU_eva71_dimple_c99331a6
147|148	147	I	148	Y	154|155	154	exact_aligned	high	A89 flanking residues align directly to adjacent EV-A71 2C residues	142:TVETDI|YSLPPD:153	149:KYHSSV|YSLPPD:160	154	155	154-155	insertional_handle_SGRPGSLS	8	-5.835740	0.017509	-5.835740	direct_insert_strongly_deleterious	-5.010897	-4.922467	-5.230023	-4.951246;-5.006432	1AAdel_right_residue	-4.922467	deletion_context_strongly_deleterious	-3.045725	Bakhache_2024_NatMicrobiol_Dryad_10.5061_dryad.866t1g1xm_QVEU_eva71_dimple_c99331a6
148|149	148	Y	149	S	155|156	155	exact_aligned	high	A89 flanking residues align directly to adjacent EV-A71 2C residues	143:VETDIY|SLPPDP:154	150:YHSSVY|SLPPDP:161	155	156	155-156	insertional_handle_SGRPGSLS	8	-5.905671	0.016681	-5.905671	direct_insert_strongly_deleterious	-4.922467	-4.872581	-5.120480	-5.006432;-4.988373	1AAdel_right_residue	-4.872581	deletion_context_strongly_deleterious	-2.813101	Bakhache_2024_NatMicrobiol_Dryad_10.5061_dryad.866t1g1xm_QVEU_eva71_dimple_c99331a6
149|150	149	S	150	L	156|157	156	exact_aligned	high	A89 flanking residues align directly to adjacent EV-A71 2C residues	144:ETDIYS|LPPDPK:155	151:HSSVYS|LPPDPD:162	156	157	156-157	insertional_handle_SGRPGSLS	8	-5.942508	0.016260	-5.942508	direct_insert_strongly_deleterious	-4.872581	-5.050203	-4.764660	-4.988373;-4.764660	2AAdel_spanning_junction	-4.764660	deletion_context_strongly_deleterious	-2.511967	Bakhache_2024_NatMicrobiol_Dryad_10.5061_dryad.866t1g1xm_QVEU_eva71_dimple_c99331a6
150|151	150	L	151	P	157|158	157	exact_aligned	high	A89 flanking residues align directly to adjacent EV-A71 2C residues	145:TDIYSL|PPDPKY:156	152:SSVYSL|PPDPDH:163	157	158	157-158	insertional_handle_SGRPGSLS	8	-5.743042	0.018671	-5.743042	direct_insert_strongly_deleterious	-5.050203	-4.922467	-4.882760	-4.764660;-4.887810	3AAdel_spanning_option_1	-4.764660	deletion_context_strongly_deleterious	-2.764071	Bakhache_2024_NatMicrobiol_Dryad_10.5061_dryad.866t1g1xm_QVEU_eva71_dimple_c99331a6
151|152	151	P	152	P	158|159	158	exact_aligned	high	A89 flanking residues align directly to adjacent EV-A71 2C residues	146:DIYSLP|PDPKYF:157	153:SVYSLP|PDPDHF:164	158	159	158-159	insertional_handle_SGRPGSLS	8	-6.138895	0.014191	-6.138895	direct_insert_strongly_deleterious	-4.922467	-4.851909	-5.041601	-4.887810;-4.887810	1AAdel_right_residue	-4.851909	deletion_context_strongly_deleterious	-3.129334	Bakhache_2024_NatMicrobiol_Dryad_10.5061_dryad.866t1g1xm_QVEU_eva71_dimple_c99331a6
152|153	152	P	153	D	159|160	159	exact_aligned	high	A89 flanking residues align directly to adjacent EV-A71 2C residues	147:IYSLPP|DPKYFD:158	154:VYSLPP|DPDHFD:165	159	160	159-160	insertional_handle_SGRPGSLS	8	-5.855661	0.017269	-5.855661	direct_insert_strongly_deleterious	-4.851909	-4.917589	-5.400649	-4.887810;-5.104383	1AAdel_left_residue	-4.851909	deletion_context_strongly_deleterious	-3.047104	Bakhache_2024_NatMicrobiol_Dryad_10.5061_dryad.866t1g1xm_QVEU_eva71_dimple_c99331a6
153|154	153	D	154	P	160|161	160	exact_aligned	high	A89 flanking residues align directly to adjacent EV-A71 2C residues	148:YSLPPD|PKYFDG:159	155:YSLPPD|PDHFDG:166	160	161	160-161	insertional_handle_SGRPGSLS	8	-6.111785	0.014460	-6.111785	direct_insert_strongly_deleterious	-4.917589	-5.028557		-5.104383;-5.151917	1AAdel_left_residue	-4.917589	deletion_context_strongly_deleterious	-3.087585	Bakhache_2024_NatMicrobiol_Dryad_10.5061_dryad.866t1g1xm_QVEU_eva71_dimple_c99331a6
154|155	154	P	155	K	161|162	161	exact_aligned	high	A89 flanking residues align directly to adjacent EV-A71 2C residues	149:SLPPDP|KYFDGY:160	156:SLPPDP|DHFDGY:167	161	162	161-162	insertional_handle_SGRPGSLS	8	-5.981520	0.015826	-5.981520	direct_insert_strongly_deleterious	-5.028557	-4.630722	-5.484513	-5.151917;-4.960658	1AAdel_right_residue	-4.630722	deletion_context_strongly_deleterious	-1.915155	Bakhache_2024_NatMicrobiol_Dryad_10.5061_dryad.866t1g1xm_QVEU_eva71_dimple_c99331a6
155|156	155	K	156	Y	162|163	162	exact_aligned	high	A89 flanking residues align directly to adjacent EV-A71 2C residues	150:LPPDPK|YFDGYD:161	157:LPPDPD|HFDGYK:168	162	163	162-163	insertional_handle_SGRPGSLS	8	-5.967509	0.015981	-5.967509	direct_insert_strongly_deleterious	-4.630722	-5.058732	-4.809236	-4.960658;-4.675315	1AAdel_left_residue	-4.630722	deletion_context_strongly_deleterious	-1.573890	Bakhache_2024_NatMicrobiol_Dryad_10.5061_dryad.866t1g1xm_QVEU_eva71_dimple_c99331a6
156|157	156	Y	157	F	163|164	163	exact_aligned	high	A89 flanking residues align directly to adjacent EV-A71 2C residues	151:PPDPKY|FDGYDQ:162	158:PPDPDH|FDGYKQ:169	163	164	163-164	insertional_handle_SGRPGSLS	8	-5.953299	0.016139	-5.953299	direct_insert_strongly_deleterious	-5.058732	-4.965331	-4.965331	-4.675315;-4.735756	3AAdel_spanning_option_1	-4.675315	deletion_context_strongly_deleterious	-2.890196	Bakhache_2024_NatMicrobiol_Dryad_10.5061_dryad.866t1g1xm_QVEU_eva71_dimple_c99331a6
157|158	157	F	158	D	164|165	164	exact_aligned	high	A89 flanking residues align directly to adjacent EV-A71 2C residues	152:PDPKYF|DGYDQQ:163	159:PDPDHF|DGYKQQ:170	164	165	164-165	insertional_handle_SGRPGSLS	8	-5.827659	0.017608	-5.827659	direct_insert_strongly_deleterious	-4.965331	-5.092138	-4.965331	-4.735756;-4.862299	3AAdel_spanning_option_1	-4.735756	deletion_context_strongly_deleterious	-2.925977	Bakhache_2024_NatMicrobiol_Dryad_10.5061_dryad.866t1g1xm_QVEU_eva71_dimple_c99331a6
158|159	158	D	159	G	165|166	165	exact_aligned	high	A89 flanking residues align directly to adjacent EV-A71 2C residues	153:DPKYFD|GYDQQS:164	160:DPDHFD|GYKQQI:171	165	166	165-166	insertional_handle_SGRPGSLS	8	-6.029067	0.015313	-6.029067	direct_insert_strongly_deleterious	-5.092138	-4.951246	-4.887810	-4.862299;-4.705992	3AAdel_spanning_option_2	-4.705992	deletion_context_strongly_deleterious	-2.766145	Bakhache_2024_NatMicrobiol_Dryad_10.5061_dryad.866t1g1xm_QVEU_eva71_dimple_c99331a6
159|160	159	G	160	Y	166|167	166	exact_aligned	high	A89 flanking residues align directly to adjacent EV-A71 2C residues	154:PKYFDG|YDQQSV:165	161:PDHFDG|YKQQIV:172	166	167	166-167	insertional_handle_SGRPGSLS	8	-6.045515	0.015140	-6.045515	direct_insert_strongly_deleterious	-4.951246	-4.841410	-5.088023	-4.705992;-5.108432	3AAdel_spanning_option_1	-4.705992	deletion_context_strongly_deleterious	-2.883754	Bakhache_2024_NatMicrobiol_Dryad_10.5061_dryad.866t1g1xm_QVEU_eva71_dimple_c99331a6
160|161	160	Y	161	D	167|168	167	exact_aligned	high	A89 flanking residues align directly to adjacent EV-A71 2C residues	155:KYFDGY|DQQSVV:166	162:DHFDGY|KQQIVT:173	167	168	167-168	insertional_handle_SGRPGSLS	8	-5.738617	0.018729	-5.738617	direct_insert_strongly_deleterious	-4.841410	-4.965331	-4.836119	-5.108432;-5.083891	2AAdel_spanning_junction	-4.836119	deletion_context_strongly_deleterious	-3.008525	Bakhache_2024_NatMicrobiol_Dryad_10.5061_dryad.866t1g1xm_QVEU_eva71_dimple_c99331a6
161|162	161	D	162	Q	168|169	168	exact_aligned	high	A89 flanking residues align directly to adjacent EV-A71 2C residues	156:YFDGYD|QQSVVI:167	163:HFDGYK|QQIVTV:174	168	169	168-169	insertional_handle_SGRPGSLS	8	-5.953299	0.016139	-5.953299	direct_insert_strongly_deleterious	-4.965331	-5.024171	-5.083891	-5.083891;-5.155778	1AAdel_left_residue	-4.965331	deletion_context_strongly_deleterious	-2.620608	Bakhache_2024_NatMicrobiol_Dryad_10.5061_dryad.866t1g1xm_QVEU_eva71_dimple_c99331a6
162|163	162	Q	163	Q	169|170	169	exact_aligned	high	A89 flanking residues align directly to adjacent EV-A71 2C residues	157:FDGYDQ|QSVVIM:168	164:FDGYKQ|QIVTVM:175	169	170	169-170	insertional_handle_SGRPGSLS	8	-6.087054	0.014710	-6.087054	direct_insert_strongly_deleterious	-5.024171	-4.836119	-4.887810	-5.155778;-5.028557	1AAdel_right_residue	-4.836119	deletion_context_strongly_deleterious	-2.396125	Bakhache_2024_NatMicrobiol_Dryad_10.5061_dryad.866t1g1xm_QVEU_eva71_dimple_c99331a6
163|164	163	Q	164	S	170|171	170	exact_aligned	high	A89 flanking residues align directly to adjacent EV-A71 2C residues	158:DGYDQQ|SVVIMD:169	165:DGYKQQ|IVTVMD:176	170	171	170-171	insertional_handle_SGRPGSLS	8	-5.590729	0.020750	-5.590729	direct_insert_strongly_deleterious	-4.836119	-5.100318	-4.969982	-5.028557;-4.637215	3AAdel_spanning_option_2	-4.637215	deletion_context_strongly_deleterious	-2.002096	Bakhache_2024_NatMicrobiol_Dryad_10.5061_dryad.866t1g1xm_QVEU_eva71_dimple_c99331a6
164|165	164	S	165	V	171|172	171	exact_aligned	high	A89 flanking residues align directly to adjacent EV-A71 2C residues	159:GYDQQS|VVIMDD:170	166:GYKQQI|VTVMDD:177	171	172	171-172	insertional_handle_SGRPGSLS	8	-5.575185	0.020975	-5.575185	direct_insert_strongly_deleterious	-5.100318	-4.687699	-4.498585	-4.637215;-4.068660	3AAdel_spanning_option_2	-4.068660	deletion_context_strongly_deleterious	-2.078827	Bakhache_2024_NatMicrobiol_Dryad_10.5061_dryad.866t1g1xm_QVEU_eva71_dimple_c99331a6
165|166	165	V	166	V	172|173	172	exact_aligned	high	A89 flanking residues align directly to adjacent EV-A71 2C residues	160:YDQQSV|VIMDDI:171	167:YKQQIV|TVMDDL:178	172	173	172-173	insertional_handle_SGRPGSLS	8	-5.988452	0.015751	-5.988452	direct_insert_strongly_deleterious	-4.687699	-4.882760	-4.699932	-4.068660;-4.445137	3AAdel_spanning_option_1	-4.068660	deletion_context_strongly_deleterious	-2.374132	Bakhache_2024_NatMicrobiol_Dryad_10.5061_dryad.866t1g1xm_QVEU_eva71_dimple_c99331a6
166|167	166	V	167	I	173|174	173	exact_aligned	high	A89 flanking residues align directly to adjacent EV-A71 2C residues	161:DQQSVV|IMDDIM:172	168:KQQIVT|VMDDLC:179	173	174	173-174	insertional_handle_SGRPGSLS	8	-5.660236	0.019774	-5.660236	direct_insert_strongly_deleterious	-4.882760	-4.699932	-4.851909	-4.445137;-4.955963	3AAdel_spanning_option_1	-4.445137	deletion_context_strongly_deleterious	-1.909781	Bakhache_2024_NatMicrobiol_Dryad_10.5061_dryad.866t1g1xm_QVEU_eva71_dimple_c99331a6
167|168	167	I	168	M	174|175	174	exact_aligned	high	A89 flanking residues align directly to adjacent EV-A71 2C residues	162:QQSVVI|MDDIMQ:173	169:QQIVTV|MDDLCQ:180	174	175	174-175	insertional_handle_SGRPGSLS	8	-5.595858	0.020677	-5.595858	direct_insert_strongly_deleterious	-4.699932	-0.924258	-4.917589	-4.955963;-4.825452	1AAdel_right_residue	-0.924258	deletion_context_partly_deleterious	-2.492337	Bakhache_2024_NatMicrobiol_Dryad_10.5061_dryad.866t1g1xm_QVEU_eva71_dimple_c99331a6
168|169	168	M	169	D	175|176	175	exact_aligned	high	A89 flanking residues align directly to adjacent EV-A71 2C residues	163:QSVVIM|DDIMQN:174	170:QIVTVM|DDLCQN:181	175	176	175-176	insertional_handle_SGRPGSLS	8	-5.635963	0.020110	-5.635963	direct_insert_strongly_deleterious	-0.924258	-4.872581	-5.226439	-4.825452;-4.974612	1AAdel_left_residue	-0.924258	deletion_context_partly_deleterious	-3.126409	Bakhache_2024_NatMicrobiol_Dryad_10.5061_dryad.866t1g1xm_QVEU_eva71_dimple_c99331a6
169|170	169	D	170	D	176|177	176	exact_aligned	high	A89 flanking residues align directly to adjacent EV-A71 2C residues	164:SVVIMD|DIMQNP:175	171:IVTVMD|DLCQNP:182	176	177	176-177	insertional_handle_SGRPGSLS	8	-5.569949	0.021051	-5.569949	direct_insert_strongly_deleterious	-4.872581	-4.983807	-5.230023	-4.974612;-5.124464	1AAdel_left_residue	-4.872581	deletion_context_strongly_deleterious	-2.927757	Bakhache_2024_NatMicrobiol_Dryad_10.5061_dryad.866t1g1xm_QVEU_eva71_dimple_c99331a6
170|171	170	D	171	I	177|178	177	exact_aligned	high	A89 flanking residues align directly to adjacent EV-A71 2C residues	165:VVIMDD|IMQNPS:176	172:VTVMDD|LCQNPD:183	177	178	177-178	insertional_handle_SGRPGSLS	8	-5.635963	0.020110	-5.635963	direct_insert_strongly_deleterious	-4.983807	-4.718004	-5.079741	-5.124464;-4.936960	1AAdel_right_residue	-4.718004	deletion_context_strongly_deleterious	-2.755350	Bakhache_2024_NatMicrobiol_Dryad_10.5061_dryad.866t1g1xm_QVEU_eva71_dimple_c99331a6
171|172	171	I	172	M	178|179	178	exact_aligned	high	A89 flanking residues align directly to adjacent EV-A71 2C residues	166:VIMDDI|MQNPSG:177	173:TVMDDL|CQNPDG:184	178	179	178-179	insertional_handle_SGRPGSLS	8	-5.569949	0.021051	-5.569949	direct_insert_strongly_deleterious	-4.718004	-4.872581	-4.814671	-4.936960;-5.079741	1AAdel_left_residue	-4.718004	deletion_context_strongly_deleterious	-2.489551	Bakhache_2024_NatMicrobiol_Dryad_10.5061_dryad.866t1g1xm_QVEU_eva71_dimple_c99331a6
172|173	172	M	173	Q	179|180	179	exact_aligned	high	A89 flanking residues align directly to adjacent EV-A71 2C residues	167:IMDDIM|QNPSGE:178	174:VMDDLC|QNPDGK:185	179	180	179-180	insertional_handle_SGRPGSLS	8	-5.679239	0.019515	-5.679239	direct_insert_strongly_deleterious	-4.872581	-4.955963	-4.983807	-5.079741;-4.792752	3AAdel_spanning_option_2	-4.792752	deletion_context_strongly_deleterious	-2.945206	Bakhache_2024_NatMicrobiol_Dryad_10.5061_dryad.866t1g1xm_QVEU_eva71_dimple_c99331a6
173|174	173	Q	174	N	180|181	180	exact_aligned	high	A89 flanking residues align directly to adjacent EV-A71 2C residues	168:MDDIMQ|NPSGED:179	175:MDDLCQ|NPDGKD:186	180	181	180-181	insertional_handle_SGRPGSLS	8	-5.669783	0.019644	-5.669783	direct_insert_strongly_deleterious	-4.955963	-5.050203	-4.902810	-4.792752;-4.814671	3AAdel_spanning_option_1	-4.792752	deletion_context_strongly_deleterious	-3.469486	Bakhache_2024_NatMicrobiol_Dryad_10.5061_dryad.866t1g1xm_QVEU_eva71_dimple_c99331a6
174|175	174	N	175	P	181|182	181	exact_aligned	high	A89 flanking residues align directly to adjacent EV-A71 2C residues	169:DDIMQN|PSGEDM:180	176:DDLCQN|PDGKDM:187	181	182	181-182	insertional_handle_SGRPGSLS	8	-6.002175	0.015601	-6.002175	direct_insert_strongly_deleterious	-5.050203	-4.997444	-5.075574	-4.814671;-5.071390	3AAdel_spanning_option_1	-4.814671	deletion_context_strongly_deleterious	-3.274630	Bakhache_2024_NatMicrobiol_Dryad_10.5061_dryad.866t1g1xm_QVEU_eva71_dimple_c99331a6
175|176	175	P	176	S	182|183	182	exact_aligned	high	A89 flanking residues align directly to adjacent EV-A71 2C residues	170:DIMQNP|SGEDMT:181	177:DLCQNP|DGKDMS:188	182	183	182-183	insertional_handle_SGRPGSLS	8	-5.679239	0.019515	-5.679239	direct_insert_strongly_deleterious	-4.997444	-4.857117	-4.825452	-5.071390;-5.112464	2AAdel_spanning_junction	-4.825452	deletion_context_strongly_deleterious	-3.205836	Bakhache_2024_NatMicrobiol_Dryad_10.5061_dryad.866t1g1xm_QVEU_eva71_dimple_c99331a6
176|177	176	S	177	G	183|184	183	exact_aligned	high	A89 flanking residues align directly to adjacent EV-A71 2C residues	171:IMQNPS|GEDMTL:182	178:LCQNPD|GKDMSL:189	183	184	183-184	insertional_handle_SGRPGSLS	8	-5.729709	0.018845	-5.729709	direct_insert_strongly_deleterious	-4.857117	-4.803771	-5.186141	-5.112464;-5.079741	1AAdel_right_residue	-4.803771	deletion_context_strongly_deleterious	-3.220697	Bakhache_2024_NatMicrobiol_Dryad_10.5061_dryad.866t1g1xm_QVEU_eva71_dimple_c99331a6
177|178	177	G	178	E	184|185	184	exact_aligned	high	A89 flanking residues align directly to adjacent EV-A71 2C residues	172:MQNPSG|EDMTLF:183	179:CQNPDG|KDMSLF:190	184	185	184-185	insertional_handle_SGRPGSLS	8	-5.760548	0.018446	-5.760548	direct_insert_strongly_deleterious	-4.803771	-4.846673	-5.096236	-5.079741;-5.289068	1AAdel_left_residue	-4.803771	deletion_context_strongly_deleterious	-2.697798	Bakhache_2024_NatMicrobiol_Dryad_10.5061_dryad.866t1g1xm_QVEU_eva71_dimple_c99331a6
178|179	178	E	179	D	185|186	185	exact_aligned	high	A89 flanking residues align directly to adjacent EV-A71 2C residues	173:QNPSGE|DMTLFC:184	180:QNPDGK|DMSLFC:191	185	186	185-186	insertional_handle_SGRPGSLS	8	-5.738617	0.018729	-5.738617	direct_insert_strongly_deleterious	-4.846673	-5.032924	-5.104383	-5.289068;-4.932152	1AAdel_left_residue	-4.846673	deletion_context_strongly_deleterious	-2.621626	Bakhache_2024_NatMicrobiol_Dryad_10.5061_dryad.866t1g1xm_QVEU_eva71_dimple_c99331a6
179|180	179	D	180	M	186|187	186	exact_aligned	high	A89 flanking residues align directly to adjacent EV-A71 2C residues	174:NPSGED|MTLFCQ:185	181:NPDGKD|MSLFCQ:192	186	187	186-187	insertional_handle_SGRPGSLS	8	-5.711649	0.019082	-5.711649	direct_insert_strongly_deleterious	-5.032924	-4.974612	-5.054477	-4.932152;-5.071390	3AAdel_spanning_option_1	-4.932152	deletion_context_strongly_deleterious	-2.906151	Bakhache_2024_NatMicrobiol_Dryad_10.5061_dryad.866t1g1xm_QVEU_eva71_dimple_c99331a6
180|181	180	M	181	T	187|188	187	exact_aligned	high	A89 flanking residues align directly to adjacent EV-A71 2C residues	175:PSGEDM|TLFCQM:186	182:PDGKDM|SLFCQM:193	187	188	187-188	insertional_handle_SGRPGSLS	8	-5.815414	0.017758	-5.815414	direct_insert_strongly_deleterious	-4.974612	-5.120480	-5.045911	-5.071390;-5.092138	1AAdel_left_residue	-4.974612	deletion_context_strongly_deleterious	-2.496047	Bakhache_2024_NatMicrobiol_Dryad_10.5061_dryad.866t1g1xm_QVEU_eva71_dimple_c99331a6
181|182	181	T	182	L	188|189	188	exact_aligned	high	A89 flanking residues align directly to adjacent EV-A71 2C residues	176:SGEDMT|LFCQMV:187	183:DGKDMS|LFCQMV:194	188	189	188-189	insertional_handle_SGRPGSLS	8	-5.743042	0.018671	-5.743042	direct_insert_strongly_deleterious	-5.120480	-4.643667	-5.041601	-5.092138;-4.988373	1AAdel_right_residue	-4.643667	deletion_context_strongly_deleterious	-2.123685	Bakhache_2024_NatMicrobiol_Dryad_10.5061_dryad.866t1g1xm_QVEU_eva71_dimple_c99331a6
182|183	182	L	183	F	189|190	189	exact_aligned	high	A89 flanking residues align directly to adjacent EV-A71 2C residues	177:GEDMTL|FCQMVS:188	184:GKDMSL|FCQMVS:195	189	190	189-190	insertional_handle_SGRPGSLS	8	-5.747447	0.018614	-5.747447	direct_insert_strongly_deleterious	-4.643667	-2.020394	-4.820076	-4.988373;-4.907761	1AAdel_right_residue	-2.020394	deletion_context_strongly_deleterious	-2.413227	Bakhache_2024_NatMicrobiol_Dryad_10.5061_dryad.866t1g1xm_QVEU_eva71_dimple_c99331a6
183|184	183	F	184	C	190|191	190	exact_aligned	high	A89 flanking residues align directly to adjacent EV-A71 2C residues	178:EDMTLF|CQMVSS:189	185:KDMSLF|CQMVST:196	190	191	190-191	insertional_handle_SGRPGSLS	8	-5.470694	0.022551	-5.470694	direct_insert_strongly_deleterious	-2.020394	-4.955963	-4.735756	-4.907761;-4.825452	1AAdel_left_residue	-2.020394	deletion_context_strongly_deleterious	-2.919141	Bakhache_2024_NatMicrobiol_Dryad_10.5061_dryad.866t1g1xm_QVEU_eva71_dimple_c99331a6
184|185	184	C	185	Q	191|192	191	exact_aligned	high	A89 flanking residues align directly to adjacent EV-A71 2C residues	179:DMTLFC|QMVSSV:190	186:DMSLFC|QMVSTV:197	191	192	191-192	insertional_handle_SGRPGSLS	8	-5.441280	0.023015	-5.441280	direct_insert_strongly_deleterious	-4.955963	-4.851909	-4.897835	-4.825452;-4.992919	3AAdel_spanning_option_1	-4.825452	deletion_context_strongly_deleterious	-2.818939	Bakhache_2024_NatMicrobiol_Dryad_10.5061_dryad.866t1g1xm_QVEU_eva71_dimple_c99331a6
185|186	185	Q	186	M	192|193	192	exact_aligned	high	A89 flanking residues align directly to adjacent EV-A71 2C residues	180:MTLFCQ|MVSSVP:191	187:MSLFCQ|MVSTVD:198	192	193	192-193	insertional_handle_SGRPGSLS	8	-5.843756	0.017412	-5.843756	direct_insert_strongly_deleterious	-4.851909	-4.675315	-4.983807	-4.992919;-5.104383	1AAdel_right_residue	-4.675315	deletion_context_strongly_deleterious	-2.853240	Bakhache_2024_NatMicrobiol_Dryad_10.5061_dryad.866t1g1xm_QVEU_eva71_dimple_c99331a6
186|187	186	M	187	V	193|194	193	exact_aligned	high	A89 flanking residues align directly to adjacent EV-A71 2C residues	181:TLFCQM|VSSVPF:192	188:SLFCQM|VSTVDF:199	193	194	193-194	insertional_handle_SGRPGSLS	8	-5.621111	0.020318	-5.621111	direct_insert_strongly_deleterious	-4.675315	-4.699932	-5.112464	-5.104383;-5.062969	1AAdel_left_residue	-4.675315	deletion_context_strongly_deleterious	-2.783148	Bakhache_2024_NatMicrobiol_Dryad_10.5061_dryad.866t1g1xm_QVEU_eva71_dimple_c99331a6
187|188	187	V	188	S	194|195	194	exact_aligned	high	A89 flanking residues align directly to adjacent EV-A71 2C residues	182:LFCQMV|SSVPFI:193	189:LFCQMV|STVDFI:200	194	195	194-195	insertional_handle_SGRPGSLS	8	-5.782008	0.018174	-5.782008	direct_insert_strongly_deleterious	-4.699932	-5.200983	-4.951246	-5.062969;-4.764660	1AAdel_left_residue	-4.699932	deletion_context_strongly_deleterious	-2.596711	Bakhache_2024_NatMicrobiol_Dryad_10.5061_dryad.866t1g1xm_QVEU_eva71_dimple_c99331a6
188|189	188	S	189	S	195|196	195	exact_aligned	high	A89 flanking residues align directly to adjacent EV-A71 2C residues	183:FCQMVS|SVPFIP:194	190:FCQMVS|TVDFIP:201	195	196	195-196	insertional_handle_SGRPGSLS	8	-5.927936	0.016425	-5.927936	direct_insert_strongly_deleterious	-5.200983	-5.083891	-5.124464	-4.764660;-5.010897	3AAdel_spanning_option_1	-4.764660	deletion_context_strongly_deleterious	-2.557475	Bakhache_2024_NatMicrobiol_Dryad_10.5061_dryad.866t1g1xm_QVEU_eva71_dimple_c99331a6
189|190	189	S	190	V	196|197	196	exact_aligned	high	A89 flanking residues align directly to adjacent EV-A71 2C residues	184:CQMVSS|VPFIPP:195	191:CQMVST|VDFIPP:202	196	197	196-197	insertional_handle_SGRPGSLS	8	-6.048772	0.015106	-6.048772	direct_insert_strongly_deleterious	-5.083891	-4.992919	-5.071390	-5.010897;-4.877683	3AAdel_spanning_option_2	-4.877683	deletion_context_strongly_deleterious	-2.582322	Bakhache_2024_NatMicrobiol_Dryad_10.5061_dryad.866t1g1xm_QVEU_eva71_dimple_c99331a6
190|191	190	V	191	P	197|198	197	exact_aligned	high	A89 flanking residues align directly to adjacent EV-A71 2C residues	185:QMVSSV|PFIPPM:196	192:QMVSTV|DFIPPM:203	197	198	197-198	insertional_handle_SGRPGSLS	8	-5.764877	0.018391	-5.764877	direct_insert_strongly_deleterious	-4.992919	-4.932152	-5.104383	-4.877683;-4.775992	3AAdel_spanning_option_2	-4.775992	deletion_context_strongly_deleterious	-2.781366	Bakhache_2024_NatMicrobiol_Dryad_10.5061_dryad.866t1g1xm_QVEU_eva71_dimple_c99331a6
191|192	191	P	192	F	198|199	198	exact_aligned	high	A89 flanking residues align directly to adjacent EV-A71 2C residues	186:MVSSVP|FIPPMA:197	193:MVSTVD|FIPPMA:204	198	199	198-199	insertional_handle_SGRPGSLS	8	-5.819512	0.017707	-5.819512	direct_insert_strongly_deleterious	-4.932152	-5.100318	-4.862299	-4.775992;-5.028557	3AAdel_spanning_option_1	-4.775992	deletion_context_strongly_deleterious	-3.032315	Bakhache_2024_NatMicrobiol_Dryad_10.5061_dryad.866t1g1xm_QVEU_eva71_dimple_c99331a6
192|193	192	F	193	I	199|200	199	exact_aligned	high	A89 flanking residues align directly to adjacent EV-A71 2C residues	187:VSSVPF|IPPMAD:198	194:VSTVDF|IPPMAS:205	199	200	199-200	insertional_handle_SGRPGSLS	8	-6.008966	0.015528	-6.008966	direct_insert_strongly_deleterious	-5.100318	-5.120480	-4.787196	-5.028557;-5.062969	2AAdel_spanning_junction	-4.787196	deletion_context_strongly_deleterious	-2.651246	Bakhache_2024_NatMicrobiol_Dryad_10.5061_dryad.866t1g1xm_QVEU_eva71_dimple_c99331a6
193|194	193	I	194	P	200|201	200	exact_aligned	high	A89 flanking residues align directly to adjacent EV-A71 2C residues	188:SSVPFI|PPMADL:199	195:STVDFI|PPMASL:206	200	201	200-201	insertional_handle_SGRPGSLS	8	-5.600960	0.020604	-5.600960	direct_insert_strongly_deleterious	-5.120480	-4.656447	-5.100318	-5.062969;-5.112464	1AAdel_right_residue	-4.656447	deletion_context_strongly_deleterious	-2.529026	Bakhache_2024_NatMicrobiol_Dryad_10.5061_dryad.866t1g1xm_QVEU_eva71_dimple_c99331a6
194|195	194	P	195	P	201|202	201	exact_aligned	high	A89 flanking residues align directly to adjacent EV-A71 2C residues	189:SVPFIP|PMADLP:200	196:TVDFIP|PMASLE:207	201	202	201-202	insertional_handle_SGRPGSLS	8	-5.886731	0.016901	-5.886731	direct_insert_strongly_deleterious	-4.656447	-4.917589	-4.825452	-5.112464;-4.960658	1AAdel_left_residue	-4.656447	deletion_context_strongly_deleterious	-3.009219	Bakhache_2024_NatMicrobiol_Dryad_10.5061_dryad.866t1g1xm_QVEU_eva71_dimple_c99331a6
195|196	195	P	196	M	202|203	202	exact_aligned	high	A89 flanking residues align directly to adjacent EV-A71 2C residues	190:VPFIPP|MADLPD:201	197:VDFIPP|MASLEE:208	202	203	202-203	insertional_handle_SGRPGSLS	8	-5.882900	0.016946	-5.882900	direct_insert_strongly_deleterious	-4.917589	-4.846673	-5.024171	-4.960658	1AAdel_right_residue	-4.846673	deletion_context_strongly_deleterious	-3.065769	Bakhache_2024_NatMicrobiol_Dryad_10.5061_dryad.866t1g1xm_QVEU_eva71_dimple_c99331a6
196|197	196	M	197	A	203|204	203	exact_aligned	high	A89 flanking residues align directly to adjacent EV-A71 2C residues	191:PFIPPM|ADLPDK:202	198:DFIPPM|ASLEEK:209	203	204	203-204	insertional_handle_SGRPGSLS	8	-5.855661	0.017269	-5.855661	direct_insert_strongly_deleterious	-4.846673	-4.955963	-5.151917	-4.867453	1AAdel_left_residue	-4.846673	deletion_context_strongly_deleterious	-3.161723	Bakhache_2024_NatMicrobiol_Dryad_10.5061_dryad.866t1g1xm_QVEU_eva71_dimple_c99331a6
197|198	197	A	198	D	204|205	204	exact_aligned	high	A89 flanking residues align directly to adjacent EV-A71 2C residues	192:FIPPMA|DLPDKG:203	199:FIPPMA|SLEEKG:210	204	205	204-205	insertional_handle_SGRPGSLS	8	-5.516028	0.021853	-5.516028	direct_insert_strongly_deleterious	-4.955963	-4.787196	-4.882760	-4.867453;-4.770342	3AAdel_spanning_option_2	-4.770342	deletion_context_strongly_deleterious	-2.105399	Bakhache_2024_NatMicrobiol_Dryad_10.5061_dryad.866t1g1xm_QVEU_eva71_dimple_c99331a6
198|199	198	D	199	L	205|206	205	exact_aligned	high	A89 flanking residues align directly to adjacent EV-A71 2C residues	193:IPPMAD|LPDKGK:204	200:IPPMAS|LEEKGV:211	205	206	205-206	insertional_handle_SGRPGSLS	8	-5.811299	0.017808	-5.811299	direct_insert_strongly_deleterious	-4.787196	-4.758946	-5.024171	-4.770342;-5.045911	1AAdel_right_residue	-4.758946	deletion_context_strongly_deleterious	-1.812737	Bakhache_2024_NatMicrobiol_Dryad_10.5061_dryad.866t1g1xm_QVEU_eva71_dimple_c99331a6
199|200	199	L	200	P	206|207	206	exact_aligned	high	A89 flanking residues align directly to adjacent EV-A71 2C residues	194:PPMADL|PDKGKP:205	201:PPMASL|EEKGVS:212	206	207	206-207	insertional_handle_SGRPGSLS	8	-5.725224	0.018903	-5.725224	direct_insert_strongly_deleterious	-4.758946	-3.215818	-4.979220	-5.045911;-5.189872	1AAdel_right_residue	-3.215818	deletion_context_strongly_deleterious	-2.309557	Bakhache_2024_NatMicrobiol_Dryad_10.5061_dryad.866t1g1xm_QVEU_eva71_dimple_c99331a6
200|201	200	P	201	D	207|208	207	exact_aligned	high	A89 flanking residues align directly to adjacent EV-A71 2C residues	195:PMADLP|DKGKPF:206	202:PMASLE|EKGVSF:213	207	208	207-208	insertional_handle_SGRPGSLS	8	-5.379723	0.024018	-5.379723	direct_insert_strongly_deleterious	-3.215818	-4.723957	-5.136322	-5.189872;-4.965331	1AAdel_left_residue	-3.215818	deletion_context_strongly_deleterious	-1.928221	Bakhache_2024_NatMicrobiol_Dryad_10.5061_dryad.866t1g1xm_QVEU_eva71_dimple_c99331a6
201|202	201	D	202	K	208|209	208	exact_aligned	high	A89 flanking residues align directly to adjacent EV-A71 2C residues	196:MADLPD|KGKPFT:207	203:MASLEE|KGVSFT:214	208	209	208-209	insertional_handle_SGRPGSLS	8	-5.707083	0.019142	-5.707083	direct_insert_strongly_deleterious	-4.723957	-4.764660	-5.079741	-4.965331;-5.041601	1AAdel_left_residue	-4.723957	deletion_context_strongly_deleterious	-2.391072	Bakhache_2024_NatMicrobiol_Dryad_10.5061_dryad.866t1g1xm_QVEU_eva71_dimple_c99331a6
202|203	202	K	203	G	209|210	209	exact_aligned	high	A89 flanking residues align directly to adjacent EV-A71 2C residues	197:ADLPDK|GKPFTS:208	204:ASLEEK|GVSFTS:215	209	210	209-210	insertional_handle_SGRPGSLS	8	-6.077620	0.014807	-6.077620	direct_insert_strongly_deleterious	-4.764660	-4.718004	-4.997444	-5.041601;-5.088023	1AAdel_right_residue	-4.718004	deletion_context_strongly_deleterious	-2.555489	Bakhache_2024_NatMicrobiol_Dryad_10.5061_dryad.866t1g1xm_QVEU_eva71_dimple_c99331a6
203|204	203	G	204	K	210|211	210	exact_aligned	high	A89 flanking residues align directly to adjacent EV-A71 2C residues	198:DLPDKG|KPFTSK:209	205:SLEEKG|VSFTSK:216	210	211	210-211	insertional_handle_SGRPGSLS	8	-3.061137	0.119814	-3.061137	direct_insert_strongly_deleterious	-4.718004	-4.955963	-5.174862	-5.088023;-5.174862	1AAdel_left_residue	-4.718004	deletion_context_strongly_deleterious	-1.711801	Bakhache_2024_NatMicrobiol_Dryad_10.5061_dryad.866t1g1xm_QVEU_eva71_dimple_c99331a6
204|205	204	K	205	P	211|212	211	exact_aligned	high	A89 flanking residues align directly to adjacent EV-A71 2C residues	199:LPDKGK|PFTSKF:210	206:LEEKGV|SFTSKF:217	211	212	211-212	insertional_handle_SGRPGSLS	8	-5.751833	0.018558	-5.751833	direct_insert_strongly_deleterious	-4.955963	-4.872581	-4.610984	-5.174862;-4.917589	2AAdel_spanning_junction	-4.610984	deletion_context_strongly_deleterious	-0.854012	Bakhache_2024_NatMicrobiol_Dryad_10.5061_dryad.866t1g1xm_QVEU_eva71_dimple_c99331a6
205|206	205	P	206	F	212|213	212	exact_aligned	high	A89 flanking residues align directly to adjacent EV-A71 2C residues	200:PDKGKP|FTSKFV:211	207:EEKGVS|FTSKFV:218	212	213	212-213	insertional_handle_SGRPGSLS	8	-5.693258	0.019327	-5.693258	direct_insert_strongly_deleterious	-4.872581	-4.862299	-4.764660	-4.917589;-4.836119	2AAdel_spanning_junction	-4.764660	deletion_context_strongly_deleterious	-1.599586	Bakhache_2024_NatMicrobiol_Dryad_10.5061_dryad.866t1g1xm_QVEU_eva71_dimple_c99331a6
206|207	206	F	207	T	213|214	213	exact_aligned	high	A89 flanking residues align directly to adjacent EV-A71 2C residues	201:DKGKPF|TSKFVL:212	208:EKGVSF|TSKFVI:219	213	214	213-214	insertional_handle_SGRPGSLS	8	-5.743042	0.018671	-5.743042	direct_insert_strongly_deleterious	-4.862299	-5.019766	-4.877683	-4.836119;-4.792752	3AAdel_spanning_option_2	-4.792752	deletion_context_strongly_deleterious	-1.690597	Bakhache_2024_NatMicrobiol_Dryad_10.5061_dryad.866t1g1xm_QVEU_eva71_dimple_c99331a6
207|208	207	T	208	S	214|215	214	exact_aligned	high	A89 flanking residues align directly to adjacent EV-A71 2C residues	202:KGKPFT|SKFVLA:213	209:KGVSFT|SKFVIA:220	214	215	214-215	insertional_handle_SGRPGSLS	8	-5.459032	0.022734	-5.459032	direct_insert_strongly_deleterious	-5.019766	-4.902810	-4.960658	-4.792752;-5.015341	3AAdel_spanning_option_1	-4.792752	deletion_context_strongly_deleterious	-1.756717	Bakhache_2024_NatMicrobiol_Dryad_10.5061_dryad.866t1g1xm_QVEU_eva71_dimple_c99331a6
208|209	208	S	209	K	215|216	215	exact_aligned	high	A89 flanking residues align directly to adjacent EV-A71 2C residues	203:GKPFTS|KFVLAS:214	210:GVSFTS|KFVIAS:221	215	216	215-216	insertional_handle_SGRPGSLS	8	-5.611086	0.020459	-5.611086	direct_insert_strongly_deleterious	-4.902810	-4.803771	-4.969982	-5.015341;-4.851909	1AAdel_right_residue	-4.803771	deletion_context_strongly_deleterious	-2.627584	Bakhache_2024_NatMicrobiol_Dryad_10.5061_dryad.866t1g1xm_QVEU_eva71_dimple_c99331a6
209|210	209	K	210	F	216|217	216	exact_aligned	high	A89 flanking residues align directly to adjacent EV-A71 2C residues	204:KPFTSK|FVLAST:215	211:VSFTSK|FVIAST:222	216	217	216-217	insertional_handle_SGRPGSLS	8	-5.898138	0.016768	-5.898138	direct_insert_strongly_deleterious	-4.803771	-4.650077	-4.887810	-4.851909;-5.024171	1AAdel_right_residue	-4.650077	deletion_context_strongly_deleterious	-2.584769	Bakhache_2024_NatMicrobiol_Dryad_10.5061_dryad.866t1g1xm_QVEU_eva71_dimple_c99331a6
210|211	210	F	211	V	217|218	217	exact_aligned	high	A89 flanking residues align directly to adjacent EV-A71 2C residues	205:PFTSKF|VLASTN:216	212:SFTSKF|VIASTN:223	217	218	217-218	insertional_handle_SGRPGSLS	8	-5.956871	0.016099	-5.956871	direct_insert_strongly_deleterious	-4.650077	-1.141651	-5.028557	-5.024171;-4.741604	1AAdel_right_residue	-1.141651	deletion_context_strongly_deleterious	-2.529480	Bakhache_2024_NatMicrobiol_Dryad_10.5061_dryad.866t1g1xm_QVEU_eva71_dimple_c99331a6
211|212	211	V	212	L	218|219	218	exact_aligned	high	A89 flanking residues align directly to adjacent EV-A71 2C residues	206:FTSKFV|LASTNH:217	213:FTSKFV|IASTNA:224	218	219	218-219	insertional_handle_SGRPGSLS	8	-5.847740	0.017364	-5.847740	direct_insert_strongly_deleterious	-1.141651	-4.887810	-4.927321	-4.741604;-5.054477	1AAdel_left_residue	-1.141651	deletion_context_strongly_deleterious	-2.134939	Bakhache_2024_NatMicrobiol_Dryad_10.5061_dryad.866t1g1xm_QVEU_eva71_dimple_c99331a6
212|213	212	L	213	A	219|220	219	exact_aligned	high	A89 flanking residues align directly to adjacent EV-A71 2C residues	207:TSKFVL|ASTNHT:218	214:TSKFVI|ASTNAS:225	219	220	219-220	insertional_handle_SGRPGSLS	8	-5.334260	0.024787	-5.334260	direct_insert_strongly_deleterious	-4.887810	-4.946507	-4.912687	-5.054477;-4.965331	1AAdel_left_residue	-4.887810	deletion_context_strongly_deleterious	-2.195300	Bakhache_2024_NatMicrobiol_Dryad_10.5061_dryad.866t1g1xm_QVEU_eva71_dimple_c99331a6
213|214	213	A	214	S	220|221	220	exact_aligned	high	A89 flanking residues align directly to adjacent EV-A71 2C residues	208:SKFVLA|STNHTL:219	215:SKFVIA|STNASN:226	220	221	220-221	insertional_handle_SGRPGSLS	8	-5.176226	0.027657	-5.176226	direct_insert_strongly_deleterious	-4.946507	-4.792752	-4.951246	-4.965331;-4.836119	1AAdel_right_residue	-4.792752	deletion_context_strongly_deleterious	-2.479039	Bakhache_2024_NatMicrobiol_Dryad_10.5061_dryad.866t1g1xm_QVEU_eva71_dimple_c99331a6
214|215	214	S	215	T	221|222	221	exact_aligned	high	A89 flanking residues align directly to adjacent EV-A71 2C residues	209:KFVLAS|TNHTLL:220	216:KFVIAS|TNASNI:227	221	222	221-222	insertional_handle_SGRPGSLS	8	-4.825647	0.035264	-4.825647	direct_insert_strongly_deleterious	-4.792752	-4.917589	-5.015341	-4.836119;-4.610984	3AAdel_spanning_option_2	-4.610984	deletion_context_strongly_deleterious	-2.564867	Bakhache_2024_NatMicrobiol_Dryad_10.5061_dryad.866t1g1xm_QVEU_eva71_dimple_c99331a6
215|216	215	T	216	N	222|223	222	exact_aligned	high	A89 flanking residues align directly to adjacent EV-A71 2C residues	210:FVLAST|NHTLLT:221	217:FVIAST|NASNII:228	222	223	222-223	insertional_handle_SGRPGSLS	8	-5.913148	0.016595	-5.913148	direct_insert_strongly_deleterious	-4.917589	-4.902810	-4.882760	-4.610984;-4.936960	3AAdel_spanning_option_1	-4.610984	deletion_context_strongly_deleterious	-2.805603	Bakhache_2024_NatMicrobiol_Dryad_10.5061_dryad.866t1g1xm_QVEU_eva71_dimple_c99331a6
216|217	216	N	217	H	223|224	223	exact_aligned	high	A89 flanking residues align directly to adjacent EV-A71 2C residues	211:VLASTN|HTLLTP:222	218:VIASTN|ASNIIV:229	223	224	223-224	insertional_handle_SGRPGSLS	8	-5.827659	0.017608	-5.827659	direct_insert_strongly_deleterious	-4.902810	-4.877683	-5.075574	-4.936960;-4.830800	3AAdel_spanning_option_2	-4.830800	deletion_context_strongly_deleterious	-2.527288	Bakhache_2024_NatMicrobiol_Dryad_10.5061_dryad.866t1g1xm_QVEU_eva71_dimple_c99331a6
217|218	217	H	218	T	224|225	224	exact_aligned	high	A89 flanking residues align directly to adjacent EV-A71 2C residues	212:LASTNH|TLLTPP:223	219:IASTNA|SNIIVP:230	224	225	224-225	insertional_handle_SGRPGSLS	8	-5.863520	0.017175	-5.863520	direct_insert_strongly_deleterious	-4.877683	-5.019766	-5.075574	-4.830800;-5.071390	3AAdel_spanning_option_1	-4.830800	deletion_context_strongly_deleterious	-1.501894	Bakhache_2024_NatMicrobiol_Dryad_10.5061_dryad.866t1g1xm_QVEU_eva71_dimple_c99331a6
218|219	218	T	219	L	225|226	225	exact_aligned	high	A89 flanking residues align directly to adjacent EV-A71 2C residues	213:ASTNHT|LLTPPT:224	220:ASTNAS|NIIVPT:231	225	226	225-226	insertional_handle_SGRPGSLS	8	-5.760548	0.018446	-5.760548	direct_insert_strongly_deleterious	-5.019766	-4.729874	-4.830800	-5.071390;-4.897835	1AAdel_right_residue	-4.729874	deletion_context_strongly_deleterious	-1.238472	Bakhache_2024_NatMicrobiol_Dryad_10.5061_dryad.866t1g1xm_QVEU_eva71_dimple_c99331a6
219|220	219	L	220	L	226|227	226	exact_aligned	high	A89 flanking residues align directly to adjacent EV-A71 2C residues	214:STNHTL|LTPPTV:225	221:STNASN|IIVPTV:232	226	227	226-227	insertional_handle_SGRPGSLS	8	-5.935248	0.016342	-5.935248	direct_insert_strongly_deleterious	-4.729874	-4.907761	-4.887810	-4.897835;-4.997444	1AAdel_left_residue	-4.729874	deletion_context_strongly_deleterious	-2.268992	Bakhache_2024_NatMicrobiol_Dryad_10.5061_dryad.866t1g1xm_QVEU_eva71_dimple_c99331a6
220|221	220	L	221	T	227|228	227	exact_aligned	high	A89 flanking residues align directly to adjacent EV-A71 2C residues	215:TNHTLL|TPPTVS:226	222:TNASNI|IVPTVS:233	227	228	227-228	insertional_handle_SGRPGSLS	8	-5.729709	0.018845	-5.729709	direct_insert_strongly_deleterious	-4.907761	-4.792752	-4.992919	-4.997444;-4.927321	1AAdel_right_residue	-4.792752	deletion_context_strongly_deleterious	-2.920014	Bakhache_2024_NatMicrobiol_Dryad_10.5061_dryad.866t1g1xm_QVEU_eva71_dimple_c99331a6
221|222	221	T	222	P	228|229	228	exact_aligned	high	A89 flanking residues align directly to adjacent EV-A71 2C residues	216:NHTLLT|PPTVSS:227	223:NASNII|VPTVSD:234	228	229	228-229	insertional_handle_SGRPGSLS	8	-5.790465	0.018067	-5.790465	direct_insert_strongly_deleterious	-4.792752	-4.681526	-5.163455	-4.927321;-5.019766	1AAdel_right_residue	-4.681526	deletion_context_strongly_deleterious	-2.754301	Bakhache_2024_NatMicrobiol_Dryad_10.5061_dryad.866t1g1xm_QVEU_eva71_dimple_c99331a6
222|223	222	P	223	P	229|230	229	exact_aligned	high	A89 flanking residues align directly to adjacent EV-A71 2C residues	217:HTLLTP|PTVSSL:228	224:ASNIIV|PTVSDS:235	229	230	229-230	insertional_handle_SGRPGSLS	8	-5.871317	0.017083	-5.871317	direct_insert_strongly_deleterious	-4.681526	-4.809236	-4.992919	-5.019766;-4.836119	1AAdel_left_residue	-4.681526	deletion_context_strongly_deleterious	-2.823579	Bakhache_2024_NatMicrobiol_Dryad_10.5061_dryad.866t1g1xm_QVEU_eva71_dimple_c99331a6
223|224	223	P	224	T	230|231	230	exact_aligned	high	A89 flanking residues align directly to adjacent EV-A71 2C residues	218:TLLTPP|TVSSLP:229	225:SNIIVP|TVSDSD:236	230	231	230-231	insertional_handle_SGRPGSLS	8	-5.978036	0.015865	-5.978036	direct_insert_strongly_deleterious	-4.809236	-4.857117	-4.814671	-4.836119;-5.092138	1AAdel_left_residue	-4.809236	deletion_context_strongly_deleterious	-2.597339	Bakhache_2024_NatMicrobiol_Dryad_10.5061_dryad.866t1g1xm_QVEU_eva71_dimple_c99331a6
224|225	224	T	225	V	231|232	231	exact_aligned	high	A89 flanking residues align directly to adjacent EV-A71 2C residues	219:LLTPPT|VSSLPA:230	226:NIIVPT|VSDSDA:237	231	232	231-232	insertional_handle_SGRPGSLS	8	-3.518970	0.087234	-3.518970	direct_insert_strongly_deleterious	-4.857117	-4.846673	-4.951246	-5.092138;-5.240700	1AAdel_right_residue	-4.846673	deletion_context_strongly_deleterious	-2.552814	Bakhache_2024_NatMicrobiol_Dryad_10.5061_dryad.866t1g1xm_QVEU_eva71_dimple_c99331a6
225|226	225	V	226	S	232|233	232	exact_aligned	high	A89 flanking residues align directly to adjacent EV-A71 2C residues	220:LTPPTV|SSLPAM:231	227:IIVPTV|SDSDAI:238	232	233	232-233	insertional_handle_SGRPGSLS	8	-6.165290	0.013934	-6.165290	direct_insert_strongly_deleterious	-4.846673	-4.882760	-5.015341	-5.240700;-5.001948	1AAdel_left_residue	-4.846673	deletion_context_strongly_deleterious	-2.657805	Bakhache_2024_NatMicrobiol_Dryad_10.5061_dryad.866t1g1xm_QVEU_eva71_dimple_c99331a6
226|227	226	S	227	S	233|234	233	exact_aligned	high	A89 flanking residues align directly to adjacent EV-A71 2C residues	221:TPPTVS|SLPAMA:232	228:IVPTVS|DSDAIR:239	233	234	233-234	insertional_handle_SGRPGSLS	8	-5.782008	0.018174	-5.782008	direct_insert_strongly_deleterious	-4.882760	-4.960658	-5.519939	-5.001948;-4.960658	1AAdel_left_residue	-4.882760	deletion_context_strongly_deleterious	-2.330357	Bakhache_2024_NatMicrobiol_Dryad_10.5061_dryad.866t1g1xm_QVEU_eva71_dimple_c99331a6
227|228	227	S	228	L	234|235	234	exact_aligned	high	A89 flanking residues align directly to adjacent EV-A71 2C residues	222:PPTVSS|LPAMAR:233	229:VPTVSD|SDAIRR:240	234	235	234-235	insertional_handle_SGRPGSLS	8	-5.855661	0.017269	-5.855661	direct_insert_strongly_deleterious	-4.960658	-4.747418		-4.960658;-4.907761	1AAdel_right_residue	-4.747418	deletion_context_strongly_deleterious	-2.385061	Bakhache_2024_NatMicrobiol_Dryad_10.5061_dryad.866t1g1xm_QVEU_eva71_dimple_c99331a6
228|229	228	L	229	P	235|236	235	exact_aligned	high	A89 flanking residues align directly to adjacent EV-A71 2C residues	223:PTVSSL|PAMARR:234	230:PTVSDS|DAIRRR:241	235	236	235-236	insertional_handle_SGRPGSLS	8	-5.769187	0.018336	-5.769187	direct_insert_strongly_deleterious	-4.747418	-4.675315	-5.599673	-4.907761;-5.050203	1AAdel_right_residue	-4.675315	deletion_context_strongly_deleterious	-1.880208	Bakhache_2024_NatMicrobiol_Dryad_10.5061_dryad.866t1g1xm_QVEU_eva71_dimple_c99331a6
229|230	229	P	230	A	236|237	236	exact_aligned	high	A89 flanking residues align directly to adjacent EV-A71 2C residues	224:TVSSLP|AMARRF:235	231:TVSDSD|AIRRRF:242	236	237	236-237	insertional_handle_SGRPGSLS	8	-5.606036	0.020531	-5.606036	direct_insert_strongly_deleterious	-4.675315	-4.643667	-5.159624	-5.050203;-4.857117	1AAdel_right_residue	-4.643667	deletion_context_strongly_deleterious	-2.018672	Bakhache_2024_NatMicrobiol_Dryad_10.5061_dryad.866t1g1xm_QVEU_eva71_dimple_c99331a6
230|231	230	A	231	M	237|238	237	exact_aligned	high	A89 flanking residues align directly to adjacent EV-A71 2C residues	225:VSSLPA|MARRFY:236	232:VSDSDA|IRRRFF:243	237	238	237-238	insertional_handle_SGRPGSLS	8	-6.005576	0.015565	-6.005576	direct_insert_strongly_deleterious	-4.643667	-4.770342	-4.735756	-4.857117;-4.997444	1AAdel_left_residue	-4.643667	deletion_context_strongly_deleterious	-2.576583	Bakhache_2024_NatMicrobiol_Dryad_10.5061_dryad.866t1g1xm_QVEU_eva71_dimple_c99331a6
231|232	231	M	232	A	238|239	238	exact_aligned	high	A89 flanking residues align directly to adjacent EV-A71 2C residues	226:SSLPAM|ARRFYF:237	233:SDSDAI|RRRFFM:244	238	239	238-239	insertional_handle_SGRPGSLS	8	-5.747447	0.018614	-5.747447	direct_insert_strongly_deleterious	-4.770342	-5.237154	-4.630722	-4.997444;-5.032924	2AAdel_spanning_junction	-4.630722	deletion_context_strongly_deleterious	-2.358028	Bakhache_2024_NatMicrobiol_Dryad_10.5061_dryad.866t1g1xm_QVEU_eva71_dimple_c99331a6
232|233	232	A	233	R	239|240	239	exact_aligned	high	A89 flanking residues align directly to adjacent EV-A71 2C residues	227:SLPAMA|RRFYFD:238	234:DSDAIR|RRFFMD:245	239	240	239-240	insertional_handle_SGRPGSLS	8	-6.029067	0.015313	-6.029067	direct_insert_strongly_deleterious	-5.237154		-4.927321	-5.032924;-5.104383	2AAdel_spanning_junction	-4.927321	deletion_context_strongly_deleterious	-2.690147	Bakhache_2024_NatMicrobiol_Dryad_10.5061_dryad.866t1g1xm_QVEU_eva71_dimple_c99331a6
233|234	233	R	234	R	240|241	240	exact_aligned	high	A89 flanking residues align directly to adjacent EV-A71 2C residues	228:LPAMAR|RFYFDL:239	235:SDAIRR|RFFMDC:246	240	241	240-241	insertional_handle_SGRPGSLS	8	-5.859598	0.017222	-5.859598	direct_insert_strongly_deleterious		-5.376220	-5.024171	-5.104383;-5.295791	2AAdel_spanning_junction	-5.024171	deletion_context_strongly_deleterious	-3.063771	Bakhache_2024_NatMicrobiol_Dryad_10.5061_dryad.866t1g1xm_QVEU_eva71_dimple_c99331a6
234|235	234	R	235	F	241|242	241	exact_aligned	high	A89 flanking residues align directly to adjacent EV-A71 2C residues	229:PAMARR|FYFDLD:240	236:DAIRRR|FFMDCD:247	241	242	241-242	insertional_handle_SGRPGSLS	8	-5.863520	0.017175	-5.863520	direct_insert_strongly_deleterious	-5.376220	-4.669065	-5.006432	-5.295791;-5.079741	1AAdel_right_residue	-4.669065	deletion_context_strongly_deleterious	-2.943190	Bakhache_2024_NatMicrobiol_Dryad_10.5061_dryad.866t1g1xm_QVEU_eva71_dimple_c99331a6
235|236	235	F	236	Y	242|243	242	exact_aligned	high	A89 flanking residues align directly to adjacent EV-A71 2C residues	230:AMARRF|YFDLDI:241	237:AIRRRF|FMDCDI:248	242	243	242-243	insertional_handle_SGRPGSLS	8	-5.851708	0.017317	-5.851708	direct_insert_strongly_deleterious	-4.669065	-4.814671	-5.071390	-5.079741;-4.718004	1AAdel_left_residue	-4.669065	deletion_context_strongly_deleterious	-2.574370	Bakhache_2024_NatMicrobiol_Dryad_10.5061_dryad.866t1g1xm_QVEU_eva71_dimple_c99331a6
236|237	236	Y	237	F	243|244	243	exact_aligned	high	A89 flanking residues align directly to adjacent EV-A71 2C residues	231:MARRFY|FDLDIQ:242	238:IRRRFF|MDCDIE:249	243	244	243-244	insertional_handle_SGRPGSLS	8	-5.927936	0.016425	-5.927936	direct_insert_strongly_deleterious	-4.814671	-5.058732	-5.088023	-4.718004;-4.936960	3AAdel_spanning_option_1	-4.718004	deletion_context_strongly_deleterious	-2.541939	Bakhache_2024_NatMicrobiol_Dryad_10.5061_dryad.866t1g1xm_QVEU_eva71_dimple_c99331a6
237|238	237	F	238	D	244|245	244	exact_aligned	high	A89 flanking residues align directly to adjacent EV-A71 2C residues	232:ARRFYF|DLDIQV:243	239:RRRFFM|DCDIEV:250	244	245	244-245	insertional_handle_SGRPGSLS	8	-5.697888	0.019265	-5.697888	direct_insert_strongly_deleterious	-5.058732	-4.969982	-5.219232	-4.936960;-4.979220	3AAdel_spanning_option_1	-4.936960	deletion_context_strongly_deleterious	-2.638084	Bakhache_2024_NatMicrobiol_Dryad_10.5061_dryad.866t1g1xm_QVEU_eva71_dimple_c99331a6
238|239	238	D	239	L	245|246	245	exact_aligned	high	A89 flanking residues align directly to adjacent EV-A71 2C residues	233:RRFYFD|LDIQVK:244	240:RRFFMD|CDIEVT:251	245	246	245-246	insertional_handle_SGRPGSLS	8	-5.606036	0.020531	-5.606036	direct_insert_strongly_deleterious	-4.969982	-4.922467	-4.907761	-4.979220;-5.144150	2AAdel_spanning_junction	-4.907761	deletion_context_strongly_deleterious	-2.616176	Bakhache_2024_NatMicrobiol_Dryad_10.5061_dryad.866t1g1xm_QVEU_eva71_dimple_c99331a6
239|240	239	L	240	D	246|247	246	exact_aligned	high	A89 flanking residues align directly to adjacent EV-A71 2C residues	234:RFYFDL|DIQVKK:245	241:RFFMDC|DIEVTD:252	246	247	246-247	insertional_handle_SGRPGSLS	8	-5.631037	0.020179	-5.631037	direct_insert_strongly_deleterious	-4.922467	-4.421327	-5.112464	-5.144150;-4.979220	1AAdel_right_residue	-4.421327	deletion_context_strongly_deleterious	-2.744971	Bakhache_2024_NatMicrobiol_Dryad_10.5061_dryad.866t1g1xm_QVEU_eva71_dimple_c99331a6
240|241	240	D	241	I	247|248	247	exact_aligned	high	A89 flanking residues align directly to adjacent EV-A71 2C residues	235:FYFDLD|IQVKKE:246	242:FFMDCD|IEVTDS:253	247	248	247-248	insertional_handle_SGRPGSLS	8	-5.942508	0.016260	-5.942508	direct_insert_strongly_deleterious	-4.421327	-4.491123	-5.075574	-4.979220;-5.208323	1AAdel_left_residue	-4.421327	deletion_context_strongly_deleterious	-2.620660	Bakhache_2024_NatMicrobiol_Dryad_10.5061_dryad.866t1g1xm_QVEU_eva71_dimple_c99331a6
241|242	241	I	242	Q	248|249	248	exact_aligned	high	A89 flanking residues align directly to adjacent EV-A71 2C residues	236:YFDLDI|QVKKEY:247	243:FMDCDI|EVTDSY:254	248	249	248-249	insertional_handle_SGRPGSLS	8	-5.843756	0.017412	-5.843756	direct_insert_strongly_deleterious	-4.491123	-4.857117	-4.979220	-5.208323;-4.872581	1AAdel_left_residue	-4.491123	deletion_context_strongly_deleterious	-2.541494	Bakhache_2024_NatMicrobiol_Dryad_10.5061_dryad.866t1g1xm_QVEU_eva71_dimple_c99331a6
242|243	242	Q	243	V	249|250	249	exact_aligned	high	A89 flanking residues align directly to adjacent EV-A71 2C residues	237:FDLDIQ|VKKEYL:248	244:MDCDIE|VTDSYK:255	249	250	249-250	insertional_handle_SGRPGSLS	8	-6.045515	0.015140	-6.045515	direct_insert_strongly_deleterious	-4.857117	-4.907761	-5.233595	-4.872581;-5.237154	1AAdel_left_residue	-4.857117	deletion_context_strongly_deleterious	-2.502452	Bakhache_2024_NatMicrobiol_Dryad_10.5061_dryad.866t1g1xm_QVEU_eva71_dimple_c99331a6
243|244	243	V	244	K	250|251	250	exact_aligned	high	A89 flanking residues align directly to adjacent EV-A71 2C residues	238:DLDIQV|KKEYLL:249	245:DCDIEV|TDSYKT:256	250	251	250-251	insertional_handle_SGRPGSLS	8	-5.843756	0.017412	-5.843756	direct_insert_strongly_deleterious	-4.907761	-4.932152	-5.092138	-5.237154;-5.182395	1AAdel_left_residue	-4.907761	deletion_context_strongly_deleterious	-2.497636	Bakhache_2024_NatMicrobiol_Dryad_10.5061_dryad.866t1g1xm_QVEU_eva71_dimple_c99331a6
244|245	244	K	245	K	251|252	251	exact_aligned	high	A89 flanking residues align directly to adjacent EV-A71 2C residues	239:LDIQVK|KEYLLD:250	246:CDIEVT|DSYKTE:257	251	252	251-252	insertional_handle_SGRPGSLS	8	-5.898138	0.016768	-5.898138	direct_insert_strongly_deleterious	-4.932152	-5.032924	-5.370019	-5.182395;-4.965331	1AAdel_left_residue	-4.932152	deletion_context_strongly_deleterious	-2.670814	Bakhache_2024_NatMicrobiol_Dryad_10.5061_dryad.866t1g1xm_QVEU_eva71_dimple_c99331a6
245|246	245	K	246	E	252|253	252	exact_aligned	high	A89 flanking residues align directly to adjacent EV-A71 2C residues	240:DIQVKK|EYLLDG:251	247:DIEVTD|SYKTEL:258	252	253	252-253	insertional_handle_SGRPGSLS	8	-5.769187	0.018336	-5.769187	direct_insert_strongly_deleterious	-5.032924	-5.136322	-4.825452	-4.965331;-5.092138	2AAdel_spanning_junction	-4.825452	deletion_context_strongly_deleterious	-2.760900	Bakhache_2024_NatMicrobiol_Dryad_10.5061_dryad.866t1g1xm_QVEU_eva71_dimple_c99331a6
246|247	246	E	247	Y	253|254	253	exact_aligned	high	A89 flanking residues align directly to adjacent EV-A71 2C residues	241:IQVKKE|YLLDGK:252	248:IEVTDS|YKTELG:259	253	254	253-254	insertional_handle_SGRPGSLS	8	-5.764877	0.018391	-5.764877	direct_insert_strongly_deleterious	-5.136322	-4.857117	-4.803771	-5.092138;-4.675315	3AAdel_spanning_option_2	-4.675315	deletion_context_strongly_deleterious	-2.805495	Bakhache_2024_NatMicrobiol_Dryad_10.5061_dryad.866t1g1xm_QVEU_eva71_dimple_c99331a6
247|248	247	Y	248	L	254|255	254	exact_aligned	high	A89 flanking residues align directly to adjacent EV-A71 2C residues	242:QVKKEY|LLDGKL:253	249:EVTDSY|KTELGR:260	254	255	254-255	insertional_handle_SGRPGSLS	8	-5.645743	0.019974	-5.645743	direct_insert_strongly_deleterious	-4.857117	-5.151917	-4.979220	-4.675315;-4.997444	3AAdel_spanning_option_1	-4.675315	deletion_context_strongly_deleterious	-2.817406	Bakhache_2024_NatMicrobiol_Dryad_10.5061_dryad.866t1g1xm_QVEU_eva71_dimple_c99331a6
248|249	248	L	249	L	255|256	255	exact_aligned	high	A89 flanking residues align directly to adjacent EV-A71 2C residues	243:VKKEYL|LDGKLD:254	250:VTDSYK|TELGRL:261	255	256	255-256	insertional_handle_SGRPGSLS	8	-5.693258	0.019327	-5.693258	direct_insert_strongly_deleterious	-5.151917	-0.288053	-5.050203	-4.997444;-5.159624	1AAdel_right_residue	-0.288053	deletion_context_partly_deleterious	-2.114803	Bakhache_2024_NatMicrobiol_Dryad_10.5061_dryad.866t1g1xm_QVEU_eva71_dimple_c99331a6
249|250	249	L	250	D	256|257	256	exact_aligned	high	A89 flanking residues align directly to adjacent EV-A71 2C residues	244:KKEYLL|DGKLDI:255	251:TDSYKT|ELGRLD:262	256	257	256-257	insertional_handle_SGRPGSLS	8	-5.693258	0.019327	-5.693258	direct_insert_strongly_deleterious	-0.288053	-0.596669	-5.275486	-5.159624;-4.872581	1AAdel_left_residue	-0.288053	deletion_context_partly_deleterious	-1.603539	Bakhache_2024_NatMicrobiol_Dryad_10.5061_dryad.866t1g1xm_QVEU_eva71_dimple_c99331a6
250|251	250	D	251	G	257|258;258|259	257-258	ambiguous	low	A89 junction spans multiple EV-A71 residues/junctions in the sequence alignment	245:KEYLLD|GKLDIA:256		257	259	257-259	insertional_handle_SGRPGSLS	8	-5.711649	0.019082	-5.924259;-5.711649	direct_insert_strongly_deleterious							no_direct_deletion_context		Bakhache_2024_NatMicrobiol_Dryad_10.5061_dryad.866t1g1xm_QVEU_eva71_dimple_c99331a6
251|252	251	G	252	K	259|260	259	exact_aligned	high	A89 flanking residues align directly to adjacent EV-A71 2C residues	246:EYLLDG|KLDIAK:257	254:YKTELG|RLDAGR:265	259	260	259-260	insertional_handle_SGRPGSLS	8	-5.665021	0.019709	-5.665021	direct_insert_strongly_deleterious	-5.104383	-4.764660	-5.251263	-5.083891;-5.222842	1AAdel_right_residue	-4.764660	deletion_context_strongly_deleterious	-1.640459	Bakhache_2024_NatMicrobiol_Dryad_10.5061_dryad.866t1g1xm_QVEU_eva71_dimple_c99331a6
252|253	252	K	253	L	260|261	260	exact_aligned	high	A89 flanking residues align directly to adjacent EV-A71 2C residues	247:YLLDGK|LDIAKS:258	255:KTELGR|LDAGRA:266	260	261	260-261	insertional_handle_SGRPGSLS	8	-5.683934	0.019452	-5.683934	direct_insert_strongly_deleterious	-4.764660	-4.846673	-4.836119	-5.222842;-5.151917	1AAdel_left_residue	-4.764660	deletion_context_strongly_deleterious	-2.180869	Bakhache_2024_NatMicrobiol_Dryad_10.5061_dryad.866t1g1xm_QVEU_eva71_dimple_c99331a6
253|254	253	L	254	D	261|262	261	exact_aligned	high	A89 flanking residues align directly to adjacent EV-A71 2C residues	248:LLDGKL|DIAKSF:259	256:TELGRL|DAGRAA:267	261	262	261-262	insertional_handle_SGRPGSLS	8	-5.660236	0.019774	-5.660236	direct_insert_strongly_deleterious	-4.846673	-4.877683	-5.272061	-5.151917;-5.258244	1AAdel_left_residue	-4.846673	deletion_context_strongly_deleterious	-2.844489	Bakhache_2024_NatMicrobiol_Dryad_10.5061_dryad.866t1g1xm_QVEU_eva71_dimple_c99331a6
254|255	254	D	255	I	262|263	262	exact_aligned	high	A89 flanking residues align directly to adjacent EV-A71 2C residues	249:LDGKLD|IAKSFR:260	257:ELGRLD|AGRAAR:268	262	263	262-263	insertional_handle_SGRPGSLS	8	-5.901912	0.016724	-5.901912	direct_insert_strongly_deleterious	-4.877683	-5.054477	-5.050203	-5.258244;-5.282300	1AAdel_left_residue	-4.877683	deletion_context_strongly_deleterious	-2.524657	Bakhache_2024_NatMicrobiol_Dryad_10.5061_dryad.866t1g1xm_QVEU_eva71_dimple_c99331a6
255|256	255	I	256	A	263|264	263	exact_aligned	high	A89 flanking residues align directly to adjacent EV-A71 2C residues	250:DGKLDI|AKSFRP:261	258:LGRLDA|GRAARL:269	263	264	263-264	insertional_handle_SGRPGSLS	8	-5.585575	0.020824	-5.585575	direct_insert_strongly_deleterious	-5.054477	-5.204660	-5.282300	-5.282300;-5.186141	1AAdel_left_residue	-5.054477	deletion_context_strongly_deleterious	-1.118386	Bakhache_2024_NatMicrobiol_Dryad_10.5061_dryad.866t1g1xm_QVEU_eva71_dimple_c99331a6
256|257	256	A	257	K	264|265	264	exact_aligned	high	A89 flanking residues align directly to adjacent EV-A71 2C residues	251:GKLDIA|KSFRPC:262	259:GRLDAG|RAARLC:270	264	265	264-265	insertional_handle_SGRPGSLS	8	-5.527047	0.021687	-5.527047	direct_insert_strongly_deleterious	-5.204660	-5.067189	-5.112464	-5.186141;-5.208323	1AAdel_right_residue	-5.067189	deletion_context_strongly_deleterious	-1.344341	Bakhache_2024_NatMicrobiol_Dryad_10.5061_dryad.866t1g1xm_QVEU_eva71_dimple_c99331a6
257|258	257	K	258	S	265|266	265	exact_aligned	high	A89 flanking residues align directly to adjacent EV-A71 2C residues	252:KLDIAK|SFRPCD:263	260:RLDAGR|AARLCS:271	265	266	265-266	insertional_handle_SGRPGSLS	8	-5.782008	0.018174	-5.782008	direct_insert_strongly_deleterious	-5.067189	-5.019766	-4.969982	-5.208323;-5.041601	2AAdel_spanning_junction	-4.969982	deletion_context_strongly_deleterious	-2.580599	Bakhache_2024_NatMicrobiol_Dryad_10.5061_dryad.866t1g1xm_QVEU_eva71_dimple_c99331a6
258|259	258	S	259	F	266|267	266	exact_aligned	high	A89 flanking residues align directly to adjacent EV-A71 2C residues	253:LDIAKS|FRPCDV:264	261:LDAGRA|ARLCSE:272	266	267	266-267	insertional_handle_SGRPGSLS	8	-5.905671	0.016681	-5.905671	direct_insert_strongly_deleterious	-5.019766	-4.927321	-5.112464	-5.041601;-5.058732	1AAdel_right_residue	-4.927321	deletion_context_strongly_deleterious	-2.450651	Bakhache_2024_NatMicrobiol_Dryad_10.5061_dryad.866t1g1xm_QVEU_eva71_dimple_c99331a6
259|260	259	F	260	R	267|268	267	exact_aligned	high	A89 flanking residues align directly to adjacent EV-A71 2C residues	254:DIAKSF|RPCDVN:265	262:DAGRAA|RLCSEN:273	267	268	267-268	insertional_handle_SGRPGSLS	8	-5.711649	0.019082	-5.711649	direct_insert_strongly_deleterious	-4.927321	-5.088023	-5.211972	-5.058732;-5.104383	1AAdel_left_residue	-4.927321	deletion_context_strongly_deleterious	-2.442635	Bakhache_2024_NatMicrobiol_Dryad_10.5061_dryad.866t1g1xm_QVEU_eva71_dimple_c99331a6
260|261	260	R	261	P	268|269	268	exact_aligned	high	A89 flanking residues align directly to adjacent EV-A71 2C residues	255:IAKSFR|PCDVNI:266	263:AGRAAR|LCSENN:274	268	269	268-269	insertional_handle_SGRPGSLS	8	-5.946118	0.016220	-5.946118	direct_insert_strongly_deleterious	-5.088023	-4.941745	-5.024171	-5.104383;-5.247754	1AAdel_right_residue	-4.941745	deletion_context_strongly_deleterious	-2.307322	Bakhache_2024_NatMicrobiol_Dryad_10.5061_dryad.866t1g1xm_QVEU_eva71_dimple_c99331a6
261|262	261	P	262	C	269|270	269	exact_aligned	high	A89 flanking residues align directly to adjacent EV-A71 2C residues	256:AKSFRP|CDVNIK:267	264:GRAARL|CSENNT:275	269	270	269-270	insertional_handle_SGRPGSLS	8	-5.798851	0.017963	-5.798851	direct_insert_strongly_deleterious	-4.941745	-4.820076	-5.092138	-5.247754;-4.630722	3AAdel_spanning_option_2	-4.630722	deletion_context_strongly_deleterious	-2.598131	Bakhache_2024_NatMicrobiol_Dryad_10.5061_dryad.866t1g1xm_QVEU_eva71_dimple_c99331a6
262|263	262	C	263	D	270|271	270	exact_aligned	high	A89 flanking residues align directly to adjacent EV-A71 2C residues	257:KSFRPC|DVNIKI:268	265:RAARLC|SENNTA:276	270	271	270-271	insertional_handle_SGRPGSLS	8	-5.971030	0.015942	-5.971030	direct_insert_strongly_deleterious	-4.820076	-4.597606	-5.136322	-4.630722;-5.233595	1AAdel_right_residue	-4.597606	deletion_context_strongly_deleterious	-1.816462	Bakhache_2024_NatMicrobiol_Dryad_10.5061_dryad.866t1g1xm_QVEU_eva71_dimple_c99331a6
263|264	263	D	264	V	271|272	271	exact_aligned	high	A89 flanking residues align directly to adjacent EV-A71 2C residues	258:SFRPCD|VNIKIG:269	266:AARLCS|ENNTAN:277	271	272	271-272	insertional_handle_SGRPGSLS	8	-5.827659	0.017608	-5.827659	direct_insert_strongly_deleterious	-4.597606	-4.955963	-5.092138	-5.233595;-5.019766	1AAdel_left_residue	-4.597606	deletion_context_strongly_deleterious	-1.415121	Bakhache_2024_NatMicrobiol_Dryad_10.5061_dryad.866t1g1xm_QVEU_eva71_dimple_c99331a6
264|265	264	V	265	N	272|273	272	exact_aligned	high	A89 flanking residues align directly to adjacent EV-A71 2C residues	259:FRPCDV|NIKIGN:270	267:ARLCSE|NNTANF:278	272	273	272-273	insertional_handle_SGRPGSLS	8	-5.827659	0.017608	-5.827659	direct_insert_strongly_deleterious	-4.955963	-4.892835	-4.960658	-5.019766;-5.226439	1AAdel_right_residue	-4.892835	deletion_context_strongly_deleterious	-2.474963	Bakhache_2024_NatMicrobiol_Dryad_10.5061_dryad.866t1g1xm_QVEU_eva71_dimple_c99331a6
265|266	265	N	266	I	273|274	273	exact_aligned	high	A89 flanking residues align directly to adjacent EV-A71 2C residues	260:RPCDVN|IKIGNA:271	268:RLCSEN|NTANFK:279	273	274	273-274	insertional_handle_SGRPGSLS	8	-5.674522	0.019579	-5.674522	direct_insert_strongly_deleterious	-4.892835	-4.775992	-5.144150	-5.226439;-5.083891	1AAdel_right_residue	-4.775992	deletion_context_strongly_deleterious	-2.040728	Bakhache_2024_NatMicrobiol_Dryad_10.5061_dryad.866t1g1xm_QVEU_eva71_dimple_c99331a6
266|267	266	I	267	K	274|275	274	exact_aligned	high	A89 flanking residues align directly to adjacent EV-A71 2C residues	261:PCDVNI|KIGNAK:272	269:LCSENN|TANFKR:280	274	275	274-275	insertional_handle_SGRPGSLS	8	-5.683934	0.019452	-5.683934	direct_insert_strongly_deleterious	-4.775992	-4.902810	-5.019766	-5.083891;-4.983807	1AAdel_left_residue	-4.775992	deletion_context_strongly_deleterious	-2.028628	Bakhache_2024_NatMicrobiol_Dryad_10.5061_dryad.866t1g1xm_QVEU_eva71_dimple_c99331a6
267|268	267	K	268	I	275|276	275	exact_aligned	high	A89 flanking residues align directly to adjacent EV-A71 2C residues	262:CDVNIK|IGNAKC:273	270:CSENNT|ANFKRC:281	275	276	275-276	insertional_handle_SGRPGSLS	8	-5.729709	0.018845	-5.729709	direct_insert_strongly_deleterious	-4.902810	-4.758946	-5.167272	-4.983807;-5.100318	1AAdel_right_residue	-4.758946	deletion_context_strongly_deleterious	-2.444154	Bakhache_2024_NatMicrobiol_Dryad_10.5061_dryad.866t1g1xm_QVEU_eva71_dimple_c99331a6
268|269	268	I	269	G	276|277	276	exact_aligned	high	A89 flanking residues align directly to adjacent EV-A71 2C residues	263:DVNIKI|GNAKCC:274	271:SENNTA|NFKRCS:282	276	277	276-277	insertional_handle_SGRPGSLS	8	-5.913148	0.016595	-5.913148	direct_insert_strongly_deleterious	-4.758946	-4.882760	-4.988373	-5.100318;-4.955963	1AAdel_left_residue	-4.758946	deletion_context_strongly_deleterious	-2.318501	Bakhache_2024_NatMicrobiol_Dryad_10.5061_dryad.866t1g1xm_QVEU_eva71_dimple_c99331a6
269|270	269	G	270	N	277|278	277	exact_aligned	high	A89 flanking residues align directly to adjacent EV-A71 2C residues	264:VNIKIG|NAKCCP:275	272:ENNTAN|FKRCSP:283	277	278	277-278	insertional_handle_SGRPGSLS	8	-5.815414	0.017758	-5.815414	direct_insert_strongly_deleterious	-4.882760	-4.758946	-4.764660	-4.955963;-5.136322	1AAdel_right_residue	-4.758946	deletion_context_strongly_deleterious	-2.718684	Bakhache_2024_NatMicrobiol_Dryad_10.5061_dryad.866t1g1xm_QVEU_eva71_dimple_c99331a6
270|271	270	N	271	A	278|279	278	exact_aligned	high	A89 flanking residues align directly to adjacent EV-A71 2C residues	265:NIKIGN|AKCCPF:276	273:NNTANF|KRCSPL:284	278	279	278-279	insertional_handle_SGRPGSLS	8	-5.798851	0.017963	-5.798851	direct_insert_strongly_deleterious	-4.758946	-4.803771	-5.120480	-5.136322;-5.182395	1AAdel_left_residue	-4.758946	deletion_context_strongly_deleterious	-1.982363	Bakhache_2024_NatMicrobiol_Dryad_10.5061_dryad.866t1g1xm_QVEU_eva71_dimple_c99331a6
271|272	271	A	272	K	279|280	279	exact_aligned	high	A89 flanking residues align directly to adjacent EV-A71 2C residues	266:IKIGNA|KCCPFI:277	274:NTANFK|RCSPLV:285	279	280	279-280	insertional_handle_SGRPGSLS	8	-5.794666	0.018015	-5.794666	direct_insert_strongly_deleterious	-4.803771	-4.841410	-5.373124	-5.182395;-5.104383	1AAdel_left_residue	-4.803771	deletion_context_strongly_deleterious	-1.385435	Bakhache_2024_NatMicrobiol_Dryad_10.5061_dryad.866t1g1xm_QVEU_eva71_dimple_c99331a6
272|273	272	K	273	C	280|281	280	exact_aligned	high	A89 flanking residues align directly to adjacent EV-A71 2C residues	267:KIGNAK|CCPFIC:278	275:TANFKR|CSPLVC:286	280	281	280-281	insertional_handle_SGRPGSLS	8	-5.611086	0.020459	-5.611086	direct_insert_strongly_deleterious	-4.841410	-4.527891	-4.936960	-5.104383;-5.024171	1AAdel_right_residue	-4.527891	deletion_context_strongly_deleterious	-2.201100	Bakhache_2024_NatMicrobiol_Dryad_10.5061_dryad.866t1g1xm_QVEU_eva71_dimple_c99331a6
273|274	273	C	274	C	281|282	281	exact_aligned	high	A89 flanking residues align directly to adjacent EV-A71 2C residues	268:IGNAKC|CPFICG:279	276:ANFKRC|SPLVCG:287	281	282	281-282	insertional_handle_SGRPGSLS	8	-5.669783	0.019644	-5.669783	direct_insert_strongly_deleterious	-4.527891	-4.892835	-5.071390	-5.024171;-4.912687	1AAdel_left_residue	-4.527891	deletion_context_strongly_deleterious	-2.635325	Bakhache_2024_NatMicrobiol_Dryad_10.5061_dryad.866t1g1xm_QVEU_eva71_dimple_c99331a6
274|275	274	C	275	P	282|283	282	exact_aligned	high	A89 flanking residues align directly to adjacent EV-A71 2C residues	269:GNAKCC|PFICGK:280	277:NFKRCS|PLVCGK:288	282	283	282-283	insertional_handle_SGRPGSLS	8	-5.683934	0.019452	-5.683934	direct_insert_strongly_deleterious	-4.892835	-4.897835	-4.997444	-4.912687;-5.193589	1AAdel_left_residue	-4.892835	deletion_context_strongly_deleterious	-2.675970	Bakhache_2024_NatMicrobiol_Dryad_10.5061_dryad.866t1g1xm_QVEU_eva71_dimple_c99331a6
275|276	275	P	276	F	283|284	283	exact_aligned	high	A89 flanking residues align directly to adjacent EV-A71 2C residues	270:NAKCCP|FICGKA:281	278:FKRCSP|LVCGKA:289	283	284	283-284	insertional_handle_SGRPGSLS	8	-5.743042	0.018671	-5.743042	direct_insert_strongly_deleterious	-4.897835	-4.983807	-4.862299	-5.193589;-4.887810	2AAdel_spanning_junction	-4.862299	deletion_context_strongly_deleterious	-2.801669	Bakhache_2024_NatMicrobiol_Dryad_10.5061_dryad.866t1g1xm_QVEU_eva71_dimple_c99331a6
276|277	276	F	277	I	284|285	284	exact_aligned	high	A89 flanking residues align directly to adjacent EV-A71 2C residues	271:AKCCPF|ICGKAV:282	279:KRCSPL|VCGKAI:290	284	285	284-285	insertional_handle_SGRPGSLS	8	-5.811299	0.017808	-5.811299	direct_insert_strongly_deleterious	-4.983807	-4.624186	-4.741604	-4.887810;-5.079741	1AAdel_right_residue	-4.624186	deletion_context_strongly_deleterious	-2.684981	Bakhache_2024_NatMicrobiol_Dryad_10.5061_dryad.866t1g1xm_QVEU_eva71_dimple_c99331a6
277|278	277	I	278	C	285|286	285	exact_aligned	high	A89 flanking residues align directly to adjacent EV-A71 2C residues	272:KCCPFI|CGKAVE:283	280:RCSPLV|CGKAIQ:291	285	286	285-286	insertional_handle_SGRPGSLS	8	-5.707083	0.019142	-5.707083	direct_insert_strongly_deleterious	-4.624186	-5.058732	-4.836119	-5.079741;-5.075574	1AAdel_left_residue	-4.624186	deletion_context_strongly_deleterious	-2.818592	Bakhache_2024_NatMicrobiol_Dryad_10.5061_dryad.866t1g1xm_QVEU_eva71_dimple_c99331a6
278|279	278	C	279	G	286|287	286	exact_aligned	high	A89 flanking residues align directly to adjacent EV-A71 2C residues	273:CCPFIC|GKAVEF:284	281:CSPLVC|GKAIQL:292	286	287	286-287	insertional_handle_SGRPGSLS	8	-5.924259	0.016467	-5.924259	direct_insert_strongly_deleterious	-5.058732	-4.681526	-4.902810	-5.075574;-5.215609	1AAdel_right_residue	-4.681526	deletion_context_strongly_deleterious	-3.188599	Bakhache_2024_NatMicrobiol_Dryad_10.5061_dryad.866t1g1xm_QVEU_eva71_dimple_c99331a6
279|280	279	G	280	K	287|288	287	exact_aligned	high	A89 flanking residues align directly to adjacent EV-A71 2C residues	274:CPFICG|KAVEFK:285	282:SPLVCG|KAIQLR:293	287	288	287-288	insertional_handle_SGRPGSLS	8	-6.002175	0.015601	-6.002175	direct_insert_strongly_deleterious	-4.681526	-5.058732	-5.200983	-5.215609;-5.132385	1AAdel_left_residue	-4.681526	deletion_context_strongly_deleterious	-2.792178	Bakhache_2024_NatMicrobiol_Dryad_10.5061_dryad.866t1g1xm_QVEU_eva71_dimple_c99331a6
280|281	280	K	281	A	288|289	288	exact_aligned	high	A89 flanking residues align directly to adjacent EV-A71 2C residues	275:PFICGK|AVEFKD:286	283:PLVCGK|AIQLRD:294	288	289	288-289	insertional_handle_SGRPGSLS	8	-5.697888	0.019265	-5.697888	direct_insert_strongly_deleterious	-5.058732	-5.167272	-4.965331	-5.132385;-5.075574	2AAdel_spanning_junction	-4.965331	deletion_context_strongly_deleterious	-2.332251	Bakhache_2024_NatMicrobiol_Dryad_10.5061_dryad.866t1g1xm_QVEU_eva71_dimple_c99331a6
281|282	281	A	282	V	289|290	289	exact_aligned	high	A89 flanking residues align directly to adjacent EV-A71 2C residues	276:FICGKA|VEFKDR:287	284:LVCGKA|IQLRDR:295	289	290	289-290	insertional_handle_SGRPGSLS	8	-5.946118	0.016220	-5.946118	direct_insert_strongly_deleterious	-5.167272	-4.877683	-4.798277	-5.075574;-4.825452	2AAdel_spanning_junction	-4.798277	deletion_context_strongly_deleterious	-2.298839	Bakhache_2024_NatMicrobiol_Dryad_10.5061_dryad.866t1g1xm_QVEU_eva71_dimple_c99331a6
282|283	282	V	283	E	290|291	290	exact_aligned	high	A89 flanking residues align directly to adjacent EV-A71 2C residues	277:ICGKAV|EFKDRN:288	285:VCGKAI|QLRDRK:296	290	291	290-291	insertional_handle_SGRPGSLS	8	-5.729709	0.018845	-5.729709	direct_insert_strongly_deleterious	-4.877683	-4.656447	-4.917589	-4.825452;-5.200983	1AAdel_right_residue	-4.656447	deletion_context_strongly_deleterious	-3.149765	Bakhache_2024_NatMicrobiol_Dryad_10.5061_dryad.866t1g1xm_QVEU_eva71_dimple_c99331a6
283|284	283	E	284	F	291|292	291	exact_aligned	high	A89 flanking residues align directly to adjacent EV-A71 2C residues	278:CGKAVE|FKDRNS:289	286:CGKAIQ|LRDRKS:297	291	292	291-292	insertional_handle_SGRPGSLS	8	-5.510472	0.021937	-5.510472	direct_insert_strongly_deleterious	-4.656447	-4.624186	-5.028557	-5.200983;-5.481735	1AAdel_right_residue	-4.624186	deletion_context_strongly_deleterious	-3.887324	Bakhache_2024_NatMicrobiol_Dryad_10.5061_dryad.866t1g1xm_QVEU_eva71_dimple_c99331a6
284|285	284	F	285	K	292|293	292	exact_aligned	high	A89 flanking residues align directly to adjacent EV-A71 2C residues	279:GKAVEF|KDRNSC:290	287:GKAIQL|RDRKSK:298	292	293	292-293	insertional_handle_SGRPGSLS	8	-5.794666	0.018015	-5.794666	direct_insert_strongly_deleterious	-4.624186	-4.820076	-4.936960	-5.481735;-5.450659	1AAdel_left_residue	-4.624186	deletion_context_strongly_deleterious	-3.754240	Bakhache_2024_NatMicrobiol_Dryad_10.5061_dryad.866t1g1xm_QVEU_eva71_dimple_c99331a6
285|286	285	K	286	D	293|294	293	exact_aligned	high	A89 flanking residues align directly to adjacent EV-A71 2C residues	280:KAVEFK|DRNSCT:291	288:KAIQLR|DRKSKV:299	293	294	293-294	insertional_handle_SGRPGSLS	8	-5.773479	0.018281	-5.773479	direct_insert_strongly_deleterious	-4.820076	-5.079741	-5.289068	-5.450659;-5.302469	1AAdel_left_residue	-4.820076	deletion_context_strongly_deleterious	-2.784401	Bakhache_2024_NatMicrobiol_Dryad_10.5061_dryad.866t1g1xm_QVEU_eva71_dimple_c99331a6
286|287	286	D	287	R	294|295	294	exact_aligned	high	A89 flanking residues align directly to adjacent EV-A71 2C residues	281:AVEFKD|RNSCTT:292	289:AIQLRD|RKSKVR:300	294	295	294-295	insertional_handle_SGRPGSLS	8	-5.738617	0.018729	-5.738617	direct_insert_strongly_deleterious	-5.079741	-4.983807	-5.197293	-5.302469;-5.163455	1AAdel_right_residue	-4.983807	deletion_context_strongly_deleterious	-2.426989	Bakhache_2024_NatMicrobiol_Dryad_10.5061_dryad.866t1g1xm_QVEU_eva71_dimple_c99331a6
287|288	287	R	288	N	295|296	295	exact_aligned	high	A89 flanking residues align directly to adjacent EV-A71 2C residues	282:VEFKDR|NSCTTL:293	290:IQLRDR|KSKVRY:301	295	296	295-296	insertional_handle_SGRPGSLS	8	-5.521553	0.021769	-5.521553	direct_insert_strongly_deleterious	-4.983807	-4.781610	-5.363778	-5.163455;-5.348005	1AAdel_right_residue	-4.781610	deletion_context_strongly_deleterious	-2.386101	Bakhache_2024_NatMicrobiol_Dryad_10.5061_dryad.866t1g1xm_QVEU_eva71_dimple_c99331a6
288|289	288	N	289	S	296|297	296	exact_aligned	high	A89 flanking residues align directly to adjacent EV-A71 2C residues	283:EFKDRN|SCTTLS:294	291:QLRDRK|SKVRYS:302	296	297	296-297	insertional_handle_SGRPGSLS	8	-5.152603	0.028113	-5.152603	direct_insert_strongly_deleterious	-4.781610	-5.054477	-5.124464	-5.348005;-5.295791	1AAdel_left_residue	-4.781610	deletion_context_strongly_deleterious	-1.919754	Bakhache_2024_NatMicrobiol_Dryad_10.5061_dryad.866t1g1xm_QVEU_eva71_dimple_c99331a6
289|290	289	S	290	C	297|298	297	exact_aligned	high	A89 flanking residues align directly to adjacent EV-A71 2C residues	284:FKDRNS|CTTLSL:295	292:LRDRKS|KVRYSV:303	297	298	297-298	insertional_handle_SGRPGSLS	8	-3.518970	0.087234	-3.518970	direct_insert_strongly_deleterious	-5.054477	-4.922467	-5.124464	-5.295791;-4.892835	3AAdel_spanning_option_2	-4.892835	deletion_context_strongly_deleterious	-1.840999	Bakhache_2024_NatMicrobiol_Dryad_10.5061_dryad.866t1g1xm_QVEU_eva71_dimple_c99331a6
290|291	290	C	291	T	298|299	298	exact_aligned	high	A89 flanking residues align directly to adjacent EV-A71 2C residues	285:KDRNSC|TTLSLS:296	293:RDRKSK|VRYSVD:304	298	299	298-299	insertional_handle_SGRPGSLS	8	-5.214399	0.026935	-5.214399	direct_insert_strongly_deleterious	-4.922467	-4.337596	-4.862299	-4.892835;-5.275486	1AAdel_right_residue	-4.337596	deletion_context_strongly_deleterious	-2.027002	Bakhache_2024_NatMicrobiol_Dryad_10.5061_dryad.866t1g1xm_QVEU_eva71_dimple_c99331a6
291|292	291	T	292	T	299|300	299	exact_aligned	high	A89 flanking residues align directly to adjacent EV-A71 2C residues	286:DRNSCT|TLSLSQ:297	294:DRKSKV|RYSVDT:305	299	300	299-300	insertional_handle_SGRPGSLS	8	-5.626087	0.020248	-5.626087	direct_insert_strongly_deleterious	-4.337596	-4.729874	-4.846673	-5.275486;-5.151917	1AAdel_left_residue	-4.337596	deletion_context_strongly_deleterious	-2.680508	Bakhache_2024_NatMicrobiol_Dryad_10.5061_dryad.866t1g1xm_QVEU_eva71_dimple_c99331a6
292|293	292	T	293	L	300|301	300	exact_aligned	high	A89 flanking residues align directly to adjacent EV-A71 2C residues	287:RNSCTT|LSLSQL:298	295:RKSKVR|YSVDTV:306	300	301	300-301	insertional_handle_SGRPGSLS	8	-5.679239	0.019515	-5.679239	direct_insert_strongly_deleterious	-4.729874	-4.476028	-4.969982	-5.151917;-5.338420	1AAdel_right_residue	-4.476028	deletion_context_strongly_deleterious	-2.566585	Bakhache_2024_NatMicrobiol_Dryad_10.5061_dryad.866t1g1xm_QVEU_eva71_dimple_c99331a6
293|294	293	L	294	S	301|302	301	exact_aligned	high	A89 flanking residues align directly to adjacent EV-A71 2C residues	288:NSCTTL|SLSQLY:299	296:KSKVRY|SVDTVV:307	301	302	301-302	insertional_handle_SGRPGSLS	8	-5.807167	0.017859	-5.807167	direct_insert_strongly_deleterious	-4.476028	-4.520645	-4.922467	-5.338420;-4.936960	1AAdel_left_residue	-4.476028	deletion_context_strongly_deleterious	-2.309661	Bakhache_2024_NatMicrobiol_Dryad_10.5061_dryad.866t1g1xm_QVEU_eva71_dimple_c99331a6
294|295	294	S	295	L	302|303	302	exact_aligned	high	A89 flanking residues align directly to adjacent EV-A71 2C residues	289:SCTTLS|LSQLYS:300	297:SKVRYS|VDTVVS:308	302	303	302-303	insertional_handle_SGRPGSLS	8	-5.532512	0.021605	-5.532512	direct_insert_strongly_deleterious	-4.520645	-4.693834	-5.140243	-4.936960;-5.219232	1AAdel_left_residue	-4.520645	deletion_context_strongly_deleterious	-2.171709	Bakhache_2024_NatMicrobiol_Dryad_10.5061_dryad.866t1g1xm_QVEU_eva71_dimple_c99331a6
295|296	295	L	296	S	303|304	303	exact_aligned	high	A89 flanking residues align directly to adjacent EV-A71 2C residues	290:CTTLSL|SQLYSH:301	298:KVRYSV|DTVVSE:309	303	304	303-304	insertional_handle_SGRPGSLS	8	-5.353998	0.024450	-5.353998	direct_insert_strongly_deleterious	-4.693834	-4.656447	-4.974612	-5.219232;-4.955963	1AAdel_right_residue	-4.656447	deletion_context_strongly_deleterious	-2.324189	Bakhache_2024_NatMicrobiol_Dryad_10.5061_dryad.866t1g1xm_QVEU_eva71_dimple_c99331a6
296|297	296	S	297	Q	304|305	304	exact_aligned	high	A89 flanking residues align directly to adjacent EV-A71 2C residues	291:TTLSLS|QLYSHI:302	299:VRYSVD|TVVSEL:310	304	305	304-305	insertional_handle_SGRPGSLS	8	-5.665021	0.019709	-5.665021	direct_insert_strongly_deleterious	-4.656447	-4.650077	-4.758946	-4.955963;-5.006432	1AAdel_right_residue	-4.650077	deletion_context_strongly_deleterious	-1.989665	Bakhache_2024_NatMicrobiol_Dryad_10.5061_dryad.866t1g1xm_QVEU_eva71_dimple_c99331a6
297|298	297	Q	298	L	305|306	305	exact_aligned	high	A89 flanking residues align directly to adjacent EV-A71 2C residues	292:TLSLSQ|LYSHIK:303	300:RYSVDT|VVSELI:311	305	306	305-306	insertional_handle_SGRPGSLS	8	-5.453150	0.022826	-5.453150	direct_insert_strongly_deleterious	-4.650077	-4.643667	-5.024171	-5.006432;-5.132385	1AAdel_right_residue	-4.643667	deletion_context_strongly_deleterious	-1.677839	Bakhache_2024_NatMicrobiol_Dryad_10.5061_dryad.866t1g1xm_QVEU_eva71_dimple_c99331a6
298|299	298	L	299	Y	306|307	306	exact_aligned	high	A89 flanking residues align directly to adjacent EV-A71 2C residues	293:LSLSQL|YSHIKE:304	301:YSVDTV|VSELIR:312	306	307	306-307	insertional_handle_SGRPGSLS	8	-5.334260	0.024787	-5.334260	direct_insert_strongly_deleterious	-4.643667	-4.946507	-5.155778	-5.132385;-3.429882	3AAdel_spanning_option_2	-3.429882	deletion_context_strongly_deleterious	-2.086146	Bakhache_2024_NatMicrobiol_Dryad_10.5061_dryad.866t1g1xm_QVEU_eva71_dimple_c99331a6
299|300	299	Y	300	S	307|308	307	exact_aligned	high	A89 flanking residues align directly to adjacent EV-A71 2C residues	294:SLSQLY|SHIKEE:305	302:SVDTVV|SELIRE:313	307	308	307-308	insertional_handle_SGRPGSLS	8	-5.366943	0.024232	-5.366943	direct_insert_strongly_deleterious	-4.946507	-4.814671	-5.116480	-3.429882;-4.960658	3AAdel_spanning_option_1	-3.429882	deletion_context_strongly_deleterious	-2.340751	Bakhache_2024_NatMicrobiol_Dryad_10.5061_dryad.866t1g1xm_QVEU_eva71_dimple_c99331a6
300|301	300	S	301	H	308|309	308	exact_aligned	high	A89 flanking residues align directly to adjacent EV-A71 2C residues	295:LSQLYS|HIKEED:306	303:VDTVVS|ELIREY:314	308	309	308-309	insertional_handle_SGRPGSLS	8	-5.476475	0.022460	-5.476475	direct_insert_strongly_deleterious	-4.814671	-4.803771	-5.075574	-4.960658;-5.104383	1AAdel_right_residue	-4.803771	deletion_context_strongly_deleterious	-2.525531	Bakhache_2024_NatMicrobiol_Dryad_10.5061_dryad.866t1g1xm_QVEU_eva71_dimple_c99331a6
301|302	301	H	302	I	309|310	309	exact_aligned	high	A89 flanking residues align directly to adjacent EV-A71 2C residues	296:SQLYSH|IKEEDR:307	304:DTVVSE|LIREYN:315	309	310	309-310	insertional_handle_SGRPGSLS	8	-5.482222	0.022371	-5.482222	direct_insert_strongly_deleterious	-4.803771	-4.577197	-5.193589	-5.104383;-4.997444	1AAdel_right_residue	-4.577197	deletion_context_strongly_deleterious	-2.419242	Bakhache_2024_NatMicrobiol_Dryad_10.5061_dryad.866t1g1xm_QVEU_eva71_dimple_c99331a6
302|303	302	I	303	K	310|311	310	exact_aligned	high	A89 flanking residues align directly to adjacent EV-A71 2C residues	297:QLYSHI|KEEDRR:308	305:TVVSEL|IREYNN:316	310	311	310-311	insertional_handle_SGRPGSLS	8	-5.482222	0.022371	-5.482222	direct_insert_strongly_deleterious	-4.577197	-4.681526	-5.258244	-4.997444;-5.083891	1AAdel_left_residue	-4.577197	deletion_context_strongly_deleterious	-1.928596	Bakhache_2024_NatMicrobiol_Dryad_10.5061_dryad.866t1g1xm_QVEU_eva71_dimple_c99331a6
303|304	303	K	304	E	311|312	311	exact_aligned	high	A89 flanking residues align directly to adjacent EV-A71 2C residues	298:LYSHIK|EEDRRR:309	306:VVSELI|REYNNR:317	311	312	311-312	insertional_handle_SGRPGSLS	8	-5.688607	0.019389	-5.688607	direct_insert_strongly_deleterious	-4.681526	-4.570301	-5.128432	-5.083891;-5.247754	1AAdel_right_residue	-4.570301	deletion_context_strongly_deleterious	-2.224808	Bakhache_2024_NatMicrobiol_Dryad_10.5061_dryad.866t1g1xm_QVEU_eva71_dimple_c99331a6
304|305	304	E	305	E	312|313	312	exact_aligned	high	A89 flanking residues align directly to adjacent EV-A71 2C residues	299:YSHIKE|EDRRRS:310	307:VSELIR|EYNNRS:318	312	313	312-313	insertional_handle_SGRPGSLS	8	-5.650598	0.019907	-5.650598	direct_insert_strongly_deleterious	-4.570301	-4.681526	-5.116480	-5.247754;-5.178636	1AAdel_left_residue	-4.570301	deletion_context_strongly_deleterious	-2.866548	Bakhache_2024_NatMicrobiol_Dryad_10.5061_dryad.866t1g1xm_QVEU_eva71_dimple_c99331a6
305|306	305	E	306	D	313|314	313	exact_aligned	high	A89 flanking residues align directly to adjacent EV-A71 2C residues	300:SHIKEE|DRRRSS:311	308:SELIRE|YNNRSV:319	313	314	313-314	insertional_handle_SGRPGSLS	8	-5.674522	0.019579	-5.674522	direct_insert_strongly_deleterious	-4.681526	-4.413262	-5.108432	-5.178636;-5.171074	1AAdel_right_residue	-4.413262	deletion_context_strongly_deleterious	-1.834949	Bakhache_2024_NatMicrobiol_Dryad_10.5061_dryad.866t1g1xm_QVEU_eva71_dimple_c99331a6
306|307	306	D	307	R	314|315	314	exact_aligned	high	A89 flanking residues align directly to adjacent EV-A71 2C residues	301:HIKEED|RRRSSA:312	309:ELIREY|NNRSVI:320	314	315	314-315	insertional_handle_SGRPGSLS	8	-5.729709	0.018845	-5.729709	direct_insert_strongly_deleterious	-4.413262	-4.468394	-4.932152	-5.171074;-3.937443	3AAdel_spanning_option_2	-3.937443	deletion_context_strongly_deleterious	-1.010327	Bakhache_2024_NatMicrobiol_Dryad_10.5061_dryad.866t1g1xm_QVEU_eva71_dimple_c99331a6
307|308	307	R	308	R	315|316	315	exact_aligned	high	A89 flanking residues align directly to adjacent EV-A71 2C residues	302:IKEEDR|RRSSAA:313	310:LIREYN|NRSVIG:321	315	316	315-316	insertional_handle_SGRPGSLS	8	-5.756200	0.018502	-5.756200	direct_insert_strongly_deleterious	-4.468394	-4.781610	-5.037272	-3.937443;-5.120480	3AAdel_spanning_option_1	-3.937443	deletion_context_strongly_deleterious	-0.943852	Bakhache_2024_NatMicrobiol_Dryad_10.5061_dryad.866t1g1xm_QVEU_eva71_dimple_c99331a6
308|309	308	R	309	R	316|317	316	exact_aligned	high	A89 flanking residues align directly to adjacent EV-A71 2C residues	303:KEEDRR|RSSAAQ:314	311:IREYNN|RSVIGN:322	316	317	316-317	insertional_handle_SGRPGSLS	8	-5.660236	0.019774	-5.660236	direct_insert_strongly_deleterious	-4.781610	-5.171074	-5.104383	-5.120480;-5.128432	1AAdel_left_residue	-4.781610	deletion_context_strongly_deleterious	-1.920986	Bakhache_2024_NatMicrobiol_Dryad_10.5061_dryad.866t1g1xm_QVEU_eva71_dimple_c99331a6
309|310	309	R	310	S	317|318	317	exact_aligned	high	A89 flanking residues align directly to adjacent EV-A71 2C residues	304:EEDRRR|SSAAQA:315	312:REYNNR|SVIGNT:323	317	318	317-318	insertional_handle_SGRPGSLS	8	-5.258362	0.026126	-5.258362	direct_insert_strongly_deleterious	-5.171074	-4.452950	-5.071390	-5.128432;-5.171074	1AAdel_right_residue	-4.452950	deletion_context_strongly_deleterious	-1.735313	Bakhache_2024_NatMicrobiol_Dryad_10.5061_dryad.866t1g1xm_QVEU_eva71_dimple_c99331a6
310|311	310	S	311	S	318|319	318	exact_aligned	high	A89 flanking residues align directly to adjacent EV-A71 2C residues	305:EDRRRS|SAAQAM:316	313:EYNNRS|VIGNTI:324	318	319	318-319	insertional_handle_SGRPGSLS	8	-5.379723	0.024018	-5.379723	direct_insert_strongly_deleterious	-4.452950	-4.656447	-5.104383	-5.171074;-4.814671	1AAdel_left_residue	-4.452950	deletion_context_strongly_deleterious	-0.528346	Bakhache_2024_NatMicrobiol_Dryad_10.5061_dryad.866t1g1xm_QVEU_eva71_dimple_c99331a6
311|312	311	S	312	A	319|320	319	exact_aligned	high	A89 flanking residues align directly to adjacent EV-A71 2C residues	306:DRRRSS|AAQAME:317	314:YNNRSV|IGNTIE:325	319	320	319-320	insertional_handle_SGRPGSLS	8	-5.729709	0.018845	-5.729709	direct_insert_strongly_deleterious	-4.656447	-4.803771	-5.079741	-4.814671;-5.067189	1AAdel_left_residue	-4.656447	deletion_context_strongly_deleterious	-1.635046	Bakhache_2024_NatMicrobiol_Dryad_10.5061_dryad.866t1g1xm_QVEU_eva71_dimple_c99331a6
312|313	312	A	313	A	320|321	320	exact_aligned	high	A89 flanking residues align directly to adjacent EV-A71 2C residues	307:RRRSSA|AQAMEA:318	315:NNRSVI|GNTIEA:326	320	321	320-321	insertional_handle_SGRPGSLS	8	-5.392341	0.023809	-5.392341	direct_insert_strongly_deleterious	-4.803771	-4.597606	-5.050203	-5.067189;-4.983807	1AAdel_right_residue	-4.597606	deletion_context_strongly_deleterious	-1.679626	Bakhache_2024_NatMicrobiol_Dryad_10.5061_dryad.866t1g1xm_QVEU_eva71_dimple_c99331a6
313|314	313	A	314	Q	321|322	321	exact_aligned	high	A89 flanking residues align directly to adjacent EV-A71 2C residues	308:RRSSAA|QAMEAI:319	316:NRSVIG|NTIEAL:327	321	322	321-322	insertional_handle_SGRPGSLS	8	-5.221861	0.026796	-5.221861	direct_insert_strongly_deleterious	-4.597606	-4.862299	-5.258244	-4.983807;-4.974612	1AAdel_left_residue	-4.597606	deletion_context_strongly_deleterious	-1.236884	Bakhache_2024_NatMicrobiol_Dryad_10.5061_dryad.866t1g1xm_QVEU_eva71_dimple_c99331a6
314|315	314	Q	315	A	322|323	322	exact_aligned	high	A89 flanking residues align directly to adjacent EV-A71 2C residues	309:RSSAAQ|AMEAIF:320	317:RSVIGN|TIEALF:328	322	323	322-323	insertional_handle_SGRPGSLS	8	-5.447233	0.022920	-5.447233	direct_insert_strongly_deleterious	-4.862299	-4.460702	-5.019766	-4.974612;-5.062969	1AAdel_right_residue	-4.460702	deletion_context_strongly_deleterious	-1.391913	Bakhache_2024_NatMicrobiol_Dryad_10.5061_dryad.866t1g1xm_QVEU_eva71_dimple_c99331a6
315|316	315	A	316	M	323|324	323	exact_aligned	high	A89 flanking residues align directly to adjacent EV-A71 2C residues	310:SSAAQA|MEAIFQ:321	318:SVIGNT|IEALFQ:329	323	324	323-324	insertional_handle_SGRPGSLS	8	-5.493618	0.022195	-5.493618	direct_insert_strongly_deleterious	-4.460702	-3.304204	-5.136322	-5.062969;-5.289068	1AAdel_right_residue	-3.304204	deletion_context_strongly_deleterious	-1.616493	Bakhache_2024_NatMicrobiol_Dryad_10.5061_dryad.866t1g1xm_QVEU_eva71_dimple_c99331a6
316|317	316	M	317	E	324|325	324	exact_aligned	high	A89 flanking residues align directly to adjacent EV-A71 2C residues	311:SAAQAM|EAIFQ:321	319:VIGNTI|EALFQ:329	324	325	324-325	insertional_handle_SGRPGSLS	8	-5.176226	0.027657	-5.176226	direct_insert_strongly_deleterious	-3.304204	-4.729874	-5.338420	-5.289068;-5.174862	1AAdel_left_residue	-3.304204	deletion_context_strongly_deleterious	-2.078058	Bakhache_2024_NatMicrobiol_Dryad_10.5061_dryad.866t1g1xm_QVEU_eva71_dimple_c99331a6
317|318	317	E	318	A	325|326	325	exact_aligned	high	A89 flanking residues align directly to adjacent EV-A71 2C residues	312:AAQAME|AIFQ:321	320:IGNTIE|ALFQ:329	325	326	325-326	insertional_handle_SGRPGSLS	8	-4.920455	0.033021	-4.920455	direct_insert_strongly_deleterious	-4.729874	-4.556363	-5.067189	-5.174862;-5.079741	1AAdel_right_residue	-4.556363	deletion_context_strongly_deleterious	-2.478255	Bakhache_2024_NatMicrobiol_Dryad_10.5061_dryad.866t1g1xm_QVEU_eva71_dimple_c99331a6
318|319	318	A	319	I	326|327	326	exact_aligned	high	A89 flanking residues align directly to adjacent EV-A71 2C residues	313:AQAMEA|IFQ:321	321:GNTIEA|LFQ:329	326	327	326-327	insertional_handle_SGRPGSLS	8	-5.034322	0.030515	-5.034322	direct_insert_strongly_deleterious	-4.556363	-4.274512	-5.024171	-5.079741;-4.809236	1AAdel_right_residue	-4.274512	deletion_context_strongly_deleterious	-2.913424	Bakhache_2024_NatMicrobiol_Dryad_10.5061_dryad.866t1g1xm_QVEU_eva71_dimple_c99331a6
319|320	319	I	320	F	327|328	327	exact_aligned	high	A89 flanking residues align directly to adjacent EV-A71 2C residues	314:QAMEAI|FQ:321	322:NTIEAL|FQ:329	327	328	327-328	insertional_handle_SGRPGSLS	8	-5.060872	0.029959	-5.060872	direct_insert_strongly_deleterious	-4.274512	-4.363459	-4.563356	-4.809236;-5.037272	1AAdel_left_residue	-4.274512	deletion_context_strongly_deleterious	-2.648984	Bakhache_2024_NatMicrobiol_Dryad_10.5061_dryad.866t1g1xm_QVEU_eva71_dimple_c99331a6
320|321	320	F	321	Q	328|329	328	exact_aligned	high	A89 flanking residues align directly to adjacent EV-A71 2C residues	315:AMEAIF|Q:321	323:TIEALF|Q:329	328	329	328-329	insertional_handle_SGRPGSLS	8	-4.644430	0.039984	-4.644430	direct_insert_strongly_deleterious	-4.363459	-4.712016	-4.941745	-5.037272;-5.058732	1AAdel_left_residue	-4.363459	deletion_context_strongly_deleterious	-2.519225	Bakhache_2024_NatMicrobiol_Dryad_10.5061_dryad.866t1g1xm_QVEU_eva71_dimple_c99331a6
