junction	left_resid	left_aa	right_resid	right_aa	primary_left_identity	primary_right_identity	primary_left_entropy	primary_right_entropy	primary_left_gap_frequency	primary_right_gap_frequency	primary_window_mean_entropy	primary_window_max_entropy	primary_window_mean_identity	primary_window_min_identity	primary_window_mean_gap_frequency	primary_window_max_gap_frequency	primary_natural_insertion_count	primary_natural_insertion_frequency	primary_natural_insertion_lengths	expanded_window_mean_entropy	expanded_window_max_entropy	expanded_window_mean_identity	expanded_window_min_identity	expanded_window_mean_gap_frequency	expanded_window_max_gap_frequency	expanded_natural_insertion_count	expanded_natural_insertion_frequency	expanded_natural_insertion_lengths	expanded_local_deletion_count	expanded_local_deletion_frequency	type_weighted_window_mean_entropy	type_weighted_window_max_entropy	type_weighted_window_mean_identity	type_weighted_window_min_identity	type_weighted_window_mean_gap_frequency	type_weighted_window_max_gap_frequency	primary_natural_insertion_type_count	primary_natural_insertion_types	expanded_natural_insertion_type_count	expanded_natural_insertion_types	expanded_local_deletion_type_count	expanded_local_deletion_types	expanded_indel_category	expanded_indel_category_basis
1|2	1	S	2	D	1.000000	1.000000	0.000000	0.000000	0.000000	0.000000	0.250978	1.005309	0.940631	0.766234	0.000000	0.000000	0	0.000000	0	0.226484	0.904496	0.949309	0.801075	0.000000	0.000000	0	0.000000	0	0	0.000000	0.250978	1.005309	0.940631	0.766234	0.000000	0.000000	0	none	0	none	0	none	none	max(insertion_type_count,local_deletion_type_count)
2|3	2	D	3	S	1.000000	0.766234	0.000000	1.005309	0.000000	0.000000	0.219606	1.005309	0.948052	0.766234	0.000000	0.000000	0	0.000000	0	0.198174	0.904496	0.955645	0.801075	0.000000	0.000000	0	0.000000	0	0	0.000000	0.219606	1.005309	0.948052	0.766234	0.000000	0.000000	0	none	0	none	0	none	none	max(insertion_type_count,local_deletion_type_count)
3|4	3	S	4	W	0.766234	1.000000	1.005309	0.000000	0.000000	0.000000	0.195205	1.005309	0.953824	0.766234	0.000000	0.000000	0	0.000000	0	0.176154	0.904496	0.960573	0.801075	0.000000	0.000000	0	0.000000	0	0	0.000000	0.195205	1.005309	0.953824	0.766234	0.000000	0.000000	0	none	0	none	0	none	none	max(insertion_type_count,local_deletion_type_count)
4|5	4	W	5	L	1.000000	0.818182	0.000000	0.751535	0.000000	0.000000	0.175684	1.005309	0.958442	0.766234	0.000000	0.000000	0	0.000000	0	0.158539	0.904496	0.964516	0.801075	0.000000	0.000000	0	0.000000	0	0	0.000000	0.175684	1.005309	0.958442	0.766234	0.000000	0.000000	0	none	0	none	0	none	none	max(insertion_type_count,local_deletion_type_count)
5|6	5	L	6	K	0.818182	1.000000	0.751535	0.000000	0.000000	0.000000	0.207016	1.005309	0.881936	0.116883	0.000000	0.000000	0	0.000000	0	0.194561	0.904496	0.888563	0.129032	0.000000	0.000000	0	0.000000	0	0	0.000000	0.207016	1.005309	0.881936	0.116883	0.000000	0.000000	0	none	0	none	0	none	none	max(insertion_type_count,local_deletion_type_count)
6|7	6	K	7	K	1.000000	1.000000	0.000000	0.000000	0.000000	0.000000	0.189765	1.005309	0.891775	0.116883	0.000000	0.000000	0	0.000000	0	0.178347	0.904496	0.897849	0.129032	0.000000	0.000000	0	0.000000	0	0	0.000000	0.189765	1.005309	0.891775	0.116883	0.000000	0.000000	0	none	0	none	0	none	none	max(insertion_type_count,local_deletion_type_count)
7|8	7	K	8	F	1.000000	1.000000	0.000000	0.000000	0.000000	0.000000	0.189765	1.005309	0.891775	0.116883	0.000000	0.000000	0	0.000000	0	0.178347	0.904496	0.897849	0.129032	0.000000	0.000000	0	0.000000	0	0	0.000000	0.189765	1.005309	0.891775	0.116883	0.000000	0.000000	0	none	0	none	0	none	none	max(insertion_type_count,local_deletion_type_count)
8|9	8	F	9	T	1.000000	1.000000	0.000000	0.000000	0.000000	0.000000	0.189765	1.005309	0.891775	0.116883	0.000000	0.000000	0	0.000000	0	0.178347	0.904496	0.897849	0.129032	0.000000	0.000000	0	0.000000	0	0	0.000000	0.189765	1.005309	0.891775	0.116883	0.000000	0.000000	0	none	0	none	0	none	none	max(insertion_type_count,local_deletion_type_count)
9|10	9	T	10	E	1.000000	1.000000	0.000000	0.000000	0.000000	0.000000	0.105989	0.751535	0.911255	0.116883	0.000000	0.000000	0	0.000000	0	0.102973	0.680893	0.914426	0.129032	0.000000	0.000000	0	0.000000	0	0	0.000000	0.105989	0.751535	0.911255	0.116883	0.000000	0.000000	0	none	0	none	0	none	none	max(insertion_type_count,local_deletion_type_count)
10|11	10	E	11	A	1.000000	0.116883	0.000000	0.520335	0.000000	0.000000	0.114323	0.751535	0.910173	0.116883	0.000000	0.000000	0	0.000000	0	0.110118	0.680893	0.913530	0.129032	0.000000	0.000000	0	0.000000	0	0	0.000000	0.114323	0.751535	0.910173	0.116883	0.000000	0.000000	0	none	0	none	0	none	none	max(insertion_type_count,local_deletion_type_count)
11|12	11	A	12	C	0.116883	1.000000	0.520335	0.000000	0.000000	0.000000	0.051695	0.520335	0.925325	0.116883	0.000000	0.000000	0	0.000000	0	0.053377	0.554778	0.926523	0.129032	0.000000	0.000000	0	0.000000	0	0	0.000000	0.051695	0.520335	0.925325	0.116883	0.000000	0.000000	0	none	0	none	0	none	none	max(insertion_type_count,local_deletion_type_count)
12|13	12	C	13	N	1.000000	1.000000	0.000000	0.000000	0.000000	0.000000	0.051695	0.520335	0.925325	0.116883	0.000000	0.000000	0	0.000000	0	0.053377	0.554778	0.926523	0.129032	0.000000	0.000000	0	0.000000	0	0	0.000000	0.051695	0.520335	0.925325	0.116883	0.000000	0.000000	0	none	0	none	0	none	none	max(insertion_type_count,local_deletion_type_count)
13|14	13	N	14	A	1.000000	1.000000	0.000000	0.000000	0.000000	0.000000	0.051695	0.520335	0.925325	0.116883	0.000000	0.000000	0	0.000000	0	0.053377	0.554778	0.926523	0.129032	0.000000	0.000000	0	0.000000	0	0	0.000000	0.051695	0.520335	0.925325	0.116883	0.000000	0.000000	0	none	0	none	0	none	none	max(insertion_type_count,local_deletion_type_count)
14|15	14	A	15	A	1.000000	1.000000	0.000000	0.000000	0.000000	0.000000	0.051695	0.520335	0.925325	0.116883	0.000000	0.000000	0	0.000000	0	0.053377	0.554778	0.926523	0.129032	0.000000	0.000000	0	0.000000	0	0	0.000000	0.051695	0.520335	0.925325	0.116883	0.000000	0.000000	0	none	0	none	0	none	none	max(insertion_type_count,local_deletion_type_count)
15|16	15	A	16	R	1.000000	0.987013	0.000000	0.100001	0.000000	0.000000	0.103718	0.624274	0.912338	0.116883	0.000000	0.000000	0	0.000000	0	0.100827	0.569406	0.915323	0.129032	0.000000	0.000000	0	0.000000	0	0	0.000000	0.103718	0.624274	0.912338	0.116883	0.000000	0.000000	0	none	0	none	0	none	none	max(insertion_type_count,local_deletion_type_count)
16|17	16	R	17	G	0.987013	1.000000	0.100001	0.000000	0.000000	0.000000	0.103718	0.624274	0.912338	0.116883	0.000000	0.000000	0	0.000000	0	0.100827	0.569406	0.915323	0.129032	0.000000	0.000000	0	0.000000	0	0	0.000000	0.103718	0.624274	0.912338	0.116883	0.000000	0.000000	0	none	0	none	0	none	none	max(insertion_type_count,local_deletion_type_count)
17|18	17	G	18	L	1.000000	1.000000	0.000000	0.000000	0.000000	0.000000	0.103520	0.624274	0.908009	0.064935	0.000000	0.000000	0	0.000000	0	0.098983	0.569406	0.910842	0.075269	0.000000	0.000000	0	0.000000	0	0	0.000000	0.103520	0.624274	0.908009	0.064935	0.000000	0.000000	0	none	0	none	0	none	none	max(insertion_type_count,local_deletion_type_count)
18|19	18	L	19	E	1.000000	1.000000	0.000000	0.000000	0.000000	0.000000	0.103520	0.624274	0.908009	0.064935	0.000000	0.000000	0	0.000000	0	0.098983	0.569406	0.910842	0.075269	0.000000	0.000000	0	0.000000	0	0	0.000000	0.103520	0.624274	0.908009	0.064935	0.000000	0.000000	0	none	0	none	0	none	none	max(insertion_type_count,local_deletion_type_count)
19|20	19	E	20	W	1.000000	1.000000	0.000000	0.000000	0.000000	0.000000	0.103520	0.624274	0.908009	0.064935	0.000000	0.000000	0	0.000000	0	0.098983	0.569406	0.910842	0.075269	0.000000	0.000000	0	0.000000	0	0	0.000000	0.103520	0.624274	0.908009	0.064935	0.000000	0.000000	0	none	0	none	0	none	none	max(insertion_type_count,local_deletion_type_count)
20|21	20	W	21	I	1.000000	0.844156	0.000000	0.624274	0.000000	0.000000	0.103520	0.624274	0.908009	0.064935	0.000000	0.000000	0	0.000000	0	0.098983	0.569406	0.910842	0.075269	0.000000	0.000000	0	0.000000	0	0	0.000000	0.103520	0.624274	0.908009	0.064935	0.000000	0.000000	0	none	0	none	0	none	none	max(insertion_type_count,local_deletion_type_count)
21|22	21	I	22	G	0.844156	1.000000	0.624274	0.000000	0.000000	0.000000	0.103520	0.624274	0.908009	0.064935	0.000000	0.000000	0	0.000000	0	0.098983	0.569406	0.910842	0.075269	0.000000	0.000000	0	0.000000	0	0	0.000000	0.103520	0.624274	0.908009	0.064935	0.000000	0.000000	0	none	0	none	0	none	none	max(insertion_type_count,local_deletion_type_count)
22|23	22	G	23	Q	1.000000	0.064935	0.000000	0.517962	0.000000	0.000000	0.095186	0.624274	0.909091	0.064935	0.000000	0.000000	0	0.000000	0	0.091837	0.569406	0.911738	0.075269	0.000000	0.000000	0	0.000000	0	0	0.000000	0.095186	0.624274	0.909091	0.064935	0.000000	0.000000	0	none	0	none	0	none	none	max(insertion_type_count,local_deletion_type_count)
23|24	23	Q	24	K	0.064935	1.000000	0.517962	0.000000	0.000000	0.000000	0.095186	0.624274	0.909091	0.064935	0.000000	0.000000	0	0.000000	0	0.091837	0.569406	0.911738	0.075269	0.000000	0.000000	0	0.000000	0	0	0.000000	0.095186	0.624274	0.909091	0.064935	0.000000	0.000000	0	none	0	none	0	none	none	max(insertion_type_count,local_deletion_type_count)
24|25	24	K	25	I	1.000000	1.000000	0.000000	0.000000	0.000000	0.000000	0.178022	0.994030	0.871212	0.064935	0.000000	0.000000	0	0.000000	0	0.173382	0.978542	0.877240	0.075269	0.000000	0.000000	0	0.000000	0	0	0.000000	0.178022	0.994030	0.871212	0.064935	0.000000	0.000000	0	none	0	none	0	none	none	max(insertion_type_count,local_deletion_type_count)
25|26	25	I	26	S	1.000000	1.000000	0.000000	0.000000	0.000000	0.000000	0.178022	0.994030	0.871212	0.064935	0.000000	0.000000	0	0.000000	0	0.173382	0.978542	0.877240	0.075269	0.000000	0.000000	0	0.000000	0	0	0.000000	0.178022	0.994030	0.871212	0.064935	0.000000	0.000000	0	none	0	none	0	none	none	max(insertion_type_count,local_deletion_type_count)
26|27	26	S	27	K	1.000000	1.000000	0.000000	0.000000	0.000000	0.000000	0.289810	1.341449	0.794372	0.064935	0.000000	0.000000	0	0.000000	0	0.280510	1.285536	0.801523	0.075269	0.000000	0.000000	0	0.000000	0	0	0.000000	0.289810	1.341449	0.794372	0.064935	0.000000	0.000000	0	none	0	none	0	none	none	max(insertion_type_count,local_deletion_type_count)
27|28	27	K	28	F	1.000000	1.000000	0.000000	0.000000	0.000000	0.000000	0.246120	1.341449	0.806277	0.064935	0.000000	0.000000	0	0.000000	0	0.240205	1.285536	0.811828	0.075269	0.000000	0.000000	0	0.000000	0	0	0.000000	0.246120	1.341449	0.806277	0.064935	0.000000	0.000000	0	none	0	none	0	none	none	max(insertion_type_count,local_deletion_type_count)
28|29	28	F	29	I	1.000000	1.000000	0.000000	0.000000	0.000000	0.000000	0.262766	1.341449	0.804113	0.064935	0.000000	0.000000	0	0.000000	0	0.254482	1.285536	0.810036	0.075269	0.000000	0.000000	0	0.000000	0	0	0.000000	0.262766	1.341449	0.804113	0.064935	0.000000	0.000000	0	none	0	none	0	none	none	max(insertion_type_count,local_deletion_type_count)
29|30	29	I	30	D	1.000000	0.545455	0.000000	0.994030	0.000000	0.000000	0.219603	1.341449	0.882035	0.077922	0.000000	0.000000	0	0.000000	0	0.210095	1.285536	0.887097	0.091398	0.000000	0.000000	0	0.000000	0	0	0.000000	0.219603	1.341449	0.882035	0.077922	0.000000	0.000000	0	none	0	none	0	none	none	max(insertion_type_count,local_deletion_type_count)
30|31	30	D	31	W	0.545455	1.000000	0.994030	0.000000	0.000000	0.000000	0.219603	1.341449	0.882035	0.077922	0.000000	0.000000	0	0.000000	0	0.210095	1.285536	0.887097	0.091398	0.000000	0.000000	0	0.000000	0	0	0.000000	0.219603	1.341449	0.882035	0.077922	0.000000	0.000000	0	none	0	none	0	none	none	max(insertion_type_count,local_deletion_type_count)
31|32	31	W	32	I	1.000000	0.077922	0.000000	1.341449	0.000000	0.000000	0.219603	1.341449	0.882035	0.077922	0.000000	0.000000	0	0.000000	0	0.210095	1.285536	0.887097	0.091398	0.000000	0.000000	0	0.000000	0	0	0.000000	0.219603	1.341449	0.882035	0.077922	0.000000	0.000000	0	none	0	none	0	none	none	max(insertion_type_count,local_deletion_type_count)
32|33	32	I	33	K	0.077922	0.987013	1.341449	0.100001	0.000000	0.000000	0.219603	1.341449	0.882035	0.077922	0.000000	0.000000	0	0.000000	0	0.210095	1.285536	0.887097	0.091398	0.000000	0.000000	0	0.000000	0	0	0.000000	0.219603	1.341449	0.882035	0.077922	0.000000	0.000000	0	none	0	none	0	none	none	max(insertion_type_count,local_deletion_type_count)
33|34	33	K	34	S	0.987013	0.974026	0.100001	0.199755	0.000000	0.000000	0.227936	1.341449	0.880952	0.077922	0.000000	0.000000	0	0.000000	0	0.217240	1.285536	0.886201	0.091398	0.000000	0.000000	0	0.000000	0	0	0.000000	0.227936	1.341449	0.880952	0.077922	0.000000	0.000000	0	none	0	none	0	none	none	max(insertion_type_count,local_deletion_type_count)
34|35	34	S	35	M	0.974026	1.000000	0.199755	0.000000	0.000000	0.000000	0.291236	1.341449	0.866883	0.077922	0.000000	0.000000	0	0.000000	0	0.275595	1.285536	0.873656	0.091398	0.000000	0.000000	0	0.000000	0	0	0.000000	0.291236	1.341449	0.866883	0.077922	0.000000	0.000000	0	none	0	none	0	none	none	max(insertion_type_count,local_deletion_type_count)
35|36	35	M	36	L	1.000000	1.000000	0.000000	0.000000	0.000000	0.000000	0.305718	1.341449	0.864719	0.077922	0.000000	0.000000	0	0.000000	0	0.288079	1.285536	0.871864	0.091398	0.000000	0.000000	0	0.000000	0	0	0.000000	0.305718	1.341449	0.864719	0.077922	0.000000	0.000000	0	none	0	none	0	none	none	max(insertion_type_count,local_deletion_type_count)
36|37	36	L	37	P	1.000000	1.000000	0.000000	0.000000	0.000000	0.000000	0.222882	1.341449	0.902597	0.077922	0.000000	0.000000	0	0.000000	0	0.206534	1.285536	0.906362	0.091398	0.000000	0.000000	0	0.000000	0	0	0.000000	0.222882	1.341449	0.902597	0.077922	0.000000	0.000000	0	none	0	none	0	none	none	max(insertion_type_count,local_deletion_type_count)
37|38	37	P	38	Q	1.000000	1.000000	0.000000	0.000000	0.000000	0.000000	0.298126	1.341449	0.835498	0.077922	0.000000	0.000000	0	0.000000	0	0.278400	1.285536	0.838710	0.091398	0.000000	0.000000	0	0.000000	0	0	0.000000	0.298126	1.341449	0.835498	0.077922	0.000000	0.000000	0	none	0	none	0	none	none	max(insertion_type_count,local_deletion_type_count)
38|39	38	Q	39	A	1.000000	0.987013	0.000000	0.100001	0.000000	0.000000	0.278937	1.111174	0.837662	0.103896	0.000000	0.000000	0	0.000000	0	0.262485	1.094556	0.840054	0.107527	0.000000	0.000000	0	0.000000	0	0	0.000000	0.278937	1.111174	0.837662	0.103896	0.000000	0.000000	0	none	0	none	0	none	none	max(insertion_type_count,local_deletion_type_count)
39|40	39	A	40	Q	0.987013	0.831169	0.100001	0.759595	0.000000	0.000000	0.313964	1.111174	0.829004	0.103896	0.000000	0.000000	0	0.000000	0	0.294988	1.094556	0.832437	0.107527	0.000000	0.000000	0	0.000000	0	0	0.000000	0.313964	1.111174	0.829004	0.103896	0.000000	0.000000	0	none	0	none	0	none	none	max(insertion_type_count,local_deletion_type_count)
40|41	40	Q	41	L	0.831169	0.974026	0.759595	0.173781	0.000000	0.000000	0.351903	1.111174	0.817100	0.103896	0.000000	0.000000	0	0.000000	0	0.331644	1.094556	0.821685	0.107527	0.000000	0.000000	0	0.000000	0	0	0.000000	0.351903	1.111174	0.817100	0.103896	0.000000	0.000000	0	none	0	none	0	none	none	max(insertion_type_count,local_deletion_type_count)
41|42	41	L	42	K	0.974026	1.000000	0.173781	0.000000	0.000000	0.000000	0.533563	2.179913	0.738095	0.051948	0.000000	0.000000	0	0.000000	0	0.511900	2.163079	0.743279	0.059140	0.000000	0.000000	0	0.000000	0	0	0.000000	0.533902	2.183979	0.738095	0.051948	0.000000	0.000000	0	none	0	none	0	none	none	max(insertion_type_count,local_deletion_type_count)
42|43	42	K	43	I	1.000000	0.194805	0.000000	0.902932	0.000000	0.000000	0.656765	2.179913	0.661255	0.051948	0.000000	0.000000	0	0.000000	0	0.630049	2.163079	0.667563	0.059140	0.000000	0.000000	0	0.000000	0	0	0.000000	0.657104	2.183979	0.661255	0.051948	0.000000	0.000000	0	none	0	none	0	none	none	max(insertion_type_count,local_deletion_type_count)
43|44	43	I	44	D	0.194805	0.103896	0.902932	1.111174	0.000000	0.000000	0.687810	2.179913	0.656926	0.051948	0.000000	0.000000	0	0.000000	0	0.663503	2.163079	0.662634	0.059140	0.000000	0.000000	0	0.000000	0	0	0.000000	0.688149	2.183979	0.656926	0.051948	0.000000	0.000000	0	none	0	none	0	none	none	max(insertion_type_count,local_deletion_type_count)
44|45	44	D	45	Y	0.103896	0.883117	1.111174	0.520335	0.000000	0.000000	0.696143	2.179913	0.655844	0.051948	0.000000	0.000000	0	0.000000	0	0.670649	2.163079	0.661738	0.059140	0.000000	0.000000	0	0.000000	0	0	0.000000	0.696482	2.183979	0.655844	0.051948	0.000000	0.000000	0	none	0	none	0	none	none	max(insertion_type_count,local_deletion_type_count)
45|46	45	Y	46	L	0.883117	0.831169	0.520335	0.655024	0.000000	0.000000	0.766088	2.179913	0.596320	0.051948	0.000000	0.000000	0	0.000000	0	0.741496	2.163079	0.600806	0.059140	0.000000	0.000000	0	0.000000	0	0	0.000000	0.766427	2.183979	0.596320	0.051948	0.000000	0.000000	0	none	0	none	0	none	none	max(insertion_type_count,local_deletion_type_count)
46|47	46	L	47	T	0.831169	0.051948	0.655024	2.179913	0.000000	0.000000	0.702788	2.179913	0.610390	0.051948	0.000000	0.000000	0	0.000000	0	0.683142	2.163079	0.613351	0.059140	0.000000	0.000000	0	0.000000	0	0	0.000000	0.703127	2.183979	0.610390	0.051948	0.000000	0.000000	0	none	0	none	0	none	none	max(insertion_type_count,local_deletion_type_count)
47|48	47	T	48	K	0.051948	0.077922	2.179913	1.478425	0.000000	0.000000	0.821450	2.179913	0.576840	0.051948	0.000000	0.000000	0	0.000000	0	0.798241	2.163079	0.581541	0.059140	0.000000	0.000000	0	0.000000	0	0	0.000000	0.821789	2.183979	0.576840	0.051948	0.000000	0.000000	0	none	0	none	0	none	none	max(insertion_type_count,local_deletion_type_count)
48|49	48	K	49	L	0.077922	0.948052	1.478425	0.372537	0.000000	0.000000	0.890313	2.179913	0.555195	0.051948	0.000000	0.000000	0	0.000000	0	0.864014	2.163079	0.561828	0.059140	0.000000	0.000000	0	0.000000	0	0	0.000000	0.890101	2.183979	0.555556	0.051948	0.000000	0.000000	0	none	0	none	0	none	none	max(insertion_type_count,local_deletion_type_count)
49|50	49	L	50	K	0.948052	0.987013	0.372537	0.100001	0.000000	0.000000	0.858232	2.179913	0.614719	0.051948	0.000000	0.000000	0	0.000000	0	0.834902	2.163079	0.621864	0.059140	0.000000	0.000000	0	0.000000	0	0	0.000000	0.858020	2.183979	0.615079	0.051948	0.000000	0.000000	0	none	0	none	0	none	none	max(insertion_type_count,local_deletion_type_count)
50|51	50	K	51	Q	0.987013	0.272727	0.100001	0.939339	0.000000	0.000000	0.765634	2.179913	0.689394	0.051948	0.000000	0.000000	0	0.000000	0	0.743689	2.163079	0.696237	0.059140	0.000000	0.000000	0	0.000000	0	0	0.000000	0.765422	2.183979	0.689755	0.051948	0.000000	0.000000	0	none	0	none	0	none	none	max(insertion_type_count,local_deletion_type_count)
51|52	51	Q	52	L	0.272727	1.000000	0.939339	0.000000	0.000000	0.000000	0.722273	2.179913	0.699134	0.051948	0.000000	0.000000	0	0.000000	0	0.704041	2.163079	0.704749	0.059140	0.000000	0.000000	0	0.000000	0	0	0.000000	0.722061	2.183979	0.699495	0.051948	0.000000	0.000000	0	none	0	none	0	none	none	max(insertion_type_count,local_deletion_type_count)
52|53	52	L	53	N	1.000000	0.571429	0.000000	1.597722	0.000000	0.000000	0.708795	2.179913	0.705628	0.051948	0.000000	0.000000	0	0.000000	0	0.693354	2.163079	0.710125	0.059140	0.000000	0.000000	0	0.000000	0	0	0.000000	0.708583	2.183979	0.705989	0.051948	0.000000	0.000000	0	none	0	none	0	none	none	max(insertion_type_count,local_deletion_type_count)
53|54	53	N	54	L	0.571429	0.740260	1.597722	0.826354	0.000000	0.000000	0.631672	1.597722	0.756494	0.077922	0.000000	0.000000	0	0.000000	0	0.616876	1.531000	0.760753	0.091398	0.000000	0.000000	0	0.000000	0	0	0.000000	0.631910	1.597722	0.756494	0.077922	0.000000	0.000000	0	none	0	none	0	none	none	max(insertion_type_count,local_deletion_type_count)
54|55	54	L	55	L	0.740260	0.909091	0.826354	0.517962	0.000000	0.000000	0.577333	1.597722	0.811688	0.272727	0.000000	0.000000	0	0.000000	0	0.565248	1.531000	0.816308	0.258065	0.000000	0.000000	0	0.000000	0	0	0.000000	0.577571	1.597722	0.811688	0.272727	0.000000	0.000000	0	none	0	none	0	none	none	max(insertion_type_count,local_deletion_type_count)
55|56	55	L	56	E	0.909091	1.000000	0.517962	0.000000	0.000000	0.000000	0.724516	2.138732	0.737013	0.051948	0.000000	0.000000	0	0.000000	0	0.709628	2.134017	0.743280	0.064516	0.000000	0.000000	0	0.000000	0	0	0.000000	0.724753	2.138732	0.737013	0.051948	0.000000	0.000000	0	none	0	none	0	none	none	max(insertion_type_count,local_deletion_type_count)
56|57	56	E	57	K	1.000000	1.000000	0.000000	0.000000	0.000000	0.000000	0.745076	2.138732	0.660173	0.051948	0.000000	0.000000	0	0.000000	0	0.734590	2.134017	0.667115	0.064516	0.000000	0.000000	0	0.000000	0	0	0.000000	0.745314	2.138732	0.660173	0.051948	0.000000	0.000000	0	none	0	none	0	none	none	max(insertion_type_count,local_deletion_type_count)
57|58	57	K	58	Q	1.000000	0.909091	0.000000	0.493285	0.000000	0.000000	0.689572	2.138732	0.717533	0.051948	0.000000	0.000000	0	0.000000	0	0.676198	2.134017	0.726255	0.064516	0.000000	0.000000	0	0.000000	0	0	0.000000	0.689810	2.138732	0.717533	0.051948	0.000000	0.000000	0	none	0	none	0	none	none	max(insertion_type_count,local_deletion_type_count)
58|59	58	Q	59	I	0.909091	0.662338	0.493285	1.254438	0.000000	0.000000	0.904798	2.582712	0.653680	0.051948	0.000000	0.000000	0	0.000000	0	0.895728	2.634363	0.661738	0.064516	0.000000	0.000000	0	0.000000	0	0	0.000000	0.905874	2.592765	0.653680	0.051948	0.000000	0.000000	0	none	0	none	0	none	none	max(insertion_type_count,local_deletion_type_count)
59|60	59	I	60	E	0.662338	0.740260	1.254438	0.826354	0.000000	0.000000	0.771655	2.582712	0.689394	0.051948	0.000000	0.000000	0	0.000000	0	0.768145	2.634363	0.695341	0.064516	0.000000	0.000000	0	0.000000	0	0	0.000000	0.772730	2.592765	0.689394	0.051948	0.000000	0.000000	0	none	0	none	0	none	none	max(insertion_type_count,local_deletion_type_count)
60|61	60	E	61	T	0.740260	0.051948	0.826354	2.138732	0.000000	0.000000	0.812837	2.582712	0.634199	0.051948	0.000000	0.000000	0	0.000000	0	0.809282	2.634363	0.638889	0.064516	0.000000	0.000000	0	0.000000	0	0	0.000000	0.814464	2.592765	0.633838	0.051948	0.000000	0.000000	0	none	0	none	0	none	none	max(insertion_type_count,local_deletion_type_count)
61|62	61	T	62	I	0.051948	0.064935	2.138732	0.346731	0.000000	0.000000	0.968319	2.582712	0.564935	0.051948	0.000000	0.000000	0	0.000000	0	0.969650	2.634363	0.569893	0.064516	0.000000	0.000000	0	0.000000	0	0	0.000000	0.968541	2.592765	0.563673	0.051948	0.000000	0.000000	0	none	0	none	0	none	none	max(insertion_type_count,local_deletion_type_count)
62|63	62	I	63	R	0.064935	0.961039	0.346731	0.273286	0.000000	0.000000	1.159035	2.582712	0.485931	0.051948	0.000000	0.000000	0	0.000000	0	1.168237	2.634363	0.492384	0.064516	0.000000	0.000000	0	0.000000	0	0	0.000000	1.159257	2.592765	0.484668	0.051948	0.000000	0.000000	0	none	0	none	0	none	none	max(insertion_type_count,local_deletion_type_count)
63|64	63	R	64	L	0.961039	0.233766	0.273286	2.582712	0.000000	0.000000	1.294729	2.582712	0.408009	0.051948	0.000000	0.000000	0	0.000000	0	1.306940	2.634363	0.415323	0.064516	0.000000	0.000000	0	0.000000	0	0	0.000000	1.293869	2.592765	0.406313	0.051948	0.000000	0.000000	0	none	0	none	0	none	none	max(insertion_type_count,local_deletion_type_count)
64|65	64	L	65	A	0.233766	1.000000	2.582712	0.000000	0.000000	0.000000	1.261956	2.582712	0.414502	0.051948	0.000000	0.000000	0	0.000000	0	1.273841	2.634363	0.421595	0.064516	0.000000	0.000000	0	0.000000	0	0	0.000000	1.261095	2.592765	0.412807	0.051948	0.000000	0.000000	0	none	0	none	0	none	none	max(insertion_type_count,local_deletion_type_count)
65|66	65	A	66	P	1.000000	0.077922	0.000000	1.320545	0.000000	0.000000	1.233570	2.582712	0.426407	0.051948	0.000000	0.000000	0	0.000000	0	1.241006	2.634363	0.435036	0.064516	0.000000	0.000000	0	0.000000	0	0	0.000000	1.229672	2.592765	0.425433	0.051948	0.000000	0.000000	0	none	0	none	0	none	none	max(insertion_type_count,local_deletion_type_count)
66|67	66	P	67	A	0.077922	0.077922	1.320545	2.383743	0.000000	0.000000	1.261909	2.582712	0.428571	0.051948	0.000000	0.000000	0	0.000000	0	1.264058	2.634363	0.438172	0.064516	0.000000	0.000000	0	0.000000	0	0	0.000000	1.258012	2.592765	0.427597	0.051948	0.000000	0.000000	0	none	0	none	0	none	none	max(insertion_type_count,local_deletion_type_count)
67|68	67	A	68	S	0.077922	0.051948	2.383743	2.288592	0.000000	0.000000	1.150959	2.582712	0.490260	0.051948	0.000000	0.000000	0	0.000000	0	1.149962	2.634363	0.500896	0.069892	0.000000	0.000000	0	0.000000	0	0	0.000000	1.147062	2.592765	0.489286	0.051948	0.000000	0.000000	0	none	0	none	0	none	none	max(insertion_type_count,local_deletion_type_count)
68|69	68	S	69	V	0.051948	0.064935	2.288592	1.628336	0.000000	0.000000	1.236509	2.582712	0.490260	0.051948	0.000000	0.000000	0	0.000000	0	1.231832	2.634363	0.500000	0.064516	0.000000	0.000000	0	0.000000	0	0	0.000000	1.234788	2.592765	0.488853	0.051948	0.000000	0.000000	0	none	0	none	0	none	none	max(insertion_type_count,local_deletion_type_count)
69|70	69	V	70	Q	0.064935	0.987013	1.628336	0.100001	0.000000	0.000000	1.476777	3.156502	0.413420	0.038961	0.000000	0.000000	0	0.000000	0	1.472531	3.123600	0.423387	0.048387	0.000000	0.000000	0	0.000000	0	0	0.000000	1.475056	3.156502	0.412013	0.038961	0.000000	0.000000	0	none	0	none	0	none	none	max(insertion_type_count,local_deletion_type_count)
70|71	70	Q	71	E	0.987013	0.805195	0.100001	0.913803	0.000000	0.000000	1.335705	3.156502	0.461922	0.038961	0.000000	0.000000	0	0.000000	0	1.324741	3.123600	0.473863	0.048387	0.000000	0.000000	0	0.000000	0	0	0.000000	1.333147	3.156502	0.460515	0.038961	0.000000	0.000000	0	none	0	none	0	none	none	max(insertion_type_count,local_deletion_type_count)
71|72	71	E	72	K	0.805195	0.766234	0.913803	1.166430	0.000000	0.000000	1.432609	3.156502	0.440277	0.038961	0.000000	0.000000	0	0.000000	0	1.416282	3.123600	0.454150	0.048387	0.000000	0.000000	0	0.000000	0	0	0.000000	1.431206	3.156502	0.438509	0.038961	0.000000	0.000000	0	none	0	none	0	none	none	max(insertion_type_count,local_deletion_type_count)
72|73	72	K	73	I	0.766234	0.792208	1.166430	0.807328	0.000000	0.000000	1.450497	3.156502	0.438112	0.038961	0.000000	0.000000	0	0.000000	0	1.435529	3.123600	0.452358	0.048387	0.000000	0.000000	0	0.000000	0	0	0.000000	1.451314	3.156502	0.436345	0.038961	0.000000	0.000000	0	none	0	none	0	none	none	max(insertion_type_count,local_deletion_type_count)
73|74	73	I	74	F	0.792208	0.064935	0.807328	1.373336	0.000000	0.000000	1.350113	3.156502	0.497636	0.038961	0.000000	0.000000	0	0.000000	0	1.322415	3.123600	0.513738	0.048387	0.000000	0.000000	0	0.000000	0	0	0.000000	1.352335	3.156502	0.496770	0.038961	0.000000	0.000000	0	none	0	none	0	none	none	max(insertion_type_count,local_deletion_type_count)
74|75	74	F	75	I	0.064935	0.038961	1.373336	3.156502	0.000000	0.000000	1.218682	3.156502	0.560407	0.038961	0.000000	0.000000	0	0.000000	0	1.179024	3.123600	0.576910	0.048387	0.000000	0.000000	0	0.000000	0	0	0.000000	1.220903	3.156502	0.559541	0.038961	0.000000	0.000000	0	none	0	none	0	none	none	max(insertion_type_count,local_deletion_type_count)
75|76	75	I	76	E	0.038961	0.815789	3.156502	0.889850	0.000000	0.000000	1.161626	3.156502	0.621013	0.038961	0.000000	0.000000	0	0.000000	0	1.113556	3.123600	0.638738	0.048387	0.000000	0.000000	0	0.000000	0	0	0.000000	1.164930	3.156502	0.620580	0.038961	0.000000	0.000000	0	none	0	none	0	none	none	max(insertion_type_count,local_deletion_type_count)
76|77	76	E	77	I	0.815789	0.740260	0.889850	1.162838	0.000000	0.000000	1.153293	3.156502	0.622095	0.038961	0.000000	0.000000	0	0.000000	0	1.106411	3.123600	0.639634	0.048387	0.000000	0.000000	0	0.000000	0	0	0.000000	1.156597	3.156502	0.621662	0.038961	0.000000	0.000000	0	none	0	none	0	none	none	max(insertion_type_count,local_deletion_type_count)
77|78	77	I	78	N	0.740260	0.051948	1.162838	1.535211	0.000000	0.000000	1.148484	3.156502	0.623177	0.038961	0.000000	0.000000	0	0.000000	0	1.100953	3.123600	0.640978	0.048387	0.000000	0.000000	0	0.000000	0	0	0.000000	1.154036	3.156502	0.622384	0.038961	0.000000	0.000000	0	none	0	none	0	none	none	max(insertion_type_count,local_deletion_type_count)
78|79	78	N	79	T	0.051948	0.792208	1.535211	1.179135	0.000000	0.000000	1.051282	3.156502	0.642658	0.038961	0.000000	0.000000	0	0.000000	0	1.011381	3.123600	0.658003	0.048387	0.000000	0.000000	0	0.000000	0	0	0.000000	1.056834	3.156502	0.641864	0.038961	0.000000	0.000000	0	none	0	none	0	none	none	max(insertion_type_count,local_deletion_type_count)
79|80	79	T	80	L	0.792208	0.805195	1.179135	0.711416	0.000000	0.000000	1.089692	3.156502	0.582052	0.038961	0.000000	0.000000	0	0.000000	0	1.049739	3.123600	0.596175	0.048387	0.000000	0.000000	0	0.000000	0	0	0.000000	1.095244	3.156502	0.581258	0.038961	0.000000	0.000000	0	none	0	none	0	none	none	max(insertion_type_count,local_deletion_type_count)
80|81	80	L	81	H	0.805195	0.792208	0.711416	0.943661	0.000000	0.000000	0.975247	3.156502	0.659974	0.038961	0.000000	0.000000	0	0.000000	0	0.935761	3.123600	0.674132	0.048387	0.000000	0.000000	0	0.000000	0	0	0.000000	0.978623	3.156502	0.659613	0.038961	0.000000	0.000000	0	none	0	none	0	none	none	max(insertion_type_count,local_deletion_type_count)
81|82	81	H	82	D	0.792208	1.000000	0.943661	0.000000	0.000000	0.000000	0.726687	1.535211	0.737896	0.051948	0.000000	0.000000	0	0.000000	0	0.687945	1.513878	0.751641	0.064516	0.000000	0.000000	0	0.000000	0	0	0.000000	0.730063	1.561847	0.737535	0.051948	0.000000	0.000000	0	none	0	none	0	none	none	max(insertion_type_count,local_deletion_type_count)
82|83	82	D	83	L	1.000000	0.818182	0.000000	0.856106	0.000000	0.000000	0.652533	1.535211	0.753247	0.051948	0.000000	0.000000	0	0.000000	0	0.616205	1.513878	0.765681	0.064516	0.000000	0.000000	0	0.000000	0	0	0.000000	0.655909	1.561847	0.752886	0.051948	0.000000	0.000000	0	none	0	none	0	none	none	max(insertion_type_count,local_deletion_type_count)
83|84	83	L	84	S	0.818182	1.000000	0.856106	0.000000	0.000000	0.000000	0.555630	1.535211	0.774892	0.051948	0.000000	0.000000	0	0.000000	0	0.524664	1.513878	0.785394	0.064516	0.000000	0.000000	0	0.000000	0	0	0.000000	0.557850	1.561847	0.774892	0.051948	0.000000	0.000000	0	none	0	none	0	none	none	max(insertion_type_count,local_deletion_type_count)
84|85	84	S	85	L	1.000000	0.064935	0.000000	1.268249	0.000000	0.000000	0.427696	1.268249	0.853896	0.064935	0.000000	0.000000	0	0.000000	0	0.398507	1.225155	0.863351	0.075269	0.000000	0.000000	0	0.000000	0	0	0.000000	0.427696	1.268249	0.853896	0.064935	0.000000	0.000000	0	none	0	none	0	none	none	max(insertion_type_count,local_deletion_type_count)
85|86	85	L	86	K	0.064935	1.000000	1.268249	0.000000	0.000000	0.000000	0.329434	1.268249	0.871212	0.064935	0.000000	0.000000	0	0.000000	0	0.308499	1.225155	0.878584	0.075269	0.000000	0.000000	0	0.000000	0	0	0.000000	0.329434	1.268249	0.871212	0.064935	0.000000	0.000000	0	none	0	none	0	none	none	max(insertion_type_count,local_deletion_type_count)
86|87	86	K	87	F	1.000000	0.974026	0.000000	0.173781	0.000000	0.000000	0.289942	1.268249	0.884199	0.064935	0.000000	0.000000	0	0.000000	0	0.270435	1.225155	0.890233	0.075269	0.000000	0.000000	0	0.000000	0	0	0.000000	0.289942	1.268249	0.884199	0.064935	0.000000	0.000000	0	none	0	none	0	none	none	max(insertion_type_count,local_deletion_type_count)
87|88	87	F	88	L	0.974026	1.000000	0.173781	0.000000	0.000000	0.000000	0.314355	1.268249	0.886364	0.064935	0.000000	0.000000	0	0.000000	0	0.299931	1.232772	0.890233	0.075269	0.000000	0.000000	0	0.000000	0	0	0.000000	0.314178	1.268249	0.886364	0.064935	0.000000	0.000000	0	none	0	none	0	none	none	max(insertion_type_count,local_deletion_type_count)
88|89	88	L	89	P	1.000000	1.000000	0.000000	0.000000	0.000000	0.000000	0.314355	1.268249	0.886364	0.064935	0.000000	0.000000	0	0.000000	0	0.299931	1.232772	0.890233	0.075269	0.000000	0.000000	0	0.000000	0	0	0.000000	0.314178	1.268249	0.886364	0.064935	0.000000	0.000000	0	none	0	none	0	none	none	max(insertion_type_count,local_deletion_type_count)
89|90	89	P	90	L	1.000000	1.000000	0.000000	0.000000	0.000000	0.000000	0.300016	1.268249	0.886364	0.064935	0.000000	0.000000	0	0.000000	0	0.286481	1.232772	0.890233	0.075269	0.000000	0.000000	0	0.000000	0	0	0.000000	0.299839	1.268249	0.886364	0.064935	0.000000	0.000000	0	none	0	none	0	none	none	max(insertion_type_count,local_deletion_type_count)
90|91	90	L	91	Y	1.000000	1.000000	0.000000	0.000000	0.000000	0.000000	0.328910	1.268249	0.808442	0.064935	0.000000	0.000000	0	0.000000	0	0.318588	1.232772	0.813172	0.075269	0.000000	0.000000	0	0.000000	0	0	0.000000	0.328733	1.268249	0.808442	0.064935	0.000000	0.000000	0	none	0	none	0	none	none	max(insertion_type_count,local_deletion_type_count)
91|92	91	Y	92	A	1.000000	0.961039	0.000000	0.237508	0.000000	0.000000	0.239869	1.236611	0.884199	0.064935	0.000000	0.000000	0	0.000000	0	0.230769	1.232772	0.888441	0.075269	0.000000	0.000000	0	0.000000	0	0	0.000000	0.239692	1.234489	0.884199	0.064935	0.000000	0.000000	0	none	0	none	0	none	none	max(insertion_type_count,local_deletion_type_count)
92|93	92	A	93	S	0.961039	0.818182	0.237508	1.236611	0.000000	0.000000	0.248202	1.236611	0.883117	0.064935	0.000000	0.000000	0	0.000000	0	0.237914	1.232772	0.887545	0.075269	0.000000	0.000000	0	0.000000	0	0	0.000000	0.248025	1.234489	0.883117	0.064935	0.000000	0.000000	0	none	0	none	0	none	none	max(insertion_type_count,local_deletion_type_count)
93|94	93	S	94	E	0.818182	1.000000	1.236611	0.000000	0.000000	0.000000	0.250367	1.236611	0.883117	0.064935	0.000000	0.000000	0	0.000000	0	0.239706	1.232772	0.887545	0.075269	0.000000	0.000000	0	0.000000	0	0	0.000000	0.250190	1.234489	0.883117	0.064935	0.000000	0.000000	0	none	0	none	0	none	none	max(insertion_type_count,local_deletion_type_count)
94|95	94	E	95	A	1.000000	0.818182	0.000000	0.684038	0.000000	0.000000	0.452788	2.429053	0.805195	0.064935	0.000000	0.000000	0	0.000000	0	0.437788	2.376988	0.810932	0.075269	0.000000	0.000000	0	0.000000	0	0	0.000000	0.452916	2.432710	0.805195	0.064935	0.000000	0.000000	0	none	0	none	0	none	none	max(insertion_type_count,local_deletion_type_count)
95|96	95	A	96	R	0.818182	0.064935	0.684038	0.346731	0.000000	0.000000	0.485589	2.429053	0.799784	0.064935	0.000000	0.000000	0	0.000000	0	0.468161	2.376988	0.806004	0.075269	0.000000	0.000000	0	0.000000	0	0	0.000000	0.485716	2.432710	0.799784	0.064935	0.000000	0.000000	0	none	0	none	0	none	none	max(insertion_type_count,local_deletion_type_count)
96|97	96	R	97	R	0.064935	0.974026	0.346731	0.199755	0.000000	0.000000	0.629402	2.429053	0.746056	0.064935	0.000000	0.000000	0	0.000000	0	0.610978	2.376988	0.753920	0.075269	0.000000	0.000000	0	0.000000	0	0	0.000000	0.629354	2.432710	0.745926	0.064935	0.000000	0.000000	0	none	0	none	0	none	none	max(insertion_type_count,local_deletion_type_count)
97|98	97	R	98	I	0.974026	0.987013	0.199755	0.100001	0.000000	0.000000	0.753198	2.429053	0.671380	0.064935	0.000000	0.000000	0	0.000000	0	0.735585	2.376988	0.679995	0.075269	0.000000	0.000000	0	0.000000	0	0	0.000000	0.753151	2.432710	0.671251	0.064935	0.000000	0.000000	0	none	0	none	0	none	none	max(insertion_type_count,local_deletion_type_count)
98|99	98	I	99	K	0.987013	0.974026	0.100001	0.199755	0.000000	0.000000	0.810563	2.429053	0.654064	0.064935	0.000000	0.000000	0	0.000000	0	0.791209	2.376988	0.663867	0.075269	0.000000	0.000000	0	0.000000	0	0	0.000000	0.810515	2.432710	0.653935	0.064935	0.000000	0.000000	0	none	0	none	0	none	none	max(insertion_type_count,local_deletion_type_count)
99|100	99	K	100	N	0.974026	0.064935	0.199755	2.429053	0.000000	0.000000	0.791969	2.429053	0.651900	0.064935	0.000000	0.000000	0	0.000000	0	0.766076	2.376988	0.663867	0.075269	0.000000	0.000000	0	0.000000	0	0	0.000000	0.792098	2.432710	0.651770	0.064935	0.000000	0.000000	0	none	0	none	0	none	none	max(insertion_type_count,local_deletion_type_count)
100|101	100	N	101	L	0.064935	0.935065	2.429053	0.393610	0.000000	0.000000	0.976142	2.429053	0.582636	0.064935	0.000000	0.000000	0	0.000000	0	0.952275	2.376988	0.597110	0.075269	0.000000	0.000000	0	0.000000	0	0	0.000000	0.976847	2.432710	0.582867	0.064935	0.000000	0.000000	0	none	0	none	0	none	none	max(insertion_type_count,local_deletion_type_count)
101|102	101	L	102	Y	0.935065	0.355263	0.393610	1.725757	0.000000	0.000000	1.109636	2.429053	0.545839	0.064935	0.000000	0.000000	0	0.000000	0	1.083055	2.376988	0.561716	0.075269	0.000000	0.000000	0	0.000000	0	0	0.000000	1.110341	2.432710	0.546071	0.064935	0.000000	0.000000	0	none	0	none	0	none	none	max(insertion_type_count,local_deletion_type_count)
102|103	102	Y	103	I	0.355263	0.103896	1.725757	1.485562	0.000000	0.000000	1.141206	2.429053	0.551250	0.064935	0.000000	0.000000	0	0.000000	0	1.116087	2.376988	0.568884	0.080645	0.000000	0.000000	0	0.000000	0	0	0.000000	1.141912	2.432710	0.551482	0.064935	0.000000	0.000000	0	none	0	none	0	none	none	max(insertion_type_count,local_deletion_type_count)
103|104	103	I	104	K	0.103896	0.753247	1.485562	0.925880	0.000000	0.000000	1.206538	2.429053	0.536099	0.064935	0.000000	0.000000	0	0.000000	0	1.177863	2.376988	0.555444	0.080645	0.000000	0.000000	0	0.000000	0	0	0.000000	1.207244	2.432710	0.536330	0.064935	0.000000	0.000000	0	none	0	none	0	none	none	max(insertion_type_count,local_deletion_type_count)
104|105	104	K	105	C	0.753247	0.792208	0.925880	1.013487	0.000000	0.000000	1.271712	2.429053	0.522030	0.064935	0.000000	0.000000	0	0.000000	0	1.236571	2.376988	0.543347	0.080645	0.000000	0.000000	0	0.000000	0	0	0.000000	1.272417	2.432710	0.522261	0.064935	0.000000	0.000000	0	none	0	none	0	none	none	max(insertion_type_count,local_deletion_type_count)
105|106	105	C	106	S	0.792208	0.168831	1.013487	2.210073	0.000000	0.000000	1.355085	2.429053	0.446272	0.064935	0.000000	0.000000	0	0.000000	0	1.321026	2.376988	0.468078	0.075269	0.000000	0.000000	0	0.000000	0	0	0.000000	1.355791	2.432710	0.446503	0.064935	0.000000	0.000000	0	none	0	none	0	none	none	max(insertion_type_count,local_deletion_type_count)
106|107	106	S	107	N	0.168831	0.376623	2.210073	2.285966	0.000000	0.000000	1.303973	2.285966	0.446272	0.064935	0.000000	0.000000	0	0.000000	0	1.274809	2.234385	0.467630	0.075269	0.000000	0.000000	0	0.000000	0	0	0.000000	1.304374	2.285966	0.446503	0.064935	0.000000	0.000000	0	none	0	none	0	none	none	max(insertion_type_count,local_deletion_type_count)
107|108	107	N	108	V	0.376623	0.129870	2.285966	0.725576	0.000000	0.000000	1.279505	2.285966	0.450601	0.064935	0.000000	0.000000	0	0.000000	0	1.251581	2.234385	0.471662	0.075269	0.000000	0.000000	0	0.000000	0	0	0.000000	1.279906	2.285966	0.450832	0.064935	0.000000	0.000000	0	none	0	none	0	none	none	max(insertion_type_count,local_deletion_type_count)
108|109	108	V	109	I	0.129870	0.792208	0.725576	0.983741	0.000000	0.000000	1.135692	2.285966	0.504329	0.064935	0.000000	0.000000	0	0.000000	0	1.108764	2.234385	0.523745	0.075269	0.000000	0.000000	0	0.000000	0	0	0.000000	1.136268	2.285966	0.504690	0.064935	0.000000	0.000000	0	none	0	none	0	none	none	max(insertion_type_count,local_deletion_type_count)
109|110	109	I	110	K	0.792208	0.818182	0.983741	0.882080	0.000000	0.000000	1.175086	2.285966	0.501082	0.064935	0.000000	0.000000	0	0.000000	0	1.146907	2.234385	0.520609	0.075269	0.000000	0.000000	0	0.000000	0	0	0.000000	1.175662	2.285966	0.501443	0.064935	0.000000	0.000000	0	none	0	none	0	none	none	max(insertion_type_count,local_deletion_type_count)
110|111	110	K	111	G	0.818182	0.064935	0.882080	1.200235	0.000000	0.000000	1.097929	2.285966	0.521645	0.064935	0.000000	0.000000	0	0.000000	0	1.074150	2.234385	0.539426	0.075269	0.000000	0.000000	0	0.000000	0	0	0.000000	1.098506	2.285966	0.522006	0.064935	0.000000	0.000000	0	none	0	none	0	none	none	max(insertion_type_count,local_deletion_type_count)
111|112	111	G	112	G	0.064935	0.064935	1.200235	1.815706	0.000000	0.000000	1.013472	2.285966	0.538961	0.064935	0.000000	0.000000	0	0.000000	0	0.996553	2.234385	0.554659	0.075269	0.000000	0.000000	0	0.000000	0	0	0.000000	1.014048	2.285966	0.539322	0.064935	0.000000	0.000000	0	none	0	none	0	none	none	max(insertion_type_count,local_deletion_type_count)
112|113	112	G	113	K	0.064935	0.987013	1.815706	0.100001	0.000000	0.000000	0.829299	2.285966	0.608225	0.064935	0.000000	0.000000	0	0.000000	0	0.810354	2.193801	0.621416	0.075269	0.000000	0.000000	0	0.000000	0	0	0.000000	0.829299	2.285966	0.608225	0.064935	0.000000	0.000000	0	none	0	none	0	none	none	max(insertion_type_count,local_deletion_type_count)
113|114	113	K	114	R	0.987013	1.000000	0.100001	0.000000	0.000000	0.000000	0.693388	1.958287	0.646104	0.064935	0.000000	0.000000	0	0.000000	0	0.677337	1.953005	0.657706	0.075269	0.000000	0.000000	0	0.000000	0	0	0.000000	0.693388	1.958287	0.646104	0.064935	0.000000	0.000000	0	none	0	none	0	none	none	max(insertion_type_count,local_deletion_type_count)
114|115	114	R	115	N	1.000000	0.064935	0.000000	1.958287	0.000000	0.000000	0.694360	1.958287	0.701299	0.064935	0.000000	0.000000	0	0.000000	0	0.672178	1.953005	0.711021	0.075269	0.000000	0.000000	0	0.000000	0	0	0.000000	0.693656	1.958287	0.701659	0.064935	0.000000	0.000000	0	none	0	none	0	none	none	max(insertion_type_count,local_deletion_type_count)
115|116	115	N	116	E	0.064935	1.000000	1.958287	0.000000	0.000000	0.000000	0.769346	1.958287	0.649351	0.064935	0.000000	0.000000	0	0.000000	0	0.749154	1.953005	0.656810	0.075269	0.000000	0.000000	0	0.000000	0	0	0.000000	0.768643	1.958287	0.649711	0.064935	0.000000	0.000000	0	none	0	none	0	none	none	max(insertion_type_count,local_deletion_type_count)
116|117	116	E	117	P	1.000000	1.000000	0.000000	0.000000	0.000000	0.000000	0.771020	1.958287	0.645022	0.064935	0.000000	0.000000	0	0.000000	0	0.756815	1.953005	0.651882	0.075269	0.000000	0.000000	0	0.000000	0	0	0.000000	0.770316	1.958287	0.645382	0.064935	0.000000	0.000000	0	none	0	none	0	none	none	max(insertion_type_count,local_deletion_type_count)
117|118	117	P	118	V	1.000000	1.000000	0.000000	0.000000	0.000000	0.000000	0.671000	1.958287	0.722944	0.064935	0.000000	0.000000	0	0.000000	0	0.658084	1.953005	0.728943	0.075269	0.000000	0.000000	0	0.000000	0	0	0.000000	0.670297	1.958287	0.723304	0.064935	0.000000	0.000000	0	none	0	none	0	none	none	max(insertion_type_count,local_deletion_type_count)
118|119	118	V	119	A	1.000000	0.831169	0.000000	0.655024	0.000000	0.000000	0.519691	1.958287	0.800866	0.064935	0.000000	0.000000	0	0.000000	0	0.506219	1.953005	0.806004	0.075269	0.000000	0.000000	0	0.000000	0	0	0.000000	0.518988	1.958287	0.801227	0.064935	0.000000	0.000000	0	none	0	none	0	none	none	max(insertion_type_count,local_deletion_type_count)
119|120	119	A	120	V	0.831169	0.792208	0.655024	0.737241	0.000000	0.000000	0.658372	1.958287	0.728355	0.064935	0.000000	0.000000	0	0.000000	0	0.646877	1.953005	0.733871	0.075269	0.000000	0.000000	0	0.000000	0	0	0.000000	0.656417	1.958287	0.729077	0.064935	0.000000	0.000000	0	none	0	none	0	none	none	max(insertion_type_count,local_deletion_type_count)
120|121	120	V	121	L	0.792208	0.168831	0.737241	1.883580	0.000000	0.000000	0.658372	1.958287	0.728355	0.064935	0.000000	0.000000	0	0.000000	0	0.646877	1.953005	0.733871	0.075269	0.000000	0.000000	0	0.000000	0	0	0.000000	0.656417	1.958287	0.729077	0.064935	0.000000	0.000000	0	none	0	none	0	none	none	max(insertion_type_count,local_deletion_type_count)
121|122	121	L	122	I	0.168831	0.766234	1.883580	0.902164	0.000000	0.000000	0.495181	1.883580	0.806277	0.116883	0.000000	0.000000	0	0.000000	0	0.484126	1.836326	0.810932	0.123656	0.000000	0.000000	0	0.000000	0	0	0.000000	0.493226	1.883580	0.806999	0.121212	0.000000	0.000000	0	none	0	none	0	none	none	max(insertion_type_count,local_deletion_type_count)
122|123	122	I	123	H	0.766234	1.000000	0.902164	0.000000	0.000000	0.000000	0.542307	1.883580	0.797619	0.116883	0.000000	0.000000	0	0.000000	0	0.530095	1.836326	0.802419	0.123656	0.000000	0.000000	0	0.000000	0	0	0.000000	0.540352	1.883580	0.798341	0.121212	0.000000	0.000000	0	none	0	none	0	none	none	max(insertion_type_count,local_deletion_type_count)
123|124	123	H	124	G	1.000000	1.000000	0.000000	0.000000	0.000000	0.000000	0.542307	1.883580	0.797619	0.116883	0.000000	0.000000	0	0.000000	0	0.530095	1.836326	0.802419	0.123656	0.000000	0.000000	0	0.000000	0	0	0.000000	0.540352	1.883580	0.798341	0.121212	0.000000	0.000000	0	none	0	none	0	none	none	max(insertion_type_count,local_deletion_type_count)
124|125	124	G	125	S	1.000000	0.116883	0.000000	1.764164	0.000000	0.000000	0.542307	1.883580	0.797619	0.116883	0.000000	0.000000	0	0.000000	0	0.530095	1.836326	0.802419	0.123656	0.000000	0.000000	0	0.000000	0	0	0.000000	0.540352	1.883580	0.798341	0.121212	0.000000	0.000000	0	none	0	none	0	none	none	max(insertion_type_count,local_deletion_type_count)
125|126	125	S	126	P	0.116883	1.000000	1.764164	0.000000	0.000000	0.000000	0.487722	1.883580	0.811688	0.116883	0.000000	0.000000	0	0.000000	0	0.480295	1.836326	0.814516	0.123656	0.000000	0.000000	0	0.000000	0	0	0.000000	0.485767	1.883580	0.812410	0.121212	0.000000	0.000000	0	none	0	none	0	none	none	max(insertion_type_count,local_deletion_type_count)
126|127	126	P	127	G	1.000000	1.000000	0.000000	0.000000	0.000000	0.000000	0.540949	1.883580	0.752165	0.077922	0.000000	0.000000	0	0.000000	0	0.536244	1.836326	0.755376	0.091398	0.000000	0.000000	0	0.000000	0	0	0.000000	0.539698	1.883580	0.752525	0.077922	0.000000	0.000000	0	none	0	none	0	none	none	max(insertion_type_count,local_deletion_type_count)
127|128	127	G	128	T	1.000000	0.896104	0.000000	0.565514	0.000000	0.000000	0.452465	1.764164	0.752165	0.077922	0.000000	0.000000	0	0.000000	0	0.450403	1.773637	0.755824	0.091398	0.000000	0.000000	0	0.000000	0	0	0.000000	0.451214	1.749146	0.752525	0.077922	0.000000	0.000000	0	none	0	none	0	none	none	max(insertion_type_count,local_deletion_type_count)
128|129	128	T	129	G	0.896104	1.000000	0.565514	0.000000	0.000000	0.000000	0.377285	1.764164	0.771645	0.077922	0.000000	0.000000	0	0.000000	0	0.376888	1.773637	0.773746	0.091398	0.000000	0.000000	0	0.000000	0	0	0.000000	0.376034	1.749146	0.772006	0.077922	0.000000	0.000000	0	none	0	none	0	none	none	max(insertion_type_count,local_deletion_type_count)
129|130	129	G	130	K	1.000000	1.000000	0.000000	0.000000	0.000000	0.000000	0.460365	1.764164	0.732684	0.077922	0.000000	0.000000	0	0.000000	0	0.459971	1.773637	0.734767	0.091398	0.000000	0.000000	0	0.000000	0	0	0.000000	0.459113	1.749146	0.733045	0.077922	0.000000	0.000000	0	none	0	none	0	none	none	max(insertion_type_count,local_deletion_type_count)
130|131	130	K	131	S	1.000000	1.000000	0.000000	0.000000	0.000000	0.000000	0.548303	1.764164	0.655844	0.077922	0.000000	0.000000	0	0.000000	0	0.545421	1.773637	0.658602	0.086022	0.000000	0.000000	0	0.000000	0	0	0.000000	0.547052	1.749146	0.656205	0.077922	0.000000	0.000000	0	none	0	none	0	none	none	max(insertion_type_count,local_deletion_type_count)
131|132	131	S	132	L	1.000000	0.077922	0.000000	1.375968	0.000000	0.000000	0.401290	1.375968	0.729437	0.077922	0.000000	0.000000	0	0.000000	0	0.397618	1.391158	0.731631	0.086022	0.000000	0.000000	0	0.000000	0	0	0.000000	0.401290	1.375968	0.729437	0.077922	0.000000	0.000000	0	none	0	none	0	none	none	max(insertion_type_count,local_deletion_type_count)
132|133	132	L	133	A	0.077922	0.168831	1.375968	0.821775	0.000000	0.000000	0.415771	1.375968	0.727273	0.077922	0.000000	0.000000	0	0.000000	0	0.412494	1.391158	0.729391	0.086022	0.000000	0.000000	0	0.000000	0	0	0.000000	0.415771	1.375968	0.727273	0.077922	0.000000	0.000000	0	none	0	none	0	none	none	max(insertion_type_count,local_deletion_type_count)
133|134	133	A	134	T	0.168831	1.000000	0.821775	0.000000	0.000000	0.000000	0.435564	1.375968	0.724026	0.077922	0.000000	0.000000	0	0.000000	0	0.431772	1.391158	0.726255	0.086022	0.000000	0.000000	0	0.000000	0	0	0.000000	0.435564	1.375968	0.724026	0.077922	0.000000	0.000000	0	none	0	none	0	none	none	max(insertion_type_count,local_deletion_type_count)
134|135	134	T	135	S	1.000000	0.532468	0.000000	0.996956	0.000000	0.000000	0.388437	1.375968	0.732684	0.077922	0.000000	0.000000	0	0.000000	0	0.385804	1.391158	0.734767	0.086022	0.000000	0.000000	0	0.000000	0	0	0.000000	0.388437	1.375968	0.732684	0.077922	0.000000	0.000000	0	none	0	none	0	none	none	max(insertion_type_count,local_deletion_type_count)
135|136	135	S	136	V	0.532468	0.077922	0.996956	1.055261	0.000000	0.000000	0.455612	1.375968	0.669913	0.077922	0.000000	0.000000	0	0.000000	0	0.452324	1.391158	0.671595	0.086022	0.000000	0.000000	0	0.000000	0	0	0.000000	0.455612	1.375968	0.669913	0.077922	0.000000	0.000000	0	none	0	none	0	none	none	max(insertion_type_count,local_deletion_type_count)
136|137	136	V	137	L	0.077922	1.000000	1.055261	0.000000	0.000000	0.000000	0.455612	1.375968	0.669913	0.077922	0.000000	0.000000	0	0.000000	0	0.452324	1.391158	0.671595	0.086022	0.000000	0.000000	0	0.000000	0	0	0.000000	0.455612	1.375968	0.669913	0.077922	0.000000	0.000000	0	none	0	none	0	none	none	max(insertion_type_count,local_deletion_type_count)
137|138	137	L	138	A	1.000000	0.974026	0.000000	0.173781	0.000000	0.000000	0.572416	1.401649	0.591991	0.064935	0.000000	0.000000	0	0.000000	0	0.567245	1.391158	0.594534	0.075269	0.000000	0.000000	0	0.000000	0	0	0.000000	0.572416	1.401649	0.591991	0.064935	0.000000	0.000000	0	none	0	none	0	none	none	max(insertion_type_count,local_deletion_type_count)
138|139	138	A	139	R	0.974026	0.961039	0.173781	0.237508	0.000000	0.000000	0.551044	1.401649	0.634199	0.064935	0.000000	0.000000	0	0.000000	0	0.542476	1.379048	0.636649	0.075269	0.000000	0.000000	0	0.000000	0	0	0.000000	0.551044	1.401649	0.634199	0.064935	0.000000	0.000000	0	none	0	none	0	none	none	max(insertion_type_count,local_deletion_type_count)
139|140	139	R	140	M	0.961039	1.000000	0.237508	0.000000	0.000000	0.000000	0.515464	1.401649	0.626623	0.064935	0.000000	0.000000	0	0.000000	0	0.512049	1.379048	0.629928	0.075269	0.000000	0.000000	0	0.000000	0	0	0.000000	0.515464	1.401649	0.626623	0.064935	0.000000	0.000000	0	none	0	none	0	none	none	max(insertion_type_count,local_deletion_type_count)
140|141	140	M	141	L	1.000000	0.246753	0.000000	0.806091	0.000000	0.000000	0.515464	1.401649	0.626623	0.064935	0.000000	0.000000	0	0.000000	0	0.512049	1.379048	0.629928	0.075269	0.000000	0.000000	0	0.000000	0	0	0.000000	0.515464	1.401649	0.626623	0.064935	0.000000	0.000000	0	none	0	none	0	none	none	max(insertion_type_count,local_deletion_type_count)
141|142	141	L	142	T	0.246753	1.000000	0.806091	0.000000	0.000000	0.000000	0.465286	1.401649	0.659091	0.064935	0.000000	0.000000	0	0.000000	0	0.464220	1.379048	0.661738	0.075269	0.000000	0.000000	0	0.000000	0	0	0.000000	0.465286	1.401649	0.659091	0.064935	0.000000	0.000000	0	none	0	none	0	none	none	max(insertion_type_count,local_deletion_type_count)
142|143	142	T	143	V	1.000000	0.064935	0.000000	1.401649	0.000000	0.000000	0.377348	1.401649	0.735931	0.064935	0.000000	0.000000	0	0.000000	0	0.378770	1.379048	0.737903	0.075269	0.000000	0.000000	0	0.000000	0	0	0.000000	0.377348	1.401649	0.735931	0.064935	0.000000	0.000000	0	none	0	none	0	none	none	max(insertion_type_count,local_deletion_type_count)
143|144	143	V	144	E	0.064935	0.584416	1.401649	1.119512	0.000000	0.000000	0.377348	1.401649	0.735931	0.064935	0.000000	0.000000	0	0.000000	0	0.378770	1.379048	0.737903	0.075269	0.000000	0.000000	0	0.000000	0	0	0.000000	0.377348	1.401649	0.735931	0.064935	0.000000	0.000000	0	none	0	none	0	none	none	max(insertion_type_count,local_deletion_type_count)
144|145	144	E	145	T	0.584416	0.077922	1.119512	0.394815	0.000000	0.000000	0.362866	1.401649	0.738095	0.064935	0.000000	0.000000	0	0.000000	0	0.363894	1.379048	0.740143	0.075269	0.000000	0.000000	0	0.000000	0	0	0.000000	0.362866	1.401649	0.738095	0.064935	0.000000	0.000000	0	none	0	none	0	none	none	max(insertion_type_count,local_deletion_type_count)
145|146	145	T	146	D	0.077922	1.000000	0.394815	0.000000	0.000000	0.000000	0.343073	1.401649	0.741342	0.064935	0.000000	0.000000	0	0.000000	0	0.344616	1.379048	0.743279	0.075269	0.000000	0.000000	0	0.000000	0	0	0.000000	0.343073	1.401649	0.741342	0.064935	0.000000	0.000000	0	none	0	none	0	none	none	max(insertion_type_count,local_deletion_type_count)
146|147	146	D	147	I	1.000000	0.922078	0.000000	0.394815	0.000000	0.000000	0.343073	1.401649	0.741342	0.064935	0.000000	0.000000	0	0.000000	0	0.344616	1.379048	0.743279	0.075269	0.000000	0.000000	0	0.000000	0	0	0.000000	0.343073	1.401649	0.741342	0.064935	0.000000	0.000000	0	none	0	none	0	none	none	max(insertion_type_count,local_deletion_type_count)
147|148	147	I	148	Y	0.922078	1.000000	0.394815	0.000000	0.000000	0.000000	0.344032	1.401649	0.788961	0.064935	0.000000	0.000000	0	0.000000	0	0.342159	1.379048	0.793459	0.075269	0.000000	0.000000	0	0.000000	0	0	0.000000	0.346410	1.401649	0.788961	0.064935	0.000000	0.000000	0	none	0	none	0	none	none	max(insertion_type_count,local_deletion_type_count)
148|149	148	Y	149	S	1.000000	1.000000	0.000000	0.000000	0.000000	0.000000	0.344032	1.401649	0.788961	0.064935	0.000000	0.000000	0	0.000000	0	0.342159	1.379048	0.793459	0.075269	0.000000	0.000000	0	0.000000	0	0	0.000000	0.346410	1.401649	0.788961	0.064935	0.000000	0.000000	0	none	0	none	0	none	none	max(insertion_type_count,local_deletion_type_count)
149|150	149	S	150	L	1.000000	1.000000	0.000000	0.000000	0.000000	0.000000	0.227228	1.119512	0.866883	0.077922	0.000000	0.000000	0	0.000000	0	0.227238	1.093932	0.870520	0.091398	0.000000	0.000000	0	0.000000	0	0	0.000000	0.229606	1.119512	0.866883	0.077922	0.000000	0.000000	0	none	0	none	0	none	none	max(insertion_type_count,local_deletion_type_count)
150|151	150	L	151	P	1.000000	1.000000	0.000000	0.000000	0.000000	0.000000	0.142268	0.817589	0.900433	0.077922	0.000000	0.000000	0	0.000000	0	0.146004	0.768758	0.902778	0.091398	0.000000	0.000000	0	0.000000	0	0	0.000000	0.144647	0.846128	0.900433	0.077922	0.000000	0.000000	0	none	0	none	0	none	none	max(insertion_type_count,local_deletion_type_count)
151|152	151	P	152	P	1.000000	1.000000	0.000000	0.000000	0.000000	0.000000	0.109367	0.817589	0.977273	0.818182	0.000000	0.000000	0	0.000000	0	0.109244	0.768758	0.978495	0.844086	0.000000	0.000000	0	0.000000	0	0	0.000000	0.111745	0.846128	0.977273	0.818182	0.000000	0.000000	0	none	0	none	0	none	none	max(insertion_type_count,local_deletion_type_count)
152|153	152	P	153	D	1.000000	0.818182	0.000000	0.817589	0.000000	0.000000	0.109367	0.817589	0.977273	0.818182	0.000000	0.000000	0	0.000000	0	0.109244	0.768758	0.978495	0.844086	0.000000	0.000000	0	0.000000	0	0	0.000000	0.111745	0.846128	0.977273	0.818182	0.000000	0.000000	0	none	0	none	0	none	none	max(insertion_type_count,local_deletion_type_count)
153|154	153	D	154	P	0.818182	1.000000	0.817589	0.000000	0.000000	0.000000	0.076466	0.817589	0.983766	0.818182	0.001082	0.012987	0	0.000000	0	0.073989	0.768758	0.985663	0.844086	0.000896	0.010753	0	0.000000	0	2	0.010753	0.078844	0.846128	0.983766	0.818182	0.001082	0.012987	0	none	0	none	1	A12	singleton_or_rare	max(insertion_type_count,local_deletion_type_count)
154|155	154	P	155	K	1.000000	1.000000	0.000000	0.000000	0.000000	0.000000	0.084799	0.817589	0.982684	0.818182	0.001082	0.012987	0	0.000000	0	0.081135	0.768758	0.984767	0.844086	0.000896	0.010753	0	0.000000	0	2	0.010753	0.087178	0.846128	0.982684	0.818182	0.001082	0.012987	0	none	0	none	1	A12	singleton_or_rare	max(insertion_type_count,local_deletion_type_count)
155|156	155	K	156	Y	1.000000	0.987013	0.000000	0.100001	0.000000	0.000000	0.107573	0.817589	0.979437	0.818182	0.001082	0.012987	0	0.000000	0	0.100736	0.768758	0.982079	0.844086	0.000896	0.010753	0	0.000000	0	2	0.010753	0.109951	0.846128	0.979437	0.818182	0.001082	0.012987	0	none	0	none	1	A12	singleton_or_rare	max(insertion_type_count,local_deletion_type_count)
156|157	156	Y	157	F	0.987013	1.000000	0.100001	0.000000	0.000000	0.000000	0.140374	0.817589	0.974026	0.818182	0.001082	0.012987	0	0.000000	0	0.139887	0.768758	0.974910	0.844086	0.000896	0.010753	0	0.000000	0	2	0.010753	0.142752	0.846128	0.974026	0.818182	0.001082	0.012987	0	none	0	none	1	A12	singleton_or_rare	max(insertion_type_count,local_deletion_type_count)
157|158	157	F	158	D	1.000000	1.000000	0.000000	0.000000	0.000000	0.000000	0.140374	0.817589	0.974026	0.818182	0.001082	0.012987	0	0.000000	0	0.139887	0.768758	0.974910	0.844086	0.000896	0.010753	0	0.000000	0	2	0.010753	0.142752	0.846128	0.974026	0.818182	0.001082	0.012987	0	none	0	none	1	A12	singleton_or_rare	max(insertion_type_count,local_deletion_type_count)
158|159	158	D	159	G	1.000000	1.000000	0.000000	0.000000	0.000000	0.012987	0.164925	0.817589	0.969697	0.818182	0.001082	0.012987	0	0.000000	0	0.163179	0.768758	0.970878	0.844086	0.000896	0.010753	0	0.000000	0	2	0.010753	0.167303	0.846128	0.969697	0.818182	0.001082	0.012987	0	none	0	none	1	A12	singleton_or_rare	max(insertion_type_count,local_deletion_type_count)
159|160	159	G	160	Y	1.000000	0.987013	0.000000	0.100001	0.012987	0.000000	0.105126	0.393610	0.983766	0.935065	0.001082	0.012987	0	0.000000	0	0.106261	0.469807	0.982975	0.913978	0.000896	0.010753	0	0.000000	0	2	0.010753	0.105126	0.393610	0.983766	0.935065	0.001082	0.012987	0	none	0	none	1	A12	singleton_or_rare	max(insertion_type_count,local_deletion_type_count)
160|161	160	Y	161	D	0.987013	0.961039	0.100001	0.273286	0.000000	0.000000	0.105126	0.393610	0.983766	0.935065	0.001082	0.012987	0	0.000000	0	0.106261	0.469807	0.982975	0.913978	0.000896	0.010753	0	0.000000	0	2	0.010753	0.105126	0.393610	0.983766	0.935065	0.001082	0.012987	0	none	0	none	1	A12	singleton_or_rare	max(insertion_type_count,local_deletion_type_count)
161|162	161	D	162	Q	0.961039	0.935065	0.273286	0.393610	0.000000	0.000000	0.105126	0.393610	0.983766	0.935065	0.001082	0.012987	0	0.000000	0	0.106261	0.469807	0.982975	0.913978	0.000896	0.010753	0	0.000000	0	2	0.010753	0.105126	0.393610	0.983766	0.935065	0.001082	0.012987	0	none	0	none	1	A12	singleton_or_rare	max(insertion_type_count,local_deletion_type_count)
162|163	162	Q	163	Q	0.935065	1.000000	0.393610	0.000000	0.000000	0.000000	0.096793	0.393610	0.984849	0.935065	0.001082	0.012987	0	0.000000	0	0.096334	0.469807	0.984319	0.913978	0.000896	0.010753	0	0.000000	0	2	0.010753	0.096793	0.393610	0.984849	0.935065	0.001082	0.012987	0	none	0	none	1	A12	singleton_or_rare	max(insertion_type_count,local_deletion_type_count)
163|164	163	Q	164	S	1.000000	0.948052	0.000000	0.294615	0.000000	0.000000	0.096793	0.393610	0.984849	0.935065	0.001082	0.012987	0	0.000000	0	0.096334	0.469807	0.984319	0.913978	0.000896	0.010753	0	0.000000	0	2	0.010753	0.096793	0.393610	0.984849	0.935065	0.001082	0.012987	0	none	0	none	1	A12	singleton_or_rare	max(insertion_type_count,local_deletion_type_count)
164|165	164	S	165	V	0.948052	0.987013	0.294615	0.100001	0.000000	0.000000	0.096793	0.393610	0.984849	0.935065	0.001082	0.012987	0	0.000000	0	0.096334	0.469807	0.984319	0.913978	0.000896	0.010753	0	0.000000	0	2	0.010753	0.096793	0.393610	0.984849	0.935065	0.001082	0.012987	0	none	0	none	1	A12	singleton_or_rare	max(insertion_type_count,local_deletion_type_count)
165|166	165	V	166	V	0.987013	1.000000	0.100001	0.000000	0.000000	0.000000	0.143216	0.557082	0.974026	0.870130	0.000000	0.000000	0	0.000000	0	0.141316	0.539779	0.974014	0.876344	0.000000	0.000000	0	0.000000	0	0	0.000000	0.143216	0.557082	0.974026	0.870130	0.000000	0.000000	0	none	0	none	0	none	none	max(insertion_type_count,local_deletion_type_count)
166|167	166	V	167	I	1.000000	1.000000	0.000000	0.000000	0.000000	0.000000	0.134883	0.557082	0.975108	0.870130	0.000000	0.000000	0	0.000000	0	0.134171	0.539779	0.974910	0.876344	0.000000	0.000000	0	0.000000	0	0	0.000000	0.134883	0.557082	0.975108	0.870130	0.000000	0.000000	0	none	0	none	0	none	none	max(insertion_type_count,local_deletion_type_count)
167|168	167	I	168	M	1.000000	1.000000	0.000000	0.000000	0.000000	0.000000	0.112109	0.557082	0.978355	0.870130	0.000000	0.000000	0	0.000000	0	0.114570	0.539779	0.977599	0.876344	0.000000	0.000000	0	0.000000	0	0	0.000000	0.112109	0.557082	0.978355	0.870130	0.000000	0.000000	0	none	0	none	0	none	none	max(insertion_type_count,local_deletion_type_count)
168|169	168	M	169	D	1.000000	1.000000	0.000000	0.000000	0.000000	0.000000	0.079308	0.557082	0.983766	0.870130	0.000000	0.000000	0	0.000000	0	0.075419	0.539779	0.984767	0.876344	0.000000	0.000000	0	0.000000	0	0	0.000000	0.079308	0.557082	0.983766	0.870130	0.000000	0.000000	0	none	0	none	0	none	none	max(insertion_type_count,local_deletion_type_count)
169|170	169	D	170	D	1.000000	1.000000	0.000000	0.000000	0.000000	0.000000	0.079308	0.557082	0.983766	0.870130	0.000000	0.000000	0	0.000000	0	0.075419	0.539779	0.984767	0.876344	0.000000	0.000000	0	0.000000	0	0	0.000000	0.079308	0.557082	0.983766	0.870130	0.000000	0.000000	0	none	0	none	0	none	none	max(insertion_type_count,local_deletion_type_count)
170|171	170	D	171	I	1.000000	0.870130	0.000000	0.557082	0.000000	0.000000	0.220479	1.988662	0.945887	0.493506	0.000000	0.000000	0	0.000000	0	0.220061	2.015207	0.945341	0.478495	0.000000	0.000000	0	0.000000	0	0	0.000000	0.220479	1.988662	0.945887	0.493506	0.000000	0.000000	0	none	0	none	0	none	none	max(insertion_type_count,local_deletion_type_count)
171|172	171	I	172	M	0.870130	1.000000	0.557082	0.000000	0.000000	0.000000	0.212145	1.988662	0.946970	0.493506	0.000000	0.000000	0	0.000000	0	0.212916	2.015207	0.946237	0.478495	0.000000	0.000000	0	0.000000	0	0	0.000000	0.212145	1.988662	0.946970	0.493506	0.000000	0.000000	0	none	0	none	0	none	none	max(insertion_type_count,local_deletion_type_count)
172|173	172	M	173	Q	1.000000	1.000000	0.000000	0.000000	0.000000	0.000000	0.281008	1.988662	0.925325	0.493506	0.000000	0.000000	0	0.000000	0	0.282240	2.015207	0.924283	0.478495	0.000000	0.000000	0	0.000000	0	0	0.000000	0.281008	1.988662	0.925325	0.493506	0.000000	0.000000	0	none	0	none	0	none	none	max(insertion_type_count,local_deletion_type_count)
173|174	173	Q	174	N	1.000000	1.000000	0.000000	0.000000	0.000000	0.000000	0.281008	1.988662	0.925325	0.493506	0.000000	0.000000	0	0.000000	0	0.282240	2.015207	0.924283	0.478495	0.000000	0.000000	0	0.000000	0	0	0.000000	0.281008	1.988662	0.925325	0.493506	0.000000	0.000000	0	none	0	none	0	none	none	max(insertion_type_count,local_deletion_type_count)
174|175	174	N	175	P	1.000000	1.000000	0.000000	0.000000	0.000000	0.000000	0.281008	1.988662	0.925325	0.493506	0.000000	0.000000	0	0.000000	0	0.282240	2.015207	0.924283	0.478495	0.000000	0.000000	0	0.000000	0	0	0.000000	0.281008	1.988662	0.925325	0.493506	0.000000	0.000000	0	none	0	none	0	none	none	max(insertion_type_count,local_deletion_type_count)
175|176	175	P	176	S	1.000000	0.493506	0.000000	1.988662	0.000000	0.000000	0.370562	1.988662	0.888528	0.493506	0.000000	0.000000	0	0.000000	0	0.370015	2.015207	0.889337	0.478495	0.000000	0.000000	0	0.000000	0	0	0.000000	0.370562	1.988662	0.888528	0.493506	0.000000	0.000000	0	none	0	none	0	none	none	max(insertion_type_count,local_deletion_type_count)
176|177	176	S	177	G	0.493506	1.000000	1.988662	0.000000	0.000000	0.000000	0.385044	1.988662	0.886364	0.493506	0.000000	0.000000	0	0.000000	0	0.382499	2.015207	0.887545	0.478495	0.000000	0.000000	0	0.000000	0	0	0.000000	0.385044	1.988662	0.886364	0.493506	0.000000	0.000000	0	none	0	none	0	none	none	max(insertion_type_count,local_deletion_type_count)
177|178	177	G	178	E	1.000000	0.740260	0.000000	0.826354	0.000000	0.000000	0.338621	1.988662	0.897186	0.493506	0.000000	0.000000	0	0.000000	0	0.337517	2.015207	0.897849	0.478495	0.000000	0.000000	0	0.000000	0	0	0.000000	0.338621	1.988662	0.897186	0.493506	0.000000	0.000000	0	none	0	none	0	none	none	max(insertion_type_count,local_deletion_type_count)
178|179	178	E	179	D	0.740260	1.000000	0.826354	0.000000	0.000000	0.000000	0.338621	1.988662	0.897186	0.493506	0.000000	0.000000	0	0.000000	0	0.337517	2.015207	0.897849	0.478495	0.000000	0.000000	0	0.000000	0	0	0.000000	0.338621	1.988662	0.897186	0.493506	0.000000	0.000000	0	none	0	none	0	none	none	max(insertion_type_count,local_deletion_type_count)
179|180	179	D	180	M	1.000000	1.000000	0.000000	0.000000	0.000000	0.000000	0.338621	1.988662	0.897186	0.493506	0.000000	0.000000	0	0.000000	0	0.337517	2.015207	0.897849	0.478495	0.000000	0.000000	0	0.000000	0	0	0.000000	0.338621	1.988662	0.897186	0.493506	0.000000	0.000000	0	none	0	none	0	none	none	max(insertion_type_count,local_deletion_type_count)
180|181	180	M	181	T	1.000000	0.558442	0.000000	1.074652	0.000000	0.000000	0.338621	1.988662	0.897186	0.493506	0.000000	0.000000	0	0.000000	0	0.337517	2.015207	0.897849	0.478495	0.000000	0.000000	0	0.000000	0	0	0.000000	0.338621	1.988662	0.897186	0.493506	0.000000	0.000000	0	none	0	none	0	none	none	max(insertion_type_count,local_deletion_type_count)
181|182	181	T	182	L	0.558442	0.974026	1.074652	0.173781	0.000000	0.000000	0.338621	1.988662	0.897186	0.493506	0.000000	0.000000	0	0.000000	0	0.337517	2.015207	0.897849	0.478495	0.000000	0.000000	0	0.000000	0	0	0.000000	0.338621	1.988662	0.897186	0.493506	0.000000	0.000000	0	none	0	none	0	none	none	max(insertion_type_count,local_deletion_type_count)
182|183	182	L	183	F	0.974026	1.000000	0.173781	0.000000	0.000000	0.000000	0.172899	1.074652	0.939394	0.558442	0.000000	0.000000	0	0.000000	0	0.169583	1.053297	0.941308	0.580645	0.000000	0.000000	0	0.000000	0	0	0.000000	0.172899	1.074652	0.939394	0.558442	0.000000	0.000000	0	none	0	none	0	none	none	max(insertion_type_count,local_deletion_type_count)
183|184	183	F	184	C	1.000000	1.000000	0.000000	0.000000	0.000000	0.000000	0.172899	1.074652	0.939394	0.558442	0.000000	0.000000	0	0.000000	0	0.169583	1.053297	0.941308	0.580645	0.000000	0.000000	0	0.000000	0	0	0.000000	0.172899	1.074652	0.939394	0.558442	0.000000	0.000000	0	none	0	none	0	none	none	max(insertion_type_count,local_deletion_type_count)
184|185	184	C	185	Q	1.000000	1.000000	0.000000	0.000000	0.000000	0.000000	0.104036	1.074652	0.961039	0.558442	0.000000	0.000000	0	0.000000	0	0.100259	1.053297	0.963262	0.580645	0.000000	0.000000	0	0.000000	0	0	0.000000	0.104036	1.074652	0.961039	0.558442	0.000000	0.000000	0	none	0	none	0	none	none	max(insertion_type_count,local_deletion_type_count)
185|186	185	Q	186	M	1.000000	1.000000	0.000000	0.000000	0.000000	0.000000	0.192626	1.074652	0.898268	0.246753	0.000000	0.000000	0	0.000000	0	0.184566	1.053297	0.899642	0.236559	0.000000	0.000000	0	0.000000	0	0	0.000000	0.192626	1.074652	0.898268	0.246753	0.000000	0.000000	0	none	0	none	0	none	none	max(insertion_type_count,local_deletion_type_count)
186|187	186	M	187	V	1.000000	1.000000	0.000000	0.000000	0.000000	0.000000	0.207108	1.074652	0.896104	0.246753	0.000000	0.000000	0	0.000000	0	0.197050	1.053297	0.897849	0.236559	0.000000	0.000000	0	0.000000	0	0	0.000000	0.207108	1.074652	0.896104	0.246753	0.000000	0.000000	0	none	0	none	0	none	none	max(insertion_type_count,local_deletion_type_count)
187|188	187	V	188	S	1.000000	1.000000	0.000000	0.000000	0.000000	0.000000	0.132035	1.063080	0.930736	0.246753	0.000000	0.000000	0	0.000000	0	0.121760	1.011686	0.931004	0.236559	0.000000	0.000000	0	0.000000	0	0	0.000000	0.132035	1.063080	0.930736	0.246753	0.000000	0.000000	0	none	0	none	0	none	none	max(insertion_type_count,local_deletion_type_count)
188|189	188	S	189	S	1.000000	1.000000	0.000000	0.000000	0.000000	0.000000	0.132035	1.063080	0.930736	0.246753	0.000000	0.000000	0	0.000000	0	0.121760	1.011686	0.931004	0.236559	0.000000	0.000000	0	0.000000	0	0	0.000000	0.132035	1.063080	0.930736	0.246753	0.000000	0.000000	0	none	0	none	0	none	none	max(insertion_type_count,local_deletion_type_count)
189|190	189	S	190	V	1.000000	1.000000	0.000000	0.000000	0.000000	0.000000	0.132035	1.063080	0.930736	0.246753	0.000000	0.000000	0	0.000000	0	0.121760	1.011686	0.931004	0.236559	0.000000	0.000000	0	0.000000	0	0	0.000000	0.132035	1.063080	0.930736	0.246753	0.000000	0.000000	0	none	0	none	0	none	none	max(insertion_type_count,local_deletion_type_count)
190|191	190	V	191	P	1.000000	0.246753	0.000000	1.063080	0.000000	0.000000	0.132035	1.063080	0.930736	0.246753	0.000000	0.000000	0	0.000000	0	0.121760	1.011686	0.931004	0.236559	0.000000	0.000000	0	0.000000	0	0	0.000000	0.132035	1.063080	0.930736	0.246753	0.000000	0.000000	0	none	0	none	0	none	none	max(insertion_type_count,local_deletion_type_count)
191|192	191	P	192	F	0.246753	0.974026	1.063080	0.173781	0.000000	0.000000	0.132035	1.063080	0.930736	0.246753	0.000000	0.000000	0	0.000000	0	0.121760	1.011686	0.931004	0.236559	0.000000	0.000000	0	0.000000	0	0	0.000000	0.132035	1.063080	0.930736	0.246753	0.000000	0.000000	0	none	0	none	0	none	none	max(insertion_type_count,local_deletion_type_count)
192|193	192	F	193	I	0.974026	0.974026	0.173781	0.173781	0.000000	0.000000	0.132035	1.063080	0.930736	0.246753	0.000000	0.000000	0	0.000000	0	0.121760	1.011686	0.931004	0.236559	0.000000	0.000000	0	0.000000	0	0	0.000000	0.132035	1.063080	0.930736	0.246753	0.000000	0.000000	0	none	0	none	0	none	none	max(insertion_type_count,local_deletion_type_count)
193|194	193	I	194	P	0.974026	0.974026	0.173781	0.173781	0.000000	0.000000	0.132035	1.063080	0.930736	0.246753	0.000000	0.000000	0	0.000000	0	0.121760	1.011686	0.931004	0.236559	0.000000	0.000000	0	0.000000	0	0	0.000000	0.132035	1.063080	0.930736	0.246753	0.000000	0.000000	0	none	0	none	0	none	none	max(insertion_type_count,local_deletion_type_count)
194|195	194	P	195	P	0.974026	1.000000	0.173781	0.000000	0.000000	0.000000	0.132035	1.063080	0.930736	0.246753	0.000000	0.000000	0	0.000000	0	0.121760	1.011686	0.931004	0.236559	0.000000	0.000000	0	0.000000	0	0	0.000000	0.132035	1.063080	0.930736	0.246753	0.000000	0.000000	0	none	0	none	0	none	none	max(insertion_type_count,local_deletion_type_count)
195|196	195	P	196	M	1.000000	1.000000	0.000000	0.000000	0.000000	0.000000	0.132035	1.063080	0.930736	0.246753	0.000000	0.000000	0	0.000000	0	0.121760	1.011686	0.931004	0.236559	0.000000	0.000000	0	0.000000	0	0	0.000000	0.132035	1.063080	0.930736	0.246753	0.000000	0.000000	0	none	0	none	0	none	none	max(insertion_type_count,local_deletion_type_count)
196|197	196	M	197	A	1.000000	1.000000	0.000000	0.000000	0.000000	0.000000	0.132035	1.063080	0.930736	0.246753	0.000000	0.000000	0	0.000000	0	0.121760	1.011686	0.931004	0.236559	0.000000	0.000000	0	0.000000	0	0	0.000000	0.132035	1.063080	0.930736	0.246753	0.000000	0.000000	0	none	0	none	0	none	none	max(insertion_type_count,local_deletion_type_count)
197|198	197	A	198	D	1.000000	1.000000	0.000000	0.000000	0.000000	0.000000	0.043445	0.173781	0.993506	0.974026	0.000000	0.000000	0	0.000000	0	0.037453	0.149811	0.994624	0.978495	0.000000	0.000000	0	0.000000	0	0	0.000000	0.043445	0.173781	0.993506	0.974026	0.000000	0.000000	0	none	0	none	0	none	none	max(insertion_type_count,local_deletion_type_count)
198|199	198	D	199	L	1.000000	1.000000	0.000000	0.000000	0.000000	0.000000	0.043445	0.173781	0.993507	0.974026	0.000000	0.000000	0	0.000000	0	0.037453	0.149811	0.994624	0.978495	0.000000	0.000000	0	0.000000	0	0	0.000000	0.043445	0.173781	0.993507	0.974026	0.000000	0.000000	0	none	0	none	0	none	none	max(insertion_type_count,local_deletion_type_count)
199|200	199	L	200	P	1.000000	1.000000	0.000000	0.000000	0.000000	0.000000	0.092378	0.760975	0.985931	0.883117	0.000000	0.000000	0	0.000000	0	0.085357	0.724659	0.987007	0.887097	0.000000	0.000000	0	0.000000	0	0	0.000000	0.091537	0.750883	0.985931	0.883117	0.000000	0.000000	0	none	0	none	0	none	none	max(insertion_type_count,local_deletion_type_count)
200|201	200	P	201	D	1.000000	1.000000	0.000000	0.000000	0.000000	0.000000	0.077896	0.760975	0.988095	0.883117	0.000000	0.000000	0	0.000000	0	0.072873	0.724659	0.988799	0.887097	0.000000	0.000000	0	0.000000	0	0	0.000000	0.077055	0.750883	0.988095	0.883117	0.000000	0.000000	0	none	0	none	0	none	none	max(insertion_type_count,local_deletion_type_count)
201|202	201	D	202	K	1.000000	1.000000	0.000000	0.000000	0.000000	0.000000	0.167959	1.080747	0.911255	0.077922	0.000000	0.000000	0	0.000000	0	0.161272	1.060791	0.912635	0.086022	0.000000	0.000000	0	0.000000	0	0	0.000000	0.167118	1.080747	0.911255	0.077922	0.000000	0.000000	0	none	0	none	0	none	none	max(insertion_type_count,local_deletion_type_count)
202|203	202	K	203	G	1.000000	1.000000	0.000000	0.000000	0.000000	0.000000	0.167959	1.080747	0.911255	0.077922	0.000000	0.000000	0	0.000000	0	0.161272	1.060791	0.912634	0.086022	0.000000	0.000000	0	0.000000	0	0	0.000000	0.167118	1.080747	0.911255	0.077922	0.000000	0.000000	0	none	0	none	0	none	none	max(insertion_type_count,local_deletion_type_count)
203|204	203	G	204	K	1.000000	0.974026	0.000000	0.173781	0.000000	0.000000	0.263757	1.149584	0.834416	0.077922	0.000000	0.000000	0	0.000000	0	0.254882	1.123327	0.836918	0.086022	0.000000	0.000000	0	0.000000	0	0	0.000000	0.262916	1.149584	0.834416	0.077922	0.000000	0.000000	0	none	0	none	0	none	none	max(insertion_type_count,local_deletion_type_count)
204|205	204	K	205	P	0.974026	0.883117	0.173781	0.760975	0.000000	0.000000	0.323042	1.149584	0.818182	0.077922	0.000000	0.000000	0	0.000000	0	0.310079	1.123327	0.822581	0.086022	0.000000	0.000000	0	0.000000	0	0	0.000000	0.322201	1.149584	0.818182	0.077922	0.000000	0.000000	0	none	0	none	0	none	none	max(insertion_type_count,local_deletion_type_count)
205|206	205	P	206	F	0.883117	1.000000	0.760975	0.000000	0.000000	0.000000	0.331375	1.149584	0.817100	0.077922	0.000000	0.000000	0	0.000000	0	0.317224	1.123327	0.821685	0.086022	0.000000	0.000000	0	0.000000	0	0	0.000000	0.330534	1.149584	0.817100	0.077922	0.000000	0.000000	0	none	0	none	0	none	none	max(insertion_type_count,local_deletion_type_count)
206|207	206	F	207	T	1.000000	0.077922	0.000000	1.080747	0.000000	0.000000	0.392812	1.149584	0.799784	0.077922	0.000000	0.000000	0	0.000000	0	0.378963	1.123327	0.804212	0.086022	0.000000	0.000000	0	0.000000	0	0	0.000000	0.391971	1.149584	0.799784	0.077922	0.000000	0.000000	0	none	0	none	0	none	none	max(insertion_type_count,local_deletion_type_count)
207|208	207	T	208	S	0.077922	1.000000	1.080747	0.000000	0.000000	0.000000	0.458189	1.149584	0.735931	0.077922	0.000000	0.000000	0	0.000000	0	0.442375	1.123327	0.739247	0.086022	0.000000	0.000000	0	0.000000	0	0	0.000000	0.457348	1.149584	0.735931	0.077922	0.000000	0.000000	0	none	0	none	0	none	none	max(insertion_type_count,local_deletion_type_count)
208|209	208	S	209	K	1.000000	0.077922	0.000000	1.149584	0.000000	0.000000	0.458189	1.149584	0.735931	0.077922	0.000000	0.000000	0	0.000000	0	0.442375	1.123327	0.739247	0.086022	0.000000	0.000000	0	0.000000	0	0	0.000000	0.457348	1.149584	0.735931	0.077922	0.000000	0.000000	0	none	0	none	0	none	none	max(insertion_type_count,local_deletion_type_count)
209|210	209	K	210	F	0.077922	0.805195	1.149584	0.711416	0.000000	0.000000	0.458189	1.149584	0.735931	0.077922	0.000000	0.000000	0	0.000000	0	0.442375	1.123327	0.739247	0.086022	0.000000	0.000000	0	0.000000	0	0	0.000000	0.457348	1.149584	0.735931	0.077922	0.000000	0.000000	0	none	0	none	0	none	none	max(insertion_type_count,local_deletion_type_count)
210|211	210	F	211	V	0.805195	0.987013	0.711416	0.100001	0.000000	0.000000	0.443707	1.149584	0.738095	0.077922	0.000000	0.000000	0	0.000000	0	0.429891	1.123327	0.741039	0.086022	0.000000	0.000000	0	0.000000	0	0	0.000000	0.442866	1.149584	0.738095	0.077922	0.000000	0.000000	0	none	0	none	0	none	none	max(insertion_type_count,local_deletion_type_count)
211|212	211	V	212	L	0.987013	0.792208	0.100001	0.737241	0.000000	0.000000	0.416917	1.149584	0.740260	0.077922	0.000000	0.000000	0	0.000000	0	0.404757	1.123327	0.743280	0.086022	0.000000	0.000000	0	0.000000	0	0	0.000000	0.416917	1.149584	0.740260	0.077922	0.000000	0.000000	0	none	0	none	0	none	none	max(insertion_type_count,local_deletion_type_count)
212|213	212	L	213	A	0.792208	0.233766	0.737241	0.784519	0.000000	0.000000	0.573147	1.874758	0.673160	0.077922	0.000000	0.000000	0	0.000000	0	0.555445	1.808259	0.676075	0.086022	0.000000	0.000000	0	0.000000	0	0	0.000000	0.573147	1.874758	0.673160	0.077922	0.000000	0.000000	0	none	0	none	0	none	none	max(insertion_type_count,local_deletion_type_count)
213|214	213	A	214	S	0.233766	1.000000	0.784519	0.000000	0.000000	0.000000	0.571086	1.874758	0.728355	0.077922	0.000000	0.000000	0	0.000000	0	0.547487	1.808259	0.733871	0.091398	0.000000	0.000000	0	0.000000	0	0	0.000000	0.571086	1.874758	0.728355	0.077922	0.000000	0.000000	0	none	0	none	0	none	none	max(insertion_type_count,local_deletion_type_count)
214|215	214	S	215	T	1.000000	1.000000	0.000000	0.000000	0.000000	0.000000	0.571086	1.874758	0.728355	0.077922	0.000000	0.000000	0	0.000000	0	0.547487	1.808259	0.733871	0.091398	0.000000	0.000000	0	0.000000	0	0	0.000000	0.571086	1.874758	0.728355	0.077922	0.000000	0.000000	0	none	0	none	0	none	none	max(insertion_type_count,local_deletion_type_count)
215|216	215	T	216	N	1.000000	1.000000	0.000000	0.000000	0.000000	0.000000	0.586460	1.874758	0.732684	0.129870	0.000000	0.000000	0	0.000000	0	0.565646	1.808259	0.740143	0.166667	0.000000	0.000000	0	0.000000	0	0	0.000000	0.586460	1.874758	0.732684	0.129870	0.000000	0.000000	0	none	0	none	0	none	none	max(insertion_type_count,local_deletion_type_count)
216|217	216	N	217	H	1.000000	0.909091	0.000000	0.439497	0.000000	0.000000	0.527175	1.874758	0.748918	0.129870	0.000000	0.000000	0	0.000000	0	0.510450	1.808259	0.754480	0.166667	0.000000	0.000000	0	0.000000	0	0	0.000000	0.527175	1.874758	0.748918	0.129870	0.000000	0.000000	0	none	0	none	0	none	none	max(insertion_type_count,local_deletion_type_count)
217|218	217	H	218	T	0.909091	0.194805	0.439497	1.874758	0.000000	0.000000	0.518842	1.874758	0.750000	0.129870	0.000000	0.000000	0	0.000000	0	0.503305	1.808259	0.755376	0.166667	0.000000	0.000000	0	0.000000	0	0	0.000000	0.518842	1.874758	0.750000	0.129870	0.000000	0.000000	0	none	0	none	0	none	none	max(insertion_type_count,local_deletion_type_count)
218|219	218	T	219	L	0.194805	0.740260	1.874758	1.056012	0.000000	0.000000	0.457405	1.874758	0.767316	0.129870	0.000000	0.000000	0	0.000000	0	0.441566	1.808259	0.772849	0.166667	0.000000	0.000000	0	0.000000	0	0	0.000000	0.457405	1.874758	0.767316	0.129870	0.000000	0.000000	0	none	0	none	0	none	none	max(insertion_type_count,local_deletion_type_count)
219|220	219	L	220	L	0.740260	1.000000	1.056012	0.000000	0.000000	0.000000	0.420923	1.874758	0.753247	0.064935	0.000000	0.000000	0	0.000000	0	0.410260	1.808259	0.760753	0.075269	0.000000	0.000000	0	0.000000	0	0	0.000000	0.420923	1.874758	0.753247	0.064935	0.000000	0.000000	0	none	0	none	0	none	none	max(insertion_type_count,local_deletion_type_count)
220|221	220	L	221	T	1.000000	0.129870	0.000000	1.334077	0.000000	0.000000	0.475932	1.874758	0.684168	0.064935	0.000000	0.000000	0	0.000000	0	0.474514	1.808259	0.694177	0.075269	0.000000	0.000000	0	0.000000	0	0	0.000000	0.479222	1.874758	0.684168	0.064935	0.000000	0.000000	0	none	0	none	0	none	none	max(insertion_type_count,local_deletion_type_count)
221|222	221	T	222	P	0.129870	1.000000	1.334077	0.000000	0.000000	0.000000	0.541900	1.874758	0.669016	0.064935	0.000000	0.000000	0	0.000000	0	0.534071	1.808259	0.681184	0.075269	0.000000	0.000000	0	0.000000	0	0	0.000000	0.545190	1.874758	0.669016	0.064935	0.000000	0.000000	0	none	0	none	0	none	none	max(insertion_type_count,local_deletion_type_count)
222|223	222	P	223	P	1.000000	1.000000	0.000000	0.000000	0.000000	0.000000	0.604528	1.874758	0.653865	0.064935	0.000000	0.000000	0	0.000000	0	0.590812	1.808259	0.668191	0.075269	0.000000	0.000000	0	0.000000	0	0	0.000000	0.607818	1.874758	0.653865	0.064935	0.000000	0.000000	0	none	0	none	0	none	none	max(insertion_type_count,local_deletion_type_count)
223|224	223	P	224	T	1.000000	1.000000	0.000000	0.000000	0.000000	0.000000	0.694327	1.874758	0.630055	0.064935	0.000000	0.000000	0	0.000000	0	0.678349	1.808259	0.645341	0.075269	0.000000	0.000000	0	0.000000	0	0	0.000000	0.697617	1.874758	0.630055	0.064935	0.000000	0.000000	0	none	0	none	0	none	none	max(insertion_type_count,local_deletion_type_count)
224|225	224	T	225	V	1.000000	0.064935	0.000000	0.346731	0.000000	0.000000	0.538097	1.517086	0.697155	0.064935	0.000000	0.000000	0	0.000000	0	0.527661	1.473495	0.712546	0.075269	0.000000	0.000000	0	0.000000	0	0	0.000000	0.541387	1.517086	0.697155	0.064935	0.000000	0.000000	0	none	0	none	0	none	none	max(insertion_type_count,local_deletion_type_count)
225|226	225	V	226	S	0.064935	0.171053	0.346731	0.660107	0.000000	0.000000	0.464578	1.517086	0.716635	0.064935	0.000000	0.000000	0	0.000000	0	0.459704	1.473495	0.729123	0.075269	0.000000	0.000000	0	0.000000	0	0	0.000000	0.467868	1.517086	0.716635	0.064935	0.000000	0.000000	0	none	0	none	0	none	none	max(insertion_type_count,local_deletion_type_count)
226|227	226	S	227	S	0.171053	0.818182	0.660107	0.791615	0.000000	0.000000	0.497379	1.517086	0.634384	0.012987	0.000000	0.000000	0	0.000000	0	0.497709	1.473495	0.648030	0.026882	0.000000	0.000000	0	0.000000	0	0	0.000000	0.500668	1.517086	0.634384	0.012987	0.000000	0.000000	0	none	0	none	0	none	none	max(insertion_type_count,local_deletion_type_count)
227|228	227	S	228	L	0.818182	0.818182	0.791615	0.751535	0.000000	0.000000	0.386205	1.517086	0.706895	0.012987	0.000000	0.000000	0	0.000000	0	0.385939	1.473495	0.717474	0.026882	0.000000	0.000000	0	0.000000	0	0	0.000000	0.389495	1.517086	0.706895	0.012987	0.000000	0.000000	0	none	0	none	0	none	none	max(insertion_type_count,local_deletion_type_count)
228|229	228	L	229	P	0.818182	0.623377	0.751535	1.517086	0.000000	0.000000	0.386205	1.517086	0.706895	0.012987	0.000000	0.000000	0	0.000000	0	0.385939	1.473495	0.717474	0.026882	0.000000	0.000000	0	0.000000	0	0	0.000000	0.389495	1.517086	0.706895	0.012987	0.000000	0.000000	0	none	0	none	0	none	none	max(insertion_type_count,local_deletion_type_count)
229|230	229	P	230	A	0.623377	1.000000	1.517086	0.000000	0.000000	0.000000	0.400687	1.517086	0.704731	0.012987	0.000000	0.000000	0	0.000000	0	0.398423	1.473495	0.715682	0.026882	0.000000	0.000000	0	0.000000	0	0	0.000000	0.403977	1.517086	0.704731	0.012987	0.000000	0.000000	0	none	0	none	0	none	none	max(insertion_type_count,local_deletion_type_count)
230|231	230	A	231	M	1.000000	0.974026	0.000000	0.173781	0.000000	0.000000	0.464153	1.517086	0.639796	0.012987	0.000000	0.000000	0	0.000000	0	0.463429	1.473495	0.651614	0.026882	0.000000	0.000000	0	0.000000	0	0	0.000000	0.466443	1.517086	0.639255	0.012987	0.000000	0.000000	0	none	0	none	0	none	none	max(insertion_type_count,local_deletion_type_count)
231|232	231	M	232	A	0.974026	0.012987	0.173781	0.393610	0.000000	0.000000	0.515522	1.517086	0.649536	0.012987	0.000000	0.000000	0	0.000000	0	0.517420	1.473495	0.661471	0.026882	0.000000	0.000000	0	0.000000	0	0	0.000000	0.517813	1.517086	0.648995	0.012987	0.000000	0.000000	0	none	0	none	0	none	none	max(insertion_type_count,local_deletion_type_count)
232|233	232	A	233	R	0.012987	1.000000	0.393610	0.000000	0.000000	0.000000	0.460513	1.517086	0.718615	0.012987	0.000000	0.000000	0	0.000000	0	0.453166	1.473495	0.728047	0.026882	0.000000	0.000000	0	0.000000	0	0	0.000000	0.459514	1.517086	0.718074	0.012987	0.000000	0.000000	0	none	0	none	0	none	none	max(insertion_type_count,local_deletion_type_count)
233|234	233	R	234	R	1.000000	1.000000	0.000000	0.000000	0.000000	0.000000	0.394545	1.517086	0.733766	0.012987	0.000000	0.000000	0	0.000000	0	0.393609	1.473495	0.741039	0.026882	0.000000	0.000000	0	0.000000	0	0	0.000000	0.393546	1.517086	0.733225	0.012987	0.000000	0.000000	0	none	0	none	0	none	none	max(insertion_type_count,local_deletion_type_count)
234|235	234	R	235	F	1.000000	0.974026	0.000000	0.173781	0.000000	0.000000	0.346399	1.517086	0.746753	0.012987	0.000000	0.000000	0	0.000000	0	0.349352	1.473495	0.752240	0.026882	0.000000	0.000000	0	0.000000	0	0	0.000000	0.345400	1.517086	0.746212	0.012987	0.000000	0.000000	0	none	0	none	0	none	none	max(insertion_type_count,local_deletion_type_count)
235|236	235	F	236	Y	0.974026	0.220779	0.173781	0.761588	0.000000	0.000000	0.228309	0.963164	0.777056	0.012987	0.000000	0.000000	0	0.000000	0	0.233706	1.033174	0.781362	0.026882	0.000000	0.000000	0	0.000000	0	0	0.000000	0.227309	0.963164	0.776515	0.012987	0.000000	0.000000	0	none	0	none	0	none	none	max(insertion_type_count,local_deletion_type_count)
236|237	236	Y	237	F	0.220779	0.181818	0.761588	0.963164	0.000000	0.000000	0.379922	1.819364	0.699205	0.012987	0.000000	0.000000	0	0.000000	0	0.391107	1.888803	0.704369	0.026882	0.000000	0.000000	0	0.000000	0	0	0.000000	0.380432	1.837469	0.698664	0.012987	0.000000	0.000000	0	none	0	none	0	none	none	max(insertion_type_count,local_deletion_type_count)
237|238	237	F	238	D	0.181818	1.000000	0.963164	0.000000	0.000000	0.000000	0.373774	1.819364	0.700288	0.012987	0.000000	0.000000	0	0.000000	0	0.385768	1.888803	0.705265	0.026882	0.000000	0.000000	0	0.000000	0	0	0.000000	0.374283	1.837469	0.699746	0.012987	0.000000	0.000000	0	none	0	none	0	none	none	max(insertion_type_count,local_deletion_type_count)
238|239	238	D	239	L	1.000000	1.000000	0.000000	0.000000	0.000000	0.000000	0.517704	2.120773	0.717604	0.065789	0.000000	0.000000	0	0.000000	0	0.523172	2.104914	0.720498	0.076087	0.000000	0.000000	0	0.000000	0	0	0.000000	0.518214	2.120773	0.717062	0.065789	0.000000	0.000000	0	none	0	none	0	none	none	max(insertion_type_count,local_deletion_type_count)
239|240	239	L	240	D	1.000000	0.974026	0.000000	0.173781	0.000000	0.000000	0.636453	2.120773	0.639753	0.065789	0.000000	0.000000	0	0.000000	0	0.645207	2.104914	0.643505	0.076087	0.000000	0.000000	0	0.000000	0	0	0.000000	0.637196	2.120773	0.639188	0.065502	0.000000	0.000000	0	none	0	none	0	none	none	max(insertion_type_count,local_deletion_type_count)
240|241	240	D	241	I	0.974026	0.987013	0.173781	0.100001	0.000000	0.000000	0.812729	2.120773	0.561902	0.065789	0.000000	0.000000	0	0.000000	0	0.822460	2.127033	0.566060	0.070652	0.000000	0.000000	0	0.000000	0	0	0.000000	0.816079	2.146597	0.561313	0.065502	0.000000	0.000000	0	none	0	none	0	none	none	max(insertion_type_count,local_deletion_type_count)
241|242	241	I	242	Q	0.987013	0.065789	0.100001	1.819364	0.000000	0.000000	0.847554	2.120773	0.552161	0.065789	0.000000	0.000000	0	0.000000	0	0.860907	2.127033	0.555307	0.070652	0.000000	0.000000	0	0.000000	0	0	0.000000	0.850903	2.146597	0.551573	0.065502	0.000000	0.000000	0	none	0	none	0	none	none	max(insertion_type_count,local_deletion_type_count)
242|243	242	Q	243	V	0.065789	0.987013	1.819364	0.100001	0.000000	0.000000	0.850482	2.120773	0.540257	0.065789	0.000000	0.000000	0	0.000000	0	0.864130	2.127033	0.543210	0.070652	0.000000	0.000000	0	0.000000	0	0	0.000000	0.854831	2.146597	0.540209	0.065502	0.000000	0.000000	0	none	0	none	0	none	none	max(insertion_type_count,local_deletion_type_count)
243|244	243	V	244	K	0.987013	0.220779	0.100001	2.120773	0.000000	0.000000	1.019012	2.985528	0.529434	0.051948	0.000000	0.000000	0	0.000000	0	1.024343	2.955724	0.532010	0.059140	0.000000	0.000000	0	0.000000	0	0	0.000000	1.023859	2.991497	0.529386	0.051948	0.000000	0.000000	0	none	0	none	0	none	none	max(insertion_type_count,local_deletion_type_count)
244|245	244	K	245	K	0.220779	0.065789	2.120773	1.424981	0.000000	0.000000	1.098679	2.985528	0.450430	0.051948	0.000000	0.000000	0	0.000000	0	1.105392	2.955724	0.454053	0.059140	0.000000	0.000000	0	0.000000	0	0	0.000000	1.103526	2.991497	0.450382	0.051948	0.000000	0.000000	0	none	0	none	0	none	none	max(insertion_type_count,local_deletion_type_count)
245|246	245	K	246	E	0.065789	0.065789	1.424981	2.115316	0.000000	0.000000	1.107013	2.985528	0.449348	0.051948	0.000000	0.000000	0	0.000000	0	1.112537	2.955724	0.453157	0.059140	0.000000	0.000000	0	0.000000	0	0	0.000000	1.111860	2.991497	0.449300	0.051948	0.000000	0.000000	0	none	0	none	0	none	none	max(insertion_type_count,local_deletion_type_count)
246|247	246	E	247	Y	0.065789	0.857143	2.115316	0.591673	0.000000	0.000000	1.117082	2.985528	0.447183	0.051948	0.000000	0.000000	0	0.000000	0	1.123345	2.955724	0.450916	0.059140	0.000000	0.000000	0	0.000000	0	0	0.000000	1.121929	2.991497	0.447135	0.051948	0.000000	0.000000	0	none	0	none	0	none	none	max(insertion_type_count,local_deletion_type_count)
247|248	247	Y	248	L	0.857143	0.077922	0.591673	0.796726	0.000000	0.000000	1.117082	2.985528	0.447183	0.051948	0.000000	0.000000	0	0.000000	0	1.126126	2.955724	0.450468	0.059140	0.000000	0.000000	0	0.000000	0	0	0.000000	1.121929	2.991497	0.447135	0.051948	0.000000	0.000000	0	none	0	none	0	none	none	max(insertion_type_count,local_deletion_type_count)
248|249	248	L	249	L	0.077922	0.051948	0.796726	2.985528	0.000000	0.000000	1.052118	2.985528	0.464727	0.051948	0.000000	0.000000	70	0.909091	1:70	1.060066	2.955724	0.470849	0.059140	0.000000	0.000000	168	0.903226	1:168	0	0.000000	1.056316	2.991497	0.465337	0.051948	0.000000	0.000000	70	A1;A10;A100;A101;A102;A103;A104;A105;A11;A12;A13;A15;A16;A18;A19;A1B;A2;A20;A21;A22;A23;A24;A25;A28;A29;A30;A31;A32;A33;A34;A38;A39;A40;A41;A43;A46;A47;A49;A50;A51;A53;A54;A55;A56;A57;A59;A60;A61;A62;A63;A64;A65;A66;A67;A68;A71;A73;A74;A75;A76;A77;A78;A80;A81;A82;A85;A9;A90;A94;A96	70	A1;A10;A100;A101;A102;A103;A104;A105;A11;A12;A13;A15;A16;A18;A19;A1B;A2;A20;A21;A22;A23;A24;A25;A28;A29;A30;A31;A32;A33;A34;A38;A39;A40;A41;A43;A46;A47;A49;A50;A51;A53;A54;A55;A56;A57;A59;A60;A61;A62;A63;A64;A65;A66;A67;A68;A71;A73;A74;A75;A76;A77;A78;A80;A81;A82;A85;A9;A90;A94;A96	0	none	broader_lineage_supported	max(insertion_type_count,local_deletion_type_count)
249|250	249	L	250	D	0.051948	0.051948	2.985528	0.956007	0.000000	0.000000	1.132227	2.985528	0.387887	0.051948	0.000000	0.000000	0	0.000000	0	1.140300	2.955724	0.394684	0.059140	0.000000	0.000000	0	0.000000	0	0	0.000000	1.136425	2.991497	0.388497	0.051948	0.000000	0.000000	0	none	0	none	0	none	none	max(insertion_type_count,local_deletion_type_count)
250|251	250	D	251	G	0.051948	0.987013	0.956007	0.100001	0.000000	0.000000	1.150206	2.985528	0.384640	0.051948	0.000000	0.000000	0	0.000000	0	1.154204	2.955724	0.393340	0.059140	0.000000	0.000000	0	0.000000	0	0	0.000000	1.155238	2.991497	0.385251	0.051948	0.000000	0.000000	0	none	0	none	0	none	none	max(insertion_type_count,local_deletion_type_count)
251|252	251	G	252	K	0.987013	0.948052	0.100001	0.294615	0.000000	0.000000	1.175317	2.985528	0.405132	0.051948	0.000000	0.000000	0	0.000000	0	1.177487	2.955724	0.414777	0.059140	0.000000	0.000000	0	0.000000	0	0	0.000000	1.180116	2.991497	0.405766	0.051948	0.000000	0.000000	0	none	0	none	0	none	none	max(insertion_type_count,local_deletion_type_count)
252|253	252	K	253	L	0.948052	0.987013	0.294615	0.100001	0.000000	0.000000	1.060478	2.985528	0.416966	0.051948	0.000000	0.000000	0	0.000000	0	1.065240	2.955724	0.428155	0.059140	0.000000	0.000000	0	0.000000	0	0	0.000000	1.062669	2.991497	0.417624	0.051948	0.000000	0.000000	0	none	0	none	0	none	none	max(insertion_type_count,local_deletion_type_count)
253|254	253	L	254	D	0.987013	0.276316	0.100001	1.039790	0.000000	0.000000	1.072608	2.985528	0.411554	0.051948	0.000000	0.000000	0	0.000000	0	1.071487	2.955724	0.425466	0.059140	0.000000	0.000000	0	0.000000	0	0	0.000000	1.074800	2.991497	0.412212	0.051948	0.000000	0.000000	0	none	0	none	0	none	none	max(insertion_type_count,local_deletion_type_count)
254|255	254	D	255	I	0.276316	0.064935	1.039790	1.061312	0.000000	0.000000	1.127908	2.985528	0.426706	0.051948	0.000000	0.000000	0	0.000000	0	1.125915	2.955724	0.440699	0.059140	0.000000	0.000000	0	0.000000	0	0	0.000000	1.129193	2.991497	0.426173	0.051948	0.000000	0.000000	0	none	0	none	0	none	none	max(insertion_type_count,local_deletion_type_count)
255|256	255	I	256	A	0.064935	0.181818	1.061312	2.336522	0.000000	0.000000	0.916236	2.336522	0.499217	0.051948	0.000000	0.000000	0	0.000000	0	0.913672	2.271761	0.513280	0.064516	0.000000	0.000000	0	0.000000	0	0	0.000000	0.917024	2.346533	0.498684	0.051948	0.000000	0.000000	0	none	0	none	0	none	none	max(insertion_type_count,local_deletion_type_count)
256|257	256	A	257	K	0.181818	0.311688	2.336522	1.726316	0.000000	0.000000	0.836568	2.336522	0.578221	0.064935	0.000000	0.000000	0	0.000000	0	0.832623	2.271761	0.591237	0.075269	0.000000	0.000000	0	0.000000	0	0	0.000000	0.837357	2.346533	0.577689	0.064935	0.000000	0.000000	0	none	0	none	0	none	none	max(insertion_type_count,local_deletion_type_count)
257|258	257	K	258	S	0.311688	0.207792	1.726316	0.737241	0.000000	0.000000	0.914955	2.336522	0.560905	0.064935	0.000000	0.000000	0	0.000000	0	0.910038	2.271761	0.574660	0.075269	0.000000	0.000000	0	0.000000	0	0	0.000000	0.914682	2.346533	0.560733	0.064935	0.000000	0.000000	0	none	0	none	0	none	none	max(insertion_type_count,local_deletion_type_count)
258|259	258	S	259	F	0.207792	0.792208	0.737241	0.737241	0.000000	0.000000	0.976571	2.336522	0.548307	0.064935	0.014069	0.168831	0	0.000000	0	0.973848	2.271761	0.561921	0.075269	0.012097	0.145161	0	0.000000	0	27	0.145161	0.977371	2.346533	0.547701	0.064935	0.014069	0.168831	0	none	0	none	13	A101;A102;A103;A12;A20;A28;A46;A51;A53;A65;A68;A71;A80	broader_lineage_supported	max(insertion_type_count,local_deletion_type_count)
259|260	259	F	260	R	0.792208	0.259740	0.737241	1.460316	0.000000	0.000000	1.121582	2.336522	0.490179	0.064935	0.014069	0.168831	0	0.000000	0	1.109260	2.271761	0.506200	0.075269	0.012097	0.145161	0	0.000000	0	27	0.145161	1.120348	2.346533	0.489573	0.064935	0.014069	0.168831	0	none	0	none	13	A101;A102;A103;A12;A20;A28;A46;A51;A53;A65;A68;A71;A80	broader_lineage_supported	max(insertion_type_count,local_deletion_type_count)
260|261	260	R	261	P	0.259740	0.922078	1.460316	0.445466	0.000000	0.000000	1.248822	2.566676	0.472564	0.064935	0.014069	0.168831	0	0.000000	0	1.231333	2.560956	0.484407	0.059140	0.012097	0.145161	0	0.000000	0	27	0.145161	1.246278	2.561274	0.470651	0.057143	0.014069	0.168831	0	none	0	none	13	A101;A102;A103;A12;A20;A28;A46;A51;A53;A65;A68;A71;A80	broader_lineage_supported	max(insertion_type_count,local_deletion_type_count)
261|262	261	P	262	C	0.922078	1.000000	0.445466	0.000000	0.000000	0.000000	1.174861	2.566676	0.548321	0.064935	0.014069	0.168831	0	0.000000	0	1.156438	2.560956	0.559676	0.059140	0.012097	0.145161	0	0.000000	0	27	0.145161	1.172317	2.561274	0.546408	0.057143	0.014069	0.168831	0	none	0	none	13	A101;A102;A103;A12;A20;A28;A46;A51;A53;A65;A68;A71;A80	broader_lineage_supported	max(insertion_type_count,local_deletion_type_count)
262|263	262	C	263	D	1.000000	0.779221	0.000000	1.040638	0.000000	0.000000	1.029457	2.566676	0.604598	0.064935	0.014069	0.168831	0	0.000000	0	1.010825	2.560956	0.617023	0.059140	0.012097	0.145161	0	0.000000	0	27	0.145161	1.026079	2.561274	0.602685	0.057143	0.014069	0.168831	0	none	0	none	13	A101;A102;A103;A12;A20;A28;A46;A51;A53;A65;A68;A71;A80	broader_lineage_supported	max(insertion_type_count,local_deletion_type_count)
263|264	263	D	264	V	0.779221	0.796875	1.040638	1.034015	0.000000	0.168831	0.885598	2.566676	0.661958	0.064935	0.014069	0.168831	0	0.000000	0	0.865507	2.560956	0.672579	0.059140	0.012097	0.145161	0	0.000000	0	27	0.145161	0.882220	2.561274	0.660045	0.057143	0.014069	0.168831	0	none	0	none	13	A101;A102;A103;A12;A20;A28;A46;A51;A53;A65;A68;A71;A80	broader_lineage_supported	max(insertion_type_count,local_deletion_type_count)
264|265	264	V	265	N	0.796875	0.289474	1.034015	1.840124	0.168831	0.000000	0.832494	2.566676	0.726893	0.064935	0.014069	0.168831	0	0.000000	0	0.807646	2.560956	0.735751	0.059140	0.012097	0.145161	0	0.000000	0	27	0.145161	0.829116	2.561274	0.724980	0.057143	0.014069	0.168831	0	none	0	none	13	A101;A102;A103;A12;A20;A28;A46;A51;A53;A65;A68;A71;A80	broader_lineage_supported	max(insertion_type_count,local_deletion_type_count)
265|266	265	N	266	I	0.289474	0.064935	1.840124	2.566676	0.000000	0.000000	0.771058	2.566676	0.744209	0.064935	0.014069	0.168831	0	0.000000	0	0.750467	2.560956	0.750984	0.059140	0.012097	0.145161	0	0.000000	0	27	0.145161	0.767679	2.561274	0.742296	0.057143	0.014069	0.168831	0	none	0	none	13	A101;A102;A103;A12;A20;A28;A46;A51;A53;A65;A68;A71;A80	broader_lineage_supported	max(insertion_type_count,local_deletion_type_count)
266|267	266	I	267	K	0.064935	0.974026	2.566676	0.173781	0.000000	0.000000	0.739506	2.566676	0.759844	0.064935	0.014069	0.168831	0	0.000000	0	0.717267	2.560956	0.767532	0.059140	0.012097	0.145161	0	0.000000	0	27	0.145161	0.736930	2.561274	0.758756	0.057143	0.014069	0.168831	0	none	0	none	13	A101;A102;A103;A12;A20;A28;A46;A51;A53;A65;A68;A71;A80	broader_lineage_supported	max(insertion_type_count,local_deletion_type_count)
267|268	267	K	268	I	0.974026	0.857143	0.173781	0.591673	0.000000	0.000000	0.702384	2.566676	0.766338	0.064935	0.014069	0.168831	0	0.000000	0	0.683200	2.560956	0.773356	0.059140	0.012097	0.145161	0	0.000000	0	27	0.145161	0.699808	2.561274	0.765250	0.057143	0.014069	0.168831	0	none	0	none	13	A101;A102;A103;A12;A20;A28;A46;A51;A53;A65;A68;A71;A80	broader_lineage_supported	max(insertion_type_count,local_deletion_type_count)
268|269	268	I	269	G	0.857143	1.000000	0.591673	0.000000	0.000000	0.000000	0.702384	2.566676	0.766338	0.064935	0.014069	0.168831	0	0.000000	0	0.683200	2.560956	0.773356	0.059140	0.012097	0.145161	0	0.000000	0	27	0.145161	0.699808	2.561274	0.765250	0.057143	0.014069	0.168831	0	none	0	none	13	A101;A102;A103;A12;A20;A28;A46;A51;A53;A65;A68;A71;A80	broader_lineage_supported	max(insertion_type_count,local_deletion_type_count)
269|270	269	G	270	N	1.000000	0.987013	0.000000	0.100001	0.000000	0.000000	0.615664	2.566676	0.784736	0.064935	0.014069	0.168831	0	0.000000	0	0.598639	2.560956	0.790829	0.059140	0.012097	0.145161	0	0.000000	0	27	0.145161	0.614149	2.561274	0.783287	0.057143	0.014069	0.168831	0	none	0	none	13	A101;A102;A103;A12;A20;A28;A46;A51;A53;A65;A68;A71;A80	broader_lineage_supported	max(insertion_type_count,local_deletion_type_count)
270|271	270	N	271	A	0.987013	1.000000	0.100001	0.000000	0.000000	0.000000	0.588781	2.566676	0.785429	0.064935	0.000000	0.000000	0	0.000000	0	0.565705	2.560956	0.793712	0.059140	0.000000	0.000000	0	0.000000	0	0	0.000000	0.586194	2.561274	0.784415	0.057143	0.000000	0.000000	0	none	0	none	0	none	none	max(insertion_type_count,local_deletion_type_count)
271|272	271	A	272	K	1.000000	0.447368	0.000000	1.081699	0.000000	0.000000	0.484743	2.566676	0.832735	0.064935	0.000000	0.000000	0	0.000000	0	0.475564	2.560956	0.836440	0.059140	0.000000	0.000000	0	0.000000	0	0	0.000000	0.484190	2.561274	0.831720	0.057143	0.000000	0.000000	0	none	0	none	0	none	none	max(insertion_type_count,local_deletion_type_count)
272|273	272	K	273	C	0.447368	1.000000	1.081699	0.000000	0.000000	0.000000	0.270854	1.081699	0.910657	0.447368	0.000000	0.000000	0	0.000000	0	0.262151	1.073480	0.914845	0.467391	0.000000	0.000000	0	0.000000	0	0	0.000000	0.270750	1.080458	0.910292	0.442982	0.000000	0.000000	0	none	0	none	0	none	none	max(insertion_type_count,local_deletion_type_count)
273|274	273	C	274	C	1.000000	1.000000	0.000000	0.000000	0.000000	0.000000	0.256372	1.081699	0.912822	0.447368	0.000000	0.000000	0	0.000000	0	0.249666	1.073480	0.916637	0.467391	0.000000	0.000000	0	0.000000	0	0	0.000000	0.256268	1.080458	0.912456	0.442982	0.000000	0.000000	0	none	0	none	0	none	none	max(insertion_type_count,local_deletion_type_count)
274|275	274	C	275	P	1.000000	1.000000	0.000000	0.000000	0.000000	0.000000	0.221548	1.081699	0.922562	0.447368	0.000000	0.000000	0	0.000000	0	0.218504	1.073480	0.924692	0.467391	0.000000	0.000000	0	0.000000	0	0	0.000000	0.221493	1.080458	0.922187	0.442982	0.000000	0.000000	0	none	0	none	0	none	none	max(insertion_type_count,local_deletion_type_count)
275|276	275	P	276	F	1.000000	0.805195	0.000000	0.711416	0.000000	0.000000	0.221548	1.081699	0.922562	0.447368	0.000000	0.000000	0	0.000000	0	0.218504	1.073480	0.924692	0.467391	0.000000	0.000000	0	0.000000	0	0	0.000000	0.221493	1.080458	0.922187	0.442982	0.000000	0.000000	0	none	0	none	0	none	none	max(insertion_type_count,local_deletion_type_count)
276|277	276	F	277	I	0.805195	0.857143	0.711416	0.591673	0.000000	0.000000	0.273658	1.081699	0.912822	0.447368	0.000000	0.000000	0	0.000000	0	0.266094	1.073480	0.916180	0.467391	0.000000	0.000000	0	0.000000	0	0	0.000000	0.271315	1.080458	0.912808	0.442982	0.000000	0.000000	0	none	0	none	0	none	none	max(insertion_type_count,local_deletion_type_count)
277|278	277	I	278	C	0.857143	1.000000	0.591673	0.000000	0.000000	0.000000	0.512033	2.860506	0.834971	0.065789	0.000000	0.000000	0	0.000000	0	0.501832	2.828852	0.839187	0.076087	0.000000	0.000000	0	0.000000	0	0	0.000000	0.509804	2.861861	0.834957	0.065789	0.000000	0.000000	0	none	0	none	0	none	none	max(insertion_type_count,local_deletion_type_count)
278|279	278	C	279	G	1.000000	1.000000	0.000000	0.000000	0.000000	0.000000	0.421892	2.860506	0.881024	0.065789	0.000000	0.000000	0	0.000000	0	0.412376	2.828852	0.883571	0.076087	0.000000	0.000000	0	0.000000	0	0	0.000000	0.419766	2.861861	0.881375	0.065789	0.000000	0.000000	0	none	0	none	0	none	none	max(insertion_type_count,local_deletion_type_count)
279|280	279	G	280	K	1.000000	0.974026	0.000000	0.173781	0.000000	0.000000	0.524836	2.860506	0.845309	0.065789	0.000000	0.000000	0	0.000000	0	0.510572	2.828852	0.850865	0.076087	0.000000	0.000000	0	0.000000	0	0	0.000000	0.522710	2.861861	0.845661	0.065789	0.000000	0.000000	0	none	0	none	0	none	none	max(insertion_type_count,local_deletion_type_count)
280|281	280	K	281	A	0.974026	1.000000	0.173781	0.000000	0.000000	0.000000	0.539318	2.860506	0.843145	0.065789	0.000000	0.000000	0	0.000000	0	0.523057	2.828852	0.849073	0.076087	0.000000	0.000000	0	0.000000	0	0	0.000000	0.537192	2.861861	0.843496	0.065789	0.000000	0.000000	0	none	0	none	0	none	none	max(insertion_type_count,local_deletion_type_count)
281|282	281	A	282	V	1.000000	0.870130	0.000000	0.725324	0.000000	0.000000	0.539318	2.860506	0.843145	0.065789	0.000000	0.000000	0	0.000000	0	0.523057	2.828852	0.849073	0.076087	0.000000	0.000000	0	0.000000	0	0	0.000000	0.537192	2.861861	0.843496	0.065789	0.000000	0.000000	0	none	0	none	0	none	none	max(insertion_type_count,local_deletion_type_count)
282|283	282	V	283	E	0.870130	0.065789	0.725324	2.860506	0.000000	0.000000	0.521062	2.860506	0.852885	0.065789	0.000000	0.000000	0	0.000000	0	0.512740	2.828852	0.855793	0.076087	0.000000	0.000000	0	0.000000	0	0	0.000000	0.518936	2.861861	0.853236	0.065789	0.000000	0.000000	0	none	0	none	0	none	none	max(insertion_type_count,local_deletion_type_count)
283|284	283	E	284	F	0.065789	1.000000	2.860506	0.000000	0.000000	0.000000	0.553574	2.860506	0.790115	0.065789	0.000000	0.000000	0	0.000000	0	0.536681	2.828852	0.796205	0.076087	0.000000	0.000000	0	0.000000	0	0	0.000000	0.550387	2.861861	0.790105	0.065789	0.000000	0.000000	0	none	0	none	0	none	none	max(insertion_type_count,local_deletion_type_count)
284|285	284	F	285	K	1.000000	0.571429	0.000000	1.235336	0.000000	0.000000	0.624578	2.860506	0.773881	0.065789	0.000000	0.000000	0	0.000000	0	0.600695	2.828852	0.782316	0.076087	0.000000	0.000000	0	0.000000	0	0	0.000000	0.621391	2.861861	0.773871	0.065789	0.000000	0.000000	0	none	0	none	0	none	none	max(insertion_type_count,local_deletion_type_count)
285|286	285	K	286	D	0.571429	0.974026	1.235336	0.173781	0.000000	0.000000	0.842142	2.860506	0.694992	0.053333	0.000000	0.000000	0	0.000000	0	0.820238	2.828852	0.704020	0.060440	0.000000	0.000000	0	0.000000	0	0	0.000000	0.839366	2.861861	0.694982	0.053333	0.000000	0.000000	0	none	0	none	0	none	none	max(insertion_type_count,local_deletion_type_count)
286|287	286	D	287	R	0.974026	1.000000	0.173781	0.000000	0.000000	0.000000	1.050883	2.860506	0.646291	0.053333	0.000000	0.000000	0	0.000000	0	1.022979	2.828852	0.658331	0.060440	0.000000	0.000000	0	0.000000	0	0	0.000000	1.048058	2.861861	0.646291	0.053333	0.000000	0.000000	0	none	0	none	0	none	none	max(insertion_type_count,local_deletion_type_count)
287|288	287	R	288	N	1.000000	0.922078	0.000000	0.492344	0.000000	0.000000	1.131641	2.860506	0.583520	0.053333	0.000000	0.000000	0	0.000000	0	1.097397	2.828852	0.594263	0.060440	0.000000	0.000000	0	0.000000	0	0	0.000000	1.128816	2.861861	0.583520	0.053333	0.000000	0.000000	0	none	0	none	0	none	none	max(insertion_type_count,local_deletion_type_count)
288|289	288	N	289	S	0.922078	0.103896	0.492344	0.981816	0.000000	0.000000	1.190865	2.860506	0.546723	0.053333	0.000000	0.000000	0	0.000000	0	1.159078	2.828852	0.555284	0.060440	0.000000	0.000000	0	0.000000	0	0	0.000000	1.190328	2.861861	0.546363	0.053333	0.000000	0.000000	0	none	0	none	0	none	none	max(insertion_type_count,local_deletion_type_count)
289|290	289	S	290	C	0.103896	0.805195	0.981816	0.852051	0.000000	0.000000	0.952490	2.678681	0.624574	0.053333	0.000000	0.000000	0	0.000000	0	0.923340	2.634514	0.632277	0.060440	0.000000	0.000000	0	0.000000	0	0	0.000000	0.951840	2.678681	0.624214	0.053333	0.000000	0.000000	0	none	0	none	0	none	none	max(insertion_type_count,local_deletion_type_count)
290|291	290	C	291	T	0.805195	0.053333	0.852051	2.610762	0.000000	0.000000	1.061338	2.678681	0.574791	0.053333	0.000000	0.000000	0	0.000000	0	1.034142	2.634514	0.582994	0.060440	0.000000	0.000000	0	0.000000	0	0	0.000000	1.060688	2.678681	0.574430	0.053333	0.000000	0.000000	0	none	0	none	0	none	none	max(insertion_type_count,local_deletion_type_count)
291|292	291	T	292	T	0.053333	0.389610	2.610762	2.678681	0.000000	0.000000	1.036968	2.678681	0.591865	0.053333	0.000000	0.000000	0	0.000000	0	1.012116	2.634514	0.598490	0.060440	0.000000	0.000000	0	0.000000	0	0	0.000000	1.037501	2.678681	0.591221	0.053333	0.000000	0.000000	0	none	0	none	0	none	none	max(insertion_type_count,local_deletion_type_count)
292|293	292	T	293	L	0.389610	0.246753	2.678681	0.969092	0.000000	0.000000	1.129130	2.678681	0.516107	0.053333	0.000000	0.000000	0	0.000000	0	1.108792	2.634514	0.523221	0.060440	0.000000	0.000000	0	0.000000	0	0	0.000000	1.129662	2.678681	0.515464	0.053333	0.000000	0.000000	0	none	0	none	0	none	none	max(insertion_type_count,local_deletion_type_count)
293|294	293	L	294	S	0.246753	0.428571	0.969092	1.436012	0.000000	0.000000	1.129130	2.678681	0.516107	0.053333	0.000000	0.000000	0	0.000000	0	1.108792	2.634514	0.523221	0.060440	0.000000	0.000000	0	0.000000	0	0	0.000000	1.129662	2.678681	0.515464	0.053333	0.000000	0.000000	0	none	0	none	0	none	none	max(insertion_type_count,local_deletion_type_count)
294|295	294	S	295	L	0.428571	1.000000	1.436012	0.000000	0.000000	0.000000	1.104747	2.678681	0.440349	0.012987	0.000000	0.000000	0	0.000000	0	1.094069	2.634514	0.450192	0.037634	0.000000	0.000000	0	0.000000	0	0	0.000000	1.108479	2.678681	0.440247	0.019481	0.000000	0.000000	0	none	0	none	0	none	none	max(insertion_type_count,local_deletion_type_count)
295|296	295	L	296	S	1.000000	0.402597	0.000000	1.306176	0.000000	0.000000	1.269810	2.962572	0.442514	0.012987	0.000000	0.000000	0	0.000000	0	1.258789	2.926286	0.453328	0.037634	0.000000	0.000000	0	0.000000	0	0	0.000000	1.274481	2.961108	0.442773	0.019481	0.000000	0.000000	0	none	0	none	0	none	none	max(insertion_type_count,local_deletion_type_count)
296|297	296	S	297	Q	0.402597	0.776316	1.306176	0.942906	0.000000	0.000000	1.259271	2.962572	0.445761	0.012987	0.000000	0.000000	0	0.000000	0	1.256628	2.926286	0.453776	0.037634	0.000000	0.000000	0	0.000000	0	0	0.000000	1.265711	2.961108	0.445659	0.019481	0.000000	0.000000	0	none	0	none	0	none	none	max(insertion_type_count,local_deletion_type_count)
297|298	297	Q	298	L	0.776316	0.064935	0.942906	1.279714	0.000000	0.000000	1.208316	2.962572	0.443481	0.012987	0.000000	0.000000	0	0.000000	0	1.202012	2.926286	0.451876	0.037634	0.000000	0.000000	0	0.000000	0	0	0.000000	1.214138	2.961108	0.443379	0.019481	0.000000	0.000000	0	none	0	none	0	none	none	max(insertion_type_count,local_deletion_type_count)
298|299	298	L	299	Y	0.064935	1.000000	1.279714	0.000000	0.000000	0.000000	1.135419	2.962572	0.462961	0.012987	0.000000	0.000000	0	0.000000	0	1.129827	2.926286	0.469797	0.037634	0.000000	0.000000	0	0.000000	0	0	0.000000	1.143752	2.961108	0.461725	0.019481	0.000000	0.000000	0	none	0	none	0	none	none	max(insertion_type_count,local_deletion_type_count)
299|300	299	Y	300	S	1.000000	0.012987	0.000000	0.199755	0.000000	0.000000	1.054661	2.962572	0.525732	0.012987	0.000000	0.000000	0	0.000000	0	1.055410	2.926286	0.533865	0.037634	0.000000	0.000000	0	0.000000	0	0	0.000000	1.062994	2.961108	0.524496	0.019481	0.000000	0.000000	0	none	0	none	0	none	none	max(insertion_type_count,local_deletion_type_count)
300|301	300	S	301	H	0.012987	0.129870	0.199755	2.962572	0.000000	0.000000	1.018920	2.962572	0.556035	0.012987	0.000000	0.000000	0	0.000000	0	1.014112	2.926286	0.567467	0.037634	0.000000	0.000000	0	0.000000	0	0	0.000000	1.027254	2.961108	0.554799	0.019481	0.000000	0.000000	0	none	0	none	0	none	none	max(insertion_type_count,local_deletion_type_count)
301|302	301	H	302	I	0.129870	0.844156	2.962572	0.725576	0.000000	0.000000	1.099941	2.962572	0.488935	0.012987	0.000000	0.000000	0	0.000000	0	1.094556	2.926286	0.500263	0.037634	0.000000	0.000000	0	0.000000	0	0	0.000000	1.107554	2.961108	0.487339	0.019481	0.000000	0.000000	0	none	0	none	0	none	none	max(insertion_type_count,local_deletion_type_count)
302|303	302	I	303	K	0.844156	0.025974	0.725576	1.999312	0.000000	0.000000	1.072552	2.962572	0.520321	0.012987	0.000000	0.000000	0	0.000000	0	1.061639	2.926286	0.532969	0.037634	0.000000	0.000000	0	0.000000	0	0	0.000000	1.080166	2.961108	0.518724	0.019481	0.000000	0.000000	0	none	0	none	0	none	none	max(insertion_type_count,local_deletion_type_count)
303|304	303	K	304	E	0.025974	0.623377	1.999312	1.803907	0.000000	0.000000	0.993977	2.962572	0.538961	0.012987	0.000000	0.000000	0	0.000000	0	0.985468	2.926286	0.550179	0.037634	0.000000	0.000000	0	0.000000	0	0	0.000000	1.000408	2.961108	0.537647	0.019481	0.000000	0.000000	0	none	0	none	0	none	none	max(insertion_type_count,local_deletion_type_count)
304|305	304	E	305	E	0.623377	1.000000	1.803907	0.000000	0.000000	0.000000	1.026673	2.962572	0.538961	0.012987	0.000000	0.000000	0	0.000000	0	1.012489	2.926286	0.550179	0.037634	0.000000	0.000000	0	0.000000	0	0	0.000000	1.033104	2.961108	0.537647	0.019481	0.000000	0.000000	0	none	0	none	0	none	none	max(insertion_type_count,local_deletion_type_count)
305|306	305	E	306	D	1.000000	0.792208	0.000000	1.007121	0.000000	0.000000	1.228251	2.962572	0.463303	0.012987	0.000000	0.000000	0	0.000000	0	1.210326	2.926286	0.475451	0.037634	0.000000	0.000000	0	0.000000	0	0	0.000000	1.235429	2.961108	0.461989	0.019481	0.000000	0.000000	0	none	0	none	0	none	none	max(insertion_type_count,local_deletion_type_count)
306|307	306	D	307	R	0.792208	0.194805	1.007121	0.972250	0.000000	0.000000	1.309459	2.962572	0.467632	0.025974	0.000000	0.000000	0	0.000000	0	1.278748	2.926286	0.478587	0.037634	0.000000	0.000000	0	0.000000	0	0	0.000000	1.313439	2.961108	0.465777	0.025974	0.000000	0.000000	0	none	0	none	0	none	none	max(insertion_type_count,local_deletion_type_count)
307|308	307	R	308	R	0.194805	0.779221	0.972250	0.977513	0.000000	0.000000	1.233982	2.418937	0.462221	0.025974	0.000000	0.000000	0	0.000000	0	1.204193	2.374043	0.472315	0.037634	0.000000	0.000000	0	0.000000	0	0	0.000000	1.238527	2.427906	0.460366	0.025974	0.000000	0.000000	0	none	0	none	0	none	none	max(insertion_type_count,local_deletion_type_count)
308|309	308	R	309	R	0.779221	1.000000	0.977513	0.000000	0.000000	0.000000	1.296153	2.418937	0.396204	0.025974	0.000000	0.000000	0	0.000000	0	1.259526	2.374043	0.407799	0.037634	0.000000	0.000000	0	0.000000	0	0	0.000000	1.297805	2.427906	0.394709	0.025974	0.000000	0.000000	0	none	0	none	0	none	none	max(insertion_type_count,local_deletion_type_count)
309|310	309	R	310	S	1.000000	0.064935	0.000000	1.672065	0.000000	0.000000	1.228802	2.418937	0.400533	0.051948	0.000000	0.000000	0	0.000000	0	1.191122	2.374043	0.412279	0.064516	0.000000	0.000000	0	0.000000	0	0	0.000000	1.230661	2.427906	0.399038	0.051948	0.000000	0.000000	0	none	0	none	0	none	none	max(insertion_type_count,local_deletion_type_count)
310|311	310	S	311	S	0.064935	0.092105	1.672065	2.418937	0.000000	0.000000	1.135480	2.418937	0.416766	0.051948	0.000000	0.000000	0	0.000000	0	1.101143	2.374043	0.428408	0.064516	0.000000	0.000000	0	0.000000	0	0	0.000000	1.134827	2.427906	0.416406	0.051948	0.000000	0.000000	0	none	0	none	0	none	none	max(insertion_type_count,local_deletion_type_count)
311|312	311	S	312	A	0.092105	0.064935	2.418937	1.174261	0.000000	0.000000	1.326254	2.418937	0.343173	0.051948	0.000000	0.000000	0	0.000000	0	1.289636	2.374043	0.355379	0.064516	0.000000	0.000000	0	0.000000	0	0	0.000000	1.325602	2.427906	0.342813	0.051948	0.000000	0.000000	0	none	0	none	0	none	none	max(insertion_type_count,local_deletion_type_count)
312|313	312	A	313	A	0.064935	0.064935	1.174261	2.056845	0.000000	0.000000	1.242328	2.418937	0.360489	0.051948	0.000000	0.000000	0	0.000000	0	1.214517	2.374043	0.370164	0.064516	0.000000	0.000000	0	0.000000	0	0	0.000000	1.241675	2.427906	0.360129	0.051948	0.000000	0.000000	0	none	0	none	0	none	none	max(insertion_type_count,local_deletion_type_count)
313|314	313	A	314	Q	0.064935	0.051948	2.056845	1.471619	0.000000	0.000000	1.169640	2.418937	0.426507	0.051948	0.000000	0.000000	0	0.000000	0	1.144000	2.374043	0.436024	0.064516	0.000000	0.000000	0	0.000000	0	0	0.000000	1.169708	2.427906	0.426507	0.051948	0.000000	0.000000	0	none	0	none	0	none	none	max(insertion_type_count,local_deletion_type_count)
314|315	314	Q	315	A	0.051948	0.077922	1.471619	1.191106	0.000000	0.000000	1.088181	2.418937	0.444905	0.051948	0.000000	0.000000	0	0.000000	0	1.066115	2.374043	0.452602	0.064516	0.000000	0.000000	0	0.000000	0	0	0.000000	1.088249	2.427906	0.444905	0.051948	0.000000	0.000000	0	none	0	none	0	none	none	max(insertion_type_count,local_deletion_type_count)
315|316	315	A	316	M	0.077922	0.818182	1.191106	0.684038	0.000000	0.000000	1.088181	2.418937	0.444905	0.051948	0.000000	0.000000	0	0.000000	0	1.066115	2.374043	0.452602	0.064516	0.000000	0.000000	0	0.000000	0	0	0.000000	1.088249	2.427906	0.444905	0.051948	0.000000	0.000000	0	none	0	none	0	none	none	max(insertion_type_count,local_deletion_type_count)
316|317	316	M	317	E	0.818182	0.116883	0.684038	2.289297	0.000000	0.000000	1.035100	2.418937	0.479448	0.051948	0.000000	0.000000	0	0.000000	0	1.014473	2.374043	0.486905	0.064516	0.000000	0.000000	0	0.000000	0	0	0.000000	1.035174	2.427906	0.479448	0.051948	0.000000	0.000000	0	none	0	none	0	none	none	max(insertion_type_count,local_deletion_type_count)
317|318	317	E	318	A	0.116883	1.000000	2.289297	0.000000	0.000000	0.000000	0.896717	2.289297	0.518182	0.051948	0.000000	0.000000	0	0.000000	0	0.878516	2.261913	0.525269	0.064516	0.000000	0.000000	0	0.000000	0	0	0.000000	0.895901	2.289297	0.518182	0.051948	0.000000	0.000000	0	none	0	none	0	none	none	max(insertion_type_count,local_deletion_type_count)
318|319	318	A	319	I	1.000000	0.987013	0.000000	0.100001	0.000000	0.000000	0.865878	2.289297	0.568543	0.051948	0.000000	0.000000	0	0.000000	0	0.846060	2.261913	0.575269	0.064516	0.000000	0.000000	0	0.000000	0	0	0.000000	0.864972	2.289297	0.568543	0.051948	0.000000	0.000000	0	none	0	none	0	none	none	max(insertion_type_count,local_deletion_type_count)
319|320	319	I	320	F	0.987013	1.000000	0.100001	0.000000	0.000000	0.000000	0.717008	2.289297	0.631494	0.051948	0.000000	0.000000	0	0.000000	0	0.697864	2.261913	0.637769	0.064516	0.000000	0.000000	0	0.000000	0	0	0.000000	0.715323	2.289297	0.631494	0.051948	0.000000	0.000000	0	none	0	none	0	none	none	max(insertion_type_count,local_deletion_type_count)
320|321	320	F	321	Q	1.000000	1.000000	0.000000	0.000000	0.000000	0.000000	0.609206	2.289297	0.714286	0.077922	0.000000	0.000000	0	0.000000	0	0.596670	2.261913	0.719662	0.091398	0.000000	0.000000	0	0.000000	0	0	0.000000	0.609206	2.289297	0.714286	0.077922	0.000000	0.000000	0	none	0	none	0	none	none	max(insertion_type_count,local_deletion_type_count)
