junction	left_resid	left_aa	right_resid	right_aa	primary_left_identity	primary_right_identity	primary_left_entropy	primary_right_entropy	primary_left_gap_frequency	primary_right_gap_frequency	primary_window_mean_entropy	primary_window_max_entropy	primary_window_mean_identity	primary_window_min_identity	primary_window_mean_gap_frequency	primary_window_max_gap_frequency	primary_natural_insertion_count	primary_natural_insertion_frequency	primary_natural_insertion_lengths	expanded_window_mean_entropy	expanded_window_max_entropy	expanded_window_mean_identity	expanded_window_min_identity	expanded_window_mean_gap_frequency	expanded_window_max_gap_frequency	expanded_natural_insertion_count	expanded_natural_insertion_frequency	expanded_natural_insertion_lengths	expanded_local_deletion_count	expanded_local_deletion_frequency	type_weighted_window_mean_entropy	type_weighted_window_max_entropy	type_weighted_window_mean_identity	type_weighted_window_min_identity	type_weighted_window_mean_gap_frequency	type_weighted_window_max_gap_frequency	primary_natural_insertion_type_count	primary_natural_insertion_types	expanded_natural_insertion_type_count	expanded_natural_insertion_types	expanded_local_deletion_type_count	expanded_local_deletion_types	expanded_indel_category	expanded_indel_category_basis
1|2	1	S	2	D	1.000000	1.000000	0.000000	0.000000	0.000000	0.000000	0.000000	0.000000	1.000000	1.000000	0.000000	0.000000	0	0.000000	0	0.000000	0.000000	1.000000	1.000000	0.000000	0.000000	0	0.000000	0	0	0.000000	0.000000	0.000000	1.000000	1.000000	0.000000	0.000000	0	none	0	none	0	none	none	max(insertion_type_count,local_deletion_type_count)
2|3	2	D	3	S	1.000000	1.000000	0.000000	0.000000	0.000000	0.000000	0.000000	0.000000	1.000000	1.000000	0.000000	0.000000	0	0.000000	0	0.000000	0.000000	1.000000	1.000000	0.000000	0.000000	0	0.000000	0	0	0.000000	0.000000	0.000000	1.000000	1.000000	0.000000	0.000000	0	none	0	none	0	none	none	max(insertion_type_count,local_deletion_type_count)
3|4	3	S	4	W	1.000000	1.000000	0.000000	0.000000	0.000000	0.000000	0.000000	0.000000	1.000000	1.000000	0.000000	0.000000	0	0.000000	0	0.000000	0.000000	1.000000	1.000000	0.000000	0.000000	0	0.000000	0	0	0.000000	0.000000	0.000000	1.000000	1.000000	0.000000	0.000000	0	none	0	none	0	none	none	max(insertion_type_count,local_deletion_type_count)
4|5	4	W	5	L	1.000000	1.000000	0.000000	0.000000	0.000000	0.000000	0.000000	0.000000	1.000000	1.000000	0.000000	0.000000	0	0.000000	0	0.000000	0.000000	1.000000	1.000000	0.000000	0.000000	0	0.000000	0	0	0.000000	0.000000	0.000000	1.000000	1.000000	0.000000	0.000000	0	none	0	none	0	none	none	max(insertion_type_count,local_deletion_type_count)
5|6	5	L	6	K	1.000000	1.000000	0.000000	0.000000	0.000000	0.000000	0.088268	0.970951	0.945455	0.400000	0.000000	0.000000	0	0.000000	0	0.088268	0.970951	0.945455	0.400000	0.000000	0.000000	0	0.000000	0	0	0.000000	0.088268	0.970951	0.945455	0.400000	0.000000	0.000000	0	none	0	none	0	none	none	max(insertion_type_count,local_deletion_type_count)
6|7	6	K	7	K	1.000000	1.000000	0.000000	0.000000	0.000000	0.000000	0.080913	0.970951	0.950000	0.400000	0.000000	0.000000	0	0.000000	0	0.080913	0.970951	0.950000	0.400000	0.000000	0.000000	0	0.000000	0	0	0.000000	0.080913	0.970951	0.950000	0.400000	0.000000	0.000000	0	none	0	none	0	none	none	max(insertion_type_count,local_deletion_type_count)
7|8	7	K	8	F	1.000000	1.000000	0.000000	0.000000	0.000000	0.000000	0.080913	0.970951	0.950000	0.400000	0.000000	0.000000	0	0.000000	0	0.080913	0.970951	0.950000	0.400000	0.000000	0.000000	0	0.000000	0	0	0.000000	0.080913	0.970951	0.950000	0.400000	0.000000	0.000000	0	none	0	none	0	none	none	max(insertion_type_count,local_deletion_type_count)
8|9	8	F	9	T	1.000000	1.000000	0.000000	0.000000	0.000000	0.000000	0.080913	0.970951	0.950000	0.400000	0.000000	0.000000	0	0.000000	0	0.080913	0.970951	0.950000	0.400000	0.000000	0.000000	0	0.000000	0	0	0.000000	0.080913	0.970951	0.950000	0.400000	0.000000	0.000000	0	none	0	none	0	none	none	max(insertion_type_count,local_deletion_type_count)
9|10	9	T	10	E	1.000000	1.000000	0.000000	0.000000	0.000000	0.000000	0.080913	0.970951	0.950000	0.400000	0.000000	0.000000	0	0.000000	0	0.080913	0.970951	0.950000	0.400000	0.000000	0.000000	0	0.000000	0	0	0.000000	0.080913	0.970951	0.950000	0.400000	0.000000	0.000000	0	none	0	none	0	none	none	max(insertion_type_count,local_deletion_type_count)
10|11	10	E	11	A	1.000000	0.400000	0.000000	0.970951	0.000000	0.000000	0.080913	0.970951	0.950000	0.400000	0.000000	0.000000	0	0.000000	0	0.080913	0.970951	0.950000	0.400000	0.000000	0.000000	0	0.000000	0	0	0.000000	0.080913	0.970951	0.950000	0.400000	0.000000	0.000000	0	none	0	none	0	none	none	max(insertion_type_count,local_deletion_type_count)
11|12	11	A	12	C	0.400000	1.000000	0.970951	0.000000	0.000000	0.000000	0.080913	0.970951	0.950000	0.400000	0.000000	0.000000	0	0.000000	0	0.080913	0.970951	0.950000	0.400000	0.000000	0.000000	0	0.000000	0	0	0.000000	0.080913	0.970951	0.950000	0.400000	0.000000	0.000000	0	none	0	none	0	none	none	max(insertion_type_count,local_deletion_type_count)
12|13	12	C	13	N	1.000000	1.000000	0.000000	0.000000	0.000000	0.000000	0.080913	0.970951	0.950000	0.400000	0.000000	0.000000	0	0.000000	0	0.080913	0.970951	0.950000	0.400000	0.000000	0.000000	0	0.000000	0	0	0.000000	0.080913	0.970951	0.950000	0.400000	0.000000	0.000000	0	none	0	none	0	none	none	max(insertion_type_count,local_deletion_type_count)
13|14	13	N	14	A	1.000000	1.000000	0.000000	0.000000	0.000000	0.000000	0.080913	0.970951	0.950000	0.400000	0.000000	0.000000	0	0.000000	0	0.080913	0.970951	0.950000	0.400000	0.000000	0.000000	0	0.000000	0	0	0.000000	0.080913	0.970951	0.950000	0.400000	0.000000	0.000000	0	none	0	none	0	none	none	max(insertion_type_count,local_deletion_type_count)
14|15	14	A	15	A	1.000000	1.000000	0.000000	0.000000	0.000000	0.000000	0.080913	0.970951	0.950000	0.400000	0.000000	0.000000	0	0.000000	0	0.080913	0.970951	0.950000	0.400000	0.000000	0.000000	0	0.000000	0	0	0.000000	0.080913	0.970951	0.950000	0.400000	0.000000	0.000000	0	none	0	none	0	none	none	max(insertion_type_count,local_deletion_type_count)
15|16	15	A	16	R	1.000000	1.000000	0.000000	0.000000	0.000000	0.000000	0.080913	0.970951	0.950000	0.400000	0.000000	0.000000	0	0.000000	0	0.080913	0.970951	0.950000	0.400000	0.000000	0.000000	0	0.000000	0	0	0.000000	0.080913	0.970951	0.950000	0.400000	0.000000	0.000000	0	none	0	none	0	none	none	max(insertion_type_count,local_deletion_type_count)
16|17	16	R	17	G	1.000000	1.000000	0.000000	0.000000	0.000000	0.000000	0.080913	0.970951	0.950000	0.400000	0.000000	0.000000	0	0.000000	0	0.080913	0.970951	0.950000	0.400000	0.000000	0.000000	0	0.000000	0	0	0.000000	0.080913	0.970951	0.950000	0.400000	0.000000	0.000000	0	none	0	none	0	none	none	max(insertion_type_count,local_deletion_type_count)
17|18	17	G	18	L	1.000000	1.000000	0.000000	0.000000	0.000000	0.000000	0.060161	0.721928	0.933333	0.200000	0.000000	0.000000	0	0.000000	0	0.060161	0.721928	0.933333	0.200000	0.000000	0.000000	0	0.000000	0	0	0.000000	0.060161	0.721928	0.933333	0.200000	0.000000	0.000000	0	none	0	none	0	none	none	max(insertion_type_count,local_deletion_type_count)
18|19	18	L	19	E	1.000000	1.000000	0.000000	0.000000	0.000000	0.000000	0.060161	0.721928	0.933333	0.200000	0.000000	0.000000	0	0.000000	0	0.060161	0.721928	0.933333	0.200000	0.000000	0.000000	0	0.000000	0	0	0.000000	0.060161	0.721928	0.933333	0.200000	0.000000	0.000000	0	none	0	none	0	none	none	max(insertion_type_count,local_deletion_type_count)
19|20	19	E	20	W	1.000000	1.000000	0.000000	0.000000	0.000000	0.000000	0.060161	0.721928	0.933333	0.200000	0.000000	0.000000	0	0.000000	0	0.060161	0.721928	0.933333	0.200000	0.000000	0.000000	0	0.000000	0	0	0.000000	0.060161	0.721928	0.933333	0.200000	0.000000	0.000000	0	none	0	none	0	none	none	max(insertion_type_count,local_deletion_type_count)
20|21	20	W	21	I	1.000000	1.000000	0.000000	0.000000	0.000000	0.000000	0.060161	0.721928	0.933333	0.200000	0.000000	0.000000	0	0.000000	0	0.060161	0.721928	0.933333	0.200000	0.000000	0.000000	0	0.000000	0	0	0.000000	0.060161	0.721928	0.933333	0.200000	0.000000	0.000000	0	none	0	none	0	none	none	max(insertion_type_count,local_deletion_type_count)
21|22	21	I	22	G	1.000000	1.000000	0.000000	0.000000	0.000000	0.000000	0.060161	0.721928	0.933333	0.200000	0.000000	0.000000	0	0.000000	0	0.060161	0.721928	0.933333	0.200000	0.000000	0.000000	0	0.000000	0	0	0.000000	0.060161	0.721928	0.933333	0.200000	0.000000	0.000000	0	none	0	none	0	none	none	max(insertion_type_count,local_deletion_type_count)
22|23	22	G	23	Q	1.000000	0.200000	0.000000	0.721928	0.000000	0.000000	0.060161	0.721928	0.933333	0.200000	0.000000	0.000000	0	0.000000	0	0.060161	0.721928	0.933333	0.200000	0.000000	0.000000	0	0.000000	0	0	0.000000	0.060161	0.721928	0.933333	0.200000	0.000000	0.000000	0	none	0	none	0	none	none	max(insertion_type_count,local_deletion_type_count)
23|24	23	Q	24	K	0.200000	1.000000	0.721928	0.000000	0.000000	0.000000	0.060161	0.721928	0.933333	0.200000	0.000000	0.000000	0	0.000000	0	0.060161	0.721928	0.933333	0.200000	0.000000	0.000000	0	0.000000	0	0	0.000000	0.060161	0.721928	0.933333	0.200000	0.000000	0.000000	0	none	0	none	0	none	none	max(insertion_type_count,local_deletion_type_count)
24|25	24	K	25	I	1.000000	1.000000	0.000000	0.000000	0.000000	0.000000	0.120321	0.721928	0.916667	0.200000	0.000000	0.000000	0	0.000000	0	0.120321	0.721928	0.916667	0.200000	0.000000	0.000000	0	0.000000	0	0	0.000000	0.120321	0.721928	0.916667	0.200000	0.000000	0.000000	0	none	0	none	0	none	none	max(insertion_type_count,local_deletion_type_count)
25|26	25	I	26	S	1.000000	1.000000	0.000000	0.000000	0.000000	0.000000	0.120321	0.721928	0.916667	0.200000	0.000000	0.000000	0	0.000000	0	0.120321	0.721928	0.916667	0.200000	0.000000	0.000000	0	0.000000	0	0	0.000000	0.120321	0.721928	0.916667	0.200000	0.000000	0.000000	0	none	0	none	0	none	none	max(insertion_type_count,local_deletion_type_count)
26|27	26	S	27	K	1.000000	1.000000	0.000000	0.000000	0.000000	0.000000	0.180482	0.721928	0.850000	0.200000	0.000000	0.000000	0	0.000000	0	0.180482	0.721928	0.850000	0.200000	0.000000	0.000000	0	0.000000	0	0	0.000000	0.180482	0.721928	0.850000	0.200000	0.000000	0.000000	0	none	0	none	0	none	none	max(insertion_type_count,local_deletion_type_count)
27|28	27	K	28	F	1.000000	1.000000	0.000000	0.000000	0.000000	0.000000	0.180482	0.721928	0.850000	0.200000	0.000000	0.000000	0	0.000000	0	0.180482	0.721928	0.850000	0.200000	0.000000	0.000000	0	0.000000	0	0	0.000000	0.180482	0.721928	0.850000	0.200000	0.000000	0.000000	0	none	0	none	0	none	none	max(insertion_type_count,local_deletion_type_count)
28|29	28	F	29	I	1.000000	1.000000	0.000000	0.000000	0.000000	0.000000	0.180482	0.721928	0.850000	0.200000	0.000000	0.000000	0	0.000000	0	0.180482	0.721928	0.850000	0.200000	0.000000	0.000000	0	0.000000	0	0	0.000000	0.180482	0.721928	0.850000	0.200000	0.000000	0.000000	0	none	0	none	0	none	none	max(insertion_type_count,local_deletion_type_count)
29|30	29	I	30	D	1.000000	0.800000	0.000000	0.721928	0.000000	0.000000	0.120321	0.721928	0.916667	0.200000	0.000000	0.000000	0	0.000000	0	0.120321	0.721928	0.916667	0.200000	0.000000	0.000000	0	0.000000	0	0	0.000000	0.120321	0.721928	0.916667	0.200000	0.000000	0.000000	0	none	0	none	0	none	none	max(insertion_type_count,local_deletion_type_count)
30|31	30	D	31	W	0.800000	1.000000	0.721928	0.000000	0.000000	0.000000	0.120321	0.721928	0.916667	0.200000	0.000000	0.000000	0	0.000000	0	0.120321	0.721928	0.916667	0.200000	0.000000	0.000000	0	0.000000	0	0	0.000000	0.120321	0.721928	0.916667	0.200000	0.000000	0.000000	0	none	0	none	0	none	none	max(insertion_type_count,local_deletion_type_count)
31|32	31	W	32	I	1.000000	0.200000	0.000000	0.721928	0.000000	0.000000	0.120321	0.721928	0.916667	0.200000	0.000000	0.000000	0	0.000000	0	0.120321	0.721928	0.916667	0.200000	0.000000	0.000000	0	0.000000	0	0	0.000000	0.120321	0.721928	0.916667	0.200000	0.000000	0.000000	0	none	0	none	0	none	none	max(insertion_type_count,local_deletion_type_count)
32|33	32	I	33	K	0.200000	1.000000	0.721928	0.000000	0.000000	0.000000	0.120321	0.721928	0.916667	0.200000	0.000000	0.000000	0	0.000000	0	0.120321	0.721928	0.916667	0.200000	0.000000	0.000000	0	0.000000	0	0	0.000000	0.120321	0.721928	0.916667	0.200000	0.000000	0.000000	0	none	0	none	0	none	none	max(insertion_type_count,local_deletion_type_count)
33|34	33	K	34	S	1.000000	1.000000	0.000000	0.000000	0.000000	0.000000	0.120321	0.721928	0.916667	0.200000	0.000000	0.000000	0	0.000000	0	0.120321	0.721928	0.916667	0.200000	0.000000	0.000000	0	0.000000	0	0	0.000000	0.120321	0.721928	0.916667	0.200000	0.000000	0.000000	0	none	0	none	0	none	none	max(insertion_type_count,local_deletion_type_count)
34|35	34	S	35	M	1.000000	1.000000	0.000000	0.000000	0.000000	0.000000	0.120321	0.721928	0.916667	0.200000	0.000000	0.000000	0	0.000000	0	0.120321	0.721928	0.916667	0.200000	0.000000	0.000000	0	0.000000	0	0	0.000000	0.120321	0.721928	0.916667	0.200000	0.000000	0.000000	0	none	0	none	0	none	none	max(insertion_type_count,local_deletion_type_count)
35|36	35	M	36	L	1.000000	1.000000	0.000000	0.000000	0.000000	0.000000	0.120321	0.721928	0.916667	0.200000	0.000000	0.000000	0	0.000000	0	0.120321	0.721928	0.916667	0.200000	0.000000	0.000000	0	0.000000	0	0	0.000000	0.120321	0.721928	0.916667	0.200000	0.000000	0.000000	0	none	0	none	0	none	none	max(insertion_type_count,local_deletion_type_count)
36|37	36	L	37	P	1.000000	1.000000	0.000000	0.000000	0.000000	0.000000	0.060161	0.721928	0.933333	0.200000	0.000000	0.000000	0	0.000000	0	0.060161	0.721928	0.933333	0.200000	0.000000	0.000000	0	0.000000	0	0	0.000000	0.060161	0.721928	0.933333	0.200000	0.000000	0.000000	0	none	0	none	0	none	none	max(insertion_type_count,local_deletion_type_count)
37|38	37	P	38	Q	1.000000	1.000000	0.000000	0.000000	0.000000	0.000000	0.120321	0.721928	0.866667	0.200000	0.000000	0.000000	0	0.000000	0	0.120321	0.721928	0.866667	0.200000	0.000000	0.000000	0	0.000000	0	0	0.000000	0.120321	0.721928	0.866667	0.200000	0.000000	0.000000	0	none	0	none	0	none	none	max(insertion_type_count,local_deletion_type_count)
38|39	38	Q	39	A	1.000000	1.000000	0.000000	0.000000	0.000000	0.000000	0.120321	0.721928	0.866667	0.200000	0.000000	0.000000	0	0.000000	0	0.120321	0.721928	0.866667	0.200000	0.000000	0.000000	0	0.000000	0	0	0.000000	0.120321	0.721928	0.866667	0.200000	0.000000	0.000000	0	none	0	none	0	none	none	max(insertion_type_count,local_deletion_type_count)
39|40	39	A	40	Q	1.000000	1.000000	0.000000	0.000000	0.000000	0.000000	0.120321	0.721928	0.866667	0.200000	0.000000	0.000000	0	0.000000	0	0.120321	0.721928	0.866667	0.200000	0.000000	0.000000	0	0.000000	0	0	0.000000	0.120321	0.721928	0.866667	0.200000	0.000000	0.000000	0	none	0	none	0	none	none	max(insertion_type_count,local_deletion_type_count)
40|41	40	Q	41	L	1.000000	1.000000	0.000000	0.000000	0.000000	0.000000	0.120321	0.721928	0.866667	0.200000	0.000000	0.000000	0	0.000000	0	0.120321	0.721928	0.866667	0.200000	0.000000	0.000000	0	0.000000	0	0	0.000000	0.120321	0.721928	0.866667	0.200000	0.000000	0.000000	0	none	0	none	0	none	none	max(insertion_type_count,local_deletion_type_count)
41|42	41	L	42	K	1.000000	1.000000	0.000000	0.000000	0.000000	0.000000	0.234567	1.370951	0.800000	0.200000	0.000000	0.000000	0	0.000000	0	0.234567	1.370951	0.800000	0.200000	0.000000	0.000000	0	0.000000	0	0	0.000000	0.234567	1.370951	0.800000	0.200000	0.000000	0.000000	0	none	0	none	0	none	none	max(insertion_type_count,local_deletion_type_count)
42|43	42	K	43	I	1.000000	0.200000	0.000000	0.721928	0.000000	0.000000	0.294728	1.370951	0.733333	0.200000	0.000000	0.000000	0	0.000000	0	0.294728	1.370951	0.733333	0.200000	0.000000	0.000000	0	0.000000	0	0	0.000000	0.294728	1.370951	0.733333	0.200000	0.000000	0.000000	0	none	0	none	0	none	none	max(insertion_type_count,local_deletion_type_count)
43|44	43	I	44	D	0.200000	0.200000	0.721928	0.721928	0.000000	0.000000	0.375641	1.370951	0.700000	0.200000	0.000000	0.000000	0	0.000000	0	0.375641	1.370951	0.700000	0.200000	0.000000	0.000000	0	0.000000	0	0	0.000000	0.375641	1.370951	0.700000	0.200000	0.000000	0.000000	0	none	0	none	0	none	none	max(insertion_type_count,local_deletion_type_count)
44|45	44	D	45	Y	0.200000	1.000000	0.721928	0.000000	0.000000	0.000000	0.375641	1.370951	0.700000	0.200000	0.000000	0.000000	0	0.000000	0	0.375641	1.370951	0.700000	0.200000	0.000000	0.000000	0	0.000000	0	0	0.000000	0.375641	1.370951	0.700000	0.200000	0.000000	0.000000	0	none	0	none	0	none	none	max(insertion_type_count,local_deletion_type_count)
45|46	45	Y	46	L	1.000000	1.000000	0.000000	0.000000	0.000000	0.000000	0.435801	1.370951	0.633333	0.200000	0.000000	0.000000	0	0.000000	0	0.435801	1.370951	0.633333	0.200000	0.000000	0.000000	0	0.000000	0	0	0.000000	0.435801	1.370951	0.633333	0.200000	0.000000	0.000000	0	none	0	none	0	none	none	max(insertion_type_count,local_deletion_type_count)
46|47	46	L	47	T	1.000000	0.200000	0.000000	1.370951	0.000000	0.000000	0.435801	1.370951	0.633333	0.200000	0.000000	0.000000	0	0.000000	0	0.435801	1.370951	0.633333	0.200000	0.000000	0.000000	0	0.000000	0	0	0.000000	0.435801	1.370951	0.633333	0.200000	0.000000	0.000000	0	none	0	none	0	none	none	max(insertion_type_count,local_deletion_type_count)
47|48	47	T	48	K	0.200000	0.200000	1.370951	0.721928	0.000000	0.000000	0.516714	1.370951	0.600000	0.200000	0.000000	0.000000	0	0.000000	0	0.516714	1.370951	0.600000	0.200000	0.000000	0.000000	0	0.000000	0	0	0.000000	0.516714	1.370951	0.600000	0.200000	0.000000	0.000000	0	none	0	none	0	none	none	max(insertion_type_count,local_deletion_type_count)
48|49	48	K	49	L	0.200000	0.600000	0.721928	0.970951	0.000000	0.000000	0.576874	1.370951	0.583333	0.200000	0.000000	0.000000	0	0.000000	0	0.576874	1.370951	0.583333	0.200000	0.000000	0.000000	0	0.000000	0	0	0.000000	0.576874	1.370951	0.583333	0.200000	0.000000	0.000000	0	none	0	none	0	none	none	max(insertion_type_count,local_deletion_type_count)
49|50	49	L	50	K	0.600000	1.000000	0.970951	0.000000	0.000000	0.000000	0.576874	1.370951	0.633333	0.200000	0.000000	0.000000	0	0.000000	0	0.576874	1.370951	0.633333	0.200000	0.000000	0.000000	0	0.000000	0	0	0.000000	0.576874	1.370951	0.633333	0.200000	0.000000	0.000000	0	none	0	none	0	none	none	max(insertion_type_count,local_deletion_type_count)
50|51	50	K	51	Q	1.000000	0.200000	0.000000	0.721928	0.000000	0.000000	0.516714	1.370951	0.700000	0.200000	0.000000	0.000000	0	0.000000	0	0.516714	1.370951	0.700000	0.200000	0.000000	0.000000	0	0.000000	0	0	0.000000	0.516714	1.370951	0.700000	0.200000	0.000000	0.000000	0	none	0	none	0	none	none	max(insertion_type_count,local_deletion_type_count)
51|52	51	Q	52	L	0.200000	1.000000	0.721928	0.000000	0.000000	0.000000	0.516714	1.370951	0.700000	0.200000	0.000000	0.000000	0	0.000000	0	0.516714	1.370951	0.700000	0.200000	0.000000	0.000000	0	0.000000	0	0	0.000000	0.516714	1.370951	0.700000	0.200000	0.000000	0.000000	0	none	0	none	0	none	none	max(insertion_type_count,local_deletion_type_count)
52|53	52	L	53	N	1.000000	0.600000	0.000000	0.970951	0.000000	0.000000	0.516714	1.370951	0.700000	0.200000	0.000000	0.000000	0	0.000000	0	0.516714	1.370951	0.700000	0.200000	0.000000	0.000000	0	0.000000	0	0	0.000000	0.516714	1.370951	0.700000	0.200000	0.000000	0.000000	0	none	0	none	0	none	none	max(insertion_type_count,local_deletion_type_count)
53|54	53	N	54	L	0.600000	0.800000	0.970951	0.721928	0.000000	0.000000	0.483380	0.970951	0.733333	0.200000	0.000000	0.000000	0	0.000000	0	0.483380	0.970951	0.733333	0.200000	0.000000	0.000000	0	0.000000	0	0	0.000000	0.483380	0.970951	0.733333	0.200000	0.000000	0.000000	0	none	0	none	0	none	none	max(insertion_type_count,local_deletion_type_count)
54|55	54	L	55	L	0.800000	0.800000	0.721928	0.721928	0.000000	0.000000	0.423220	0.970951	0.800000	0.200000	0.000000	0.000000	0	0.000000	0	0.423220	0.970951	0.800000	0.200000	0.000000	0.000000	0	0.000000	0	0	0.000000	0.423220	0.970951	0.800000	0.200000	0.000000	0.000000	0	none	0	none	0	none	none	max(insertion_type_count,local_deletion_type_count)
55|56	55	L	56	E	0.800000	1.000000	0.721928	0.000000	0.000000	0.000000	0.456553	1.370951	0.766667	0.200000	0.000000	0.000000	0	0.000000	0	0.456553	1.370951	0.766667	0.200000	0.000000	0.000000	0	0.000000	0	0	0.000000	0.456553	1.370951	0.766667	0.200000	0.000000	0.000000	0	none	0	none	0	none	none	max(insertion_type_count,local_deletion_type_count)
56|57	56	E	57	K	1.000000	1.000000	0.000000	0.000000	0.000000	0.000000	0.516714	1.370951	0.700000	0.200000	0.000000	0.000000	0	0.000000	0	0.516714	1.370951	0.700000	0.200000	0.000000	0.000000	0	0.000000	0	0	0.000000	0.516714	1.370951	0.700000	0.200000	0.000000	0.000000	0	none	0	none	0	none	none	max(insertion_type_count,local_deletion_type_count)
57|58	57	K	58	Q	1.000000	1.000000	0.000000	0.000000	0.000000	0.000000	0.456553	1.370951	0.766667	0.200000	0.000000	0.000000	0	0.000000	0	0.456553	1.370951	0.766667	0.200000	0.000000	0.000000	0	0.000000	0	0	0.000000	0.456553	1.370951	0.766667	0.200000	0.000000	0.000000	0	none	0	none	0	none	none	max(insertion_type_count,local_deletion_type_count)
58|59	58	Q	59	I	1.000000	0.600000	0.000000	0.970951	0.000000	0.000000	0.570799	1.370951	0.700000	0.200000	0.000000	0.000000	0	0.000000	0	0.570799	1.370951	0.700000	0.200000	0.000000	0.000000	0	0.000000	0	0	0.000000	0.570799	1.370951	0.700000	0.200000	0.000000	0.000000	0	none	0	none	0	none	none	max(insertion_type_count,local_deletion_type_count)
59|60	59	I	60	E	0.600000	1.000000	0.970951	0.000000	0.000000	0.000000	0.489886	1.370951	0.733333	0.200000	0.000000	0.000000	0	0.000000	0	0.489886	1.370951	0.733333	0.200000	0.000000	0.000000	0	0.000000	0	0	0.000000	0.489886	1.370951	0.733333	0.200000	0.000000	0.000000	0	none	0	none	0	none	none	max(insertion_type_count,local_deletion_type_count)
60|61	60	E	61	T	1.000000	0.200000	0.000000	1.370951	0.000000	0.000000	0.489886	1.370951	0.683333	0.200000	0.000000	0.000000	0	0.000000	0	0.489886	1.370951	0.683333	0.200000	0.000000	0.000000	0	0.000000	0	0	0.000000	0.489886	1.370951	0.683333	0.200000	0.000000	0.000000	0	none	0	none	0	none	none	max(insertion_type_count,local_deletion_type_count)
61|62	61	T	62	I	0.200000	0.200000	1.370951	0.721928	0.000000	0.000000	0.623220	2.321928	0.633333	0.200000	0.000000	0.000000	0	0.000000	0	0.623220	2.321928	0.633333	0.200000	0.000000	0.000000	0	0.000000	0	0	0.000000	0.623220	2.321928	0.633333	0.200000	0.000000	0.000000	0	none	0	none	0	none	none	max(insertion_type_count,local_deletion_type_count)
62|63	62	I	63	R	0.200000	1.000000	0.721928	0.000000	0.000000	0.000000	0.783380	2.321928	0.566667	0.200000	0.000000	0.000000	0	0.000000	0	0.783380	2.321928	0.566667	0.200000	0.000000	0.000000	0	0.000000	0	0	0.000000	0.783380	2.321928	0.566667	0.200000	0.000000	0.000000	0	none	0	none	0	none	none	max(insertion_type_count,local_deletion_type_count)
63|64	63	R	64	L	1.000000	0.200000	0.000000	1.370951	0.000000	0.000000	0.843541	2.321928	0.500000	0.200000	0.000000	0.000000	0	0.000000	0	0.843541	2.321928	0.500000	0.200000	0.000000	0.000000	0	0.000000	0	0	0.000000	0.843541	2.321928	0.500000	0.200000	0.000000	0.000000	0	none	0	none	0	none	none	max(insertion_type_count,local_deletion_type_count)
64|65	64	L	65	A	0.200000	1.000000	1.370951	0.000000	0.000000	0.000000	0.843541	2.321928	0.500000	0.200000	0.000000	0.000000	0	0.000000	0	0.843541	2.321928	0.500000	0.200000	0.000000	0.000000	0	0.000000	0	0	0.000000	0.843541	2.321928	0.500000	0.200000	0.000000	0.000000	0	none	0	none	0	none	none	max(insertion_type_count,local_deletion_type_count)
65|66	65	A	66	P	1.000000	0.200000	0.000000	0.721928	0.000000	0.000000	0.762628	2.321928	0.533333	0.200000	0.000000	0.000000	0	0.000000	0	0.762628	2.321928	0.533333	0.200000	0.000000	0.000000	0	0.000000	0	0	0.000000	0.762628	2.321928	0.533333	0.200000	0.000000	0.000000	0	none	0	none	0	none	none	max(insertion_type_count,local_deletion_type_count)
66|67	66	P	67	A	0.200000	0.200000	0.721928	2.321928	0.000000	0.000000	0.762628	2.321928	0.533333	0.200000	0.000000	0.000000	0	0.000000	0	0.762628	2.321928	0.533333	0.200000	0.000000	0.000000	0	0.000000	0	0	0.000000	0.762628	2.321928	0.533333	0.200000	0.000000	0.000000	0	none	0	none	0	none	none	max(insertion_type_count,local_deletion_type_count)
67|68	67	A	68	S	0.200000	0.200000	2.321928	1.921928	0.000000	0.000000	0.648383	2.321928	0.600000	0.200000	0.000000	0.000000	0	0.000000	0	0.648383	2.321928	0.600000	0.200000	0.000000	0.000000	0	0.000000	0	0	0.000000	0.648383	2.321928	0.600000	0.200000	0.000000	0.000000	0	none	0	none	0	none	none	max(insertion_type_count,local_deletion_type_count)
68|69	68	S	69	V	0.200000	0.200000	1.921928	0.721928	0.000000	0.000000	0.648383	2.321928	0.600000	0.200000	0.000000	0.000000	0	0.000000	0	0.648383	2.321928	0.600000	0.200000	0.000000	0.000000	0	0.000000	0	0	0.000000	0.648383	2.321928	0.600000	0.200000	0.000000	0.000000	0	none	0	none	0	none	none	max(insertion_type_count,local_deletion_type_count)
69|70	69	V	70	Q	0.200000	1.000000	0.721928	0.000000	0.000000	0.000000	0.762629	2.321928	0.533333	0.200000	0.000000	0.000000	0	0.000000	0	0.762629	2.321928	0.533333	0.200000	0.000000	0.000000	0	0.000000	0	0	0.000000	0.762629	2.321928	0.533333	0.200000	0.000000	0.000000	0	none	0	none	0	none	none	max(insertion_type_count,local_deletion_type_count)
70|71	70	Q	71	E	1.000000	1.000000	0.000000	0.000000	0.000000	0.000000	0.648383	2.321928	0.600000	0.200000	0.000000	0.000000	0	0.000000	0	0.648383	2.321928	0.600000	0.200000	0.000000	0.000000	0	0.000000	0	0	0.000000	0.648383	2.321928	0.600000	0.200000	0.000000	0.000000	0	none	0	none	0	none	none	max(insertion_type_count,local_deletion_type_count)
71|72	71	E	72	K	1.000000	1.000000	0.000000	0.000000	0.000000	0.000000	0.648383	2.321928	0.600000	0.200000	0.000000	0.000000	0	0.000000	0	0.648383	2.321928	0.600000	0.200000	0.000000	0.000000	0	0.000000	0	0	0.000000	0.648383	2.321928	0.600000	0.200000	0.000000	0.000000	0	none	0	none	0	none	none	max(insertion_type_count,local_deletion_type_count)
72|73	72	K	73	I	1.000000	1.000000	0.000000	0.000000	0.000000	0.000000	0.648383	2.321928	0.600000	0.200000	0.000000	0.000000	0	0.000000	0	0.648383	2.321928	0.600000	0.200000	0.000000	0.000000	0	0.000000	0	0	0.000000	0.648383	2.321928	0.600000	0.200000	0.000000	0.000000	0	none	0	none	0	none	none	max(insertion_type_count,local_deletion_type_count)
73|74	73	I	74	F	1.000000	0.200000	0.000000	0.721928	0.000000	0.000000	0.454889	1.921928	0.666667	0.200000	0.000000	0.000000	0	0.000000	0	0.454889	1.921928	0.666667	0.200000	0.000000	0.000000	0	0.000000	0	0	0.000000	0.454889	1.921928	0.666667	0.200000	0.000000	0.000000	0	none	0	none	0	none	none	max(insertion_type_count,local_deletion_type_count)
74|75	74	F	75	I	0.200000	0.200000	0.721928	1.370951	0.000000	0.000000	0.294728	1.370951	0.733333	0.200000	0.000000	0.000000	0	0.000000	0	0.294728	1.370951	0.733333	0.200000	0.000000	0.000000	0	0.000000	0	0	0.000000	0.294728	1.370951	0.733333	0.200000	0.000000	0.000000	0	none	0	none	0	none	none	max(insertion_type_count,local_deletion_type_count)
75|76	75	I	76	E	0.200000	1.000000	1.370951	0.000000	0.000000	0.000000	0.234567	1.370951	0.800000	0.200000	0.000000	0.000000	0	0.000000	0	0.234567	1.370951	0.800000	0.200000	0.000000	0.000000	0	0.000000	0	0	0.000000	0.234567	1.370951	0.800000	0.200000	0.000000	0.000000	0	none	0	none	0	none	none	max(insertion_type_count,local_deletion_type_count)
76|77	76	E	77	I	1.000000	1.000000	0.000000	0.000000	0.000000	0.000000	0.234567	1.370951	0.800000	0.200000	0.000000	0.000000	0	0.000000	0	0.234567	1.370951	0.800000	0.200000	0.000000	0.000000	0	0.000000	0	0	0.000000	0.234567	1.370951	0.800000	0.200000	0.000000	0.000000	0	none	0	none	0	none	none	max(insertion_type_count,local_deletion_type_count)
77|78	77	I	78	N	1.000000	0.200000	0.000000	0.721928	0.000000	0.000000	0.234567	1.370951	0.800000	0.200000	0.000000	0.000000	0	0.000000	0	0.234567	1.370951	0.800000	0.200000	0.000000	0.000000	0	0.000000	0	0	0.000000	0.234567	1.370951	0.800000	0.200000	0.000000	0.000000	0	none	0	none	0	none	none	max(insertion_type_count,local_deletion_type_count)
78|79	78	N	79	T	0.200000	1.000000	0.721928	0.000000	0.000000	0.000000	0.234567	1.370951	0.800000	0.200000	0.000000	0.000000	0	0.000000	0	0.234567	1.370951	0.800000	0.200000	0.000000	0.000000	0	0.000000	0	0	0.000000	0.234567	1.370951	0.800000	0.200000	0.000000	0.000000	0	none	0	none	0	none	none	max(insertion_type_count,local_deletion_type_count)
79|80	79	T	80	L	1.000000	1.000000	0.000000	0.000000	0.000000	0.000000	0.348813	1.370951	0.733333	0.200000	0.000000	0.000000	0	0.000000	0	0.348813	1.370951	0.733333	0.200000	0.000000	0.000000	0	0.000000	0	0	0.000000	0.348813	1.370951	0.733333	0.200000	0.000000	0.000000	0	none	0	none	0	none	none	max(insertion_type_count,local_deletion_type_count)
80|81	80	L	81	H	1.000000	1.000000	0.000000	0.000000	0.000000	0.000000	0.288652	1.370951	0.800000	0.200000	0.000000	0.000000	0	0.000000	0	0.288652	1.370951	0.800000	0.200000	0.000000	0.000000	0	0.000000	0	0	0.000000	0.288652	1.370951	0.800000	0.200000	0.000000	0.000000	0	none	0	none	0	none	none	max(insertion_type_count,local_deletion_type_count)
81|82	81	H	82	D	1.000000	1.000000	0.000000	0.000000	0.000000	0.000000	0.174407	1.370951	0.866667	0.200000	0.000000	0.000000	0	0.000000	0	0.174407	1.370951	0.866667	0.200000	0.000000	0.000000	0	0.000000	0	0	0.000000	0.174407	1.370951	0.866667	0.200000	0.000000	0.000000	0	none	0	none	0	none	none	max(insertion_type_count,local_deletion_type_count)
82|83	82	D	83	L	1.000000	1.000000	0.000000	0.000000	0.000000	0.000000	0.174407	1.370951	0.866667	0.200000	0.000000	0.000000	0	0.000000	0	0.174407	1.370951	0.866667	0.200000	0.000000	0.000000	0	0.000000	0	0	0.000000	0.174407	1.370951	0.866667	0.200000	0.000000	0.000000	0	none	0	none	0	none	none	max(insertion_type_count,local_deletion_type_count)
83|84	83	L	84	S	1.000000	1.000000	0.000000	0.000000	0.000000	0.000000	0.174407	1.370951	0.866667	0.200000	0.000000	0.000000	0	0.000000	0	0.174407	1.370951	0.866667	0.200000	0.000000	0.000000	0	0.000000	0	0	0.000000	0.174407	1.370951	0.866667	0.200000	0.000000	0.000000	0	none	0	none	0	none	none	max(insertion_type_count,local_deletion_type_count)
84|85	84	S	85	L	1.000000	0.200000	0.000000	1.370951	0.000000	0.000000	0.114246	1.370951	0.933333	0.200000	0.000000	0.000000	0	0.000000	0	0.114246	1.370951	0.933333	0.200000	0.000000	0.000000	0	0.000000	0	0	0.000000	0.114246	1.370951	0.933333	0.200000	0.000000	0.000000	0	none	0	none	0	none	none	max(insertion_type_count,local_deletion_type_count)
85|86	85	L	86	K	0.200000	1.000000	1.370951	0.000000	0.000000	0.000000	0.114246	1.370951	0.933333	0.200000	0.000000	0.000000	0	0.000000	0	0.114246	1.370951	0.933333	0.200000	0.000000	0.000000	0	0.000000	0	0	0.000000	0.114246	1.370951	0.933333	0.200000	0.000000	0.000000	0	none	0	none	0	none	none	max(insertion_type_count,local_deletion_type_count)
86|87	86	K	87	F	1.000000	1.000000	0.000000	0.000000	0.000000	0.000000	0.114246	1.370951	0.933333	0.200000	0.000000	0.000000	0	0.000000	0	0.114246	1.370951	0.933333	0.200000	0.000000	0.000000	0	0.000000	0	0	0.000000	0.114246	1.370951	0.933333	0.200000	0.000000	0.000000	0	none	0	none	0	none	none	max(insertion_type_count,local_deletion_type_count)
87|88	87	F	88	L	1.000000	1.000000	0.000000	0.000000	0.000000	0.000000	0.195159	1.370951	0.900000	0.200000	0.000000	0.000000	0	0.000000	0	0.195159	1.370951	0.900000	0.200000	0.000000	0.000000	0	0.000000	0	0	0.000000	0.195159	1.370951	0.900000	0.200000	0.000000	0.000000	0	none	0	none	0	none	none	max(insertion_type_count,local_deletion_type_count)
88|89	88	L	89	P	1.000000	1.000000	0.000000	0.000000	0.000000	0.000000	0.195159	1.370951	0.900000	0.200000	0.000000	0.000000	0	0.000000	0	0.195159	1.370951	0.900000	0.200000	0.000000	0.000000	0	0.000000	0	0	0.000000	0.195159	1.370951	0.900000	0.200000	0.000000	0.000000	0	none	0	none	0	none	none	max(insertion_type_count,local_deletion_type_count)
89|90	89	P	90	L	1.000000	1.000000	0.000000	0.000000	0.000000	0.000000	0.195159	1.370951	0.900000	0.200000	0.000000	0.000000	0	0.000000	0	0.195159	1.370951	0.900000	0.200000	0.000000	0.000000	0	0.000000	0	0	0.000000	0.195159	1.370951	0.900000	0.200000	0.000000	0.000000	0	none	0	none	0	none	none	max(insertion_type_count,local_deletion_type_count)
90|91	90	L	91	Y	1.000000	1.000000	0.000000	0.000000	0.000000	0.000000	0.255319	1.370951	0.833333	0.200000	0.000000	0.000000	0	0.000000	0	0.255319	1.370951	0.833333	0.200000	0.000000	0.000000	0	0.000000	0	0	0.000000	0.255319	1.370951	0.833333	0.200000	0.000000	0.000000	0	none	0	none	0	none	none	max(insertion_type_count,local_deletion_type_count)
91|92	91	Y	92	A	1.000000	1.000000	0.000000	0.000000	0.000000	0.000000	0.141073	0.970951	0.900000	0.200000	0.000000	0.000000	0	0.000000	0	0.141073	0.970951	0.900000	0.200000	0.000000	0.000000	0	0.000000	0	0	0.000000	0.141073	0.970951	0.900000	0.200000	0.000000	0.000000	0	none	0	none	0	none	none	max(insertion_type_count,local_deletion_type_count)
92|93	92	A	93	S	1.000000	0.600000	0.000000	0.970951	0.000000	0.000000	0.141073	0.970951	0.900000	0.200000	0.000000	0.000000	0	0.000000	0	0.141073	0.970951	0.900000	0.200000	0.000000	0.000000	0	0.000000	0	0	0.000000	0.141073	0.970951	0.900000	0.200000	0.000000	0.000000	0	none	0	none	0	none	none	max(insertion_type_count,local_deletion_type_count)
93|94	93	S	94	E	0.600000	1.000000	0.970951	0.000000	0.000000	0.000000	0.141073	0.970951	0.900000	0.200000	0.000000	0.000000	0	0.000000	0	0.141073	0.970951	0.900000	0.200000	0.000000	0.000000	0	0.000000	0	0	0.000000	0.141073	0.970951	0.900000	0.200000	0.000000	0.000000	0	none	0	none	0	none	none	max(insertion_type_count,local_deletion_type_count)
94|95	94	E	95	A	1.000000	1.000000	0.000000	0.000000	0.000000	0.000000	0.255319	1.370951	0.833333	0.200000	0.000000	0.000000	0	0.000000	0	0.255319	1.370951	0.833333	0.200000	0.000000	0.000000	0	0.000000	0	0	0.000000	0.255319	1.370951	0.833333	0.200000	0.000000	0.000000	0	none	0	none	0	none	none	max(insertion_type_count,local_deletion_type_count)
95|96	95	A	96	R	1.000000	0.200000	0.000000	0.721928	0.000000	0.000000	0.255319	1.370951	0.833333	0.200000	0.000000	0.000000	0	0.000000	0	0.255319	1.370951	0.833333	0.200000	0.000000	0.000000	0	0.000000	0	0	0.000000	0.255319	1.370951	0.833333	0.200000	0.000000	0.000000	0	none	0	none	0	none	none	max(insertion_type_count,local_deletion_type_count)
96|97	96	R	97	R	0.200000	1.000000	0.721928	0.000000	0.000000	0.000000	0.255319	1.370951	0.833333	0.200000	0.000000	0.000000	0	0.000000	0	0.255319	1.370951	0.833333	0.200000	0.000000	0.000000	0	0.000000	0	0	0.000000	0.255319	1.370951	0.833333	0.200000	0.000000	0.000000	0	none	0	none	0	none	none	max(insertion_type_count,local_deletion_type_count)
97|98	97	R	98	I	1.000000	1.000000	0.000000	0.000000	0.000000	0.000000	0.382147	1.521928	0.783333	0.200000	0.000000	0.000000	0	0.000000	0	0.382147	1.521928	0.783333	0.200000	0.000000	0.000000	0	0.000000	0	0	0.000000	0.382147	1.521928	0.783333	0.200000	0.000000	0.000000	0	none	0	none	0	none	none	max(insertion_type_count,local_deletion_type_count)
98|99	98	I	99	K	1.000000	1.000000	0.000000	0.000000	0.000000	0.000000	0.382147	1.521928	0.783333	0.200000	0.000000	0.000000	0	0.000000	0	0.382147	1.521928	0.783333	0.200000	0.000000	0.000000	0	0.000000	0	0	0.000000	0.382147	1.521928	0.783333	0.200000	0.000000	0.000000	0	none	0	none	0	none	none	max(insertion_type_count,local_deletion_type_count)
99|100	99	K	100	N	1.000000	0.200000	0.000000	1.370951	0.000000	0.000000	0.301234	1.521928	0.816667	0.200000	0.000000	0.000000	0	0.000000	0	0.301234	1.521928	0.816667	0.200000	0.000000	0.000000	0	0.000000	0	0	0.000000	0.301234	1.521928	0.816667	0.200000	0.000000	0.000000	0	none	0	none	0	none	none	max(insertion_type_count,local_deletion_type_count)
100|101	100	N	101	L	0.200000	1.000000	1.370951	0.000000	0.000000	0.000000	0.415480	1.521928	0.783333	0.200000	0.000000	0.000000	0	0.000000	0	0.415480	1.521928	0.783333	0.200000	0.000000	0.000000	0	0.000000	0	0	0.000000	0.415480	1.521928	0.783333	0.200000	0.000000	0.000000	0	none	0	none	0	none	none	max(insertion_type_count,local_deletion_type_count)
101|102	101	L	102	Y	1.000000	1.000000	0.000000	0.000000	0.000000	0.000000	0.415480	1.521928	0.783333	0.200000	0.000000	0.000000	0	0.000000	0	0.415480	1.521928	0.783333	0.200000	0.000000	0.000000	0	0.000000	0	0	0.000000	0.415480	1.521928	0.783333	0.200000	0.000000	0.000000	0	none	0	none	0	none	none	max(insertion_type_count,local_deletion_type_count)
102|103	102	Y	103	I	1.000000	0.400000	0.000000	1.521928	0.000000	0.000000	0.415480	1.521928	0.783333	0.200000	0.000000	0.000000	0	0.000000	0	0.415480	1.521928	0.783333	0.200000	0.000000	0.000000	0	0.000000	0	0	0.000000	0.415480	1.521928	0.783333	0.200000	0.000000	0.000000	0	none	0	none	0	none	none	max(insertion_type_count,local_deletion_type_count)
103|104	103	I	104	K	0.400000	1.000000	1.521928	0.000000	0.000000	0.000000	0.415480	1.521928	0.783333	0.200000	0.000000	0.000000	0	0.000000	0	0.415480	1.521928	0.783333	0.200000	0.000000	0.000000	0	0.000000	0	0	0.000000	0.415480	1.521928	0.783333	0.200000	0.000000	0.000000	0	none	0	none	0	none	none	max(insertion_type_count,local_deletion_type_count)
104|105	104	K	105	C	1.000000	1.000000	0.000000	0.000000	0.000000	0.000000	0.415480	1.521928	0.783333	0.200000	0.000000	0.000000	0	0.000000	0	0.415480	1.521928	0.783333	0.200000	0.000000	0.000000	0	0.000000	0	0	0.000000	0.415480	1.521928	0.783333	0.200000	0.000000	0.000000	0	none	0	none	0	none	none	max(insertion_type_count,local_deletion_type_count)
105|106	105	C	106	S	1.000000	0.600000	0.000000	1.370951	0.000000	0.000000	0.475640	1.521928	0.716667	0.200000	0.000000	0.000000	0	0.000000	0	0.475640	1.521928	0.716667	0.200000	0.000000	0.000000	0	0.000000	0	0	0.000000	0.475640	1.521928	0.716667	0.200000	0.000000	0.000000	0	none	0	none	0	none	none	max(insertion_type_count,local_deletion_type_count)
106|107	106	S	107	N	0.600000	1.000000	1.370951	0.000000	0.000000	0.000000	0.488222	1.521928	0.716667	0.200000	0.000000	0.000000	0	0.000000	0	0.488222	1.521928	0.716667	0.200000	0.000000	0.000000	0	0.000000	0	0	0.000000	0.488222	1.521928	0.716667	0.200000	0.000000	0.000000	0	none	0	none	0	none	none	max(insertion_type_count,local_deletion_type_count)
107|108	107	N	108	V	1.000000	0.200000	0.000000	0.721928	0.000000	0.000000	0.488222	1.521928	0.716667	0.200000	0.000000	0.000000	0	0.000000	0	0.488222	1.521928	0.716667	0.200000	0.000000	0.000000	0	0.000000	0	0	0.000000	0.488222	1.521928	0.716667	0.200000	0.000000	0.000000	0	none	0	none	0	none	none	max(insertion_type_count,local_deletion_type_count)
108|109	108	V	109	I	0.200000	1.000000	0.721928	0.000000	0.000000	0.000000	0.488222	1.521928	0.716667	0.200000	0.000000	0.000000	0	0.000000	0	0.488222	1.521928	0.716667	0.200000	0.000000	0.000000	0	0.000000	0	0	0.000000	0.488222	1.521928	0.716667	0.200000	0.000000	0.000000	0	none	0	none	0	none	none	max(insertion_type_count,local_deletion_type_count)
109|110	109	I	110	K	1.000000	1.000000	0.000000	0.000000	0.000000	0.000000	0.475640	1.521928	0.700000	0.200000	0.000000	0.000000	0	0.000000	0	0.475640	1.521928	0.700000	0.200000	0.000000	0.000000	0	0.000000	0	0	0.000000	0.475640	1.521928	0.700000	0.200000	0.000000	0.000000	0	none	0	none	0	none	none	max(insertion_type_count,local_deletion_type_count)
110|111	110	K	111	G	1.000000	0.200000	0.000000	0.721928	0.000000	0.000000	0.475640	1.521928	0.700000	0.200000	0.000000	0.000000	0	0.000000	0	0.475640	1.521928	0.700000	0.200000	0.000000	0.000000	0	0.000000	0	0	0.000000	0.475640	1.521928	0.700000	0.200000	0.000000	0.000000	0	none	0	none	0	none	none	max(insertion_type_count,local_deletion_type_count)
111|112	111	G	112	G	0.200000	0.200000	0.721928	1.521928	0.000000	0.000000	0.475640	1.521928	0.700000	0.200000	0.000000	0.000000	0	0.000000	0	0.475640	1.521928	0.700000	0.200000	0.000000	0.000000	0	0.000000	0	0	0.000000	0.475640	1.521928	0.700000	0.200000	0.000000	0.000000	0	none	0	none	0	none	none	max(insertion_type_count,local_deletion_type_count)
112|113	112	G	113	K	0.200000	1.000000	1.521928	0.000000	0.000000	0.000000	0.361395	1.521928	0.733333	0.200000	0.000000	0.000000	0	0.000000	0	0.361395	1.521928	0.733333	0.200000	0.000000	0.000000	0	0.000000	0	0	0.000000	0.361395	1.521928	0.733333	0.200000	0.000000	0.000000	0	none	0	none	0	none	none	max(insertion_type_count,local_deletion_type_count)
113|114	113	K	114	R	1.000000	1.000000	0.000000	0.000000	0.000000	0.000000	0.361395	1.521928	0.733333	0.200000	0.000000	0.000000	0	0.000000	0	0.361395	1.521928	0.733333	0.200000	0.000000	0.000000	0	0.000000	0	0	0.000000	0.361395	1.521928	0.733333	0.200000	0.000000	0.000000	0	none	0	none	0	none	none	max(insertion_type_count,local_deletion_type_count)
114|115	114	R	115	N	1.000000	0.200000	0.000000	1.370951	0.000000	0.000000	0.361395	1.521928	0.783333	0.200000	0.000000	0.000000	0	0.000000	0	0.361395	1.521928	0.783333	0.200000	0.000000	0.000000	0	0.000000	0	0	0.000000	0.361395	1.521928	0.783333	0.200000	0.000000	0.000000	0	none	0	none	0	none	none	max(insertion_type_count,local_deletion_type_count)
115|116	115	N	116	E	0.200000	1.000000	1.370951	0.000000	0.000000	0.000000	0.475640	1.521928	0.716667	0.200000	0.000000	0.000000	0	0.000000	0	0.475640	1.521928	0.716667	0.200000	0.000000	0.000000	0	0.000000	0	0	0.000000	0.475640	1.521928	0.716667	0.200000	0.000000	0.000000	0	none	0	none	0	none	none	max(insertion_type_count,local_deletion_type_count)
116|117	116	E	117	P	1.000000	1.000000	0.000000	0.000000	0.000000	0.000000	0.475640	1.521928	0.716667	0.200000	0.000000	0.000000	0	0.000000	0	0.475640	1.521928	0.716667	0.200000	0.000000	0.000000	0	0.000000	0	0	0.000000	0.475640	1.521928	0.716667	0.200000	0.000000	0.000000	0	none	0	none	0	none	none	max(insertion_type_count,local_deletion_type_count)
117|118	117	P	118	V	1.000000	1.000000	0.000000	0.000000	0.000000	0.000000	0.415480	1.521928	0.783333	0.200000	0.000000	0.000000	0	0.000000	0	0.415480	1.521928	0.783333	0.200000	0.000000	0.000000	0	0.000000	0	0	0.000000	0.415480	1.521928	0.783333	0.200000	0.000000	0.000000	0	none	0	none	0	none	none	max(insertion_type_count,local_deletion_type_count)
118|119	118	V	119	A	1.000000	1.000000	0.000000	0.000000	0.000000	0.000000	0.288652	1.370951	0.850000	0.200000	0.000000	0.000000	0	0.000000	0	0.288652	1.370951	0.850000	0.200000	0.000000	0.000000	0	0.000000	0	0	0.000000	0.288652	1.370951	0.850000	0.200000	0.000000	0.000000	0	none	0	none	0	none	none	max(insertion_type_count,local_deletion_type_count)
119|120	119	A	120	V	1.000000	0.800000	0.000000	0.721928	0.000000	0.000000	0.348813	1.370951	0.783333	0.200000	0.000000	0.000000	0	0.000000	0	0.348813	1.370951	0.783333	0.200000	0.000000	0.000000	0	0.000000	0	0	0.000000	0.348813	1.370951	0.783333	0.200000	0.000000	0.000000	0	none	0	none	0	none	none	max(insertion_type_count,local_deletion_type_count)
120|121	120	V	121	L	0.800000	0.200000	0.721928	1.370951	0.000000	0.000000	0.348813	1.370951	0.783333	0.200000	0.000000	0.000000	0	0.000000	0	0.348813	1.370951	0.783333	0.200000	0.000000	0.000000	0	0.000000	0	0	0.000000	0.348813	1.370951	0.783333	0.200000	0.000000	0.000000	0	none	0	none	0	none	none	max(insertion_type_count,local_deletion_type_count)
121|122	121	L	122	I	0.200000	1.000000	1.370951	0.000000	0.000000	0.000000	0.234567	1.370951	0.850000	0.200000	0.000000	0.000000	0	0.000000	0	0.234567	1.370951	0.850000	0.200000	0.000000	0.000000	0	0.000000	0	0	0.000000	0.234567	1.370951	0.850000	0.200000	0.000000	0.000000	0	none	0	none	0	none	none	max(insertion_type_count,local_deletion_type_count)
122|123	122	I	123	H	1.000000	1.000000	0.000000	0.000000	0.000000	0.000000	0.294728	1.370951	0.833333	0.200000	0.000000	0.000000	0	0.000000	0	0.294728	1.370951	0.833333	0.200000	0.000000	0.000000	0	0.000000	0	0	0.000000	0.294728	1.370951	0.833333	0.200000	0.000000	0.000000	0	none	0	none	0	none	none	max(insertion_type_count,local_deletion_type_count)
123|124	123	H	124	G	1.000000	1.000000	0.000000	0.000000	0.000000	0.000000	0.294728	1.370951	0.833333	0.200000	0.000000	0.000000	0	0.000000	0	0.294728	1.370951	0.833333	0.200000	0.000000	0.000000	0	0.000000	0	0	0.000000	0.294728	1.370951	0.833333	0.200000	0.000000	0.000000	0	none	0	none	0	none	none	max(insertion_type_count,local_deletion_type_count)
124|125	124	G	125	S	1.000000	0.200000	0.000000	0.721928	0.000000	0.000000	0.294728	1.370951	0.833333	0.200000	0.000000	0.000000	0	0.000000	0	0.294728	1.370951	0.833333	0.200000	0.000000	0.000000	0	0.000000	0	0	0.000000	0.294728	1.370951	0.833333	0.200000	0.000000	0.000000	0	none	0	none	0	none	none	max(insertion_type_count,local_deletion_type_count)
125|126	125	S	126	P	0.200000	1.000000	0.721928	0.000000	0.000000	0.000000	0.294728	1.370951	0.833333	0.200000	0.000000	0.000000	0	0.000000	0	0.294728	1.370951	0.833333	0.200000	0.000000	0.000000	0	0.000000	0	0	0.000000	0.294728	1.370951	0.833333	0.200000	0.000000	0.000000	0	none	0	none	0	none	none	max(insertion_type_count,local_deletion_type_count)
126|127	126	P	127	G	1.000000	1.000000	0.000000	0.000000	0.000000	0.000000	0.294728	1.370951	0.783333	0.200000	0.000000	0.000000	0	0.000000	0	0.294728	1.370951	0.783333	0.200000	0.000000	0.000000	0	0.000000	0	0	0.000000	0.294728	1.370951	0.783333	0.200000	0.000000	0.000000	0	none	0	none	0	none	none	max(insertion_type_count,local_deletion_type_count)
127|128	127	G	128	T	1.000000	0.800000	0.000000	0.721928	0.000000	0.000000	0.240643	0.721928	0.783333	0.200000	0.000000	0.000000	0	0.000000	0	0.240643	0.721928	0.783333	0.200000	0.000000	0.000000	0	0.000000	0	0	0.000000	0.240643	0.721928	0.783333	0.200000	0.000000	0.000000	0	none	0	none	0	none	none	max(insertion_type_count,local_deletion_type_count)
128|129	128	T	129	G	0.800000	1.000000	0.721928	0.000000	0.000000	0.000000	0.240643	0.721928	0.783333	0.200000	0.000000	0.000000	0	0.000000	0	0.240643	0.721928	0.783333	0.200000	0.000000	0.000000	0	0.000000	0	0	0.000000	0.240643	0.721928	0.783333	0.200000	0.000000	0.000000	0	none	0	none	0	none	none	max(insertion_type_count,local_deletion_type_count)
129|130	129	G	130	K	1.000000	1.000000	0.000000	0.000000	0.000000	0.000000	0.321555	0.970951	0.733333	0.200000	0.000000	0.000000	0	0.000000	0	0.321555	0.970951	0.733333	0.200000	0.000000	0.000000	0	0.000000	0	0	0.000000	0.321555	0.970951	0.733333	0.200000	0.000000	0.000000	0	none	0	none	0	none	none	max(insertion_type_count,local_deletion_type_count)
130|131	130	K	131	S	1.000000	1.000000	0.000000	0.000000	0.000000	0.000000	0.381716	0.970951	0.666667	0.200000	0.000000	0.000000	0	0.000000	0	0.381716	0.970951	0.666667	0.200000	0.000000	0.000000	0	0.000000	0	0	0.000000	0.381716	0.970951	0.666667	0.200000	0.000000	0.000000	0	none	0	none	0	none	none	max(insertion_type_count,local_deletion_type_count)
131|132	131	S	132	L	1.000000	0.200000	0.000000	0.721928	0.000000	0.000000	0.321555	0.970951	0.733333	0.200000	0.000000	0.000000	0	0.000000	0	0.321555	0.970951	0.733333	0.200000	0.000000	0.000000	0	0.000000	0	0	0.000000	0.321555	0.970951	0.733333	0.200000	0.000000	0.000000	0	none	0	none	0	none	none	max(insertion_type_count,local_deletion_type_count)
132|133	132	L	133	A	0.200000	0.200000	0.721928	0.721928	0.000000	0.000000	0.321555	0.970951	0.733333	0.200000	0.000000	0.000000	0	0.000000	0	0.321555	0.970951	0.733333	0.200000	0.000000	0.000000	0	0.000000	0	0	0.000000	0.321555	0.970951	0.733333	0.200000	0.000000	0.000000	0	none	0	none	0	none	none	max(insertion_type_count,local_deletion_type_count)
133|134	133	A	134	T	0.200000	1.000000	0.721928	0.000000	0.000000	0.000000	0.381716	0.970951	0.716667	0.200000	0.000000	0.000000	0	0.000000	0	0.381716	0.970951	0.716667	0.200000	0.000000	0.000000	0	0.000000	0	0	0.000000	0.381716	0.970951	0.716667	0.200000	0.000000	0.000000	0	none	0	none	0	none	none	max(insertion_type_count,local_deletion_type_count)
134|135	134	T	135	S	1.000000	0.400000	0.000000	0.970951	0.000000	0.000000	0.321555	0.970951	0.733333	0.200000	0.000000	0.000000	0	0.000000	0	0.321555	0.970951	0.733333	0.200000	0.000000	0.000000	0	0.000000	0	0	0.000000	0.321555	0.970951	0.733333	0.200000	0.000000	0.000000	0	none	0	none	0	none	none	max(insertion_type_count,local_deletion_type_count)
135|136	135	S	136	V	0.400000	0.200000	0.970951	0.721928	0.000000	0.000000	0.381716	0.970951	0.666667	0.200000	0.000000	0.000000	0	0.000000	0	0.381716	0.970951	0.666667	0.200000	0.000000	0.000000	0	0.000000	0	0	0.000000	0.381716	0.970951	0.666667	0.200000	0.000000	0.000000	0	none	0	none	0	none	none	max(insertion_type_count,local_deletion_type_count)
136|137	136	V	137	L	0.200000	1.000000	0.721928	0.000000	0.000000	0.000000	0.381716	0.970951	0.666667	0.200000	0.000000	0.000000	0	0.000000	0	0.381716	0.970951	0.666667	0.200000	0.000000	0.000000	0	0.000000	0	0	0.000000	0.381716	0.970951	0.666667	0.200000	0.000000	0.000000	0	none	0	none	0	none	none	max(insertion_type_count,local_deletion_type_count)
137|138	137	L	138	A	1.000000	1.000000	0.000000	0.000000	0.000000	0.000000	0.441877	0.970951	0.600000	0.200000	0.000000	0.000000	0	0.000000	0	0.441877	0.970951	0.600000	0.200000	0.000000	0.000000	0	0.000000	0	0	0.000000	0.441877	0.970951	0.600000	0.200000	0.000000	0.000000	0	none	0	none	0	none	none	max(insertion_type_count,local_deletion_type_count)
138|139	138	A	139	R	1.000000	0.800000	0.000000	0.721928	0.000000	0.000000	0.441877	0.970951	0.650000	0.200000	0.000000	0.000000	0	0.000000	0	0.441877	0.970951	0.650000	0.200000	0.000000	0.000000	0	0.000000	0	0	0.000000	0.441877	0.970951	0.650000	0.200000	0.000000	0.000000	0	none	0	none	0	none	none	max(insertion_type_count,local_deletion_type_count)
139|140	139	R	140	M	0.800000	1.000000	0.721928	0.000000	0.000000	0.000000	0.441877	0.970951	0.650000	0.200000	0.000000	0.000000	0	0.000000	0	0.441877	0.970951	0.650000	0.200000	0.000000	0.000000	0	0.000000	0	0	0.000000	0.441877	0.970951	0.650000	0.200000	0.000000	0.000000	0	none	0	none	0	none	none	max(insertion_type_count,local_deletion_type_count)
140|141	140	M	141	L	1.000000	0.200000	0.000000	0.721928	0.000000	0.000000	0.441877	0.970951	0.650000	0.200000	0.000000	0.000000	0	0.000000	0	0.441877	0.970951	0.650000	0.200000	0.000000	0.000000	0	0.000000	0	0	0.000000	0.441877	0.970951	0.650000	0.200000	0.000000	0.000000	0	none	0	none	0	none	none	max(insertion_type_count,local_deletion_type_count)
141|142	141	L	142	T	0.200000	1.000000	0.721928	0.000000	0.000000	0.000000	0.441877	0.970951	0.666667	0.200000	0.000000	0.000000	0	0.000000	0	0.441877	0.970951	0.666667	0.200000	0.000000	0.000000	0	0.000000	0	0	0.000000	0.441877	0.970951	0.666667	0.200000	0.000000	0.000000	0	none	0	none	0	none	none	max(insertion_type_count,local_deletion_type_count)
142|143	142	T	143	V	1.000000	0.200000	0.000000	0.721928	0.000000	0.000000	0.381716	0.970951	0.733333	0.200000	0.000000	0.000000	0	0.000000	0	0.381716	0.970951	0.733333	0.200000	0.000000	0.000000	0	0.000000	0	0	0.000000	0.381716	0.970951	0.733333	0.200000	0.000000	0.000000	0	none	0	none	0	none	none	max(insertion_type_count,local_deletion_type_count)
143|144	143	V	144	E	0.200000	0.800000	0.721928	0.721928	0.000000	0.000000	0.381716	0.970951	0.733333	0.200000	0.000000	0.000000	0	0.000000	0	0.381716	0.970951	0.733333	0.200000	0.000000	0.000000	0	0.000000	0	0	0.000000	0.381716	0.970951	0.733333	0.200000	0.000000	0.000000	0	none	0	none	0	none	none	max(insertion_type_count,local_deletion_type_count)
144|145	144	E	145	T	0.800000	0.200000	0.721928	0.721928	0.000000	0.000000	0.381716	0.970951	0.733333	0.200000	0.000000	0.000000	0	0.000000	0	0.381716	0.970951	0.733333	0.200000	0.000000	0.000000	0	0.000000	0	0	0.000000	0.381716	0.970951	0.733333	0.200000	0.000000	0.000000	0	none	0	none	0	none	none	max(insertion_type_count,local_deletion_type_count)
145|146	145	T	146	D	0.200000	1.000000	0.721928	0.000000	0.000000	0.000000	0.321555	0.970951	0.750000	0.200000	0.000000	0.000000	0	0.000000	0	0.321555	0.970951	0.750000	0.200000	0.000000	0.000000	0	0.000000	0	0	0.000000	0.321555	0.970951	0.750000	0.200000	0.000000	0.000000	0	none	0	none	0	none	none	max(insertion_type_count,local_deletion_type_count)
146|147	146	D	147	I	1.000000	0.600000	0.000000	0.970951	0.000000	0.000000	0.321555	0.970951	0.750000	0.200000	0.000000	0.000000	0	0.000000	0	0.321555	0.970951	0.750000	0.200000	0.000000	0.000000	0	0.000000	0	0	0.000000	0.321555	0.970951	0.750000	0.200000	0.000000	0.000000	0	none	0	none	0	none	none	max(insertion_type_count,local_deletion_type_count)
147|148	147	I	148	Y	0.600000	1.000000	0.970951	0.000000	0.000000	0.000000	0.261395	0.970951	0.816667	0.200000	0.000000	0.000000	0	0.000000	0	0.261395	0.970951	0.816667	0.200000	0.000000	0.000000	0	0.000000	0	0	0.000000	0.261395	0.970951	0.816667	0.200000	0.000000	0.000000	0	none	0	none	0	none	none	max(insertion_type_count,local_deletion_type_count)
148|149	148	Y	149	S	1.000000	1.000000	0.000000	0.000000	0.000000	0.000000	0.261395	0.970951	0.816667	0.200000	0.000000	0.000000	0	0.000000	0	0.261395	0.970951	0.816667	0.200000	0.000000	0.000000	0	0.000000	0	0	0.000000	0.261395	0.970951	0.816667	0.200000	0.000000	0.000000	0	none	0	none	0	none	none	max(insertion_type_count,local_deletion_type_count)
149|150	149	S	150	L	1.000000	1.000000	0.000000	0.000000	0.000000	0.000000	0.201234	0.970951	0.883333	0.200000	0.000000	0.000000	0	0.000000	0	0.201234	0.970951	0.883333	0.200000	0.000000	0.000000	0	0.000000	0	0	0.000000	0.201234	0.970951	0.883333	0.200000	0.000000	0.000000	0	none	0	none	0	none	none	max(insertion_type_count,local_deletion_type_count)
150|151	150	L	151	P	1.000000	1.000000	0.000000	0.000000	0.000000	0.000000	0.141073	0.970951	0.900000	0.200000	0.000000	0.000000	0	0.000000	0	0.141073	0.970951	0.900000	0.200000	0.000000	0.000000	0	0.000000	0	0	0.000000	0.141073	0.970951	0.900000	0.200000	0.000000	0.000000	0	none	0	none	0	none	none	max(insertion_type_count,local_deletion_type_count)
151|152	151	P	152	P	1.000000	1.000000	0.000000	0.000000	0.000000	0.000000	0.080913	0.970951	0.966667	0.600000	0.000000	0.000000	0	0.000000	0	0.080913	0.970951	0.966667	0.600000	0.000000	0.000000	0	0.000000	0	0	0.000000	0.080913	0.970951	0.966667	0.600000	0.000000	0.000000	0	none	0	none	0	none	none	max(insertion_type_count,local_deletion_type_count)
152|153	152	P	153	D	1.000000	1.000000	0.000000	0.000000	0.000000	0.000000	0.080913	0.970951	0.966667	0.600000	0.000000	0.000000	0	0.000000	0	0.080913	0.970951	0.966667	0.600000	0.000000	0.000000	0	0.000000	0	0	0.000000	0.080913	0.970951	0.966667	0.600000	0.000000	0.000000	0	none	0	none	0	none	none	max(insertion_type_count,local_deletion_type_count)
153|154	153	D	154	P	1.000000	1.000000	0.000000	0.000000	0.000000	0.000000	0.000000	0.000000	1.000000	1.000000	0.000000	0.000000	0	0.000000	0	0.000000	0.000000	1.000000	1.000000	0.000000	0.000000	0	0.000000	0	0	0.000000	0.000000	0.000000	1.000000	1.000000	0.000000	0.000000	0	none	0	none	0	none	none	max(insertion_type_count,local_deletion_type_count)
154|155	154	P	155	K	1.000000	1.000000	0.000000	0.000000	0.000000	0.000000	0.000000	0.000000	1.000000	1.000000	0.000000	0.000000	0	0.000000	0	0.000000	0.000000	1.000000	1.000000	0.000000	0.000000	0	0.000000	0	0	0.000000	0.000000	0.000000	1.000000	1.000000	0.000000	0.000000	0	none	0	none	0	none	none	max(insertion_type_count,local_deletion_type_count)
155|156	155	K	156	Y	1.000000	1.000000	0.000000	0.000000	0.000000	0.000000	0.000000	0.000000	1.000000	1.000000	0.000000	0.000000	0	0.000000	0	0.000000	0.000000	1.000000	1.000000	0.000000	0.000000	0	0.000000	0	0	0.000000	0.000000	0.000000	1.000000	1.000000	0.000000	0.000000	0	none	0	none	0	none	none	max(insertion_type_count,local_deletion_type_count)
156|157	156	Y	157	F	1.000000	1.000000	0.000000	0.000000	0.000000	0.000000	0.080913	0.970951	0.950000	0.400000	0.000000	0.000000	0	0.000000	0	0.080913	0.970951	0.950000	0.400000	0.000000	0.000000	0	0.000000	0	0	0.000000	0.080913	0.970951	0.950000	0.400000	0.000000	0.000000	0	none	0	none	0	none	none	max(insertion_type_count,local_deletion_type_count)
157|158	157	F	158	D	1.000000	1.000000	0.000000	0.000000	0.000000	0.000000	0.080913	0.970951	0.950000	0.400000	0.000000	0.000000	0	0.000000	0	0.080913	0.970951	0.950000	0.400000	0.000000	0.000000	0	0.000000	0	0	0.000000	0.080913	0.970951	0.950000	0.400000	0.000000	0.000000	0	none	0	none	0	none	none	max(insertion_type_count,local_deletion_type_count)
158|159	158	D	159	G	1.000000	1.000000	0.000000	0.000000	0.000000	0.000000	0.080913	0.970951	0.950000	0.400000	0.000000	0.000000	0	0.000000	0	0.080913	0.970951	0.950000	0.400000	0.000000	0.000000	0	0.000000	0	0	0.000000	0.080913	0.970951	0.950000	0.400000	0.000000	0.000000	0	none	0	none	0	none	none	max(insertion_type_count,local_deletion_type_count)
159|160	159	G	160	Y	1.000000	1.000000	0.000000	0.000000	0.000000	0.000000	0.080913	0.970951	0.950000	0.400000	0.000000	0.000000	0	0.000000	0	0.080913	0.970951	0.950000	0.400000	0.000000	0.000000	0	0.000000	0	0	0.000000	0.080913	0.970951	0.950000	0.400000	0.000000	0.000000	0	none	0	none	0	none	none	max(insertion_type_count,local_deletion_type_count)
160|161	160	Y	161	D	1.000000	1.000000	0.000000	0.000000	0.000000	0.000000	0.080913	0.970951	0.950000	0.400000	0.000000	0.000000	0	0.000000	0	0.080913	0.970951	0.950000	0.400000	0.000000	0.000000	0	0.000000	0	0	0.000000	0.080913	0.970951	0.950000	0.400000	0.000000	0.000000	0	none	0	none	0	none	none	max(insertion_type_count,local_deletion_type_count)
161|162	161	D	162	Q	1.000000	0.400000	0.000000	0.970951	0.000000	0.000000	0.080913	0.970951	0.950000	0.400000	0.000000	0.000000	0	0.000000	0	0.080913	0.970951	0.950000	0.400000	0.000000	0.000000	0	0.000000	0	0	0.000000	0.080913	0.970951	0.950000	0.400000	0.000000	0.000000	0	none	0	none	0	none	none	max(insertion_type_count,local_deletion_type_count)
162|163	162	Q	163	Q	0.400000	1.000000	0.970951	0.000000	0.000000	0.000000	0.080913	0.970951	0.950000	0.400000	0.000000	0.000000	0	0.000000	0	0.080913	0.970951	0.950000	0.400000	0.000000	0.000000	0	0.000000	0	0	0.000000	0.080913	0.970951	0.950000	0.400000	0.000000	0.000000	0	none	0	none	0	none	none	max(insertion_type_count,local_deletion_type_count)
163|164	163	Q	164	S	1.000000	1.000000	0.000000	0.000000	0.000000	0.000000	0.080913	0.970951	0.950000	0.400000	0.000000	0.000000	0	0.000000	0	0.080913	0.970951	0.950000	0.400000	0.000000	0.000000	0	0.000000	0	0	0.000000	0.080913	0.970951	0.950000	0.400000	0.000000	0.000000	0	none	0	none	0	none	none	max(insertion_type_count,local_deletion_type_count)
164|165	164	S	165	V	1.000000	1.000000	0.000000	0.000000	0.000000	0.000000	0.080913	0.970951	0.950000	0.400000	0.000000	0.000000	0	0.000000	0	0.080913	0.970951	0.950000	0.400000	0.000000	0.000000	0	0.000000	0	0	0.000000	0.080913	0.970951	0.950000	0.400000	0.000000	0.000000	0	none	0	none	0	none	none	max(insertion_type_count,local_deletion_type_count)
165|166	165	V	166	V	1.000000	1.000000	0.000000	0.000000	0.000000	0.000000	0.080913	0.970951	0.950000	0.400000	0.000000	0.000000	0	0.000000	0	0.080913	0.970951	0.950000	0.400000	0.000000	0.000000	0	0.000000	0	0	0.000000	0.080913	0.970951	0.950000	0.400000	0.000000	0.000000	0	none	0	none	0	none	none	max(insertion_type_count,local_deletion_type_count)
166|167	166	V	167	I	1.000000	1.000000	0.000000	0.000000	0.000000	0.000000	0.080913	0.970951	0.950000	0.400000	0.000000	0.000000	0	0.000000	0	0.080913	0.970951	0.950000	0.400000	0.000000	0.000000	0	0.000000	0	0	0.000000	0.080913	0.970951	0.950000	0.400000	0.000000	0.000000	0	none	0	none	0	none	none	max(insertion_type_count,local_deletion_type_count)
167|168	167	I	168	M	1.000000	1.000000	0.000000	0.000000	0.000000	0.000000	0.080913	0.970951	0.950000	0.400000	0.000000	0.000000	0	0.000000	0	0.080913	0.970951	0.950000	0.400000	0.000000	0.000000	0	0.000000	0	0	0.000000	0.080913	0.970951	0.950000	0.400000	0.000000	0.000000	0	none	0	none	0	none	none	max(insertion_type_count,local_deletion_type_count)
168|169	168	M	169	D	1.000000	1.000000	0.000000	0.000000	0.000000	0.000000	0.000000	0.000000	1.000000	1.000000	0.000000	0.000000	0	0.000000	0	0.000000	0.000000	1.000000	1.000000	0.000000	0.000000	0	0.000000	0	0	0.000000	0.000000	0.000000	1.000000	1.000000	0.000000	0.000000	0	none	0	none	0	none	none	max(insertion_type_count,local_deletion_type_count)
169|170	169	D	170	D	1.000000	1.000000	0.000000	0.000000	0.000000	0.000000	0.000000	0.000000	1.000000	1.000000	0.000000	0.000000	0	0.000000	0	0.000000	0.000000	1.000000	1.000000	0.000000	0.000000	0	0.000000	0	0	0.000000	0.000000	0.000000	1.000000	1.000000	0.000000	0.000000	0	none	0	none	0	none	none	max(insertion_type_count,local_deletion_type_count)
170|171	170	D	171	I	1.000000	1.000000	0.000000	0.000000	0.000000	0.000000	0.160161	1.921928	0.933333	0.200000	0.000000	0.000000	0	0.000000	0	0.160161	1.921928	0.933333	0.200000	0.000000	0.000000	0	0.000000	0	0	0.000000	0.160161	1.921928	0.933333	0.200000	0.000000	0.000000	0	none	0	none	0	none	none	max(insertion_type_count,local_deletion_type_count)
171|172	171	I	172	M	1.000000	1.000000	0.000000	0.000000	0.000000	0.000000	0.160161	1.921928	0.933333	0.200000	0.000000	0.000000	0	0.000000	0	0.160161	1.921928	0.933333	0.200000	0.000000	0.000000	0	0.000000	0	0	0.000000	0.160161	1.921928	0.933333	0.200000	0.000000	0.000000	0	none	0	none	0	none	none	max(insertion_type_count,local_deletion_type_count)
172|173	172	M	173	Q	1.000000	1.000000	0.000000	0.000000	0.000000	0.000000	0.220321	1.921928	0.916667	0.200000	0.000000	0.000000	0	0.000000	0	0.220321	1.921928	0.916667	0.200000	0.000000	0.000000	0	0.000000	0	0	0.000000	0.220321	1.921928	0.916667	0.200000	0.000000	0.000000	0	none	0	none	0	none	none	max(insertion_type_count,local_deletion_type_count)
173|174	173	Q	174	N	1.000000	1.000000	0.000000	0.000000	0.000000	0.000000	0.220321	1.921928	0.916667	0.200000	0.000000	0.000000	0	0.000000	0	0.220321	1.921928	0.916667	0.200000	0.000000	0.000000	0	0.000000	0	0	0.000000	0.220321	1.921928	0.916667	0.200000	0.000000	0.000000	0	none	0	none	0	none	none	max(insertion_type_count,local_deletion_type_count)
174|175	174	N	175	P	1.000000	1.000000	0.000000	0.000000	0.000000	0.000000	0.220321	1.921928	0.916667	0.200000	0.000000	0.000000	0	0.000000	0	0.220321	1.921928	0.916667	0.200000	0.000000	0.000000	0	0.000000	0	0	0.000000	0.220321	1.921928	0.916667	0.200000	0.000000	0.000000	0	none	0	none	0	none	none	max(insertion_type_count,local_deletion_type_count)
175|176	175	P	176	S	1.000000	0.200000	0.000000	1.921928	0.000000	0.000000	0.220321	1.921928	0.916667	0.200000	0.000000	0.000000	0	0.000000	0	0.220321	1.921928	0.916667	0.200000	0.000000	0.000000	0	0.000000	0	0	0.000000	0.220321	1.921928	0.916667	0.200000	0.000000	0.000000	0	none	0	none	0	none	none	max(insertion_type_count,local_deletion_type_count)
176|177	176	S	177	G	0.200000	1.000000	1.921928	0.000000	0.000000	0.000000	0.220321	1.921928	0.916667	0.200000	0.000000	0.000000	0	0.000000	0	0.220321	1.921928	0.916667	0.200000	0.000000	0.000000	0	0.000000	0	0	0.000000	0.220321	1.921928	0.916667	0.200000	0.000000	0.000000	0	none	0	none	0	none	none	max(insertion_type_count,local_deletion_type_count)
177|178	177	G	178	E	1.000000	0.800000	0.000000	0.721928	0.000000	0.000000	0.220321	1.921928	0.916667	0.200000	0.000000	0.000000	0	0.000000	0	0.220321	1.921928	0.916667	0.200000	0.000000	0.000000	0	0.000000	0	0	0.000000	0.220321	1.921928	0.916667	0.200000	0.000000	0.000000	0	none	0	none	0	none	none	max(insertion_type_count,local_deletion_type_count)
178|179	178	E	179	D	0.800000	1.000000	0.721928	0.000000	0.000000	0.000000	0.220321	1.921928	0.916667	0.200000	0.000000	0.000000	0	0.000000	0	0.220321	1.921928	0.916667	0.200000	0.000000	0.000000	0	0.000000	0	0	0.000000	0.220321	1.921928	0.916667	0.200000	0.000000	0.000000	0	none	0	none	0	none	none	max(insertion_type_count,local_deletion_type_count)
179|180	179	D	180	M	1.000000	1.000000	0.000000	0.000000	0.000000	0.000000	0.220321	1.921928	0.916667	0.200000	0.000000	0.000000	0	0.000000	0	0.220321	1.921928	0.916667	0.200000	0.000000	0.000000	0	0.000000	0	0	0.000000	0.220321	1.921928	0.916667	0.200000	0.000000	0.000000	0	none	0	none	0	none	none	max(insertion_type_count,local_deletion_type_count)
180|181	180	M	181	T	1.000000	1.000000	0.000000	0.000000	0.000000	0.000000	0.220321	1.921928	0.916667	0.200000	0.000000	0.000000	0	0.000000	0	0.220321	1.921928	0.916667	0.200000	0.000000	0.000000	0	0.000000	0	0	0.000000	0.220321	1.921928	0.916667	0.200000	0.000000	0.000000	0	none	0	none	0	none	none	max(insertion_type_count,local_deletion_type_count)
181|182	181	T	182	L	1.000000	1.000000	0.000000	0.000000	0.000000	0.000000	0.220321	1.921928	0.916667	0.200000	0.000000	0.000000	0	0.000000	0	0.220321	1.921928	0.916667	0.200000	0.000000	0.000000	0	0.000000	0	0	0.000000	0.220321	1.921928	0.916667	0.200000	0.000000	0.000000	0	none	0	none	0	none	none	max(insertion_type_count,local_deletion_type_count)
182|183	182	L	183	F	1.000000	1.000000	0.000000	0.000000	0.000000	0.000000	0.060161	0.721928	0.983333	0.800000	0.000000	0.000000	0	0.000000	0	0.060161	0.721928	0.983333	0.800000	0.000000	0.000000	0	0.000000	0	0	0.000000	0.060161	0.721928	0.983333	0.800000	0.000000	0.000000	0	none	0	none	0	none	none	max(insertion_type_count,local_deletion_type_count)
183|184	183	F	184	C	1.000000	1.000000	0.000000	0.000000	0.000000	0.000000	0.060161	0.721928	0.983333	0.800000	0.000000	0.000000	0	0.000000	0	0.060161	0.721928	0.983333	0.800000	0.000000	0.000000	0	0.000000	0	0	0.000000	0.060161	0.721928	0.983333	0.800000	0.000000	0.000000	0	none	0	none	0	none	none	max(insertion_type_count,local_deletion_type_count)
184|185	184	C	185	Q	1.000000	1.000000	0.000000	0.000000	0.000000	0.000000	0.000000	0.000000	1.000000	1.000000	0.000000	0.000000	0	0.000000	0	0.000000	0.000000	1.000000	1.000000	0.000000	0.000000	0	0.000000	0	0	0.000000	0.000000	0.000000	1.000000	1.000000	0.000000	0.000000	0	none	0	none	0	none	none	max(insertion_type_count,local_deletion_type_count)
185|186	185	Q	186	M	1.000000	1.000000	0.000000	0.000000	0.000000	0.000000	0.060161	0.721928	0.933333	0.200000	0.000000	0.000000	0	0.000000	0	0.060161	0.721928	0.933333	0.200000	0.000000	0.000000	0	0.000000	0	0	0.000000	0.060161	0.721928	0.933333	0.200000	0.000000	0.000000	0	none	0	none	0	none	none	max(insertion_type_count,local_deletion_type_count)
186|187	186	M	187	V	1.000000	1.000000	0.000000	0.000000	0.000000	0.000000	0.060161	0.721928	0.933333	0.200000	0.000000	0.000000	0	0.000000	0	0.060161	0.721928	0.933333	0.200000	0.000000	0.000000	0	0.000000	0	0	0.000000	0.060161	0.721928	0.933333	0.200000	0.000000	0.000000	0	none	0	none	0	none	none	max(insertion_type_count,local_deletion_type_count)
187|188	187	V	188	S	1.000000	1.000000	0.000000	0.000000	0.000000	0.000000	0.060161	0.721928	0.933333	0.200000	0.000000	0.000000	0	0.000000	0	0.060161	0.721928	0.933333	0.200000	0.000000	0.000000	0	0.000000	0	0	0.000000	0.060161	0.721928	0.933333	0.200000	0.000000	0.000000	0	none	0	none	0	none	none	max(insertion_type_count,local_deletion_type_count)
188|189	188	S	189	S	1.000000	1.000000	0.000000	0.000000	0.000000	0.000000	0.060161	0.721928	0.933333	0.200000	0.000000	0.000000	0	0.000000	0	0.060161	0.721928	0.933333	0.200000	0.000000	0.000000	0	0.000000	0	0	0.000000	0.060161	0.721928	0.933333	0.200000	0.000000	0.000000	0	none	0	none	0	none	none	max(insertion_type_count,local_deletion_type_count)
189|190	189	S	190	V	1.000000	1.000000	0.000000	0.000000	0.000000	0.000000	0.060161	0.721928	0.933333	0.200000	0.000000	0.000000	0	0.000000	0	0.060161	0.721928	0.933333	0.200000	0.000000	0.000000	0	0.000000	0	0	0.000000	0.060161	0.721928	0.933333	0.200000	0.000000	0.000000	0	none	0	none	0	none	none	max(insertion_type_count,local_deletion_type_count)
190|191	190	V	191	P	1.000000	0.200000	0.000000	0.721928	0.000000	0.000000	0.060161	0.721928	0.933333	0.200000	0.000000	0.000000	0	0.000000	0	0.060161	0.721928	0.933333	0.200000	0.000000	0.000000	0	0.000000	0	0	0.000000	0.060161	0.721928	0.933333	0.200000	0.000000	0.000000	0	none	0	none	0	none	none	max(insertion_type_count,local_deletion_type_count)
191|192	191	P	192	F	0.200000	1.000000	0.721928	0.000000	0.000000	0.000000	0.060161	0.721928	0.933333	0.200000	0.000000	0.000000	0	0.000000	0	0.060161	0.721928	0.933333	0.200000	0.000000	0.000000	0	0.000000	0	0	0.000000	0.060161	0.721928	0.933333	0.200000	0.000000	0.000000	0	none	0	none	0	none	none	max(insertion_type_count,local_deletion_type_count)
192|193	192	F	193	I	1.000000	1.000000	0.000000	0.000000	0.000000	0.000000	0.060161	0.721928	0.933333	0.200000	0.000000	0.000000	0	0.000000	0	0.060161	0.721928	0.933333	0.200000	0.000000	0.000000	0	0.000000	0	0	0.000000	0.060161	0.721928	0.933333	0.200000	0.000000	0.000000	0	none	0	none	0	none	none	max(insertion_type_count,local_deletion_type_count)
193|194	193	I	194	P	1.000000	1.000000	0.000000	0.000000	0.000000	0.000000	0.060161	0.721928	0.933333	0.200000	0.000000	0.000000	0	0.000000	0	0.060161	0.721928	0.933333	0.200000	0.000000	0.000000	0	0.000000	0	0	0.000000	0.060161	0.721928	0.933333	0.200000	0.000000	0.000000	0	none	0	none	0	none	none	max(insertion_type_count,local_deletion_type_count)
194|195	194	P	195	P	1.000000	1.000000	0.000000	0.000000	0.000000	0.000000	0.060161	0.721928	0.933333	0.200000	0.000000	0.000000	0	0.000000	0	0.060161	0.721928	0.933333	0.200000	0.000000	0.000000	0	0.000000	0	0	0.000000	0.060161	0.721928	0.933333	0.200000	0.000000	0.000000	0	none	0	none	0	none	none	max(insertion_type_count,local_deletion_type_count)
195|196	195	P	196	M	1.000000	1.000000	0.000000	0.000000	0.000000	0.000000	0.060161	0.721928	0.933333	0.200000	0.000000	0.000000	0	0.000000	0	0.060161	0.721928	0.933333	0.200000	0.000000	0.000000	0	0.000000	0	0	0.000000	0.060161	0.721928	0.933333	0.200000	0.000000	0.000000	0	none	0	none	0	none	none	max(insertion_type_count,local_deletion_type_count)
196|197	196	M	197	A	1.000000	1.000000	0.000000	0.000000	0.000000	0.000000	0.060161	0.721928	0.933333	0.200000	0.000000	0.000000	0	0.000000	0	0.060161	0.721928	0.933333	0.200000	0.000000	0.000000	0	0.000000	0	0	0.000000	0.060161	0.721928	0.933333	0.200000	0.000000	0.000000	0	none	0	none	0	none	none	max(insertion_type_count,local_deletion_type_count)
197|198	197	A	198	D	1.000000	1.000000	0.000000	0.000000	0.000000	0.000000	0.000000	0.000000	1.000000	1.000000	0.000000	0.000000	0	0.000000	0	0.000000	0.000000	1.000000	1.000000	0.000000	0.000000	0	0.000000	0	0	0.000000	0.000000	0.000000	1.000000	1.000000	0.000000	0.000000	0	none	0	none	0	none	none	max(insertion_type_count,local_deletion_type_count)
198|199	198	D	199	L	1.000000	1.000000	0.000000	0.000000	0.000000	0.000000	0.000000	0.000000	1.000000	1.000000	0.000000	0.000000	0	0.000000	0	0.000000	0.000000	1.000000	1.000000	0.000000	0.000000	0	0.000000	0	0	0.000000	0.000000	0.000000	1.000000	1.000000	0.000000	0.000000	0	none	0	none	0	none	none	max(insertion_type_count,local_deletion_type_count)
199|200	199	L	200	P	1.000000	1.000000	0.000000	0.000000	0.000000	0.000000	0.060161	0.721928	0.983333	0.800000	0.000000	0.000000	0	0.000000	0	0.060161	0.721928	0.983333	0.800000	0.000000	0.000000	0	0.000000	0	0	0.000000	0.060161	0.721928	0.983333	0.800000	0.000000	0.000000	0	none	0	none	0	none	none	max(insertion_type_count,local_deletion_type_count)
200|201	200	P	201	D	1.000000	1.000000	0.000000	0.000000	0.000000	0.000000	0.060161	0.721928	0.983333	0.800000	0.000000	0.000000	0	0.000000	0	0.060161	0.721928	0.983333	0.800000	0.000000	0.000000	0	0.000000	0	0	0.000000	0.060161	0.721928	0.983333	0.800000	0.000000	0.000000	0	none	0	none	0	none	none	max(insertion_type_count,local_deletion_type_count)
201|202	201	D	202	K	1.000000	1.000000	0.000000	0.000000	0.000000	0.000000	0.120321	0.721928	0.916667	0.200000	0.000000	0.000000	0	0.000000	0	0.120321	0.721928	0.916667	0.200000	0.000000	0.000000	0	0.000000	0	0	0.000000	0.120321	0.721928	0.916667	0.200000	0.000000	0.000000	0	none	0	none	0	none	none	max(insertion_type_count,local_deletion_type_count)
202|203	202	K	203	G	1.000000	1.000000	0.000000	0.000000	0.000000	0.000000	0.120321	0.721928	0.916667	0.200000	0.000000	0.000000	0	0.000000	0	0.120321	0.721928	0.916667	0.200000	0.000000	0.000000	0	0.000000	0	0	0.000000	0.120321	0.721928	0.916667	0.200000	0.000000	0.000000	0	none	0	none	0	none	none	max(insertion_type_count,local_deletion_type_count)
203|204	203	G	204	K	1.000000	1.000000	0.000000	0.000000	0.000000	0.000000	0.180482	0.721928	0.850000	0.200000	0.000000	0.000000	0	0.000000	0	0.180482	0.721928	0.850000	0.200000	0.000000	0.000000	0	0.000000	0	0	0.000000	0.180482	0.721928	0.850000	0.200000	0.000000	0.000000	0	none	0	none	0	none	none	max(insertion_type_count,local_deletion_type_count)
204|205	204	K	205	P	1.000000	0.800000	0.000000	0.721928	0.000000	0.000000	0.180482	0.721928	0.850000	0.200000	0.000000	0.000000	0	0.000000	0	0.180482	0.721928	0.850000	0.200000	0.000000	0.000000	0	0.000000	0	0	0.000000	0.180482	0.721928	0.850000	0.200000	0.000000	0.000000	0	none	0	none	0	none	none	max(insertion_type_count,local_deletion_type_count)
205|206	205	P	206	F	0.800000	1.000000	0.721928	0.000000	0.000000	0.000000	0.240643	0.721928	0.833333	0.200000	0.000000	0.000000	0	0.000000	0	0.240643	0.721928	0.833333	0.200000	0.000000	0.000000	0	0.000000	0	0	0.000000	0.240643	0.721928	0.833333	0.200000	0.000000	0.000000	0	none	0	none	0	none	none	max(insertion_type_count,local_deletion_type_count)
206|207	206	F	207	T	1.000000	0.200000	0.000000	0.721928	0.000000	0.000000	0.240643	0.721928	0.833333	0.200000	0.000000	0.000000	0	0.000000	0	0.240643	0.721928	0.833333	0.200000	0.000000	0.000000	0	0.000000	0	0	0.000000	0.240643	0.721928	0.833333	0.200000	0.000000	0.000000	0	none	0	none	0	none	none	max(insertion_type_count,local_deletion_type_count)
207|208	207	T	208	S	0.200000	1.000000	0.721928	0.000000	0.000000	0.000000	0.300803	0.721928	0.766667	0.200000	0.000000	0.000000	0	0.000000	0	0.300803	0.721928	0.766667	0.200000	0.000000	0.000000	0	0.000000	0	0	0.000000	0.300803	0.721928	0.766667	0.200000	0.000000	0.000000	0	none	0	none	0	none	none	max(insertion_type_count,local_deletion_type_count)
208|209	208	S	209	K	1.000000	0.200000	0.000000	0.721928	0.000000	0.000000	0.300803	0.721928	0.766667	0.200000	0.000000	0.000000	0	0.000000	0	0.300803	0.721928	0.766667	0.200000	0.000000	0.000000	0	0.000000	0	0	0.000000	0.300803	0.721928	0.766667	0.200000	0.000000	0.000000	0	none	0	none	0	none	none	max(insertion_type_count,local_deletion_type_count)
209|210	209	K	210	F	0.200000	1.000000	0.721928	0.000000	0.000000	0.000000	0.300803	0.721928	0.766667	0.200000	0.000000	0.000000	0	0.000000	0	0.300803	0.721928	0.766667	0.200000	0.000000	0.000000	0	0.000000	0	0	0.000000	0.300803	0.721928	0.766667	0.200000	0.000000	0.000000	0	none	0	none	0	none	none	max(insertion_type_count,local_deletion_type_count)
210|211	210	F	211	V	1.000000	0.800000	0.000000	0.721928	0.000000	0.000000	0.300803	0.721928	0.766667	0.200000	0.000000	0.000000	0	0.000000	0	0.300803	0.721928	0.766667	0.200000	0.000000	0.000000	0	0.000000	0	0	0.000000	0.300803	0.721928	0.766667	0.200000	0.000000	0.000000	0	none	0	none	0	none	none	max(insertion_type_count,local_deletion_type_count)
211|212	211	V	212	L	0.800000	1.000000	0.721928	0.000000	0.000000	0.000000	0.240643	0.721928	0.783333	0.200000	0.000000	0.000000	0	0.000000	0	0.240643	0.721928	0.783333	0.200000	0.000000	0.000000	0	0.000000	0	0	0.000000	0.240643	0.721928	0.783333	0.200000	0.000000	0.000000	0	none	0	none	0	none	none	max(insertion_type_count,local_deletion_type_count)
212|213	212	L	213	A	1.000000	0.200000	0.000000	0.721928	0.000000	0.000000	0.300803	0.721928	0.716667	0.200000	0.000000	0.000000	0	0.000000	0	0.300803	0.721928	0.716667	0.200000	0.000000	0.000000	0	0.000000	0	0	0.000000	0.300803	0.721928	0.716667	0.200000	0.000000	0.000000	0	none	0	none	0	none	none	max(insertion_type_count,local_deletion_type_count)
213|214	213	A	214	S	0.200000	1.000000	0.721928	0.000000	0.000000	0.000000	0.240643	0.721928	0.783333	0.200000	0.000000	0.000000	0	0.000000	0	0.240643	0.721928	0.783333	0.200000	0.000000	0.000000	0	0.000000	0	0	0.000000	0.240643	0.721928	0.783333	0.200000	0.000000	0.000000	0	none	0	none	0	none	none	max(insertion_type_count,local_deletion_type_count)
214|215	214	S	215	T	1.000000	1.000000	0.000000	0.000000	0.000000	0.000000	0.240643	0.721928	0.783333	0.200000	0.000000	0.000000	0	0.000000	0	0.240643	0.721928	0.783333	0.200000	0.000000	0.000000	0	0.000000	0	0	0.000000	0.240643	0.721928	0.783333	0.200000	0.000000	0.000000	0	none	0	none	0	none	none	max(insertion_type_count,local_deletion_type_count)
215|216	215	T	216	N	1.000000	1.000000	0.000000	0.000000	0.000000	0.000000	0.261395	0.970951	0.800000	0.200000	0.000000	0.000000	0	0.000000	0	0.261395	0.970951	0.800000	0.200000	0.000000	0.000000	0	0.000000	0	0	0.000000	0.261395	0.970951	0.800000	0.200000	0.000000	0.000000	0	none	0	none	0	none	none	max(insertion_type_count,local_deletion_type_count)
216|217	216	N	217	H	1.000000	1.000000	0.000000	0.000000	0.000000	0.000000	0.261395	0.970951	0.800000	0.200000	0.000000	0.000000	0	0.000000	0	0.261395	0.970951	0.800000	0.200000	0.000000	0.000000	0	0.000000	0	0	0.000000	0.261395	0.970951	0.800000	0.200000	0.000000	0.000000	0	none	0	none	0	none	none	max(insertion_type_count,local_deletion_type_count)
217|218	217	H	218	T	1.000000	0.200000	0.000000	0.721928	0.000000	0.000000	0.201234	0.970951	0.816667	0.200000	0.000000	0.000000	0	0.000000	0	0.201234	0.970951	0.816667	0.200000	0.000000	0.000000	0	0.000000	0	0	0.000000	0.201234	0.970951	0.816667	0.200000	0.000000	0.000000	0	none	0	none	0	none	none	max(insertion_type_count,local_deletion_type_count)
218|219	218	T	219	L	0.200000	1.000000	0.721928	0.000000	0.000000	0.000000	0.201234	0.970951	0.816667	0.200000	0.000000	0.000000	0	0.000000	0	0.201234	0.970951	0.816667	0.200000	0.000000	0.000000	0	0.000000	0	0	0.000000	0.201234	0.970951	0.816667	0.200000	0.000000	0.000000	0	none	0	none	0	none	none	max(insertion_type_count,local_deletion_type_count)
219|220	219	L	220	L	1.000000	1.000000	0.000000	0.000000	0.000000	0.000000	0.201234	0.970951	0.816667	0.200000	0.000000	0.000000	0	0.000000	0	0.201234	0.970951	0.816667	0.200000	0.000000	0.000000	0	0.000000	0	0	0.000000	0.201234	0.970951	0.816667	0.200000	0.000000	0.000000	0	none	0	none	0	none	none	max(insertion_type_count,local_deletion_type_count)
220|221	220	L	221	T	1.000000	0.400000	0.000000	0.970951	0.000000	0.000000	0.261395	0.970951	0.800000	0.200000	0.000000	0.000000	0	0.000000	0	0.261395	0.970951	0.800000	0.200000	0.000000	0.000000	0	0.000000	0	0	0.000000	0.261395	0.970951	0.800000	0.200000	0.000000	0.000000	0	none	0	none	0	none	none	max(insertion_type_count,local_deletion_type_count)
221|222	221	T	222	P	0.400000	1.000000	0.970951	0.000000	0.000000	0.000000	0.261395	0.970951	0.800000	0.200000	0.000000	0.000000	0	0.000000	0	0.261395	0.970951	0.800000	0.200000	0.000000	0.000000	0	0.000000	0	0	0.000000	0.261395	0.970951	0.800000	0.200000	0.000000	0.000000	0	none	0	none	0	none	none	max(insertion_type_count,local_deletion_type_count)
222|223	222	P	223	P	1.000000	1.000000	0.000000	0.000000	0.000000	0.000000	0.261395	0.970951	0.800000	0.200000	0.000000	0.000000	0	0.000000	0	0.261395	0.970951	0.800000	0.200000	0.000000	0.000000	0	0.000000	0	0	0.000000	0.261395	0.970951	0.800000	0.200000	0.000000	0.000000	0	none	0	none	0	none	none	max(insertion_type_count,local_deletion_type_count)
223|224	223	P	224	T	1.000000	1.000000	0.000000	0.000000	0.000000	0.000000	0.261395	0.970951	0.800000	0.200000	0.000000	0.000000	0	0.000000	0	0.261395	0.970951	0.800000	0.200000	0.000000	0.000000	0	0.000000	0	0	0.000000	0.261395	0.970951	0.800000	0.200000	0.000000	0.000000	0	none	0	none	0	none	none	max(insertion_type_count,local_deletion_type_count)
224|225	224	T	225	V	1.000000	0.200000	0.000000	0.721928	0.000000	0.000000	0.201234	0.970951	0.866667	0.200000	0.000000	0.000000	0	0.000000	0	0.201234	0.970951	0.866667	0.200000	0.000000	0.000000	0	0.000000	0	0	0.000000	0.201234	0.970951	0.866667	0.200000	0.000000	0.000000	0	none	0	none	0	none	none	max(insertion_type_count,local_deletion_type_count)
225|226	225	V	226	S	0.200000	0.800000	0.721928	0.721928	0.000000	0.000000	0.201234	0.970951	0.866667	0.200000	0.000000	0.000000	0	0.000000	0	0.201234	0.970951	0.866667	0.200000	0.000000	0.000000	0	0.000000	0	0	0.000000	0.201234	0.970951	0.866667	0.200000	0.000000	0.000000	0	none	0	none	0	none	none	max(insertion_type_count,local_deletion_type_count)
226|227	226	S	227	S	0.800000	1.000000	0.721928	0.000000	0.000000	0.000000	0.261395	0.970951	0.800000	0.200000	0.000000	0.000000	0	0.000000	0	0.261395	0.970951	0.800000	0.200000	0.000000	0.000000	0	0.000000	0	0	0.000000	0.261395	0.970951	0.800000	0.200000	0.000000	0.000000	0	none	0	none	0	none	none	max(insertion_type_count,local_deletion_type_count)
227|228	227	S	228	L	1.000000	1.000000	0.000000	0.000000	0.000000	0.000000	0.180482	0.721928	0.850000	0.200000	0.000000	0.000000	0	0.000000	0	0.180482	0.721928	0.850000	0.200000	0.000000	0.000000	0	0.000000	0	0	0.000000	0.180482	0.721928	0.850000	0.200000	0.000000	0.000000	0	none	0	none	0	none	none	max(insertion_type_count,local_deletion_type_count)
228|229	228	L	229	P	1.000000	1.000000	0.000000	0.000000	0.000000	0.000000	0.180482	0.721928	0.850000	0.200000	0.000000	0.000000	0	0.000000	0	0.180482	0.721928	0.850000	0.200000	0.000000	0.000000	0	0.000000	0	0	0.000000	0.180482	0.721928	0.850000	0.200000	0.000000	0.000000	0	none	0	none	0	none	none	max(insertion_type_count,local_deletion_type_count)
229|230	229	P	230	A	1.000000	1.000000	0.000000	0.000000	0.000000	0.000000	0.180482	0.721928	0.850000	0.200000	0.000000	0.000000	0	0.000000	0	0.180482	0.721928	0.850000	0.200000	0.000000	0.000000	0	0.000000	0	0	0.000000	0.180482	0.721928	0.850000	0.200000	0.000000	0.000000	0	none	0	none	0	none	none	max(insertion_type_count,local_deletion_type_count)
230|231	230	A	231	M	1.000000	1.000000	0.000000	0.000000	0.000000	0.000000	0.261395	0.970951	0.800000	0.200000	0.000000	0.000000	0	0.000000	0	0.261395	0.970951	0.800000	0.200000	0.000000	0.000000	0	0.000000	0	0	0.000000	0.261395	0.970951	0.800000	0.200000	0.000000	0.000000	0	none	0	none	0	none	none	max(insertion_type_count,local_deletion_type_count)
231|232	231	M	232	A	1.000000	0.200000	0.000000	0.721928	0.000000	0.000000	0.282147	0.970951	0.833333	0.200000	0.000000	0.000000	0	0.000000	0	0.282147	0.970951	0.833333	0.200000	0.000000	0.000000	0	0.000000	0	0	0.000000	0.282147	0.970951	0.833333	0.200000	0.000000	0.000000	0	none	0	none	0	none	none	max(insertion_type_count,local_deletion_type_count)
232|233	232	A	233	R	0.200000	1.000000	0.721928	0.000000	0.000000	0.000000	0.221986	0.970951	0.850000	0.200000	0.000000	0.000000	0	0.000000	0	0.221986	0.970951	0.850000	0.200000	0.000000	0.000000	0	0.000000	0	0	0.000000	0.221986	0.970951	0.850000	0.200000	0.000000	0.000000	0	none	0	none	0	none	none	max(insertion_type_count,local_deletion_type_count)
233|234	233	R	234	R	1.000000	1.000000	0.000000	0.000000	0.000000	0.000000	0.221986	0.970951	0.850000	0.200000	0.000000	0.000000	0	0.000000	0	0.221986	0.970951	0.850000	0.200000	0.000000	0.000000	0	0.000000	0	0	0.000000	0.221986	0.970951	0.850000	0.200000	0.000000	0.000000	0	none	0	none	0	none	none	max(insertion_type_count,local_deletion_type_count)
234|235	234	R	235	F	1.000000	1.000000	0.000000	0.000000	0.000000	0.000000	0.221986	0.970951	0.850000	0.200000	0.000000	0.000000	0	0.000000	0	0.221986	0.970951	0.850000	0.200000	0.000000	0.000000	0	0.000000	0	0	0.000000	0.221986	0.970951	0.850000	0.200000	0.000000	0.000000	0	none	0	none	0	none	none	max(insertion_type_count,local_deletion_type_count)
235|236	235	F	236	Y	1.000000	0.400000	0.000000	0.970951	0.000000	0.000000	0.221986	0.970951	0.850000	0.200000	0.000000	0.000000	0	0.000000	0	0.221986	0.970951	0.850000	0.200000	0.000000	0.000000	0	0.000000	0	0	0.000000	0.221986	0.970951	0.850000	0.200000	0.000000	0.000000	0	none	0	none	0	none	none	max(insertion_type_count,local_deletion_type_count)
236|237	236	Y	237	F	0.400000	0.600000	0.970951	0.970951	0.000000	0.000000	0.382147	1.921928	0.783333	0.200000	0.000000	0.000000	0	0.000000	0	0.382147	1.921928	0.783333	0.200000	0.000000	0.000000	0	0.000000	0	0	0.000000	0.382147	1.921928	0.783333	0.200000	0.000000	0.000000	0	none	0	none	0	none	none	max(insertion_type_count,local_deletion_type_count)
237|238	237	F	238	D	0.600000	1.000000	0.970951	0.000000	0.000000	0.000000	0.382147	1.921928	0.783333	0.200000	0.000000	0.000000	0	0.000000	0	0.382147	1.921928	0.783333	0.200000	0.000000	0.000000	0	0.000000	0	0	0.000000	0.382147	1.921928	0.783333	0.200000	0.000000	0.000000	0	none	0	none	0	none	none	max(insertion_type_count,local_deletion_type_count)
238|239	238	D	239	L	1.000000	1.000000	0.000000	0.000000	0.000000	0.000000	0.382147	1.921928	0.783333	0.200000	0.000000	0.000000	0	0.000000	0	0.382147	1.921928	0.783333	0.200000	0.000000	0.000000	0	0.000000	0	0	0.000000	0.382147	1.921928	0.783333	0.200000	0.000000	0.000000	0	none	0	none	0	none	none	max(insertion_type_count,local_deletion_type_count)
239|240	239	L	240	D	1.000000	1.000000	0.000000	0.000000	0.000000	0.000000	0.442307	1.921928	0.716667	0.200000	0.000000	0.000000	0	0.000000	0	0.442307	1.921928	0.716667	0.200000	0.000000	0.000000	0	0.000000	0	0	0.000000	0.442307	1.921928	0.716667	0.200000	0.000000	0.000000	0	none	0	none	0	none	none	max(insertion_type_count,local_deletion_type_count)
240|241	240	D	241	I	1.000000	1.000000	0.000000	0.000000	0.000000	0.000000	0.502468	1.921928	0.650000	0.200000	0.000000	0.000000	0	0.000000	0	0.502468	1.921928	0.650000	0.200000	0.000000	0.000000	0	0.000000	0	0	0.000000	0.502468	1.921928	0.650000	0.200000	0.000000	0.000000	0	none	0	none	0	none	none	max(insertion_type_count,local_deletion_type_count)
241|242	241	I	242	Q	1.000000	0.200000	0.000000	1.921928	0.000000	0.000000	0.562629	1.921928	0.633333	0.200000	0.000000	0.000000	0	0.000000	0	0.562629	1.921928	0.633333	0.200000	0.000000	0.000000	0	0.000000	0	0	0.000000	0.562629	1.921928	0.633333	0.200000	0.000000	0.000000	0	none	0	none	0	none	none	max(insertion_type_count,local_deletion_type_count)
242|243	242	Q	243	V	0.200000	1.000000	1.921928	0.000000	0.000000	0.000000	0.541877	1.921928	0.616667	0.200000	0.000000	0.000000	0	0.000000	0	0.541877	1.921928	0.616667	0.200000	0.000000	0.000000	0	0.000000	0	0	0.000000	0.541877	1.921928	0.616667	0.200000	0.000000	0.000000	0	none	0	none	0	none	none	max(insertion_type_count,local_deletion_type_count)
243|244	243	V	244	K	1.000000	0.200000	0.000000	0.721928	0.000000	0.000000	0.654458	2.321928	0.583333	0.200000	0.000000	0.000000	0	0.000000	0	0.654458	2.321928	0.583333	0.200000	0.000000	0.000000	0	0.000000	0	0	0.000000	0.654458	2.321928	0.583333	0.200000	0.000000	0.000000	0	none	0	none	0	none	none	max(insertion_type_count,local_deletion_type_count)
244|245	244	K	245	K	0.200000	0.200000	0.721928	0.721928	0.000000	0.000000	0.714619	2.321928	0.516667	0.200000	0.000000	0.000000	0	0.000000	0	0.714619	2.321928	0.516667	0.200000	0.000000	0.000000	0	0.000000	0	0	0.000000	0.714619	2.321928	0.516667	0.200000	0.000000	0.000000	0	none	0	none	0	none	none	max(insertion_type_count,local_deletion_type_count)
245|246	245	K	246	E	0.200000	0.200000	0.721928	0.721928	0.000000	0.000000	0.714619	2.321928	0.516667	0.200000	0.000000	0.000000	0	0.000000	0	0.714619	2.321928	0.516667	0.200000	0.000000	0.000000	0	0.000000	0	0	0.000000	0.714619	2.321928	0.516667	0.200000	0.000000	0.000000	0	none	0	none	0	none	none	max(insertion_type_count,local_deletion_type_count)
246|247	246	E	247	Y	0.200000	0.800000	0.721928	0.721928	0.000000	0.000000	0.714619	2.321928	0.516667	0.200000	0.000000	0.000000	0	0.000000	0	0.714619	2.321928	0.516667	0.200000	0.000000	0.000000	0	0.000000	0	0	0.000000	0.714619	2.321928	0.516667	0.200000	0.000000	0.000000	0	none	0	none	0	none	none	max(insertion_type_count,local_deletion_type_count)
247|248	247	Y	248	L	0.800000	0.200000	0.721928	0.721928	0.000000	0.000000	0.714619	2.321928	0.516667	0.200000	0.000000	0.000000	0	0.000000	0	0.714619	2.321928	0.516667	0.200000	0.000000	0.000000	0	0.000000	0	0	0.000000	0.714619	2.321928	0.516667	0.200000	0.000000	0.000000	0	none	0	none	0	none	none	max(insertion_type_count,local_deletion_type_count)
248|249	248	L	249	L	0.200000	0.200000	0.721928	2.321928	0.000000	0.000000	0.635371	2.321928	0.550000	0.200000	0.000000	0.000000	4	0.800000	1:4	0.635371	2.321928	0.550000	0.200000	0.000000	0.000000	4	0.800000	1:4	0	0.000000	0.635371	2.321928	0.550000	0.200000	0.000000	0.000000	4	A1;A16;A1B;A2	4	A1;A16;A1B;A2	0	none	recurrent_across_types	max(insertion_type_count,local_deletion_type_count)
249|250	249	L	250	D	0.200000	0.200000	2.321928	0.721928	0.000000	0.000000	0.695531	2.321928	0.483333	0.200000	0.000000	0.000000	0	0.000000	0	0.695531	2.321928	0.483333	0.200000	0.000000	0.000000	0	0.000000	0	0	0.000000	0.695531	2.321928	0.483333	0.200000	0.000000	0.000000	0	none	0	none	0	none	none	max(insertion_type_count,local_deletion_type_count)
250|251	250	D	251	G	0.200000	1.000000	0.721928	0.000000	0.000000	0.000000	0.716283	2.321928	0.500000	0.200000	0.000000	0.000000	0	0.000000	0	0.716283	2.321928	0.500000	0.200000	0.000000	0.000000	0	0.000000	0	0	0.000000	0.716283	2.321928	0.500000	0.200000	0.000000	0.000000	0	none	0	none	0	none	none	max(insertion_type_count,local_deletion_type_count)
251|252	251	G	252	K	1.000000	1.000000	0.000000	0.000000	0.000000	0.000000	0.770368	2.321928	0.533333	0.200000	0.000000	0.000000	0	0.000000	0	0.770368	2.321928	0.533333	0.200000	0.000000	0.000000	0	0.000000	0	0	0.000000	0.770368	2.321928	0.533333	0.200000	0.000000	0.000000	0	none	0	none	0	none	none	max(insertion_type_count,local_deletion_type_count)
252|253	252	K	253	L	1.000000	1.000000	0.000000	0.000000	0.000000	0.000000	0.770368	2.321928	0.533333	0.200000	0.000000	0.000000	0	0.000000	0	0.770368	2.321928	0.533333	0.200000	0.000000	0.000000	0	0.000000	0	0	0.000000	0.770368	2.321928	0.533333	0.200000	0.000000	0.000000	0	none	0	none	0	none	none	max(insertion_type_count,local_deletion_type_count)
253|254	253	L	254	D	1.000000	0.600000	0.000000	0.970951	0.000000	0.000000	0.710208	2.321928	0.550000	0.200000	0.000000	0.000000	0	0.000000	0	0.710208	2.321928	0.550000	0.200000	0.000000	0.000000	0	0.000000	0	0	0.000000	0.710208	2.321928	0.550000	0.200000	0.000000	0.000000	0	none	0	none	0	none	none	max(insertion_type_count,local_deletion_type_count)
254|255	254	D	255	I	0.600000	0.200000	0.970951	0.721928	0.000000	0.000000	0.710208	2.321928	0.600000	0.200000	0.000000	0.000000	0	0.000000	0	0.710208	2.321928	0.600000	0.200000	0.000000	0.000000	0	0.000000	0	0	0.000000	0.710208	2.321928	0.600000	0.200000	0.000000	0.000000	0	none	0	none	0	none	none	max(insertion_type_count,local_deletion_type_count)
255|256	255	I	256	A	0.200000	0.400000	0.721928	0.970951	0.000000	0.000000	0.576874	1.370951	0.650000	0.200000	0.000000	0.000000	0	0.000000	0	0.576874	1.370951	0.650000	0.200000	0.000000	0.000000	0	0.000000	0	0	0.000000	0.576874	1.370951	0.650000	0.200000	0.000000	0.000000	0	none	0	none	0	none	none	max(insertion_type_count,local_deletion_type_count)
256|257	256	A	257	K	0.400000	0.600000	0.970951	1.370951	0.000000	0.000000	0.516714	1.370951	0.716667	0.200000	0.000000	0.000000	0	0.000000	0	0.516714	1.370951	0.716667	0.200000	0.000000	0.000000	0	0.000000	0	0	0.000000	0.516714	1.370951	0.716667	0.200000	0.000000	0.000000	0	none	0	none	0	none	none	max(insertion_type_count,local_deletion_type_count)
257|258	257	K	258	S	0.600000	0.200000	1.370951	0.721928	0.000000	0.000000	0.597626	1.370951	0.683333	0.200000	0.000000	0.000000	0	0.000000	0	0.597626	1.370951	0.683333	0.200000	0.000000	0.000000	0	0.000000	0	0	0.000000	0.597626	1.370951	0.683333	0.200000	0.000000	0.000000	0	none	0	none	0	none	none	max(insertion_type_count,local_deletion_type_count)
258|259	258	S	259	F	0.200000	1.000000	0.721928	0.000000	0.000000	0.000000	0.597626	1.370951	0.683333	0.200000	0.000000	0.000000	0	0.000000	0	0.597626	1.370951	0.683333	0.200000	0.000000	0.000000	0	0.000000	0	0	0.000000	0.597626	1.370951	0.683333	0.200000	0.000000	0.000000	0	none	0	none	0	none	none	max(insertion_type_count,local_deletion_type_count)
259|260	259	F	260	R	1.000000	0.800000	0.000000	0.721928	0.000000	0.000000	0.678539	1.370951	0.650000	0.200000	0.000000	0.000000	0	0.000000	0	0.678539	1.370951	0.650000	0.200000	0.000000	0.000000	0	0.000000	0	0	0.000000	0.678539	1.370951	0.650000	0.200000	0.000000	0.000000	0	none	0	none	0	none	none	max(insertion_type_count,local_deletion_type_count)
260|261	260	R	261	P	0.800000	0.800000	0.721928	0.721928	0.000000	0.000000	0.757787	1.921928	0.616667	0.200000	0.000000	0.000000	0	0.000000	0	0.757787	1.921928	0.616667	0.200000	0.000000	0.000000	0	0.000000	0	0	0.000000	0.757787	1.921928	0.616667	0.200000	0.000000	0.000000	0	none	0	none	0	none	none	max(insertion_type_count,local_deletion_type_count)
261|262	261	P	262	C	0.800000	1.000000	0.721928	0.000000	0.000000	0.000000	0.757787	1.921928	0.666667	0.200000	0.000000	0.000000	0	0.000000	0	0.757787	1.921928	0.666667	0.200000	0.000000	0.000000	0	0.000000	0	0	0.000000	0.757787	1.921928	0.666667	0.200000	0.000000	0.000000	0	none	0	none	0	none	none	max(insertion_type_count,local_deletion_type_count)
262|263	262	C	263	D	1.000000	0.600000	0.000000	0.970951	0.000000	0.000000	0.676874	1.921928	0.716667	0.200000	0.000000	0.000000	0	0.000000	0	0.676874	1.921928	0.716667	0.200000	0.000000	0.000000	0	0.000000	0	0	0.000000	0.676874	1.921928	0.716667	0.200000	0.000000	0.000000	0	none	0	none	0	none	none	max(insertion_type_count,local_deletion_type_count)
263|264	263	D	264	V	0.600000	1.000000	0.970951	0.000000	0.000000	0.000000	0.562629	1.921928	0.750000	0.200000	0.000000	0.000000	0	0.000000	0	0.562629	1.921928	0.750000	0.200000	0.000000	0.000000	0	0.000000	0	0	0.000000	0.562629	1.921928	0.750000	0.200000	0.000000	0.000000	0	none	0	none	0	none	none	max(insertion_type_count,local_deletion_type_count)
264|265	264	V	265	N	1.000000	0.600000	0.000000	0.970951	0.000000	0.000000	0.502468	1.921928	0.816667	0.200000	0.000000	0.000000	0	0.000000	0	0.502468	1.921928	0.816667	0.200000	0.000000	0.000000	0	0.000000	0	0	0.000000	0.502468	1.921928	0.816667	0.200000	0.000000	0.000000	0	none	0	none	0	none	none	max(insertion_type_count,local_deletion_type_count)
265|266	265	N	266	I	0.600000	0.200000	0.970951	1.921928	0.000000	0.000000	0.502468	1.921928	0.816667	0.200000	0.000000	0.000000	0	0.000000	0	0.502468	1.921928	0.816667	0.200000	0.000000	0.000000	0	0.000000	0	0	0.000000	0.502468	1.921928	0.816667	0.200000	0.000000	0.000000	0	none	0	none	0	none	none	max(insertion_type_count,local_deletion_type_count)
266|267	266	I	267	K	0.200000	0.800000	1.921928	0.721928	0.000000	0.000000	0.502468	1.921928	0.816667	0.200000	0.000000	0.000000	0	0.000000	0	0.502468	1.921928	0.816667	0.200000	0.000000	0.000000	0	0.000000	0	0	0.000000	0.502468	1.921928	0.816667	0.200000	0.000000	0.000000	0	none	0	none	0	none	none	max(insertion_type_count,local_deletion_type_count)
267|268	267	K	268	I	0.800000	1.000000	0.721928	0.000000	0.000000	0.000000	0.442307	1.921928	0.833333	0.200000	0.000000	0.000000	0	0.000000	0	0.442307	1.921928	0.833333	0.200000	0.000000	0.000000	0	0.000000	0	0	0.000000	0.442307	1.921928	0.833333	0.200000	0.000000	0.000000	0	none	0	none	0	none	none	max(insertion_type_count,local_deletion_type_count)
268|269	268	I	269	G	1.000000	1.000000	0.000000	0.000000	0.000000	0.000000	0.442307	1.921928	0.833333	0.200000	0.000000	0.000000	0	0.000000	0	0.442307	1.921928	0.833333	0.200000	0.000000	0.000000	0	0.000000	0	0	0.000000	0.442307	1.921928	0.833333	0.200000	0.000000	0.000000	0	none	0	none	0	none	none	max(insertion_type_count,local_deletion_type_count)
269|270	269	G	270	N	1.000000	1.000000	0.000000	0.000000	0.000000	0.000000	0.361395	1.921928	0.866667	0.200000	0.000000	0.000000	0	0.000000	0	0.361395	1.921928	0.866667	0.200000	0.000000	0.000000	0	0.000000	0	0	0.000000	0.361395	1.921928	0.866667	0.200000	0.000000	0.000000	0	none	0	none	0	none	none	max(insertion_type_count,local_deletion_type_count)
270|271	270	N	271	A	1.000000	1.000000	0.000000	0.000000	0.000000	0.000000	0.361395	1.921928	0.866667	0.200000	0.000000	0.000000	0	0.000000	0	0.361395	1.921928	0.866667	0.200000	0.000000	0.000000	0	0.000000	0	0	0.000000	0.361395	1.921928	0.866667	0.200000	0.000000	0.000000	0	none	0	none	0	none	none	max(insertion_type_count,local_deletion_type_count)
271|272	271	A	272	K	1.000000	0.800000	0.000000	0.721928	0.000000	0.000000	0.340643	1.921928	0.833333	0.200000	0.000000	0.000000	0	0.000000	0	0.340643	1.921928	0.833333	0.200000	0.000000	0.000000	0	0.000000	0	0	0.000000	0.340643	1.921928	0.833333	0.200000	0.000000	0.000000	0	none	0	none	0	none	none	max(insertion_type_count,local_deletion_type_count)
272|273	272	K	273	C	0.800000	1.000000	0.721928	0.000000	0.000000	0.000000	0.180482	0.721928	0.900000	0.200000	0.000000	0.000000	0	0.000000	0	0.180482	0.721928	0.900000	0.200000	0.000000	0.000000	0	0.000000	0	0	0.000000	0.180482	0.721928	0.900000	0.200000	0.000000	0.000000	0	none	0	none	0	none	none	max(insertion_type_count,local_deletion_type_count)
273|274	273	C	274	C	1.000000	1.000000	0.000000	0.000000	0.000000	0.000000	0.120321	0.721928	0.916667	0.200000	0.000000	0.000000	0	0.000000	0	0.120321	0.721928	0.916667	0.200000	0.000000	0.000000	0	0.000000	0	0	0.000000	0.120321	0.721928	0.916667	0.200000	0.000000	0.000000	0	none	0	none	0	none	none	max(insertion_type_count,local_deletion_type_count)
274|275	274	C	275	P	1.000000	1.000000	0.000000	0.000000	0.000000	0.000000	0.120321	0.721928	0.916667	0.200000	0.000000	0.000000	0	0.000000	0	0.120321	0.721928	0.916667	0.200000	0.000000	0.000000	0	0.000000	0	0	0.000000	0.120321	0.721928	0.916667	0.200000	0.000000	0.000000	0	none	0	none	0	none	none	max(insertion_type_count,local_deletion_type_count)
275|276	275	P	276	F	1.000000	1.000000	0.000000	0.000000	0.000000	0.000000	0.120321	0.721928	0.916667	0.200000	0.000000	0.000000	0	0.000000	0	0.120321	0.721928	0.916667	0.200000	0.000000	0.000000	0	0.000000	0	0	0.000000	0.120321	0.721928	0.916667	0.200000	0.000000	0.000000	0	none	0	none	0	none	none	max(insertion_type_count,local_deletion_type_count)
276|277	276	F	277	I	1.000000	0.200000	0.000000	0.721928	0.000000	0.000000	0.120321	0.721928	0.916667	0.200000	0.000000	0.000000	0	0.000000	0	0.120321	0.721928	0.916667	0.200000	0.000000	0.000000	0	0.000000	0	0	0.000000	0.120321	0.721928	0.916667	0.200000	0.000000	0.000000	0	none	0	none	0	none	none	max(insertion_type_count,local_deletion_type_count)
277|278	277	I	278	C	0.200000	1.000000	0.721928	0.000000	0.000000	0.000000	0.245321	1.500000	0.854167	0.200000	0.000000	0.000000	0	0.000000	0	0.245321	1.500000	0.854167	0.200000	0.000000	0.000000	0	0.000000	0	0	0.000000	0.245321	1.500000	0.854167	0.200000	0.000000	0.000000	0	none	0	none	0	none	none	max(insertion_type_count,local_deletion_type_count)
278|279	278	C	279	G	1.000000	1.000000	0.000000	0.000000	0.000000	0.000000	0.185161	1.500000	0.870833	0.200000	0.000000	0.000000	0	0.000000	0	0.185161	1.500000	0.870833	0.200000	0.000000	0.000000	0	0.000000	0	0	0.000000	0.185161	1.500000	0.870833	0.200000	0.000000	0.000000	0	none	0	none	0	none	none	max(insertion_type_count,local_deletion_type_count)
279|280	279	G	280	K	1.000000	1.000000	0.000000	0.000000	0.000000	0.000000	0.185161	1.500000	0.870833	0.200000	0.000000	0.000000	0	0.000000	0	0.185161	1.500000	0.870833	0.200000	0.000000	0.000000	0	0.000000	0	0	0.000000	0.185161	1.500000	0.870833	0.200000	0.000000	0.000000	0	none	0	none	0	none	none	max(insertion_type_count,local_deletion_type_count)
280|281	280	K	281	A	1.000000	1.000000	0.000000	0.000000	0.000000	0.000000	0.185161	1.500000	0.870833	0.200000	0.000000	0.000000	0	0.000000	0	0.185161	1.500000	0.870833	0.200000	0.000000	0.000000	0	0.000000	0	0	0.000000	0.185161	1.500000	0.870833	0.200000	0.000000	0.000000	0	none	0	none	0	none	none	max(insertion_type_count,local_deletion_type_count)
281|282	281	A	282	V	1.000000	1.000000	0.000000	0.000000	0.000000	0.000000	0.185161	1.500000	0.870833	0.200000	0.000000	0.000000	0	0.000000	0	0.185161	1.500000	0.870833	0.200000	0.000000	0.000000	0	0.000000	0	0	0.000000	0.185161	1.500000	0.870833	0.200000	0.000000	0.000000	0	none	0	none	0	none	none	max(insertion_type_count,local_deletion_type_count)
282|283	282	V	283	E	1.000000	0.250000	0.000000	1.500000	0.000000	0.000000	0.266073	1.500000	0.837500	0.200000	0.000000	0.000000	0	0.000000	0	0.266073	1.500000	0.837500	0.200000	0.000000	0.000000	0	0.000000	0	0	0.000000	0.266073	1.500000	0.837500	0.200000	0.000000	0.000000	0	none	0	none	0	none	none	max(insertion_type_count,local_deletion_type_count)
283|284	283	E	284	F	0.250000	1.000000	1.500000	0.000000	0.000000	0.000000	0.286825	1.500000	0.854167	0.250000	0.000000	0.000000	0	0.000000	0	0.286825	1.500000	0.854167	0.250000	0.000000	0.000000	0	0.000000	0	0	0.000000	0.286825	1.500000	0.854167	0.250000	0.000000	0.000000	0	none	0	none	0	none	none	max(insertion_type_count,local_deletion_type_count)
284|285	284	F	285	K	1.000000	1.000000	0.000000	0.000000	0.000000	0.000000	0.286825	1.500000	0.854167	0.250000	0.000000	0.000000	0	0.000000	0	0.286825	1.500000	0.854167	0.250000	0.000000	0.000000	0	0.000000	0	0	0.000000	0.286825	1.500000	0.854167	0.250000	0.000000	0.000000	0	none	0	none	0	none	none	max(insertion_type_count,local_deletion_type_count)
285|286	285	K	286	D	1.000000	1.000000	0.000000	0.000000	0.000000	0.000000	0.446986	1.921928	0.787500	0.200000	0.000000	0.000000	0	0.000000	0	0.446986	1.921928	0.787500	0.200000	0.000000	0.000000	0	0.000000	0	0	0.000000	0.446986	1.921928	0.787500	0.200000	0.000000	0.000000	0	none	0	none	0	none	none	max(insertion_type_count,local_deletion_type_count)
286|287	286	D	287	R	1.000000	1.000000	0.000000	0.000000	0.000000	0.000000	0.507147	1.921928	0.770833	0.200000	0.000000	0.000000	0	0.000000	0	0.507147	1.921928	0.770833	0.200000	0.000000	0.000000	0	0.000000	0	0	0.000000	0.507147	1.921928	0.770833	0.200000	0.000000	0.000000	0	none	0	none	0	none	none	max(insertion_type_count,local_deletion_type_count)
287|288	287	R	288	N	1.000000	0.600000	0.000000	0.970951	0.000000	0.000000	0.567307	1.921928	0.704167	0.200000	0.000000	0.000000	0	0.000000	0	0.567307	1.921928	0.704167	0.200000	0.000000	0.000000	0	0.000000	0	0	0.000000	0.567307	1.921928	0.704167	0.200000	0.000000	0.000000	0	none	0	none	0	none	none	max(insertion_type_count,local_deletion_type_count)
288|289	288	N	289	S	0.600000	0.400000	0.970951	0.970951	0.000000	0.000000	0.648220	1.921928	0.670833	0.200000	0.000000	0.000000	0	0.000000	0	0.648220	1.921928	0.670833	0.200000	0.000000	0.000000	0	0.000000	0	0	0.000000	0.648220	1.921928	0.670833	0.200000	0.000000	0.000000	0	none	0	none	0	none	none	max(insertion_type_count,local_deletion_type_count)
289|290	289	S	290	C	0.400000	1.000000	0.970951	0.000000	0.000000	0.000000	0.523220	1.921928	0.733333	0.200000	0.000000	0.000000	0	0.000000	0	0.523220	1.921928	0.733333	0.200000	0.000000	0.000000	0	0.000000	0	0	0.000000	0.523220	1.921928	0.733333	0.200000	0.000000	0.000000	0	none	0	none	0	none	none	max(insertion_type_count,local_deletion_type_count)
290|291	290	C	291	T	1.000000	0.200000	0.000000	1.921928	0.000000	0.000000	0.604132	1.921928	0.683333	0.200000	0.000000	0.000000	0	0.000000	0	0.604132	1.921928	0.683333	0.200000	0.000000	0.000000	0	0.000000	0	0	0.000000	0.604132	1.921928	0.683333	0.200000	0.000000	0.000000	0	none	0	none	0	none	none	max(insertion_type_count,local_deletion_type_count)
291|292	291	T	292	T	0.200000	0.800000	1.921928	0.721928	0.000000	0.000000	0.604132	1.921928	0.683333	0.200000	0.000000	0.000000	0	0.000000	0	0.604132	1.921928	0.683333	0.200000	0.000000	0.000000	0	0.000000	0	0	0.000000	0.604132	1.921928	0.683333	0.200000	0.000000	0.000000	0	none	0	none	0	none	none	max(insertion_type_count,local_deletion_type_count)
292|293	292	T	293	L	0.800000	0.200000	0.721928	0.721928	0.000000	0.000000	0.718378	1.921928	0.616667	0.200000	0.000000	0.000000	0	0.000000	0	0.718378	1.921928	0.616667	0.200000	0.000000	0.000000	0	0.000000	0	0	0.000000	0.718378	1.921928	0.616667	0.200000	0.000000	0.000000	0	none	0	none	0	none	none	max(insertion_type_count,local_deletion_type_count)
293|294	293	L	294	S	0.200000	0.600000	0.721928	0.970951	0.000000	0.000000	0.718378	1.921928	0.616667	0.200000	0.000000	0.000000	0	0.000000	0	0.718378	1.921928	0.616667	0.200000	0.000000	0.000000	0	0.000000	0	0	0.000000	0.718378	1.921928	0.616667	0.200000	0.000000	0.000000	0	none	0	none	0	none	none	max(insertion_type_count,local_deletion_type_count)
294|295	294	S	295	L	0.600000	1.000000	0.970951	0.000000	0.000000	0.000000	0.697626	1.921928	0.583333	0.200000	0.000000	0.000000	0	0.000000	0	0.697626	1.921928	0.583333	0.200000	0.000000	0.000000	0	0.000000	0	0	0.000000	0.697626	1.921928	0.583333	0.200000	0.000000	0.000000	0	none	0	none	0	none	none	max(insertion_type_count,local_deletion_type_count)
295|296	295	L	296	S	1.000000	0.400000	0.000000	0.970951	0.000000	0.000000	0.730960	1.921928	0.600000	0.200000	0.000000	0.000000	0	0.000000	0	0.730960	1.921928	0.600000	0.200000	0.000000	0.000000	0	0.000000	0	0	0.000000	0.730960	1.921928	0.600000	0.200000	0.000000	0.000000	0	none	0	none	0	none	none	max(insertion_type_count,local_deletion_type_count)
296|297	296	S	297	Q	0.400000	1.000000	0.970951	0.000000	0.000000	0.000000	0.791120	1.921928	0.583333	0.200000	0.000000	0.000000	0	0.000000	0	0.791120	1.921928	0.583333	0.200000	0.000000	0.000000	0	0.000000	0	0	0.000000	0.791120	1.921928	0.583333	0.200000	0.000000	0.000000	0	none	0	none	0	none	none	max(insertion_type_count,local_deletion_type_count)
297|298	297	Q	298	L	1.000000	0.200000	0.000000	1.370951	0.000000	0.000000	0.745206	1.370951	0.583333	0.200000	0.000000	0.000000	0	0.000000	0	0.745206	1.370951	0.583333	0.200000	0.000000	0.000000	0	0.000000	0	0	0.000000	0.745206	1.370951	0.583333	0.200000	0.000000	0.000000	0	none	0	none	0	none	none	max(insertion_type_count,local_deletion_type_count)
298|299	298	L	299	Y	0.200000	1.000000	1.370951	0.000000	0.000000	0.000000	0.685045	1.370951	0.600000	0.200000	0.000000	0.000000	0	0.000000	0	0.685045	1.370951	0.600000	0.200000	0.000000	0.000000	0	0.000000	0	0	0.000000	0.685045	1.370951	0.600000	0.200000	0.000000	0.000000	0	none	0	none	0	none	none	max(insertion_type_count,local_deletion_type_count)
299|300	299	Y	300	S	1.000000	0.200000	0.000000	0.721928	0.000000	0.000000	0.624884	1.370951	0.666667	0.200000	0.000000	0.000000	0	0.000000	0	0.624884	1.370951	0.666667	0.200000	0.000000	0.000000	0	0.000000	0	0	0.000000	0.624884	1.370951	0.666667	0.200000	0.000000	0.000000	0	none	0	none	0	none	none	max(insertion_type_count,local_deletion_type_count)
300|301	300	S	301	H	0.200000	0.600000	0.721928	1.370951	0.000000	0.000000	0.543972	1.370951	0.700000	0.200000	0.000000	0.000000	0	0.000000	0	0.543972	1.370951	0.700000	0.200000	0.000000	0.000000	0	0.000000	0	0	0.000000	0.543972	1.370951	0.700000	0.200000	0.000000	0.000000	0	none	0	none	0	none	none	max(insertion_type_count,local_deletion_type_count)
301|302	301	H	302	I	0.600000	0.800000	1.370951	0.721928	0.000000	0.000000	0.624884	1.370951	0.650000	0.200000	0.000000	0.000000	0	0.000000	0	0.624884	1.370951	0.650000	0.200000	0.000000	0.000000	0	0.000000	0	0	0.000000	0.624884	1.370951	0.650000	0.200000	0.000000	0.000000	0	none	0	none	0	none	none	max(insertion_type_count,local_deletion_type_count)
302|303	302	I	303	K	0.800000	0.200000	0.721928	1.370951	0.000000	0.000000	0.543972	1.370951	0.700000	0.200000	0.000000	0.000000	0	0.000000	0	0.543972	1.370951	0.700000	0.200000	0.000000	0.000000	0	0.000000	0	0	0.000000	0.543972	1.370951	0.700000	0.200000	0.000000	0.000000	0	none	0	none	0	none	none	max(insertion_type_count,local_deletion_type_count)
303|304	303	K	304	E	0.200000	1.000000	1.370951	0.000000	0.000000	0.000000	0.543972	1.370951	0.700000	0.200000	0.000000	0.000000	0	0.000000	0	0.543972	1.370951	0.700000	0.200000	0.000000	0.000000	0	0.000000	0	0	0.000000	0.543972	1.370951	0.700000	0.200000	0.000000	0.000000	0	none	0	none	0	none	none	max(insertion_type_count,local_deletion_type_count)
304|305	304	E	305	E	1.000000	1.000000	0.000000	0.000000	0.000000	0.000000	0.489886	1.370951	0.700000	0.200000	0.000000	0.000000	0	0.000000	0	0.489886	1.370951	0.700000	0.200000	0.000000	0.000000	0	0.000000	0	0	0.000000	0.489886	1.370951	0.700000	0.200000	0.000000	0.000000	0	none	0	none	0	none	none	max(insertion_type_count,local_deletion_type_count)
305|306	305	E	306	D	1.000000	1.000000	0.000000	0.000000	0.000000	0.000000	0.550047	1.370951	0.633333	0.200000	0.000000	0.000000	0	0.000000	0	0.550047	1.370951	0.633333	0.200000	0.000000	0.000000	0	0.000000	0	0	0.000000	0.550047	1.370951	0.633333	0.200000	0.000000	0.000000	0	none	0	none	0	none	none	max(insertion_type_count,local_deletion_type_count)
306|307	306	D	307	R	1.000000	0.400000	0.000000	0.970951	0.000000	0.000000	0.550047	1.370951	0.633333	0.200000	0.000000	0.000000	0	0.000000	0	0.550047	1.370951	0.633333	0.200000	0.000000	0.000000	0	0.000000	0	0	0.000000	0.550047	1.370951	0.633333	0.200000	0.000000	0.000000	0	none	0	none	0	none	none	max(insertion_type_count,local_deletion_type_count)
307|308	307	R	308	R	0.400000	1.000000	0.970951	0.000000	0.000000	0.000000	0.495962	1.370951	0.600000	0.200000	0.000000	0.000000	0	0.000000	0	0.495962	1.370951	0.600000	0.200000	0.000000	0.000000	0	0.000000	0	0	0.000000	0.495962	1.370951	0.600000	0.200000	0.000000	0.000000	0	none	0	none	0	none	none	max(insertion_type_count,local_deletion_type_count)
308|309	308	R	309	R	1.000000	1.000000	0.000000	0.000000	0.000000	0.000000	0.495962	1.370951	0.550000	0.200000	0.000000	0.000000	0	0.000000	0	0.495962	1.370951	0.550000	0.200000	0.000000	0.000000	0	0.000000	0	0	0.000000	0.495962	1.370951	0.550000	0.200000	0.000000	0.000000	0	none	0	none	0	none	none	max(insertion_type_count,local_deletion_type_count)
309|310	309	R	310	S	1.000000	0.200000	0.000000	0.721928	0.000000	0.000000	0.441877	0.970951	0.550000	0.200000	0.000000	0.000000	0	0.000000	0	0.441877	0.970951	0.550000	0.200000	0.000000	0.000000	0	0.000000	0	0	0.000000	0.441877	0.970951	0.550000	0.200000	0.000000	0.000000	0	none	0	none	0	none	none	max(insertion_type_count,local_deletion_type_count)
310|311	310	S	311	S	0.200000	0.200000	0.721928	0.721928	0.000000	0.000000	0.441877	0.970951	0.550000	0.200000	0.000000	0.000000	0	0.000000	0	0.441877	0.970951	0.550000	0.200000	0.000000	0.000000	0	0.000000	0	0	0.000000	0.441877	0.970951	0.550000	0.200000	0.000000	0.000000	0	none	0	none	0	none	none	max(insertion_type_count,local_deletion_type_count)
311|312	311	S	312	A	0.200000	0.200000	0.721928	0.721928	0.000000	0.000000	0.556122	1.370951	0.483333	0.200000	0.000000	0.000000	0	0.000000	0	0.556122	1.370951	0.483333	0.200000	0.000000	0.000000	0	0.000000	0	0	0.000000	0.556122	1.370951	0.483333	0.200000	0.000000	0.000000	0	none	0	none	0	none	none	max(insertion_type_count,local_deletion_type_count)
312|313	312	A	313	A	0.200000	0.200000	0.721928	0.721928	0.000000	0.000000	0.556122	1.370951	0.483333	0.200000	0.000000	0.000000	0	0.000000	0	0.556122	1.370951	0.483333	0.200000	0.000000	0.000000	0	0.000000	0	0	0.000000	0.556122	1.370951	0.483333	0.200000	0.000000	0.000000	0	none	0	none	0	none	none	max(insertion_type_count,local_deletion_type_count)
313|314	313	A	314	Q	0.200000	0.200000	0.721928	0.721928	0.000000	0.000000	0.475210	1.370951	0.533333	0.200000	0.000000	0.000000	0	0.000000	0	0.475210	1.370951	0.533333	0.200000	0.000000	0.000000	0	0.000000	0	0	0.000000	0.475210	1.370951	0.533333	0.200000	0.000000	0.000000	0	none	0	none	0	none	none	max(insertion_type_count,local_deletion_type_count)
314|315	314	Q	315	A	0.200000	0.200000	0.721928	0.721928	0.000000	0.000000	0.475210	1.370951	0.533333	0.200000	0.000000	0.000000	0	0.000000	0	0.475210	1.370951	0.533333	0.200000	0.000000	0.000000	0	0.000000	0	0	0.000000	0.475210	1.370951	0.533333	0.200000	0.000000	0.000000	0	none	0	none	0	none	none	max(insertion_type_count,local_deletion_type_count)
315|316	315	A	316	M	0.200000	1.000000	0.721928	0.000000	0.000000	0.000000	0.475210	1.370951	0.533333	0.200000	0.000000	0.000000	0	0.000000	0	0.475210	1.370951	0.533333	0.200000	0.000000	0.000000	0	0.000000	0	0	0.000000	0.475210	1.370951	0.533333	0.200000	0.000000	0.000000	0	none	0	none	0	none	none	max(insertion_type_count,local_deletion_type_count)
316|317	316	M	317	E	1.000000	0.200000	0.000000	1.370951	0.000000	0.000000	0.452781	1.370951	0.563636	0.200000	0.000000	0.000000	0	0.000000	0	0.452781	1.370951	0.563636	0.200000	0.000000	0.000000	0	0.000000	0	0	0.000000	0.452781	1.370951	0.563636	0.200000	0.000000	0.000000	0	none	0	none	0	none	none	max(insertion_type_count,local_deletion_type_count)
317|318	317	E	318	A	0.200000	1.000000	1.370951	0.000000	0.000000	0.000000	0.425866	1.370951	0.600000	0.200000	0.000000	0.000000	0	0.000000	0	0.425866	1.370951	0.600000	0.200000	0.000000	0.000000	0	0.000000	0	0	0.000000	0.425866	1.370951	0.600000	0.200000	0.000000	0.000000	0	none	0	none	0	none	none	max(insertion_type_count,local_deletion_type_count)
318|319	318	A	319	I	1.000000	1.000000	0.000000	0.000000	0.000000	0.000000	0.392971	1.370951	0.644444	0.200000	0.000000	0.000000	0	0.000000	0	0.392971	1.370951	0.644444	0.200000	0.000000	0.000000	0	0.000000	0	0	0.000000	0.392971	1.370951	0.644444	0.200000	0.000000	0.000000	0	none	0	none	0	none	none	max(insertion_type_count,local_deletion_type_count)
319|320	319	I	320	F	1.000000	1.000000	0.000000	0.000000	0.000000	0.000000	0.351851	1.370951	0.700000	0.200000	0.000000	0.000000	0	0.000000	0	0.351851	1.370951	0.700000	0.200000	0.000000	0.000000	0	0.000000	0	0	0.000000	0.351851	1.370951	0.700000	0.200000	0.000000	0.000000	0	none	0	none	0	none	none	max(insertion_type_count,local_deletion_type_count)
320|321	320	F	321	Q	1.000000	1.000000	0.000000	0.000000	0.000000	0.000000	0.298983	1.370951	0.771429	0.200000	0.000000	0.000000	0	0.000000	0	0.298983	1.370951	0.771429	0.200000	0.000000	0.000000	0	0.000000	0	0	0.000000	0.298983	1.370951	0.771429	0.200000	0.000000	0.000000	0	none	0	none	0	none	none	max(insertion_type_count,local_deletion_type_count)
