junction	left_resid	right_resid	nearest_A89_mapped_RNA_or_RNA_coupled_residue	nearest_residue_evidence_note	nearest_distance_residues	rna_holoenzyme_context_class	pore_facing_orientation_status	local_RNA_path_distance_A	ATPase_RNA_coupling_neighborhood	homolog_mapping_confidence	evidence_boundary
1|2	1	2	155	FMDV_D146/CVB3_D162 preprint homolog; mutationally tolerant in CVB3 context	153	no_close_mapped_RNA_contact	proxy_from_existing_A89_hexamer_radial_metric;no_preprint_coordinates_committed	NA_preprint_coordinates_not_available_in_repository	no_close_mapped_neighborhood	medium_from_existing_CVB3_to_A89_explicit_mapping	homolog_preprint_supporting_context_not_binary_veto
2|3	2	3	155	FMDV_D146/CVB3_D162 preprint homolog; mutationally tolerant in CVB3 context	152	no_close_mapped_RNA_contact	proxy_from_existing_A89_hexamer_radial_metric;no_preprint_coordinates_committed	NA_preprint_coordinates_not_available_in_repository	no_close_mapped_neighborhood	medium_from_existing_CVB3_to_A89_explicit_mapping	homolog_preprint_supporting_context_not_binary_veto
3|4	3	4	155	FMDV_D146/CVB3_D162 preprint homolog; mutationally tolerant in CVB3 context	151	no_close_mapped_RNA_contact	proxy_from_existing_A89_hexamer_radial_metric;no_preprint_coordinates_committed	NA_preprint_coordinates_not_available_in_repository	no_close_mapped_neighborhood	medium_from_existing_CVB3_to_A89_explicit_mapping	homolog_preprint_supporting_context_not_binary_veto
4|5	4	5	155	FMDV_D146/CVB3_D162 preprint homolog; mutationally tolerant in CVB3 context	150	no_close_mapped_RNA_contact	proxy_from_existing_A89_hexamer_radial_metric;no_preprint_coordinates_committed	NA_preprint_coordinates_not_available_in_repository	no_close_mapped_neighborhood	medium_from_existing_CVB3_to_A89_explicit_mapping	homolog_preprint_supporting_context_not_binary_veto
5|6	5	6	155	FMDV_D146/CVB3_D162 preprint homolog; mutationally tolerant in CVB3 context	149	no_close_mapped_RNA_contact	proxy_from_existing_A89_hexamer_radial_metric;no_preprint_coordinates_committed	NA_preprint_coordinates_not_available_in_repository	no_close_mapped_neighborhood	medium_from_existing_CVB3_to_A89_explicit_mapping	homolog_preprint_supporting_context_not_binary_veto
6|7	6	7	155	FMDV_D146/CVB3_D162 preprint homolog; mutationally tolerant in CVB3 context	148	no_close_mapped_RNA_contact	proxy_from_existing_A89_hexamer_radial_metric;no_preprint_coordinates_committed	NA_preprint_coordinates_not_available_in_repository	no_close_mapped_neighborhood	medium_from_existing_CVB3_to_A89_explicit_mapping	homolog_preprint_supporting_context_not_binary_veto
7|8	7	8	155	FMDV_D146/CVB3_D162 preprint homolog; mutationally tolerant in CVB3 context	147	no_close_mapped_RNA_contact	proxy_from_existing_A89_hexamer_radial_metric;no_preprint_coordinates_committed	NA_preprint_coordinates_not_available_in_repository	no_close_mapped_neighborhood	medium_from_existing_CVB3_to_A89_explicit_mapping	homolog_preprint_supporting_context_not_binary_veto
8|9	8	9	155	FMDV_D146/CVB3_D162 preprint homolog; mutationally tolerant in CVB3 context	146	no_close_mapped_RNA_contact	proxy_from_existing_A89_hexamer_radial_metric;no_preprint_coordinates_committed	NA_preprint_coordinates_not_available_in_repository	no_close_mapped_neighborhood	medium_from_existing_CVB3_to_A89_explicit_mapping	homolog_preprint_supporting_context_not_binary_veto
9|10	9	10	155	FMDV_D146/CVB3_D162 preprint homolog; mutationally tolerant in CVB3 context	145	no_close_mapped_RNA_contact	proxy_from_existing_A89_hexamer_radial_metric;no_preprint_coordinates_committed	NA_preprint_coordinates_not_available_in_repository	no_close_mapped_neighborhood	medium_from_existing_CVB3_to_A89_explicit_mapping	homolog_preprint_supporting_context_not_binary_veto
10|11	10	11	155	FMDV_D146/CVB3_D162 preprint homolog; mutationally tolerant in CVB3 context	144	no_close_mapped_RNA_contact	proxy_from_existing_A89_hexamer_radial_metric;no_preprint_coordinates_committed	NA_preprint_coordinates_not_available_in_repository	no_close_mapped_neighborhood	medium_from_existing_CVB3_to_A89_explicit_mapping	homolog_preprint_supporting_context_not_binary_veto
11|12	11	12	155	FMDV_D146/CVB3_D162 preprint homolog; mutationally tolerant in CVB3 context	143	no_close_mapped_RNA_contact	proxy_from_existing_A89_hexamer_radial_metric;no_preprint_coordinates_committed	NA_preprint_coordinates_not_available_in_repository	no_close_mapped_neighborhood	medium_from_existing_CVB3_to_A89_explicit_mapping	homolog_preprint_supporting_context_not_binary_veto
12|13	12	13	155	FMDV_D146/CVB3_D162 preprint homolog; mutationally tolerant in CVB3 context	142	no_close_mapped_RNA_contact	proxy_from_existing_A89_hexamer_radial_metric;no_preprint_coordinates_committed	NA_preprint_coordinates_not_available_in_repository	no_close_mapped_neighborhood	medium_from_existing_CVB3_to_A89_explicit_mapping	homolog_preprint_supporting_context_not_binary_veto
13|14	13	14	155	FMDV_D146/CVB3_D162 preprint homolog; mutationally tolerant in CVB3 context	141	no_close_mapped_RNA_contact	proxy_from_existing_A89_hexamer_radial_metric;no_preprint_coordinates_committed	NA_preprint_coordinates_not_available_in_repository	no_close_mapped_neighborhood	medium_from_existing_CVB3_to_A89_explicit_mapping	homolog_preprint_supporting_context_not_binary_veto
14|15	14	15	155	FMDV_D146/CVB3_D162 preprint homolog; mutationally tolerant in CVB3 context	140	no_close_mapped_RNA_contact	proxy_from_existing_A89_hexamer_radial_metric;no_preprint_coordinates_committed	NA_preprint_coordinates_not_available_in_repository	no_close_mapped_neighborhood	medium_from_existing_CVB3_to_A89_explicit_mapping	homolog_preprint_supporting_context_not_binary_veto
15|16	15	16	155	FMDV_D146/CVB3_D162 preprint homolog; mutationally tolerant in CVB3 context	139	no_close_mapped_RNA_contact	proxy_from_existing_A89_hexamer_radial_metric;no_preprint_coordinates_committed	NA_preprint_coordinates_not_available_in_repository	no_close_mapped_neighborhood	medium_from_existing_CVB3_to_A89_explicit_mapping	homolog_preprint_supporting_context_not_binary_veto
16|17	16	17	155	FMDV_D146/CVB3_D162 preprint homolog; mutationally tolerant in CVB3 context	138	no_close_mapped_RNA_contact	proxy_from_existing_A89_hexamer_radial_metric;no_preprint_coordinates_committed	NA_preprint_coordinates_not_available_in_repository	no_close_mapped_neighborhood	medium_from_existing_CVB3_to_A89_explicit_mapping	homolog_preprint_supporting_context_not_binary_veto
17|18	17	18	155	FMDV_D146/CVB3_D162 preprint homolog; mutationally tolerant in CVB3 context	137	no_close_mapped_RNA_contact	proxy_from_existing_A89_hexamer_radial_metric;no_preprint_coordinates_committed	NA_preprint_coordinates_not_available_in_repository	no_close_mapped_neighborhood	medium_from_existing_CVB3_to_A89_explicit_mapping	homolog_preprint_supporting_context_not_binary_veto
18|19	18	19	155	FMDV_D146/CVB3_D162 preprint homolog; mutationally tolerant in CVB3 context	136	no_close_mapped_RNA_contact	proxy_from_existing_A89_hexamer_radial_metric;no_preprint_coordinates_committed	NA_preprint_coordinates_not_available_in_repository	no_close_mapped_neighborhood	medium_from_existing_CVB3_to_A89_explicit_mapping	homolog_preprint_supporting_context_not_binary_veto
19|20	19	20	155	FMDV_D146/CVB3_D162 preprint homolog; mutationally tolerant in CVB3 context	135	no_close_mapped_RNA_contact	proxy_from_existing_A89_hexamer_radial_metric;no_preprint_coordinates_committed	NA_preprint_coordinates_not_available_in_repository	no_close_mapped_neighborhood	medium_from_existing_CVB3_to_A89_explicit_mapping	homolog_preprint_supporting_context_not_binary_veto
20|21	20	21	155	FMDV_D146/CVB3_D162 preprint homolog; mutationally tolerant in CVB3 context	134	no_close_mapped_RNA_contact	proxy_from_existing_A89_hexamer_radial_metric;no_preprint_coordinates_committed	NA_preprint_coordinates_not_available_in_repository	no_close_mapped_neighborhood	medium_from_existing_CVB3_to_A89_explicit_mapping	homolog_preprint_supporting_context_not_binary_veto
21|22	21	22	155	FMDV_D146/CVB3_D162 preprint homolog; mutationally tolerant in CVB3 context	133	no_close_mapped_RNA_contact	proxy_from_existing_A89_hexamer_radial_metric;no_preprint_coordinates_committed	NA_preprint_coordinates_not_available_in_repository	no_close_mapped_neighborhood	medium_from_existing_CVB3_to_A89_explicit_mapping	homolog_preprint_supporting_context_not_binary_veto
22|23	22	23	155	FMDV_D146/CVB3_D162 preprint homolog; mutationally tolerant in CVB3 context	132	no_close_mapped_RNA_contact	proxy_from_existing_A89_hexamer_radial_metric;no_preprint_coordinates_committed	NA_preprint_coordinates_not_available_in_repository	no_close_mapped_neighborhood	medium_from_existing_CVB3_to_A89_explicit_mapping	homolog_preprint_supporting_context_not_binary_veto
23|24	23	24	155	FMDV_D146/CVB3_D162 preprint homolog; mutationally tolerant in CVB3 context	131	no_close_mapped_RNA_contact	proxy_from_existing_A89_hexamer_radial_metric;no_preprint_coordinates_committed	NA_preprint_coordinates_not_available_in_repository	no_close_mapped_neighborhood	medium_from_existing_CVB3_to_A89_explicit_mapping	homolog_preprint_supporting_context_not_binary_veto
24|25	24	25	155	FMDV_D146/CVB3_D162 preprint homolog; mutationally tolerant in CVB3 context	130	no_close_mapped_RNA_contact	proxy_from_existing_A89_hexamer_radial_metric;no_preprint_coordinates_committed	NA_preprint_coordinates_not_available_in_repository	no_close_mapped_neighborhood	medium_from_existing_CVB3_to_A89_explicit_mapping	homolog_preprint_supporting_context_not_binary_veto
25|26	25	26	155	FMDV_D146/CVB3_D162 preprint homolog; mutationally tolerant in CVB3 context	129	no_close_mapped_RNA_contact	proxy_from_existing_A89_hexamer_radial_metric;no_preprint_coordinates_committed	NA_preprint_coordinates_not_available_in_repository	no_close_mapped_neighborhood	medium_from_existing_CVB3_to_A89_explicit_mapping	homolog_preprint_supporting_context_not_binary_veto
26|27	26	27	155	FMDV_D146/CVB3_D162 preprint homolog; mutationally tolerant in CVB3 context	128	no_close_mapped_RNA_contact	proxy_from_existing_A89_hexamer_radial_metric;no_preprint_coordinates_committed	NA_preprint_coordinates_not_available_in_repository	no_close_mapped_neighborhood	medium_from_existing_CVB3_to_A89_explicit_mapping	homolog_preprint_supporting_context_not_binary_veto
27|28	27	28	155	FMDV_D146/CVB3_D162 preprint homolog; mutationally tolerant in CVB3 context	127	no_close_mapped_RNA_contact	proxy_from_existing_A89_hexamer_radial_metric;no_preprint_coordinates_committed	NA_preprint_coordinates_not_available_in_repository	no_close_mapped_neighborhood	medium_from_existing_CVB3_to_A89_explicit_mapping	homolog_preprint_supporting_context_not_binary_veto
28|29	28	29	155	FMDV_D146/CVB3_D162 preprint homolog; mutationally tolerant in CVB3 context	126	no_close_mapped_RNA_contact	proxy_from_existing_A89_hexamer_radial_metric;no_preprint_coordinates_committed	NA_preprint_coordinates_not_available_in_repository	no_close_mapped_neighborhood	medium_from_existing_CVB3_to_A89_explicit_mapping	homolog_preprint_supporting_context_not_binary_veto
29|30	29	30	155	FMDV_D146/CVB3_D162 preprint homolog; mutationally tolerant in CVB3 context	125	no_close_mapped_RNA_contact	proxy_from_existing_A89_hexamer_radial_metric;no_preprint_coordinates_committed	NA_preprint_coordinates_not_available_in_repository	no_close_mapped_neighborhood	medium_from_existing_CVB3_to_A89_explicit_mapping	homolog_preprint_supporting_context_not_binary_veto
30|31	30	31	155	FMDV_D146/CVB3_D162 preprint homolog; mutationally tolerant in CVB3 context	124	pore_proximal_model_context	proxy_from_existing_A89_hexamer_radial_metric;no_preprint_coordinates_committed	NA_preprint_coordinates_not_available_in_repository	no_close_mapped_neighborhood	medium_from_existing_CVB3_to_A89_explicit_mapping	homolog_preprint_supporting_context_not_binary_veto
31|32	31	32	155	FMDV_D146/CVB3_D162 preprint homolog; mutationally tolerant in CVB3 context	123	pore_proximal_model_context	proxy_from_existing_A89_hexamer_radial_metric;no_preprint_coordinates_committed	NA_preprint_coordinates_not_available_in_repository	no_close_mapped_neighborhood	medium_from_existing_CVB3_to_A89_explicit_mapping	homolog_preprint_supporting_context_not_binary_veto
32|33	32	33	155	FMDV_D146/CVB3_D162 preprint homolog; mutationally tolerant in CVB3 context	122	no_close_mapped_RNA_contact	proxy_from_existing_A89_hexamer_radial_metric;no_preprint_coordinates_committed	NA_preprint_coordinates_not_available_in_repository	no_close_mapped_neighborhood	medium_from_existing_CVB3_to_A89_explicit_mapping	homolog_preprint_supporting_context_not_binary_veto
33|34	33	34	155	FMDV_D146/CVB3_D162 preprint homolog; mutationally tolerant in CVB3 context	121	no_close_mapped_RNA_contact	proxy_from_existing_A89_hexamer_radial_metric;no_preprint_coordinates_committed	NA_preprint_coordinates_not_available_in_repository	no_close_mapped_neighborhood	medium_from_existing_CVB3_to_A89_explicit_mapping	homolog_preprint_supporting_context_not_binary_veto
34|35	34	35	155	FMDV_D146/CVB3_D162 preprint homolog; mutationally tolerant in CVB3 context	120	no_close_mapped_RNA_contact	proxy_from_existing_A89_hexamer_radial_metric;no_preprint_coordinates_committed	NA_preprint_coordinates_not_available_in_repository	no_close_mapped_neighborhood	medium_from_existing_CVB3_to_A89_explicit_mapping	homolog_preprint_supporting_context_not_binary_veto
35|36	35	36	155	FMDV_D146/CVB3_D162 preprint homolog; mutationally tolerant in CVB3 context	119	no_close_mapped_RNA_contact	proxy_from_existing_A89_hexamer_radial_metric;no_preprint_coordinates_committed	NA_preprint_coordinates_not_available_in_repository	no_close_mapped_neighborhood	medium_from_existing_CVB3_to_A89_explicit_mapping	homolog_preprint_supporting_context_not_binary_veto
36|37	36	37	155	FMDV_D146/CVB3_D162 preprint homolog; mutationally tolerant in CVB3 context	118	no_close_mapped_RNA_contact	proxy_from_existing_A89_hexamer_radial_metric;no_preprint_coordinates_committed	NA_preprint_coordinates_not_available_in_repository	no_close_mapped_neighborhood	medium_from_existing_CVB3_to_A89_explicit_mapping	homolog_preprint_supporting_context_not_binary_veto
37|38	37	38	155	FMDV_D146/CVB3_D162 preprint homolog; mutationally tolerant in CVB3 context	117	no_close_mapped_RNA_contact	proxy_from_existing_A89_hexamer_radial_metric;no_preprint_coordinates_committed	NA_preprint_coordinates_not_available_in_repository	no_close_mapped_neighborhood	medium_from_existing_CVB3_to_A89_explicit_mapping	homolog_preprint_supporting_context_not_binary_veto
38|39	38	39	155	FMDV_D146/CVB3_D162 preprint homolog; mutationally tolerant in CVB3 context	116	no_close_mapped_RNA_contact	proxy_from_existing_A89_hexamer_radial_metric;no_preprint_coordinates_committed	NA_preprint_coordinates_not_available_in_repository	no_close_mapped_neighborhood	medium_from_existing_CVB3_to_A89_explicit_mapping	homolog_preprint_supporting_context_not_binary_veto
39|40	39	40	155	FMDV_D146/CVB3_D162 preprint homolog; mutationally tolerant in CVB3 context	115	no_close_mapped_RNA_contact	proxy_from_existing_A89_hexamer_radial_metric;no_preprint_coordinates_committed	NA_preprint_coordinates_not_available_in_repository	no_close_mapped_neighborhood	medium_from_existing_CVB3_to_A89_explicit_mapping	homolog_preprint_supporting_context_not_binary_veto
40|41	40	41	155	FMDV_D146/CVB3_D162 preprint homolog; mutationally tolerant in CVB3 context	114	no_close_mapped_RNA_contact	proxy_from_existing_A89_hexamer_radial_metric;no_preprint_coordinates_committed	NA_preprint_coordinates_not_available_in_repository	no_close_mapped_neighborhood	medium_from_existing_CVB3_to_A89_explicit_mapping	homolog_preprint_supporting_context_not_binary_veto
41|42	41	42	155	FMDV_D146/CVB3_D162 preprint homolog; mutationally tolerant in CVB3 context	113	pore_proximal_model_context	proxy_from_existing_A89_hexamer_radial_metric;no_preprint_coordinates_committed	NA_preprint_coordinates_not_available_in_repository	no_close_mapped_neighborhood	medium_from_existing_CVB3_to_A89_explicit_mapping	homolog_preprint_supporting_context_not_binary_veto
42|43	42	43	155	FMDV_D146/CVB3_D162 preprint homolog; mutationally tolerant in CVB3 context	112	pore_proximal_model_context	proxy_from_existing_A89_hexamer_radial_metric;no_preprint_coordinates_committed	NA_preprint_coordinates_not_available_in_repository	no_close_mapped_neighborhood	medium_from_existing_CVB3_to_A89_explicit_mapping	homolog_preprint_supporting_context_not_binary_veto
43|44	43	44	155	FMDV_D146/CVB3_D162 preprint homolog; mutationally tolerant in CVB3 context	111	no_close_mapped_RNA_contact	proxy_from_existing_A89_hexamer_radial_metric;no_preprint_coordinates_committed	NA_preprint_coordinates_not_available_in_repository	no_close_mapped_neighborhood	medium_from_existing_CVB3_to_A89_explicit_mapping	homolog_preprint_supporting_context_not_binary_veto
44|45	44	45	155	FMDV_D146/CVB3_D162 preprint homolog; mutationally tolerant in CVB3 context	110	no_close_mapped_RNA_contact	proxy_from_existing_A89_hexamer_radial_metric;no_preprint_coordinates_committed	NA_preprint_coordinates_not_available_in_repository	no_close_mapped_neighborhood	medium_from_existing_CVB3_to_A89_explicit_mapping	homolog_preprint_supporting_context_not_binary_veto
45|46	45	46	155	FMDV_D146/CVB3_D162 preprint homolog; mutationally tolerant in CVB3 context	109	no_close_mapped_RNA_contact	proxy_from_existing_A89_hexamer_radial_metric;no_preprint_coordinates_committed	NA_preprint_coordinates_not_available_in_repository	no_close_mapped_neighborhood	medium_from_existing_CVB3_to_A89_explicit_mapping	homolog_preprint_supporting_context_not_binary_veto
46|47	46	47	155	FMDV_D146/CVB3_D162 preprint homolog; mutationally tolerant in CVB3 context	108	no_close_mapped_RNA_contact	proxy_from_existing_A89_hexamer_radial_metric;no_preprint_coordinates_committed	NA_preprint_coordinates_not_available_in_repository	no_close_mapped_neighborhood	medium_from_existing_CVB3_to_A89_explicit_mapping	homolog_preprint_supporting_context_not_binary_veto
47|48	47	48	155	FMDV_D146/CVB3_D162 preprint homolog; mutationally tolerant in CVB3 context	107	no_close_mapped_RNA_contact	proxy_from_existing_A89_hexamer_radial_metric;no_preprint_coordinates_committed	NA_preprint_coordinates_not_available_in_repository	no_close_mapped_neighborhood	medium_from_existing_CVB3_to_A89_explicit_mapping	homolog_preprint_supporting_context_not_binary_veto
48|49	48	49	155	FMDV_D146/CVB3_D162 preprint homolog; mutationally tolerant in CVB3 context	106	no_close_mapped_RNA_contact	proxy_from_existing_A89_hexamer_radial_metric;no_preprint_coordinates_committed	NA_preprint_coordinates_not_available_in_repository	no_close_mapped_neighborhood	medium_from_existing_CVB3_to_A89_explicit_mapping	homolog_preprint_supporting_context_not_binary_veto
49|50	49	50	155	FMDV_D146/CVB3_D162 preprint homolog; mutationally tolerant in CVB3 context	105	no_close_mapped_RNA_contact	proxy_from_existing_A89_hexamer_radial_metric;no_preprint_coordinates_committed	NA_preprint_coordinates_not_available_in_repository	no_close_mapped_neighborhood	medium_from_existing_CVB3_to_A89_explicit_mapping	homolog_preprint_supporting_context_not_binary_veto
50|51	50	51	155	FMDV_D146/CVB3_D162 preprint homolog; mutationally tolerant in CVB3 context	104	no_close_mapped_RNA_contact	proxy_from_existing_A89_hexamer_radial_metric;no_preprint_coordinates_committed	NA_preprint_coordinates_not_available_in_repository	no_close_mapped_neighborhood	medium_from_existing_CVB3_to_A89_explicit_mapping	homolog_preprint_supporting_context_not_binary_veto
51|52	51	52	155	FMDV_D146/CVB3_D162 preprint homolog; mutationally tolerant in CVB3 context	103	no_close_mapped_RNA_contact	proxy_from_existing_A89_hexamer_radial_metric;no_preprint_coordinates_committed	NA_preprint_coordinates_not_available_in_repository	no_close_mapped_neighborhood	medium_from_existing_CVB3_to_A89_explicit_mapping	homolog_preprint_supporting_context_not_binary_veto
52|53	52	53	155	FMDV_D146/CVB3_D162 preprint homolog; mutationally tolerant in CVB3 context	102	no_close_mapped_RNA_contact	proxy_from_existing_A89_hexamer_radial_metric;no_preprint_coordinates_committed	NA_preprint_coordinates_not_available_in_repository	no_close_mapped_neighborhood	medium_from_existing_CVB3_to_A89_explicit_mapping	homolog_preprint_supporting_context_not_binary_veto
53|54	53	54	155	FMDV_D146/CVB3_D162 preprint homolog; mutationally tolerant in CVB3 context	101	no_close_mapped_RNA_contact	proxy_from_existing_A89_hexamer_radial_metric;no_preprint_coordinates_committed	NA_preprint_coordinates_not_available_in_repository	no_close_mapped_neighborhood	medium_from_existing_CVB3_to_A89_explicit_mapping	homolog_preprint_supporting_context_not_binary_veto
54|55	54	55	155	FMDV_D146/CVB3_D162 preprint homolog; mutationally tolerant in CVB3 context	100	no_close_mapped_RNA_contact	proxy_from_existing_A89_hexamer_radial_metric;no_preprint_coordinates_committed	NA_preprint_coordinates_not_available_in_repository	no_close_mapped_neighborhood	medium_from_existing_CVB3_to_A89_explicit_mapping	homolog_preprint_supporting_context_not_binary_veto
55|56	55	56	155	FMDV_D146/CVB3_D162 preprint homolog; mutationally tolerant in CVB3 context	99	no_close_mapped_RNA_contact	proxy_from_existing_A89_hexamer_radial_metric;no_preprint_coordinates_committed	NA_preprint_coordinates_not_available_in_repository	no_close_mapped_neighborhood	medium_from_existing_CVB3_to_A89_explicit_mapping	homolog_preprint_supporting_context_not_binary_veto
56|57	56	57	155	FMDV_D146/CVB3_D162 preprint homolog; mutationally tolerant in CVB3 context	98	no_close_mapped_RNA_contact	proxy_from_existing_A89_hexamer_radial_metric;no_preprint_coordinates_committed	NA_preprint_coordinates_not_available_in_repository	no_close_mapped_neighborhood	medium_from_existing_CVB3_to_A89_explicit_mapping	homolog_preprint_supporting_context_not_binary_veto
57|58	57	58	155	FMDV_D146/CVB3_D162 preprint homolog; mutationally tolerant in CVB3 context	97	no_close_mapped_RNA_contact	proxy_from_existing_A89_hexamer_radial_metric;no_preprint_coordinates_committed	NA_preprint_coordinates_not_available_in_repository	no_close_mapped_neighborhood	medium_from_existing_CVB3_to_A89_explicit_mapping	homolog_preprint_supporting_context_not_binary_veto
58|59	58	59	155	FMDV_D146/CVB3_D162 preprint homolog; mutationally tolerant in CVB3 context	96	no_close_mapped_RNA_contact	proxy_from_existing_A89_hexamer_radial_metric;no_preprint_coordinates_committed	NA_preprint_coordinates_not_available_in_repository	no_close_mapped_neighborhood	medium_from_existing_CVB3_to_A89_explicit_mapping	homolog_preprint_supporting_context_not_binary_veto
59|60	59	60	155	FMDV_D146/CVB3_D162 preprint homolog; mutationally tolerant in CVB3 context	95	no_close_mapped_RNA_contact	proxy_from_existing_A89_hexamer_radial_metric;no_preprint_coordinates_committed	NA_preprint_coordinates_not_available_in_repository	no_close_mapped_neighborhood	medium_from_existing_CVB3_to_A89_explicit_mapping	homolog_preprint_supporting_context_not_binary_veto
60|61	60	61	155	FMDV_D146/CVB3_D162 preprint homolog; mutationally tolerant in CVB3 context	94	no_close_mapped_RNA_contact	proxy_from_existing_A89_hexamer_radial_metric;no_preprint_coordinates_committed	NA_preprint_coordinates_not_available_in_repository	no_close_mapped_neighborhood	medium_from_existing_CVB3_to_A89_explicit_mapping	homolog_preprint_supporting_context_not_binary_veto
61|62	61	62	155	FMDV_D146/CVB3_D162 preprint homolog; mutationally tolerant in CVB3 context	93	no_close_mapped_RNA_contact	proxy_from_existing_A89_hexamer_radial_metric;no_preprint_coordinates_committed	NA_preprint_coordinates_not_available_in_repository	no_close_mapped_neighborhood	medium_from_existing_CVB3_to_A89_explicit_mapping	homolog_preprint_supporting_context_not_binary_veto
62|63	62	63	155	FMDV_D146/CVB3_D162 preprint homolog; mutationally tolerant in CVB3 context	92	no_close_mapped_RNA_contact	proxy_from_existing_A89_hexamer_radial_metric;no_preprint_coordinates_committed	NA_preprint_coordinates_not_available_in_repository	no_close_mapped_neighborhood	medium_from_existing_CVB3_to_A89_explicit_mapping	homolog_preprint_supporting_context_not_binary_veto
63|64	63	64	155	FMDV_D146/CVB3_D162 preprint homolog; mutationally tolerant in CVB3 context	91	no_close_mapped_RNA_contact	proxy_from_existing_A89_hexamer_radial_metric;no_preprint_coordinates_committed	NA_preprint_coordinates_not_available_in_repository	no_close_mapped_neighborhood	medium_from_existing_CVB3_to_A89_explicit_mapping	homolog_preprint_supporting_context_not_binary_veto
64|65	64	65	155	FMDV_D146/CVB3_D162 preprint homolog; mutationally tolerant in CVB3 context	90	no_close_mapped_RNA_contact	proxy_from_existing_A89_hexamer_radial_metric;no_preprint_coordinates_committed	NA_preprint_coordinates_not_available_in_repository	no_close_mapped_neighborhood	medium_from_existing_CVB3_to_A89_explicit_mapping	homolog_preprint_supporting_context_not_binary_veto
65|66	65	66	155	FMDV_D146/CVB3_D162 preprint homolog; mutationally tolerant in CVB3 context	89	no_close_mapped_RNA_contact	proxy_from_existing_A89_hexamer_radial_metric;no_preprint_coordinates_committed	NA_preprint_coordinates_not_available_in_repository	no_close_mapped_neighborhood	medium_from_existing_CVB3_to_A89_explicit_mapping	homolog_preprint_supporting_context_not_binary_veto
66|67	66	67	155	FMDV_D146/CVB3_D162 preprint homolog; mutationally tolerant in CVB3 context	88	no_close_mapped_RNA_contact	proxy_from_existing_A89_hexamer_radial_metric;no_preprint_coordinates_committed	NA_preprint_coordinates_not_available_in_repository	no_close_mapped_neighborhood	medium_from_existing_CVB3_to_A89_explicit_mapping	homolog_preprint_supporting_context_not_binary_veto
67|68	67	68	155	FMDV_D146/CVB3_D162 preprint homolog; mutationally tolerant in CVB3 context	87	no_close_mapped_RNA_contact	proxy_from_existing_A89_hexamer_radial_metric;no_preprint_coordinates_committed	NA_preprint_coordinates_not_available_in_repository	no_close_mapped_neighborhood	medium_from_existing_CVB3_to_A89_explicit_mapping	homolog_preprint_supporting_context_not_binary_veto
68|69	68	69	155	FMDV_D146/CVB3_D162 preprint homolog; mutationally tolerant in CVB3 context	86	no_close_mapped_RNA_contact	proxy_from_existing_A89_hexamer_radial_metric;no_preprint_coordinates_committed	NA_preprint_coordinates_not_available_in_repository	no_close_mapped_neighborhood	medium_from_existing_CVB3_to_A89_explicit_mapping	homolog_preprint_supporting_context_not_binary_veto
69|70	69	70	155	FMDV_D146/CVB3_D162 preprint homolog; mutationally tolerant in CVB3 context	85	no_close_mapped_RNA_contact	proxy_from_existing_A89_hexamer_radial_metric;no_preprint_coordinates_committed	NA_preprint_coordinates_not_available_in_repository	no_close_mapped_neighborhood	medium_from_existing_CVB3_to_A89_explicit_mapping	homolog_preprint_supporting_context_not_binary_veto
70|71	70	71	155	FMDV_D146/CVB3_D162 preprint homolog; mutationally tolerant in CVB3 context	84	no_close_mapped_RNA_contact	proxy_from_existing_A89_hexamer_radial_metric;no_preprint_coordinates_committed	NA_preprint_coordinates_not_available_in_repository	no_close_mapped_neighborhood	medium_from_existing_CVB3_to_A89_explicit_mapping	homolog_preprint_supporting_context_not_binary_veto
71|72	71	72	155	FMDV_D146/CVB3_D162 preprint homolog; mutationally tolerant in CVB3 context	83	no_close_mapped_RNA_contact	proxy_from_existing_A89_hexamer_radial_metric;no_preprint_coordinates_committed	NA_preprint_coordinates_not_available_in_repository	no_close_mapped_neighborhood	medium_from_existing_CVB3_to_A89_explicit_mapping	homolog_preprint_supporting_context_not_binary_veto
72|73	72	73	155	FMDV_D146/CVB3_D162 preprint homolog; mutationally tolerant in CVB3 context	82	no_close_mapped_RNA_contact	proxy_from_existing_A89_hexamer_radial_metric;no_preprint_coordinates_committed	NA_preprint_coordinates_not_available_in_repository	no_close_mapped_neighborhood	medium_from_existing_CVB3_to_A89_explicit_mapping	homolog_preprint_supporting_context_not_binary_veto
73|74	73	74	155	FMDV_D146/CVB3_D162 preprint homolog; mutationally tolerant in CVB3 context	81	no_close_mapped_RNA_contact	proxy_from_existing_A89_hexamer_radial_metric;no_preprint_coordinates_committed	NA_preprint_coordinates_not_available_in_repository	no_close_mapped_neighborhood	medium_from_existing_CVB3_to_A89_explicit_mapping	homolog_preprint_supporting_context_not_binary_veto
74|75	74	75	155	FMDV_D146/CVB3_D162 preprint homolog; mutationally tolerant in CVB3 context	80	no_close_mapped_RNA_contact	proxy_from_existing_A89_hexamer_radial_metric;no_preprint_coordinates_committed	NA_preprint_coordinates_not_available_in_repository	no_close_mapped_neighborhood	medium_from_existing_CVB3_to_A89_explicit_mapping	homolog_preprint_supporting_context_not_binary_veto
75|76	75	76	155	FMDV_D146/CVB3_D162 preprint homolog; mutationally tolerant in CVB3 context	79	no_close_mapped_RNA_contact	proxy_from_existing_A89_hexamer_radial_metric;no_preprint_coordinates_committed	NA_preprint_coordinates_not_available_in_repository	no_close_mapped_neighborhood	medium_from_existing_CVB3_to_A89_explicit_mapping	homolog_preprint_supporting_context_not_binary_veto
76|77	76	77	155	FMDV_D146/CVB3_D162 preprint homolog; mutationally tolerant in CVB3 context	78	no_close_mapped_RNA_contact	proxy_from_existing_A89_hexamer_radial_metric;no_preprint_coordinates_committed	NA_preprint_coordinates_not_available_in_repository	no_close_mapped_neighborhood	medium_from_existing_CVB3_to_A89_explicit_mapping	homolog_preprint_supporting_context_not_binary_veto
77|78	77	78	155	FMDV_D146/CVB3_D162 preprint homolog; mutationally tolerant in CVB3 context	77	no_close_mapped_RNA_contact	proxy_from_existing_A89_hexamer_radial_metric;no_preprint_coordinates_committed	NA_preprint_coordinates_not_available_in_repository	no_close_mapped_neighborhood	medium_from_existing_CVB3_to_A89_explicit_mapping	homolog_preprint_supporting_context_not_binary_veto
78|79	78	79	155	FMDV_D146/CVB3_D162 preprint homolog; mutationally tolerant in CVB3 context	76	no_close_mapped_RNA_contact	proxy_from_existing_A89_hexamer_radial_metric;no_preprint_coordinates_committed	NA_preprint_coordinates_not_available_in_repository	no_close_mapped_neighborhood	medium_from_existing_CVB3_to_A89_explicit_mapping	homolog_preprint_supporting_context_not_binary_veto
79|80	79	80	155	FMDV_D146/CVB3_D162 preprint homolog; mutationally tolerant in CVB3 context	75	no_close_mapped_RNA_contact	proxy_from_existing_A89_hexamer_radial_metric;no_preprint_coordinates_committed	NA_preprint_coordinates_not_available_in_repository	no_close_mapped_neighborhood	medium_from_existing_CVB3_to_A89_explicit_mapping	homolog_preprint_supporting_context_not_binary_veto
80|81	80	81	155	FMDV_D146/CVB3_D162 preprint homolog; mutationally tolerant in CVB3 context	74	no_close_mapped_RNA_contact	proxy_from_existing_A89_hexamer_radial_metric;no_preprint_coordinates_committed	NA_preprint_coordinates_not_available_in_repository	no_close_mapped_neighborhood	medium_from_existing_CVB3_to_A89_explicit_mapping	homolog_preprint_supporting_context_not_binary_veto
81|82	81	82	155	FMDV_D146/CVB3_D162 preprint homolog; mutationally tolerant in CVB3 context	73	no_close_mapped_RNA_contact	proxy_from_existing_A89_hexamer_radial_metric;no_preprint_coordinates_committed	NA_preprint_coordinates_not_available_in_repository	no_close_mapped_neighborhood	medium_from_existing_CVB3_to_A89_explicit_mapping	homolog_preprint_supporting_context_not_binary_veto
82|83	82	83	155	FMDV_D146/CVB3_D162 preprint homolog; mutationally tolerant in CVB3 context	72	no_close_mapped_RNA_contact	proxy_from_existing_A89_hexamer_radial_metric;no_preprint_coordinates_committed	NA_preprint_coordinates_not_available_in_repository	no_close_mapped_neighborhood	medium_from_existing_CVB3_to_A89_explicit_mapping	homolog_preprint_supporting_context_not_binary_veto
83|84	83	84	155	FMDV_D146/CVB3_D162 preprint homolog; mutationally tolerant in CVB3 context	71	pore_proximal_model_context	proxy_from_existing_A89_hexamer_radial_metric;no_preprint_coordinates_committed	NA_preprint_coordinates_not_available_in_repository	no_close_mapped_neighborhood	medium_from_existing_CVB3_to_A89_explicit_mapping	homolog_preprint_supporting_context_not_binary_veto
84|85	84	85	155	FMDV_D146/CVB3_D162 preprint homolog; mutationally tolerant in CVB3 context	70	pore_proximal_model_context	proxy_from_existing_A89_hexamer_radial_metric;no_preprint_coordinates_committed	NA_preprint_coordinates_not_available_in_repository	no_close_mapped_neighborhood	medium_from_existing_CVB3_to_A89_explicit_mapping	homolog_preprint_supporting_context_not_binary_veto
85|86	85	86	155	FMDV_D146/CVB3_D162 preprint homolog; mutationally tolerant in CVB3 context	69	no_close_mapped_RNA_contact	proxy_from_existing_A89_hexamer_radial_metric;no_preprint_coordinates_committed	NA_preprint_coordinates_not_available_in_repository	no_close_mapped_neighborhood	medium_from_existing_CVB3_to_A89_explicit_mapping	homolog_preprint_supporting_context_not_binary_veto
86|87	86	87	155	FMDV_D146/CVB3_D162 preprint homolog; mutationally tolerant in CVB3 context	68	pore_proximal_model_context	proxy_from_existing_A89_hexamer_radial_metric;no_preprint_coordinates_committed	NA_preprint_coordinates_not_available_in_repository	no_close_mapped_neighborhood	medium_from_existing_CVB3_to_A89_explicit_mapping	homolog_preprint_supporting_context_not_binary_veto
87|88	87	88	155	FMDV_D146/CVB3_D162 preprint homolog; mutationally tolerant in CVB3 context	67	pore_proximal_model_context	proxy_from_existing_A89_hexamer_radial_metric;no_preprint_coordinates_committed	NA_preprint_coordinates_not_available_in_repository	no_close_mapped_neighborhood	medium_from_existing_CVB3_to_A89_explicit_mapping	homolog_preprint_supporting_context_not_binary_veto
88|89	88	89	155	FMDV_D146/CVB3_D162 preprint homolog; mutationally tolerant in CVB3 context	66	pore_proximal_model_context	proxy_from_existing_A89_hexamer_radial_metric;no_preprint_coordinates_committed	NA_preprint_coordinates_not_available_in_repository	no_close_mapped_neighborhood	medium_from_existing_CVB3_to_A89_explicit_mapping	homolog_preprint_supporting_context_not_binary_veto
89|90	89	90	155	FMDV_D146/CVB3_D162 preprint homolog; mutationally tolerant in CVB3 context	65	pore_proximal_model_context	proxy_from_existing_A89_hexamer_radial_metric;no_preprint_coordinates_committed	NA_preprint_coordinates_not_available_in_repository	no_close_mapped_neighborhood	medium_from_existing_CVB3_to_A89_explicit_mapping	homolog_preprint_supporting_context_not_binary_veto
90|91	90	91	155	FMDV_D146/CVB3_D162 preprint homolog; mutationally tolerant in CVB3 context	64	pore_proximal_model_context	proxy_from_existing_A89_hexamer_radial_metric;no_preprint_coordinates_committed	NA_preprint_coordinates_not_available_in_repository	no_close_mapped_neighborhood	medium_from_existing_CVB3_to_A89_explicit_mapping	homolog_preprint_supporting_context_not_binary_veto
91|92	91	92	155	FMDV_D146/CVB3_D162 preprint homolog; mutationally tolerant in CVB3 context	63	pore_proximal_model_context	proxy_from_existing_A89_hexamer_radial_metric;no_preprint_coordinates_committed	NA_preprint_coordinates_not_available_in_repository	no_close_mapped_neighborhood	medium_from_existing_CVB3_to_A89_explicit_mapping	homolog_preprint_supporting_context_not_binary_veto
92|93	92	93	155	FMDV_D146/CVB3_D162 preprint homolog; mutationally tolerant in CVB3 context	62	pore_proximal_model_context	proxy_from_existing_A89_hexamer_radial_metric;no_preprint_coordinates_committed	NA_preprint_coordinates_not_available_in_repository	no_close_mapped_neighborhood	medium_from_existing_CVB3_to_A89_explicit_mapping	homolog_preprint_supporting_context_not_binary_veto
93|94	93	94	155	FMDV_D146/CVB3_D162 preprint homolog; mutationally tolerant in CVB3 context	61	pore_proximal_model_context	proxy_from_existing_A89_hexamer_radial_metric;no_preprint_coordinates_committed	NA_preprint_coordinates_not_available_in_repository	no_close_mapped_neighborhood	medium_from_existing_CVB3_to_A89_explicit_mapping	homolog_preprint_supporting_context_not_binary_veto
94|95	94	95	155	FMDV_D146/CVB3_D162 preprint homolog; mutationally tolerant in CVB3 context	60	pore_proximal_model_context	proxy_from_existing_A89_hexamer_radial_metric;no_preprint_coordinates_committed	NA_preprint_coordinates_not_available_in_repository	no_close_mapped_neighborhood	medium_from_existing_CVB3_to_A89_explicit_mapping	homolog_preprint_supporting_context_not_binary_veto
95|96	95	96	155	FMDV_D146/CVB3_D162 preprint homolog; mutationally tolerant in CVB3 context	59	pore_proximal_model_context	proxy_from_existing_A89_hexamer_radial_metric;no_preprint_coordinates_committed	NA_preprint_coordinates_not_available_in_repository	no_close_mapped_neighborhood	medium_from_existing_CVB3_to_A89_explicit_mapping	homolog_preprint_supporting_context_not_binary_veto
96|97	96	97	155	FMDV_D146/CVB3_D162 preprint homolog; mutationally tolerant in CVB3 context	58	pore_proximal_model_context	proxy_from_existing_A89_hexamer_radial_metric;no_preprint_coordinates_committed	NA_preprint_coordinates_not_available_in_repository	no_close_mapped_neighborhood	medium_from_existing_CVB3_to_A89_explicit_mapping	homolog_preprint_supporting_context_not_binary_veto
97|98	97	98	155	FMDV_D146/CVB3_D162 preprint homolog; mutationally tolerant in CVB3 context	57	pore_proximal_model_context	proxy_from_existing_A89_hexamer_radial_metric;no_preprint_coordinates_committed	NA_preprint_coordinates_not_available_in_repository	no_close_mapped_neighborhood	medium_from_existing_CVB3_to_A89_explicit_mapping	homolog_preprint_supporting_context_not_binary_veto
98|99	98	99	155	FMDV_D146/CVB3_D162 preprint homolog; mutationally tolerant in CVB3 context	56	pore_proximal_model_context	proxy_from_existing_A89_hexamer_radial_metric;no_preprint_coordinates_committed	NA_preprint_coordinates_not_available_in_repository	no_close_mapped_neighborhood	medium_from_existing_CVB3_to_A89_explicit_mapping	homolog_preprint_supporting_context_not_binary_veto
99|100	99	100	155	FMDV_D146/CVB3_D162 preprint homolog; mutationally tolerant in CVB3 context	55	pore_proximal_model_context	proxy_from_existing_A89_hexamer_radial_metric;no_preprint_coordinates_committed	NA_preprint_coordinates_not_available_in_repository	no_close_mapped_neighborhood	medium_from_existing_CVB3_to_A89_explicit_mapping	homolog_preprint_supporting_context_not_binary_veto
100|101	100	101	155	FMDV_D146/CVB3_D162 preprint homolog; mutationally tolerant in CVB3 context	54	pore_proximal_model_context	proxy_from_existing_A89_hexamer_radial_metric;no_preprint_coordinates_committed	NA_preprint_coordinates_not_available_in_repository	no_close_mapped_neighborhood	medium_from_existing_CVB3_to_A89_explicit_mapping	homolog_preprint_supporting_context_not_binary_veto
101|102	101	102	155	FMDV_D146/CVB3_D162 preprint homolog; mutationally tolerant in CVB3 context	53	no_close_mapped_RNA_contact	proxy_from_existing_A89_hexamer_radial_metric;no_preprint_coordinates_committed	NA_preprint_coordinates_not_available_in_repository	no_close_mapped_neighborhood	medium_from_existing_CVB3_to_A89_explicit_mapping	homolog_preprint_supporting_context_not_binary_veto
102|103	102	103	155	FMDV_D146/CVB3_D162 preprint homolog; mutationally tolerant in CVB3 context	52	no_close_mapped_RNA_contact	proxy_from_existing_A89_hexamer_radial_metric;no_preprint_coordinates_committed	NA_preprint_coordinates_not_available_in_repository	no_close_mapped_neighborhood	medium_from_existing_CVB3_to_A89_explicit_mapping	homolog_preprint_supporting_context_not_binary_veto
103|104	103	104	155	FMDV_D146/CVB3_D162 preprint homolog; mutationally tolerant in CVB3 context	51	no_close_mapped_RNA_contact	proxy_from_existing_A89_hexamer_radial_metric;no_preprint_coordinates_committed	NA_preprint_coordinates_not_available_in_repository	no_close_mapped_neighborhood	medium_from_existing_CVB3_to_A89_explicit_mapping	homolog_preprint_supporting_context_not_binary_veto
104|105	104	105	155	FMDV_D146/CVB3_D162 preprint homolog; mutationally tolerant in CVB3 context	50	no_close_mapped_RNA_contact	proxy_from_existing_A89_hexamer_radial_metric;no_preprint_coordinates_committed	NA_preprint_coordinates_not_available_in_repository	no_close_mapped_neighborhood	medium_from_existing_CVB3_to_A89_explicit_mapping	homolog_preprint_supporting_context_not_binary_veto
105|106	105	106	155	FMDV_D146/CVB3_D162 preprint homolog; mutationally tolerant in CVB3 context	49	no_close_mapped_RNA_contact	proxy_from_existing_A89_hexamer_radial_metric;no_preprint_coordinates_committed	NA_preprint_coordinates_not_available_in_repository	no_close_mapped_neighborhood	medium_from_existing_CVB3_to_A89_explicit_mapping	homolog_preprint_supporting_context_not_binary_veto
106|107	106	107	155	FMDV_D146/CVB3_D162 preprint homolog; mutationally tolerant in CVB3 context	48	no_close_mapped_RNA_contact	proxy_from_existing_A89_hexamer_radial_metric;no_preprint_coordinates_committed	NA_preprint_coordinates_not_available_in_repository	no_close_mapped_neighborhood	medium_from_existing_CVB3_to_A89_explicit_mapping	homolog_preprint_supporting_context_not_binary_veto
107|108	107	108	155	FMDV_D146/CVB3_D162 preprint homolog; mutationally tolerant in CVB3 context	47	no_close_mapped_RNA_contact	proxy_from_existing_A89_hexamer_radial_metric;no_preprint_coordinates_committed	NA_preprint_coordinates_not_available_in_repository	no_close_mapped_neighborhood	medium_from_existing_CVB3_to_A89_explicit_mapping	homolog_preprint_supporting_context_not_binary_veto
108|109	108	109	155	FMDV_D146/CVB3_D162 preprint homolog; mutationally tolerant in CVB3 context	46	no_close_mapped_RNA_contact	proxy_from_existing_A89_hexamer_radial_metric;no_preprint_coordinates_committed	NA_preprint_coordinates_not_available_in_repository	no_close_mapped_neighborhood	medium_from_existing_CVB3_to_A89_explicit_mapping	homolog_preprint_supporting_context_not_binary_veto
109|110	109	110	155	FMDV_D146/CVB3_D162 preprint homolog; mutationally tolerant in CVB3 context	45	no_close_mapped_RNA_contact	proxy_from_existing_A89_hexamer_radial_metric;no_preprint_coordinates_committed	NA_preprint_coordinates_not_available_in_repository	no_close_mapped_neighborhood	medium_from_existing_CVB3_to_A89_explicit_mapping	homolog_preprint_supporting_context_not_binary_veto
110|111	110	111	155	FMDV_D146/CVB3_D162 preprint homolog; mutationally tolerant in CVB3 context	44	no_close_mapped_RNA_contact	proxy_from_existing_A89_hexamer_radial_metric;no_preprint_coordinates_committed	NA_preprint_coordinates_not_available_in_repository	no_close_mapped_neighborhood	medium_from_existing_CVB3_to_A89_explicit_mapping	homolog_preprint_supporting_context_not_binary_veto
111|112	111	112	155	FMDV_D146/CVB3_D162 preprint homolog; mutationally tolerant in CVB3 context	43	no_close_mapped_RNA_contact	proxy_from_existing_A89_hexamer_radial_metric;no_preprint_coordinates_committed	NA_preprint_coordinates_not_available_in_repository	no_close_mapped_neighborhood	medium_from_existing_CVB3_to_A89_explicit_mapping	homolog_preprint_supporting_context_not_binary_veto
112|113	112	113	155	FMDV_D146/CVB3_D162 preprint homolog; mutationally tolerant in CVB3 context	42	no_close_mapped_RNA_contact	proxy_from_existing_A89_hexamer_radial_metric;no_preprint_coordinates_committed	NA_preprint_coordinates_not_available_in_repository	no_close_mapped_neighborhood	medium_from_existing_CVB3_to_A89_explicit_mapping	homolog_preprint_supporting_context_not_binary_veto
113|114	113	114	155	FMDV_D146/CVB3_D162 preprint homolog; mutationally tolerant in CVB3 context	41	no_close_mapped_RNA_contact	proxy_from_existing_A89_hexamer_radial_metric;no_preprint_coordinates_committed	NA_preprint_coordinates_not_available_in_repository	no_close_mapped_neighborhood	medium_from_existing_CVB3_to_A89_explicit_mapping	homolog_preprint_supporting_context_not_binary_veto
114|115	114	115	155	FMDV_D146/CVB3_D162 preprint homolog; mutationally tolerant in CVB3 context	40	no_close_mapped_RNA_contact	proxy_from_existing_A89_hexamer_radial_metric;no_preprint_coordinates_committed	NA_preprint_coordinates_not_available_in_repository	no_close_mapped_neighborhood	medium_from_existing_CVB3_to_A89_explicit_mapping	homolog_preprint_supporting_context_not_binary_veto
115|116	115	116	155	FMDV_D146/CVB3_D162 preprint homolog; mutationally tolerant in CVB3 context	39	no_close_mapped_RNA_contact	proxy_from_existing_A89_hexamer_radial_metric;no_preprint_coordinates_committed	NA_preprint_coordinates_not_available_in_repository	no_close_mapped_neighborhood	medium_from_existing_CVB3_to_A89_explicit_mapping	homolog_preprint_supporting_context_not_binary_veto
116|117	116	117	155	FMDV_D146/CVB3_D162 preprint homolog; mutationally tolerant in CVB3 context	38	no_close_mapped_RNA_contact	proxy_from_existing_A89_hexamer_radial_metric;no_preprint_coordinates_committed	NA_preprint_coordinates_not_available_in_repository	no_close_mapped_neighborhood	medium_from_existing_CVB3_to_A89_explicit_mapping	homolog_preprint_supporting_context_not_binary_veto
117|118	117	118	155	FMDV_D146/CVB3_D162 preprint homolog; mutationally tolerant in CVB3 context	37	no_close_mapped_RNA_contact	proxy_from_existing_A89_hexamer_radial_metric;no_preprint_coordinates_committed	NA_preprint_coordinates_not_available_in_repository	no_close_mapped_neighborhood	medium_from_existing_CVB3_to_A89_explicit_mapping	homolog_preprint_supporting_context_not_binary_veto
118|119	118	119	155	FMDV_D146/CVB3_D162 preprint homolog; mutationally tolerant in CVB3 context	36	no_close_mapped_RNA_contact	proxy_from_existing_A89_hexamer_radial_metric;no_preprint_coordinates_committed	NA_preprint_coordinates_not_available_in_repository	no_close_mapped_neighborhood	medium_from_existing_CVB3_to_A89_explicit_mapping	homolog_preprint_supporting_context_not_binary_veto
119|120	119	120	155	FMDV_D146/CVB3_D162 preprint homolog; mutationally tolerant in CVB3 context	35	no_close_mapped_RNA_contact	proxy_from_existing_A89_hexamer_radial_metric;no_preprint_coordinates_committed	NA_preprint_coordinates_not_available_in_repository	no_close_mapped_neighborhood	medium_from_existing_CVB3_to_A89_explicit_mapping	homolog_preprint_supporting_context_not_binary_veto
120|121	120	121	155	FMDV_D146/CVB3_D162 preprint homolog; mutationally tolerant in CVB3 context	34	no_close_mapped_RNA_contact	proxy_from_existing_A89_hexamer_radial_metric;no_preprint_coordinates_committed	NA_preprint_coordinates_not_available_in_repository	no_close_mapped_neighborhood	medium_from_existing_CVB3_to_A89_explicit_mapping	homolog_preprint_supporting_context_not_binary_veto
121|122	121	122	155	FMDV_D146/CVB3_D162 preprint homolog; mutationally tolerant in CVB3 context	33	no_close_mapped_RNA_contact	proxy_from_existing_A89_hexamer_radial_metric;no_preprint_coordinates_committed	NA_preprint_coordinates_not_available_in_repository	no_close_mapped_neighborhood	medium_from_existing_CVB3_to_A89_explicit_mapping	homolog_preprint_supporting_context_not_binary_veto
122|123	122	123	155	FMDV_D146/CVB3_D162 preprint homolog; mutationally tolerant in CVB3 context	32	no_close_mapped_RNA_contact	proxy_from_existing_A89_hexamer_radial_metric;no_preprint_coordinates_committed	NA_preprint_coordinates_not_available_in_repository	no_close_mapped_neighborhood	medium_from_existing_CVB3_to_A89_explicit_mapping	homolog_preprint_supporting_context_not_binary_veto
123|124	123	124	155	FMDV_D146/CVB3_D162 preprint homolog; mutationally tolerant in CVB3 context	31	no_close_mapped_RNA_contact	proxy_from_existing_A89_hexamer_radial_metric;no_preprint_coordinates_committed	NA_preprint_coordinates_not_available_in_repository	no_close_mapped_neighborhood	medium_from_existing_CVB3_to_A89_explicit_mapping	homolog_preprint_supporting_context_not_binary_veto
124|125	124	125	155	FMDV_D146/CVB3_D162 preprint homolog; mutationally tolerant in CVB3 context	30	no_close_mapped_RNA_contact	proxy_from_existing_A89_hexamer_radial_metric;no_preprint_coordinates_committed	NA_preprint_coordinates_not_available_in_repository	no_close_mapped_neighborhood	medium_from_existing_CVB3_to_A89_explicit_mapping	homolog_preprint_supporting_context_not_binary_veto
125|126	125	126	155	FMDV_D146/CVB3_D162 preprint homolog; mutationally tolerant in CVB3 context	29	no_close_mapped_RNA_contact	proxy_from_existing_A89_hexamer_radial_metric;no_preprint_coordinates_committed	NA_preprint_coordinates_not_available_in_repository	no_close_mapped_neighborhood	medium_from_existing_CVB3_to_A89_explicit_mapping	homolog_preprint_supporting_context_not_binary_veto
126|127	126	127	155	FMDV_D146/CVB3_D162 preprint homolog; mutationally tolerant in CVB3 context	28	no_close_mapped_RNA_contact	proxy_from_existing_A89_hexamer_radial_metric;no_preprint_coordinates_committed	NA_preprint_coordinates_not_available_in_repository	no_close_mapped_neighborhood	medium_from_existing_CVB3_to_A89_explicit_mapping	homolog_preprint_supporting_context_not_binary_veto
127|128	127	128	155	FMDV_D146/CVB3_D162 preprint homolog; mutationally tolerant in CVB3 context	27	no_close_mapped_RNA_contact	proxy_from_existing_A89_hexamer_radial_metric;no_preprint_coordinates_committed	NA_preprint_coordinates_not_available_in_repository	no_close_mapped_neighborhood	medium_from_existing_CVB3_to_A89_explicit_mapping	homolog_preprint_supporting_context_not_binary_veto
128|129	128	129	155	FMDV_D146/CVB3_D162 preprint homolog; mutationally tolerant in CVB3 context	26	no_close_mapped_RNA_contact	proxy_from_existing_A89_hexamer_radial_metric;no_preprint_coordinates_committed	NA_preprint_coordinates_not_available_in_repository	no_close_mapped_neighborhood	medium_from_existing_CVB3_to_A89_explicit_mapping	homolog_preprint_supporting_context_not_binary_veto
129|130	129	130	155	FMDV_D146/CVB3_D162 preprint homolog; mutationally tolerant in CVB3 context	25	no_close_mapped_RNA_contact	proxy_from_existing_A89_hexamer_radial_metric;no_preprint_coordinates_committed	NA_preprint_coordinates_not_available_in_repository	no_close_mapped_neighborhood	medium_from_existing_CVB3_to_A89_explicit_mapping	homolog_preprint_supporting_context_not_binary_veto
130|131	130	131	155	FMDV_D146/CVB3_D162 preprint homolog; mutationally tolerant in CVB3 context	24	no_close_mapped_RNA_contact	proxy_from_existing_A89_hexamer_radial_metric;no_preprint_coordinates_committed	NA_preprint_coordinates_not_available_in_repository	no_close_mapped_neighborhood	medium_from_existing_CVB3_to_A89_explicit_mapping	homolog_preprint_supporting_context_not_binary_veto
131|132	131	132	155	FMDV_D146/CVB3_D162 preprint homolog; mutationally tolerant in CVB3 context	23	no_close_mapped_RNA_contact	proxy_from_existing_A89_hexamer_radial_metric;no_preprint_coordinates_committed	NA_preprint_coordinates_not_available_in_repository	no_close_mapped_neighborhood	medium_from_existing_CVB3_to_A89_explicit_mapping	homolog_preprint_supporting_context_not_binary_veto
132|133	132	133	155	FMDV_D146/CVB3_D162 preprint homolog; mutationally tolerant in CVB3 context	22	no_close_mapped_RNA_contact	proxy_from_existing_A89_hexamer_radial_metric;no_preprint_coordinates_committed	NA_preprint_coordinates_not_available_in_repository	no_close_mapped_neighborhood	medium_from_existing_CVB3_to_A89_explicit_mapping	homolog_preprint_supporting_context_not_binary_veto
133|134	133	134	155	FMDV_D146/CVB3_D162 preprint homolog; mutationally tolerant in CVB3 context	21	no_close_mapped_RNA_contact	proxy_from_existing_A89_hexamer_radial_metric;no_preprint_coordinates_committed	NA_preprint_coordinates_not_available_in_repository	no_close_mapped_neighborhood	medium_from_existing_CVB3_to_A89_explicit_mapping	homolog_preprint_supporting_context_not_binary_veto
134|135	134	135	155	FMDV_D146/CVB3_D162 preprint homolog; mutationally tolerant in CVB3 context	20	no_close_mapped_RNA_contact	proxy_from_existing_A89_hexamer_radial_metric;no_preprint_coordinates_committed	NA_preprint_coordinates_not_available_in_repository	no_close_mapped_neighborhood	medium_from_existing_CVB3_to_A89_explicit_mapping	homolog_preprint_supporting_context_not_binary_veto
135|136	135	136	155	FMDV_D146/CVB3_D162 preprint homolog; mutationally tolerant in CVB3 context	19	no_close_mapped_RNA_contact	proxy_from_existing_A89_hexamer_radial_metric;no_preprint_coordinates_committed	NA_preprint_coordinates_not_available_in_repository	no_close_mapped_neighborhood	medium_from_existing_CVB3_to_A89_explicit_mapping	homolog_preprint_supporting_context_not_binary_veto
136|137	136	137	155	FMDV_D146/CVB3_D162 preprint homolog; mutationally tolerant in CVB3 context	18	no_close_mapped_RNA_contact	proxy_from_existing_A89_hexamer_radial_metric;no_preprint_coordinates_committed	NA_preprint_coordinates_not_available_in_repository	no_close_mapped_neighborhood	medium_from_existing_CVB3_to_A89_explicit_mapping	homolog_preprint_supporting_context_not_binary_veto
137|138	137	138	155	FMDV_D146/CVB3_D162 preprint homolog; mutationally tolerant in CVB3 context	17	no_close_mapped_RNA_contact	proxy_from_existing_A89_hexamer_radial_metric;no_preprint_coordinates_committed	NA_preprint_coordinates_not_available_in_repository	no_close_mapped_neighborhood	medium_from_existing_CVB3_to_A89_explicit_mapping	homolog_preprint_supporting_context_not_binary_veto
138|139	138	139	155	FMDV_D146/CVB3_D162 preprint homolog; mutationally tolerant in CVB3 context	16	no_close_mapped_RNA_contact	proxy_from_existing_A89_hexamer_radial_metric;no_preprint_coordinates_committed	NA_preprint_coordinates_not_available_in_repository	no_close_mapped_neighborhood	medium_from_existing_CVB3_to_A89_explicit_mapping	homolog_preprint_supporting_context_not_binary_veto
139|140	139	140	155	FMDV_D146/CVB3_D162 preprint homolog; mutationally tolerant in CVB3 context	15	no_close_mapped_RNA_contact	proxy_from_existing_A89_hexamer_radial_metric;no_preprint_coordinates_committed	NA_preprint_coordinates_not_available_in_repository	no_close_mapped_neighborhood	medium_from_existing_CVB3_to_A89_explicit_mapping	homolog_preprint_supporting_context_not_binary_veto
140|141	140	141	155	FMDV_D146/CVB3_D162 preprint homolog; mutationally tolerant in CVB3 context	14	no_close_mapped_RNA_contact	proxy_from_existing_A89_hexamer_radial_metric;no_preprint_coordinates_committed	NA_preprint_coordinates_not_available_in_repository	no_close_mapped_neighborhood	medium_from_existing_CVB3_to_A89_explicit_mapping	homolog_preprint_supporting_context_not_binary_veto
141|142	141	142	155	FMDV_D146/CVB3_D162 preprint homolog; mutationally tolerant in CVB3 context	13	no_close_mapped_RNA_contact	proxy_from_existing_A89_hexamer_radial_metric;no_preprint_coordinates_committed	NA_preprint_coordinates_not_available_in_repository	no_close_mapped_neighborhood	medium_from_existing_CVB3_to_A89_explicit_mapping	homolog_preprint_supporting_context_not_binary_veto
142|143	142	143	155	FMDV_D146/CVB3_D162 preprint homolog; mutationally tolerant in CVB3 context	12	no_close_mapped_RNA_contact	proxy_from_existing_A89_hexamer_radial_metric;no_preprint_coordinates_committed	NA_preprint_coordinates_not_available_in_repository	no_close_mapped_neighborhood	medium_from_existing_CVB3_to_A89_explicit_mapping	homolog_preprint_supporting_context_not_binary_veto
143|144	143	144	155	FMDV_D146/CVB3_D162 preprint homolog; mutationally tolerant in CVB3 context	11	no_close_mapped_RNA_contact	proxy_from_existing_A89_hexamer_radial_metric;no_preprint_coordinates_committed	NA_preprint_coordinates_not_available_in_repository	no_close_mapped_neighborhood	medium_from_existing_CVB3_to_A89_explicit_mapping	homolog_preprint_supporting_context_not_binary_veto
144|145	144	145	155	FMDV_D146/CVB3_D162 preprint homolog; mutationally tolerant in CVB3 context	10	no_close_mapped_RNA_contact	proxy_from_existing_A89_hexamer_radial_metric;no_preprint_coordinates_committed	NA_preprint_coordinates_not_available_in_repository	no_close_mapped_neighborhood	medium_from_existing_CVB3_to_A89_explicit_mapping	homolog_preprint_supporting_context_not_binary_veto
145|146	145	146	155	FMDV_D146/CVB3_D162 preprint homolog; mutationally tolerant in CVB3 context	9	no_close_mapped_RNA_contact	proxy_from_existing_A89_hexamer_radial_metric;no_preprint_coordinates_committed	NA_preprint_coordinates_not_available_in_repository	no_close_mapped_neighborhood	medium_from_existing_CVB3_to_A89_explicit_mapping	homolog_preprint_supporting_context_not_binary_veto
146|147	146	147	155	FMDV_D146/CVB3_D162 preprint homolog; mutationally tolerant in CVB3 context	8	no_close_mapped_RNA_contact	proxy_from_existing_A89_hexamer_radial_metric;no_preprint_coordinates_committed	NA_preprint_coordinates_not_available_in_repository	no_close_mapped_neighborhood	medium_from_existing_CVB3_to_A89_explicit_mapping	homolog_preprint_supporting_context_not_binary_veto
147|148	147	148	155	FMDV_D146/CVB3_D162 preprint homolog; mutationally tolerant in CVB3 context	7	no_close_mapped_RNA_contact	proxy_from_existing_A89_hexamer_radial_metric;no_preprint_coordinates_committed	NA_preprint_coordinates_not_available_in_repository	no_close_mapped_neighborhood	medium_from_existing_CVB3_to_A89_explicit_mapping	homolog_preprint_supporting_context_not_binary_veto
148|149	148	149	155	FMDV_D146/CVB3_D162 preprint homolog; mutationally tolerant in CVB3 context	6	RNA_contact_neighborhood	proxy_from_existing_A89_hexamer_radial_metric;no_preprint_coordinates_committed	NA_preprint_coordinates_not_available_in_repository	yes	medium_from_existing_CVB3_to_A89_explicit_mapping	homolog_preprint_supporting_context_not_binary_veto
149|150	149	150	155	FMDV_D146/CVB3_D162 preprint homolog; mutationally tolerant in CVB3 context	5	RNA_contact_neighborhood	proxy_from_existing_A89_hexamer_radial_metric;no_preprint_coordinates_committed	NA_preprint_coordinates_not_available_in_repository	yes	medium_from_existing_CVB3_to_A89_explicit_mapping	homolog_preprint_supporting_context_not_binary_veto
150|151	150	151	155	FMDV_D146/CVB3_D162 preprint homolog; mutationally tolerant in CVB3 context	4	RNA_contact_neighborhood	proxy_from_existing_A89_hexamer_radial_metric;no_preprint_coordinates_committed	NA_preprint_coordinates_not_available_in_repository	yes	medium_from_existing_CVB3_to_A89_explicit_mapping	homolog_preprint_supporting_context_not_binary_veto
151|152	151	152	155	FMDV_D146/CVB3_D162 preprint homolog; mutationally tolerant in CVB3 context	3	RNA_contact_neighborhood	proxy_from_existing_A89_hexamer_radial_metric;no_preprint_coordinates_committed	NA_preprint_coordinates_not_available_in_repository	yes	medium_from_existing_CVB3_to_A89_explicit_mapping	homolog_preprint_supporting_context_not_binary_veto
152|153	152	153	155	FMDV_D146/CVB3_D162 preprint homolog; mutationally tolerant in CVB3 context	2	near_mapped_RNA_contact	proxy_from_existing_A89_hexamer_radial_metric;no_preprint_coordinates_committed	NA_preprint_coordinates_not_available_in_repository	yes	medium_from_existing_CVB3_to_A89_explicit_mapping	homolog_preprint_supporting_context_not_binary_veto
153|154	153	154	155	FMDV_D146/CVB3_D162 preprint homolog; mutationally tolerant in CVB3 context	1	near_mapped_RNA_contact	proxy_from_existing_A89_hexamer_radial_metric;no_preprint_coordinates_committed	NA_preprint_coordinates_not_available_in_repository	yes	medium_from_existing_CVB3_to_A89_explicit_mapping	homolog_preprint_supporting_context_not_binary_veto
154|155	154	155	155	FMDV_D146/CVB3_D162 preprint homolog; mutationally tolerant in CVB3 context	0	near_mapped_RNA_contact	proxy_from_existing_A89_hexamer_radial_metric;no_preprint_coordinates_committed	NA_preprint_coordinates_not_available_in_repository	yes	medium_from_existing_CVB3_to_A89_explicit_mapping	homolog_preprint_supporting_context_not_binary_veto
155|156	155	156	155	FMDV_D146/CVB3_D162 preprint homolog; mutationally tolerant in CVB3 context	0	near_mapped_RNA_contact	proxy_from_existing_A89_hexamer_radial_metric;no_preprint_coordinates_committed	NA_preprint_coordinates_not_available_in_repository	yes	medium_from_existing_CVB3_to_A89_explicit_mapping	homolog_preprint_supporting_context_not_binary_veto
156|157	156	157	156	FMDV_H147/CVB3_H163 pore-loop aromatic position; CVB3 mutant inhibited replication	0	near_mapped_RNA_contact	proxy_from_existing_A89_hexamer_radial_metric;no_preprint_coordinates_committed	NA_preprint_coordinates_not_available_in_repository	yes	medium_from_existing_CVB3_to_A89_explicit_mapping	homolog_preprint_supporting_context_not_binary_veto
157|158	157	158	156	FMDV_H147/CVB3_H163 pore-loop aromatic position; CVB3 mutant inhibited replication	1	near_mapped_RNA_contact	proxy_from_existing_A89_hexamer_radial_metric;no_preprint_coordinates_committed	NA_preprint_coordinates_not_available_in_repository	yes	medium_from_existing_CVB3_to_A89_explicit_mapping	homolog_preprint_supporting_context_not_binary_veto
158|159	158	159	156	FMDV_H147/CVB3_H163 pore-loop aromatic position; CVB3 mutant inhibited replication	2	near_mapped_RNA_contact	proxy_from_existing_A89_hexamer_radial_metric;no_preprint_coordinates_committed	NA_preprint_coordinates_not_available_in_repository	yes	medium_from_existing_CVB3_to_A89_explicit_mapping	homolog_preprint_supporting_context_not_binary_veto
159|160	159	160	156	FMDV_H147/CVB3_H163 pore-loop aromatic position; CVB3 mutant inhibited replication	3	RNA_contact_neighborhood	proxy_from_existing_A89_hexamer_radial_metric;no_preprint_coordinates_committed	NA_preprint_coordinates_not_available_in_repository	yes	medium_from_existing_CVB3_to_A89_explicit_mapping	homolog_preprint_supporting_context_not_binary_veto
160|161	160	161	156	FMDV_H147/CVB3_H163 pore-loop aromatic position; CVB3 mutant inhibited replication	4	RNA_contact_neighborhood	proxy_from_existing_A89_hexamer_radial_metric;no_preprint_coordinates_committed	NA_preprint_coordinates_not_available_in_repository	yes	medium_from_existing_CVB3_to_A89_explicit_mapping	homolog_preprint_supporting_context_not_binary_veto
161|162	161	162	156	FMDV_H147/CVB3_H163 pore-loop aromatic position; CVB3 mutant inhibited replication	5	RNA_contact_neighborhood	proxy_from_existing_A89_hexamer_radial_metric;no_preprint_coordinates_committed	NA_preprint_coordinates_not_available_in_repository	yes	medium_from_existing_CVB3_to_A89_explicit_mapping	homolog_preprint_supporting_context_not_binary_veto
162|163	162	163	156	FMDV_H147/CVB3_H163 pore-loop aromatic position; CVB3 mutant inhibited replication	6	RNA_contact_neighborhood	proxy_from_existing_A89_hexamer_radial_metric;no_preprint_coordinates_committed	NA_preprint_coordinates_not_available_in_repository	yes	medium_from_existing_CVB3_to_A89_explicit_mapping	homolog_preprint_supporting_context_not_binary_veto
163|164	163	164	156	FMDV_H147/CVB3_H163 pore-loop aromatic position; CVB3 mutant inhibited replication	7	no_close_mapped_RNA_contact	proxy_from_existing_A89_hexamer_radial_metric;no_preprint_coordinates_committed	NA_preprint_coordinates_not_available_in_repository	no_close_mapped_neighborhood	medium_from_existing_CVB3_to_A89_explicit_mapping	homolog_preprint_supporting_context_not_binary_veto
164|165	164	165	156	FMDV_H147/CVB3_H163 pore-loop aromatic position; CVB3 mutant inhibited replication	8	no_close_mapped_RNA_contact	proxy_from_existing_A89_hexamer_radial_metric;no_preprint_coordinates_committed	NA_preprint_coordinates_not_available_in_repository	no_close_mapped_neighborhood	medium_from_existing_CVB3_to_A89_explicit_mapping	homolog_preprint_supporting_context_not_binary_veto
165|166	165	166	156	FMDV_H147/CVB3_H163 pore-loop aromatic position; CVB3 mutant inhibited replication	9	no_close_mapped_RNA_contact	proxy_from_existing_A89_hexamer_radial_metric;no_preprint_coordinates_committed	NA_preprint_coordinates_not_available_in_repository	no_close_mapped_neighborhood	medium_from_existing_CVB3_to_A89_explicit_mapping	homolog_preprint_supporting_context_not_binary_veto
166|167	166	167	156	FMDV_H147/CVB3_H163 pore-loop aromatic position; CVB3 mutant inhibited replication	10	no_close_mapped_RNA_contact	proxy_from_existing_A89_hexamer_radial_metric;no_preprint_coordinates_committed	NA_preprint_coordinates_not_available_in_repository	no_close_mapped_neighborhood	medium_from_existing_CVB3_to_A89_explicit_mapping	homolog_preprint_supporting_context_not_binary_veto
167|168	167	168	156	FMDV_H147/CVB3_H163 pore-loop aromatic position; CVB3 mutant inhibited replication	11	no_close_mapped_RNA_contact	proxy_from_existing_A89_hexamer_radial_metric;no_preprint_coordinates_committed	NA_preprint_coordinates_not_available_in_repository	no_close_mapped_neighborhood	medium_from_existing_CVB3_to_A89_explicit_mapping	homolog_preprint_supporting_context_not_binary_veto
168|169	168	169	156	FMDV_H147/CVB3_H163 pore-loop aromatic position; CVB3 mutant inhibited replication	12	no_close_mapped_RNA_contact	proxy_from_existing_A89_hexamer_radial_metric;no_preprint_coordinates_committed	NA_preprint_coordinates_not_available_in_repository	no_close_mapped_neighborhood	medium_from_existing_CVB3_to_A89_explicit_mapping	homolog_preprint_supporting_context_not_binary_veto
169|170	169	170	156	FMDV_H147/CVB3_H163 pore-loop aromatic position; CVB3 mutant inhibited replication	13	no_close_mapped_RNA_contact	proxy_from_existing_A89_hexamer_radial_metric;no_preprint_coordinates_committed	NA_preprint_coordinates_not_available_in_repository	no_close_mapped_neighborhood	medium_from_existing_CVB3_to_A89_explicit_mapping	homolog_preprint_supporting_context_not_binary_veto
170|171	170	171	156	FMDV_H147/CVB3_H163 pore-loop aromatic position; CVB3 mutant inhibited replication	14	no_close_mapped_RNA_contact	proxy_from_existing_A89_hexamer_radial_metric;no_preprint_coordinates_committed	NA_preprint_coordinates_not_available_in_repository	no_close_mapped_neighborhood	medium_from_existing_CVB3_to_A89_explicit_mapping	homolog_preprint_supporting_context_not_binary_veto
171|172	171	172	156	FMDV_H147/CVB3_H163 pore-loop aromatic position; CVB3 mutant inhibited replication	15	no_close_mapped_RNA_contact	proxy_from_existing_A89_hexamer_radial_metric;no_preprint_coordinates_committed	NA_preprint_coordinates_not_available_in_repository	no_close_mapped_neighborhood	medium_from_existing_CVB3_to_A89_explicit_mapping	homolog_preprint_supporting_context_not_binary_veto
172|173	172	173	156	FMDV_H147/CVB3_H163 pore-loop aromatic position; CVB3 mutant inhibited replication	16	no_close_mapped_RNA_contact	proxy_from_existing_A89_hexamer_radial_metric;no_preprint_coordinates_committed	NA_preprint_coordinates_not_available_in_repository	no_close_mapped_neighborhood	medium_from_existing_CVB3_to_A89_explicit_mapping	homolog_preprint_supporting_context_not_binary_veto
173|174	173	174	156	FMDV_H147/CVB3_H163 pore-loop aromatic position; CVB3 mutant inhibited replication	17	pore_proximal_model_context	proxy_from_existing_A89_hexamer_radial_metric;no_preprint_coordinates_committed	NA_preprint_coordinates_not_available_in_repository	no_close_mapped_neighborhood	medium_from_existing_CVB3_to_A89_explicit_mapping	homolog_preprint_supporting_context_not_binary_veto
174|175	174	175	156	FMDV_H147/CVB3_H163 pore-loop aromatic position; CVB3 mutant inhibited replication	18	pore_proximal_model_context	proxy_from_existing_A89_hexamer_radial_metric;no_preprint_coordinates_committed	NA_preprint_coordinates_not_available_in_repository	no_close_mapped_neighborhood	medium_from_existing_CVB3_to_A89_explicit_mapping	homolog_preprint_supporting_context_not_binary_veto
175|176	175	176	156	FMDV_H147/CVB3_H163 pore-loop aromatic position; CVB3 mutant inhibited replication	19	pore_proximal_model_context	proxy_from_existing_A89_hexamer_radial_metric;no_preprint_coordinates_committed	NA_preprint_coordinates_not_available_in_repository	no_close_mapped_neighborhood	medium_from_existing_CVB3_to_A89_explicit_mapping	homolog_preprint_supporting_context_not_binary_veto
176|177	176	177	197	FMDV_A188/CVB3_A204 conserved RNA-binding triad	20	pore_proximal_model_context	proxy_from_existing_A89_hexamer_radial_metric;no_preprint_coordinates_committed	NA_preprint_coordinates_not_available_in_repository	no_close_mapped_neighborhood	medium_from_existing_CVB3_to_A89_explicit_mapping	homolog_preprint_supporting_context_not_binary_veto
177|178	177	178	197	FMDV_A188/CVB3_A204 conserved RNA-binding triad	19	pore_proximal_model_context	proxy_from_existing_A89_hexamer_radial_metric;no_preprint_coordinates_committed	NA_preprint_coordinates_not_available_in_repository	no_close_mapped_neighborhood	medium_from_existing_CVB3_to_A89_explicit_mapping	homolog_preprint_supporting_context_not_binary_veto
178|179	178	179	197	FMDV_A188/CVB3_A204 conserved RNA-binding triad	18	pore_proximal_model_context	proxy_from_existing_A89_hexamer_radial_metric;no_preprint_coordinates_committed	NA_preprint_coordinates_not_available_in_repository	no_close_mapped_neighborhood	medium_from_existing_CVB3_to_A89_explicit_mapping	homolog_preprint_supporting_context_not_binary_veto
179|180	179	180	197	FMDV_A188/CVB3_A204 conserved RNA-binding triad	17	no_close_mapped_RNA_contact	proxy_from_existing_A89_hexamer_radial_metric;no_preprint_coordinates_committed	NA_preprint_coordinates_not_available_in_repository	no_close_mapped_neighborhood	medium_from_existing_CVB3_to_A89_explicit_mapping	homolog_preprint_supporting_context_not_binary_veto
180|181	180	181	197	FMDV_A188/CVB3_A204 conserved RNA-binding triad	16	no_close_mapped_RNA_contact	proxy_from_existing_A89_hexamer_radial_metric;no_preprint_coordinates_committed	NA_preprint_coordinates_not_available_in_repository	no_close_mapped_neighborhood	medium_from_existing_CVB3_to_A89_explicit_mapping	homolog_preprint_supporting_context_not_binary_veto
181|182	181	182	197	FMDV_A188/CVB3_A204 conserved RNA-binding triad	15	no_close_mapped_RNA_contact	proxy_from_existing_A89_hexamer_radial_metric;no_preprint_coordinates_committed	NA_preprint_coordinates_not_available_in_repository	no_close_mapped_neighborhood	medium_from_existing_CVB3_to_A89_explicit_mapping	homolog_preprint_supporting_context_not_binary_veto
182|183	182	183	197	FMDV_A188/CVB3_A204 conserved RNA-binding triad	14	no_close_mapped_RNA_contact	proxy_from_existing_A89_hexamer_radial_metric;no_preprint_coordinates_committed	NA_preprint_coordinates_not_available_in_repository	no_close_mapped_neighborhood	medium_from_existing_CVB3_to_A89_explicit_mapping	homolog_preprint_supporting_context_not_binary_veto
183|184	183	184	197	FMDV_A188/CVB3_A204 conserved RNA-binding triad	13	no_close_mapped_RNA_contact	proxy_from_existing_A89_hexamer_radial_metric;no_preprint_coordinates_committed	NA_preprint_coordinates_not_available_in_repository	no_close_mapped_neighborhood	medium_from_existing_CVB3_to_A89_explicit_mapping	homolog_preprint_supporting_context_not_binary_veto
184|185	184	185	197	FMDV_A188/CVB3_A204 conserved RNA-binding triad	12	no_close_mapped_RNA_contact	proxy_from_existing_A89_hexamer_radial_metric;no_preprint_coordinates_committed	NA_preprint_coordinates_not_available_in_repository	no_close_mapped_neighborhood	medium_from_existing_CVB3_to_A89_explicit_mapping	homolog_preprint_supporting_context_not_binary_veto
185|186	185	186	197	FMDV_A188/CVB3_A204 conserved RNA-binding triad	11	no_close_mapped_RNA_contact	proxy_from_existing_A89_hexamer_radial_metric;no_preprint_coordinates_committed	NA_preprint_coordinates_not_available_in_repository	no_close_mapped_neighborhood	medium_from_existing_CVB3_to_A89_explicit_mapping	homolog_preprint_supporting_context_not_binary_veto
186|187	186	187	197	FMDV_A188/CVB3_A204 conserved RNA-binding triad	10	no_close_mapped_RNA_contact	proxy_from_existing_A89_hexamer_radial_metric;no_preprint_coordinates_committed	NA_preprint_coordinates_not_available_in_repository	no_close_mapped_neighborhood	medium_from_existing_CVB3_to_A89_explicit_mapping	homolog_preprint_supporting_context_not_binary_veto
187|188	187	188	197	FMDV_A188/CVB3_A204 conserved RNA-binding triad	9	no_close_mapped_RNA_contact	proxy_from_existing_A89_hexamer_radial_metric;no_preprint_coordinates_committed	NA_preprint_coordinates_not_available_in_repository	no_close_mapped_neighborhood	medium_from_existing_CVB3_to_A89_explicit_mapping	homolog_preprint_supporting_context_not_binary_veto
188|189	188	189	197	FMDV_A188/CVB3_A204 conserved RNA-binding triad	8	no_close_mapped_RNA_contact	proxy_from_existing_A89_hexamer_radial_metric;no_preprint_coordinates_committed	NA_preprint_coordinates_not_available_in_repository	no_close_mapped_neighborhood	medium_from_existing_CVB3_to_A89_explicit_mapping	homolog_preprint_supporting_context_not_binary_veto
189|190	189	190	197	FMDV_A188/CVB3_A204 conserved RNA-binding triad	7	no_close_mapped_RNA_contact	proxy_from_existing_A89_hexamer_radial_metric;no_preprint_coordinates_committed	NA_preprint_coordinates_not_available_in_repository	no_close_mapped_neighborhood	medium_from_existing_CVB3_to_A89_explicit_mapping	homolog_preprint_supporting_context_not_binary_veto
190|191	190	191	197	FMDV_A188/CVB3_A204 conserved RNA-binding triad	6	RNA_contact_neighborhood	proxy_from_existing_A89_hexamer_radial_metric;no_preprint_coordinates_committed	NA_preprint_coordinates_not_available_in_repository	yes	medium_from_existing_CVB3_to_A89_explicit_mapping	homolog_preprint_supporting_context_not_binary_veto
191|192	191	192	197	FMDV_A188/CVB3_A204 conserved RNA-binding triad	5	RNA_contact_neighborhood	proxy_from_existing_A89_hexamer_radial_metric;no_preprint_coordinates_committed	NA_preprint_coordinates_not_available_in_repository	yes	medium_from_existing_CVB3_to_A89_explicit_mapping	homolog_preprint_supporting_context_not_binary_veto
192|193	192	193	197	FMDV_A188/CVB3_A204 conserved RNA-binding triad	4	RNA_contact_neighborhood	proxy_from_existing_A89_hexamer_radial_metric;no_preprint_coordinates_committed	NA_preprint_coordinates_not_available_in_repository	yes	medium_from_existing_CVB3_to_A89_explicit_mapping	homolog_preprint_supporting_context_not_binary_veto
193|194	193	194	197	FMDV_A188/CVB3_A204 conserved RNA-binding triad	3	RNA_contact_neighborhood	proxy_from_existing_A89_hexamer_radial_metric;no_preprint_coordinates_committed	NA_preprint_coordinates_not_available_in_repository	yes	medium_from_existing_CVB3_to_A89_explicit_mapping	homolog_preprint_supporting_context_not_binary_veto
194|195	194	195	197	FMDV_A188/CVB3_A204 conserved RNA-binding triad	2	near_mapped_RNA_contact	proxy_from_existing_A89_hexamer_radial_metric;no_preprint_coordinates_committed	NA_preprint_coordinates_not_available_in_repository	yes	medium_from_existing_CVB3_to_A89_explicit_mapping	homolog_preprint_supporting_context_not_binary_veto
195|196	195	196	197	FMDV_A188/CVB3_A204 conserved RNA-binding triad	1	near_mapped_RNA_contact	proxy_from_existing_A89_hexamer_radial_metric;no_preprint_coordinates_committed	NA_preprint_coordinates_not_available_in_repository	yes	medium_from_existing_CVB3_to_A89_explicit_mapping	homolog_preprint_supporting_context_not_binary_veto
196|197	196	197	197	FMDV_A188/CVB3_A204 conserved RNA-binding triad	0	near_mapped_RNA_contact	proxy_from_existing_A89_hexamer_radial_metric;no_preprint_coordinates_committed	NA_preprint_coordinates_not_available_in_repository	yes	medium_from_existing_CVB3_to_A89_explicit_mapping	homolog_preprint_supporting_context_not_binary_veto
197|198	197	198	197	FMDV_A188/CVB3_A204 conserved RNA-binding triad	0	near_mapped_RNA_contact	proxy_from_existing_A89_hexamer_radial_metric;no_preprint_coordinates_committed	NA_preprint_coordinates_not_available_in_repository	yes	medium_from_existing_CVB3_to_A89_explicit_mapping	homolog_preprint_supporting_context_not_binary_veto
198|199	198	199	199	FMDV_L190/CVB3_L206 conserved RNA-binding triad	0	near_mapped_RNA_contact	proxy_from_existing_A89_hexamer_radial_metric;no_preprint_coordinates_committed	NA_preprint_coordinates_not_available_in_repository	yes	medium_from_existing_CVB3_to_A89_explicit_mapping	homolog_preprint_supporting_context_not_binary_veto
199|200	199	200	199	FMDV_L190/CVB3_L206 conserved RNA-binding triad	0	near_mapped_RNA_contact	proxy_from_existing_A89_hexamer_radial_metric;no_preprint_coordinates_committed	NA_preprint_coordinates_not_available_in_repository	yes	medium_from_existing_CVB3_to_A89_explicit_mapping	homolog_preprint_supporting_context_not_binary_veto
200|201	200	201	199	FMDV_L190/CVB3_L206 conserved RNA-binding triad	1	near_mapped_RNA_contact	proxy_from_existing_A89_hexamer_radial_metric;no_preprint_coordinates_committed	NA_preprint_coordinates_not_available_in_repository	yes	medium_from_existing_CVB3_to_A89_explicit_mapping	homolog_preprint_supporting_context_not_binary_veto
201|202	201	202	202	FMDV_K193/CVB3_K209 conserved RNA-binding triad	0	near_mapped_RNA_contact	proxy_from_existing_A89_hexamer_radial_metric;no_preprint_coordinates_committed	NA_preprint_coordinates_not_available_in_repository	yes	medium_from_existing_CVB3_to_A89_explicit_mapping	homolog_preprint_supporting_context_not_binary_veto
202|203	202	203	202	FMDV_K193/CVB3_K209 conserved RNA-binding triad	0	near_mapped_RNA_contact	proxy_from_existing_A89_hexamer_radial_metric;no_preprint_coordinates_committed	NA_preprint_coordinates_not_available_in_repository	yes	medium_from_existing_CVB3_to_A89_explicit_mapping	homolog_preprint_supporting_context_not_binary_veto
203|204	203	204	202	FMDV_K193/CVB3_K209 conserved RNA-binding triad	1	near_mapped_RNA_contact	proxy_from_existing_A89_hexamer_radial_metric;no_preprint_coordinates_committed	NA_preprint_coordinates_not_available_in_repository	yes	medium_from_existing_CVB3_to_A89_explicit_mapping	homolog_preprint_supporting_context_not_binary_veto
204|205	204	205	202	FMDV_K193/CVB3_K209 conserved RNA-binding triad	2	near_mapped_RNA_contact	proxy_from_existing_A89_hexamer_radial_metric;no_preprint_coordinates_committed	NA_preprint_coordinates_not_available_in_repository	yes	medium_from_existing_CVB3_to_A89_explicit_mapping	homolog_preprint_supporting_context_not_binary_veto
205|206	205	206	202	FMDV_K193/CVB3_K209 conserved RNA-binding triad	3	RNA_contact_neighborhood	proxy_from_existing_A89_hexamer_radial_metric;no_preprint_coordinates_committed	NA_preprint_coordinates_not_available_in_repository	yes	medium_from_existing_CVB3_to_A89_explicit_mapping	homolog_preprint_supporting_context_not_binary_veto
206|207	206	207	202	FMDV_K193/CVB3_K209 conserved RNA-binding triad	4	RNA_contact_neighborhood	proxy_from_existing_A89_hexamer_radial_metric;no_preprint_coordinates_committed	NA_preprint_coordinates_not_available_in_repository	yes	medium_from_existing_CVB3_to_A89_explicit_mapping	homolog_preprint_supporting_context_not_binary_veto
207|208	207	208	202	FMDV_K193/CVB3_K209 conserved RNA-binding triad	5	RNA_contact_neighborhood	proxy_from_existing_A89_hexamer_radial_metric;no_preprint_coordinates_committed	NA_preprint_coordinates_not_available_in_repository	yes	medium_from_existing_CVB3_to_A89_explicit_mapping	homolog_preprint_supporting_context_not_binary_veto
208|209	208	209	202	FMDV_K193/CVB3_K209 conserved RNA-binding triad	6	RNA_contact_neighborhood	proxy_from_existing_A89_hexamer_radial_metric;no_preprint_coordinates_committed	NA_preprint_coordinates_not_available_in_repository	yes	medium_from_existing_CVB3_to_A89_explicit_mapping	homolog_preprint_supporting_context_not_binary_veto
209|210	209	210	216	CVB3_N223/A89_N216 motif-C/RNA-coupled neighborhood	6	RNA_contact_neighborhood	proxy_from_existing_A89_hexamer_radial_metric;no_preprint_coordinates_committed	NA_preprint_coordinates_not_available_in_repository	yes	medium_from_existing_CVB3_to_A89_explicit_mapping	homolog_preprint_supporting_context_not_binary_veto
210|211	210	211	216	CVB3_N223/A89_N216 motif-C/RNA-coupled neighborhood	5	RNA_contact_neighborhood	proxy_from_existing_A89_hexamer_radial_metric;no_preprint_coordinates_committed	NA_preprint_coordinates_not_available_in_repository	yes	medium_from_existing_CVB3_to_A89_explicit_mapping	homolog_preprint_supporting_context_not_binary_veto
211|212	211	212	216	CVB3_N223/A89_N216 motif-C/RNA-coupled neighborhood	4	RNA_contact_neighborhood	proxy_from_existing_A89_hexamer_radial_metric;no_preprint_coordinates_committed	NA_preprint_coordinates_not_available_in_repository	yes	medium_from_existing_CVB3_to_A89_explicit_mapping	homolog_preprint_supporting_context_not_binary_veto
212|213	212	213	216	CVB3_N223/A89_N216 motif-C/RNA-coupled neighborhood	3	RNA_contact_neighborhood	proxy_from_existing_A89_hexamer_radial_metric;no_preprint_coordinates_committed	NA_preprint_coordinates_not_available_in_repository	yes	medium_from_existing_CVB3_to_A89_explicit_mapping	homolog_preprint_supporting_context_not_binary_veto
213|214	213	214	216	CVB3_N223/A89_N216 motif-C/RNA-coupled neighborhood	2	near_mapped_RNA_contact	proxy_from_existing_A89_hexamer_radial_metric;no_preprint_coordinates_committed	NA_preprint_coordinates_not_available_in_repository	yes	medium_from_existing_CVB3_to_A89_explicit_mapping	homolog_preprint_supporting_context_not_binary_veto
214|215	214	215	216	CVB3_N223/A89_N216 motif-C/RNA-coupled neighborhood	1	near_mapped_RNA_contact	proxy_from_existing_A89_hexamer_radial_metric;no_preprint_coordinates_committed	NA_preprint_coordinates_not_available_in_repository	yes	medium_from_existing_CVB3_to_A89_explicit_mapping	homolog_preprint_supporting_context_not_binary_veto
215|216	215	216	216	CVB3_N223/A89_N216 motif-C/RNA-coupled neighborhood	0	near_mapped_RNA_contact	proxy_from_existing_A89_hexamer_radial_metric;no_preprint_coordinates_committed	NA_preprint_coordinates_not_available_in_repository	yes	medium_from_existing_CVB3_to_A89_explicit_mapping	homolog_preprint_supporting_context_not_binary_veto
216|217	216	217	216	CVB3_N223/A89_N216 motif-C/RNA-coupled neighborhood	0	near_mapped_RNA_contact	proxy_from_existing_A89_hexamer_radial_metric;no_preprint_coordinates_committed	NA_preprint_coordinates_not_available_in_repository	yes	medium_from_existing_CVB3_to_A89_explicit_mapping	homolog_preprint_supporting_context_not_binary_veto
217|218	217	218	216	CVB3_N223/A89_N216 motif-C/RNA-coupled neighborhood	1	near_mapped_RNA_contact	proxy_from_existing_A89_hexamer_radial_metric;no_preprint_coordinates_committed	NA_preprint_coordinates_not_available_in_repository	yes	medium_from_existing_CVB3_to_A89_explicit_mapping	homolog_preprint_supporting_context_not_binary_veto
218|219	218	219	216	CVB3_N223/A89_N216 motif-C/RNA-coupled neighborhood	2	near_mapped_RNA_contact	proxy_from_existing_A89_hexamer_radial_metric;no_preprint_coordinates_committed	NA_preprint_coordinates_not_available_in_repository	yes	medium_from_existing_CVB3_to_A89_explicit_mapping	homolog_preprint_supporting_context_not_binary_veto
219|220	219	220	216	CVB3_N223/A89_N216 motif-C/RNA-coupled neighborhood	3	RNA_contact_neighborhood	proxy_from_existing_A89_hexamer_radial_metric;no_preprint_coordinates_committed	NA_preprint_coordinates_not_available_in_repository	yes	medium_from_existing_CVB3_to_A89_explicit_mapping	homolog_preprint_supporting_context_not_binary_veto
220|221	220	221	216	CVB3_N223/A89_N216 motif-C/RNA-coupled neighborhood	4	RNA_contact_neighborhood	proxy_from_existing_A89_hexamer_radial_metric;no_preprint_coordinates_committed	NA_preprint_coordinates_not_available_in_repository	yes	medium_from_existing_CVB3_to_A89_explicit_mapping	homolog_preprint_supporting_context_not_binary_veto
221|222	221	222	216	CVB3_N223/A89_N216 motif-C/RNA-coupled neighborhood	5	RNA_contact_neighborhood	proxy_from_existing_A89_hexamer_radial_metric;no_preprint_coordinates_committed	NA_preprint_coordinates_not_available_in_repository	yes	medium_from_existing_CVB3_to_A89_explicit_mapping	homolog_preprint_supporting_context_not_binary_veto
222|223	222	223	216	CVB3_N223/A89_N216 motif-C/RNA-coupled neighborhood	6	RNA_contact_neighborhood	proxy_from_existing_A89_hexamer_radial_metric;no_preprint_coordinates_committed	NA_preprint_coordinates_not_available_in_repository	yes	medium_from_existing_CVB3_to_A89_explicit_mapping	homolog_preprint_supporting_context_not_binary_veto
223|224	223	224	216	CVB3_N223/A89_N216 motif-C/RNA-coupled neighborhood	7	no_close_mapped_RNA_contact	proxy_from_existing_A89_hexamer_radial_metric;no_preprint_coordinates_committed	NA_preprint_coordinates_not_available_in_repository	no_close_mapped_neighborhood	medium_from_existing_CVB3_to_A89_explicit_mapping	homolog_preprint_supporting_context_not_binary_veto
224|225	224	225	233	conserved Arg-finger homolog	8	no_close_mapped_RNA_contact	proxy_from_existing_A89_hexamer_radial_metric;no_preprint_coordinates_committed	NA_preprint_coordinates_not_available_in_repository	no_close_mapped_neighborhood	medium_from_existing_CVB3_to_A89_explicit_mapping	homolog_preprint_supporting_context_not_binary_veto
225|226	225	226	233	conserved Arg-finger homolog	7	no_close_mapped_RNA_contact	proxy_from_existing_A89_hexamer_radial_metric;no_preprint_coordinates_committed	NA_preprint_coordinates_not_available_in_repository	no_close_mapped_neighborhood	medium_from_existing_CVB3_to_A89_explicit_mapping	homolog_preprint_supporting_context_not_binary_veto
226|227	226	227	233	conserved Arg-finger homolog	6	RNA_contact_neighborhood	proxy_from_existing_A89_hexamer_radial_metric;no_preprint_coordinates_committed	NA_preprint_coordinates_not_available_in_repository	yes	medium_from_existing_CVB3_to_A89_explicit_mapping	homolog_preprint_supporting_context_not_binary_veto
227|228	227	228	233	conserved Arg-finger homolog	5	RNA_contact_neighborhood	proxy_from_existing_A89_hexamer_radial_metric;no_preprint_coordinates_committed	NA_preprint_coordinates_not_available_in_repository	yes	medium_from_existing_CVB3_to_A89_explicit_mapping	homolog_preprint_supporting_context_not_binary_veto
228|229	228	229	233	conserved Arg-finger homolog	4	RNA_contact_neighborhood	proxy_from_existing_A89_hexamer_radial_metric;no_preprint_coordinates_committed	NA_preprint_coordinates_not_available_in_repository	yes	medium_from_existing_CVB3_to_A89_explicit_mapping	homolog_preprint_supporting_context_not_binary_veto
229|230	229	230	233	conserved Arg-finger homolog	3	RNA_contact_neighborhood	proxy_from_existing_A89_hexamer_radial_metric;no_preprint_coordinates_committed	NA_preprint_coordinates_not_available_in_repository	yes	medium_from_existing_CVB3_to_A89_explicit_mapping	homolog_preprint_supporting_context_not_binary_veto
230|231	230	231	233	conserved Arg-finger homolog	2	near_mapped_RNA_contact	proxy_from_existing_A89_hexamer_radial_metric;no_preprint_coordinates_committed	NA_preprint_coordinates_not_available_in_repository	yes	medium_from_existing_CVB3_to_A89_explicit_mapping	homolog_preprint_supporting_context_not_binary_veto
231|232	231	232	233	conserved Arg-finger homolog	1	near_mapped_RNA_contact	proxy_from_existing_A89_hexamer_radial_metric;no_preprint_coordinates_committed	NA_preprint_coordinates_not_available_in_repository	yes	medium_from_existing_CVB3_to_A89_explicit_mapping	homolog_preprint_supporting_context_not_binary_veto
232|233	232	233	233	conserved Arg-finger homolog	0	near_mapped_RNA_contact	proxy_from_existing_A89_hexamer_radial_metric;no_preprint_coordinates_committed	NA_preprint_coordinates_not_available_in_repository	yes	medium_from_existing_CVB3_to_A89_explicit_mapping	homolog_preprint_supporting_context_not_binary_veto
233|234	233	234	233	conserved Arg-finger homolog	0	near_mapped_RNA_contact	proxy_from_existing_A89_hexamer_radial_metric;no_preprint_coordinates_committed	NA_preprint_coordinates_not_available_in_repository	yes	medium_from_existing_CVB3_to_A89_explicit_mapping	homolog_preprint_supporting_context_not_binary_veto
234|235	234	235	234	conserved Arg-finger homolog	0	near_mapped_RNA_contact	proxy_from_existing_A89_hexamer_radial_metric;no_preprint_coordinates_committed	NA_preprint_coordinates_not_available_in_repository	yes	medium_from_existing_CVB3_to_A89_explicit_mapping	homolog_preprint_supporting_context_not_binary_veto
235|236	235	236	234	conserved Arg-finger homolog	1	near_mapped_RNA_contact	proxy_from_existing_A89_hexamer_radial_metric;no_preprint_coordinates_committed	NA_preprint_coordinates_not_available_in_repository	yes	medium_from_existing_CVB3_to_A89_explicit_mapping	homolog_preprint_supporting_context_not_binary_veto
236|237	236	237	234	conserved Arg-finger homolog	2	near_mapped_RNA_contact	proxy_from_existing_A89_hexamer_radial_metric;no_preprint_coordinates_committed	NA_preprint_coordinates_not_available_in_repository	yes	medium_from_existing_CVB3_to_A89_explicit_mapping	homolog_preprint_supporting_context_not_binary_veto
237|238	237	238	234	conserved Arg-finger homolog	3	RNA_contact_neighborhood	proxy_from_existing_A89_hexamer_radial_metric;no_preprint_coordinates_committed	NA_preprint_coordinates_not_available_in_repository	yes	medium_from_existing_CVB3_to_A89_explicit_mapping	homolog_preprint_supporting_context_not_binary_veto
238|239	238	239	234	conserved Arg-finger homolog	4	RNA_contact_neighborhood	proxy_from_existing_A89_hexamer_radial_metric;no_preprint_coordinates_committed	NA_preprint_coordinates_not_available_in_repository	yes	medium_from_existing_CVB3_to_A89_explicit_mapping	homolog_preprint_supporting_context_not_binary_veto
239|240	239	240	234	conserved Arg-finger homolog	5	RNA_contact_neighborhood	proxy_from_existing_A89_hexamer_radial_metric;no_preprint_coordinates_committed	NA_preprint_coordinates_not_available_in_repository	yes	medium_from_existing_CVB3_to_A89_explicit_mapping	homolog_preprint_supporting_context_not_binary_veto
240|241	240	241	234	conserved Arg-finger homolog	6	RNA_contact_neighborhood	proxy_from_existing_A89_hexamer_radial_metric;no_preprint_coordinates_committed	NA_preprint_coordinates_not_available_in_repository	yes	medium_from_existing_CVB3_to_A89_explicit_mapping	homolog_preprint_supporting_context_not_binary_veto
241|242	241	242	234	conserved Arg-finger homolog	7	no_close_mapped_RNA_contact	proxy_from_existing_A89_hexamer_radial_metric;no_preprint_coordinates_committed	NA_preprint_coordinates_not_available_in_repository	no_close_mapped_neighborhood	medium_from_existing_CVB3_to_A89_explicit_mapping	homolog_preprint_supporting_context_not_binary_veto
242|243	242	243	234	conserved Arg-finger homolog	8	no_close_mapped_RNA_contact	proxy_from_existing_A89_hexamer_radial_metric;no_preprint_coordinates_committed	NA_preprint_coordinates_not_available_in_repository	no_close_mapped_neighborhood	medium_from_existing_CVB3_to_A89_explicit_mapping	homolog_preprint_supporting_context_not_binary_veto
243|244	243	244	234	conserved Arg-finger homolog	9	no_close_mapped_RNA_contact	proxy_from_existing_A89_hexamer_radial_metric;no_preprint_coordinates_committed	NA_preprint_coordinates_not_available_in_repository	no_close_mapped_neighborhood	medium_from_existing_CVB3_to_A89_explicit_mapping	homolog_preprint_supporting_context_not_binary_veto
244|245	244	245	234	conserved Arg-finger homolog	10	no_close_mapped_RNA_contact	proxy_from_existing_A89_hexamer_radial_metric;no_preprint_coordinates_committed	NA_preprint_coordinates_not_available_in_repository	no_close_mapped_neighborhood	medium_from_existing_CVB3_to_A89_explicit_mapping	homolog_preprint_supporting_context_not_binary_veto
245|246	245	246	234	conserved Arg-finger homolog	11	no_close_mapped_RNA_contact	proxy_from_existing_A89_hexamer_radial_metric;no_preprint_coordinates_committed	NA_preprint_coordinates_not_available_in_repository	no_close_mapped_neighborhood	medium_from_existing_CVB3_to_A89_explicit_mapping	homolog_preprint_supporting_context_not_binary_veto
246|247	246	247	234	conserved Arg-finger homolog	12	no_close_mapped_RNA_contact	proxy_from_existing_A89_hexamer_radial_metric;no_preprint_coordinates_committed	NA_preprint_coordinates_not_available_in_repository	no_close_mapped_neighborhood	medium_from_existing_CVB3_to_A89_explicit_mapping	homolog_preprint_supporting_context_not_binary_veto
247|248	247	248	234	conserved Arg-finger homolog	13	no_close_mapped_RNA_contact	proxy_from_existing_A89_hexamer_radial_metric;no_preprint_coordinates_committed	NA_preprint_coordinates_not_available_in_repository	no_close_mapped_neighborhood	medium_from_existing_CVB3_to_A89_explicit_mapping	homolog_preprint_supporting_context_not_binary_veto
248|249	248	249	234	conserved Arg-finger homolog	14	no_close_mapped_RNA_contact	proxy_from_existing_A89_hexamer_radial_metric;no_preprint_coordinates_committed	NA_preprint_coordinates_not_available_in_repository	no_close_mapped_neighborhood	medium_from_existing_CVB3_to_A89_explicit_mapping	homolog_preprint_supporting_context_not_binary_veto
249|250	249	250	234	conserved Arg-finger homolog	15	no_close_mapped_RNA_contact	proxy_from_existing_A89_hexamer_radial_metric;no_preprint_coordinates_committed	NA_preprint_coordinates_not_available_in_repository	no_close_mapped_neighborhood	medium_from_existing_CVB3_to_A89_explicit_mapping	homolog_preprint_supporting_context_not_binary_veto
250|251	250	251	234	conserved Arg-finger homolog	16	no_close_mapped_RNA_contact	proxy_from_existing_A89_hexamer_radial_metric;no_preprint_coordinates_committed	NA_preprint_coordinates_not_available_in_repository	no_close_mapped_neighborhood	medium_from_existing_CVB3_to_A89_explicit_mapping	homolog_preprint_supporting_context_not_binary_veto
251|252	251	252	234	conserved Arg-finger homolog	17	no_close_mapped_RNA_contact	proxy_from_existing_A89_hexamer_radial_metric;no_preprint_coordinates_committed	NA_preprint_coordinates_not_available_in_repository	no_close_mapped_neighborhood	medium_from_existing_CVB3_to_A89_explicit_mapping	homolog_preprint_supporting_context_not_binary_veto
252|253	252	253	234	conserved Arg-finger homolog	18	no_close_mapped_RNA_contact	proxy_from_existing_A89_hexamer_radial_metric;no_preprint_coordinates_committed	NA_preprint_coordinates_not_available_in_repository	no_close_mapped_neighborhood	medium_from_existing_CVB3_to_A89_explicit_mapping	homolog_preprint_supporting_context_not_binary_veto
253|254	253	254	234	conserved Arg-finger homolog	19	no_close_mapped_RNA_contact	proxy_from_existing_A89_hexamer_radial_metric;no_preprint_coordinates_committed	NA_preprint_coordinates_not_available_in_repository	no_close_mapped_neighborhood	medium_from_existing_CVB3_to_A89_explicit_mapping	homolog_preprint_supporting_context_not_binary_veto
254|255	254	255	234	conserved Arg-finger homolog	20	no_close_mapped_RNA_contact	proxy_from_existing_A89_hexamer_radial_metric;no_preprint_coordinates_committed	NA_preprint_coordinates_not_available_in_repository	no_close_mapped_neighborhood	medium_from_existing_CVB3_to_A89_explicit_mapping	homolog_preprint_supporting_context_not_binary_veto
255|256	255	256	234	conserved Arg-finger homolog	21	no_close_mapped_RNA_contact	proxy_from_existing_A89_hexamer_radial_metric;no_preprint_coordinates_committed	NA_preprint_coordinates_not_available_in_repository	no_close_mapped_neighborhood	medium_from_existing_CVB3_to_A89_explicit_mapping	homolog_preprint_supporting_context_not_binary_veto
256|257	256	257	234	conserved Arg-finger homolog	22	no_close_mapped_RNA_contact	proxy_from_existing_A89_hexamer_radial_metric;no_preprint_coordinates_committed	NA_preprint_coordinates_not_available_in_repository	no_close_mapped_neighborhood	medium_from_existing_CVB3_to_A89_explicit_mapping	homolog_preprint_supporting_context_not_binary_veto
257|258	257	258	234	conserved Arg-finger homolog	23	no_close_mapped_RNA_contact	proxy_from_existing_A89_hexamer_radial_metric;no_preprint_coordinates_committed	NA_preprint_coordinates_not_available_in_repository	no_close_mapped_neighborhood	medium_from_existing_CVB3_to_A89_explicit_mapping	homolog_preprint_supporting_context_not_binary_veto
258|259	258	259	234	conserved Arg-finger homolog	24	no_close_mapped_RNA_contact	proxy_from_existing_A89_hexamer_radial_metric;no_preprint_coordinates_committed	NA_preprint_coordinates_not_available_in_repository	no_close_mapped_neighborhood	medium_from_existing_CVB3_to_A89_explicit_mapping	homolog_preprint_supporting_context_not_binary_veto
259|260	259	260	234	conserved Arg-finger homolog	25	no_close_mapped_RNA_contact	proxy_from_existing_A89_hexamer_radial_metric;no_preprint_coordinates_committed	NA_preprint_coordinates_not_available_in_repository	no_close_mapped_neighborhood	medium_from_existing_CVB3_to_A89_explicit_mapping	homolog_preprint_supporting_context_not_binary_veto
260|261	260	261	234	conserved Arg-finger homolog	26	no_close_mapped_RNA_contact	proxy_from_existing_A89_hexamer_radial_metric;no_preprint_coordinates_committed	NA_preprint_coordinates_not_available_in_repository	no_close_mapped_neighborhood	medium_from_existing_CVB3_to_A89_explicit_mapping	homolog_preprint_supporting_context_not_binary_veto
261|262	261	262	234	conserved Arg-finger homolog	27	no_close_mapped_RNA_contact	proxy_from_existing_A89_hexamer_radial_metric;no_preprint_coordinates_committed	NA_preprint_coordinates_not_available_in_repository	no_close_mapped_neighborhood	medium_from_existing_CVB3_to_A89_explicit_mapping	homolog_preprint_supporting_context_not_binary_veto
262|263	262	263	234	conserved Arg-finger homolog	28	no_close_mapped_RNA_contact	proxy_from_existing_A89_hexamer_radial_metric;no_preprint_coordinates_committed	NA_preprint_coordinates_not_available_in_repository	no_close_mapped_neighborhood	medium_from_existing_CVB3_to_A89_explicit_mapping	homolog_preprint_supporting_context_not_binary_veto
263|264	263	264	234	conserved Arg-finger homolog	29	no_close_mapped_RNA_contact	proxy_from_existing_A89_hexamer_radial_metric;no_preprint_coordinates_committed	NA_preprint_coordinates_not_available_in_repository	no_close_mapped_neighborhood	medium_from_existing_CVB3_to_A89_explicit_mapping	homolog_preprint_supporting_context_not_binary_veto
264|265	264	265	234	conserved Arg-finger homolog	30	no_close_mapped_RNA_contact	proxy_from_existing_A89_hexamer_radial_metric;no_preprint_coordinates_committed	NA_preprint_coordinates_not_available_in_repository	no_close_mapped_neighborhood	medium_from_existing_CVB3_to_A89_explicit_mapping	homolog_preprint_supporting_context_not_binary_veto
265|266	265	266	234	conserved Arg-finger homolog	31	no_close_mapped_RNA_contact	proxy_from_existing_A89_hexamer_radial_metric;no_preprint_coordinates_committed	NA_preprint_coordinates_not_available_in_repository	no_close_mapped_neighborhood	medium_from_existing_CVB3_to_A89_explicit_mapping	homolog_preprint_supporting_context_not_binary_veto
266|267	266	267	234	conserved Arg-finger homolog	32	no_close_mapped_RNA_contact	proxy_from_existing_A89_hexamer_radial_metric;no_preprint_coordinates_committed	NA_preprint_coordinates_not_available_in_repository	no_close_mapped_neighborhood	medium_from_existing_CVB3_to_A89_explicit_mapping	homolog_preprint_supporting_context_not_binary_veto
267|268	267	268	234	conserved Arg-finger homolog	33	no_close_mapped_RNA_contact	proxy_from_existing_A89_hexamer_radial_metric;no_preprint_coordinates_committed	NA_preprint_coordinates_not_available_in_repository	no_close_mapped_neighborhood	medium_from_existing_CVB3_to_A89_explicit_mapping	homolog_preprint_supporting_context_not_binary_veto
268|269	268	269	234	conserved Arg-finger homolog	34	no_close_mapped_RNA_contact	proxy_from_existing_A89_hexamer_radial_metric;no_preprint_coordinates_committed	NA_preprint_coordinates_not_available_in_repository	no_close_mapped_neighborhood	medium_from_existing_CVB3_to_A89_explicit_mapping	homolog_preprint_supporting_context_not_binary_veto
269|270	269	270	234	conserved Arg-finger homolog	35	no_close_mapped_RNA_contact	proxy_from_existing_A89_hexamer_radial_metric;no_preprint_coordinates_committed	NA_preprint_coordinates_not_available_in_repository	no_close_mapped_neighborhood	medium_from_existing_CVB3_to_A89_explicit_mapping	homolog_preprint_supporting_context_not_binary_veto
270|271	270	271	234	conserved Arg-finger homolog	36	no_close_mapped_RNA_contact	proxy_from_existing_A89_hexamer_radial_metric;no_preprint_coordinates_committed	NA_preprint_coordinates_not_available_in_repository	no_close_mapped_neighborhood	medium_from_existing_CVB3_to_A89_explicit_mapping	homolog_preprint_supporting_context_not_binary_veto
271|272	271	272	234	conserved Arg-finger homolog	37	no_close_mapped_RNA_contact	proxy_from_existing_A89_hexamer_radial_metric;no_preprint_coordinates_committed	NA_preprint_coordinates_not_available_in_repository	no_close_mapped_neighborhood	medium_from_existing_CVB3_to_A89_explicit_mapping	homolog_preprint_supporting_context_not_binary_veto
272|273	272	273	234	conserved Arg-finger homolog	38	no_close_mapped_RNA_contact	proxy_from_existing_A89_hexamer_radial_metric;no_preprint_coordinates_committed	NA_preprint_coordinates_not_available_in_repository	no_close_mapped_neighborhood	medium_from_existing_CVB3_to_A89_explicit_mapping	homolog_preprint_supporting_context_not_binary_veto
273|274	273	274	234	conserved Arg-finger homolog	39	no_close_mapped_RNA_contact	proxy_from_existing_A89_hexamer_radial_metric;no_preprint_coordinates_committed	NA_preprint_coordinates_not_available_in_repository	no_close_mapped_neighborhood	medium_from_existing_CVB3_to_A89_explicit_mapping	homolog_preprint_supporting_context_not_binary_veto
274|275	274	275	234	conserved Arg-finger homolog	40	no_close_mapped_RNA_contact	proxy_from_existing_A89_hexamer_radial_metric;no_preprint_coordinates_committed	NA_preprint_coordinates_not_available_in_repository	no_close_mapped_neighborhood	medium_from_existing_CVB3_to_A89_explicit_mapping	homolog_preprint_supporting_context_not_binary_veto
275|276	275	276	234	conserved Arg-finger homolog	41	no_close_mapped_RNA_contact	proxy_from_existing_A89_hexamer_radial_metric;no_preprint_coordinates_committed	NA_preprint_coordinates_not_available_in_repository	no_close_mapped_neighborhood	medium_from_existing_CVB3_to_A89_explicit_mapping	homolog_preprint_supporting_context_not_binary_veto
276|277	276	277	234	conserved Arg-finger homolog	42	no_close_mapped_RNA_contact	proxy_from_existing_A89_hexamer_radial_metric;no_preprint_coordinates_committed	NA_preprint_coordinates_not_available_in_repository	no_close_mapped_neighborhood	medium_from_existing_CVB3_to_A89_explicit_mapping	homolog_preprint_supporting_context_not_binary_veto
277|278	277	278	234	conserved Arg-finger homolog	43	no_close_mapped_RNA_contact	proxy_from_existing_A89_hexamer_radial_metric;no_preprint_coordinates_committed	NA_preprint_coordinates_not_available_in_repository	no_close_mapped_neighborhood	medium_from_existing_CVB3_to_A89_explicit_mapping	homolog_preprint_supporting_context_not_binary_veto
278|279	278	279	234	conserved Arg-finger homolog	44	no_close_mapped_RNA_contact	proxy_from_existing_A89_hexamer_radial_metric;no_preprint_coordinates_committed	NA_preprint_coordinates_not_available_in_repository	no_close_mapped_neighborhood	medium_from_existing_CVB3_to_A89_explicit_mapping	homolog_preprint_supporting_context_not_binary_veto
279|280	279	280	234	conserved Arg-finger homolog	45	no_close_mapped_RNA_contact	proxy_from_existing_A89_hexamer_radial_metric;no_preprint_coordinates_committed	NA_preprint_coordinates_not_available_in_repository	no_close_mapped_neighborhood	medium_from_existing_CVB3_to_A89_explicit_mapping	homolog_preprint_supporting_context_not_binary_veto
280|281	280	281	234	conserved Arg-finger homolog	46	no_close_mapped_RNA_contact	proxy_from_existing_A89_hexamer_radial_metric;no_preprint_coordinates_committed	NA_preprint_coordinates_not_available_in_repository	no_close_mapped_neighborhood	medium_from_existing_CVB3_to_A89_explicit_mapping	homolog_preprint_supporting_context_not_binary_veto
281|282	281	282	234	conserved Arg-finger homolog	47	no_close_mapped_RNA_contact	proxy_from_existing_A89_hexamer_radial_metric;no_preprint_coordinates_committed	NA_preprint_coordinates_not_available_in_repository	no_close_mapped_neighborhood	medium_from_existing_CVB3_to_A89_explicit_mapping	homolog_preprint_supporting_context_not_binary_veto
282|283	282	283	234	conserved Arg-finger homolog	48	no_close_mapped_RNA_contact	proxy_from_existing_A89_hexamer_radial_metric;no_preprint_coordinates_committed	NA_preprint_coordinates_not_available_in_repository	no_close_mapped_neighborhood	medium_from_existing_CVB3_to_A89_explicit_mapping	homolog_preprint_supporting_context_not_binary_veto
283|284	283	284	234	conserved Arg-finger homolog	49	no_close_mapped_RNA_contact	proxy_from_existing_A89_hexamer_radial_metric;no_preprint_coordinates_committed	NA_preprint_coordinates_not_available_in_repository	no_close_mapped_neighborhood	medium_from_existing_CVB3_to_A89_explicit_mapping	homolog_preprint_supporting_context_not_binary_veto
284|285	284	285	234	conserved Arg-finger homolog	50	no_close_mapped_RNA_contact	proxy_from_existing_A89_hexamer_radial_metric;no_preprint_coordinates_committed	NA_preprint_coordinates_not_available_in_repository	no_close_mapped_neighborhood	medium_from_existing_CVB3_to_A89_explicit_mapping	homolog_preprint_supporting_context_not_binary_veto
285|286	285	286	234	conserved Arg-finger homolog	51	no_close_mapped_RNA_contact	proxy_from_existing_A89_hexamer_radial_metric;no_preprint_coordinates_committed	NA_preprint_coordinates_not_available_in_repository	no_close_mapped_neighborhood	medium_from_existing_CVB3_to_A89_explicit_mapping	homolog_preprint_supporting_context_not_binary_veto
286|287	286	287	234	conserved Arg-finger homolog	52	no_close_mapped_RNA_contact	proxy_from_existing_A89_hexamer_radial_metric;no_preprint_coordinates_committed	NA_preprint_coordinates_not_available_in_repository	no_close_mapped_neighborhood	medium_from_existing_CVB3_to_A89_explicit_mapping	homolog_preprint_supporting_context_not_binary_veto
287|288	287	288	234	conserved Arg-finger homolog	53	no_close_mapped_RNA_contact	proxy_from_existing_A89_hexamer_radial_metric;no_preprint_coordinates_committed	NA_preprint_coordinates_not_available_in_repository	no_close_mapped_neighborhood	medium_from_existing_CVB3_to_A89_explicit_mapping	homolog_preprint_supporting_context_not_binary_veto
288|289	288	289	234	conserved Arg-finger homolog	54	no_close_mapped_RNA_contact	proxy_from_existing_A89_hexamer_radial_metric;no_preprint_coordinates_committed	NA_preprint_coordinates_not_available_in_repository	no_close_mapped_neighborhood	medium_from_existing_CVB3_to_A89_explicit_mapping	homolog_preprint_supporting_context_not_binary_veto
289|290	289	290	234	conserved Arg-finger homolog	55	no_close_mapped_RNA_contact	proxy_from_existing_A89_hexamer_radial_metric;no_preprint_coordinates_committed	NA_preprint_coordinates_not_available_in_repository	no_close_mapped_neighborhood	medium_from_existing_CVB3_to_A89_explicit_mapping	homolog_preprint_supporting_context_not_binary_veto
290|291	290	291	234	conserved Arg-finger homolog	56	no_close_mapped_RNA_contact	proxy_from_existing_A89_hexamer_radial_metric;no_preprint_coordinates_committed	NA_preprint_coordinates_not_available_in_repository	no_close_mapped_neighborhood	medium_from_existing_CVB3_to_A89_explicit_mapping	homolog_preprint_supporting_context_not_binary_veto
291|292	291	292	234	conserved Arg-finger homolog	57	no_close_mapped_RNA_contact	proxy_from_existing_A89_hexamer_radial_metric;no_preprint_coordinates_committed	NA_preprint_coordinates_not_available_in_repository	no_close_mapped_neighborhood	medium_from_existing_CVB3_to_A89_explicit_mapping	homolog_preprint_supporting_context_not_binary_veto
292|293	292	293	234	conserved Arg-finger homolog	58	no_close_mapped_RNA_contact	proxy_from_existing_A89_hexamer_radial_metric;no_preprint_coordinates_committed	NA_preprint_coordinates_not_available_in_repository	no_close_mapped_neighborhood	medium_from_existing_CVB3_to_A89_explicit_mapping	homolog_preprint_supporting_context_not_binary_veto
293|294	293	294	234	conserved Arg-finger homolog	59	no_close_mapped_RNA_contact	proxy_from_existing_A89_hexamer_radial_metric;no_preprint_coordinates_committed	NA_preprint_coordinates_not_available_in_repository	no_close_mapped_neighborhood	medium_from_existing_CVB3_to_A89_explicit_mapping	homolog_preprint_supporting_context_not_binary_veto
294|295	294	295	234	conserved Arg-finger homolog	60	no_close_mapped_RNA_contact	proxy_from_existing_A89_hexamer_radial_metric;no_preprint_coordinates_committed	NA_preprint_coordinates_not_available_in_repository	no_close_mapped_neighborhood	medium_from_existing_CVB3_to_A89_explicit_mapping	homolog_preprint_supporting_context_not_binary_veto
295|296	295	296	234	conserved Arg-finger homolog	61	no_close_mapped_RNA_contact	proxy_from_existing_A89_hexamer_radial_metric;no_preprint_coordinates_committed	NA_preprint_coordinates_not_available_in_repository	no_close_mapped_neighborhood	medium_from_existing_CVB3_to_A89_explicit_mapping	homolog_preprint_supporting_context_not_binary_veto
296|297	296	297	234	conserved Arg-finger homolog	62	no_close_mapped_RNA_contact	proxy_from_existing_A89_hexamer_radial_metric;no_preprint_coordinates_committed	NA_preprint_coordinates_not_available_in_repository	no_close_mapped_neighborhood	medium_from_existing_CVB3_to_A89_explicit_mapping	homolog_preprint_supporting_context_not_binary_veto
297|298	297	298	234	conserved Arg-finger homolog	63	no_close_mapped_RNA_contact	proxy_from_existing_A89_hexamer_radial_metric;no_preprint_coordinates_committed	NA_preprint_coordinates_not_available_in_repository	no_close_mapped_neighborhood	medium_from_existing_CVB3_to_A89_explicit_mapping	homolog_preprint_supporting_context_not_binary_veto
298|299	298	299	234	conserved Arg-finger homolog	64	no_close_mapped_RNA_contact	proxy_from_existing_A89_hexamer_radial_metric;no_preprint_coordinates_committed	NA_preprint_coordinates_not_available_in_repository	no_close_mapped_neighborhood	medium_from_existing_CVB3_to_A89_explicit_mapping	homolog_preprint_supporting_context_not_binary_veto
299|300	299	300	234	conserved Arg-finger homolog	65	no_close_mapped_RNA_contact	proxy_from_existing_A89_hexamer_radial_metric;no_preprint_coordinates_committed	NA_preprint_coordinates_not_available_in_repository	no_close_mapped_neighborhood	medium_from_existing_CVB3_to_A89_explicit_mapping	homolog_preprint_supporting_context_not_binary_veto
300|301	300	301	234	conserved Arg-finger homolog	66	no_close_mapped_RNA_contact	proxy_from_existing_A89_hexamer_radial_metric;no_preprint_coordinates_committed	NA_preprint_coordinates_not_available_in_repository	no_close_mapped_neighborhood	medium_from_existing_CVB3_to_A89_explicit_mapping	homolog_preprint_supporting_context_not_binary_veto
301|302	301	302	234	conserved Arg-finger homolog	67	no_close_mapped_RNA_contact	proxy_from_existing_A89_hexamer_radial_metric;no_preprint_coordinates_committed	NA_preprint_coordinates_not_available_in_repository	no_close_mapped_neighborhood	medium_from_existing_CVB3_to_A89_explicit_mapping	homolog_preprint_supporting_context_not_binary_veto
302|303	302	303	234	conserved Arg-finger homolog	68	no_close_mapped_RNA_contact	proxy_from_existing_A89_hexamer_radial_metric;no_preprint_coordinates_committed	NA_preprint_coordinates_not_available_in_repository	no_close_mapped_neighborhood	medium_from_existing_CVB3_to_A89_explicit_mapping	homolog_preprint_supporting_context_not_binary_veto
303|304	303	304	234	conserved Arg-finger homolog	69	no_close_mapped_RNA_contact	proxy_from_existing_A89_hexamer_radial_metric;no_preprint_coordinates_committed	NA_preprint_coordinates_not_available_in_repository	no_close_mapped_neighborhood	medium_from_existing_CVB3_to_A89_explicit_mapping	homolog_preprint_supporting_context_not_binary_veto
304|305	304	305	234	conserved Arg-finger homolog	70	no_close_mapped_RNA_contact	proxy_from_existing_A89_hexamer_radial_metric;no_preprint_coordinates_committed	NA_preprint_coordinates_not_available_in_repository	no_close_mapped_neighborhood	medium_from_existing_CVB3_to_A89_explicit_mapping	homolog_preprint_supporting_context_not_binary_veto
305|306	305	306	234	conserved Arg-finger homolog	71	no_close_mapped_RNA_contact	proxy_from_existing_A89_hexamer_radial_metric;no_preprint_coordinates_committed	NA_preprint_coordinates_not_available_in_repository	no_close_mapped_neighborhood	medium_from_existing_CVB3_to_A89_explicit_mapping	homolog_preprint_supporting_context_not_binary_veto
306|307	306	307	234	conserved Arg-finger homolog	72	no_close_mapped_RNA_contact	proxy_from_existing_A89_hexamer_radial_metric;no_preprint_coordinates_committed	NA_preprint_coordinates_not_available_in_repository	no_close_mapped_neighborhood	medium_from_existing_CVB3_to_A89_explicit_mapping	homolog_preprint_supporting_context_not_binary_veto
307|308	307	308	234	conserved Arg-finger homolog	73	no_close_mapped_RNA_contact	proxy_from_existing_A89_hexamer_radial_metric;no_preprint_coordinates_committed	NA_preprint_coordinates_not_available_in_repository	no_close_mapped_neighborhood	medium_from_existing_CVB3_to_A89_explicit_mapping	homolog_preprint_supporting_context_not_binary_veto
308|309	308	309	234	conserved Arg-finger homolog	74	no_close_mapped_RNA_contact	proxy_from_existing_A89_hexamer_radial_metric;no_preprint_coordinates_committed	NA_preprint_coordinates_not_available_in_repository	no_close_mapped_neighborhood	medium_from_existing_CVB3_to_A89_explicit_mapping	homolog_preprint_supporting_context_not_binary_veto
309|310	309	310	234	conserved Arg-finger homolog	75	no_close_mapped_RNA_contact	proxy_from_existing_A89_hexamer_radial_metric;no_preprint_coordinates_committed	NA_preprint_coordinates_not_available_in_repository	no_close_mapped_neighborhood	medium_from_existing_CVB3_to_A89_explicit_mapping	homolog_preprint_supporting_context_not_binary_veto
310|311	310	311	234	conserved Arg-finger homolog	76	no_close_mapped_RNA_contact	proxy_from_existing_A89_hexamer_radial_metric;no_preprint_coordinates_committed	NA_preprint_coordinates_not_available_in_repository	no_close_mapped_neighborhood	medium_from_existing_CVB3_to_A89_explicit_mapping	homolog_preprint_supporting_context_not_binary_veto
311|312	311	312	234	conserved Arg-finger homolog	77	no_close_mapped_RNA_contact	proxy_from_existing_A89_hexamer_radial_metric;no_preprint_coordinates_committed	NA_preprint_coordinates_not_available_in_repository	no_close_mapped_neighborhood	medium_from_existing_CVB3_to_A89_explicit_mapping	homolog_preprint_supporting_context_not_binary_veto
312|313	312	313	234	conserved Arg-finger homolog	78	no_close_mapped_RNA_contact	proxy_from_existing_A89_hexamer_radial_metric;no_preprint_coordinates_committed	NA_preprint_coordinates_not_available_in_repository	no_close_mapped_neighborhood	medium_from_existing_CVB3_to_A89_explicit_mapping	homolog_preprint_supporting_context_not_binary_veto
313|314	313	314	234	conserved Arg-finger homolog	79	no_close_mapped_RNA_contact	proxy_from_existing_A89_hexamer_radial_metric;no_preprint_coordinates_committed	NA_preprint_coordinates_not_available_in_repository	no_close_mapped_neighborhood	medium_from_existing_CVB3_to_A89_explicit_mapping	homolog_preprint_supporting_context_not_binary_veto
314|315	314	315	234	conserved Arg-finger homolog	80	no_close_mapped_RNA_contact	proxy_from_existing_A89_hexamer_radial_metric;no_preprint_coordinates_committed	NA_preprint_coordinates_not_available_in_repository	no_close_mapped_neighborhood	medium_from_existing_CVB3_to_A89_explicit_mapping	homolog_preprint_supporting_context_not_binary_veto
315|316	315	316	234	conserved Arg-finger homolog	81	no_close_mapped_RNA_contact	proxy_from_existing_A89_hexamer_radial_metric;no_preprint_coordinates_committed	NA_preprint_coordinates_not_available_in_repository	no_close_mapped_neighborhood	medium_from_existing_CVB3_to_A89_explicit_mapping	homolog_preprint_supporting_context_not_binary_veto
316|317	316	317	234	conserved Arg-finger homolog	82	no_close_mapped_RNA_contact	proxy_from_existing_A89_hexamer_radial_metric;no_preprint_coordinates_committed	NA_preprint_coordinates_not_available_in_repository	no_close_mapped_neighborhood	medium_from_existing_CVB3_to_A89_explicit_mapping	homolog_preprint_supporting_context_not_binary_veto
317|318	317	318	234	conserved Arg-finger homolog	83	no_close_mapped_RNA_contact	proxy_from_existing_A89_hexamer_radial_metric;no_preprint_coordinates_committed	NA_preprint_coordinates_not_available_in_repository	no_close_mapped_neighborhood	medium_from_existing_CVB3_to_A89_explicit_mapping	homolog_preprint_supporting_context_not_binary_veto
318|319	318	319	234	conserved Arg-finger homolog	84	no_close_mapped_RNA_contact	proxy_from_existing_A89_hexamer_radial_metric;no_preprint_coordinates_committed	NA_preprint_coordinates_not_available_in_repository	no_close_mapped_neighborhood	medium_from_existing_CVB3_to_A89_explicit_mapping	homolog_preprint_supporting_context_not_binary_veto
319|320	319	320	234	conserved Arg-finger homolog	85	no_close_mapped_RNA_contact	proxy_from_existing_A89_hexamer_radial_metric;no_preprint_coordinates_committed	NA_preprint_coordinates_not_available_in_repository	no_close_mapped_neighborhood	medium_from_existing_CVB3_to_A89_explicit_mapping	homolog_preprint_supporting_context_not_binary_veto
320|321	320	321	234	conserved Arg-finger homolog	86	no_close_mapped_RNA_contact	proxy_from_existing_A89_hexamer_radial_metric;no_preprint_coordinates_committed	NA_preprint_coordinates_not_available_in_repository	no_close_mapped_neighborhood	medium_from_existing_CVB3_to_A89_explicit_mapping	homolog_preprint_supporting_context_not_binary_veto
