junction	left_resid	right_resid	left_aa	right_aa	functional_tier	functional_reasons	hard_constraint_class	atpase_core_context	motif_proximity_class	nineA5_epitope_context	wt_secondary_structure_prior	both_AF_coil	min_hex_coil_fraction	distance_to_nearest_helix_boundary_status	distance_to_nearest_strand_boundary_status	min_AF_rSASA	min_hexamer_mean_rSASA	solvent_exposure_prior	max_any_chain_burial_fraction	min_interprotomer_heavy_atom_A	interface_proximity_class	min_mean_pore_radial_A	pore_context_class	min_AF_CA_pLDDT	strict_structural_pass	local_disorder_status	disordered_binding_status	flexibility_proxy	local_contact_density_proxy	monomer_hexamer_disagreement_proxy	hrvA_primary_window_mean_entropy	hrvA_primary_window_mean_identity	hrvA_expanded_natural_insertion_count	independent_indel_event_lower_bound	independent_indel_event_uncertainty	evA71_mapping_class	evA71_mapping_confidence	evA71_insertion_raw_log2_enrich2	evA71_insertion_direct_class	evA71_substitution_flank_mean_raw_log2_enrich2	plm_percentile_mean	plm_percentile_min	plm_percentile_range	best_tag_form	worst_tag_form	plm_consensus_class	pareto_reviewable_subset_count	candidate_class_v5_plm_gpu	rna_holoenzyme_nearest_mapped_residue	rna_holoenzyme_nearest_distance_residues	rna_holoenzyme_context_class	feature_completion_status
1|2	1	2	S	D	HIGH_RISK	A89_N-terminal_membrane-binding_by_similarity;A89_N-terminal_oligomerization_by_similarity	high_risk_not_hard_exclusion	outside_PROSITE_SF3_like_94_254	no_specific_motif_annotation	unknown_no_verified_A89_9A5_internal_epitope_mapping	structured_or_uncertain	False	0.0	NA_no_residue_level_segment_file	NA_no_residue_level_segment_file	0.6301447153091431	0.5974925210850638	surface_exposed	0.0	20.1618215288004	not_close_or_unknown	32.77336850195491	not_pore_proximal_or_unknown	72.31999969482422	False	NA_iupred_anchor_not_available_in_current_environment	NA_iupred_anchor_not_available_in_current_environment	lower_flexibility_prior	not_high_by_available_proxy	no_major_available_disagreement	0.250978	0.940631	0			exact_aligned	high	-5.7562	direct_insert_strongly_deleterious	-0.986618	0.786833855799373	0.554858934169279	0.3385579937304075	MAP8	G196_minimal	plm_no_consensus_secondary_support	5	direct_homolog_conflicted_with_plm_context	155	153	no_close_mapped_RNA_contact	completed_with_explicit_NA_for_unavailable_disorder_and_boundary_segments
2|3	2	3	D	S	HIGH_RISK	A89_N-terminal_membrane-binding_by_similarity;A89_N-terminal_oligomerization_by_similarity	high_risk_not_hard_exclusion	outside_PROSITE_SF3_like_94_254	no_specific_motif_annotation	unknown_no_verified_A89_9A5_internal_epitope_mapping	structured_or_uncertain	False	0.0	NA_no_residue_level_segment_file	NA_no_residue_level_segment_file	0.4967087805271148	0.4778793211906187	surface_exposed	0.0	20.1618215288004	not_close_or_unknown	30.029173702848016	not_pore_proximal_or_unknown	77.68000030517578	False	NA_iupred_anchor_not_available_in_current_environment	NA_iupred_anchor_not_available_in_current_environment	lower_flexibility_prior	not_high_by_available_proxy	no_major_available_disagreement	0.219606	0.948052	0			exact_aligned	high	-5.777753	direct_insert_strongly_deleterious	-0.164481	0.8299373040752351	0.5956112852664577	0.32915360501567403	HA	G196_minimal	plm_no_consensus_secondary_support	0	direct_homolog_conflicted_with_plm_context	155	152	no_close_mapped_RNA_contact	completed_with_explicit_NA_for_unavailable_disorder_and_boundary_segments
3|4	3	4	S	W	HIGH_RISK	A89_N-terminal_membrane-binding_by_similarity;A89_N-terminal_oligomerization_by_similarity	high_risk_not_hard_exclusion	outside_PROSITE_SF3_like_94_254	no_specific_motif_annotation	unknown_no_verified_A89_9A5_internal_epitope_mapping	structured_or_uncertain	False	0.0	NA_no_residue_level_segment_file	NA_no_residue_level_segment_file	0.4967087805271148	0.4778793211906187	surface_exposed	0.0	21.64113763607964	not_close_or_unknown	30.029173702848016	not_pore_proximal_or_unknown	83.56999969482422	False	NA_iupred_anchor_not_available_in_current_environment	NA_iupred_anchor_not_available_in_current_environment	lower_flexibility_prior	not_high_by_available_proxy	no_major_available_disagreement	0.195205	0.953824	0			exact_aligned	high	-5.554076	direct_insert_strongly_deleterious	-2.027367	0.8001567398119122	0.6112852664576802	0.3667711598746082	MAP8	HA	plm_consensus_moderate_secondary_support	5	plm_context_support_direct_homolog_conflicted	155	151	no_close_mapped_RNA_contact	completed_with_explicit_NA_for_unavailable_disorder_and_boundary_segments
4|5	4	5	W	L	HIGH_RISK	A89_N-terminal_membrane-binding_by_similarity;A89_N-terminal_oligomerization_by_similarity	high_risk_not_hard_exclusion	outside_PROSITE_SF3_like_94_254	no_specific_motif_annotation	unknown_no_verified_A89_9A5_internal_epitope_mapping	structured_or_uncertain	False	0.0	NA_no_residue_level_segment_file	NA_no_residue_level_segment_file	0.427451342344284	0.428822221645273	surface_exposed	0.0	20.036653515882605	not_close_or_unknown	32.86640038982665	not_pore_proximal_or_unknown	90.02999877929688	False	NA_iupred_anchor_not_available_in_current_environment	NA_iupred_anchor_not_available_in_current_environment	lower_flexibility_prior	not_high_by_available_proxy	no_major_available_disagreement	0.175684	0.958442	0			exact_aligned	high	-5.674522	direct_insert_strongly_deleterious	-3.032413	0.7821316614420063	0.7272727272727273	0.11285266457680243	G196_minimal	HA	plm_consensus_moderate_secondary_support	5	plm_context_support_direct_homolog_conflicted	155	150	no_close_mapped_RNA_contact	completed_with_explicit_NA_for_unavailable_disorder_and_boundary_segments
5|6	5	6	L	K	HIGH_RISK	A89_N-terminal_membrane-binding_by_similarity;A89_N-terminal_oligomerization_by_similarity	high_risk_not_hard_exclusion	outside_PROSITE_SF3_like_94_254	no_specific_motif_annotation	unknown_no_verified_A89_9A5_internal_epitope_mapping	structured_or_uncertain	False	0.0	NA_no_residue_level_segment_file	NA_no_residue_level_segment_file	0.427451342344284	0.428822221645273	surface_exposed	0.0	14.6520494949263	not_close_or_unknown	26.40899000673839	not_pore_proximal_or_unknown	89.8499984741211	False	NA_iupred_anchor_not_available_in_current_environment	NA_iupred_anchor_not_available_in_current_environment	lower_flexibility_prior	not_high_by_available_proxy	no_major_available_disagreement	0.207016	0.881936	0			exact_aligned	high	-5.777753	direct_insert_strongly_deleterious	-2.920162	0.567398119122257	0.4263322884012539	0.3918495297805642	HA	MAP8	plm_no_consensus_secondary_support	0	direct_homolog_conflicted_with_plm_context	155	149	no_close_mapped_RNA_contact	completed_with_explicit_NA_for_unavailable_disorder_and_boundary_segments
6|7	6	7	K	K	HIGH_RISK	A89_N-terminal_membrane-binding_by_similarity;A89_N-terminal_oligomerization_by_similarity	high_risk_not_hard_exclusion	outside_PROSITE_SF3_like_94_254	no_specific_motif_annotation	unknown_no_verified_A89_9A5_internal_epitope_mapping	structured_or_uncertain	False	0.0	NA_no_residue_level_segment_file	NA_no_residue_level_segment_file	0.5626623034477234	0.6224613081937456	surface_exposed	0.0	14.6520494949263	not_close_or_unknown	26.40899000673839	not_pore_proximal_or_unknown	89.8499984741211	False	NA_iupred_anchor_not_available_in_current_environment	NA_iupred_anchor_not_available_in_current_environment	lower_flexibility_prior	not_high_by_available_proxy	no_major_available_disagreement	0.189765	0.891775	0			exact_aligned	high	-5.8829	direct_insert_strongly_deleterious	-2.89466	0.5188087774294671	0.45141065830721006	0.1974921630094043	G196_minimal	MAP8	plm_no_consensus_secondary_support	5	direct_homolog_conflicted_with_plm_context	155	148	no_close_mapped_RNA_contact	completed_with_explicit_NA_for_unavailable_disorder_and_boundary_segments
7|8	7	8	K	F	HIGH_RISK	A89_N-terminal_membrane-binding_by_similarity;A89_N-terminal_oligomerization_by_similarity	high_risk_not_hard_exclusion	outside_PROSITE_SF3_like_94_254	no_specific_motif_annotation	unknown_no_verified_A89_9A5_internal_epitope_mapping	structured_or_uncertain	False	0.0	NA_no_residue_level_segment_file	NA_no_residue_level_segment_file	0.4755269885063171	0.5349053382873535	surface_exposed	0.0	19.25799563734346	not_close_or_unknown	27.8845231501556	not_pore_proximal_or_unknown	90.62999725341795	False	NA_iupred_anchor_not_available_in_current_environment	NA_iupred_anchor_not_available_in_current_environment	lower_flexibility_prior	not_high_by_available_proxy	no_major_available_disagreement	0.189765	0.891775	0			exact_aligned	high	-5.548728	direct_insert_strongly_deleterious	-2.721815	0.5893416927899686	0.5579937304075235	0.12539184952978055	G196_minimal	MAP8	plm_no_consensus_secondary_support	4	direct_homolog_conflicted_with_plm_context	155	147	no_close_mapped_RNA_contact	completed_with_explicit_NA_for_unavailable_disorder_and_boundary_segments
8|9	8	9	F	T	HIGH_RISK	A89_N-terminal_membrane-binding_by_similarity;A89_N-terminal_oligomerization_by_similarity	high_risk_not_hard_exclusion	outside_PROSITE_SF3_like_94_254	no_specific_motif_annotation	unknown_no_verified_A89_9A5_internal_epitope_mapping	structured_or_uncertain	False	0.0	NA_no_residue_level_segment_file	NA_no_residue_level_segment_file	0.3801142275333404	0.3668639493543048	surface_exposed	0.0	16.339820886178366	not_close_or_unknown	29.71955126541756	not_pore_proximal_or_unknown	91.08000183105467	False	NA_iupred_anchor_not_available_in_current_environment	NA_iupred_anchor_not_available_in_current_environment	lower_flexibility_prior	not_high_by_available_proxy	no_major_available_disagreement	0.189765	0.891775	0			exact_aligned	high	-5.379723	direct_insert_strongly_deleterious	-2.647802	0.5266457680250783	0.30721003134796243	0.31034482758620685	HA	G196_minimal	plm_no_consensus_secondary_support	4	direct_homolog_conflicted_with_plm_context	155	146	no_close_mapped_RNA_contact	completed_with_explicit_NA_for_unavailable_disorder_and_boundary_segments
9|10	9	10	T	E	HIGH_RISK	A89_N-terminal_membrane-binding_by_similarity;A89_N-terminal_oligomerization_by_similarity	high_risk_not_hard_exclusion	outside_PROSITE_SF3_like_94_254	no_specific_motif_annotation	unknown_no_verified_A89_9A5_internal_epitope_mapping	structured_or_uncertain	False	0.0	NA_no_residue_level_segment_file	NA_no_residue_level_segment_file	0.3801142275333404	0.3668639493543048	surface_exposed	0.0	15.604063685429372	not_close_or_unknown	25.09797800758847	not_pore_proximal_or_unknown	91.08000183105467	False	NA_iupred_anchor_not_available_in_current_environment	NA_iupred_anchor_not_available_in_current_environment	lower_flexibility_prior	not_high_by_available_proxy	no_major_available_disagreement	0.105989	0.911255	0			exact_aligned	high	-5.353998	direct_insert_strongly_deleterious	-2.6118	0.5086206896551724	0.4670846394984326	0.11285266457680254	G196_minimal	HA	plm_no_consensus_secondary_support	0	direct_homolog_conflicted_with_plm_context	155	145	no_close_mapped_RNA_contact	completed_with_explicit_NA_for_unavailable_disorder_and_boundary_segments
10|11	10	11	E	A	HIGH_RISK	A89_N-terminal_membrane-binding_by_similarity;A89_N-terminal_oligomerization_by_similarity	high_risk_not_hard_exclusion	outside_PROSITE_SF3_like_94_254	no_specific_motif_annotation	unknown_no_verified_A89_9A5_internal_epitope_mapping	structured_or_uncertain	False	0.0	NA_no_residue_level_segment_file	NA_no_residue_level_segment_file	0.4447887539863586	0.4170665256289267	surface_exposed	0.0	15.604063685429372	not_close_or_unknown	25.09797800758847	not_pore_proximal_or_unknown	92.11000061035156	False	NA_iupred_anchor_not_available_in_current_environment	NA_iupred_anchor_not_available_in_current_environment	lower_flexibility_prior	not_high_by_available_proxy	no_major_available_disagreement	0.114323	0.910173	0			exact_aligned	high	-5.265505	direct_insert_strongly_deleterious	-2.207803	0.5376175548589341	0.3699059561128527	0.49529780564263315	G196_minimal	HA	plm_no_consensus_secondary_support	4	direct_homolog_conflicted_with_plm_context	155	144	no_close_mapped_RNA_contact	completed_with_explicit_NA_for_unavailable_disorder_and_boundary_segments
11|12	11	12	A	C	HIGH_RISK	A89_N-terminal_membrane-binding_by_similarity;A89_N-terminal_oligomerization_by_similarity	high_risk_not_hard_exclusion	outside_PROSITE_SF3_like_94_254	no_specific_motif_annotation	unknown_no_verified_A89_9A5_internal_epitope_mapping	structured_or_uncertain	False	0.0	NA_no_residue_level_segment_file	NA_no_residue_level_segment_file	0.3017096221446991	0.2266252483436447	partly_exposed	0.0	17.497497216685673	not_close_or_unknown	28.69958687140168	not_pore_proximal_or_unknown	90.87999725341795	False	NA_iupred_anchor_not_available_in_current_environment	NA_iupred_anchor_not_available_in_current_environment	lower_flexibility_prior	not_high_by_available_proxy	no_major_available_disagreement	0.051695	0.925325	0			exact_aligned	high	-5.493618	direct_insert_strongly_deleterious	-2.036757	0.4576802507836991	0.4043887147335423	0.10658307210031348	G196_minimal	MAP8	plm_no_consensus_secondary_support	4	direct_homolog_conflicted_with_plm_context	155	143	no_close_mapped_RNA_contact	completed_with_explicit_NA_for_unavailable_disorder_and_boundary_segments
12|13	12	13	C	N	HIGH_RISK	A89_N-terminal_membrane-binding_by_similarity;A89_N-terminal_oligomerization_by_similarity	high_risk_not_hard_exclusion	outside_PROSITE_SF3_like_94_254	no_specific_motif_annotation	unknown_no_verified_A89_9A5_internal_epitope_mapping	structured_or_uncertain	False	0.0	NA_no_residue_level_segment_file	NA_no_residue_level_segment_file	0.3017096221446991	0.2266252483436447	partly_exposed	0.0	13.895185071503036	not_close_or_unknown	26.325484225248484	not_pore_proximal_or_unknown	90.87999725341795	False	NA_iupred_anchor_not_available_in_current_environment	NA_iupred_anchor_not_available_in_current_environment	lower_flexibility_prior	not_high_by_available_proxy	no_major_available_disagreement	0.051695	0.925325	0			exact_aligned	high	-5.504886	direct_insert_strongly_deleterious	-1.340898	0.7876175548589341	0.567398119122257	0.36363636363636365	G196_minimal	HA	plm_no_consensus_secondary_support	2	direct_homolog_conflicted_with_plm_context	155	142	no_close_mapped_RNA_contact	completed_with_explicit_NA_for_unavailable_disorder_and_boundary_segments
13|14	13	14	N	A	HIGH_RISK	A89_N-terminal_membrane-binding_by_similarity;A89_N-terminal_oligomerization_by_similarity	high_risk_not_hard_exclusion	outside_PROSITE_SF3_like_94_254	no_specific_motif_annotation	unknown_no_verified_A89_9A5_internal_epitope_mapping	structured_or_uncertain	False	0.0	NA_no_residue_level_segment_file	NA_no_residue_level_segment_file	0.4294111132621765	0.4149996291759402	surface_exposed	0.0	13.895185071503036	not_close_or_unknown	25.63212456749129	not_pore_proximal_or_unknown	92.02999877929688	False	NA_iupred_anchor_not_available_in_current_environment	NA_iupred_anchor_not_available_in_current_environment	lower_flexibility_prior	not_high_by_available_proxy	no_major_available_disagreement	0.051695	0.925325	0			exact_aligned	high	-5.487936	direct_insert_strongly_deleterious	-1.820282	0.8385579937304075	0.5705329153605015	0.42006269592476486	G196_minimal	HA	plm_no_consensus_secondary_support	4	direct_homolog_conflicted_with_plm_context	155	141	no_close_mapped_RNA_contact	completed_with_explicit_NA_for_unavailable_disorder_and_boundary_segments
14|15	14	15	A	A	HIGH_RISK	A89_N-terminal_membrane-binding_by_similarity;A89_N-terminal_oligomerization_by_similarity	high_risk_not_hard_exclusion	outside_PROSITE_SF3_like_94_254	no_specific_motif_annotation	unknown_no_verified_A89_9A5_internal_epitope_mapping	structured_or_uncertain	False	0.0	NA_no_residue_level_segment_file	NA_no_residue_level_segment_file	0.4294111132621765	0.4149996291759402	surface_exposed	0.0	16.84727476206532	not_close_or_unknown	25.63212456749129	not_pore_proximal_or_unknown	94.19000244140624	False	NA_iupred_anchor_not_available_in_current_environment	NA_iupred_anchor_not_available_in_current_environment	lower_flexibility_prior	not_high_by_available_proxy	no_major_available_disagreement	0.051695	0.925325	0			exact_aligned	high	-5.84774	direct_insert_strongly_deleterious	-2.799092	0.7633228840125391	0.5329153605015674	0.3385579937304075	G196_practical_GS	HA	plm_no_consensus_secondary_support	0	direct_homolog_conflicted_with_plm_context	155	140	no_close_mapped_RNA_contact	completed_with_explicit_NA_for_unavailable_disorder_and_boundary_segments
15|16	15	16	A	R	HIGH_RISK	A89_N-terminal_membrane-binding_by_similarity;A89_N-terminal_oligomerization_by_similarity	high_risk_not_hard_exclusion	outside_PROSITE_SF3_like_94_254	no_specific_motif_annotation	unknown_no_verified_A89_9A5_internal_epitope_mapping	structured_or_uncertain	False	0.0	NA_no_residue_level_segment_file	NA_no_residue_level_segment_file	0.4335267841815948	0.4357210252944197	surface_exposed	0.0	11.222370836094209	not_close_or_unknown	27.048365850858048	not_pore_proximal_or_unknown	92.16999816894533	False	NA_iupred_anchor_not_available_in_current_environment	NA_iupred_anchor_not_available_in_current_environment	lower_flexibility_prior	not_high_by_available_proxy	no_major_available_disagreement	0.103718	0.912338	0			exact_aligned	high	-5.19167	direct_insert_strongly_deleterious	-2.621443	0.8487460815047022	0.6614420062695925	0.29780564263322884	G196_practical_GS	HA	plm_consensus_moderate_secondary_support	4	plm_context_support_direct_homolog_conflicted	155	139	no_close_mapped_RNA_contact	completed_with_explicit_NA_for_unavailable_disorder_and_boundary_segments
16|17	16	17	R	G	HIGH_RISK	A89_N-terminal_membrane-binding_by_similarity;A89_N-terminal_oligomerization_by_similarity	high_risk_not_hard_exclusion	outside_PROSITE_SF3_like_94_254	no_specific_motif_annotation	unknown_no_verified_A89_9A5_internal_epitope_mapping	structured_or_uncertain	False	0.0	NA_no_residue_level_segment_file	NA_no_residue_level_segment_file	0.2822425663471222	0.2705629544380383	partly_exposed	0.0	11.222370836094209	not_close_or_unknown	24.183254788555924	not_pore_proximal_or_unknown	92.16999816894533	False	NA_iupred_anchor_not_available_in_current_environment	NA_iupred_anchor_not_available_in_current_environment	lower_flexibility_prior	not_high_by_available_proxy	no_major_available_disagreement	0.103718	0.912338	0			exact_aligned	high	-5.580393	direct_insert_strongly_deleterious	-3.02795	0.9208463949843261	0.755485893416928	0.2413793103448275	G196_minimal	HA	plm_consensus_moderate_secondary_support	0	direct_homolog_conflicted_with_plm_context	155	138	no_close_mapped_RNA_contact	completed_with_explicit_NA_for_unavailable_disorder_and_boundary_segments
17|18	17	18	G	L	HIGH_RISK	A89_N-terminal_membrane-binding_by_similarity;A89_N-terminal_oligomerization_by_similarity	high_risk_not_hard_exclusion	outside_PROSITE_SF3_like_94_254	no_specific_motif_annotation	unknown_no_verified_A89_9A5_internal_epitope_mapping	structured_or_uncertain	False	0.0	NA_no_residue_level_segment_file	NA_no_residue_level_segment_file	0.2822425663471222	0.2705629544380383	partly_exposed	0.0	14.6520494949263	not_close_or_unknown	24.183254788555924	not_pore_proximal_or_unknown	93.54000091552734	False	NA_iupred_anchor_not_available_in_current_environment	NA_iupred_anchor_not_available_in_current_environment	lower_flexibility_prior	not_high_by_available_proxy	no_major_available_disagreement	0.103520	0.908009	0			exact_aligned	high	-5.660236	direct_insert_strongly_deleterious	-2.74579	0.9341692789968652	0.8307210031347962	0.1630094043887147	G196_minimal	HA	plm_consensus_moderate_secondary_support	0	direct_homolog_conflicted_with_plm_context	155	137	no_close_mapped_RNA_contact	completed_with_explicit_NA_for_unavailable_disorder_and_boundary_segments
18|19	18	19	L	E	HIGH_RISK	A89_N-terminal_membrane-binding_by_similarity;A89_N-terminal_oligomerization_by_similarity	high_risk_not_hard_exclusion	outside_PROSITE_SF3_like_94_254	no_specific_motif_annotation	unknown_no_verified_A89_9A5_internal_epitope_mapping	structured_or_uncertain	False	0.0	NA_no_residue_level_segment_file	NA_no_residue_level_segment_file	0.4885774552822113	0.4771236425379823	surface_exposed	0.0	14.6520494949263	not_close_or_unknown	24.34685378675772	not_pore_proximal_or_unknown	93.54000091552734	False	NA_iupred_anchor_not_available_in_current_environment	NA_iupred_anchor_not_available_in_current_environment	lower_flexibility_prior	not_high_by_available_proxy	no_major_available_disagreement	0.103520	0.908009	0			exact_aligned	high	-5.886731	direct_insert_strongly_deleterious	-2.843176	0.9247648902821317	0.8871473354231975	0.09404388714733547	G196_minimal	MAP8	plm_consensus_high_secondary_support	0	direct_homolog_conflicted_with_plm_context	155	136	no_close_mapped_RNA_contact	completed_with_explicit_NA_for_unavailable_disorder_and_boundary_segments
19|20	19	20	E	W	HIGH_RISK	A89_N-terminal_membrane-binding_by_similarity;A89_N-terminal_oligomerization_by_similarity	high_risk_not_hard_exclusion	outside_PROSITE_SF3_like_94_254	no_specific_motif_annotation	unknown_no_verified_A89_9A5_internal_epitope_mapping	structured_or_uncertain	False	0.0	NA_no_residue_level_segment_file	NA_no_residue_level_segment_file	0.4885774552822113	0.4771236425379823	surface_exposed	0.0	9.069988292407904	not_close_or_unknown	20.05813807401444	not_pore_proximal_or_unknown	94.1500015258789	False	NA_iupred_anchor_not_available_in_current_environment	NA_iupred_anchor_not_available_in_current_environment	lower_flexibility_prior	not_high_by_available_proxy	no_major_available_disagreement	0.103520	0.908009	0			exact_aligned	high	-5.482222	direct_insert_strongly_deleterious	-2.863488	0.9090909090909092	0.8275862068965517	0.15360501567398122	MAP8	HA	plm_consensus_moderate_secondary_support	4	plm_context_support_direct_homolog_conflicted	155	135	no_close_mapped_RNA_contact	completed_with_explicit_NA_for_unavailable_disorder_and_boundary_segments
20|21	20	21	W	I	HIGH_RISK	A89_N-terminal_membrane-binding_by_similarity;A89_N-terminal_oligomerization_by_similarity	high_risk_not_hard_exclusion	outside_PROSITE_SF3_like_94_254	no_specific_motif_annotation	unknown_no_verified_A89_9A5_internal_epitope_mapping	structured_or_uncertain	False	0.0	NA_no_residue_level_segment_file	NA_no_residue_level_segment_file	0.4161914587020874	0.4476131626393791	surface_exposed	0.0	9.069988292407904	not_close_or_unknown	20.05813807401444	not_pore_proximal_or_unknown	93.56999969482422	False	NA_iupred_anchor_not_available_in_current_environment	NA_iupred_anchor_not_available_in_current_environment	lower_flexibility_prior	not_high_by_available_proxy	no_major_available_disagreement	0.103520	0.908009	0			exact_aligned	high	-5.379723	direct_insert_strongly_deleterious	-2.558441	0.8816614420062696	0.780564263322884	0.20376175548589348	G196_practical_GS	HA	plm_consensus_moderate_secondary_support	4	plm_context_support_direct_homolog_conflicted	155	134	no_close_mapped_RNA_contact	completed_with_explicit_NA_for_unavailable_disorder_and_boundary_segments
21|22	21	22	I	G	HIGH_RISK	A89_N-terminal_RNA-binding/RTN3_site_by_similarity;A89_N-terminal_membrane-binding_by_similarity;A89_N-terminal_oligomerization_by_similarity	high_risk_not_hard_exclusion	outside_PROSITE_SF3_like_94_254	annotated_functional_neighborhood	unknown_no_verified_A89_9A5_internal_epitope_mapping	structured_or_uncertain	False	0.0	NA_no_residue_level_segment_file	NA_no_residue_level_segment_file	0.3500325083732605	0.3296240476461557	surface_exposed	0.0	14.770456689973956	not_close_or_unknown	21.02701938717852	not_pore_proximal_or_unknown	93.56999969482422	False	NA_iupred_anchor_not_available_in_current_environment	NA_iupred_anchor_not_available_in_current_environment	lower_flexibility_prior	not_high_by_available_proxy	no_major_available_disagreement	0.103520	0.908009	0			exact_aligned	high	-5.794666	direct_insert_strongly_deleterious	-2.554944	0.8761755485893417	0.786833855799373	0.17554858934169282	G196_practical_GS	HA	plm_consensus_moderate_secondary_support	0	direct_homolog_conflicted_with_plm_context	155	133	no_close_mapped_RNA_contact	completed_with_explicit_NA_for_unavailable_disorder_and_boundary_segments
22|23	22	23	G	Q	HIGH_RISK	A89_N-terminal_RNA-binding/RTN3_site_by_similarity;A89_N-terminal_membrane-binding_by_similarity;A89_N-terminal_oligomerization_by_similarity	high_risk_not_hard_exclusion	outside_PROSITE_SF3_like_94_254	annotated_functional_neighborhood	unknown_no_verified_A89_9A5_internal_epitope_mapping	structured_or_uncertain	False	0.0	NA_no_residue_level_segment_file	NA_no_residue_level_segment_file	0.3500325083732605	0.3296240476461557	surface_exposed	0.0	12.92317958474467	not_close_or_unknown	25.20107661965105	not_pore_proximal_or_unknown	94.43000030517578	False	NA_iupred_anchor_not_available_in_current_environment	NA_iupred_anchor_not_available_in_current_environment	lower_flexibility_prior	not_high_by_available_proxy	no_major_available_disagreement	0.095186	0.909091	0			exact_aligned	high	-5.688607	direct_insert_strongly_deleterious	-0.658963	0.9145768025078369	0.8307210031347962	0.11285266457680254	G196_minimal	HA	plm_consensus_moderate_secondary_support	0	direct_homolog_conflicted_with_plm_context	155	132	no_close_mapped_RNA_contact	completed_with_explicit_NA_for_unavailable_disorder_and_boundary_segments
23|24	23	24	Q	K	HIGH_RISK	A89_N-terminal_RNA-binding/RTN3_site_by_similarity;A89_N-terminal_membrane-binding_by_similarity;A89_N-terminal_oligomerization_by_similarity	high_risk_not_hard_exclusion	outside_PROSITE_SF3_like_94_254	annotated_functional_neighborhood	unknown_no_verified_A89_9A5_internal_epitope_mapping	structured_or_uncertain	False	0.0	NA_no_residue_level_segment_file	NA_no_residue_level_segment_file	0.4181397259235382	0.4130826144748263	surface_exposed	0.0	7.92059071902797	not_close_or_unknown	21.35780558469085	not_pore_proximal_or_unknown	93.48999786376952	False	NA_iupred_anchor_not_available_in_current_environment	NA_iupred_anchor_not_available_in_current_environment	lower_flexibility_prior	not_high_by_available_proxy	no_major_available_disagreement	0.095186	0.909091	0			exact_aligned	high	-5.575185	direct_insert_strongly_deleterious	-1.223994	0.8753918495297806	0.7366771159874608	0.19122257053291536	G196_minimal	HA	plm_consensus_moderate_secondary_support	2	plm_context_support_direct_homolog_conflicted	155	131	no_close_mapped_RNA_contact	completed_with_explicit_NA_for_unavailable_disorder_and_boundary_segments
24|25	24	25	K	I	HIGH_RISK	A89_N-terminal_RNA-binding/RTN3_site_by_similarity;A89_N-terminal_membrane-binding_by_similarity;A89_N-terminal_oligomerization_by_similarity	high_risk_not_hard_exclusion	outside_PROSITE_SF3_like_94_254	annotated_functional_neighborhood	unknown_no_verified_A89_9A5_internal_epitope_mapping	structured_or_uncertain	False	0.0	NA_no_residue_level_segment_file	NA_no_residue_level_segment_file	0.4501197338104248	0.4812449492977164	surface_exposed	0.0	7.92059071902797	not_close_or_unknown	21.35780558469085	not_pore_proximal_or_unknown	93.38999938964844	False	NA_iupred_anchor_not_available_in_current_environment	NA_iupred_anchor_not_available_in_current_environment	lower_flexibility_prior	not_high_by_available_proxy	no_major_available_disagreement	0.178022	0.871212	0			exact_aligned	high	-5.747447	direct_insert_strongly_deleterious	-2.793012	0.9216300940438871	0.890282131661442	0.059561128526645746	G196_minimal	MAP8	plm_consensus_high_secondary_support	2	plm_secondary_support_direct_homolog_conflicted	155	130	no_close_mapped_RNA_contact	completed_with_explicit_NA_for_unavailable_disorder_and_boundary_segments
25|26	25	26	I	S	HIGH_RISK	A89_N-terminal_RNA-binding/RTN3_site_by_similarity;A89_N-terminal_membrane-binding_by_similarity;A89_N-terminal_oligomerization_by_similarity	high_risk_not_hard_exclusion	outside_PROSITE_SF3_like_94_254	annotated_functional_neighborhood	unknown_no_verified_A89_9A5_internal_epitope_mapping	structured_or_uncertain	False	0.0	NA_no_residue_level_segment_file	NA_no_residue_level_segment_file	0.3644883930683136	0.405825953329763	surface_exposed	0.0	11.756534934611553	not_close_or_unknown	22.32028647559821	not_pore_proximal_or_unknown	93.38999938964844	False	NA_iupred_anchor_not_available_in_current_environment	NA_iupred_anchor_not_available_in_current_environment	lower_flexibility_prior	not_high_by_available_proxy	no_major_available_disagreement	0.178022	0.871212	0			exact_aligned	high	-5.655428	direct_insert_strongly_deleterious	-0.864457	0.9537617554858934	0.9184952978056427	0.07210031347962376	G196_minimal	HA	plm_consensus_high_secondary_support	2	plm_secondary_support_direct_homolog_conflicted	155	129	no_close_mapped_RNA_contact	completed_with_explicit_NA_for_unavailable_disorder_and_boundary_segments
26|27	26	27	S	K	HIGH_RISK	A89_N-terminal_RNA-binding/RTN3_site_by_similarity;A89_N-terminal_membrane-binding_by_similarity;A89_N-terminal_oligomerization_by_similarity	high_risk_not_hard_exclusion	outside_PROSITE_SF3_like_94_254	annotated_functional_neighborhood	unknown_no_verified_A89_9A5_internal_epitope_mapping	structured_or_uncertain	False	0.0	NA_no_residue_level_segment_file	NA_no_residue_level_segment_file	0.3644883930683136	0.405825953329763	surface_exposed	0.0	8.302787169522096	not_close_or_unknown	23.659978489987235	not_pore_proximal_or_unknown	91.88999938964844	False	NA_iupred_anchor_not_available_in_current_environment	NA_iupred_anchor_not_available_in_current_environment	lower_flexibility_prior	not_high_by_available_proxy	no_major_available_disagreement	0.289810	0.794372	0			exact_aligned	high	-5.953299	direct_insert_strongly_deleterious	-1.402942	0.9137931034482758	0.8369905956112853	0.1410658307210031	G196_practical_GS	HA	plm_consensus_moderate_secondary_support	0	direct_homolog_conflicted_with_plm_context	155	128	no_close_mapped_RNA_contact	completed_with_explicit_NA_for_unavailable_disorder_and_boundary_segments
27|28	27	28	K	F	HIGH_RISK	A89_N-terminal_membrane-binding_by_similarity;A89_N-terminal_oligomerization_by_similarity	high_risk_not_hard_exclusion	outside_PROSITE_SF3_like_94_254	no_specific_motif_annotation	unknown_no_verified_A89_9A5_internal_epitope_mapping	structured_or_uncertain	False	0.0	NA_no_residue_level_segment_file	NA_no_residue_level_segment_file	0.4745776355266571	0.5231240961286757	surface_exposed	0.0	8.302787169522096	not_close_or_unknown	18.15886407641134	not_pore_proximal_or_unknown	91.88999938964844	False	NA_iupred_anchor_not_available_in_current_environment	NA_iupred_anchor_not_available_in_current_environment	lower_flexibility_prior	not_high_by_available_proxy	no_major_available_disagreement	0.246120	0.806277	0			exact_aligned	high	-5.819512	direct_insert_strongly_deleterious	-3.041257	0.9545454545454546	0.9090909090909091	0.07836990595611293	G196_minimal	HA	plm_consensus_high_secondary_support	0	direct_homolog_conflicted_with_plm_context	155	127	no_close_mapped_RNA_contact	completed_with_explicit_NA_for_unavailable_disorder_and_boundary_segments
28|29	28	29	F	I	HIGH_RISK	A89_N-terminal_membrane-binding_by_similarity;A89_N-terminal_oligomerization_by_similarity	high_risk_not_hard_exclusion	outside_PROSITE_SF3_like_94_254	no_specific_motif_annotation	unknown_no_verified_A89_9A5_internal_epitope_mapping	structured_or_uncertain	False	0.0	NA_no_residue_level_segment_file	NA_no_residue_level_segment_file	0.3892283141613006	0.4073375630903164	surface_exposed	0.0	9.069988292407904	not_close_or_unknown	18.15886407641134	not_pore_proximal_or_unknown	90.58999633789062	False	NA_iupred_anchor_not_available_in_current_environment	NA_iupred_anchor_not_available_in_current_environment	lower_flexibility_prior	not_high_by_available_proxy	no_major_available_disagreement	0.262766	0.804113	0			exact_aligned	high	-5.725224	direct_insert_strongly_deleterious	-2.640469	0.9717868338557994	0.9592476489028213	0.037617554858934144	G196_practical_GS	MAP8	plm_consensus_high_secondary_support	2	plm_secondary_support_direct_homolog_conflicted	155	126	no_close_mapped_RNA_contact	completed_with_explicit_NA_for_unavailable_disorder_and_boundary_segments
29|30	29	30	I	D	HIGH_RISK	A89_N-terminal_membrane-binding_by_similarity;A89_N-terminal_oligomerization_by_similarity	high_risk_not_hard_exclusion	outside_PROSITE_SF3_like_94_254	no_specific_motif_annotation	unknown_no_verified_A89_9A5_internal_epitope_mapping	structured_or_uncertain	False	0.0	NA_no_residue_level_segment_file	NA_no_residue_level_segment_file	0.3892283141613006	0.4073375630903164	surface_exposed	0.0	9.74015491928499	not_close_or_unknown	23.91385274941617	not_pore_proximal_or_unknown	90.58999633789062	False	NA_iupred_anchor_not_available_in_current_environment	NA_iupred_anchor_not_available_in_current_environment	lower_flexibility_prior	not_high_by_available_proxy	no_major_available_disagreement	0.219603	0.882035	0			exact_aligned	high	-5.688607	direct_insert_strongly_deleterious	-0.720188	0.8996865203761756	0.8652037617554859	0.09090909090909094	G196_minimal	HA	plm_consensus_high_secondary_support	1	plm_secondary_support_direct_homolog_conflicted	155	125	no_close_mapped_RNA_contact	completed_with_explicit_NA_for_unavailable_disorder_and_boundary_segments
30|31	30	31	D	W	HIGH_RISK	A89_N-terminal_membrane-binding_by_similarity;A89_N-terminal_oligomerization_by_similarity	high_risk_not_hard_exclusion	outside_PROSITE_SF3_like_94_254	no_specific_motif_annotation	unknown_no_verified_A89_9A5_internal_epitope_mapping	structured_or_uncertain	False	0.0	NA_no_residue_level_segment_file	NA_no_residue_level_segment_file	0.4335289895534515	0.4125907713473358	surface_exposed	0.0	7.585599420635388	not_close_or_unknown	17.0999970319231	pore_proximal_proxy	90.8499984741211	False	NA_iupred_anchor_not_available_in_current_environment	NA_iupred_anchor_not_available_in_current_environment	lower_flexibility_prior	not_high_by_available_proxy	no_major_available_disagreement	0.219603	0.882035	0			exact_aligned	high	-5.794666	direct_insert_strongly_deleterious	-1.01033	0.9051724137931034	0.7962382445141065	0.1630094043887148	G196_minimal	HA	plm_consensus_moderate_secondary_support	0	direct_homolog_conflicted_with_plm_context	155	124	pore_proximal_model_context	completed_with_explicit_NA_for_unavailable_disorder_and_boundary_segments
31|32	31	32	W	I	HIGH_RISK	A89_N-terminal_membrane-binding_by_similarity;A89_N-terminal_oligomerization_by_similarity	high_risk_not_hard_exclusion	outside_PROSITE_SF3_like_94_254	no_specific_motif_annotation	unknown_no_verified_A89_9A5_internal_epitope_mapping	structured_or_uncertain	False	0.0	NA_no_residue_level_segment_file	NA_no_residue_level_segment_file	0.3567967414855957	0.342931076153079	surface_exposed	0.0	7.585599420635388	not_close_or_unknown	17.0999970319231	pore_proximal_proxy	90.23999786376952	False	NA_iupred_anchor_not_available_in_current_environment	NA_iupred_anchor_not_available_in_current_environment	lower_flexibility_prior	not_high_by_available_proxy	no_major_available_disagreement	0.219603	0.882035	0			exact_aligned	high	-5.747447	direct_insert_strongly_deleterious	-2.60714	0.8510971786833856	0.670846394984326	0.2946708463949844	G196_minimal	HA	plm_consensus_moderate_secondary_support	0	direct_homolog_conflicted_with_plm_context	155	123	pore_proximal_model_context	completed_with_explicit_NA_for_unavailable_disorder_and_boundary_segments
32|33	32	33	I	K	HIGH_RISK	A89_N-terminal_membrane-binding_by_similarity;A89_N-terminal_oligomerization_by_similarity	high_risk_not_hard_exclusion	outside_PROSITE_SF3_like_94_254	no_specific_motif_annotation	unknown_no_verified_A89_9A5_internal_epitope_mapping	structured_or_uncertain	False	0.0	NA_no_residue_level_segment_file	NA_no_residue_level_segment_file	0.3567967414855957	0.342931076153079	surface_exposed	0.0	7.92059071902797	not_close_or_unknown	21.43627987039837	not_pore_proximal_or_unknown	87.04000091552734	False	NA_iupred_anchor_not_available_in_current_environment	NA_iupred_anchor_not_available_in_current_environment	lower_flexibility_prior	not_high_by_available_proxy	no_major_available_disagreement	0.219603	0.882035	0			exact_aligned	high	-5.606036	direct_insert_strongly_deleterious	-2.108086	0.7210031347962382	0.6050156739811912	0.30094043887147337	HA	MAP8	plm_no_consensus_secondary_support	2	direct_homolog_conflicted_with_plm_context	155	122	no_close_mapped_RNA_contact	completed_with_explicit_NA_for_unavailable_disorder_and_boundary_segments
33|34	33	34	K	S	HIGH_RISK	A89_N-terminal_membrane-binding_by_similarity;A89_N-terminal_oligomerization_by_similarity	high_risk_not_hard_exclusion	outside_PROSITE_SF3_like_94_254	no_specific_motif_annotation	unknown_no_verified_A89_9A5_internal_epitope_mapping	structured_or_uncertain	False	0.0	NA_no_residue_level_segment_file	NA_no_residue_level_segment_file	0.4137580096721649	0.4283050126926873	surface_exposed	0.1059042812878691	6.3865247698501815	not_close_or_unknown	23.8140360519416	not_pore_proximal_or_unknown	87.04000091552734	False	NA_iupred_anchor_not_available_in_current_environment	NA_iupred_anchor_not_available_in_current_environment	lower_flexibility_prior	not_high_by_available_proxy	no_major_available_disagreement	0.227936	0.880952	0			exact_aligned	high	-5.674522	direct_insert_strongly_deleterious	-0.841134	0.8032915360501568	0.7304075235109717	0.15360501567398122	G196_minimal	MAP8	plm_consensus_moderate_secondary_support	3	plm_context_support_direct_homolog_conflicted	155	121	no_close_mapped_RNA_contact	completed_with_explicit_NA_for_unavailable_disorder_and_boundary_segments
34|35	34	35	S	M	HIGH_RISK	A89_N-terminal_membrane-binding_by_similarity;A89_N-terminal_oligomerization_by_similarity	high_risk_not_hard_exclusion	outside_PROSITE_SF3_like_94_254	no_specific_motif_annotation	unknown_no_verified_A89_9A5_internal_epitope_mapping	structured_or_uncertain	False	0.0	NA_no_residue_level_segment_file	NA_no_residue_level_segment_file	0.3866536915302276	0.3521181515284947	surface_exposed	0.1945948698609725	5.276790886924877	not_close_or_unknown	18.01826120487846	not_pore_proximal_or_unknown	86.11000061035156	False	NA_iupred_anchor_not_available_in_current_environment	NA_iupred_anchor_not_available_in_current_environment	lower_flexibility_prior	not_high_by_available_proxy	no_major_available_disagreement	0.291236	0.866883	0			ambiguous	low	-5.476475	direct_insert_strongly_deleterious		0.7570532915360502	0.6081504702194358	0.3291536050156739	MAP8	HA	plm_consensus_moderate_secondary_support	0	mapping_uncertain	155	120	no_close_mapped_RNA_contact	completed_with_explicit_NA_for_unavailable_disorder_and_boundary_segments
35|36	35	36	M	L	HIGH_RISK	A89_N-terminal_membrane-binding_by_similarity;A89_N-terminal_oligomerization_by_similarity	high_risk_not_hard_exclusion	outside_PROSITE_SF3_like_94_254	no_specific_motif_annotation	unknown_no_verified_A89_9A5_internal_epitope_mapping	structured_or_uncertain	False	0.0	NA_no_residue_level_segment_file	NA_no_residue_level_segment_file	0.3866536915302276	0.3521181515284947	surface_exposed	0.1945948698609725	5.276790886924877	not_close_or_unknown	18.01826120487846	not_pore_proximal_or_unknown	86.11000061035156	False	NA_iupred_anchor_not_available_in_current_environment	NA_iupred_anchor_not_available_in_current_environment	lower_flexibility_prior	not_high_by_available_proxy	no_major_available_disagreement	0.305718	0.864719	0			exact_aligned	high	-5.476475	direct_insert_strongly_deleterious	-1.968107	0.7711598746081505	0.64576802507837	0.24451410658307204	G196_minimal	HA	plm_consensus_moderate_secondary_support	2	plm_context_support_direct_homolog_conflicted	155	119	no_close_mapped_RNA_contact	completed_with_explicit_NA_for_unavailable_disorder_and_boundary_segments
36|37	36	37	L	P	HIGH_RISK	A89_N-terminal_membrane-binding_by_similarity;A89_N-terminal_oligomerization_by_similarity	high_risk_not_hard_exclusion	outside_PROSITE_SF3_like_94_254	no_specific_motif_annotation	unknown_no_verified_A89_9A5_internal_epitope_mapping	structured_or_uncertain	False	0.0	NA_no_residue_level_segment_file	NA_no_residue_level_segment_file	0.4173215329647064	0.4541169351606227	surface_exposed	0.0	7.54248047418891	not_close_or_unknown	24.25704921633069	not_pore_proximal_or_unknown	85.12000274658203	False	NA_iupred_anchor_not_available_in_current_environment	NA_iupred_anchor_not_available_in_current_environment	lower_flexibility_prior	not_high_by_available_proxy	no_major_available_disagreement	0.222882	0.902597	0			exact_aligned	high	-5.386052	direct_insert_strongly_deleterious	-2.769747	0.8377742946708464	0.7711598746081505	0.1630094043887147	G196_minimal	HA	plm_consensus_moderate_secondary_support	4	plm_context_support_direct_homolog_conflicted	155	118	no_close_mapped_RNA_contact	completed_with_explicit_NA_for_unavailable_disorder_and_boundary_segments
37|38	37	38	P	Q	HIGH_RISK	A89_N-terminal_membrane-binding_by_similarity;A89_N-terminal_oligomerization_by_similarity	high_risk_not_hard_exclusion	outside_PROSITE_SF3_like_94_254	no_specific_motif_annotation	unknown_no_verified_A89_9A5_internal_epitope_mapping	structured_or_uncertain	False	0.0	NA_no_residue_level_segment_file	NA_no_residue_level_segment_file	0.4173215329647064	0.3825437362105758	surface_exposed	0.3428126370245481	3.3957818640344923	interface_close	20.724569873100688	not_pore_proximal_or_unknown	85.11000061035156	False	NA_iupred_anchor_not_available_in_current_environment	NA_iupred_anchor_not_available_in_current_environment	lower_flexibility_prior	interface_contact_density_proxy	no_major_available_disagreement	0.298126	0.835498	0			exact_aligned	high	-5.373353	direct_insert_strongly_deleterious	-2.195853	0.9137931034482759	0.896551724137931	0.037617554858934144	G196_minimal	HA	plm_consensus_high_secondary_support	3	plm_secondary_support_direct_homolog_conflicted	155	117	no_close_mapped_RNA_contact	completed_with_explicit_NA_for_unavailable_disorder_and_boundary_segments
38|39	38	39	Q	A	HIGH_RISK	A89_N-terminal_membrane-binding_by_similarity;A89_N-terminal_oligomerization_by_similarity	high_risk_not_hard_exclusion	outside_PROSITE_SF3_like_94_254	no_specific_motif_annotation	unknown_no_verified_A89_9A5_internal_epitope_mapping	structured_or_uncertain	False	0.0	NA_no_residue_level_segment_file	NA_no_residue_level_segment_file	0.3792674541473388	0.3273100939215924	surface_exposed	0.3428126370245481	3.3957818640344923	interface_close	20.724569873100688	not_pore_proximal_or_unknown	85.11000061035156	False	NA_iupred_anchor_not_available_in_current_environment	NA_iupred_anchor_not_available_in_current_environment	lower_flexibility_prior	interface_contact_density_proxy	no_major_available_disagreement	0.278937	0.837662	0			exact_aligned	high	-5.45315	direct_insert_strongly_deleterious	-1.204143	0.7836990595611285	0.7147335423197492	0.1410658307210032	G196_minimal	HA	plm_consensus_moderate_secondary_support	0	direct_homolog_conflicted_with_plm_context	155	116	no_close_mapped_RNA_contact	completed_with_explicit_NA_for_unavailable_disorder_and_boundary_segments
39|40	39	40	A	Q	HIGH_RISK	A89_N-terminal_membrane-binding_by_similarity;A89_N-terminal_oligomerization_by_similarity	high_risk_not_hard_exclusion	outside_PROSITE_SF3_like_94_254	no_specific_motif_annotation	unknown_no_verified_A89_9A5_internal_epitope_mapping	structured_or_uncertain	False	0.0	NA_no_residue_level_segment_file	NA_no_residue_level_segment_file	0.3792674541473388	0.3273100939215924	surface_exposed	0.0	9.46033338977708	not_close_or_unknown	22.56688539527572	not_pore_proximal_or_unknown	85.33000183105469	False	NA_iupred_anchor_not_available_in_current_environment	NA_iupred_anchor_not_available_in_current_environment	lower_flexibility_prior	not_high_by_available_proxy	no_major_available_disagreement	0.313964	0.829004	0			exact_aligned	high	-5.360491	direct_insert_strongly_deleterious	-1.465444	0.7484326018808777	0.7084639498432601	0.0658307210031348	G196_minimal	G196_practical_GS	plm_no_consensus_secondary_support	1	direct_homolog_conflicted_with_plm_context	155	115	no_close_mapped_RNA_contact	completed_with_explicit_NA_for_unavailable_disorder_and_boundary_segments
40|41	40	41	Q	L	HIGH_RISK	A89_N-terminal_membrane-binding_by_similarity;A89_N-terminal_oligomerization_by_similarity	high_risk_not_hard_exclusion	outside_PROSITE_SF3_like_94_254	no_specific_motif_annotation	unknown_no_verified_A89_9A5_internal_epitope_mapping	structured_or_uncertain	False	0.0	NA_no_residue_level_segment_file	NA_no_residue_level_segment_file	0.3778323531150818	0.3341553120273065	surface_exposed	0.0	8.648653268484932	not_close_or_unknown	24.152726954603747	not_pore_proximal_or_unknown	85.55999755859375	False	NA_iupred_anchor_not_available_in_current_environment	NA_iupred_anchor_not_available_in_current_environment	lower_flexibility_prior	not_high_by_available_proxy	no_major_available_disagreement	0.351903	0.817100	0			exact_aligned	high	-5.764877	direct_insert_strongly_deleterious	-2.064628	0.6849529780564263	0.42946708463949845	0.445141065830721	G196_minimal	HA	plm_no_consensus_secondary_support	1	direct_homolog_conflicted_with_plm_context	155	114	no_close_mapped_RNA_contact	completed_with_explicit_NA_for_unavailable_disorder_and_boundary_segments
41|42	41	42	L	K	HIGH_RISK	A89_N-terminal_membrane-binding_by_similarity;A89_N-terminal_oligomerization_by_similarity	high_risk_not_hard_exclusion	outside_PROSITE_SF3_like_94_254	no_specific_motif_annotation	unknown_no_verified_A89_9A5_internal_epitope_mapping	structured_or_uncertain	False	0.0	NA_no_residue_level_segment_file	NA_no_residue_level_segment_file	0.3152824640274048	0.3341553120273065	partly_exposed	0.0	8.648653268484932	not_close_or_unknown	16.13192447836819	pore_proximal_proxy	86.0199966430664	False	NA_iupred_anchor_not_available_in_current_environment	NA_iupred_anchor_not_available_in_current_environment	lower_flexibility_prior	not_high_by_available_proxy	no_major_available_disagreement	0.533563	0.738095	0			exact_aligned	high	-5.697888	direct_insert_strongly_deleterious	-2.955119	0.5047021943573669	0.3824451410658307	0.24137931034482762	G196_minimal	HA	plm_no_consensus_secondary_support	1	direct_homolog_conflicted_with_plm_context	155	113	pore_proximal_model_context	completed_with_explicit_NA_for_unavailable_disorder_and_boundary_segments
42|43	42	43	K	I	HIGH_RISK	A89_N-terminal_membrane-binding_by_similarity;A89_N-terminal_oligomerization_by_similarity	high_risk_not_hard_exclusion	outside_PROSITE_SF3_like_94_254	no_specific_motif_annotation	unknown_no_verified_A89_9A5_internal_epitope_mapping	structured_or_uncertain	False	0.0	NA_no_residue_level_segment_file	NA_no_residue_level_segment_file	0.3152824640274048	0.3686150480798408	partly_exposed	0.0	8.781699827724397	not_close_or_unknown	16.13192447836819	pore_proximal_proxy	85.93000030517578	False	NA_iupred_anchor_not_available_in_current_environment	NA_iupred_anchor_not_available_in_current_environment	lower_flexibility_prior	not_high_by_available_proxy	no_major_available_disagreement	0.656765	0.661255	0			exact_aligned	high	-5.272597	direct_insert_strongly_deleterious	-2.226254	0.5336990595611285	0.33228840125391845	0.3448275862068966	G196_minimal	MAP8	plm_no_consensus_secondary_support	0	direct_homolog_conflicted_with_plm_context	155	112	pore_proximal_model_context	completed_with_explicit_NA_for_unavailable_disorder_and_boundary_segments
43|44	43	44	I	D	HIGH_RISK	A89_N-terminal_membrane-binding_by_similarity;A89_N-terminal_oligomerization_by_similarity	high_risk_not_hard_exclusion	outside_PROSITE_SF3_like_94_254	no_specific_motif_annotation	unknown_no_verified_A89_9A5_internal_epitope_mapping	structured_or_uncertain	False	0.0	NA_no_residue_level_segment_file	NA_no_residue_level_segment_file	0.3378402590751648	0.3179676668631598	partly_exposed	0.0	8.781699827724397	not_close_or_unknown	23.462485336288395	not_pore_proximal_or_unknown	85.93000030517578	False	NA_iupred_anchor_not_available_in_current_environment	NA_iupred_anchor_not_available_in_current_environment	lower_flexibility_prior	not_high_by_available_proxy	no_major_available_disagreement	0.687810	0.656926	0			exact_aligned	high	-5.635963	direct_insert_strongly_deleterious	-1.610002	0.5775862068965517	0.5109717868338558	0.18181818181818177	G196_minimal	HA	plm_no_consensus_secondary_support	0	direct_homolog_conflicted_with_plm_context	155	111	no_close_mapped_RNA_contact	completed_with_explicit_NA_for_unavailable_disorder_and_boundary_segments
44|45	44	45	D	Y	HIGH_RISK	A89_N-terminal_membrane-binding_by_similarity;A89_N-terminal_oligomerization_by_similarity	high_risk_not_hard_exclusion	outside_PROSITE_SF3_like_94_254	no_specific_motif_annotation	unknown_no_verified_A89_9A5_internal_epitope_mapping	structured_or_uncertain	False	0.0	NA_no_residue_level_segment_file	NA_no_residue_level_segment_file	0.0008487476734444	0.0	buried_or_unknown	0.0	9.950103665681892	not_close_or_unknown	18.90997415132494	not_pore_proximal_or_unknown	87.5199966430664	False	NA_iupred_anchor_not_available_in_current_environment	NA_iupred_anchor_not_available_in_current_environment	lower_flexibility_prior	not_high_by_available_proxy	no_major_available_disagreement	0.696143	0.655844	0			exact_aligned	high	-5.595858	direct_insert_strongly_deleterious	-2.487443	0.6175548589341693	0.28526645768025083	0.5548589341692789	G196_minimal	HA	tag_specific_disagreement	0	tag_specific_disagreement_direct_homolog_conflicted	155	110	no_close_mapped_RNA_contact	completed_with_explicit_NA_for_unavailable_disorder_and_boundary_segments
45|46	45	46	Y	L	HIGH_RISK	A89_N-terminal_membrane-binding_by_similarity;A89_N-terminal_oligomerization_by_similarity	high_risk_not_hard_exclusion	outside_PROSITE_SF3_like_94_254	no_specific_motif_annotation	unknown_no_verified_A89_9A5_internal_epitope_mapping	structured_or_uncertain	False	0.0	NA_no_residue_level_segment_file	NA_no_residue_level_segment_file	0.0008487476734444	0.0	buried_or_unknown	0.0251178479959423	6.895842084633951	not_close_or_unknown	18.90997415132494	not_pore_proximal_or_unknown	88.05999755859375	False	NA_iupred_anchor_not_available_in_current_environment	NA_iupred_anchor_not_available_in_current_environment	lower_flexibility_prior	not_high_by_available_proxy	no_major_available_disagreement	0.766088	0.596320	0			exact_aligned	high	-5.340883	direct_insert_strongly_deleterious	-2.910966	0.32523510971786834	0.2601880877742947	0.1316614420062696	G196_minimal	MAP8	plm_no_consensus_secondary_support	2	direct_homolog_conflicted_with_plm_context	155	109	no_close_mapped_RNA_contact	completed_with_explicit_NA_for_unavailable_disorder_and_boundary_segments
46|47	46	47	L	T	HIGH_RISK	A89_N-terminal_membrane-binding_by_similarity;A89_N-terminal_oligomerization_by_similarity	high_risk_not_hard_exclusion	outside_PROSITE_SF3_like_94_254	no_specific_motif_annotation	unknown_no_verified_A89_9A5_internal_epitope_mapping	structured_or_uncertain	False	0.0	NA_no_residue_level_segment_file	NA_no_residue_level_segment_file	0.330196738243103	0.3015147251869315	partly_exposed	0.0251178479959423	6.895842084633951	not_close_or_unknown	20.024468182104204	not_pore_proximal_or_unknown	88.05999755859375	False	NA_iupred_anchor_not_available_in_current_environment	NA_iupred_anchor_not_available_in_current_environment	lower_flexibility_prior	not_high_by_available_proxy	no_major_available_disagreement	0.702788	0.610390	0			exact_aligned	high	-5.559395	direct_insert_strongly_deleterious	-1.916436	0.5321316614420063	0.432601880877743	0.2727272727272727	G196_minimal	MAP8	plm_no_consensus_secondary_support	0	direct_homolog_conflicted_with_plm_context	155	108	no_close_mapped_RNA_contact	completed_with_explicit_NA_for_unavailable_disorder_and_boundary_segments
47|48	47	48	T	K	HIGH_RISK	A89_N-terminal_membrane-binding_by_similarity;A89_N-terminal_oligomerization_by_similarity	high_risk_not_hard_exclusion	outside_PROSITE_SF3_like_94_254	no_specific_motif_annotation	unknown_no_verified_A89_9A5_internal_epitope_mapping	structured_or_uncertain	False	0.0	NA_no_residue_level_segment_file	NA_no_residue_level_segment_file	0.2257784754037857	0.2030699724531443	partly_exposed	0.0	8.836898446920639	not_close_or_unknown	25.382761688666463	not_pore_proximal_or_unknown	88.08000183105469	False	NA_iupred_anchor_not_available_in_current_environment	NA_iupred_anchor_not_available_in_current_environment	lower_flexibility_prior	not_high_by_available_proxy	no_major_available_disagreement	0.821450	0.576840	0			exact_aligned	high	-5.60096	direct_insert_strongly_deleterious	-1.403621	0.6810344827586207	0.3573667711598746	0.5579937304075235	G196_minimal	HA	tag_specific_disagreement	0	tag_specific_disagreement_direct_homolog_conflicted	155	107	no_close_mapped_RNA_contact	completed_with_explicit_NA_for_unavailable_disorder_and_boundary_segments
48|49	48	49	K	L	HIGH_RISK	A89_N-terminal_membrane-binding_by_similarity;A89_N-terminal_oligomerization_by_similarity	high_risk_not_hard_exclusion	outside_PROSITE_SF3_like_94_254	no_specific_motif_annotation	unknown_no_verified_A89_9A5_internal_epitope_mapping	structured_or_uncertain	False	0.0	NA_no_residue_level_segment_file	NA_no_residue_level_segment_file	0.1425718367099762	0.1294613453879285	buried_or_unknown	0.0464073114752538	6.384070366179198	not_close_or_unknown	20.02653291143536	not_pore_proximal_or_unknown	88.16000366210938	False	NA_iupred_anchor_not_available_in_current_environment	NA_iupred_anchor_not_available_in_current_environment	lower_flexibility_prior	not_high_by_available_proxy	no_major_available_disagreement	0.890313	0.555195	0			exact_aligned	high	-5.747447	direct_insert_strongly_deleterious	-2.180679	0.8064263322884013	0.5078369905956113	0.47335423197492166	G196_minimal	MAP8	plm_no_consensus_secondary_support	0	direct_homolog_conflicted_with_plm_context	155	106	no_close_mapped_RNA_contact	completed_with_explicit_NA_for_unavailable_disorder_and_boundary_segments
49|50	49	50	L	K	HIGH_RISK	A89_N-terminal_membrane-binding_by_similarity;A89_N-terminal_oligomerization_by_similarity	high_risk_not_hard_exclusion	outside_PROSITE_SF3_like_94_254	no_specific_motif_annotation	unknown_no_verified_A89_9A5_internal_epitope_mapping	structured_or_uncertain	False	0.0	NA_no_residue_level_segment_file	NA_no_residue_level_segment_file	0.1425718367099762	0.1294613453879285	buried_or_unknown	0.2538375144473472	3.3957818640344923	interface_close	20.02653291143536	not_pore_proximal_or_unknown	87.11000061035156	False	NA_iupred_anchor_not_available_in_current_environment	NA_iupred_anchor_not_available_in_current_environment	lower_flexibility_prior	interface_contact_density_proxy	no_major_available_disagreement	0.858232	0.614719	0			exact_aligned	high	-5.595858	direct_insert_strongly_deleterious	-2.47993	0.9106583072100314	0.8150470219435737	0.1630094043887147	HA	MAP8	plm_consensus_moderate_secondary_support	0	direct_homolog_conflicted_with_plm_context	155	105	no_close_mapped_RNA_contact	completed_with_explicit_NA_for_unavailable_disorder_and_boundary_segments
50|51	50	51	K	Q	HIGH_RISK	A89_N-terminal_membrane-binding_by_similarity;A89_N-terminal_oligomerization_by_similarity	high_risk_not_hard_exclusion	outside_PROSITE_SF3_like_94_254	no_specific_motif_annotation	unknown_no_verified_A89_9A5_internal_epitope_mapping	loop_or_coil_supported	True	0.6666666666666666	NA_no_residue_level_segment_file	NA_no_residue_level_segment_file	0.3757533133029938	0.3327042191116898	surface_exposed	0.2538375144473472	3.3957818640344923	interface_close	24.41230271196968	not_pore_proximal_or_unknown	87.11000061035156	False	NA_iupred_anchor_not_available_in_current_environment	NA_iupred_anchor_not_available_in_current_environment	higher_relative_flexibility_prior	interface_contact_density_proxy	no_major_available_disagreement	0.765634	0.689394	0			exact_aligned	high	-5.559395	direct_insert_strongly_deleterious	-1.819115	0.9122257053291536	0.8432601880877743	0.12225705329153613	G196_minimal	HA	plm_consensus_moderate_secondary_support	2	plm_context_support_direct_homolog_conflicted	155	104	no_close_mapped_RNA_contact	completed_with_explicit_NA_for_unavailable_disorder_and_boundary_segments
51|52	51	52	Q	L	HIGH_RISK	A89_N-terminal_membrane-binding_by_similarity;A89_N-terminal_oligomerization_by_similarity	high_risk_not_hard_exclusion	outside_PROSITE_SF3_like_94_254	no_specific_motif_annotation	unknown_no_verified_A89_9A5_internal_epitope_mapping	structured_or_uncertain	False	0.0	NA_no_residue_level_segment_file	NA_no_residue_level_segment_file	0.0175236277282238	0.0110059935803437	buried_or_unknown	0.0	6.412801823643846	not_close_or_unknown	20.71853776333036	not_pore_proximal_or_unknown	88.37000274658203	False	NA_iupred_anchor_not_available_in_current_environment	NA_iupred_anchor_not_available_in_current_environment	lower_flexibility_prior	not_high_by_available_proxy	no_major_available_disagreement	0.722273	0.699134	0			exact_aligned	high	-5.300473	direct_insert_strongly_deleterious	-1.962244	0.8503134796238244	0.6332288401253918	0.3667711598746082	G196_minimal	MAP8	plm_consensus_moderate_secondary_support	0	direct_homolog_conflicted_with_plm_context	155	103	no_close_mapped_RNA_contact	completed_with_explicit_NA_for_unavailable_disorder_and_boundary_segments
52|53	52	53	L	N	HIGH_RISK	A89_N-terminal_membrane-binding_by_similarity;A89_N-terminal_oligomerization_by_similarity	high_risk_not_hard_exclusion	outside_PROSITE_SF3_like_94_254	no_specific_motif_annotation	unknown_no_verified_A89_9A5_internal_epitope_mapping	structured_or_uncertain	False	0.0	NA_no_residue_level_segment_file	NA_no_residue_level_segment_file	0.0175236277282238	0.0110059935803437	buried_or_unknown	0.8349649544852223	2.77891632887036	interface_close	20.71853776333036	not_pore_proximal_or_unknown	88.37000274658203	False	NA_iupred_anchor_not_available_in_current_environment	NA_iupred_anchor_not_available_in_current_environment	lower_flexibility_prior	high_burial_contact_density_proxy	no_major_available_disagreement	0.708795	0.705628	0			exact_aligned	high	-5.764877	direct_insert_strongly_deleterious	-2.042979	0.6920062695924765	0.4263322884012539	0.48589341692789967	G196_minimal	MAP8	plm_no_consensus_secondary_support	0	direct_homolog_conflicted_with_plm_context	155	102	no_close_mapped_RNA_contact	completed_with_explicit_NA_for_unavailable_disorder_and_boundary_segments
53|54	53	54	N	L	HIGH_RISK	A89_N-terminal_membrane-binding_by_similarity;A89_N-terminal_oligomerization_by_similarity	high_risk_not_hard_exclusion	outside_PROSITE_SF3_like_94_254	no_specific_motif_annotation	unknown_no_verified_A89_9A5_internal_epitope_mapping	structured_or_uncertain	False	0.0	NA_no_residue_level_segment_file	NA_no_residue_level_segment_file	0.4748033583164215	0.108179811330942	surface_exposed	0.8349649544852223	2.77891632887036	interface_close	22.75715068051648	not_pore_proximal_or_unknown	87.80000305175781	False	NA_iupred_anchor_not_available_in_current_environment	NA_iupred_anchor_not_available_in_current_environment	lower_flexibility_prior	high_burial_contact_density_proxy	no_major_available_disagreement	0.631672	0.756494	0			exact_aligned	high	-5.595858	direct_insert_strongly_deleterious	-2.275945	0.7280564263322884	0.6081504702194358	0.2821316614420062	HA	G196_practical_GS	plm_no_consensus_secondary_support	2	direct_homolog_conflicted_with_plm_context	155	101	no_close_mapped_RNA_contact	completed_with_explicit_NA_for_unavailable_disorder_and_boundary_segments
54|55	54	55	L	L	HIGH_RISK	A89_N-terminal_membrane-binding_by_similarity;A89_N-terminal_oligomerization_by_similarity	high_risk_not_hard_exclusion	outside_PROSITE_SF3_like_94_254	no_specific_motif_annotation	unknown_no_verified_A89_9A5_internal_epitope_mapping	structured_or_uncertain	False	0.0	NA_no_residue_level_segment_file	NA_no_residue_level_segment_file	0.0256595984101295	0.0193748912012596	buried_or_unknown	0.0	6.675570779982434	not_close_or_unknown	26.95524225194933	not_pore_proximal_or_unknown	86.8499984741211	False	NA_iupred_anchor_not_available_in_current_environment	NA_iupred_anchor_not_available_in_current_environment	lower_flexibility_prior	not_high_by_available_proxy	no_major_available_disagreement	0.577333	0.811688	0			exact_aligned	high	-5.621111	direct_insert_strongly_deleterious	-3.024841	0.7946708463949843	0.5987460815047022	0.38557993730407525	G196_minimal	HA	plm_no_consensus_secondary_support	0	direct_homolog_conflicted_with_plm_context	155	100	no_close_mapped_RNA_contact	completed_with_explicit_NA_for_unavailable_disorder_and_boundary_segments
55|56	55	56	L	E	HIGH_RISK	A89_N-terminal_membrane-binding_by_similarity;A89_N-terminal_oligomerization_by_similarity	high_risk_not_hard_exclusion	outside_PROSITE_SF3_like_94_254	no_specific_motif_annotation	unknown_no_verified_A89_9A5_internal_epitope_mapping	structured_or_uncertain	False	0.0	NA_no_residue_level_segment_file	NA_no_residue_level_segment_file	0.0256595984101295	0.0193748912012596	buried_or_unknown	0.3419370941955444	3.777539486036115	interface_close	20.67043017542177	not_pore_proximal_or_unknown	86.75	False	NA_iupred_anchor_not_available_in_current_environment	NA_iupred_anchor_not_available_in_current_environment	lower_flexibility_prior	interface_contact_density_proxy	no_major_available_disagreement	0.724516	0.737013	0			exact_aligned	high	-5.575185	direct_insert_strongly_deleterious	-2.895968	0.20689655172413793	0.11285266457680254	0.18181818181818177	G196_minimal	MAP8	plm_no_consensus_secondary_support	0	direct_homolog_conflicted_with_plm_context	155	99	no_close_mapped_RNA_contact	completed_with_explicit_NA_for_unavailable_disorder_and_boundary_segments
56|57	56	57	E	K	HIGH_RISK	A89_N-terminal_membrane-binding_by_similarity;A89_N-terminal_oligomerization_by_similarity	high_risk_not_hard_exclusion	outside_PROSITE_SF3_like_94_254	no_specific_motif_annotation	unknown_no_verified_A89_9A5_internal_epitope_mapping	structured_or_uncertain	False	0.0	NA_no_residue_level_segment_file	NA_no_residue_level_segment_file	0.235518530011177	0.181070453204738	partly_exposed	0.3620447603734189	2.610017448031644	interface_close	20.67043017542177	not_pore_proximal_or_unknown	84.7699966430664	False	NA_iupred_anchor_not_available_in_current_environment	NA_iupred_anchor_not_available_in_current_environment	lower_flexibility_prior	interface_contact_density_proxy	no_major_available_disagreement	0.745076	0.660173	0			exact_aligned	high	-5.585575	direct_insert_strongly_deleterious	-2.926318	0.24451410658307207	0.11912225705329149	0.4106583072100314	HA	MAP8	plm_no_consensus_secondary_support	0	direct_homolog_conflicted_with_plm_context	155	98	no_close_mapped_RNA_contact	completed_with_explicit_NA_for_unavailable_disorder_and_boundary_segments
57|58	57	58	K	Q	HIGH_RISK	A89_N-terminal_membrane-binding_by_similarity;A89_N-terminal_oligomerization_by_similarity	high_risk_not_hard_exclusion	outside_PROSITE_SF3_like_94_254	no_specific_motif_annotation	unknown_no_verified_A89_9A5_internal_epitope_mapping	structured_or_uncertain	False	0.0	NA_no_residue_level_segment_file	NA_no_residue_level_segment_file	0.3012292683124542	0.2781775891339337	partly_exposed	0.3620447603734189	2.610017448031644	interface_close	27.38120167106153	not_pore_proximal_or_unknown	84.7699966430664	False	NA_iupred_anchor_not_available_in_current_environment	NA_iupred_anchor_not_available_in_current_environment	lower_flexibility_prior	interface_contact_density_proxy	no_major_available_disagreement	0.689572	0.717533	0			exact_aligned	high	-5.743042	direct_insert_strongly_deleterious	-3.022582	0.219435736677116	0.1724137931034483	0.06269592476489028	G196_minimal	G196_practical_GS	plm_no_consensus_secondary_support	0	direct_homolog_conflicted_with_plm_context	155	97	no_close_mapped_RNA_contact	completed_with_explicit_NA_for_unavailable_disorder_and_boundary_segments
58|59	58	59	Q	I	HIGH_RISK	A89_N-terminal_membrane-binding_by_similarity;A89_N-terminal_oligomerization_by_similarity	high_risk_not_hard_exclusion	outside_PROSITE_SF3_like_94_254	no_specific_motif_annotation	unknown_no_verified_A89_9A5_internal_epitope_mapping	structured_or_uncertain	False	0.0	NA_no_residue_level_segment_file	NA_no_residue_level_segment_file	0.0802377611398696	0.0169589600183838	buried_or_unknown	0.8653690719572652	2.859982636813903	interface_close	25.912168708251315	not_pore_proximal_or_unknown	86.20999908447266	False	NA_iupred_anchor_not_available_in_current_environment	NA_iupred_anchor_not_available_in_current_environment	lower_flexibility_prior	high_burial_contact_density_proxy	no_major_available_disagreement	0.904798	0.653680	0			exact_aligned	high	-5.782008	direct_insert_strongly_deleterious	-2.456179	0.24529780564263323	0.14420062695924762	0.24764890282131669	HA	G196_practical_GS	plm_no_consensus_secondary_support	0	direct_homolog_conflicted_with_plm_context	155	96	no_close_mapped_RNA_contact	completed_with_explicit_NA_for_unavailable_disorder_and_boundary_segments
59|60	59	60	I	E	HIGH_RISK	A89_N-terminal_membrane-binding_by_similarity;A89_N-terminal_oligomerization_by_similarity	high_risk_not_hard_exclusion	outside_PROSITE_SF3_like_94_254	no_specific_motif_annotation	unknown_no_verified_A89_9A5_internal_epitope_mapping	structured_or_uncertain	False	0.0	NA_no_residue_level_segment_file	NA_no_residue_level_segment_file	0.0802377611398696	0.0169589600183838	buried_or_unknown	0.8653690719572652	2.859982636813903	interface_close	25.912168708251315	not_pore_proximal_or_unknown	80.11000061035156	False	NA_iupred_anchor_not_available_in_current_environment	NA_iupred_anchor_not_available_in_current_environment	lower_flexibility_prior	high_burial_contact_density_proxy	no_major_available_disagreement	0.771655	0.689394	0			exact_aligned	high	-5.909417	direct_insert_strongly_deleterious	-1.12722	0.20141065830721006	0.13793103448275867	0.17241379310344818	G196_minimal	MAP8	plm_no_consensus_secondary_support	0	direct_homolog_conflicted_with_plm_context	155	95	no_close_mapped_RNA_contact	completed_with_explicit_NA_for_unavailable_disorder_and_boundary_segments
60|61	60	61	E	T	HIGH_RISK	A89_N-terminal_membrane-binding_by_similarity;A89_N-terminal_oligomerization_by_similarity	high_risk_not_hard_exclusion	outside_PROSITE_SF3_like_94_254	no_specific_motif_annotation	unknown_no_verified_A89_9A5_internal_epitope_mapping	structured_or_uncertain	False	0.0	NA_no_residue_level_segment_file	NA_no_residue_level_segment_file	0.4500952064990997	0.4536442941473436	surface_exposed	0.2054130486505098	3.5244027346863573	interface_close	26.30483545386728	not_pore_proximal_or_unknown	80.11000061035156	False	NA_iupred_anchor_not_available_in_current_environment	NA_iupred_anchor_not_available_in_current_environment	lower_flexibility_prior	interface_contact_density_proxy	no_major_available_disagreement	0.812837	0.634199	0			exact_aligned	high	-5.72072	direct_insert_strongly_deleterious	-0.572521	0.3166144200626959	0.1630094043887147	0.4890282131661443	G196_minimal	HA	plm_no_consensus_secondary_support	3	direct_homolog_conflicted_with_plm_context	155	94	no_close_mapped_RNA_contact	completed_with_explicit_NA_for_unavailable_disorder_and_boundary_segments
61|62	61	62	T	I	HIGH_RISK	A89_N-terminal_membrane-binding_by_similarity;A89_N-terminal_oligomerization_by_similarity	high_risk_not_hard_exclusion	outside_PROSITE_SF3_like_94_254	no_specific_motif_annotation	unknown_no_verified_A89_9A5_internal_epitope_mapping	structured_or_uncertain	False	0.1666666666666666	NA_no_residue_level_segment_file	NA_no_residue_level_segment_file	0.0057469620369374	0.0063949261875523	buried_or_unknown	0.3636364137380001	3.792808082655992	interface_close	30.642637527140494	not_pore_proximal_or_unknown	81.7300033569336	False	NA_iupred_anchor_not_available_in_current_environment	NA_iupred_anchor_not_available_in_current_environment	unknown_or_moderate_flexibility_prior	interface_contact_density_proxy	no_major_available_disagreement	0.968319	0.564935	0			exact_aligned	high	-5.564686	direct_insert_strongly_deleterious	-1.448404	0.33072100313479624	0.2601880877742947	0.1943573667711599	G196_minimal	HA	plm_no_consensus_secondary_support	2	direct_homolog_conflicted_with_plm_context	155	93	no_close_mapped_RNA_contact	completed_with_explicit_NA_for_unavailable_disorder_and_boundary_segments
62|63	62	63	I	R	HIGH_RISK	A89_N-terminal_membrane-binding_by_similarity;A89_N-terminal_oligomerization_by_similarity	high_risk_not_hard_exclusion	outside_PROSITE_SF3_like_94_254	no_specific_motif_annotation	unknown_no_verified_A89_9A5_internal_epitope_mapping	structured_or_uncertain	False	0.1666666666666666	NA_no_residue_level_segment_file	NA_no_residue_level_segment_file	0.0057469620369374	0.0063949261875523	buried_or_unknown	0.9944364613859936	2.5262970969045355	interface_close	27.321222391634908	not_pore_proximal_or_unknown	77.7300033569336	False	NA_iupred_anchor_not_available_in_current_environment	NA_iupred_anchor_not_available_in_current_environment	unknown_or_moderate_flexibility_prior	high_burial_contact_density_proxy	no_major_available_disagreement	1.159035	0.485931	0			exact_aligned	high	-5.236622	direct_insert_strongly_deleterious	-2.026288	0.5039184952978056	0.24764890282131657	0.5768025078369906	G196_practical_GS	HA	tag_specific_disagreement	2	tag_specific_disagreement_direct_homolog_conflicted	155	92	no_close_mapped_RNA_contact	completed_with_explicit_NA_for_unavailable_disorder_and_boundary_segments
63|64	63	64	R	L	HIGH_RISK	A89_N-terminal_membrane-binding_by_similarity;A89_N-terminal_oligomerization_by_similarity	high_risk_not_hard_exclusion	outside_PROSITE_SF3_like_94_254	no_specific_motif_annotation	unknown_no_verified_A89_9A5_internal_epitope_mapping	structured_or_uncertain	False	0.1666666666666666	NA_no_residue_level_segment_file	NA_no_residue_level_segment_file	0.6958425641059875	0.0081887286872469	surface_exposed	0.9944364613859936	2.5262970969045355	interface_close	27.321222391634908	not_pore_proximal_or_unknown	71.63999938964844	False	NA_iupred_anchor_not_available_in_current_environment	NA_iupred_anchor_not_available_in_current_environment	unknown_or_moderate_flexibility_prior	high_burial_contact_density_proxy	no_major_available_disagreement	1.294729	0.408009	0			exact_aligned	high	-5.554076	direct_insert_strongly_deleterious	-2.25479	0.7108150470219436	0.445141065830721	0.46081504702194354	G196_minimal	HA	plm_no_consensus_secondary_support	5	direct_homolog_conflicted_with_plm_context	155	91	no_close_mapped_RNA_contact	completed_with_explicit_NA_for_unavailable_disorder_and_boundary_segments
64|65	64	65	L	A	HIGH_RISK	A89_N-terminal_membrane-binding_by_similarity;A89_N-terminal_oligomerization_by_similarity	high_risk_not_hard_exclusion	outside_PROSITE_SF3_like_94_254	no_specific_motif_annotation	unknown_no_verified_A89_9A5_internal_epitope_mapping	structured_or_uncertain	False	0.1666666666666666	NA_no_residue_level_segment_file	NA_no_residue_level_segment_file	0.1974540650844574	0.1527948120767756	partly_exposed	0.5668591758271173	2.8376213166119064	interface_close	35.46004409013391	not_pore_proximal_or_unknown	71.63999938964844	False	NA_iupred_anchor_not_available_in_current_environment	NA_iupred_anchor_not_available_in_current_environment	unknown_or_moderate_flexibility_prior	high_burial_contact_density_proxy	no_major_available_disagreement	1.261956	0.414502	0			exact_aligned	high	-5.564686	direct_insert_strongly_deleterious	-2.75491	0.5532915360501567	0.2695924764890282	0.529780564263323	G196_minimal	HA	tag_specific_disagreement	2	tag_specific_disagreement_direct_homolog_conflicted	155	90	no_close_mapped_RNA_contact	completed_with_explicit_NA_for_unavailable_disorder_and_boundary_segments
65|66	65	66	A	P	HIGH_RISK	A89_N-terminal_membrane-binding_by_similarity;A89_N-terminal_oligomerization_by_similarity	high_risk_not_hard_exclusion	outside_PROSITE_SF3_like_94_254	no_specific_motif_annotation	unknown_no_verified_A89_9A5_internal_epitope_mapping	loop_or_coil_supported	True	1.0	NA_no_residue_level_segment_file	NA_no_residue_level_segment_file	0.1974540650844574	0.1527948120767756	partly_exposed	0.71964290456505	3.5149498833164627	interface_close	36.96235858789368	not_pore_proximal_or_unknown	78.5199966430664	False	NA_iupred_anchor_not_available_in_current_environment	NA_iupred_anchor_not_available_in_current_environment	unknown_or_moderate_flexibility_prior	high_burial_contact_density_proxy	no_major_available_disagreement	1.233570	0.426407	0			exact_aligned	high	-5.786245	direct_insert_strongly_deleterious	-2.725448	0.4365203761755486	0.29780564263322884	0.3166144200626959	G196_minimal	MAP8	plm_no_consensus_secondary_support	2	direct_homolog_conflicted_with_plm_context	155	89	no_close_mapped_RNA_contact	completed_with_explicit_NA_for_unavailable_disorder_and_boundary_segments
66|67	66	67	P	A	HIGH_RISK	A89_N-terminal_membrane-binding_by_similarity;A89_N-terminal_oligomerization_by_similarity	high_risk_not_hard_exclusion	outside_PROSITE_SF3_like_94_254	no_specific_motif_annotation	unknown_no_verified_A89_9A5_internal_epitope_mapping	structured_or_uncertain	False	0.0	NA_no_residue_level_segment_file	NA_no_residue_level_segment_file	0.3782648146152496	0.219234072687241	surface_exposed	0.71964290456505	3.5149498833164627	interface_close	38.39077725657673	not_pore_proximal_or_unknown	78.5199966430664	False	NA_iupred_anchor_not_available_in_current_environment	NA_iupred_anchor_not_available_in_current_environment	lower_flexibility_prior	high_burial_contact_density_proxy	no_major_available_disagreement	1.261909	0.428571	0			exact_aligned	high	-5.510472	direct_insert_strongly_deleterious	-2.945028	0.33307210031347967	0.2821316614420063	0.12852664576802508	G196_minimal	HA	plm_no_consensus_secondary_support	2	direct_homolog_conflicted_with_plm_context	155	88	no_close_mapped_RNA_contact	completed_with_explicit_NA_for_unavailable_disorder_and_boundary_segments
67|68	67	68	A	S	HIGH_RISK	A89_N-terminal_membrane-binding_by_similarity;A89_N-terminal_oligomerization_by_similarity	high_risk_not_hard_exclusion	outside_PROSITE_SF3_like_94_254	no_specific_motif_annotation	unknown_no_verified_A89_9A5_internal_epitope_mapping	structured_or_uncertain	False	0.0	NA_no_residue_level_segment_file	NA_no_residue_level_segment_file	0.3782648146152496	0.275585024239789	surface_exposed	0.2996868659339148	4.319307467795337	interface_close	38.39077725657673	not_pore_proximal_or_unknown	78.61000061035156	False	NA_iupred_anchor_not_available_in_current_environment	NA_iupred_anchor_not_available_in_current_environment	lower_flexibility_prior	interface_contact_density_proxy	no_major_available_disagreement	1.150959	0.490260	0			exact_aligned	high	-5.764877	direct_insert_strongly_deleterious	-2.331018	0.3934169278996865	0.1316614420062696	0.6927899686520376	G196_minimal	G196_practical_GS	tag_specific_disagreement	0	tag_specific_disagreement_direct_homolog_conflicted	155	87	no_close_mapped_RNA_contact	completed_with_explicit_NA_for_unavailable_disorder_and_boundary_segments
68|69	68	69	S	V	HIGH_RISK	A89_N-terminal_membrane-binding_by_similarity;A89_N-terminal_oligomerization_by_similarity	high_risk_not_hard_exclusion	outside_PROSITE_SF3_like_94_254	no_specific_motif_annotation	unknown_no_verified_A89_9A5_internal_epitope_mapping	structured_or_uncertain	False	0.0	NA_no_residue_level_segment_file	NA_no_residue_level_segment_file	0.3440462946891784	0.3097918024465042	partly_exposed	0.1138308985278357	5.682708488779805	not_close_or_unknown	36.33837306594909	not_pore_proximal_or_unknown	81.01000213623047	False	NA_iupred_anchor_not_available_in_current_environment	NA_iupred_anchor_not_available_in_current_environment	lower_flexibility_prior	not_high_by_available_proxy	no_major_available_disagreement	1.236509	0.490260	0			exact_aligned	high	-5.645743	direct_insert_strongly_deleterious	-2.355305	0.2821316614420063	0.1724137931034483	0.15360501567398122	G196_minimal	HA	plm_no_consensus_secondary_support	3	direct_homolog_conflicted_with_plm_context	155	86	no_close_mapped_RNA_contact	completed_with_explicit_NA_for_unavailable_disorder_and_boundary_segments
69|70	69	70	V	Q	HIGH_RISK	A89_N-terminal_membrane-binding_by_similarity;A89_N-terminal_oligomerization_by_similarity	high_risk_not_hard_exclusion	outside_PROSITE_SF3_like_94_254	no_specific_motif_annotation	unknown_no_verified_A89_9A5_internal_epitope_mapping	structured_or_uncertain	False	0.0	NA_no_residue_level_segment_file	NA_no_residue_level_segment_file	0.1380454748868942	0.0794570152847855	buried_or_unknown	0.6412312054018182	2.9055092813975527	interface_close	33.998561022918295	not_pore_proximal_or_unknown	84.06999969482422	False	NA_iupred_anchor_not_available_in_current_environment	NA_iupred_anchor_not_available_in_current_environment	lower_flexibility_prior	high_burial_contact_density_proxy	no_major_available_disagreement	1.476777	0.413420	0			exact_aligned	high	-5.660236	direct_insert_strongly_deleterious	-2.028029	0.15517241379310345	0.10971786833855801	0.13479623824451414	G196_minimal	MAP8	plm_no_consensus_secondary_support	2	direct_homolog_conflicted_with_plm_context	155	85	no_close_mapped_RNA_contact	completed_with_explicit_NA_for_unavailable_disorder_and_boundary_segments
70|71	70	71	Q	E	HIGH_RISK	A89_N-terminal_membrane-binding_by_similarity;A89_N-terminal_oligomerization_by_similarity	high_risk_not_hard_exclusion	outside_PROSITE_SF3_like_94_254	no_specific_motif_annotation	unknown_no_verified_A89_9A5_internal_epitope_mapping	structured_or_uncertain	False	0.0	NA_no_residue_level_segment_file	NA_no_residue_level_segment_file	0.1380454748868942	0.0794570152847855	buried_or_unknown	0.6412312054018182	2.9055092813975527	interface_close	33.998561022918295	not_pore_proximal_or_unknown	84.33000183105469	False	NA_iupred_anchor_not_available_in_current_environment	NA_iupred_anchor_not_available_in_current_environment	lower_flexibility_prior	high_burial_contact_density_proxy	no_major_available_disagreement	1.335705	0.461922	0			ambiguous	low	-5.548728	direct_insert_strongly_deleterious		0.18730407523510972	0.08463949843260188	0.23510971786833856	G196_minimal	MAP8	plm_no_consensus_secondary_support	2	mapping_uncertain	155	84	no_close_mapped_RNA_contact	completed_with_explicit_NA_for_unavailable_disorder_and_boundary_segments
71|72	71	72	E	K	HIGH_RISK	A89_N-terminal_oligomerization_by_similarity	high_risk_not_hard_exclusion	outside_PROSITE_SF3_like_94_254	no_specific_motif_annotation	unknown_no_verified_A89_9A5_internal_epitope_mapping	structured_or_uncertain	False	0.0	NA_no_residue_level_segment_file	NA_no_residue_level_segment_file	0.4216254949569702	0.3611368883529229	surface_exposed	0.0	9.182551538712476	not_close_or_unknown	34.22820856344504	not_pore_proximal_or_unknown	84.33000183105469	False	NA_iupred_anchor_not_available_in_current_environment	NA_iupred_anchor_not_available_in_current_environment	lower_flexibility_prior	not_high_by_available_proxy	no_major_available_disagreement	1.432609	0.440277	0			exact_aligned	high	-5.707083	direct_insert_strongly_deleterious	-1.171566	0.11677115987460815	0.06896551724137934	0.12539184952978055	G196_minimal	G196_practical_GS	plm_no_consensus_secondary_support	4	direct_homolog_conflicted_with_plm_context	155	83	no_close_mapped_RNA_contact	completed_with_explicit_NA_for_unavailable_disorder_and_boundary_segments
72|73	72	73	K	I	HIGH_RISK	A89_N-terminal_oligomerization_by_similarity	high_risk_not_hard_exclusion	outside_PROSITE_SF3_like_94_254	no_specific_motif_annotation	unknown_no_verified_A89_9A5_internal_epitope_mapping	structured_or_uncertain	False	0.0	NA_no_residue_level_segment_file	NA_no_residue_level_segment_file	0.0906742885708808	0.1032125494000068	buried_or_unknown	0.0	9.316374462407786	not_close_or_unknown	31.088175746781783	not_pore_proximal_or_unknown	86.83000183105469	False	NA_iupred_anchor_not_available_in_current_environment	NA_iupred_anchor_not_available_in_current_environment	lower_flexibility_prior	not_high_by_available_proxy	no_major_available_disagreement	1.450497	0.438112	0			exact_aligned	high	-5.595858	direct_insert_strongly_deleterious	-1.039191	0.09796238244514108	0.07210031347962387	0.053291536050156685	G196_minimal	HA	plm_no_consensus_secondary_support	2	direct_homolog_conflicted_with_plm_context	155	82	no_close_mapped_RNA_contact	completed_with_explicit_NA_for_unavailable_disorder_and_boundary_segments
73|74	73	74	I	F	HIGH_RISK	A89_N-terminal_oligomerization_by_similarity	high_risk_not_hard_exclusion	outside_PROSITE_SF3_like_94_254	no_specific_motif_annotation	unknown_no_verified_A89_9A5_internal_epitope_mapping	structured_or_uncertain	False	0.0	NA_no_residue_level_segment_file	NA_no_residue_level_segment_file	0.0906742885708808	0.1032125494000068	buried_or_unknown	0.0	9.316374462407786	not_close_or_unknown	29.225261422414423	not_pore_proximal_or_unknown	88.0199966430664	False	NA_iupred_anchor_not_available_in_current_environment	NA_iupred_anchor_not_available_in_current_environment	lower_flexibility_prior	not_high_by_available_proxy	no_major_available_disagreement	1.350113	0.497636	0			exact_aligned	high	-5.851708	direct_insert_strongly_deleterious	-2.811232	0.5219435736677116	0.22257053291536055	0.5047021943573667	G196_minimal	HA	tag_specific_disagreement	1	tag_specific_disagreement_direct_homolog_conflicted	155	81	no_close_mapped_RNA_contact	completed_with_explicit_NA_for_unavailable_disorder_and_boundary_segments
74|75	74	75	F	I	HIGH_RISK	A89_N-terminal_oligomerization_by_similarity	high_risk_not_hard_exclusion	outside_PROSITE_SF3_like_94_254	no_specific_motif_annotation	unknown_no_verified_A89_9A5_internal_epitope_mapping	structured_or_uncertain	False	0.0	NA_no_residue_level_segment_file	NA_no_residue_level_segment_file	0.2374373376369476	0.1758534643385145	partly_exposed	0.0	9.791355445243465	not_close_or_unknown	29.225261422414423	not_pore_proximal_or_unknown	87.56999969482422	False	NA_iupred_anchor_not_available_in_current_environment	NA_iupred_anchor_not_available_in_current_environment	lower_flexibility_prior	not_high_by_available_proxy	no_major_available_disagreement	1.218682	0.560407	0			exact_aligned	high	-5.702496	direct_insert_strongly_deleterious	-2.643807	0.780564263322884	0.39811912225705326	0.542319749216301	G196_minimal	HA	tag_specific_disagreement	2	tag_specific_disagreement_direct_homolog_conflicted	155	80	no_close_mapped_RNA_contact	completed_with_explicit_NA_for_unavailable_disorder_and_boundary_segments
75|76	75	76	I	E	HIGH_RISK	A89_N-terminal_oligomerization_by_similarity	high_risk_not_hard_exclusion	outside_PROSITE_SF3_like_94_254	no_specific_motif_annotation	unknown_no_verified_A89_9A5_internal_epitope_mapping	structured_or_uncertain	False	0.0	NA_no_residue_level_segment_file	NA_no_residue_level_segment_file	0.2754515707492828	0.2637290783527186	partly_exposed	0.0	10.13481533309612	not_close_or_unknown	28.72409741522989	not_pore_proximal_or_unknown	87.56999969482422	False	NA_iupred_anchor_not_available_in_current_environment	NA_iupred_anchor_not_available_in_current_environment	lower_flexibility_prior	not_high_by_available_proxy	no_major_available_disagreement	1.161626	0.621013	0			exact_aligned	high	-5.738617	direct_insert_strongly_deleterious	-2.648517	0.6120689655172413	0.3605015673981191	0.3793103448275862	G196_minimal	HA	plm_no_consensus_secondary_support	2	direct_homolog_conflicted_with_plm_context	155	79	no_close_mapped_RNA_contact	completed_with_explicit_NA_for_unavailable_disorder_and_boundary_segments
76|77	76	77	E	I	HIGH_RISK	A89_N-terminal_oligomerization_by_similarity	high_risk_not_hard_exclusion	outside_PROSITE_SF3_like_94_254	no_specific_motif_annotation	unknown_no_verified_A89_9A5_internal_epitope_mapping	structured_or_uncertain	False	0.0	NA_no_residue_level_segment_file	NA_no_residue_level_segment_file	0.0108553729951381	0.0011860707840943	buried_or_unknown	0.0	8.49137049034512	not_close_or_unknown	25.995586830072217	not_pore_proximal_or_unknown	89.51000213623047	False	NA_iupred_anchor_not_available_in_current_environment	NA_iupred_anchor_not_available_in_current_environment	lower_flexibility_prior	not_high_by_available_proxy	no_major_available_disagreement	1.153293	0.622095	0			exact_aligned	high	-5.769187	direct_insert_strongly_deleterious	-2.777566	0.7774294670846394	0.5956112852664577	0.3605015673981191	G196_minimal	MAP8	plm_no_consensus_secondary_support	0	direct_homolog_conflicted_with_plm_context	155	78	no_close_mapped_RNA_contact	completed_with_explicit_NA_for_unavailable_disorder_and_boundary_segments
77|78	77	78	I	N	HIGH_RISK	A89_N-terminal_oligomerization_by_similarity	high_risk_not_hard_exclusion	outside_PROSITE_SF3_like_94_254	no_specific_motif_annotation	unknown_no_verified_A89_9A5_internal_epitope_mapping	structured_or_uncertain	False	0.0	NA_no_residue_level_segment_file	NA_no_residue_level_segment_file	0.0108553729951381	0.0011860707840943	buried_or_unknown	0.1445151608764216	5.467473175026241	not_close_or_unknown	25.995586830072217	not_pore_proximal_or_unknown	89.94999694824219	False	NA_iupred_anchor_not_available_in_current_environment	NA_iupred_anchor_not_available_in_current_environment	lower_flexibility_prior	not_high_by_available_proxy	no_major_available_disagreement	1.148484	0.623177	0			exact_aligned	high	-5.751833	direct_insert_strongly_deleterious	-1.260481	0.48197492163009403	0.322884012539185	0.445141065830721	G196_practical_GS	MAP8	plm_no_consensus_secondary_support	0	direct_homolog_conflicted_with_plm_context	155	77	no_close_mapped_RNA_contact	completed_with_explicit_NA_for_unavailable_disorder_and_boundary_segments
78|79	78	79	N	T	HIGH_RISK	A89_N-terminal_oligomerization_by_similarity	high_risk_not_hard_exclusion	outside_PROSITE_SF3_like_94_254	no_specific_motif_annotation	unknown_no_verified_A89_9A5_internal_epitope_mapping	structured_or_uncertain	False	0.0	NA_no_residue_level_segment_file	NA_no_residue_level_segment_file	0.2493228018283844	0.2435521117642394	partly_exposed	0.1445151608764216	5.467473175026241	not_close_or_unknown	26.260770235489712	not_pore_proximal_or_unknown	88.8499984741211	False	NA_iupred_anchor_not_available_in_current_environment	NA_iupred_anchor_not_available_in_current_environment	lower_flexibility_prior	not_high_by_available_proxy	no_major_available_disagreement	1.051282	0.642658	0			exact_aligned	high	-5.621111	direct_insert_strongly_deleterious	-1.387094	0.6943573667711598	0.5015673981191222	0.35109717868338564	G196_minimal	HA	plm_no_consensus_secondary_support	0	direct_homolog_conflicted_with_plm_context	155	76	no_close_mapped_RNA_contact	completed_with_explicit_NA_for_unavailable_disorder_and_boundary_segments
79|80	79	80	T	L	HIGH_RISK	A89_N-terminal_oligomerization_by_similarity	high_risk_not_hard_exclusion	outside_PROSITE_SF3_like_94_254	no_specific_motif_annotation	unknown_no_verified_A89_9A5_internal_epitope_mapping	structured_or_uncertain	False	0.0	NA_no_residue_level_segment_file	NA_no_residue_level_segment_file	0.0237820651382207	0.0006603595876377	buried_or_unknown	0.0	7.96835310066058	not_close_or_unknown	23.082552842931463	not_pore_proximal_or_unknown	88.8499984741211	False	NA_iupred_anchor_not_available_in_current_environment	NA_iupred_anchor_not_available_in_current_environment	lower_flexibility_prior	not_high_by_available_proxy	no_major_available_disagreement	1.089692	0.582052	0			exact_aligned	high	-5.347462	direct_insert_strongly_deleterious	-2.737912	0.530564263322884	0.21943573667711602	0.567398119122257	G196_minimal	HA	tag_specific_disagreement	2	tag_specific_disagreement_direct_homolog_conflicted	155	75	no_close_mapped_RNA_contact	completed_with_explicit_NA_for_unavailable_disorder_and_boundary_segments
80|81	80	81	L	H	HIGH_RISK	A89_N-terminal_oligomerization_by_similarity	high_risk_not_hard_exclusion	outside_PROSITE_SF3_like_94_254	no_specific_motif_annotation	unknown_no_verified_A89_9A5_internal_epitope_mapping	structured_or_uncertain	False	0.0	NA_no_residue_level_segment_file	NA_no_residue_level_segment_file	0.0237820651382207	0.0006603595876377	buried_or_unknown	0.0	6.184186198205185	not_close_or_unknown	20.33442384743871	not_pore_proximal_or_unknown	90.05999755859375	False	NA_iupred_anchor_not_available_in_current_environment	NA_iupred_anchor_not_available_in_current_environment	lower_flexibility_prior	not_high_by_available_proxy	no_major_available_disagreement	0.975247	0.659974	0			exact_aligned	high	-5.532512	direct_insert_strongly_deleterious	-2.511994	0.3252351097178683	0.19749216300940442	0.3260188087774294	G196_practical_GS	MAP8	plm_no_consensus_secondary_support	1	direct_homolog_conflicted_with_plm_context	155	74	no_close_mapped_RNA_contact	completed_with_explicit_NA_for_unavailable_disorder_and_boundary_segments
81|82	81	82	H	D	HIGH_RISK	A89_N-terminal_oligomerization_by_similarity	high_risk_not_hard_exclusion	outside_PROSITE_SF3_like_94_254	no_specific_motif_annotation	unknown_no_verified_A89_9A5_internal_epitope_mapping	structured_or_uncertain	False	0.0	NA_no_residue_level_segment_file	NA_no_residue_level_segment_file	0.1180206984281539	0.1136250453335898	buried_or_unknown	0.5732345913557811	2.610017448031644	interface_close	20.33442384743871	not_pore_proximal_or_unknown	88.16000366210938	False	NA_iupred_anchor_not_available_in_current_environment	NA_iupred_anchor_not_available_in_current_environment	lower_flexibility_prior	high_burial_contact_density_proxy	no_major_available_disagreement	0.726687	0.737896	0			exact_aligned	high	-5.569949	direct_insert_strongly_deleterious	-2.153912	0.4357366771159875	0.3667711598746082	0.12539184952978055	G196_minimal	HA	plm_no_consensus_secondary_support	0	direct_homolog_conflicted_with_plm_context	155	73	no_close_mapped_RNA_contact	completed_with_explicit_NA_for_unavailable_disorder_and_boundary_segments
82|83	82	83	D	L	HIGH_RISK	A89_N-terminal_oligomerization_by_similarity	high_risk_not_hard_exclusion	outside_PROSITE_SF3_like_94_254	no_specific_motif_annotation	unknown_no_verified_A89_9A5_internal_epitope_mapping	structured_or_uncertain	False	0.0	NA_no_residue_level_segment_file	NA_no_residue_level_segment_file	0.0663394480943679	0.053628712744262	buried_or_unknown	0.5732345913557811	2.610017448031644	interface_close	20.78600482139717	not_pore_proximal_or_unknown	88.1500015258789	False	NA_iupred_anchor_not_available_in_current_environment	NA_iupred_anchor_not_available_in_current_environment	lower_flexibility_prior	high_burial_contact_density_proxy	no_major_available_disagreement	0.652533	0.753247	0			exact_aligned	high	-5.258362	direct_insert_strongly_deleterious	-2.138147	0.35815047021943575	0.24137931034482762	0.25391849529780564	G196_minimal	HA	plm_no_consensus_secondary_support	0	direct_homolog_conflicted_with_plm_context	155	72	no_close_mapped_RNA_contact	completed_with_explicit_NA_for_unavailable_disorder_and_boundary_segments
83|84	83	84	L	S	HIGH_RISK	A89_N-terminal_oligomerization_by_similarity	high_risk_not_hard_exclusion	outside_PROSITE_SF3_like_94_254	no_specific_motif_annotation	unknown_no_verified_A89_9A5_internal_epitope_mapping	structured_or_uncertain	False	0.0	NA_no_residue_level_segment_file	NA_no_residue_level_segment_file	0.0194417964667081	0.0019201775071441	buried_or_unknown	0.0	5.763378484796446	not_close_or_unknown	17.788381579041175	pore_proximal_proxy	88.1500015258789	False	NA_iupred_anchor_not_available_in_current_environment	NA_iupred_anchor_not_available_in_current_environment	lower_flexibility_prior	not_high_by_available_proxy	no_major_available_disagreement	0.555630	0.774892	0			exact_aligned	high	-5.482222	direct_insert_strongly_deleterious	-2.359193	0.47335423197492166	0.28526645768025083	0.3730407523510971	G196_practical_GS	MAP8	plm_no_consensus_secondary_support	0	direct_homolog_conflicted_with_plm_context	155	71	pore_proximal_model_context	completed_with_explicit_NA_for_unavailable_disorder_and_boundary_segments
84|85	84	85	S	L	HIGH_RISK	A89_N-terminal_oligomerization_by_similarity	high_risk_not_hard_exclusion	outside_PROSITE_SF3_like_94_254	no_specific_motif_annotation	unknown_no_verified_A89_9A5_internal_epitope_mapping	structured_or_uncertain	False	0.0	NA_no_residue_level_segment_file	NA_no_residue_level_segment_file	0.0194417964667081	0.0019201775071441	buried_or_unknown	0.7401672858443802	2.77891632887036	interface_close	17.788381579041175	pore_proximal_proxy	85.0999984741211	False	NA_iupred_anchor_not_available_in_current_environment	NA_iupred_anchor_not_available_in_current_environment	lower_flexibility_prior	high_burial_contact_density_proxy	no_major_available_disagreement	0.427696	0.853896	0			exact_aligned	high	-5.60096	direct_insert_strongly_deleterious	-2.617791	0.5195924764890283	0.3479623824451411	0.28840125391849525	G196_minimal	MAP8	plm_no_consensus_secondary_support	0	direct_homolog_conflicted_with_plm_context	155	70	pore_proximal_model_context	completed_with_explicit_NA_for_unavailable_disorder_and_boundary_segments
85|86	85	86	L	K	HIGH_RISK	A89_N-terminal_oligomerization_by_similarity	high_risk_not_hard_exclusion	outside_PROSITE_SF3_like_94_254	no_specific_motif_annotation	unknown_no_verified_A89_9A5_internal_epitope_mapping	structured_or_uncertain	False	0.0	NA_no_residue_level_segment_file	NA_no_residue_level_segment_file	0.4709523618221283	0.1552707109087537	surface_exposed	0.7401672858443802	2.77891632887036	interface_close	18.07892138281843	not_pore_proximal_or_unknown	85.0999984741211	False	NA_iupred_anchor_not_available_in_current_environment	NA_iupred_anchor_not_available_in_current_environment	lower_flexibility_prior	high_burial_contact_density_proxy	no_major_available_disagreement	0.329434	0.871212	0			exact_aligned	high	-5.373353	direct_insert_strongly_deleterious	-2.864847	0.6269592476489029	0.5109717868338558	0.2821316614420063	G196_minimal	MAP8	plm_no_consensus_secondary_support	4	direct_homolog_conflicted_with_plm_context	155	69	no_close_mapped_RNA_contact	completed_with_explicit_NA_for_unavailable_disorder_and_boundary_segments
86|87	86	87	K	F	HIGH_RISK	A89_N-terminal_oligomerization_by_similarity	high_risk_not_hard_exclusion	outside_PROSITE_SF3_like_94_254	no_specific_motif_annotation	unknown_no_verified_A89_9A5_internal_epitope_mapping	structured_or_uncertain	False	0.0	NA_no_residue_level_segment_file	NA_no_residue_level_segment_file	0.133597657084465	0.0914197074042426	buried_or_unknown	0.3142887732828723	3.3569938738379586	interface_close	15.011469363565029	pore_proximal_proxy	80.4800033569336	False	NA_iupred_anchor_not_available_in_current_environment	NA_iupred_anchor_not_available_in_current_environment	lower_flexibility_prior	interface_contact_density_proxy	no_major_available_disagreement	0.289942	0.884199	0			exact_aligned	high	-5.293577	direct_insert_strongly_deleterious	-2.417629	0.7954545454545454	0.6363636363636364	0.2821316614420063	G196_minimal	HA	plm_consensus_moderate_secondary_support	0	direct_homolog_conflicted_with_plm_context	155	68	pore_proximal_model_context	completed_with_explicit_NA_for_unavailable_disorder_and_boundary_segments
87|88	87	88	F	L	HIGH_RISK	A89_N-terminal_oligomerization_by_similarity	high_risk_not_hard_exclusion	outside_PROSITE_SF3_like_94_254	no_specific_motif_annotation	unknown_no_verified_A89_9A5_internal_epitope_mapping	loop_or_coil_supported	True	0.8333333333333334	NA_no_residue_level_segment_file	NA_no_residue_level_segment_file	0.133597657084465	0.0914197074042426	buried_or_unknown	0.5613719003271358	3.2807506201940995	interface_close	13.446278294446222	pore_proximal_proxy	72.36000061035156	False	NA_iupred_anchor_not_available_in_current_environment	NA_iupred_anchor_not_available_in_current_environment	unknown_or_moderate_flexibility_prior	high_burial_contact_density_proxy	no_major_available_disagreement	0.314355	0.886364	0			exact_aligned	high	-5.221861	direct_insert_strongly_deleterious	-1.039436	0.7304075235109718	0.5579937304075235	0.39498432601880873	G196_practical_GS	HA	plm_no_consensus_secondary_support	2	direct_homolog_conflicted_with_plm_context	155	67	pore_proximal_model_context	completed_with_explicit_NA_for_unavailable_disorder_and_boundary_segments
88|89	88	89	L	P	HIGH_RISK	A89_N-terminal_oligomerization_by_similarity	high_risk_not_hard_exclusion	outside_PROSITE_SF3_like_94_254	no_specific_motif_annotation	unknown_no_verified_A89_9A5_internal_epitope_mapping	loop_or_coil_supported	True	1.0	NA_no_residue_level_segment_file	NA_no_residue_level_segment_file	0.4302075803279876	0.2118298576443547	surface_exposed	0.5613719003271358	3.2807506201940995	interface_close	9.928155661267295	pore_proximal_proxy	69.76000213623047	False	NA_iupred_anchor_not_available_in_current_environment	NA_iupred_anchor_not_available_in_current_environment	higher_relative_flexibility_prior	high_burial_contact_density_proxy	no_major_available_disagreement	0.314355	0.886364	0			exact_aligned	high	-5.373353	direct_insert_strongly_deleterious	-1.477029	0.761755485893417	0.6175548589341693	0.28526645768025083	G196_minimal	MAP8	plm_consensus_moderate_secondary_support	4	plm_context_support_direct_homolog_conflicted	155	66	pore_proximal_model_context	completed_with_explicit_NA_for_unavailable_disorder_and_boundary_segments
89|90	89	90	P	L	HIGH_RISK	A89_N-terminal_oligomerization_by_similarity	high_risk_not_hard_exclusion	outside_PROSITE_SF3_like_94_254	no_specific_motif_annotation	unknown_no_verified_A89_9A5_internal_epitope_mapping	loop_or_coil_supported	True	1.0	NA_no_residue_level_segment_file	NA_no_residue_level_segment_file	0.6237772703170776	0.4083142350554716	surface_exposed	0.4679047881139906	3.389945723300788	interface_close	9.928155661267295	pore_proximal_proxy	68.61000061035156	False	NA_iupred_anchor_not_available_in_current_environment	NA_iupred_anchor_not_available_in_current_environment	higher_relative_flexibility_prior	interface_contact_density_proxy	no_major_available_disagreement	0.300016	0.886364	0			exact_aligned	high	-5.679239	direct_insert_strongly_deleterious	-1.482605	0.724921630094044	0.5862068965517242	0.2727272727272727	G196_minimal	HA	plm_no_consensus_secondary_support	5	direct_homolog_conflicted_with_plm_context	155	65	pore_proximal_model_context	completed_with_explicit_NA_for_unavailable_disorder_and_boundary_segments
90|91	90	91	L	Y	HIGH_RISK	A89_N-terminal_oligomerization_by_similarity	high_risk_not_hard_exclusion	outside_PROSITE_SF3_like_94_254	no_specific_motif_annotation	unknown_no_verified_A89_9A5_internal_epitope_mapping	loop_or_coil_supported	True	1.0	NA_no_residue_level_segment_file	NA_no_residue_level_segment_file	0.1818446367979049	0.1895285293327689	partly_exposed	0.0924141747491156	5.363602669977667	not_close_or_unknown	11.283222270060197	pore_proximal_proxy	68.61000061035156	False	NA_iupred_anchor_not_available_in_current_environment	NA_iupred_anchor_not_available_in_current_environment	unknown_or_moderate_flexibility_prior	not_high_by_available_proxy	no_major_available_disagreement	0.328910	0.808442	0			exact_aligned	high	-5.569949	direct_insert_strongly_deleterious	-1.515314	0.6575235109717869	0.3385579937304075	0.5987460815047022	G196_minimal	HA	tag_specific_disagreement	2	tag_specific_disagreement_direct_homolog_conflicted	155	64	pore_proximal_model_context	completed_with_explicit_NA_for_unavailable_disorder_and_boundary_segments
91|92	91	92	Y	A	HIGH_RISK	A89_N-terminal_oligomerization_by_similarity	high_risk_not_hard_exclusion	outside_PROSITE_SF3_like_94_254	no_specific_motif_annotation	unknown_no_verified_A89_9A5_internal_epitope_mapping	structured_or_uncertain	False	0.0	NA_no_residue_level_segment_file	NA_no_residue_level_segment_file	0.1818446367979049	0.1895285293327689	partly_exposed	0.0981879219088742	6.408443497769307	not_close_or_unknown	10.747896024947302	pore_proximal_proxy	77.31999969482422	False	NA_iupred_anchor_not_available_in_current_environment	NA_iupred_anchor_not_available_in_current_environment	lower_flexibility_prior	not_high_by_available_proxy	no_major_available_disagreement	0.239869	0.884199	0			exact_aligned	high	-5.83574	direct_insert_strongly_deleterious	-2.674473	0.6238244514106583	0.3887147335423198	0.41692789968652033	G196_minimal	MAP8	plm_no_consensus_secondary_support	0	direct_homolog_conflicted_with_plm_context	155	63	pore_proximal_model_context	completed_with_explicit_NA_for_unavailable_disorder_and_boundary_segments
92|93	92	93	A	S	HIGH_RISK	A89_N-terminal_oligomerization_by_similarity	high_risk_not_hard_exclusion	outside_PROSITE_SF3_like_94_254	no_specific_motif_annotation	unknown_no_verified_A89_9A5_internal_epitope_mapping	structured_or_uncertain	False	0.0	NA_no_residue_level_segment_file	NA_no_residue_level_segment_file	0.4203880131244659	0.1103470904852754	surface_exposed	0.8245172328286764	3.2807506201940995	interface_close	10.747896024947302	pore_proximal_proxy	84.05999755859375	False	NA_iupred_anchor_not_available_in_current_environment	NA_iupred_anchor_not_available_in_current_environment	lower_flexibility_prior	high_burial_contact_density_proxy	no_major_available_disagreement	0.248202	0.883117	0			exact_aligned	high	-5.60096	direct_insert_strongly_deleterious	-0.727478	0.585423197492163	0.3573667711598746	0.3730407523510971	G196_minimal	MAP8	plm_no_consensus_secondary_support	3	direct_homolog_conflicted_with_plm_context	155	62	pore_proximal_model_context	completed_with_explicit_NA_for_unavailable_disorder_and_boundary_segments
93|94	93	94	S	E	HIGH_RISK	A89_N-terminal_oligomerization_by_similarity	high_risk_not_hard_exclusion	inside_PROSITE_SF3_like_94_254	atpase_core_region	unknown_no_verified_A89_9A5_internal_epitope_mapping	structured_or_uncertain	False	0.0	NA_no_residue_level_segment_file	NA_no_residue_level_segment_file	0.2437525540590286	0.0625024903871909	partly_exposed	0.8303207167797105	3.2807506201940995	interface_close	12.38677019092088	pore_proximal_proxy	86.97000122070312	False	NA_iupred_anchor_not_available_in_current_environment	NA_iupred_anchor_not_available_in_current_environment	lower_flexibility_prior	high_burial_contact_density_proxy	no_major_available_disagreement	0.250367	0.883117	0			exact_aligned	high	-5.697888	direct_insert_strongly_deleterious	-0.821509	0.4098746081504702	0.33228840125391845	0.2068965517241379	G196_minimal	G196_practical_GS	plm_no_consensus_secondary_support	0	direct_homolog_conflicted_with_plm_context	155	61	pore_proximal_model_context	completed_with_explicit_NA_for_unavailable_disorder_and_boundary_segments
94|95	94	95	E	A	HIGH_RISK	A89_N-terminal_oligomerization_by_similarity	high_risk_not_hard_exclusion	inside_PROSITE_SF3_like_94_254	atpase_core_region	unknown_no_verified_A89_9A5_internal_epitope_mapping	structured_or_uncertain	False	0.0	NA_no_residue_level_segment_file	NA_no_residue_level_segment_file	0.0864153131842613	0.0559051609778589	buried_or_unknown	0.8303207167797105	3.4262094845315483	interface_close	15.049432754370008	pore_proximal_proxy	86.62999725341797	False	NA_iupred_anchor_not_available_in_current_environment	NA_iupred_anchor_not_available_in_current_environment	lower_flexibility_prior	high_burial_contact_density_proxy	no_major_available_disagreement	0.452788	0.805195	0			exact_aligned	high	-5.590729	direct_insert_strongly_deleterious	-2.399564	0.3495297805642633	0.16614420062695923	0.3824451410658307	G196_minimal	MAP8	plm_no_consensus_secondary_support	0	direct_homolog_conflicted_with_plm_context	155	60	pore_proximal_model_context	completed_with_explicit_NA_for_unavailable_disorder_and_boundary_segments
95|96	95	96	A	R	HIGH_RISK	A89_N-terminal_oligomerization_by_similarity	high_risk_not_hard_exclusion	inside_PROSITE_SF3_like_94_254	atpase_core_region	unknown_no_verified_A89_9A5_internal_epitope_mapping	structured_or_uncertain	False	0.0	NA_no_residue_level_segment_file	NA_no_residue_level_segment_file	0.0864153131842613	0.0559051609778589	buried_or_unknown	0.0084680925042405	6.358563849051674	not_close_or_unknown	9.08891392019646	pore_proximal_proxy	86.62999725341797	False	NA_iupred_anchor_not_available_in_current_environment	NA_iupred_anchor_not_available_in_current_environment	lower_flexibility_prior	not_high_by_available_proxy	no_major_available_disagreement	0.485589	0.799784	0			exact_aligned	high	-5.751833	direct_insert_strongly_deleterious	-2.607677	0.292319749216301	0.15673981191222575	0.39811912225705326	HA	MAP8	plm_no_consensus_secondary_support	0	direct_homolog_conflicted_with_plm_context	155	59	pore_proximal_model_context	completed_with_explicit_NA_for_unavailable_disorder_and_boundary_segments
96|97	96	97	R	R	HIGH_RISK	A89_N-terminal_oligomerization_by_similarity	high_risk_not_hard_exclusion	inside_PROSITE_SF3_like_94_254	atpase_core_region	unknown_no_verified_A89_9A5_internal_epitope_mapping	structured_or_uncertain	False	0.0	NA_no_residue_level_segment_file	NA_no_residue_level_segment_file	0.3254839777946472	0.1130792647962732	partly_exposed	0.6897048693472984	3.298062850198578	interface_close	9.08891392019646	pore_proximal_proxy	87.80000305175781	False	NA_iupred_anchor_not_available_in_current_environment	NA_iupred_anchor_not_available_in_current_environment	lower_flexibility_prior	high_burial_contact_density_proxy	no_major_available_disagreement	0.629402	0.746056	0			exact_aligned	high	-5.621111	direct_insert_strongly_deleterious	-3.011377	0.36363636363636365	0.2915360501567398	0.15047021943573669	G196_minimal	MAP8	plm_no_consensus_secondary_support	0	direct_homolog_conflicted_with_plm_context	155	58	pore_proximal_model_context	completed_with_explicit_NA_for_unavailable_disorder_and_boundary_segments
97|98	97	98	R	I	HIGH_RISK	A89_N-terminal_oligomerization_by_similarity	high_risk_not_hard_exclusion	inside_PROSITE_SF3_like_94_254	atpase_core_region	unknown_no_verified_A89_9A5_internal_epitope_mapping	structured_or_uncertain	False	0.0	NA_no_residue_level_segment_file	NA_no_residue_level_segment_file	0.0044698594138026	0.000299452424251	buried_or_unknown	0.6897048693472984	3.298062850198578	interface_close	16.66689057361052	pore_proximal_proxy	89.47000122070312	False	NA_iupred_anchor_not_available_in_current_environment	NA_iupred_anchor_not_available_in_current_environment	lower_flexibility_prior	high_burial_contact_density_proxy	no_major_available_disagreement	0.753198	0.671380	0			exact_aligned	high	-5.410975	direct_insert_strongly_deleterious	-2.679322	0.47570532915360497	0.2382445141065831	0.42006269592476486	G196_minimal	HA	plm_no_consensus_secondary_support	0	direct_homolog_conflicted_with_plm_context	155	57	pore_proximal_model_context	completed_with_explicit_NA_for_unavailable_disorder_and_boundary_segments
98|99	98	99	I	K	HIGH_RISK	A89_N-terminal_oligomerization_by_similarity	high_risk_not_hard_exclusion	inside_PROSITE_SF3_like_94_254	atpase_core_region	unknown_no_verified_A89_9A5_internal_epitope_mapping	structured_or_uncertain	False	0.0	NA_no_residue_level_segment_file	NA_no_residue_level_segment_file	0.0044698594138026	0.000299452424251	buried_or_unknown	0.0	6.7735842723772	not_close_or_unknown	15.117870890210542	pore_proximal_proxy	88.68000030517578	False	NA_iupred_anchor_not_available_in_current_environment	NA_iupred_anchor_not_available_in_current_environment	lower_flexibility_prior	not_high_by_available_proxy	no_major_available_disagreement	0.810563	0.654064	0			exact_aligned	high	-5.516028	direct_insert_strongly_deleterious	-1.896631	0.23432601880877743	0.059561128526645746	0.5297805642633229	HA	MAP8	tag_specific_disagreement	1	tag_specific_disagreement_direct_homolog_conflicted	155	56	pore_proximal_model_context	completed_with_explicit_NA_for_unavailable_disorder_and_boundary_segments
99|100	99	100	K	N	HIGH_RISK	A89_N-terminal_oligomerization_by_similarity	high_risk_not_hard_exclusion	inside_PROSITE_SF3_like_94_254	atpase_core_region	unknown_no_verified_A89_9A5_internal_epitope_mapping	structured_or_uncertain	False	0.0	NA_no_residue_level_segment_file	NA_no_residue_level_segment_file	0.4164459109306335	0.3056302421113364	surface_exposed	0.0	6.7735842723772	not_close_or_unknown	15.117870890210542	pore_proximal_proxy	88.04000091552734	False	NA_iupred_anchor_not_available_in_current_environment	NA_iupred_anchor_not_available_in_current_environment	lower_flexibility_prior	not_high_by_available_proxy	no_major_available_disagreement	0.791969	0.651900	0			exact_aligned	high	-5.307323	direct_insert_strongly_deleterious	-0.405323	0.2327586206896552	0.10658307210031348	0.32915360501567403	G196_minimal	G196_practical_GS	plm_no_consensus_secondary_support	3	direct_homolog_conflicted_with_plm_context	155	55	pore_proximal_model_context	completed_with_explicit_NA_for_unavailable_disorder_and_boundary_segments
100|101	100	101	N	L	HIGH_RISK	A89_N-terminal_oligomerization_by_similarity	high_risk_not_hard_exclusion	inside_PROSITE_SF3_like_94_254	atpase_core_region	unknown_no_verified_A89_9A5_internal_epitope_mapping	structured_or_uncertain	False	0.0	NA_no_residue_level_segment_file	NA_no_residue_level_segment_file	0.0650877580046653	0.0278639415801065	buried_or_unknown	0.0	6.345692518306317	not_close_or_unknown	16.090816964022746	pore_proximal_proxy	88.04000091552734	False	NA_iupred_anchor_not_available_in_current_environment	NA_iupred_anchor_not_available_in_current_environment	lower_flexibility_prior	not_high_by_available_proxy	no_major_available_disagreement	0.976142	0.582636	0			exact_aligned	high	-5.665021	direct_insert_strongly_deleterious	-0.696426	0.17946708463949843	0.047021943573667735	0.3510971786833855	G196_minimal	HA	plm_no_consensus_secondary_support	1	direct_homolog_conflicted_with_plm_context	155	54	pore_proximal_model_context	completed_with_explicit_NA_for_unavailable_disorder_and_boundary_segments
101|102	101	102	L	Y	HIGH_RISK	A89_N-terminal_oligomerization_by_similarity	high_risk_not_hard_exclusion	inside_PROSITE_SF3_like_94_254	atpase_core_region	unknown_no_verified_A89_9A5_internal_epitope_mapping	structured_or_uncertain	False	0.0	NA_no_residue_level_segment_file	NA_no_residue_level_segment_file	0.0650877580046653	0.0278639415801065	buried_or_unknown	0.0	6.116904961971463	not_close_or_unknown	21.42864299138417	not_pore_proximal_or_unknown	88.80999755859375	False	NA_iupred_anchor_not_available_in_current_environment	NA_iupred_anchor_not_available_in_current_environment	lower_flexibility_prior	not_high_by_available_proxy	no_major_available_disagreement	1.109636	0.545839	0			exact_aligned	high	-5.621111	direct_insert_strongly_deleterious	-2.736147	0.19905956112852666	0.11285266457680254	0.16614420062695923	G196_minimal	HA	plm_no_consensus_secondary_support	1	direct_homolog_conflicted_with_plm_context	155	53	no_close_mapped_RNA_contact	completed_with_explicit_NA_for_unavailable_disorder_and_boundary_segments
102|103	102	103	Y	I	HIGH_RISK	A89_N-terminal_oligomerization_by_similarity	high_risk_not_hard_exclusion	inside_PROSITE_SF3_like_94_254	atpase_core_region	unknown_no_verified_A89_9A5_internal_epitope_mapping	structured_or_uncertain	False	0.0	NA_no_residue_level_segment_file	NA_no_residue_level_segment_file	0.2400562763214111	0.2283071438169298	partly_exposed	0.0	5.910082018071061	not_close_or_unknown	18.2779590542909	not_pore_proximal_or_unknown	84.73999786376953	False	NA_iupred_anchor_not_available_in_current_environment	NA_iupred_anchor_not_available_in_current_environment	lower_flexibility_prior	not_high_by_available_proxy	no_major_available_disagreement	1.141206	0.551250	0			exact_aligned	high	-5.707083	direct_insert_strongly_deleterious	-2.950961	0.42476489028213166	0.26645768025078365	0.4890282131661443	G196_minimal	HA	plm_no_consensus_secondary_support	0	direct_homolog_conflicted_with_plm_context	155	52	no_close_mapped_RNA_contact	completed_with_explicit_NA_for_unavailable_disorder_and_boundary_segments
103|104	103	104	I	K	HIGH_RISK	A89_N-terminal_oligomerization_by_similarity	high_risk_not_hard_exclusion	inside_PROSITE_SF3_like_94_254	atpase_core_region	unknown_no_verified_A89_9A5_internal_epitope_mapping	structured_or_uncertain	False	0.0	NA_no_residue_level_segment_file	NA_no_residue_level_segment_file	0.3045889437198639	0.2473862029977659	partly_exposed	0.3229687812162712	2.970873178511459	interface_close	18.2779590542909	not_pore_proximal_or_unknown	84.55000305175781	False	NA_iupred_anchor_not_available_in_current_environment	NA_iupred_anchor_not_available_in_current_environment	lower_flexibility_prior	interface_contact_density_proxy	no_major_available_disagreement	1.206538	0.536099	0			exact_aligned	high	-5.8829	direct_insert_strongly_deleterious	-2.445931	0.2468652037617555	0.10971786833855801	0.31034482758620685	G196_minimal	HA	plm_no_consensus_secondary_support	0	direct_homolog_conflicted_with_plm_context	155	51	no_close_mapped_RNA_contact	completed_with_explicit_NA_for_unavailable_disorder_and_boundary_segments
104|105	104	105	K	C	HIGH_RISK	A89_N-terminal_oligomerization_by_similarity	high_risk_not_hard_exclusion	inside_PROSITE_SF3_like_94_254	atpase_core_region	unknown_no_verified_A89_9A5_internal_epitope_mapping	structured_or_uncertain	False	0.0	NA_no_residue_level_segment_file	NA_no_residue_level_segment_file	0.0	0.0008428790969049	buried_or_unknown	0.3229687812162712	2.970873178511459	interface_close	20.49467287375324	not_pore_proximal_or_unknown	84.55000305175781	False	NA_iupred_anchor_not_available_in_current_environment	NA_iupred_anchor_not_available_in_current_environment	lower_flexibility_prior	interface_contact_density_proxy	no_major_available_disagreement	1.271712	0.522030	0			exact_aligned	high	-5.764877	direct_insert_strongly_deleterious	-2.147985	0.2970219435736677	0.08777429467084641	0.561128526645768	G196_minimal	HA	tag_specific_disagreement	0	tag_specific_disagreement_direct_homolog_conflicted	155	50	no_close_mapped_RNA_contact	completed_with_explicit_NA_for_unavailable_disorder_and_boundary_segments
105|106	105	106	C	S	HIGH_RISK	A89_N-terminal_oligomerization_by_similarity	high_risk_not_hard_exclusion	inside_PROSITE_SF3_like_94_254	atpase_core_region	unknown_no_verified_A89_9A5_internal_epitope_mapping	structured_or_uncertain	False	0.0	NA_no_residue_level_segment_file	NA_no_residue_level_segment_file	0.0	0.0008428790969049	buried_or_unknown	0.0	4.519969759985777	interface_close	25.83112607741816	not_pore_proximal_or_unknown	83.23999786376953	False	NA_iupred_anchor_not_available_in_current_environment	NA_iupred_anchor_not_available_in_current_environment	lower_flexibility_prior	interface_contact_density_proxy	no_major_available_disagreement	1.355085	0.446272	0			exact_aligned	high	-5.773479	direct_insert_strongly_deleterious	-1.596927	0.2029780564263323	0.08463949843260188	0.20062695924764895	G196_practical_GS	HA	plm_no_consensus_secondary_support	0	direct_homolog_conflicted_with_plm_context	155	49	no_close_mapped_RNA_contact	completed_with_explicit_NA_for_unavailable_disorder_and_boundary_segments
106|107	106	107	S	N	HIGH_RISK	A89_N-terminal_oligomerization_by_similarity	high_risk_not_hard_exclusion	inside_PROSITE_SF3_like_94_254	atpase_core_region	unknown_no_verified_A89_9A5_internal_epitope_mapping	structured_or_uncertain	False	0.0	NA_no_residue_level_segment_file	NA_no_residue_level_segment_file	0.061687272042036	0.0526407123893819	buried_or_unknown	0.5565850270741642	3.3591962191298923	interface_close	22.58389525228132	not_pore_proximal_or_unknown	76.38999938964844	False	NA_iupred_anchor_not_available_in_current_environment	NA_iupred_anchor_not_available_in_current_environment	lower_flexibility_prior	high_burial_contact_density_proxy	no_major_available_disagreement	1.303973	0.446272	0			exact_aligned	high	-5.859598	direct_insert_strongly_deleterious	-1.622599	0.34247648902821315	0.2163009404388715	0.25391849529780564	G196_minimal	G196_practical_GS	plm_no_consensus_secondary_support	0	direct_homolog_conflicted_with_plm_context	155	48	no_close_mapped_RNA_contact	completed_with_explicit_NA_for_unavailable_disorder_and_boundary_segments
107|108	107	108	N	V	HIGH_RISK	A89_N-terminal_oligomerization_by_similarity	high_risk_not_hard_exclusion	inside_PROSITE_SF3_like_94_254	atpase_core_region	unknown_no_verified_A89_9A5_internal_epitope_mapping	structured_or_uncertain	False	0.0	NA_no_residue_level_segment_file	NA_no_residue_level_segment_file	0.171036958694458	0.0046011592864533	partly_exposed	0.997362285535915	2.941874124738428	interface_close	22.58389525228132	not_pore_proximal_or_unknown	76.38999938964844	False	NA_iupred_anchor_not_available_in_current_environment	NA_iupred_anchor_not_available_in_current_environment	lower_flexibility_prior	high_burial_contact_density_proxy	no_major_available_disagreement	1.279505	0.450601	0			exact_aligned	high	-5.738617	direct_insert_strongly_deleterious	-2.107564	0.518025078369906	0.15987460815047017	0.64576802507837	G196_minimal	HA	tag_specific_disagreement	0	tag_specific_disagreement_direct_homolog_conflicted	155	47	no_close_mapped_RNA_contact	completed_with_explicit_NA_for_unavailable_disorder_and_boundary_segments
108|109	108	109	V	I	HIGH_RISK	A89_N-terminal_oligomerization_by_similarity	high_risk_not_hard_exclusion	inside_PROSITE_SF3_like_94_254	atpase_core_region	unknown_no_verified_A89_9A5_internal_epitope_mapping	structured_or_uncertain	False	0.0	NA_no_residue_level_segment_file	NA_no_residue_level_segment_file	0.1874177157878875	0.0046011592864533	partly_exposed	0.997362285535915	2.941874124738428	interface_close	27.93387598563532	not_pore_proximal_or_unknown	77.16999816894531	False	NA_iupred_anchor_not_available_in_current_environment	NA_iupred_anchor_not_available_in_current_environment	lower_flexibility_prior	high_burial_contact_density_proxy	no_major_available_disagreement	1.135692	0.504329	0			exact_aligned	high	-5.901912	direct_insert_strongly_deleterious	-2.588491	0.2492163009404389	0.08463949843260188	0.28526645768025083	G196_minimal	HA	plm_no_consensus_secondary_support	0	direct_homolog_conflicted_with_plm_context	155	46	no_close_mapped_RNA_contact	completed_with_explicit_NA_for_unavailable_disorder_and_boundary_segments
109|110	109	110	I	K	HIGH_RISK	A89_N-terminal_oligomerization_by_similarity	high_risk_not_hard_exclusion	inside_PROSITE_SF3_like_94_254	atpase_core_region	unknown_no_verified_A89_9A5_internal_epitope_mapping	structured_or_uncertain	False	0.0	NA_no_residue_level_segment_file	NA_no_residue_level_segment_file	0.1874177157878875	0.1229928834789295	partly_exposed	0.0158379561453722	4.863630483821248	interface_close	27.463219843090968	not_pore_proximal_or_unknown	67.66999816894531	False	NA_iupred_anchor_not_available_in_current_environment	NA_iupred_anchor_not_available_in_current_environment	lower_flexibility_prior	interface_contact_density_proxy	no_major_available_disagreement	1.175086	0.501082	0			ambiguous	low	-6.074456	direct_insert_strongly_deleterious		0.603448275862069	0.19749216300940442	0.6833855799373041	G196_minimal	HA	tag_specific_disagreement	0	mapping_uncertain	155	45	no_close_mapped_RNA_contact	completed_with_explicit_NA_for_unavailable_disorder_and_boundary_segments
110|111	110	111	K	G	HIGH_RISK	A89_N-terminal_oligomerization_by_similarity	high_risk_not_hard_exclusion	inside_PROSITE_SF3_like_94_254	atpase_core_region	unknown_no_verified_A89_9A5_internal_epitope_mapping	structured_or_uncertain	False	0.0	NA_no_residue_level_segment_file	NA_no_residue_level_segment_file	0.179453432559967	0.0247852441210013	partly_exposed	0.9570076087260404	2.5915459750480347	interface_close	27.463219843090968	not_pore_proximal_or_unknown	63.68000030517578	False	NA_iupred_anchor_not_available_in_current_environment	NA_iupred_anchor_not_available_in_current_environment	lower_flexibility_prior	high_burial_contact_density_proxy	no_major_available_disagreement	1.097929	0.521645	0			exact_aligned	high	-6.467696	direct_insert_strongly_deleterious	-2.881029	0.7170846394984326	0.3134796238244514	0.658307210031348	G196_minimal	HA	tag_specific_disagreement	0	tag_specific_disagreement_direct_homolog_conflicted	155	44	no_close_mapped_RNA_contact	completed_with_explicit_NA_for_unavailable_disorder_and_boundary_segments
111|112	111	112	G	G	HIGH_RISK	A89_N-terminal_oligomerization_by_similarity	high_risk_not_hard_exclusion	inside_PROSITE_SF3_like_94_254	atpase_core_region	unknown_no_verified_A89_9A5_internal_epitope_mapping	structured_or_uncertain	False	0.0	NA_no_residue_level_segment_file	NA_no_residue_level_segment_file	0.179453432559967	0.0247852441210013	partly_exposed	0.9570076087260404	2.5915459750480347	interface_close	29.63536731095894	not_pore_proximal_or_unknown	63.5099983215332	False	NA_iupred_anchor_not_available_in_current_environment	NA_iupred_anchor_not_available_in_current_environment	lower_flexibility_prior	high_burial_contact_density_proxy	no_major_available_disagreement	1.013472	0.538961	0			exact_aligned	high	-5.688607	direct_insert_strongly_deleterious	-2.995695	0.6731974921630094	0.6175548589341693	0.10344827586206895	G196_minimal	MAP8	plm_no_consensus_secondary_support	0	direct_homolog_conflicted_with_plm_context	155	43	no_close_mapped_RNA_contact	completed_with_explicit_NA_for_unavailable_disorder_and_boundary_segments
112|113	112	113	G	K	HIGH_RISK	A89_N-terminal_oligomerization_by_similarity	high_risk_not_hard_exclusion	inside_PROSITE_SF3_like_94_254	atpase_core_region	unknown_no_verified_A89_9A5_internal_epitope_mapping	structured_or_uncertain	False	0.0	NA_no_residue_level_segment_file	NA_no_residue_level_segment_file	0.4261288046836853	0.2200173170138628	surface_exposed	0.6972885518600127	2.818691116026029	interface_close	31.891637787340603	not_pore_proximal_or_unknown	63.5099983215332	False	NA_iupred_anchor_not_available_in_current_environment	NA_iupred_anchor_not_available_in_current_environment	lower_flexibility_prior	high_burial_contact_density_proxy	no_major_available_disagreement	0.829299	0.608225	0			exact_aligned	high	-5.580393	direct_insert_strongly_deleterious	-2.984858	0.7288401253918495	0.6018808777429467	0.2695924764890282	G196_minimal	HA	plm_no_consensus_secondary_support	0	direct_homolog_conflicted_with_plm_context	155	42	no_close_mapped_RNA_contact	completed_with_explicit_NA_for_unavailable_disorder_and_boundary_segments
113|114	113	114	K	R	HIGH_RISK	A89_N-terminal_oligomerization_by_similarity	high_risk_not_hard_exclusion	inside_PROSITE_SF3_like_94_254	atpase_core_region	unknown_no_verified_A89_9A5_internal_epitope_mapping	loop_or_coil_supported	True	1.0	NA_no_residue_level_segment_file	NA_no_residue_level_segment_file	0.0946313664317131	0.0700621430891273	buried_or_unknown	0.115549201942622	4.436643677005419	interface_close	29.303210743043653	not_pore_proximal_or_unknown	71.23999786376953	False	NA_iupred_anchor_not_available_in_current_environment	NA_iupred_anchor_not_available_in_current_environment	unknown_or_moderate_flexibility_prior	interface_contact_density_proxy	no_major_available_disagreement	0.693388	0.646104	0			exact_aligned	high	-5.86352	direct_insert_strongly_deleterious	-2.872598	0.7515673981191223	0.6614420062695925	0.1849529780564263	G196_minimal	MAP8	plm_consensus_moderate_secondary_support	0	direct_homolog_conflicted_with_plm_context	155	41	no_close_mapped_RNA_contact	completed_with_explicit_NA_for_unavailable_disorder_and_boundary_segments
114|115	114	115	R	N	HIGH_RISK	A89_N-terminal_oligomerization_by_similarity	high_risk_not_hard_exclusion	inside_PROSITE_SF3_like_94_254	atpase_core_region	unknown_no_verified_A89_9A5_internal_epitope_mapping	loop_or_coil_supported	True	1.0	NA_no_residue_level_segment_file	NA_no_residue_level_segment_file	0.0946313664317131	0.0700621430891273	buried_or_unknown	0.115549201942622	5.507963110618422	not_close_or_unknown	29.303210743043653	not_pore_proximal_or_unknown	82.3499984741211	False	NA_iupred_anchor_not_available_in_current_environment	NA_iupred_anchor_not_available_in_current_environment	unknown_or_moderate_flexibility_prior	not_high_by_available_proxy	no_major_available_disagreement	0.694360	0.701299	0			exact_aligned	high	-5.665021	direct_insert_strongly_deleterious	-2.953486	0.7327586206896551	0.6927899686520376	0.05956112852664586	G196_minimal	HA	plm_no_consensus_secondary_support	0	direct_homolog_conflicted_with_plm_context	155	40	no_close_mapped_RNA_contact	completed_with_explicit_NA_for_unavailable_disorder_and_boundary_segments
115|116	115	116	N	E	HIGH_RISK	A89_N-terminal_oligomerization_by_similarity;near_Walker_A	high_risk_not_hard_exclusion	inside_PROSITE_SF3_like_94_254	annotated_functional_neighborhood	unknown_no_verified_A89_9A5_internal_epitope_mapping	loop_or_coil_supported	True	1.0	NA_no_residue_level_segment_file	NA_no_residue_level_segment_file	0.2647157311439514	0.132799727321562	partly_exposed	0.4156346746336356	3.588941542602284	interface_close	34.307565255939245	not_pore_proximal_or_unknown	88.02999877929688	False	NA_iupred_anchor_not_available_in_current_environment	NA_iupred_anchor_not_available_in_current_environment	unknown_or_moderate_flexibility_prior	interface_contact_density_proxy	no_major_available_disagreement	0.769346	0.649351	0			exact_aligned	high	-5.665021	direct_insert_strongly_deleterious	-2.810107	0.7351097178683386	0.561128526645768	0.2695924764890283	G196_minimal	HA	plm_no_consensus_secondary_support	0	direct_homolog_conflicted_with_plm_context	155	39	no_close_mapped_RNA_contact	completed_with_explicit_NA_for_unavailable_disorder_and_boundary_segments
116|117	116	117	E	P	HIGH_RISK	A89_N-terminal_oligomerization_by_similarity;near_Walker_A	high_risk_not_hard_exclusion	inside_PROSITE_SF3_like_94_254	annotated_functional_neighborhood	unknown_no_verified_A89_9A5_internal_epitope_mapping	loop_or_coil_supported	True	1.0	NA_no_residue_level_segment_file	NA_no_residue_level_segment_file	0.0071204495616257	0.0116470311797639	buried_or_unknown	0.4156346746336356	3.588941542602284	interface_close	31.866352270521062	not_pore_proximal_or_unknown	91.41000366210938	False	NA_iupred_anchor_not_available_in_current_environment	NA_iupred_anchor_not_available_in_current_environment	unknown_or_moderate_flexibility_prior	interface_contact_density_proxy	no_major_available_disagreement	0.771020	0.645022	0			exact_aligned	high	-5.729709	direct_insert_strongly_deleterious	-2.655943	0.7789968652037618	0.6175548589341693	0.2821316614420063	G196_minimal	HA	plm_consensus_moderate_secondary_support	0	direct_homolog_conflicted_with_plm_context	155	38	no_close_mapped_RNA_contact	completed_with_explicit_NA_for_unavailable_disorder_and_boundary_segments
117|118	117	118	P	V	HIGH_RISK	A89_N-terminal_oligomerization_by_similarity;near_Walker_A	high_risk_not_hard_exclusion	inside_PROSITE_SF3_like_94_254	annotated_functional_neighborhood	unknown_no_verified_A89_9A5_internal_epitope_mapping	structured_or_uncertain	False	0.0	NA_no_residue_level_segment_file	NA_no_residue_level_segment_file	0.0071204495616257	0.0081811405118854	buried_or_unknown	0.0	7.343297346635068	not_close_or_unknown	31.866352270521062	not_pore_proximal_or_unknown	94.33999633789062	False	NA_iupred_anchor_not_available_in_current_environment	NA_iupred_anchor_not_available_in_current_environment	lower_flexibility_prior	not_high_by_available_proxy	no_major_available_disagreement	0.671000	0.722944	0			exact_aligned	high	-5.128408	direct_insert_strongly_deleterious	-2.548873	0.567398119122257	0.3260188087774295	0.4231974921630094	G196_minimal	HA	plm_no_consensus_secondary_support	0	direct_homolog_conflicted_with_plm_context	155	37	no_close_mapped_RNA_contact	completed_with_explicit_NA_for_unavailable_disorder_and_boundary_segments
118|119	118	119	V	A	HIGH_RISK	A89_N-terminal_oligomerization_by_similarity;near_Walker_A	high_risk_not_hard_exclusion	inside_PROSITE_SF3_like_94_254	annotated_functional_neighborhood	unknown_no_verified_A89_9A5_internal_epitope_mapping	structured_or_uncertain	False	0.0	NA_no_residue_level_segment_file	NA_no_residue_level_segment_file	0.0	0.0004573033145539	buried_or_unknown	0.0	9.84135882493807	not_close_or_unknown	33.493937884525174	not_pore_proximal_or_unknown	95.12999725341795	False	NA_iupred_anchor_not_available_in_current_environment	NA_iupred_anchor_not_available_in_current_environment	lower_flexibility_prior	not_high_by_available_proxy	no_major_available_disagreement	0.519691	0.800866	0			exact_aligned	high	-5.45315	direct_insert_strongly_deleterious	-2.405665	0.4592476489028213	0.24764890282131657	0.41692789968652044	G196_minimal	MAP8	plm_no_consensus_secondary_support	0	direct_homolog_conflicted_with_plm_context	155	36	no_close_mapped_RNA_contact	completed_with_explicit_NA_for_unavailable_disorder_and_boundary_segments
119|120	119	120	A	V	HIGH_RISK	A89_N-terminal_oligomerization_by_similarity;near_Walker_A	high_risk_not_hard_exclusion	inside_PROSITE_SF3_like_94_254	annotated_functional_neighborhood	unknown_no_verified_A89_9A5_internal_epitope_mapping	structured_or_uncertain	False	0.0	NA_no_residue_level_segment_file	NA_no_residue_level_segment_file	0.0	0.0004573033145539	buried_or_unknown	0.0	10.622430111324793	not_close_or_unknown	33.31861448962639	not_pore_proximal_or_unknown	95.23999786376952	False	NA_iupred_anchor_not_available_in_current_environment	NA_iupred_anchor_not_available_in_current_environment	lower_flexibility_prior	not_high_by_available_proxy	no_major_available_disagreement	0.658372	0.728355	0			exact_aligned	high	-5.128408	direct_insert_strongly_deleterious	-2.504944	0.3714733542319749	0.16927899686520376	0.37304075235109724	G196_minimal	MAP8	plm_no_consensus_secondary_support	0	direct_homolog_conflicted_with_plm_context	155	35	no_close_mapped_RNA_contact	completed_with_explicit_NA_for_unavailable_disorder_and_boundary_segments
120|121	120	121	V	L	HIGH_RISK	A89_N-terminal_oligomerization_by_similarity;near_Walker_A	high_risk_not_hard_exclusion	inside_PROSITE_SF3_like_94_254	annotated_functional_neighborhood	unknown_no_verified_A89_9A5_internal_epitope_mapping	structured_or_uncertain	False	0.0	NA_no_residue_level_segment_file	NA_no_residue_level_segment_file	0.0043809069320559	0.0030329910560129	buried_or_unknown	0.0	13.16982629451811	not_close_or_unknown	31.18995535083002	not_pore_proximal_or_unknown	94.4000015258789	False	NA_iupred_anchor_not_available_in_current_environment	NA_iupred_anchor_not_available_in_current_environment	lower_flexibility_prior	not_high_by_available_proxy	no_major_available_disagreement	0.658372	0.728355	0			exact_aligned	high	-5.476475	direct_insert_strongly_deleterious	-2.560606	0.18652037617554856	0.053291536050156685	0.29780564263322884	G196_minimal	MAP8	plm_no_consensus_secondary_support	0	direct_homolog_conflicted_with_plm_context	155	34	no_close_mapped_RNA_contact	completed_with_explicit_NA_for_unavailable_disorder_and_boundary_segments
121|122	121	122	L	I	HIGH_RISK	A89_N-terminal_oligomerization_by_similarity;near_Walker_A	high_risk_not_hard_exclusion	inside_PROSITE_SF3_like_94_254	annotated_functional_neighborhood	unknown_no_verified_A89_9A5_internal_epitope_mapping	structured_or_uncertain	False	0.0	NA_no_residue_level_segment_file	NA_no_residue_level_segment_file	0.0043809069320559	0.0049138326834502	buried_or_unknown	0.0	9.84027008073727	not_close_or_unknown	31.18995535083002	not_pore_proximal_or_unknown	94.4000015258789	False	NA_iupred_anchor_not_available_in_current_environment	NA_iupred_anchor_not_available_in_current_environment	lower_flexibility_prior	not_high_by_available_proxy	no_major_available_disagreement	0.495181	0.806277	0			exact_aligned	high	-5.353998	direct_insert_strongly_deleterious	-2.375708	0.10423197492163008	0.047021943573667735	0.2068965517241379	G196_minimal	HA	plm_no_consensus_secondary_support	0	direct_homolog_conflicted_with_plm_context	155	33	no_close_mapped_RNA_contact	completed_with_explicit_NA_for_unavailable_disorder_and_boundary_segments
122|123	122	123	I	H	HIGH_RISK	A89_N-terminal_oligomerization_by_similarity;near_Walker_A	high_risk_not_hard_exclusion	inside_PROSITE_SF3_like_94_254	annotated_functional_neighborhood	unknown_no_verified_A89_9A5_internal_epitope_mapping	structured_or_uncertain	False	0.0	NA_no_residue_level_segment_file	NA_no_residue_level_segment_file	0.0076626162044703	0.0049138326834502	buried_or_unknown	0.0	9.84027008073727	not_close_or_unknown	32.404982631907984	not_pore_proximal_or_unknown	94.27999877929688	False	NA_iupred_anchor_not_available_in_current_environment	NA_iupred_anchor_not_available_in_current_environment	lower_flexibility_prior	not_high_by_available_proxy	no_major_available_disagreement	0.542307	0.797619	0			exact_aligned	high	-5.669783	direct_insert_strongly_deleterious	-2.731321	0.06347962382445141	0.025078369905956133	0.10971786833855801	G196_practical_GS	HA	plm_no_consensus_secondary_support	0	direct_homolog_conflicted_with_plm_context	155	32	no_close_mapped_RNA_contact	completed_with_explicit_NA_for_unavailable_disorder_and_boundary_segments
123|124	123	124	H	G	EXCLUDE	Walker_A/ATP_binding	hard_exclusion	inside_PROSITE_SF3_like_94_254	hard_functional_motif_or_domain	unknown_no_verified_A89_9A5_internal_epitope_mapping	structured_or_uncertain	False	0.0	NA_no_residue_level_segment_file	NA_no_residue_level_segment_file	0.0211604814976453	0.0146659892052412	buried_or_unknown	0.0	7.774130208225026	not_close_or_unknown	32.404982631907984	not_pore_proximal_or_unknown	92.66000366210938	False	NA_iupred_anchor_not_available_in_current_environment	NA_iupred_anchor_not_available_in_current_environment	lower_flexibility_prior	not_high_by_available_proxy	no_major_available_disagreement	0.542307	0.797619	0			exact_aligned	high	-5.782008	direct_insert_strongly_deleterious	-3.194108	0.039184952978056437	0.018808777429467072	0.06896551724137934	G196_practical_GS	HA	plm_no_consensus_secondary_support	0	hard_excluded	155	31	no_close_mapped_RNA_contact	completed_with_explicit_NA_for_unavailable_disorder_and_boundary_segments
124|125	124	125	G	S	EXCLUDE	Walker_A/ATP_binding	hard_exclusion	inside_PROSITE_SF3_like_94_254	hard_functional_motif_or_domain	unknown_no_verified_A89_9A5_internal_epitope_mapping	loop_or_coil_supported	True	1.0	NA_no_residue_level_segment_file	NA_no_residue_level_segment_file	0.1626730859279632	0.145354749300541	partly_exposed	0.0	6.518284920567035	not_close_or_unknown	33.07104269258921	not_pore_proximal_or_unknown	92.18000030517578	False	NA_iupred_anchor_not_available_in_current_environment	NA_iupred_anchor_not_available_in_current_environment	unknown_or_moderate_flexibility_prior	not_high_by_available_proxy	no_major_available_disagreement	0.542307	0.797619	0			exact_aligned	high	-6.042247	direct_insert_strongly_deleterious	-2.3005	0.01567398119122257	0.009404388714733591	0.00940438871473348	G196_minimal	HA	plm_no_consensus_secondary_support	0	hard_excluded	155	30	no_close_mapped_RNA_contact	completed_with_explicit_NA_for_unavailable_disorder_and_boundary_segments
125|126	125	126	S	P	EXCLUDE	Walker_A/ATP_binding	hard_exclusion	inside_PROSITE_SF3_like_94_254	hard_functional_motif_or_domain	unknown_no_verified_A89_9A5_internal_epitope_mapping	loop_or_coil_supported	True	1.0	NA_no_residue_level_segment_file	NA_no_residue_level_segment_file	0.4636946022510528	0.2997566639002514	surface_exposed	0.5672628866538938	3.648734866222398	interface_close	30.831379675414624	not_pore_proximal_or_unknown	92.18000030517578	False	NA_iupred_anchor_not_available_in_current_environment	NA_iupred_anchor_not_available_in_current_environment	higher_relative_flexibility_prior	high_burial_contact_density_proxy	no_major_available_disagreement	0.487722	0.811688	0			exact_aligned	high	-5.901912	direct_insert_strongly_deleterious	-2.241455	0.007053291536050166	0.0031347962382445305	0.00940438871473348	G196_practical_GS	MAP8	plm_no_consensus_secondary_support	0	hard_excluded	155	29	no_close_mapped_RNA_contact	completed_with_explicit_NA_for_unavailable_disorder_and_boundary_segments
126|127	126	127	P	G	EXCLUDE	Walker_A/ATP_binding	hard_exclusion	inside_PROSITE_SF3_like_94_254	hard_functional_motif_or_domain	unknown_no_verified_A89_9A5_internal_epitope_mapping	loop_or_coil_supported	True	1.0	NA_no_residue_level_segment_file	NA_no_residue_level_segment_file	0.351993978023529	0.2604277561872433	surface_exposed	0.5672628866538938	3.648734866222398	interface_close	30.831379675414624	not_pore_proximal_or_unknown	91.91999816894533	False	NA_iupred_anchor_not_available_in_current_environment	NA_iupred_anchor_not_available_in_current_environment	higher_relative_flexibility_prior	high_burial_contact_density_proxy	no_major_available_disagreement	0.540949	0.752165	0			exact_aligned	high	-5.953299	direct_insert_strongly_deleterious	-3.088707	0.014890282131661436	0.006269592476489061	0.018808777429467072	G196_practical_GS	MAP8	plm_no_consensus_secondary_support	0	hard_excluded	155	28	no_close_mapped_RNA_contact	completed_with_explicit_NA_for_unavailable_disorder_and_boundary_segments
127|128	127	128	G	T	EXCLUDE	Walker_A/ATP_binding	hard_exclusion	inside_PROSITE_SF3_like_94_254	hard_functional_motif_or_domain	unknown_no_verified_A89_9A5_internal_epitope_mapping	loop_or_coil_supported	True	1.0	NA_no_residue_level_segment_file	NA_no_residue_level_segment_file	0.1191432774066925	0.0839371403982472	buried_or_unknown	0.3021238801427418	5.379684091391312	not_close_or_unknown	34.02688332256667	not_pore_proximal_or_unknown	91.91999816894533	False	NA_iupred_anchor_not_available_in_current_environment	NA_iupred_anchor_not_available_in_current_environment	unknown_or_moderate_flexibility_prior	not_high_by_available_proxy	no_major_available_disagreement	0.452465	0.752165	0			exact_aligned	high	-5.782008	direct_insert_strongly_deleterious	-2.250267	0.01567398119122257	0.006269592476489061	0.021943573667711602	HA	G196_minimal	plm_no_consensus_secondary_support	0	hard_excluded	155	27	no_close_mapped_RNA_contact	completed_with_explicit_NA_for_unavailable_disorder_and_boundary_segments
128|129	128	129	T	G	EXCLUDE	Walker_A/ATP_binding	hard_exclusion	inside_PROSITE_SF3_like_94_254	hard_functional_motif_or_domain	unknown_no_verified_A89_9A5_internal_epitope_mapping	loop_or_coil_supported	True	1.0	NA_no_residue_level_segment_file	NA_no_residue_level_segment_file	0.1137867644429206	0.0740036865075429	buried_or_unknown	0.2971014990765001	5.321109484233952	not_close_or_unknown	35.84419634920626	not_pore_proximal_or_unknown	92.4800033569336	False	NA_iupred_anchor_not_available_in_current_environment	NA_iupred_anchor_not_available_in_current_environment	unknown_or_moderate_flexibility_prior	not_high_by_available_proxy	no_major_available_disagreement	0.377285	0.771645	0			exact_aligned	high	-5.470694	direct_insert_strongly_deleterious	-2.207353	0.010188087774294696	0.0031347962382445305	0.01567398119122254	G196_practical_GS	G196_minimal	plm_no_consensus_secondary_support	0	hard_excluded	155	26	no_close_mapped_RNA_contact	completed_with_explicit_NA_for_unavailable_disorder_and_boundary_segments
129|130	129	130	G	K	EXCLUDE	Walker_A/ATP_binding	hard_exclusion	inside_PROSITE_SF3_like_94_254	hard_functional_motif_or_domain	unknown_no_verified_A89_9A5_internal_epitope_mapping	structured_or_uncertain	False	0.0	NA_no_residue_level_segment_file	NA_no_residue_level_segment_file	0.0518701188266277	0.0314776072394376	buried_or_unknown	0.2971014990765001	5.321109484233952	not_close_or_unknown	31.87704644191577	not_pore_proximal_or_unknown	92.6500015258789	False	NA_iupred_anchor_not_available_in_current_environment	NA_iupred_anchor_not_available_in_current_environment	lower_flexibility_prior	not_high_by_available_proxy	no_major_available_disagreement	0.460365	0.732684	0			exact_aligned	high	-5.7562	direct_insert_strongly_deleterious	-2.987123	0.0	0.0	0.0	MAP8	G196_minimal	plm_no_consensus_secondary_support	0	hard_excluded	155	25	no_close_mapped_RNA_contact	completed_with_explicit_NA_for_unavailable_disorder_and_boundary_segments
130|131	130	131	K	S	EXCLUDE	Walker_A/ATP_binding	hard_exclusion	inside_PROSITE_SF3_like_94_254	hard_functional_motif_or_domain	unknown_no_verified_A89_9A5_internal_epitope_mapping	structured_or_uncertain	False	0.0	NA_no_residue_level_segment_file	NA_no_residue_level_segment_file	0.0518701188266277	0.0314776072394376	buried_or_unknown	0.722171786294147	3.269023047403827	interface_close	30.281265977333817	not_pore_proximal_or_unknown	94.1500015258789	False	NA_iupred_anchor_not_available_in_current_environment	NA_iupred_anchor_not_available_in_current_environment	lower_flexibility_prior	high_burial_contact_density_proxy	no_major_available_disagreement	0.548303	0.655844	0			exact_aligned	high	-5.949715	direct_insert_strongly_deleterious	-2.901509	0.017241379310344807	0.006269592476489061	0.028213166144200552	G196_minimal	HA	plm_no_consensus_secondary_support	0	hard_excluded	155	24	no_close_mapped_RNA_contact	completed_with_explicit_NA_for_unavailable_disorder_and_boundary_segments
131|132	131	132	S	L	EXCLUDE	Walker_A/ATP_binding	hard_exclusion	inside_PROSITE_SF3_like_94_254	hard_functional_motif_or_domain	unknown_no_verified_A89_9A5_internal_epitope_mapping	structured_or_uncertain	False	0.0	NA_no_residue_level_segment_file	NA_no_residue_level_segment_file	0.2543744146823883	0.0506707677002965	partly_exposed	0.915039945753893	3.269023047403827	interface_close	30.281265977333817	not_pore_proximal_or_unknown	93.7300033569336	False	NA_iupred_anchor_not_available_in_current_environment	NA_iupred_anchor_not_available_in_current_environment	lower_flexibility_prior	high_burial_contact_density_proxy	no_major_available_disagreement	0.401290	0.729437	0			exact_aligned	high	-5.839756	direct_insert_strongly_deleterious	-2.632741	0.11990595611285268	0.006269592476489061	0.4043887147335423	G196_minimal	G196_practical_GS	plm_no_consensus_secondary_support	0	hard_excluded	155	23	no_close_mapped_RNA_contact	completed_with_explicit_NA_for_unavailable_disorder_and_boundary_segments
132|133	132	133	L	A	HIGH_RISK	A89_N-terminal_oligomerization_by_similarity;near_Walker_A	high_risk_not_hard_exclusion	inside_PROSITE_SF3_like_94_254	annotated_functional_neighborhood	unknown_no_verified_A89_9A5_internal_epitope_mapping	structured_or_uncertain	False	0.0	NA_no_residue_level_segment_file	NA_no_residue_level_segment_file	0.0	0.00054692393241	buried_or_unknown	0.915039945753893	3.3449336680888138	interface_close	33.68919646010821	not_pore_proximal_or_unknown	93.7300033569336	False	NA_iupred_anchor_not_available_in_current_environment	NA_iupred_anchor_not_available_in_current_environment	lower_flexibility_prior	high_burial_contact_density_proxy	no_major_available_disagreement	0.415771	0.727273	0			exact_aligned	high	-5.548728	direct_insert_strongly_deleterious	-2.59029	0.039184952978056437	0.025078369905956133	0.037617554858934144	G196_minimal	MAP8	plm_no_consensus_secondary_support	0	direct_homolog_conflicted_with_plm_context	155	22	no_close_mapped_RNA_contact	completed_with_explicit_NA_for_unavailable_disorder_and_boundary_segments
133|134	133	134	A	T	HIGH_RISK	A89_N-terminal_oligomerization_by_similarity;near_Walker_A	high_risk_not_hard_exclusion	inside_PROSITE_SF3_like_94_254	annotated_functional_neighborhood	unknown_no_verified_A89_9A5_internal_epitope_mapping	structured_or_uncertain	False	0.0	NA_no_residue_level_segment_file	NA_no_residue_level_segment_file	0.0	0.00054692393241	buried_or_unknown	0.0	6.007213549253377	not_close_or_unknown	31.639531318303245	not_pore_proximal_or_unknown	94.2699966430664	False	NA_iupred_anchor_not_available_in_current_environment	NA_iupred_anchor_not_available_in_current_environment	lower_flexibility_prior	not_high_by_available_proxy	no_major_available_disagreement	0.435564	0.724026	0			exact_aligned	high	-5.72072	direct_insert_strongly_deleterious	-2.676742	0.05877742946708461	0.021943573667711602	0.07523510971786829	MAP8	HA	plm_no_consensus_secondary_support	0	direct_homolog_conflicted_with_plm_context	155	21	no_close_mapped_RNA_contact	completed_with_explicit_NA_for_unavailable_disorder_and_boundary_segments
134|135	134	135	T	S	HIGH_RISK	A89_N-terminal_oligomerization_by_similarity;near_Walker_A	high_risk_not_hard_exclusion	inside_PROSITE_SF3_like_94_254	annotated_functional_neighborhood	unknown_no_verified_A89_9A5_internal_epitope_mapping	structured_or_uncertain	False	0.0	NA_no_residue_level_segment_file	NA_no_residue_level_segment_file	0.0166456028819084	0.0020802699881353	buried_or_unknown	0.8564359361813837	3.309270032747796	interface_close	31.639531318303245	not_pore_proximal_or_unknown	93.83000183105467	False	NA_iupred_anchor_not_available_in_current_environment	NA_iupred_anchor_not_available_in_current_environment	lower_flexibility_prior	high_burial_contact_density_proxy	no_major_available_disagreement	0.388437	0.732684	0			exact_aligned	high	-5.293577	direct_insert_strongly_deleterious	-1.872494	0.04467084639498431	0.03448275862068961	0.028213166144200663	G196_minimal	HA	plm_no_consensus_secondary_support	0	direct_homolog_conflicted_with_plm_context	155	20	no_close_mapped_RNA_contact	completed_with_explicit_NA_for_unavailable_disorder_and_boundary_segments
135|136	135	136	S	V	HIGH_RISK	near_Walker_A	high_risk_not_hard_exclusion	inside_PROSITE_SF3_like_94_254	annotated_functional_neighborhood	unknown_no_verified_A89_9A5_internal_epitope_mapping	structured_or_uncertain	False	0.0	NA_no_residue_level_segment_file	NA_no_residue_level_segment_file	0.1208047196269035	0.043658834888089	buried_or_unknown	0.8564359361813837	3.309270032747796	interface_close	32.225826018549505	not_pore_proximal_or_unknown	93.48999786376952	False	NA_iupred_anchor_not_available_in_current_environment	NA_iupred_anchor_not_available_in_current_environment	lower_flexibility_prior	high_burial_contact_density_proxy	no_major_available_disagreement	0.455612	0.669913	0			exact_aligned	high	-5.559395	direct_insert_strongly_deleterious	-1.957144	0.1567398119122257	0.043887147335423204	0.30094043887147337	G196_minimal	HA	plm_no_consensus_secondary_support	0	direct_homolog_conflicted_with_plm_context	155	19	no_close_mapped_RNA_contact	completed_with_explicit_NA_for_unavailable_disorder_and_boundary_segments
136|137	136	137	V	L	HIGH_RISK	near_Walker_A	high_risk_not_hard_exclusion	inside_PROSITE_SF3_like_94_254	annotated_functional_neighborhood	unknown_no_verified_A89_9A5_internal_epitope_mapping	structured_or_uncertain	False	0.0	NA_no_residue_level_segment_file	NA_no_residue_level_segment_file	0.0056325942277908	0.0030701729294474	buried_or_unknown	0.116619300344984	6.189622490610736	not_close_or_unknown	35.52282967304622	not_pore_proximal_or_unknown	93.48999786376952	False	NA_iupred_anchor_not_available_in_current_environment	NA_iupred_anchor_not_available_in_current_environment	lower_flexibility_prior	not_high_by_available_proxy	no_major_available_disagreement	0.455612	0.669913	0			exact_aligned	high	-5.660236	direct_insert_strongly_deleterious	-2.819827	0.07993730407523508	0.06269592476489028	0.03448275862068961	G196_minimal	G196_practical_GS	plm_no_consensus_secondary_support	0	direct_homolog_conflicted_with_plm_context	155	18	no_close_mapped_RNA_contact	completed_with_explicit_NA_for_unavailable_disorder_and_boundary_segments
137|138	137	138	L	A	HIGH_RISK	near_Walker_A	high_risk_not_hard_exclusion	inside_PROSITE_SF3_like_94_254	annotated_functional_neighborhood	unknown_no_verified_A89_9A5_internal_epitope_mapping	structured_or_uncertain	False	0.0	NA_no_residue_level_segment_file	NA_no_residue_level_segment_file	0.0	0.0	buried_or_unknown	0.0	5.303669630204646	not_close_or_unknown	32.91761418353025	not_pore_proximal_or_unknown	93.87000274658205	False	NA_iupred_anchor_not_available_in_current_environment	NA_iupred_anchor_not_available_in_current_environment	lower_flexibility_prior	not_high_by_available_proxy	no_major_available_disagreement	0.572416	0.591991	0			exact_aligned	high	-6.019067	direct_insert_strongly_deleterious	-2.713033	0.4553291536050157	0.15673981191222575	0.6018808777429466	MAP8	HA	tag_specific_disagreement	0	tag_specific_disagreement_direct_homolog_conflicted	155	17	no_close_mapped_RNA_contact	completed_with_explicit_NA_for_unavailable_disorder_and_boundary_segments
138|139	138	139	A	R	HIGH_RISK	near_Walker_A	high_risk_not_hard_exclusion	inside_PROSITE_SF3_like_94_254	annotated_functional_neighborhood	unknown_no_verified_A89_9A5_internal_epitope_mapping	structured_or_uncertain	False	0.0	NA_no_residue_level_segment_file	NA_no_residue_level_segment_file	0.0	0.0	buried_or_unknown	0.7139900413987406	2.5915459750480347	interface_close	31.557723196705098	not_pore_proximal_or_unknown	92.87999725341795	False	NA_iupred_anchor_not_available_in_current_environment	NA_iupred_anchor_not_available_in_current_environment	lower_flexibility_prior	high_burial_contact_density_proxy	no_major_available_disagreement	0.551044	0.634199	0			exact_aligned	high	-4.22227	direct_insert_strongly_deleterious	-2.851645	0.5525078369905956	0.1849529780564263	0.6050156739811913	G196_minimal	HA	tag_specific_disagreement	0	tag_specific_disagreement_direct_homolog_conflicted	155	16	no_close_mapped_RNA_contact	completed_with_explicit_NA_for_unavailable_disorder_and_boundary_segments
139|140	139	140	R	M	HIGH_RISK	near_Walker_A	high_risk_not_hard_exclusion	inside_PROSITE_SF3_like_94_254	annotated_functional_neighborhood	unknown_no_verified_A89_9A5_internal_epitope_mapping	structured_or_uncertain	False	0.0	NA_no_residue_level_segment_file	NA_no_residue_level_segment_file	0.0111516956239938	0.0013286942128269	buried_or_unknown	0.7139900413987406	2.5915459750480347	interface_close	31.557723196705098	not_pore_proximal_or_unknown	91.56999969482422	False	NA_iupred_anchor_not_available_in_current_environment	NA_iupred_anchor_not_available_in_current_environment	lower_flexibility_prior	high_burial_contact_density_proxy	no_major_available_disagreement	0.515464	0.626623	0			exact_aligned	high	-5.626087	direct_insert_strongly_deleterious	-2.476556	0.3401253918495298	0.17868338557993735	0.5360501567398118	G196_minimal	MAP8	tag_specific_disagreement	0	tag_specific_disagreement_direct_homolog_conflicted	155	15	no_close_mapped_RNA_contact	completed_with_explicit_NA_for_unavailable_disorder_and_boundary_segments
140|141	140	141	M	L	CORE_CAUTION	A89_SF3_helicase_domain_by_PROSITE	not_hard_excluded	inside_PROSITE_SF3_like_94_254	atpase_core_region	unknown_no_verified_A89_9A5_internal_epitope_mapping	structured_or_uncertain	False	0.0	NA_no_residue_level_segment_file	NA_no_residue_level_segment_file	0.0111516956239938	0.0013286942128269	buried_or_unknown	0.625046231467774	3.5915036332323296	interface_close	36.56089703115144	not_pore_proximal_or_unknown	91.56999969482422	False	NA_iupred_anchor_not_available_in_current_environment	NA_iupred_anchor_not_available_in_current_environment	lower_flexibility_prior	high_burial_contact_density_proxy	no_major_available_disagreement	0.515464	0.626623	0			exact_aligned	high	-5.83574	direct_insert_strongly_deleterious	-2.109089	0.23902821316614423	0.13479623824451414	0.14733542319749215	G196_minimal	HA	plm_no_consensus_secondary_support	0	direct_homolog_conflicted_with_plm_context	155	14	no_close_mapped_RNA_contact	completed_with_explicit_NA_for_unavailable_disorder_and_boundary_segments
141|142	141	142	L	T	CORE_CAUTION	A89_SF3_helicase_domain_by_PROSITE	not_hard_excluded	inside_PROSITE_SF3_like_94_254	atpase_core_region	unknown_no_verified_A89_9A5_internal_epitope_mapping	structured_or_uncertain	False	0.0	NA_no_residue_level_segment_file	NA_no_residue_level_segment_file	0.1203475669026374	0.0252087928762483	buried_or_unknown	0.8706709368822607	2.723176243834595	interface_close	32.75843820955455	not_pore_proximal_or_unknown	90.68000030517578	False	NA_iupred_anchor_not_available_in_current_environment	NA_iupred_anchor_not_available_in_current_environment	lower_flexibility_prior	high_burial_contact_density_proxy	no_major_available_disagreement	0.465286	0.659091	0			exact_aligned	high	-5.886731	direct_insert_strongly_deleterious	-2.451075	0.6183385579937304	0.4012539184952978	0.49529780564263326	G196_minimal	G196_practical_GS	plm_no_consensus_secondary_support	0	direct_homolog_conflicted_with_plm_context	155	13	no_close_mapped_RNA_contact	completed_with_explicit_NA_for_unavailable_disorder_and_boundary_segments
142|143	142	143	T	V	CORE_CAUTION	A89_SF3_helicase_domain_by_PROSITE	not_hard_excluded	inside_PROSITE_SF3_like_94_254	atpase_core_region	unknown_no_verified_A89_9A5_internal_epitope_mapping	loop_or_coil_supported	True	1.0	NA_no_residue_level_segment_file	NA_no_residue_level_segment_file	0.1203475669026374	0.018668462261843	buried_or_unknown	0.9822866214584328	2.5262970969045355	interface_close	31.06155436779605	not_pore_proximal_or_unknown	87.98999786376953	False	NA_iupred_anchor_not_available_in_current_environment	NA_iupred_anchor_not_available_in_current_environment	unknown_or_moderate_flexibility_prior	high_burial_contact_density_proxy	no_major_available_disagreement	0.377348	0.735931	0			ambiguous	low	-5.98152	direct_insert_strongly_deleterious		0.5282131661442007	0.11912225705329149	0.6332288401253919	G196_minimal	HA	tag_specific_disagreement	0	mapping_uncertain	155	12	no_close_mapped_RNA_contact	completed_with_explicit_NA_for_unavailable_disorder_and_boundary_segments
143|144	143	144	V	E	CORE_CAUTION	A89_SF3_helicase_domain_by_PROSITE	not_hard_excluded	inside_PROSITE_SF3_like_94_254	atpase_core_region	unknown_no_verified_A89_9A5_internal_epitope_mapping	structured_or_uncertain	False	1.0	NA_no_residue_level_segment_file	NA_no_residue_level_segment_file	0.4846948683261871	0.018668462261843	surface_exposed	0.9822866214584328	2.5262970969045355	interface_close	27.91794231754719	not_pore_proximal_or_unknown	87.5999984741211	False	NA_iupred_anchor_not_available_in_current_environment	NA_iupred_anchor_not_available_in_current_environment	unknown_or_moderate_flexibility_prior	high_burial_contact_density_proxy	no_major_available_disagreement	0.377348	0.735931	0			exact_aligned	high	-5.991901	direct_insert_strongly_deleterious	-2.252169	0.4161442006269592	0.16927899686520376	0.6081504702194358	G196_minimal	HA	tag_specific_disagreement	0	tag_specific_disagreement_direct_homolog_conflicted	155	11	no_close_mapped_RNA_contact	completed_with_explicit_NA_for_unavailable_disorder_and_boundary_segments
144|145	144	145	E	T	CORE_CAUTION	A89_SF3_helicase_domain_by_PROSITE	not_hard_excluded	inside_PROSITE_SF3_like_94_254	atpase_core_region	unknown_no_verified_A89_9A5_internal_epitope_mapping	structured_or_uncertain	False	1.0	NA_no_residue_level_segment_file	NA_no_residue_level_segment_file	0.5297373533248901	0.0891482163616003	surface_exposed	0.8923795494209782	2.5363125225241663	interface_close	25.90683575947988	not_pore_proximal_or_unknown	87.0199966430664	False	NA_iupred_anchor_not_available_in_current_environment	NA_iupred_anchor_not_available_in_current_environment	unknown_or_moderate_flexibility_prior	high_burial_contact_density_proxy	no_major_available_disagreement	0.362866	0.738095	0			exact_aligned	high	-5.843756	direct_insert_strongly_deleterious	-2.474396	0.4114420062695925	0.2068965517241379	0.5611285266457681	G196_minimal	HA	tag_specific_disagreement	0	tag_specific_disagreement_direct_homolog_conflicted	155	10	no_close_mapped_RNA_contact	completed_with_explicit_NA_for_unavailable_disorder_and_boundary_segments
145|146	145	146	T	D	CORE_CAUTION	A89_SF3_helicase_domain_by_PROSITE	not_hard_excluded	inside_PROSITE_SF3_like_94_254	atpase_core_region	unknown_no_verified_A89_9A5_internal_epitope_mapping	structured_or_uncertain	False	1.0	NA_no_residue_level_segment_file	NA_no_residue_level_segment_file	0.1851692795753479	0.1190402701316925	partly_exposed	0.858348188389677	2.600789837523032	interface_close	25.90683575947988	not_pore_proximal_or_unknown	87.0199966430664	False	NA_iupred_anchor_not_available_in_current_environment	NA_iupred_anchor_not_available_in_current_environment	unknown_or_moderate_flexibility_prior	high_burial_contact_density_proxy	no_major_available_disagreement	0.343073	0.741342	0			exact_aligned	high	-5.782008	direct_insert_strongly_deleterious	-2.551029	0.5007836990595611	0.26645768025078365	0.6551724137931035	G196_minimal	MAP8	tag_specific_disagreement	0	tag_specific_disagreement_direct_homolog_conflicted	155	9	no_close_mapped_RNA_contact	completed_with_explicit_NA_for_unavailable_disorder_and_boundary_segments
146|147	146	147	D	I	CORE_CAUTION	A89_SF3_helicase_domain_by_PROSITE	not_hard_excluded	inside_PROSITE_SF3_like_94_254	atpase_core_region	unknown_no_verified_A89_9A5_internal_epitope_mapping	structured_or_uncertain	False	0.0	NA_no_residue_level_segment_file	NA_no_residue_level_segment_file	0.1603751480579376	0.0860095637300494	partly_exposed	0.7812562202693234	2.600789837523032	interface_close	25.501798723059565	not_pore_proximal_or_unknown	90.68000030517578	False	NA_iupred_anchor_not_available_in_current_environment	NA_iupred_anchor_not_available_in_current_environment	lower_flexibility_prior	high_burial_contact_density_proxy	no_major_available_disagreement	0.343073	0.741342	0			exact_aligned	high	-5.97103	direct_insert_strongly_deleterious	-2.667206	0.4365203761755486	0.12852664576802508	0.7398119122257053	G196_minimal	HA	tag_specific_disagreement	0	tag_specific_disagreement_direct_homolog_conflicted	155	8	no_close_mapped_RNA_contact	completed_with_explicit_NA_for_unavailable_disorder_and_boundary_segments
147|148	147	148	I	Y	EXCLUDE	9A5_epitope_and_H163-equivalent_pore-loop	hard_exclusion	inside_PROSITE_SF3_like_94_254	hard_functional_motif_or_domain	unknown_no_verified_A89_9A5_internal_epitope_mapping	structured_or_uncertain	False	0.0	NA_no_residue_level_segment_file	NA_no_residue_level_segment_file	0.0634387955069542	0.0697448975837427	buried_or_unknown	0.0718609033547522	2.792740468444077	interface_close	18.459138787364804	not_pore_proximal_or_unknown	93.48999786376952	False	NA_iupred_anchor_not_available_in_current_environment	NA_iupred_anchor_not_available_in_current_environment	lower_flexibility_prior	interface_contact_density_proxy	no_major_available_disagreement	0.344032	0.788961	0			exact_aligned	high	-5.83574	direct_insert_strongly_deleterious	-3.045725	0.3620689655172413	0.08777429467084641	0.49529780564263315	G196_minimal	MAP8	plm_no_consensus_secondary_support	0	hard_excluded	155	7	no_close_mapped_RNA_contact	completed_with_explicit_NA_for_unavailable_disorder_and_boundary_segments
148|149	148	149	Y	S	EXCLUDE	9A5_epitope_and_H163-equivalent_pore-loop	hard_exclusion	inside_PROSITE_SF3_like_94_254	hard_functional_motif_or_domain	unknown_no_verified_A89_9A5_internal_epitope_mapping	structured_or_uncertain	False	0.0	NA_no_residue_level_segment_file	NA_no_residue_level_segment_file	0.0634387955069542	0.0697448975837427	buried_or_unknown	0.6354848859426351	3.464012518758942	interface_close	18.459138787364804	not_pore_proximal_or_unknown	93.5	False	NA_iupred_anchor_not_available_in_current_environment	NA_iupred_anchor_not_available_in_current_environment	lower_flexibility_prior	high_burial_contact_density_proxy	no_major_available_disagreement	0.344032	0.788961	0			exact_aligned	high	-5.905671	direct_insert_strongly_deleterious	-2.813101	0.493730407523511	0.18808777429467083	0.4576802507836991	G196_minimal	MAP8	plm_no_consensus_secondary_support	0	hard_excluded	155	6	RNA_contact_neighborhood	completed_with_explicit_NA_for_unavailable_disorder_and_boundary_segments
149|150	149	150	S	L	EXCLUDE	9A5_epitope_and_H163-equivalent_pore-loop	hard_exclusion	inside_PROSITE_SF3_like_94_254	hard_functional_motif_or_domain	unknown_no_verified_A89_9A5_internal_epitope_mapping	structured_or_uncertain	False	0.0	NA_no_residue_level_segment_file	NA_no_residue_level_segment_file	0.0487416312098503	0.019217867954058	buried_or_unknown	0.6354848859426351	3.464012518758942	interface_close	20.4309010755822	not_pore_proximal_or_unknown	90.58999633789062	False	NA_iupred_anchor_not_available_in_current_environment	NA_iupred_anchor_not_available_in_current_environment	lower_flexibility_prior	high_burial_contact_density_proxy	no_major_available_disagreement	0.227228	0.866883	0			exact_aligned	high	-5.942508	direct_insert_strongly_deleterious	-2.511967	0.44357366771159873	0.20062695924764895	0.4890282131661442	G196_minimal	HA	plm_no_consensus_secondary_support	0	hard_excluded	155	5	RNA_contact_neighborhood	completed_with_explicit_NA_for_unavailable_disorder_and_boundary_segments
150|151	150	151	L	P	EXCLUDE	9A5_epitope_and_H163-equivalent_pore-loop	hard_exclusion	inside_PROSITE_SF3_like_94_254	hard_functional_motif_or_domain	unknown_no_verified_A89_9A5_internal_epitope_mapping	structured_or_uncertain	False	0.1666666666666666	NA_no_residue_level_segment_file	NA_no_residue_level_segment_file	0.0487416312098503	0.019217867954058	buried_or_unknown	0.417048601663235	5.047389820068311	not_close_or_unknown	17.641896500216895	pore_proximal_proxy	85.41000366210938	False	NA_iupred_anchor_not_available_in_current_environment	NA_iupred_anchor_not_available_in_current_environment	unknown_or_moderate_flexibility_prior	not_high_by_available_proxy	no_major_available_disagreement	0.142268	0.900433	0			exact_aligned	high	-5.743042	direct_insert_strongly_deleterious	-2.764071	0.4474921630094044	0.21943573667711602	0.42006269592476486	G196_minimal	MAP8	plm_no_consensus_secondary_support	0	hard_excluded	155	4	RNA_contact_neighborhood	completed_with_explicit_NA_for_unavailable_disorder_and_boundary_segments
151|152	151	152	P	P	EXCLUDE	9A5_epitope_and_H163-equivalent_pore-loop	hard_exclusion	inside_PROSITE_SF3_like_94_254	hard_functional_motif_or_domain	unknown_no_verified_A89_9A5_internal_epitope_mapping	loop_or_coil_supported	True	1.0	NA_no_residue_level_segment_file	NA_no_residue_level_segment_file	0.4339269995689392	0.2463748160148316	surface_exposed	0.5308253376554922	3.6290560267956335	interface_close	17.608166561182305	pore_proximal_proxy	80.9800033569336	False	NA_iupred_anchor_not_available_in_current_environment	NA_iupred_anchor_not_available_in_current_environment	higher_relative_flexibility_prior	high_burial_contact_density_proxy	no_major_available_disagreement	0.109367	0.977273	0			exact_aligned	high	-6.138895	direct_insert_strongly_deleterious	-3.129334	0.5462382445141065	0.25391849529780564	0.6050156739811913	G196_minimal	MAP8	tag_specific_disagreement	0	hard_excluded	155	3	RNA_contact_neighborhood	completed_with_explicit_NA_for_unavailable_disorder_and_boundary_segments
152|153	152	153	P	D	EXCLUDE	9A5_epitope_and_H163-equivalent_pore-loop	hard_exclusion	inside_PROSITE_SF3_like_94_254	hard_functional_motif_or_domain	unknown_no_verified_A89_9A5_internal_epitope_mapping	loop_or_coil_supported	True	1.0	NA_no_residue_level_segment_file	NA_no_residue_level_segment_file	0.3200831413269043	0.1844263439145524	partly_exposed	0.5308253376554922	3.6290560267956335	interface_close	14.316516404762718	pore_proximal_proxy	77.87000274658203	False	NA_iupred_anchor_not_available_in_current_environment	NA_iupred_anchor_not_available_in_current_environment	unknown_or_moderate_flexibility_prior	high_burial_contact_density_proxy	no_major_available_disagreement	0.109367	0.977273	0			exact_aligned	high	-5.855661	direct_insert_strongly_deleterious	-3.047104	0.5556426332288402	0.2915360501567398	0.6771159874608151	G196_minimal	HA	tag_specific_disagreement	0	hard_excluded	155	2	near_mapped_RNA_contact	completed_with_explicit_NA_for_unavailable_disorder_and_boundary_segments
153|154	153	154	D	P	EXCLUDE	9A5_epitope_and_H163-equivalent_pore-loop	hard_exclusion	inside_PROSITE_SF3_like_94_254	hard_functional_motif_or_domain	unknown_no_verified_A89_9A5_internal_epitope_mapping	loop_or_coil_supported	True	1.0	NA_no_residue_level_segment_file	NA_no_residue_level_segment_file	0.0789448395371437	0.0193348946811268	buried_or_unknown	0.0	7.588864073560073	not_close_or_unknown	14.316516404762718	pore_proximal_proxy	77.02999877929688	False	NA_iupred_anchor_not_available_in_current_environment	NA_iupred_anchor_not_available_in_current_environment	unknown_or_moderate_flexibility_prior	not_high_by_available_proxy	no_major_available_disagreement	0.076466	0.983766	0			exact_aligned	high	-6.111785	direct_insert_strongly_deleterious	-3.087585	0.6199059561128527	0.4702194357366771	0.4702194357366771	G196_minimal	HA	plm_no_consensus_secondary_support	0	hard_excluded	155	1	near_mapped_RNA_contact	completed_with_explicit_NA_for_unavailable_disorder_and_boundary_segments
154|155	154	155	P	K	EXCLUDE	9A5_epitope_and_H163-equivalent_pore-loop	hard_exclusion	inside_PROSITE_SF3_like_94_254	hard_functional_motif_or_domain	unknown_no_verified_A89_9A5_internal_epitope_mapping	loop_or_coil_supported	True	1.0	NA_no_residue_level_segment_file	NA_no_residue_level_segment_file	0.0789448395371437	0.0193348946811268	buried_or_unknown	0.0	7.292829437453074	not_close_or_unknown	9.43789975850813	pore_proximal_proxy	77.02999877929688	False	NA_iupred_anchor_not_available_in_current_environment	NA_iupred_anchor_not_available_in_current_environment	unknown_or_moderate_flexibility_prior	not_high_by_available_proxy	no_major_available_disagreement	0.084799	0.982684	0			exact_aligned	high	-5.98152	direct_insert_strongly_deleterious	-1.915155	0.6512539184952978	0.2915360501567398	0.652037617554859	G196_minimal	G196_practical_GS	tag_specific_disagreement	0	hard_excluded	155	0	near_mapped_RNA_contact	completed_with_explicit_NA_for_unavailable_disorder_and_boundary_segments
155|156	155	156	K	Y	EXCLUDE	9A5_epitope_and_H163-equivalent_pore-loop	hard_exclusion	inside_PROSITE_SF3_like_94_254	hard_functional_motif_or_domain	unknown_no_verified_A89_9A5_internal_epitope_mapping	loop_or_coil_supported	True	1.0	NA_no_residue_level_segment_file	NA_no_residue_level_segment_file	0.4379809200763702	0.4421064040808926	surface_exposed	0.0	5.9359918918931385	not_close_or_unknown	9.30698173622562	pore_proximal_proxy	82.23999786376953	True	NA_iupred_anchor_not_available_in_current_environment	NA_iupred_anchor_not_available_in_current_environment	higher_relative_flexibility_prior	not_high_by_available_proxy	no_major_available_disagreement	0.107573	0.979437	0			exact_aligned	high	-5.967509	direct_insert_strongly_deleterious	-1.57389	0.7029780564263324	0.4106583072100314	0.5360501567398119	G196_minimal	HA	tag_specific_disagreement	0	hard_excluded	155	0	near_mapped_RNA_contact	completed_with_explicit_NA_for_unavailable_disorder_and_boundary_segments
156|157	156	157	Y	F	EXCLUDE	9A5_epitope_and_H163-equivalent_pore-loop	hard_exclusion	inside_PROSITE_SF3_like_94_254	hard_functional_motif_or_domain	unknown_no_verified_A89_9A5_internal_epitope_mapping	loop_or_coil_supported	True	1.0	NA_no_residue_level_segment_file	NA_no_residue_level_segment_file	0.0005241442704573	0.0	buried_or_unknown	0.0	5.9359918918931385	not_close_or_unknown	9.30698173622562	pore_proximal_proxy	86.22000122070312	False	NA_iupred_anchor_not_available_in_current_environment	NA_iupred_anchor_not_available_in_current_environment	unknown_or_moderate_flexibility_prior	not_high_by_available_proxy	no_major_available_disagreement	0.140374	0.974026	0			exact_aligned	high	-5.953299	direct_insert_strongly_deleterious	-2.890196	0.45062695924764895	0.30721003134796243	0.322884012539185	G196_minimal	HA	plm_no_consensus_secondary_support	0	hard_excluded	156	0	near_mapped_RNA_contact	completed_with_explicit_NA_for_unavailable_disorder_and_boundary_segments
157|158	157	158	F	D	EXCLUDE	9A5_epitope_and_H163-equivalent_pore-loop	hard_exclusion	inside_PROSITE_SF3_like_94_254	hard_functional_motif_or_domain	unknown_no_verified_A89_9A5_internal_epitope_mapping	loop_or_coil_supported	True	1.0	NA_no_residue_level_segment_file	NA_no_residue_level_segment_file	0.0005241442704573	0.0	buried_or_unknown	0.8174872804747856	2.5938429247427166	interface_close	12.021603134917276	pore_proximal_proxy	85.29000091552734	False	NA_iupred_anchor_not_available_in_current_environment	NA_iupred_anchor_not_available_in_current_environment	unknown_or_moderate_flexibility_prior	high_burial_contact_density_proxy	no_major_available_disagreement	0.140374	0.974026	0			exact_aligned	high	-5.827659	direct_insert_strongly_deleterious	-2.925977	0.5086206896551724	0.37617554858934166	0.3479623824451411	G196_minimal	HA	plm_no_consensus_secondary_support	0	hard_excluded	156	1	near_mapped_RNA_contact	completed_with_explicit_NA_for_unavailable_disorder_and_boundary_segments
158|159	158	159	D	G	EXCLUDE	9A5_epitope_and_H163-equivalent_pore-loop	hard_exclusion	inside_PROSITE_SF3_like_94_254	hard_functional_motif_or_domain	unknown_no_verified_A89_9A5_internal_epitope_mapping	loop_or_coil_supported	True	1.0	NA_no_residue_level_segment_file	NA_no_residue_level_segment_file	0.3945758938789367	0.1026160679950615	surface_exposed	0.8174872804747856	2.5938429247427166	interface_close	12.021603134917276	pore_proximal_proxy	85.29000091552734	False	NA_iupred_anchor_not_available_in_current_environment	NA_iupred_anchor_not_available_in_current_environment	higher_relative_flexibility_prior	high_burial_contact_density_proxy	no_major_available_disagreement	0.164925	0.969697	0			exact_aligned	high	-6.029067	direct_insert_strongly_deleterious	-2.766145	0.6387147335423198	0.4670846394984326	0.4231974921630094	G196_minimal	G196_practical_GS	plm_no_consensus_secondary_support	0	hard_excluded	156	2	near_mapped_RNA_contact	completed_with_explicit_NA_for_unavailable_disorder_and_boundary_segments
159|160	159	160	G	Y	EXCLUDE	9A5_epitope_and_H163-equivalent_pore-loop	hard_exclusion	inside_PROSITE_SF3_like_94_254	hard_functional_motif_or_domain	unknown_no_verified_A89_9A5_internal_epitope_mapping	loop_or_coil_supported	True	1.0	NA_no_residue_level_segment_file	NA_no_residue_level_segment_file	0.005092485807836	0.0006365607314387	buried_or_unknown	0.4466068196822368	4.2626282255986165	interface_close	16.59689422733146	pore_proximal_proxy	86.61000061035156	False	NA_iupred_anchor_not_available_in_current_environment	NA_iupred_anchor_not_available_in_current_environment	unknown_or_moderate_flexibility_prior	interface_contact_density_proxy	no_major_available_disagreement	0.105126	0.983766	0			exact_aligned	high	-6.045515	direct_insert_strongly_deleterious	-2.883754	0.6050156739811913	0.3667711598746082	0.46081504702194354	G196_minimal	G196_practical_GS	plm_no_consensus_secondary_support	0	hard_excluded	156	3	RNA_contact_neighborhood	completed_with_explicit_NA_for_unavailable_disorder_and_boundary_segments
160|161	160	161	Y	D	EXCLUDE	9A5_epitope_and_H163-equivalent_pore-loop	hard_exclusion	inside_PROSITE_SF3_like_94_254	hard_functional_motif_or_domain	unknown_no_verified_A89_9A5_internal_epitope_mapping	loop_or_coil_supported	True	1.0	NA_no_residue_level_segment_file	NA_no_residue_level_segment_file	0.005092485807836	0.0006365607314387	buried_or_unknown	0.1834182699604022	4.568084922800071	interface_close	18.96009156491533	not_pore_proximal_or_unknown	87.56999969482422	False	NA_iupred_anchor_not_available_in_current_environment	NA_iupred_anchor_not_available_in_current_environment	unknown_or_moderate_flexibility_prior	interface_contact_density_proxy	no_major_available_disagreement	0.105126	0.983766	0			exact_aligned	high	-5.738617	direct_insert_strongly_deleterious	-3.008525	0.5909090909090909	0.3793103448275862	0.3667711598746082	G196_minimal	G196_practical_GS	plm_no_consensus_secondary_support	0	hard_excluded	156	4	RNA_contact_neighborhood	completed_with_explicit_NA_for_unavailable_disorder_and_boundary_segments
161|162	161	162	D	Q	HIGH_RISK	near_Walker_B	high_risk_not_hard_exclusion	inside_PROSITE_SF3_like_94_254	annotated_functional_neighborhood	unknown_no_verified_A89_9A5_internal_epitope_mapping	loop_or_coil_supported	True	1.0	NA_no_residue_level_segment_file	NA_no_residue_level_segment_file	0.1400275826454162	0.1024526779739945	buried_or_unknown	0.1834182699604022	4.568084922800071	interface_close	20.811694874622432	not_pore_proximal_or_unknown	87.56999969482422	False	NA_iupred_anchor_not_available_in_current_environment	NA_iupred_anchor_not_available_in_current_environment	unknown_or_moderate_flexibility_prior	interface_contact_density_proxy	no_major_available_disagreement	0.105126	0.983766	0			exact_aligned	high	-5.953299	direct_insert_strongly_deleterious	-2.620608	0.6630094043887148	0.4231974921630094	0.47335423197492166	G196_minimal	HA	plm_no_consensus_secondary_support	2	direct_homolog_conflicted_with_plm_context	156	5	RNA_contact_neighborhood	completed_with_explicit_NA_for_unavailable_disorder_and_boundary_segments
162|163	162	163	Q	Q	HIGH_RISK	near_Walker_B	high_risk_not_hard_exclusion	inside_PROSITE_SF3_like_94_254	annotated_functional_neighborhood	unknown_no_verified_A89_9A5_internal_epitope_mapping	loop_or_coil_supported	True	1.0	NA_no_residue_level_segment_file	NA_no_residue_level_segment_file	0.0838670060038566	0.0747751285411693	buried_or_unknown	0.1893620182858821	5.678175043973363	not_close_or_unknown	22.82311496433569	not_pore_proximal_or_unknown	87.87999725341797	False	NA_iupred_anchor_not_available_in_current_environment	NA_iupred_anchor_not_available_in_current_environment	unknown_or_moderate_flexibility_prior	not_high_by_available_proxy	no_major_available_disagreement	0.096793	0.984849	0			exact_aligned	high	-6.087054	direct_insert_strongly_deleterious	-2.396125	0.5376175548589341	0.3385579937304075	0.48589341692789967	MAP8	G196_practical_GS	plm_no_consensus_secondary_support	0	direct_homolog_conflicted_with_plm_context	156	6	RNA_contact_neighborhood	completed_with_explicit_NA_for_unavailable_disorder_and_boundary_segments
163|164	163	164	Q	S	HIGH_RISK	near_Walker_B	high_risk_not_hard_exclusion	inside_PROSITE_SF3_like_94_254	annotated_functional_neighborhood	unknown_no_verified_A89_9A5_internal_epitope_mapping	loop_or_coil_supported	True	1.0	NA_no_residue_level_segment_file	NA_no_residue_level_segment_file	0.0838670060038566	0.0747751285411693	buried_or_unknown	0.1893620182858821	5.376576394075993	not_close_or_unknown	22.82311496433569	not_pore_proximal_or_unknown	91.87000274658205	False	NA_iupred_anchor_not_available_in_current_environment	NA_iupred_anchor_not_available_in_current_environment	unknown_or_moderate_flexibility_prior	not_high_by_available_proxy	no_major_available_disagreement	0.096793	0.984849	0			exact_aligned	high	-5.590729	direct_insert_strongly_deleterious	-2.002096	0.7523510971786833	0.542319749216301	0.3072100313479623	HA	MAP8	plm_no_consensus_secondary_support	0	direct_homolog_conflicted_with_plm_context	156	7	no_close_mapped_RNA_contact	completed_with_explicit_NA_for_unavailable_disorder_and_boundary_segments
164|165	164	165	S	V	EXCLUDE	Walker_B	hard_exclusion	inside_PROSITE_SF3_like_94_254	hard_functional_motif_or_domain	unknown_no_verified_A89_9A5_internal_epitope_mapping	structured_or_uncertain	False	0.0	NA_no_residue_level_segment_file	NA_no_residue_level_segment_file	0.0014459152007475	0.0	buried_or_unknown	0.0	5.376576394075993	not_close_or_unknown	28.154519917433003	not_pore_proximal_or_unknown	92.86000061035156	False	NA_iupred_anchor_not_available_in_current_environment	NA_iupred_anchor_not_available_in_current_environment	lower_flexibility_prior	not_high_by_available_proxy	no_major_available_disagreement	0.096793	0.984849	0			exact_aligned	high	-5.575185	direct_insert_strongly_deleterious	-2.078827	0.427115987460815	0.22570532915360497	0.5705329153605015	HA	MAP8	tag_specific_disagreement	0	hard_excluded	156	8	no_close_mapped_RNA_contact	completed_with_explicit_NA_for_unavailable_disorder_and_boundary_segments
165|166	165	166	V	V	EXCLUDE	Walker_B	hard_exclusion	inside_PROSITE_SF3_like_94_254	hard_functional_motif_or_domain	unknown_no_verified_A89_9A5_internal_epitope_mapping	structured_or_uncertain	False	0.0	NA_no_residue_level_segment_file	NA_no_residue_level_segment_file	0.0	0.0	buried_or_unknown	0.0	5.538748567863431	not_close_or_unknown	25.810248369324	not_pore_proximal_or_unknown	95.11000061035156	False	NA_iupred_anchor_not_available_in_current_environment	NA_iupred_anchor_not_available_in_current_environment	lower_flexibility_prior	not_high_by_available_proxy	no_major_available_disagreement	0.143216	0.974026	0			exact_aligned	high	-5.988452	direct_insert_strongly_deleterious	-2.374132	0.32601880877742945	0.07523510971786829	0.877742946708464	HA	MAP8	tag_specific_disagreement	0	hard_excluded	156	9	no_close_mapped_RNA_contact	completed_with_explicit_NA_for_unavailable_disorder_and_boundary_segments
166|167	166	167	V	I	EXCLUDE	Walker_B	hard_exclusion	inside_PROSITE_SF3_like_94_254	hard_functional_motif_or_domain	unknown_no_verified_A89_9A5_internal_epitope_mapping	structured_or_uncertain	False	0.0	NA_no_residue_level_segment_file	NA_no_residue_level_segment_file	0.0	8.475880399060889e-05	buried_or_unknown	0.1532728886743831	6.701322880777161	not_close_or_unknown	25.397225871542847	not_pore_proximal_or_unknown	95.54000091552734	False	NA_iupred_anchor_not_available_in_current_environment	NA_iupred_anchor_not_available_in_current_environment	lower_flexibility_prior	not_high_by_available_proxy	no_major_available_disagreement	0.134883	0.975108	0			exact_aligned	high	-5.660236	direct_insert_strongly_deleterious	-1.909781	0.2672413793103448	0.03448275862068961	0.8369905956112853	HA	MAP8	tag_specific_disagreement	0	hard_excluded	156	10	no_close_mapped_RNA_contact	completed_with_explicit_NA_for_unavailable_disorder_and_boundary_segments
167|168	167	168	I	M	EXCLUDE	Walker_B	hard_exclusion	inside_PROSITE_SF3_like_94_254	hard_functional_motif_or_domain	unknown_no_verified_A89_9A5_internal_epitope_mapping	structured_or_uncertain	False	0.0	NA_no_residue_level_segment_file	NA_no_residue_level_segment_file	0.0268926657736301	0.0147231955613408	buried_or_unknown	0.1532728886743831	6.701322880777161	not_close_or_unknown	23.625144816167573	not_pore_proximal_or_unknown	93.5199966430664	False	NA_iupred_anchor_not_available_in_current_environment	NA_iupred_anchor_not_available_in_current_environment	lower_flexibility_prior	not_high_by_available_proxy	no_major_available_disagreement	0.112109	0.978355	0			exact_aligned	high	-5.595858	direct_insert_strongly_deleterious	-2.492337	0.04545454545454547	0.028213166144200663	0.040752351097178674	G196_minimal	MAP8	plm_no_consensus_secondary_support	0	hard_excluded	156	11	no_close_mapped_RNA_contact	completed_with_explicit_NA_for_unavailable_disorder_and_boundary_segments
168|169	168	169	M	D	EXCLUDE	Walker_B	hard_exclusion	inside_PROSITE_SF3_like_94_254	hard_functional_motif_or_domain	unknown_no_verified_A89_9A5_internal_epitope_mapping	structured_or_uncertain	False	0.0	NA_no_residue_level_segment_file	NA_no_residue_level_segment_file	0.0268926657736301	0.0147231955613408	buried_or_unknown	0.7126251366244708	2.8704863955599063	interface_close	23.625144816167573	not_pore_proximal_or_unknown	91.9800033569336	False	NA_iupred_anchor_not_available_in_current_environment	NA_iupred_anchor_not_available_in_current_environment	lower_flexibility_prior	high_burial_contact_density_proxy	no_major_available_disagreement	0.079308	0.983766	0			exact_aligned	high	-5.635963	direct_insert_strongly_deleterious	-3.126409	0.14733542319749218	0.0031347962382445305	0.5172413793103449	G196_minimal	HA	tag_specific_disagreement	0	hard_excluded	156	12	no_close_mapped_RNA_contact	completed_with_explicit_NA_for_unavailable_disorder_and_boundary_segments
169|170	169	170	D	D	EXCLUDE	Walker_B	hard_exclusion	inside_PROSITE_SF3_like_94_254	hard_functional_motif_or_domain	unknown_no_verified_A89_9A5_internal_epitope_mapping	loop_or_coil_supported	True	0.6666666666666666	NA_no_residue_level_segment_file	NA_no_residue_level_segment_file	0.1853162497282028	0.1188181801369359	partly_exposed	0.7126251366244708	2.8704863955599063	interface_close	23.74755381145281	not_pore_proximal_or_unknown	90.87000274658205	False	NA_iupred_anchor_not_available_in_current_environment	NA_iupred_anchor_not_available_in_current_environment	unknown_or_moderate_flexibility_prior	high_burial_contact_density_proxy	no_major_available_disagreement	0.079308	0.983766	0			exact_aligned	high	-5.569949	direct_insert_strongly_deleterious	-2.927757	0.8205329153605015	0.5047021943573669	0.47335423197492155	G196_minimal	HA	plm_no_consensus_secondary_support	0	hard_excluded	156	13	no_close_mapped_RNA_contact	completed_with_explicit_NA_for_unavailable_disorder_and_boundary_segments
170|171	170	171	D	I	EXCLUDE	Walker_B	hard_exclusion	inside_PROSITE_SF3_like_94_254	hard_functional_motif_or_domain	unknown_no_verified_A89_9A5_internal_epitope_mapping	loop_or_coil_supported	True	0.8333333333333334	NA_no_residue_level_segment_file	NA_no_residue_level_segment_file	0.0236264001578092	0.0176160366805475	buried_or_unknown	0.2737730063959065	5.054715851787944	not_close_or_unknown	23.74755381145281	not_pore_proximal_or_unknown	89.66999816894531	False	NA_iupred_anchor_not_available_in_current_environment	NA_iupred_anchor_not_available_in_current_environment	unknown_or_moderate_flexibility_prior	not_high_by_available_proxy	no_major_available_disagreement	0.220479	0.945887	0			exact_aligned	high	-5.635963	direct_insert_strongly_deleterious	-2.75535	0.8816614420062695	0.7836990595611285	0.19122257053291536	HA	G196_practical_GS	plm_consensus_moderate_secondary_support	0	hard_excluded	156	14	no_close_mapped_RNA_contact	completed_with_explicit_NA_for_unavailable_disorder_and_boundary_segments
171|172	171	172	I	M	HIGH_RISK	near_Walker_B	high_risk_not_hard_exclusion	inside_PROSITE_SF3_like_94_254	annotated_functional_neighborhood	unknown_no_verified_A89_9A5_internal_epitope_mapping	loop_or_coil_supported	True	0.8333333333333334	NA_no_residue_level_segment_file	NA_no_residue_level_segment_file	0.0236264001578092	0.0176160366805475	buried_or_unknown	0.0	8.544909527314154	not_close_or_unknown	21.971920427975704	not_pore_proximal_or_unknown	85.54000091552734	False	NA_iupred_anchor_not_available_in_current_environment	NA_iupred_anchor_not_available_in_current_environment	unknown_or_moderate_flexibility_prior	not_high_by_available_proxy	no_major_available_disagreement	0.212145	0.946970	0			exact_aligned	high	-5.569949	direct_insert_strongly_deleterious	-2.489551	0.9905956112852665	0.9717868338557993	0.028213166144200663	G196_minimal	HA	plm_consensus_high_secondary_support	0	direct_homolog_conflicted_with_plm_context	156	15	no_close_mapped_RNA_contact	completed_with_explicit_NA_for_unavailable_disorder_and_boundary_segments
172|173	172	173	M	Q	HIGH_RISK	near_Walker_B	high_risk_not_hard_exclusion	inside_PROSITE_SF3_like_94_254	annotated_functional_neighborhood	unknown_no_verified_A89_9A5_internal_epitope_mapping	loop_or_coil_supported	True	1.0	NA_no_residue_level_segment_file	NA_no_residue_level_segment_file	0.0785250216722488	0.0475169892112414	buried_or_unknown	0.429276163607056	3.540589771180839	interface_close	19.56241578397885	not_pore_proximal_or_unknown	83.23999786376953	False	NA_iupred_anchor_not_available_in_current_environment	NA_iupred_anchor_not_available_in_current_environment	unknown_or_moderate_flexibility_prior	interface_contact_density_proxy	no_major_available_disagreement	0.281008	0.925325	0			exact_aligned	high	-5.679239	direct_insert_strongly_deleterious	-2.945206	0.9623824451410659	0.9028213166144201	0.09717868338557989	MAP8	HA	plm_consensus_high_secondary_support	0	direct_homolog_conflicted_with_plm_context	156	16	no_close_mapped_RNA_contact	completed_with_explicit_NA_for_unavailable_disorder_and_boundary_segments
173|174	173	174	Q	N	HIGH_RISK	near_Walker_B	high_risk_not_hard_exclusion	inside_PROSITE_SF3_like_94_254	annotated_functional_neighborhood	unknown_no_verified_A89_9A5_internal_epitope_mapping	loop_or_coil_supported	True	1.0	NA_no_residue_level_segment_file	NA_no_residue_level_segment_file	0.2740916609764099	0.2881220271444728	partly_exposed	0.429276163607056	3.540589771180839	interface_close	14.6098804774453	pore_proximal_proxy	77.55999755859375	False	NA_iupred_anchor_not_available_in_current_environment	NA_iupred_anchor_not_available_in_current_environment	unknown_or_moderate_flexibility_prior	interface_contact_density_proxy	no_major_available_disagreement	0.281008	0.925325	0			exact_aligned	high	-5.669783	direct_insert_strongly_deleterious	-3.469486	0.8581504702194358	0.54858934169279	0.44200626959247646	G196_minimal	HA	plm_no_consensus_secondary_support	0	direct_homolog_conflicted_with_plm_context	156	17	pore_proximal_model_context	completed_with_explicit_NA_for_unavailable_disorder_and_boundary_segments
174|175	174	175	N	P	HIGH_RISK	near_Walker_B	high_risk_not_hard_exclusion	inside_PROSITE_SF3_like_94_254	annotated_functional_neighborhood	unknown_no_verified_A89_9A5_internal_epitope_mapping	loop_or_coil_supported	True	1.0	NA_no_residue_level_segment_file	NA_no_residue_level_segment_file	0.2740916609764099	0.2881220271444728	partly_exposed	0.0	6.622725715521305	not_close_or_unknown	14.6098804774453	pore_proximal_proxy	76.91999816894531	True	NA_iupred_anchor_not_available_in_current_environment	NA_iupred_anchor_not_available_in_current_environment	unknown_or_moderate_flexibility_prior	not_high_by_available_proxy	no_major_available_disagreement	0.281008	0.925325	0			exact_aligned	high	-6.002175	direct_insert_strongly_deleterious	-3.27463	0.7876175548589341	0.7084639498432601	0.21943573667711602	G196_minimal	MAP8	plm_consensus_moderate_secondary_support	0	direct_homolog_conflicted_with_plm_context	156	18	pore_proximal_model_context	completed_with_explicit_NA_for_unavailable_disorder_and_boundary_segments
175|176	175	176	P	S	HIGH_RISK	near_Walker_B	high_risk_not_hard_exclusion	inside_PROSITE_SF3_like_94_254	annotated_functional_neighborhood	unknown_no_verified_A89_9A5_internal_epitope_mapping	loop_or_coil_supported	True	1.0	NA_no_residue_level_segment_file	NA_no_residue_level_segment_file	0.2676988244056701	0.2866328988023983	partly_exposed	0.0	8.938145032535846	not_close_or_unknown	15.503618500595657	pore_proximal_proxy	76.91999816894531	True	NA_iupred_anchor_not_available_in_current_environment	NA_iupred_anchor_not_available_in_current_environment	unknown_or_moderate_flexibility_prior	not_high_by_available_proxy	no_major_available_disagreement	0.370562	0.888528	0			exact_aligned	high	-5.679239	direct_insert_strongly_deleterious	-3.205836	0.7664576802507836	0.6990595611285266	0.12225705329153613	G196_minimal	HA	plm_consensus_moderate_secondary_support	0	direct_homolog_conflicted_with_plm_context	156	19	pore_proximal_model_context	completed_with_explicit_NA_for_unavailable_disorder_and_boundary_segments
176|177	176	177	S	G	HIGH_RISK	near_Walker_B	high_risk_not_hard_exclusion	inside_PROSITE_SF3_like_94_254	annotated_functional_neighborhood	unknown_no_verified_A89_9A5_internal_epitope_mapping	loop_or_coil_supported	True	1.0	NA_no_residue_level_segment_file	NA_no_residue_level_segment_file	0.0	0.0	buried_or_unknown	0.0	6.894942130219226	not_close_or_unknown	15.503618500595657	pore_proximal_proxy	80.36000061035156	False	NA_iupred_anchor_not_available_in_current_environment	NA_iupred_anchor_not_available_in_current_environment	unknown_or_moderate_flexibility_prior	not_high_by_available_proxy	no_major_available_disagreement	0.385044	0.886364	0			exact_aligned	high	-5.729709	direct_insert_strongly_deleterious	-3.220697	0.7711598746081505	0.5893416927899686	0.32915360501567403	G196_practical_GS	HA	plm_no_consensus_secondary_support	0	direct_homolog_conflicted_with_plm_context	197	20	pore_proximal_model_context	completed_with_explicit_NA_for_unavailable_disorder_and_boundary_segments
177|178	177	178	G	E	CORE_CAUTION	A89_SF3_helicase_domain_by_PROSITE	not_hard_excluded	inside_PROSITE_SF3_like_94_254	atpase_core_region	unknown_no_verified_A89_9A5_internal_epitope_mapping	structured_or_uncertain	False	0.0	NA_no_residue_level_segment_file	NA_no_residue_level_segment_file	0.0	0.0	buried_or_unknown	0.0	6.445075245398348	not_close_or_unknown	13.994597698323298	pore_proximal_proxy	80.7300033569336	False	NA_iupred_anchor_not_available_in_current_environment	NA_iupred_anchor_not_available_in_current_environment	lower_flexibility_prior	not_high_by_available_proxy	no_major_available_disagreement	0.338621	0.897186	0			exact_aligned	high	-5.760548	direct_insert_strongly_deleterious	-2.697798	0.6653605015673982	0.43887147335423193	0.5078369905956114	MAP8	G196_practical_GS	tag_specific_disagreement	0	tag_specific_disagreement_direct_homolog_conflicted	197	19	pore_proximal_model_context	completed_with_explicit_NA_for_unavailable_disorder_and_boundary_segments
178|179	178	179	E	D	CORE_CAUTION	A89_SF3_helicase_domain_by_PROSITE	not_hard_excluded	inside_PROSITE_SF3_like_94_254	atpase_core_region	unknown_no_verified_A89_9A5_internal_epitope_mapping	structured_or_uncertain	False	0.0	NA_no_residue_level_segment_file	NA_no_residue_level_segment_file	0.0584539286792278	0.0144475710824363	buried_or_unknown	0.0	6.445075245398348	not_close_or_unknown	13.994597698323298	pore_proximal_proxy	83.12000274658203	False	NA_iupred_anchor_not_available_in_current_environment	NA_iupred_anchor_not_available_in_current_environment	lower_flexibility_prior	not_high_by_available_proxy	no_major_available_disagreement	0.338621	0.897186	0			exact_aligned	high	-5.738617	direct_insert_strongly_deleterious	-2.621626	0.5681818181818181	0.17554858934169282	0.7241379310344828	MAP8	G196_minimal	tag_specific_disagreement	0	tag_specific_disagreement_direct_homolog_conflicted	197	18	pore_proximal_model_context	completed_with_explicit_NA_for_unavailable_disorder_and_boundary_segments
179|180	179	180	D	M	CORE_CAUTION	A89_SF3_helicase_domain_by_PROSITE	not_hard_excluded	inside_PROSITE_SF3_like_94_254	atpase_core_region	unknown_no_verified_A89_9A5_internal_epitope_mapping	structured_or_uncertain	False	0.0	NA_no_residue_level_segment_file	NA_no_residue_level_segment_file	0.0	0.0006981317419558	buried_or_unknown	0.0	7.905215610796805	not_close_or_unknown	19.8160674660166	not_pore_proximal_or_unknown	86.2699966430664	False	NA_iupred_anchor_not_available_in_current_environment	NA_iupred_anchor_not_available_in_current_environment	lower_flexibility_prior	not_high_by_available_proxy	no_major_available_disagreement	0.338621	0.897186	0			exact_aligned	high	-5.711649	direct_insert_strongly_deleterious	-2.906151	0.505485893416928	0.10658307210031348	0.5736677115987461	MAP8	G196_minimal	tag_specific_disagreement	0	tag_specific_disagreement_direct_homolog_conflicted	197	17	no_close_mapped_RNA_contact	completed_with_explicit_NA_for_unavailable_disorder_and_boundary_segments
180|181	180	181	M	T	CORE_CAUTION	A89_SF3_helicase_domain_by_PROSITE	not_hard_excluded	inside_PROSITE_SF3_like_94_254	atpase_core_region	unknown_no_verified_A89_9A5_internal_epitope_mapping	structured_or_uncertain	False	0.0	NA_no_residue_level_segment_file	NA_no_residue_level_segment_file	0.0	0.0006981317419558	buried_or_unknown	0.643291560349486	3.540589771180839	interface_close	21.32647599943852	not_pore_proximal_or_unknown	86.33999633789062	False	NA_iupred_anchor_not_available_in_current_environment	NA_iupred_anchor_not_available_in_current_environment	lower_flexibility_prior	high_burial_contact_density_proxy	no_major_available_disagreement	0.338621	0.897186	0			exact_aligned	high	-5.815414	direct_insert_strongly_deleterious	-2.496047	0.46786833855799376	0.22257053291536055	0.4670846394984326	HA	G196_practical_GS	plm_no_consensus_secondary_support	0	direct_homolog_conflicted_with_plm_context	197	16	no_close_mapped_RNA_contact	completed_with_explicit_NA_for_unavailable_disorder_and_boundary_segments
181|182	181	182	T	L	CORE_CAUTION	A89_SF3_helicase_domain_by_PROSITE	not_hard_excluded	inside_PROSITE_SF3_like_94_254	atpase_core_region	unknown_no_verified_A89_9A5_internal_epitope_mapping	structured_or_uncertain	False	0.0	NA_no_residue_level_segment_file	NA_no_residue_level_segment_file	0.0865786001086235	0.0754176475120025	buried_or_unknown	0.643291560349486	3.540589771180839	interface_close	18.9099435238378	not_pore_proximal_or_unknown	87.41000366210938	False	NA_iupred_anchor_not_available_in_current_environment	NA_iupred_anchor_not_available_in_current_environment	lower_flexibility_prior	high_burial_contact_density_proxy	no_major_available_disagreement	0.338621	0.897186	0			exact_aligned	high	-5.743042	direct_insert_strongly_deleterious	-2.123685	0.6050156739811912	0.2068965517241379	0.6708463949843261	MAP8	G196_minimal	tag_specific_disagreement	0	tag_specific_disagreement_direct_homolog_conflicted	197	15	no_close_mapped_RNA_contact	completed_with_explicit_NA_for_unavailable_disorder_and_boundary_segments
182|183	182	183	L	F	CORE_CAUTION	A89_SF3_helicase_domain_by_PROSITE	not_hard_excluded	inside_PROSITE_SF3_like_94_254	atpase_core_region	unknown_no_verified_A89_9A5_internal_epitope_mapping	structured_or_uncertain	False	0.0	NA_no_residue_level_segment_file	NA_no_residue_level_segment_file	0.0010482885409146	0.0031412289374404	buried_or_unknown	0.119521839818005	6.275444728457803	not_close_or_unknown	18.9099435238378	not_pore_proximal_or_unknown	89.47000122070312	False	NA_iupred_anchor_not_available_in_current_environment	NA_iupred_anchor_not_available_in_current_environment	lower_flexibility_prior	not_high_by_available_proxy	no_major_available_disagreement	0.172899	0.939394	0			exact_aligned	high	-5.747447	direct_insert_strongly_deleterious	-2.413227	0.4192789968652037	0.15360501567398122	0.3730407523510971	G196_minimal	G196_practical_GS	plm_no_consensus_secondary_support	0	direct_homolog_conflicted_with_plm_context	197	14	no_close_mapped_RNA_contact	completed_with_explicit_NA_for_unavailable_disorder_and_boundary_segments
183|184	183	184	F	C	CORE_CAUTION	A89_SF3_helicase_domain_by_PROSITE	not_hard_excluded	inside_PROSITE_SF3_like_94_254	atpase_core_region	unknown_no_verified_A89_9A5_internal_epitope_mapping	structured_or_uncertain	False	0.0	NA_no_residue_level_segment_file	NA_no_residue_level_segment_file	0.0010482885409146	0.0031412289374404	buried_or_unknown	0.0	6.783514218005767	not_close_or_unknown	24.41129595288128	not_pore_proximal_or_unknown	88.51000213623047	False	NA_iupred_anchor_not_available_in_current_environment	NA_iupred_anchor_not_available_in_current_environment	lower_flexibility_prior	not_high_by_available_proxy	no_major_available_disagreement	0.172899	0.939394	0			exact_aligned	high	-5.470694	direct_insert_strongly_deleterious	-2.919141	0.14655172413793105	0.040752351097178674	0.3667711598746082	HA	G196_practical_GS	plm_no_consensus_secondary_support	0	direct_homolog_conflicted_with_plm_context	197	13	no_close_mapped_RNA_contact	completed_with_explicit_NA_for_unavailable_disorder_and_boundary_segments
184|185	184	185	C	Q	HIGH_RISK	near_cross-protomer_nucleotide_site	high_risk_not_hard_exclusion	inside_PROSITE_SF3_like_94_254	atpase_core_region	unknown_no_verified_A89_9A5_internal_epitope_mapping	structured_or_uncertain	False	0.0	NA_no_residue_level_segment_file	NA_no_residue_level_segment_file	0.1474146991968155	0.1109924459171866	buried_or_unknown	0.7181319568725637	2.8704863955599063	interface_close	22.30411756122751	not_pore_proximal_or_unknown	88.51000213623047	False	NA_iupred_anchor_not_available_in_current_environment	NA_iupred_anchor_not_available_in_current_environment	lower_flexibility_prior	high_burial_contact_density_proxy	no_major_available_disagreement	0.104036	0.961039	0			exact_aligned	high	-5.44128	direct_insert_strongly_deleterious	-2.818939	0.27821316614420066	0.050156739811912265	0.43887147335423193	MAP8	G196_practical_GS	plm_no_consensus_secondary_support	0	direct_homolog_conflicted_with_plm_context	197	12	no_close_mapped_RNA_contact	completed_with_explicit_NA_for_unavailable_disorder_and_boundary_segments
185|186	185	186	Q	M	HIGH_RISK	near_cross-protomer_nucleotide_site	high_risk_not_hard_exclusion	inside_PROSITE_SF3_like_94_254	atpase_core_region	unknown_no_verified_A89_9A5_internal_epitope_mapping	structured_or_uncertain	False	0.0	NA_no_residue_level_segment_file	NA_no_residue_level_segment_file	0.0	0.0	buried_or_unknown	0.7181319568725637	2.8704863955599063	interface_close	22.30411756122751	not_pore_proximal_or_unknown	89.95999908447266	False	NA_iupred_anchor_not_available_in_current_environment	NA_iupred_anchor_not_available_in_current_environment	lower_flexibility_prior	high_burial_contact_density_proxy	no_major_available_disagreement	0.192626	0.898268	0			exact_aligned	high	-5.843756	direct_insert_strongly_deleterious	-2.85324	0.2115987460815047	0.08150470219435735	0.3040752351097179	MAP8	G196_practical_GS	plm_no_consensus_secondary_support	0	direct_homolog_conflicted_with_plm_context	197	11	no_close_mapped_RNA_contact	completed_with_explicit_NA_for_unavailable_disorder_and_boundary_segments
186|187	186	187	M	V	HIGH_RISK	near_cross-protomer_nucleotide_site	high_risk_not_hard_exclusion	inside_PROSITE_SF3_like_94_254	atpase_core_region	unknown_no_verified_A89_9A5_internal_epitope_mapping	structured_or_uncertain	False	0.0	NA_no_residue_level_segment_file	NA_no_residue_level_segment_file	0.0	0.0	buried_or_unknown	0.0	6.6067742052669285	not_close_or_unknown	24.47622005049512	not_pore_proximal_or_unknown	91.69000244140624	False	NA_iupred_anchor_not_available_in_current_environment	NA_iupred_anchor_not_available_in_current_environment	lower_flexibility_prior	not_high_by_available_proxy	no_major_available_disagreement	0.207108	0.896104	0			exact_aligned	high	-5.621111	direct_insert_strongly_deleterious	-2.783148	0.15752351097178685	0.031347962382445194	0.2507836990595611	MAP8	G196_minimal	plm_no_consensus_secondary_support	0	direct_homolog_conflicted_with_plm_context	197	10	no_close_mapped_RNA_contact	completed_with_explicit_NA_for_unavailable_disorder_and_boundary_segments
187|188	187	188	V	S	HIGH_RISK	near_cross-protomer_nucleotide_site	high_risk_not_hard_exclusion	inside_PROSITE_SF3_like_94_254	atpase_core_region	unknown_no_verified_A89_9A5_internal_epitope_mapping	loop_or_coil_supported	True	1.0	NA_no_residue_level_segment_file	NA_no_residue_level_segment_file	0.0083387019112706	0.0017917258629282	buried_or_unknown	0.0797276531879213	5.268309800852204	not_close_or_unknown	29.35683285198182	not_pore_proximal_or_unknown	90.55999755859376	False	NA_iupred_anchor_not_available_in_current_environment	NA_iupred_anchor_not_available_in_current_environment	unknown_or_moderate_flexibility_prior	not_high_by_available_proxy	no_major_available_disagreement	0.132035	0.930736	0			exact_aligned	high	-5.782008	direct_insert_strongly_deleterious	-2.596711	0.2727272727272727	0.1316614420062696	0.36363636363636365	MAP8	HA	plm_no_consensus_secondary_support	0	direct_homolog_conflicted_with_plm_context	197	9	no_close_mapped_RNA_contact	completed_with_explicit_NA_for_unavailable_disorder_and_boundary_segments
188|189	188	189	S	S	EXCLUDE	EV_T196-equivalent_cross-protomer_nucleotide_site	hard_exclusion	inside_PROSITE_SF3_like_94_254	hard_functional_motif_or_domain	unknown_no_verified_A89_9A5_internal_epitope_mapping	loop_or_coil_supported	True	1.0	NA_no_residue_level_segment_file	NA_no_residue_level_segment_file	0.1433533877134323	0.0493453820546468	buried_or_unknown	0.9240060874914444	3.064004933818916	interface_close	31.121858727513484	not_pore_proximal_or_unknown	88.44000244140625	False	NA_iupred_anchor_not_available_in_current_environment	NA_iupred_anchor_not_available_in_current_environment	unknown_or_moderate_flexibility_prior	high_burial_contact_density_proxy	no_major_available_disagreement	0.132035	0.930736	0			exact_aligned	high	-5.927936	direct_insert_strongly_deleterious	-2.557475	0.43808777429467083	0.15360501567398122	0.457680250783699	MAP8	G196_minimal	plm_no_consensus_secondary_support	0	hard_excluded	197	8	no_close_mapped_RNA_contact	completed_with_explicit_NA_for_unavailable_disorder_and_boundary_segments
189|190	189	190	S	V	EXCLUDE	EV_T196-equivalent_cross-protomer_nucleotide_site	hard_exclusion	inside_PROSITE_SF3_like_94_254	hard_functional_motif_or_domain	unknown_no_verified_A89_9A5_internal_epitope_mapping	loop_or_coil_supported	True	1.0	NA_no_residue_level_segment_file	NA_no_residue_level_segment_file	0.4716141819953918	0.0493453820546468	surface_exposed	0.9240060874914444	3.064004933818916	interface_close	30.119000451796733	not_pore_proximal_or_unknown	88.29000091552734	False	NA_iupred_anchor_not_available_in_current_environment	NA_iupred_anchor_not_available_in_current_environment	higher_relative_flexibility_prior	high_burial_contact_density_proxy	no_major_available_disagreement	0.132035	0.930736	0			exact_aligned	high	-6.048772	direct_insert_strongly_deleterious	-2.582322	0.45924764890282144	0.15673981191222575	0.5172413793103449	HA	G196_minimal	tag_specific_disagreement	0	hard_excluded	197	7	no_close_mapped_RNA_contact	completed_with_explicit_NA_for_unavailable_disorder_and_boundary_segments
190|191	190	191	V	P	HIGH_RISK	near_cross-protomer_nucleotide_site	high_risk_not_hard_exclusion	inside_PROSITE_SF3_like_94_254	atpase_core_region	unknown_no_verified_A89_9A5_internal_epitope_mapping	loop_or_coil_supported	True	1.0	NA_no_residue_level_segment_file	NA_no_residue_level_segment_file	0.5197142958641052	0.1294112680515567	surface_exposed	0.872039381211823	3.171153234109988	interface_close	27.83829732409736	not_pore_proximal_or_unknown	87.12000274658203	False	NA_iupred_anchor_not_available_in_current_environment	NA_iupred_anchor_not_available_in_current_environment	higher_relative_flexibility_prior	high_burial_contact_density_proxy	no_major_available_disagreement	0.132035	0.930736	0			exact_aligned	high	-5.764877	direct_insert_strongly_deleterious	-2.781366	0.2609717868338558	0.10971786833855801	0.27899686520376177	HA	G196_minimal	plm_no_consensus_secondary_support	0	direct_homolog_conflicted_with_plm_context	197	6	RNA_contact_neighborhood	completed_with_explicit_NA_for_unavailable_disorder_and_boundary_segments
191|192	191	192	P	F	HIGH_RISK	near_cross-protomer_nucleotide_site	high_risk_not_hard_exclusion	inside_PROSITE_SF3_like_94_254	atpase_core_region	unknown_no_verified_A89_9A5_internal_epitope_mapping	loop_or_coil_supported	True	1.0	NA_no_residue_level_segment_file	NA_no_residue_level_segment_file	0.0812715366482734	0.0436835043960147	buried_or_unknown	0.7729921806629172	3.171153234109988	interface_close	22.58110688096868	not_pore_proximal_or_unknown	87.12000274658203	False	NA_iupred_anchor_not_available_in_current_environment	NA_iupred_anchor_not_available_in_current_environment	unknown_or_moderate_flexibility_prior	high_burial_contact_density_proxy	no_major_available_disagreement	0.132035	0.930736	0			exact_aligned	high	-5.819512	direct_insert_strongly_deleterious	-3.032315	0.45297805642633227	0.31034482758620685	0.28840125391849536	G196_practical_GS	HA	plm_no_consensus_secondary_support	0	direct_homolog_conflicted_with_plm_context	197	5	RNA_contact_neighborhood	completed_with_explicit_NA_for_unavailable_disorder_and_boundary_segments
192|193	192	193	F	I	HIGH_RISK	near_conserved_RNA-binding_triad;near_cross-protomer_nucleotide_site	high_risk_not_hard_exclusion	inside_PROSITE_SF3_like_94_254	annotated_functional_neighborhood	unknown_no_verified_A89_9A5_internal_epitope_mapping	loop_or_coil_supported	True	1.0	NA_no_residue_level_segment_file	NA_no_residue_level_segment_file	0.0812715366482734	0.0436835043960147	buried_or_unknown	0.6915975995083399	3.464012518758942	interface_close	20.930695533741225	not_pore_proximal_or_unknown	87.80000305175781	False	NA_iupred_anchor_not_available_in_current_environment	NA_iupred_anchor_not_available_in_current_environment	unknown_or_moderate_flexibility_prior	high_burial_contact_density_proxy	no_major_available_disagreement	0.132035	0.930736	0			exact_aligned	high	-6.008966	direct_insert_strongly_deleterious	-2.651246	0.3228840125391849	0.21003134796238243	0.2288401253918495	G196_minimal	MAP8	plm_no_consensus_secondary_support	0	direct_homolog_conflicted_with_plm_context	197	4	RNA_contact_neighborhood	completed_with_explicit_NA_for_unavailable_disorder_and_boundary_segments
193|194	193	194	I	P	HIGH_RISK	near_conserved_RNA-binding_triad;near_cross-protomer_nucleotide_site	high_risk_not_hard_exclusion	inside_PROSITE_SF3_like_94_254	annotated_functional_neighborhood	unknown_no_verified_A89_9A5_internal_epitope_mapping	loop_or_coil_supported	True	1.0	NA_no_residue_level_segment_file	NA_no_residue_level_segment_file	0.0329917259514331	0.013294430773713	buried_or_unknown	0.6915975995083399	3.464012518758942	interface_close	18.46381792856157	not_pore_proximal_or_unknown	87.80000305175781	False	NA_iupred_anchor_not_available_in_current_environment	NA_iupred_anchor_not_available_in_current_environment	unknown_or_moderate_flexibility_prior	high_burial_contact_density_proxy	no_major_available_disagreement	0.132035	0.930736	0			exact_aligned	high	-5.60096	direct_insert_strongly_deleterious	-2.529026	0.14811912225705326	0.09717868338557989	0.12852664576802508	HA	G196_practical_GS	plm_no_consensus_secondary_support	0	direct_homolog_conflicted_with_plm_context	197	3	RNA_contact_neighborhood	completed_with_explicit_NA_for_unavailable_disorder_and_boundary_segments
194|195	194	195	P	P	HIGH_RISK	near_conserved_RNA-binding_triad	high_risk_not_hard_exclusion	inside_PROSITE_SF3_like_94_254	annotated_functional_neighborhood	unknown_no_verified_A89_9A5_internal_epitope_mapping	loop_or_coil_supported	True	1.0	NA_no_residue_level_segment_file	NA_no_residue_level_segment_file	0.0329917259514331	0.013294430773713	buried_or_unknown	0.492507461153725	5.047389820068311	not_close_or_unknown	15.86613423276848	pore_proximal_proxy	88.33000183105469	False	NA_iupred_anchor_not_available_in_current_environment	NA_iupred_anchor_not_available_in_current_environment	unknown_or_moderate_flexibility_prior	not_high_by_available_proxy	no_major_available_disagreement	0.132035	0.930736	0			exact_aligned	high	-5.886731	direct_insert_strongly_deleterious	-3.009219	0.21473354231974923	0.12225705329153602	0.206896551724138	G196_minimal	G196_practical_GS	plm_no_consensus_secondary_support	0	direct_homolog_conflicted_with_plm_context	197	2	near_mapped_RNA_contact	completed_with_explicit_NA_for_unavailable_disorder_and_boundary_segments
195|196	195	196	P	M	HIGH_RISK	near_conserved_RNA-binding_triad	high_risk_not_hard_exclusion	inside_PROSITE_SF3_like_94_254	annotated_functional_neighborhood	unknown_no_verified_A89_9A5_internal_epitope_mapping	loop_or_coil_supported	True	1.0	NA_no_residue_level_segment_file	NA_no_residue_level_segment_file	0.0492977909743785	0.0205993725075608	buried_or_unknown	0.492507461153725	4.72042606524889	interface_close	12.705840261105305	pore_proximal_proxy	84.27999877929688	False	NA_iupred_anchor_not_available_in_current_environment	NA_iupred_anchor_not_available_in_current_environment	unknown_or_moderate_flexibility_prior	interface_contact_density_proxy	no_major_available_disagreement	0.132035	0.930736	0			exact_aligned	high	-5.8829	direct_insert_strongly_deleterious	-3.065769	0.22100313479623823	0.13793103448275867	0.23824451410658298	G196_minimal	HA	plm_no_consensus_secondary_support	0	direct_homolog_conflicted_with_plm_context	197	1	near_mapped_RNA_contact	completed_with_explicit_NA_for_unavailable_disorder_and_boundary_segments
196|197	196	197	M	A	EXCLUDE	CVB3_A204-equivalent_core_RNA_binding	hard_exclusion	inside_PROSITE_SF3_like_94_254	hard_functional_motif_or_domain	unknown_no_verified_A89_9A5_internal_epitope_mapping	loop_or_coil_supported	True	1.0	NA_no_residue_level_segment_file	NA_no_residue_level_segment_file	0.0492977909743785	0.0205993725075608	buried_or_unknown	0.094940352743897	4.72042606524889	interface_close	9.34773362579621	pore_proximal_proxy	81.5199966430664	False	NA_iupred_anchor_not_available_in_current_environment	NA_iupred_anchor_not_available_in_current_environment	unknown_or_moderate_flexibility_prior	interface_contact_density_proxy	no_major_available_disagreement	0.132035	0.930736	0			exact_aligned	high	-5.855661	direct_insert_strongly_deleterious	-3.161723	0.24608150470219434	0.1630094043887147	0.16927899686520376	G196_minimal	G196_practical_GS	plm_no_consensus_secondary_support	0	hard_excluded	197	0	near_mapped_RNA_contact	completed_with_explicit_NA_for_unavailable_disorder_and_boundary_segments
197|198	197	198	A	D	EXCLUDE	CVB3_A204-equivalent_core_RNA_binding	hard_exclusion	inside_PROSITE_SF3_like_94_254	hard_functional_motif_or_domain	unknown_no_verified_A89_9A5_internal_epitope_mapping	loop_or_coil_supported	True	1.0	NA_no_residue_level_segment_file	NA_no_residue_level_segment_file	0.3859667181968689	0.1585501883314063	surface_exposed	0.6654191682632886	3.0602122294381444	interface_close	9.34773362579621	pore_proximal_proxy	74.58999633789062	False	NA_iupred_anchor_not_available_in_current_environment	NA_iupred_anchor_not_available_in_current_environment	higher_relative_flexibility_prior	high_burial_contact_density_proxy	no_major_available_disagreement	0.043445	0.993506	0			exact_aligned	high	-5.516028	direct_insert_strongly_deleterious	-2.105399	0.25783699059561127	0.1410658307210031	0.27586206896551724	HA	G196_practical_GS	plm_no_consensus_secondary_support	0	hard_excluded	197	0	near_mapped_RNA_contact	completed_with_explicit_NA_for_unavailable_disorder_and_boundary_segments
198|199	198	199	D	L	EXCLUDE	CVB3_L206-equivalent_core_RNA_binding	hard_exclusion	inside_PROSITE_SF3_like_94_254	hard_functional_motif_or_domain	unknown_no_verified_A89_9A5_internal_epitope_mapping	loop_or_coil_supported	True	0.6666666666666666	NA_no_residue_level_segment_file	NA_no_residue_level_segment_file	0.4525977075099945	0.1585501883314063	surface_exposed	0.6654191682632886	3.0602122294381444	interface_close	8.076368499194347	pore_proximal_proxy	64.3499984741211	False	NA_iupred_anchor_not_available_in_current_environment	NA_iupred_anchor_not_available_in_current_environment	higher_relative_flexibility_prior	high_burial_contact_density_proxy	no_major_available_disagreement	0.043445	0.993507	0			exact_aligned	high	-5.811299	direct_insert_strongly_deleterious	-1.812737	0.31896551724137934	0.13793103448275867	0.2821316614420062	HA	G196_minimal	plm_no_consensus_secondary_support	0	hard_excluded	199	0	near_mapped_RNA_contact	completed_with_explicit_NA_for_unavailable_disorder_and_boundary_segments
199|200	199	200	L	P	EXCLUDE	CVB3_L206-equivalent_core_RNA_binding	hard_exclusion	inside_PROSITE_SF3_like_94_254	hard_functional_motif_or_domain	unknown_no_verified_A89_9A5_internal_epitope_mapping	loop_or_coil_supported	True	0.6666666666666666	NA_no_residue_level_segment_file	NA_no_residue_level_segment_file	0.6373388171195984	0.4347440615222229	surface_exposed	0.4879482142817192	3.0602122294381444	interface_close	8.076368499194347	pore_proximal_proxy	64.3499984741211	False	NA_iupred_anchor_not_available_in_current_environment	NA_iupred_anchor_not_available_in_current_environment	higher_relative_flexibility_prior	interface_contact_density_proxy	no_major_available_disagreement	0.092378	0.985931	0			exact_aligned	high	-5.725224	direct_insert_strongly_deleterious	-2.309557	0.37931034482758624	0.29780564263322884	0.2821316614420063	HA	G196_practical_GS	plm_no_consensus_secondary_support	0	hard_excluded	199	0	near_mapped_RNA_contact	completed_with_explicit_NA_for_unavailable_disorder_and_boundary_segments
200|201	200	201	P	D	HIGH_RISK	near_conserved_RNA-binding_triad	high_risk_not_hard_exclusion	inside_PROSITE_SF3_like_94_254	annotated_functional_neighborhood	unknown_no_verified_A89_9A5_internal_epitope_mapping	loop_or_coil_supported	True	0.6666666666666666	NA_no_residue_level_segment_file	NA_no_residue_level_segment_file	0.1993094980716705	0.119249562937155	partly_exposed	0.0896385611820902	5.628003406900019	not_close_or_unknown	11.283730070444316	pore_proximal_proxy	67.37999725341797	False	NA_iupred_anchor_not_available_in_current_environment	NA_iupred_anchor_not_available_in_current_environment	unknown_or_moderate_flexibility_prior	not_high_by_available_proxy	no_major_available_disagreement	0.077896	0.988095	0			exact_aligned	high	-5.379723	direct_insert_strongly_deleterious	-1.928221	0.47178683385579934	0.24137931034482762	0.4451410658307209	HA	MAP8	plm_no_consensus_secondary_support	2	direct_homolog_conflicted_with_plm_context	199	1	near_mapped_RNA_contact	completed_with_explicit_NA_for_unavailable_disorder_and_boundary_segments
201|202	201	202	D	K	EXCLUDE	CVB3_K209-equivalent_core_RNA_binding	hard_exclusion	inside_PROSITE_SF3_like_94_254	hard_functional_motif_or_domain	unknown_no_verified_A89_9A5_internal_epitope_mapping	loop_or_coil_supported	True	0.6666666666666666	NA_no_residue_level_segment_file	NA_no_residue_level_segment_file	0.1993094980716705	0.119249562937155	partly_exposed	0.6126751116601705	2.5938429247427166	interface_close	11.819217195769443	pore_proximal_proxy	71.48999786376953	False	NA_iupred_anchor_not_available_in_current_environment	NA_iupred_anchor_not_available_in_current_environment	unknown_or_moderate_flexibility_prior	high_burial_contact_density_proxy	no_major_available_disagreement	0.167959	0.911255	0			exact_aligned	high	-5.707083	direct_insert_strongly_deleterious	-2.391072	0.5462382445141065	0.4012539184952978	0.2288401253918496	G196_minimal	G196_practical_GS	plm_no_consensus_secondary_support	0	hard_excluded	202	0	near_mapped_RNA_contact	completed_with_explicit_NA_for_unavailable_disorder_and_boundary_segments
202|203	202	203	K	G	EXCLUDE	CVB3_K209-equivalent_core_RNA_binding	hard_exclusion	inside_PROSITE_SF3_like_94_254	hard_functional_motif_or_domain	unknown_no_verified_A89_9A5_internal_epitope_mapping	loop_or_coil_supported	True	1.0	NA_no_residue_level_segment_file	NA_no_residue_level_segment_file	0.3197984993457794	0.2273838560459977	partly_exposed	0.6126751116601705	2.5938429247427166	interface_close	11.819217195769443	pore_proximal_proxy	71.48999786376953	False	NA_iupred_anchor_not_available_in_current_environment	NA_iupred_anchor_not_available_in_current_environment	unknown_or_moderate_flexibility_prior	high_burial_contact_density_proxy	no_major_available_disagreement	0.167959	0.911255	0			exact_aligned	high	-6.07762	direct_insert_strongly_deleterious	-2.555489	0.3565830721003136	0.11285266457680254	0.6363636363636364	HA	G196_practical_GS	tag_specific_disagreement	0	hard_excluded	202	0	near_mapped_RNA_contact	completed_with_explicit_NA_for_unavailable_disorder_and_boundary_segments
203|204	203	204	G	K	HIGH_RISK	near_Motif_C;near_conserved_RNA-binding_triad	high_risk_not_hard_exclusion	inside_PROSITE_SF3_like_94_254	annotated_functional_neighborhood	unknown_no_verified_A89_9A5_internal_epitope_mapping	loop_or_coil_supported	True	1.0	NA_no_residue_level_segment_file	NA_no_residue_level_segment_file	0.1103634610772132	0.0712731443556015	buried_or_unknown	0.0989452584542893	5.391153074014136	not_close_or_unknown	18.696156860729825	not_pore_proximal_or_unknown	76.2699966430664	False	NA_iupred_anchor_not_available_in_current_environment	NA_iupred_anchor_not_available_in_current_environment	unknown_or_moderate_flexibility_prior	not_high_by_available_proxy	no_major_available_disagreement	0.263757	0.834416	0			exact_aligned	high	-3.061137	direct_insert_strongly_deleterious	-1.711801	0.18652037617554856	0.07523510971786829	0.27586206896551724	MAP8	G196_practical_GS	plm_no_consensus_secondary_support	4	direct_homolog_conflicted_with_plm_context	202	1	near_mapped_RNA_contact	completed_with_explicit_NA_for_unavailable_disorder_and_boundary_segments
204|205	204	205	K	P	HIGH_RISK	near_Motif_C;near_conserved_RNA-binding_triad	high_risk_not_hard_exclusion	inside_PROSITE_SF3_like_94_254	annotated_functional_neighborhood	unknown_no_verified_A89_9A5_internal_epitope_mapping	loop_or_coil_supported	True	1.0	NA_no_residue_level_segment_file	NA_no_residue_level_segment_file	0.0593370832502841	0.0297597839147539	buried_or_unknown	0.7941176447280667	5.035842056179133	not_close_or_unknown	18.99606341911684	not_pore_proximal_or_unknown	83.22000122070312	False	NA_iupred_anchor_not_available_in_current_environment	NA_iupred_anchor_not_available_in_current_environment	unknown_or_moderate_flexibility_prior	high_burial_contact_density_proxy	no_major_available_disagreement	0.323042	0.818182	0			exact_aligned	high	-5.751833	direct_insert_strongly_deleterious	-0.854012	0.39733542319749215	0.18808777429467083	0.45141065830721006	MAP8	G196_practical_GS	plm_no_consensus_secondary_support	2	direct_homolog_conflicted_with_plm_context	202	2	near_mapped_RNA_contact	completed_with_explicit_NA_for_unavailable_disorder_and_boundary_segments
205|206	205	206	P	F	HIGH_RISK	near_Motif_C;near_conserved_RNA-binding_triad	high_risk_not_hard_exclusion	inside_PROSITE_SF3_like_94_254	annotated_functional_neighborhood	unknown_no_verified_A89_9A5_internal_epitope_mapping	loop_or_coil_supported	True	1.0	NA_no_residue_level_segment_file	NA_no_residue_level_segment_file	0.0079057309776544	0.000387535818542	buried_or_unknown	0.7941176447280667	5.035842056179133	not_close_or_unknown	23.953375449504964	not_pore_proximal_or_unknown	86.19999694824219	False	NA_iupred_anchor_not_available_in_current_environment	NA_iupred_anchor_not_available_in_current_environment	unknown_or_moderate_flexibility_prior	high_burial_contact_density_proxy	no_major_available_disagreement	0.331375	0.817100	0			exact_aligned	high	-5.693258	direct_insert_strongly_deleterious	-1.599586	0.7123824451410659	0.5454545454545454	0.420062695924765	HA	MAP8	plm_no_consensus_secondary_support	2	direct_homolog_conflicted_with_plm_context	202	3	RNA_contact_neighborhood	completed_with_explicit_NA_for_unavailable_disorder_and_boundary_segments
206|207	206	207	F	T	HIGH_RISK	near_Motif_C;near_conserved_RNA-binding_triad	high_risk_not_hard_exclusion	inside_PROSITE_SF3_like_94_254	annotated_functional_neighborhood	unknown_no_verified_A89_9A5_internal_epitope_mapping	loop_or_coil_supported	True	1.0	NA_no_residue_level_segment_file	NA_no_residue_level_segment_file	0.0079057309776544	0.000387535818542	buried_or_unknown	0.0	7.9544997107276	not_close_or_unknown	24.93008832015226	not_pore_proximal_or_unknown	89.0999984741211	False	NA_iupred_anchor_not_available_in_current_environment	NA_iupred_anchor_not_available_in_current_environment	unknown_or_moderate_flexibility_prior	not_high_by_available_proxy	no_major_available_disagreement	0.392812	0.799784	0			exact_aligned	high	-5.743042	direct_insert_strongly_deleterious	-1.690597	0.5078369905956113	0.15360501567398122	0.6300940438871473	G196_minimal	MAP8	tag_specific_disagreement	2	tag_specific_disagreement_direct_homolog_conflicted	202	4	RNA_contact_neighborhood	completed_with_explicit_NA_for_unavailable_disorder_and_boundary_segments
207|208	207	208	T	S	HIGH_RISK	near_Motif_C	high_risk_not_hard_exclusion	inside_PROSITE_SF3_like_94_254	annotated_functional_neighborhood	unknown_no_verified_A89_9A5_internal_epitope_mapping	loop_or_coil_supported	True	1.0	NA_no_residue_level_segment_file	NA_no_residue_level_segment_file	0.0230421293526887	0.0072494448513113	buried_or_unknown	0.0	7.9544997107276	not_close_or_unknown	27.447961079387124	not_pore_proximal_or_unknown	89.41999816894531	False	NA_iupred_anchor_not_available_in_current_environment	NA_iupred_anchor_not_available_in_current_environment	unknown_or_moderate_flexibility_prior	not_high_by_available_proxy	no_major_available_disagreement	0.458189	0.735931	0			exact_aligned	high	-5.459032	direct_insert_strongly_deleterious	-1.756717	0.542319749216301	0.14420062695924762	0.8119122257053292	G196_minimal	MAP8	tag_specific_disagreement	2	tag_specific_disagreement_direct_homolog_conflicted	202	5	RNA_contact_neighborhood	completed_with_explicit_NA_for_unavailable_disorder_and_boundary_segments
208|209	208	209	S	K	HIGH_RISK	near_Motif_C	high_risk_not_hard_exclusion	inside_PROSITE_SF3_like_94_254	annotated_functional_neighborhood	unknown_no_verified_A89_9A5_internal_epitope_mapping	loop_or_coil_supported	True	1.0	NA_no_residue_level_segment_file	NA_no_residue_level_segment_file	0.0230421293526887	0.0072494448513113	buried_or_unknown	0.0	9.322549149143043	not_close_or_unknown	27.447961079387124	not_pore_proximal_or_unknown	92.4000015258789	False	NA_iupred_anchor_not_available_in_current_environment	NA_iupred_anchor_not_available_in_current_environment	unknown_or_moderate_flexibility_prior	not_high_by_available_proxy	no_major_available_disagreement	0.458189	0.735931	0			exact_aligned	high	-5.611086	direct_insert_strongly_deleterious	-2.627584	0.4130094043887148	0.12539184952978055	0.664576802507837	G196_minimal	MAP8	tag_specific_disagreement	0	tag_specific_disagreement_direct_homolog_conflicted	202	6	RNA_contact_neighborhood	completed_with_explicit_NA_for_unavailable_disorder_and_boundary_segments
209|210	209	210	K	F	EXCLUDE	Motif_C_region	hard_exclusion	inside_PROSITE_SF3_like_94_254	hard_functional_motif_or_domain	unknown_no_verified_A89_9A5_internal_epitope_mapping	structured_or_uncertain	False	0.0	NA_no_residue_level_segment_file	NA_no_residue_level_segment_file	0.031972799450159	0.0239655504624048	buried_or_unknown	0.0	8.544297885702722	not_close_or_unknown	31.044222872402766	not_pore_proximal_or_unknown	94.29000091552734	False	NA_iupred_anchor_not_available_in_current_environment	NA_iupred_anchor_not_available_in_current_environment	lower_flexibility_prior	not_high_by_available_proxy	no_major_available_disagreement	0.458189	0.735931	0			exact_aligned	high	-5.898138	direct_insert_strongly_deleterious	-2.584769	0.5932601880877744	0.3793103448275862	0.42946708463949845	G196_minimal	MAP8	plm_no_consensus_secondary_support	0	hard_excluded	216	6	RNA_contact_neighborhood	completed_with_explicit_NA_for_unavailable_disorder_and_boundary_segments
210|211	210	211	F	V	EXCLUDE	Motif_C_region	hard_exclusion	inside_PROSITE_SF3_like_94_254	hard_functional_motif_or_domain	unknown_no_verified_A89_9A5_internal_epitope_mapping	structured_or_uncertain	False	0.0	NA_no_residue_level_segment_file	NA_no_residue_level_segment_file	0.0	0.0	buried_or_unknown	0.0	8.544297885702722	not_close_or_unknown	29.30911228043765	not_pore_proximal_or_unknown	95.62999725341795	False	NA_iupred_anchor_not_available_in_current_environment	NA_iupred_anchor_not_available_in_current_environment	lower_flexibility_prior	not_high_by_available_proxy	no_major_available_disagreement	0.443707	0.738095	0			exact_aligned	high	-5.956871	direct_insert_strongly_deleterious	-2.52948	0.7641065830721003	0.47335423197492166	0.39498432601880873	G196_minimal	MAP8	plm_no_consensus_secondary_support	0	hard_excluded	216	5	RNA_contact_neighborhood	completed_with_explicit_NA_for_unavailable_disorder_and_boundary_segments
211|212	211	212	V	L	EXCLUDE	Motif_C_region	hard_exclusion	inside_PROSITE_SF3_like_94_254	hard_functional_motif_or_domain	unknown_no_verified_A89_9A5_internal_epitope_mapping	structured_or_uncertain	False	0.0	NA_no_residue_level_segment_file	NA_no_residue_level_segment_file	0.0	0.0	buried_or_unknown	0.0	9.96772276626514	not_close_or_unknown	29.30911228043765	not_pore_proximal_or_unknown	95.6500015258789	False	NA_iupred_anchor_not_available_in_current_environment	NA_iupred_anchor_not_available_in_current_environment	lower_flexibility_prior	not_high_by_available_proxy	no_major_available_disagreement	0.416917	0.740260	0			exact_aligned	high	-5.84774	direct_insert_strongly_deleterious	-2.134939	0.08072100313479627	0.021943573667711602	0.19749216300940442	G196_minimal	MAP8	plm_no_consensus_secondary_support	0	hard_excluded	216	4	RNA_contact_neighborhood	completed_with_explicit_NA_for_unavailable_disorder_and_boundary_segments
212|213	212	213	L	A	EXCLUDE	Motif_C_region	hard_exclusion	inside_PROSITE_SF3_like_94_254	hard_functional_motif_or_domain	unknown_no_verified_A89_9A5_internal_epitope_mapping	structured_or_uncertain	False	0.0	NA_no_residue_level_segment_file	NA_no_residue_level_segment_file	0.000865196227096	0.0011739726881087	buried_or_unknown	0.0	9.96772276626514	not_close_or_unknown	29.523206152523425	not_pore_proximal_or_unknown	94.6999969482422	False	NA_iupred_anchor_not_available_in_current_environment	NA_iupred_anchor_not_available_in_current_environment	lower_flexibility_prior	not_high_by_available_proxy	no_major_available_disagreement	0.573147	0.673160	0			exact_aligned	high	-5.33426	direct_insert_strongly_deleterious	-2.1953	0.08463949843260188	0.047021943573667735	0.13793103448275856	G196_practical_GS	HA	plm_no_consensus_secondary_support	0	hard_excluded	216	3	RNA_contact_neighborhood	completed_with_explicit_NA_for_unavailable_disorder_and_boundary_segments
213|214	213	214	A	S	EXCLUDE	Motif_C_region	hard_exclusion	inside_PROSITE_SF3_like_94_254	hard_functional_motif_or_domain	unknown_no_verified_A89_9A5_internal_epitope_mapping	structured_or_uncertain	False	0.0	NA_no_residue_level_segment_file	NA_no_residue_level_segment_file	0.0	0.0006952040538352	buried_or_unknown	0.0	7.553921567998839	not_close_or_unknown	28.319143889141884	not_pore_proximal_or_unknown	94.41999816894533	False	NA_iupred_anchor_not_available_in_current_environment	NA_iupred_anchor_not_available_in_current_environment	lower_flexibility_prior	not_high_by_available_proxy	no_major_available_disagreement	0.571086	0.728355	0			exact_aligned	high	-5.176226	direct_insert_strongly_deleterious	-2.479039	0.28448275862068967	0.053291536050156685	0.45141065830721017	MAP8	HA	plm_no_consensus_secondary_support	0	hard_excluded	216	2	near_mapped_RNA_contact	completed_with_explicit_NA_for_unavailable_disorder_and_boundary_segments
214|215	214	215	S	T	EXCLUDE	Motif_C_region	hard_exclusion	inside_PROSITE_SF3_like_94_254	hard_functional_motif_or_domain	unknown_no_verified_A89_9A5_internal_epitope_mapping	structured_or_uncertain	False	0.0	NA_no_residue_level_segment_file	NA_no_residue_level_segment_file	0.0	0.0	buried_or_unknown	0.0	7.553921567998839	not_close_or_unknown	27.902900752784983	not_pore_proximal_or_unknown	93.08000183105467	False	NA_iupred_anchor_not_available_in_current_environment	NA_iupred_anchor_not_available_in_current_environment	lower_flexibility_prior	not_high_by_available_proxy	no_major_available_disagreement	0.571086	0.728355	0			exact_aligned	high	-4.825647	direct_insert_strongly_deleterious	-2.564867	0.3706896551724138	0.18808777429467083	0.445141065830721	G196_practical_GS	HA	plm_no_consensus_secondary_support	0	hard_excluded	216	1	near_mapped_RNA_contact	completed_with_explicit_NA_for_unavailable_disorder_and_boundary_segments
215|216	215	216	T	N	EXCLUDE	Motif_C_region	hard_exclusion	inside_PROSITE_SF3_like_94_254	hard_functional_motif_or_domain	unknown_no_verified_A89_9A5_internal_epitope_mapping	structured_or_uncertain	False	0.0	NA_no_residue_level_segment_file	NA_no_residue_level_segment_file	0.0	0.0	buried_or_unknown	0.0751113823859132	5.538200907625518	not_close_or_unknown	27.902900752784983	not_pore_proximal_or_unknown	91.01000213623048	False	NA_iupred_anchor_not_available_in_current_environment	NA_iupred_anchor_not_available_in_current_environment	lower_flexibility_prior	not_high_by_available_proxy	no_major_available_disagreement	0.586460	0.732684	0			exact_aligned	high	-5.913148	direct_insert_strongly_deleterious	-2.805603	0.3785266457680251	0.24764890282131657	0.3134796238244514	G196_minimal	HA	plm_no_consensus_secondary_support	0	hard_excluded	216	0	near_mapped_RNA_contact	completed_with_explicit_NA_for_unavailable_disorder_and_boundary_segments
216|217	216	217	N	H	EXCLUDE	Motif_C_region	hard_exclusion	inside_PROSITE_SF3_like_94_254	hard_functional_motif_or_domain	unknown_no_verified_A89_9A5_internal_epitope_mapping	loop_or_coil_supported	True	1.0	NA_no_residue_level_segment_file	NA_no_residue_level_segment_file	0.3227745592594147	0.3061352102165548	partly_exposed	0.0751113823859132	5.538200907625518	not_close_or_unknown	24.56713399674545	not_pore_proximal_or_unknown	86.62999725341797	True	NA_iupred_anchor_not_available_in_current_environment	NA_iupred_anchor_not_available_in_current_environment	unknown_or_moderate_flexibility_prior	not_high_by_available_proxy	no_major_available_disagreement	0.527175	0.748918	0			exact_aligned	high	-5.827659	direct_insert_strongly_deleterious	-2.527288	0.47021943573667707	0.3166144200626959	0.3699059561128526	MAP8	HA	plm_no_consensus_secondary_support	0	hard_excluded	216	0	near_mapped_RNA_contact	completed_with_explicit_NA_for_unavailable_disorder_and_boundary_segments
217|218	217	218	H	T	HIGH_RISK	near_Motif_C	high_risk_not_hard_exclusion	inside_PROSITE_SF3_like_94_254	annotated_functional_neighborhood	unknown_no_verified_A89_9A5_internal_epitope_mapping	loop_or_coil_supported	True	1.0	NA_no_residue_level_segment_file	NA_no_residue_level_segment_file	0.3455619812011719	0.329343665213812	partly_exposed	0.0	7.911072576653654	not_close_or_unknown	24.56713399674545	not_pore_proximal_or_unknown	83.30000305175781	True	NA_iupred_anchor_not_available_in_current_environment	NA_iupred_anchor_not_available_in_current_environment	unknown_or_moderate_flexibility_prior	not_high_by_available_proxy	no_major_available_disagreement	0.518842	0.750000	0			exact_aligned	high	-5.86352	direct_insert_strongly_deleterious	-1.501894	0.6089341692789968	0.41692789968652033	0.5579937304075235	MAP8	G196_practical_GS	tag_specific_disagreement	0	tag_specific_disagreement_direct_homolog_conflicted	216	1	near_mapped_RNA_contact	completed_with_explicit_NA_for_unavailable_disorder_and_boundary_segments
218|219	218	219	T	L	HIGH_RISK	near_Motif_C	high_risk_not_hard_exclusion	inside_PROSITE_SF3_like_94_254	annotated_functional_neighborhood	unknown_no_verified_A89_9A5_internal_epitope_mapping	loop_or_coil_supported	True	1.0	NA_no_residue_level_segment_file	NA_no_residue_level_segment_file	0.5728961825370789	0.6229665512666971	surface_exposed	0.0	9.89547660601859	not_close_or_unknown	28.688348824309667	not_pore_proximal_or_unknown	76.91999816894531	True	NA_iupred_anchor_not_available_in_current_environment	NA_iupred_anchor_not_available_in_current_environment	higher_relative_flexibility_prior	not_high_by_available_proxy	no_major_available_disagreement	0.457405	0.767316	0			exact_aligned	high	-5.760548	direct_insert_strongly_deleterious	-1.238472	0.40752351097178685	0.09404388714733547	0.7711598746081504	MAP8	G196_minimal	tag_specific_disagreement	5	tag_specific_disagreement_direct_homolog_conflicted	216	2	near_mapped_RNA_contact	completed_with_explicit_NA_for_unavailable_disorder_and_boundary_segments
219|220	219	220	L	L	HIGH_RISK	near_Motif_C	high_risk_not_hard_exclusion	inside_PROSITE_SF3_like_94_254	annotated_functional_neighborhood	unknown_no_verified_A89_9A5_internal_epitope_mapping	loop_or_coil_supported	True	1.0	NA_no_residue_level_segment_file	NA_no_residue_level_segment_file	0.0625561103224754	0.0493517356923168	buried_or_unknown	0.0	12.287347589430668	not_close_or_unknown	27.83058000197886	not_pore_proximal_or_unknown	74.80999755859375	False	NA_iupred_anchor_not_available_in_current_environment	NA_iupred_anchor_not_available_in_current_environment	unknown_or_moderate_flexibility_prior	not_high_by_available_proxy	no_major_available_disagreement	0.420923	0.753247	0			exact_aligned	high	-5.935248	direct_insert_strongly_deleterious	-2.268992	0.3495297805642633	0.12225705329153602	0.5611285266457681	MAP8	HA	tag_specific_disagreement	0	tag_specific_disagreement_direct_homolog_conflicted	216	3	RNA_contact_neighborhood	completed_with_explicit_NA_for_unavailable_disorder_and_boundary_segments
220|221	220	221	L	T	HIGH_RISK	near_Motif_C	high_risk_not_hard_exclusion	inside_PROSITE_SF3_like_94_254	annotated_functional_neighborhood	unknown_no_verified_A89_9A5_internal_epitope_mapping	loop_or_coil_supported	True	1.0	NA_no_residue_level_segment_file	NA_no_residue_level_segment_file	0.0625561103224754	0.0493517356923168	buried_or_unknown	0.0	12.62011071164616	not_close_or_unknown	24.040296192295177	not_pore_proximal_or_unknown	73.88999938964844	False	NA_iupred_anchor_not_available_in_current_environment	NA_iupred_anchor_not_available_in_current_environment	unknown_or_moderate_flexibility_prior	not_high_by_available_proxy	no_major_available_disagreement	0.475932	0.684168	0			exact_aligned	high	-5.729709	direct_insert_strongly_deleterious	-2.920014	0.19670846394984323	0.08150470219435735	0.3134796238244514	G196_minimal	HA	plm_no_consensus_secondary_support	0	direct_homolog_conflicted_with_plm_context	216	4	RNA_contact_neighborhood	completed_with_explicit_NA_for_unavailable_disorder_and_boundary_segments
221|222	221	222	T	P	HIGH_RISK	near_Motif_C	high_risk_not_hard_exclusion	inside_PROSITE_SF3_like_94_254	annotated_functional_neighborhood	unknown_no_verified_A89_9A5_internal_epitope_mapping	loop_or_coil_supported	True	1.0	NA_no_residue_level_segment_file	NA_no_residue_level_segment_file	0.0365014858543872	0.0237008903011585	buried_or_unknown	0.0	10.157283650529616	not_close_or_unknown	23.15840108073329	not_pore_proximal_or_unknown	70.05000305175781	False	NA_iupred_anchor_not_available_in_current_environment	NA_iupred_anchor_not_available_in_current_environment	unknown_or_moderate_flexibility_prior	not_high_by_available_proxy	no_major_available_disagreement	0.541900	0.669016	0			exact_aligned	high	-5.790465	direct_insert_strongly_deleterious	-2.754301	0.20454545454545456	0.09404388714733547	0.26645768025078365	MAP8	HA	plm_no_consensus_secondary_support	0	direct_homolog_conflicted_with_plm_context	216	5	RNA_contact_neighborhood	completed_with_explicit_NA_for_unavailable_disorder_and_boundary_segments
222|223	222	223	P	P	HIGH_RISK	near_Motif_C	high_risk_not_hard_exclusion	inside_PROSITE_SF3_like_94_254	annotated_functional_neighborhood	unknown_no_verified_A89_9A5_internal_epitope_mapping	loop_or_coil_supported	True	1.0	NA_no_residue_level_segment_file	NA_no_residue_level_segment_file	0.0365014858543872	0.0237008903011585	buried_or_unknown	0.0	8.380347307243023	not_close_or_unknown	19.5885843042815	not_pore_proximal_or_unknown	68.27999877929688	False	NA_iupred_anchor_not_available_in_current_environment	NA_iupred_anchor_not_available_in_current_environment	unknown_or_moderate_flexibility_prior	not_high_by_available_proxy	no_major_available_disagreement	0.604528	0.653865	0			exact_aligned	high	-5.871317	direct_insert_strongly_deleterious	-2.823579	0.15203761755485895	0.0658307210031348	0.17554858934169282	G196_minimal	HA	plm_no_consensus_secondary_support	0	direct_homolog_conflicted_with_plm_context	216	6	RNA_contact_neighborhood	completed_with_explicit_NA_for_unavailable_disorder_and_boundary_segments
223|224	223	224	P	T	CORE_CAUTION	A89_SF3_helicase_domain_by_PROSITE	not_hard_excluded	inside_PROSITE_SF3_like_94_254	atpase_core_region	unknown_no_verified_A89_9A5_internal_epitope_mapping	loop_or_coil_supported	True	1.0	NA_no_residue_level_segment_file	NA_no_residue_level_segment_file	0.3913344442844391	0.3593920996022778	surface_exposed	0.1508818335767789	5.346008486982729	not_close_or_unknown	19.5885843042815	not_pore_proximal_or_unknown	68.27999877929688	False	NA_iupred_anchor_not_available_in_current_environment	NA_iupred_anchor_not_available_in_current_environment	higher_relative_flexibility_prior	not_high_by_available_proxy	no_major_available_disagreement	0.694327	0.630055	0			exact_aligned	high	-5.978036	direct_insert_strongly_deleterious	-2.597339	0.09796238244514108	0.050156739811912265	0.15987460815047017	MAP8	HA	plm_no_consensus_secondary_support	0	direct_homolog_conflicted_with_plm_context	216	7	no_close_mapped_RNA_contact	completed_with_explicit_NA_for_unavailable_disorder_and_boundary_segments
224|225	224	225	T	V	CORE_CAUTION	A89_SF3_helicase_domain_by_PROSITE	not_hard_excluded	inside_PROSITE_SF3_like_94_254	atpase_core_region	unknown_no_verified_A89_9A5_internal_epitope_mapping	loop_or_coil_supported	True	1.0	NA_no_residue_level_segment_file	NA_no_residue_level_segment_file	0.1611832082271576	0.1407242616017659	partly_exposed	0.1508818335767789	5.346008486982729	not_close_or_unknown	19.93901098037618	not_pore_proximal_or_unknown	67.30000305175781	False	NA_iupred_anchor_not_available_in_current_environment	NA_iupred_anchor_not_available_in_current_environment	unknown_or_moderate_flexibility_prior	not_high_by_available_proxy	no_major_available_disagreement	0.538097	0.697155	0			exact_aligned	high	-3.51897	direct_insert_strongly_deleterious	-2.552814	0.1489028213166144	0.037617554858934144	0.3605015673981191	MAP8	G196_practical_GS	plm_no_consensus_secondary_support	0	direct_homolog_conflicted_with_plm_context	233	8	no_close_mapped_RNA_contact	completed_with_explicit_NA_for_unavailable_disorder_and_boundary_segments
225|226	225	226	V	S	CORE_CAUTION	A89_SF3_helicase_domain_by_PROSITE	not_hard_excluded	inside_PROSITE_SF3_like_94_254	atpase_core_region	unknown_no_verified_A89_9A5_internal_epitope_mapping	loop_or_coil_supported	True	1.0	NA_no_residue_level_segment_file	NA_no_residue_level_segment_file	0.1611832082271576	0.1407242616017659	partly_exposed	0.2817002556671215	3.648734866222398	interface_close	24.43571368428228	not_pore_proximal_or_unknown	67.30000305175781	False	NA_iupred_anchor_not_available_in_current_environment	NA_iupred_anchor_not_available_in_current_environment	unknown_or_moderate_flexibility_prior	interface_contact_density_proxy	no_major_available_disagreement	0.464578	0.716635	0			exact_aligned	high	-6.16529	direct_insert_strongly_deleterious	-2.657805	0.12774294670846395	0.043887147335423204	0.21316614420062696	MAP8	G196_practical_GS	plm_no_consensus_secondary_support	0	direct_homolog_conflicted_with_plm_context	233	7	no_close_mapped_RNA_contact	completed_with_explicit_NA_for_unavailable_disorder_and_boundary_segments
226|227	226	227	S	S	HIGH_RISK	near_R_finger	high_risk_not_hard_exclusion	inside_PROSITE_SF3_like_94_254	atpase_core_region	unknown_no_verified_A89_9A5_internal_epitope_mapping	loop_or_coil_supported	True	1.0	NA_no_residue_level_segment_file	NA_no_residue_level_segment_file	0.3065302073955536	0.3085397248627037	partly_exposed	0.2817002556671215	3.648734866222398	interface_close	27.06563007853281	not_pore_proximal_or_unknown	68.68000030517578	False	NA_iupred_anchor_not_available_in_current_environment	NA_iupred_anchor_not_available_in_current_environment	unknown_or_moderate_flexibility_prior	interface_contact_density_proxy	no_major_available_disagreement	0.497379	0.634384	0			exact_aligned	high	-5.782008	direct_insert_strongly_deleterious	-2.330357	0.14498432601880878	0.07210031347962387	0.10344827586206895	HA	G196_practical_GS	plm_no_consensus_secondary_support	0	direct_homolog_conflicted_with_plm_context	233	6	RNA_contact_neighborhood	completed_with_explicit_NA_for_unavailable_disorder_and_boundary_segments
227|228	227	228	S	L	HIGH_RISK	near_R_finger	high_risk_not_hard_exclusion	inside_PROSITE_SF3_like_94_254	atpase_core_region	unknown_no_verified_A89_9A5_internal_epitope_mapping	structured_or_uncertain	False	0.0	NA_no_residue_level_segment_file	NA_no_residue_level_segment_file	0.3065302073955536	0.3085397248627037	partly_exposed	0.2471590830727725	5.306798809096556	not_close_or_unknown	28.776294347519578	not_pore_proximal_or_unknown	74.9800033569336	False	NA_iupred_anchor_not_available_in_current_environment	NA_iupred_anchor_not_available_in_current_environment	lower_flexibility_prior	not_high_by_available_proxy	no_major_available_disagreement	0.386205	0.706895	0			exact_aligned	high	-5.855661	direct_insert_strongly_deleterious	-2.385061	0.13322884012539185	0.06896551724137934	0.1316614420062696	G196_minimal	G196_practical_GS	plm_no_consensus_secondary_support	0	direct_homolog_conflicted_with_plm_context	233	5	RNA_contact_neighborhood	completed_with_explicit_NA_for_unavailable_disorder_and_boundary_segments
228|229	228	229	L	P	HIGH_RISK	near_R_finger	high_risk_not_hard_exclusion	inside_PROSITE_SF3_like_94_254	atpase_core_region	unknown_no_verified_A89_9A5_internal_epitope_mapping	structured_or_uncertain	False	0.0	NA_no_residue_level_segment_file	NA_no_residue_level_segment_file	0.334793359041214	0.3270184847450573	partly_exposed	0.0142448995120638	5.371528666629427	not_close_or_unknown	28.776294347519578	not_pore_proximal_or_unknown	77.36000061035156	False	NA_iupred_anchor_not_available_in_current_environment	NA_iupred_anchor_not_available_in_current_environment	lower_flexibility_prior	not_high_by_available_proxy	no_major_available_disagreement	0.386205	0.706895	0			exact_aligned	high	-5.769187	direct_insert_strongly_deleterious	-1.880208	0.14341692789968652	0.028213166144200663	0.2946708463949843	MAP8	G196_practical_GS	plm_no_consensus_secondary_support	0	direct_homolog_conflicted_with_plm_context	233	4	RNA_contact_neighborhood	completed_with_explicit_NA_for_unavailable_disorder_and_boundary_segments
229|230	229	230	P	A	HIGH_RISK	near_R_finger	high_risk_not_hard_exclusion	inside_PROSITE_SF3_like_94_254	atpase_core_region	unknown_no_verified_A89_9A5_internal_epitope_mapping	structured_or_uncertain	False	0.0	NA_no_residue_level_segment_file	NA_no_residue_level_segment_file	0.263437420129776	0.1157190436232613	partly_exposed	0.8793153351742518	2.7417936432646832	interface_close	33.572041567180634	not_pore_proximal_or_unknown	77.36000061035156	False	NA_iupred_anchor_not_available_in_current_environment	NA_iupred_anchor_not_available_in_current_environment	lower_flexibility_prior	high_burial_contact_density_proxy	no_major_available_disagreement	0.400687	0.704731	0			exact_aligned	high	-5.606036	direct_insert_strongly_deleterious	-2.018672	0.26253918495297807	0.14733542319749215	0.20062695924764895	G196_minimal	G196_practical_GS	plm_no_consensus_secondary_support	0	direct_homolog_conflicted_with_plm_context	233	3	RNA_contact_neighborhood	completed_with_explicit_NA_for_unavailable_disorder_and_boundary_segments
230|231	230	231	A	M	HIGH_RISK	near_R_finger	high_risk_not_hard_exclusion	inside_PROSITE_SF3_like_94_254	atpase_core_region	unknown_no_verified_A89_9A5_internal_epitope_mapping	structured_or_uncertain	False	0.0	NA_no_residue_level_segment_file	NA_no_residue_level_segment_file	0.0350615456700325	0.0240411504748321	buried_or_unknown	0.8793153351742518	2.7417936432646832	interface_close	28.62114514624509	not_pore_proximal_or_unknown	80.7300033569336	False	NA_iupred_anchor_not_available_in_current_environment	NA_iupred_anchor_not_available_in_current_environment	lower_flexibility_prior	high_burial_contact_density_proxy	no_major_available_disagreement	0.464153	0.639796	0			exact_aligned	high	-6.005576	direct_insert_strongly_deleterious	-2.576583	0.28683385579937304	0.09090909090909094	0.5642633228840125	G196_minimal	G196_practical_GS	tag_specific_disagreement	0	tag_specific_disagreement_direct_homolog_conflicted	233	2	near_mapped_RNA_contact	completed_with_explicit_NA_for_unavailable_disorder_and_boundary_segments
231|232	231	232	M	A	HIGH_RISK	near_R_finger	high_risk_not_hard_exclusion	inside_PROSITE_SF3_like_94_254	atpase_core_region	unknown_no_verified_A89_9A5_internal_epitope_mapping	structured_or_uncertain	False	0.0	NA_no_residue_level_segment_file	NA_no_residue_level_segment_file	0.0350615456700325	0.0240411504748321	buried_or_unknown	0.0	4.653863149587073	interface_close	28.62114514624509	not_pore_proximal_or_unknown	81.45999908447266	False	NA_iupred_anchor_not_available_in_current_environment	NA_iupred_anchor_not_available_in_current_environment	lower_flexibility_prior	interface_contact_density_proxy	no_major_available_disagreement	0.515522	0.649536	0			exact_aligned	high	-5.747447	direct_insert_strongly_deleterious	-2.358028	0.09247648902821315	0.040752351097178674	0.10344827586206895	G196_minimal	G196_practical_GS	plm_no_consensus_secondary_support	0	direct_homolog_conflicted_with_plm_context	233	1	near_mapped_RNA_contact	completed_with_explicit_NA_for_unavailable_disorder_and_boundary_segments
232|233	232	233	A	R	EXCLUDE	R_finger_R233	hard_exclusion	inside_PROSITE_SF3_like_94_254	hard_functional_motif_or_domain	unknown_no_verified_A89_9A5_internal_epitope_mapping	structured_or_uncertain	False	0.0	NA_no_residue_level_segment_file	NA_no_residue_level_segment_file	0.3868287205696106	0.2412074337330467	surface_exposed	0.6860303068180126	2.7159268599018893	interface_close	33.670272111474894	not_pore_proximal_or_unknown	84.56999969482422	False	NA_iupred_anchor_not_available_in_current_environment	NA_iupred_anchor_not_available_in_current_environment	lower_flexibility_prior	high_burial_contact_density_proxy	no_major_available_disagreement	0.460513	0.718615	0			exact_aligned	high	-6.029067	direct_insert_strongly_deleterious	-2.690147	0.07915360501567398	0.043887147335423204	0.059561128526645746	G196_minimal	G196_practical_GS	plm_no_consensus_secondary_support	0	hard_excluded	233	0	near_mapped_RNA_contact	completed_with_explicit_NA_for_unavailable_disorder_and_boundary_segments
233|234	233	234	R	R	EXCLUDE	R_finger_R233;R_finger_R234	hard_exclusion	inside_PROSITE_SF3_like_94_254	hard_functional_motif_or_domain	unknown_no_verified_A89_9A5_internal_epitope_mapping	loop_or_coil_supported	True	0.8333333333333334	NA_no_residue_level_segment_file	NA_no_residue_level_segment_file	0.1593998074531555	0.1020489052264359	partly_exposed	0.6860303068180126	2.7159268599018893	interface_close	30.72200294079616	not_pore_proximal_or_unknown	86.4000015258789	False	NA_iupred_anchor_not_available_in_current_environment	NA_iupred_anchor_not_available_in_current_environment	unknown_or_moderate_flexibility_prior	high_burial_contact_density_proxy	no_major_available_disagreement	0.394545	0.733766	0			exact_aligned	high	-5.859598	direct_insert_strongly_deleterious	-3.063771	0.10188087774294671	0.07210031347962387	0.09090909090909083	G196_minimal	G196_practical_GS	plm_no_consensus_secondary_support	0	hard_excluded	233	0	near_mapped_RNA_contact	completed_with_explicit_NA_for_unavailable_disorder_and_boundary_segments
234|235	234	235	R	F	EXCLUDE	R_finger_R234	hard_exclusion	inside_PROSITE_SF3_like_94_254	hard_functional_motif_or_domain	unknown_no_verified_A89_9A5_internal_epitope_mapping	structured_or_uncertain	False	0.6666666666666666	NA_no_residue_level_segment_file	NA_no_residue_level_segment_file	0.0547957047820091	0.0507009082370334	buried_or_unknown	0.5770618799263609	3.368772738976533	interface_close	30.72200294079616	not_pore_proximal_or_unknown	89.25	False	NA_iupred_anchor_not_available_in_current_environment	NA_iupred_anchor_not_available_in_current_environment	unknown_or_moderate_flexibility_prior	high_burial_contact_density_proxy	no_major_available_disagreement	0.346399	0.746753	0			exact_aligned	high	-5.86352	direct_insert_strongly_deleterious	-2.94319	0.08620689655172414	0.059561128526645746	0.056426332288401326	G196_minimal	G196_practical_GS	plm_no_consensus_secondary_support	0	hard_excluded	234	0	near_mapped_RNA_contact	completed_with_explicit_NA_for_unavailable_disorder_and_boundary_segments
235|236	235	236	F	Y	HIGH_RISK	near_R_finger	high_risk_not_hard_exclusion	inside_PROSITE_SF3_like_94_254	atpase_core_region	unknown_no_verified_A89_9A5_internal_epitope_mapping	structured_or_uncertain	False	0.6666666666666666	NA_no_residue_level_segment_file	NA_no_residue_level_segment_file	0.0547957047820091	0.0507009082370334	buried_or_unknown	0.0	7.848860452064928	not_close_or_unknown	31.17957698314012	not_pore_proximal_or_unknown	91.25	False	NA_iupred_anchor_not_available_in_current_environment	NA_iupred_anchor_not_available_in_current_environment	unknown_or_moderate_flexibility_prior	not_high_by_available_proxy	no_major_available_disagreement	0.228309	0.777056	0			exact_aligned	high	-5.851708	direct_insert_strongly_deleterious	-2.57437	0.21708463949843257	0.1410658307210031	0.21316614420062696	G196_minimal	HA	plm_no_consensus_secondary_support	0	direct_homolog_conflicted_with_plm_context	234	1	near_mapped_RNA_contact	completed_with_explicit_NA_for_unavailable_disorder_and_boundary_segments
236|237	236	237	Y	F	HIGH_RISK	near_R_finger	high_risk_not_hard_exclusion	inside_PROSITE_SF3_like_94_254	atpase_core_region	unknown_no_verified_A89_9A5_internal_epitope_mapping	structured_or_uncertain	False	0.0	NA_no_residue_level_segment_file	NA_no_residue_level_segment_file	0.0760009139776229	0.07838673459159	buried_or_unknown	0.0	9.62984240572444	not_close_or_unknown	37.17982866258858	not_pore_proximal_or_unknown	91.8499984741211	False	NA_iupred_anchor_not_available_in_current_environment	NA_iupred_anchor_not_available_in_current_environment	lower_flexibility_prior	not_high_by_available_proxy	no_major_available_disagreement	0.379922	0.699205	0			exact_aligned	high	-5.927936	direct_insert_strongly_deleterious	-2.541939	0.14341692789968655	0.09404388714733547	0.10344827586206895	G196_minimal	MAP8	plm_no_consensus_secondary_support	0	direct_homolog_conflicted_with_plm_context	234	2	near_mapped_RNA_contact	completed_with_explicit_NA_for_unavailable_disorder_and_boundary_segments
237|238	237	238	F	D	HIGH_RISK	near_R_finger	high_risk_not_hard_exclusion	inside_PROSITE_SF3_like_94_254	atpase_core_region	unknown_no_verified_A89_9A5_internal_epitope_mapping	structured_or_uncertain	False	0.0	NA_no_residue_level_segment_file	NA_no_residue_level_segment_file	0.0760009139776229	0.07838673459159	buried_or_unknown	0.0	11.192785111529144	not_close_or_unknown	35.924049779994554	not_pore_proximal_or_unknown	93.16000366210938	False	NA_iupred_anchor_not_available_in_current_environment	NA_iupred_anchor_not_available_in_current_environment	lower_flexibility_prior	not_high_by_available_proxy	no_major_available_disagreement	0.373774	0.700288	0			exact_aligned	high	-5.697888	direct_insert_strongly_deleterious	-2.638084	0.3503134796238245	0.13479623824451414	0.39811912225705326	G196_minimal	MAP8	plm_no_consensus_secondary_support	0	direct_homolog_conflicted_with_plm_context	234	3	RNA_contact_neighborhood	completed_with_explicit_NA_for_unavailable_disorder_and_boundary_segments
238|239	238	239	D	L	HIGH_RISK	near_R_finger	high_risk_not_hard_exclusion	inside_PROSITE_SF3_like_94_254	atpase_core_region	unknown_no_verified_A89_9A5_internal_epitope_mapping	structured_or_uncertain	False	0.0	NA_no_residue_level_segment_file	NA_no_residue_level_segment_file	0.0012516877613961	0.0006064150859269	buried_or_unknown	0.0	11.549247225056977	not_close_or_unknown	35.924049779994554	not_pore_proximal_or_unknown	93.16000366210938	False	NA_iupred_anchor_not_available_in_current_environment	NA_iupred_anchor_not_available_in_current_environment	lower_flexibility_prior	not_high_by_available_proxy	no_major_available_disagreement	0.517704	0.717604	0			exact_aligned	high	-5.606036	direct_insert_strongly_deleterious	-2.616176	0.359717868338558	0.31034482758620685	0.11598746081504707	G196_minimal	MAP8	plm_no_consensus_secondary_support	0	direct_homolog_conflicted_with_plm_context	234	4	RNA_contact_neighborhood	completed_with_explicit_NA_for_unavailable_disorder_and_boundary_segments
239|240	239	240	L	D	HIGH_RISK	near_R_finger	high_risk_not_hard_exclusion	inside_PROSITE_SF3_like_94_254	atpase_core_region	unknown_no_verified_A89_9A5_internal_epitope_mapping	structured_or_uncertain	False	0.0	NA_no_residue_level_segment_file	NA_no_residue_level_segment_file	0.0012516877613961	0.0006064150859269	buried_or_unknown	0.0	14.29747156942575	not_close_or_unknown	37.10679532965552	not_pore_proximal_or_unknown	93.9800033569336	False	NA_iupred_anchor_not_available_in_current_environment	NA_iupred_anchor_not_available_in_current_environment	lower_flexibility_prior	not_high_by_available_proxy	no_major_available_disagreement	0.636453	0.639753	0			exact_aligned	high	-5.631037	direct_insert_strongly_deleterious	-2.744971	0.3832288401253919	0.2382445141065831	0.3385579937304075	G196_minimal	G196_practical_GS	plm_no_consensus_secondary_support	0	direct_homolog_conflicted_with_plm_context	234	5	RNA_contact_neighborhood	completed_with_explicit_NA_for_unavailable_disorder_and_boundary_segments
240|241	240	241	D	I	HIGH_RISK	near_R_finger	high_risk_not_hard_exclusion	inside_PROSITE_SF3_like_94_254	atpase_core_region	unknown_no_verified_A89_9A5_internal_epitope_mapping	structured_or_uncertain	False	0.0	NA_no_residue_level_segment_file	NA_no_residue_level_segment_file	0.0770507752895355	0.0475476764382041	buried_or_unknown	0.0	9.773381202771803	not_close_or_unknown	37.59955310264996	not_pore_proximal_or_unknown	93.9800033569336	False	NA_iupred_anchor_not_available_in_current_environment	NA_iupred_anchor_not_available_in_current_environment	lower_flexibility_prior	not_high_by_available_proxy	no_major_available_disagreement	0.812729	0.561902	0			exact_aligned	high	-5.942508	direct_insert_strongly_deleterious	-2.62066	0.3510971786833856	0.11912225705329149	0.5235109717868339	HA	G196_practical_GS	tag_specific_disagreement	0	tag_specific_disagreement_direct_homolog_conflicted	234	6	RNA_contact_neighborhood	completed_with_explicit_NA_for_unavailable_disorder_and_boundary_segments
241|242	241	242	I	Q	CORE_CAUTION	A89_SF3_helicase_domain_by_PROSITE	not_hard_excluded	inside_PROSITE_SF3_like_94_254	atpase_core_region	unknown_no_verified_A89_9A5_internal_epitope_mapping	structured_or_uncertain	False	0.0	NA_no_residue_level_segment_file	NA_no_residue_level_segment_file	0.0770507752895355	0.0475476764382041	buried_or_unknown	0.0	9.773381202771803	not_close_or_unknown	37.79137713589643	not_pore_proximal_or_unknown	93.5	False	NA_iupred_anchor_not_available_in_current_environment	NA_iupred_anchor_not_available_in_current_environment	lower_flexibility_prior	not_high_by_available_proxy	no_major_available_disagreement	0.847554	0.552161	0			exact_aligned	high	-5.843756	direct_insert_strongly_deleterious	-2.541494	0.5219435736677116	0.19122257053291536	0.7774294670846396	HA	G196_practical_GS	tag_specific_disagreement	0	tag_specific_disagreement_direct_homolog_conflicted	234	7	no_close_mapped_RNA_contact	completed_with_explicit_NA_for_unavailable_disorder_and_boundary_segments
242|243	242	243	Q	V	CORE_CAUTION	A89_SF3_helicase_domain_by_PROSITE	not_hard_excluded	inside_PROSITE_SF3_like_94_254	atpase_core_region	unknown_no_verified_A89_9A5_internal_epitope_mapping	structured_or_uncertain	False	0.0	NA_no_residue_level_segment_file	NA_no_residue_level_segment_file	0.1739354282617569	0.1292656171367543	partly_exposed	0.0	9.860670956693475	not_close_or_unknown	41.36957427936418	not_pore_proximal_or_unknown	92.37000274658205	False	NA_iupred_anchor_not_available_in_current_environment	NA_iupred_anchor_not_available_in_current_environment	lower_flexibility_prior	not_high_by_available_proxy	no_major_available_disagreement	0.850482	0.540257	0			exact_aligned	high	-6.045515	direct_insert_strongly_deleterious	-2.502452	0.6300940438871474	0.49216300940438873	0.21003134796238243	G196_minimal	G196_practical_GS	plm_no_consensus_secondary_support	0	direct_homolog_conflicted_with_plm_context	234	8	no_close_mapped_RNA_contact	completed_with_explicit_NA_for_unavailable_disorder_and_boundary_segments
243|244	243	244	V	K	CORE_CAUTION	A89_SF3_helicase_domain_by_PROSITE	not_hard_excluded	inside_PROSITE_SF3_like_94_254	atpase_core_region	unknown_no_verified_A89_9A5_internal_epitope_mapping	structured_or_uncertain	False	0.0	NA_no_residue_level_segment_file	NA_no_residue_level_segment_file	0.1739354282617569	0.1292656171367543	partly_exposed	0.0	9.860670956693475	not_close_or_unknown	41.36957427936418	not_pore_proximal_or_unknown	91.9800033569336	False	NA_iupred_anchor_not_available_in_current_environment	NA_iupred_anchor_not_available_in_current_environment	lower_flexibility_prior	not_high_by_available_proxy	no_major_available_disagreement	1.019012	0.529434	0			exact_aligned	high	-5.843756	direct_insert_strongly_deleterious	-2.497636	0.5579937304075235	0.30094043887147337	0.6489028213166144	HA	G196_practical_GS	tag_specific_disagreement	0	tag_specific_disagreement_direct_homolog_conflicted	234	9	no_close_mapped_RNA_contact	completed_with_explicit_NA_for_unavailable_disorder_and_boundary_segments
244|245	244	245	K	K	CORE_CAUTION	A89_SF3_helicase_domain_by_PROSITE	not_hard_excluded	inside_PROSITE_SF3_like_94_254	atpase_core_region	unknown_no_verified_A89_9A5_internal_epitope_mapping	structured_or_uncertain	False	0.0	NA_no_residue_level_segment_file	NA_no_residue_level_segment_file	0.2948520183563232	0.3413402589700989	partly_exposed	0.0	10.99343020582886	not_close_or_unknown	46.08287998161677	not_pore_proximal_or_unknown	91.33000183105467	False	NA_iupred_anchor_not_available_in_current_environment	NA_iupred_anchor_not_available_in_current_environment	lower_flexibility_prior	not_high_by_available_proxy	no_major_available_disagreement	1.098679	0.450430	0			exact_aligned	high	-5.898138	direct_insert_strongly_deleterious	-2.670814	0.7797805642633229	0.64576802507837	0.3510971786833855	HA	G196_practical_GS	plm_consensus_moderate_secondary_support	1	plm_context_support_direct_homolog_conflicted	234	10	no_close_mapped_RNA_contact	completed_with_explicit_NA_for_unavailable_disorder_and_boundary_segments
245|246	245	246	K	E	CORE_CAUTION	A89_SF3_helicase_domain_by_PROSITE	not_hard_excluded	inside_PROSITE_SF3_like_94_254	atpase_core_region	unknown_no_verified_A89_9A5_internal_epitope_mapping	structured_or_uncertain	False	0.0	NA_no_residue_level_segment_file	NA_no_residue_level_segment_file	0.5973514318466187	0.5631054648725797	surface_exposed	0.0	10.99343020582886	not_close_or_unknown	47.87554035010754	not_pore_proximal_or_unknown	91.1500015258789	False	NA_iupred_anchor_not_available_in_current_environment	NA_iupred_anchor_not_available_in_current_environment	lower_flexibility_prior	not_high_by_available_proxy	no_major_available_disagreement	1.107013	0.449348	0			exact_aligned	high	-5.769187	direct_insert_strongly_deleterious	-2.7609	0.7147335423197492	0.445141065830721	0.554858934169279	HA	G196_practical_GS	tag_specific_disagreement	5	tag_specific_disagreement_direct_homolog_conflicted	234	11	no_close_mapped_RNA_contact	completed_with_explicit_NA_for_unavailable_disorder_and_boundary_segments
246|247	246	247	E	Y	CORE_CAUTION	A89_SF3_helicase_domain_by_PROSITE	not_hard_excluded	inside_PROSITE_SF3_like_94_254	atpase_core_region	unknown_no_verified_A89_9A5_internal_epitope_mapping	structured_or_uncertain	False	0.0	NA_no_residue_level_segment_file	NA_no_residue_level_segment_file	0.0948581770062446	0.0856715747460968	buried_or_unknown	0.0	7.855914693374679	not_close_or_unknown	44.747298249746585	not_pore_proximal_or_unknown	90.7300033569336	False	NA_iupred_anchor_not_available_in_current_environment	NA_iupred_anchor_not_available_in_current_environment	lower_flexibility_prior	not_high_by_available_proxy	no_major_available_disagreement	1.117082	0.447183	0			exact_aligned	high	-5.764877	direct_insert_strongly_deleterious	-2.805495	0.8910658307210031	0.6426332288401254	0.3510971786833855	G196_minimal	G196_practical_GS	plm_consensus_moderate_secondary_support	0	direct_homolog_conflicted_with_plm_context	234	12	no_close_mapped_RNA_contact	completed_with_explicit_NA_for_unavailable_disorder_and_boundary_segments
247|248	247	248	Y	L	CORE_CAUTION	A89_SF3_helicase_domain_by_PROSITE	not_hard_excluded	inside_PROSITE_SF3_like_94_254	atpase_core_region	unknown_no_verified_A89_9A5_internal_epitope_mapping	structured_or_uncertain	False	0.0	NA_no_residue_level_segment_file	NA_no_residue_level_segment_file	0.0948581770062446	0.0856715747460968	buried_or_unknown	0.0	6.479054155671409	not_close_or_unknown	42.99541884092301	not_pore_proximal_or_unknown	90.5500030517578	False	NA_iupred_anchor_not_available_in_current_environment	NA_iupred_anchor_not_available_in_current_environment	lower_flexibility_prior	not_high_by_available_proxy	no_major_available_disagreement	1.117082	0.447183	0			exact_aligned	high	-5.645743	direct_insert_strongly_deleterious	-2.817406	0.7311912225705329	0.4357366771159875	0.47335423197492155	G196_minimal	G196_practical_GS	plm_no_consensus_secondary_support	2	direct_homolog_conflicted_with_plm_context	234	13	no_close_mapped_RNA_contact	completed_with_explicit_NA_for_unavailable_disorder_and_boundary_segments
248|249	248	249	L	L	CORE_CAUTION	A89_SF3_helicase_domain_by_PROSITE	not_hard_excluded	inside_PROSITE_SF3_like_94_254	atpase_core_region	unknown_no_verified_A89_9A5_internal_epitope_mapping	structured_or_uncertain	False	0.0	NA_no_residue_level_segment_file	NA_no_residue_level_segment_file	0.368442177772522	0.29565283868641	surface_exposed	0.2367455152955054	2.7159268599018893	interface_close	42.10064530286291	not_pore_proximal_or_unknown	88.72000122070312	False	NA_iupred_anchor_not_available_in_current_environment	NA_iupred_anchor_not_available_in_current_environment	lower_flexibility_prior	interface_contact_density_proxy	no_major_available_disagreement	1.052118	0.464727	168			exact_aligned	high	-5.693258	direct_insert_strongly_deleterious	-2.114803	0.646551724137931	0.4043887147335423	0.39811912225705326	G196_minimal	G196_practical_GS	plm_no_consensus_secondary_support	3	conflict_control_with_plm_context	234	14	no_close_mapped_RNA_contact	completed_with_explicit_NA_for_unavailable_disorder_and_boundary_segments
249|250	249	250	L	D	CORE_CAUTION	A89_SF3_helicase_domain_by_PROSITE	not_hard_excluded	inside_PROSITE_SF3_like_94_254	atpase_core_region	unknown_no_verified_A89_9A5_internal_epitope_mapping	structured_or_uncertain	False	0.0	NA_no_residue_level_segment_file	NA_no_residue_level_segment_file	0.5149526000022888	0.4660567098589085	surface_exposed	0.2367455152955054	2.7159268599018893	interface_close	40.50649983253049	not_pore_proximal_or_unknown	88.72000122070312	False	NA_iupred_anchor_not_available_in_current_environment	NA_iupred_anchor_not_available_in_current_environment	lower_flexibility_prior	interface_contact_density_proxy	no_major_available_disagreement	1.132227	0.387887	0			exact_aligned	high	-5.693258	direct_insert_strongly_deleterious	-1.603539	0.6018808777429467	0.5235109717868338	0.2382445141065831	G196_minimal	G196_practical_GS	plm_no_consensus_secondary_support	4	direct_homolog_conflicted_with_plm_context	234	15	no_close_mapped_RNA_contact	completed_with_explicit_NA_for_unavailable_disorder_and_boundary_segments
250|251	250	251	D	G	CORE_CAUTION	A89_SF3_helicase_domain_by_PROSITE	not_hard_excluded	inside_PROSITE_SF3_like_94_254	atpase_core_region	unknown_no_verified_A89_9A5_internal_epitope_mapping	loop_or_coil_supported	True	1.0	NA_no_residue_level_segment_file	NA_no_residue_level_segment_file	0.5505656599998474	0.5990533339671599	surface_exposed	0.2355446974060905	2.853570583660673	interface_close	39.77898646023905	not_pore_proximal_or_unknown	87.87999725341797	False	NA_iupred_anchor_not_available_in_current_environment	NA_iupred_anchor_not_available_in_current_environment	higher_relative_flexibility_prior	interface_contact_density_proxy	no_major_available_disagreement	1.150206	0.384640	0			ambiguous	low	-5.711649	direct_insert_strongly_deleterious		0.6496865203761755	0.5391849529780564	0.34169278996865216	HA	G196_practical_GS	plm_no_consensus_secondary_support	5	mapping_uncertain	234	16	no_close_mapped_RNA_contact	completed_with_explicit_NA_for_unavailable_disorder_and_boundary_segments
251|252	251	252	G	K	CORE_CAUTION	A89_SF3_helicase_domain_by_PROSITE	not_hard_excluded	inside_PROSITE_SF3_like_94_254	atpase_core_region	unknown_no_verified_A89_9A5_internal_epitope_mapping	structured_or_uncertain	False	0.0	NA_no_residue_level_segment_file	NA_no_residue_level_segment_file	0.502077043056488	0.0390248379464876	surface_exposed	0.9422316787645764	2.7417936432646832	interface_close	34.483747878293705	not_pore_proximal_or_unknown	87.87999725341797	False	NA_iupred_anchor_not_available_in_current_environment	NA_iupred_anchor_not_available_in_current_environment	lower_flexibility_prior	high_burial_contact_density_proxy	no_major_available_disagreement	1.175317	0.405132	0			exact_aligned	high	-5.665021	direct_insert_strongly_deleterious	-1.640459	0.5007836990595611	0.322884012539185	0.49216300940438873	HA	G196_practical_GS	plm_no_consensus_secondary_support	4	direct_homolog_conflicted_with_plm_context	234	17	no_close_mapped_RNA_contact	completed_with_explicit_NA_for_unavailable_disorder_and_boundary_segments
252|253	252	253	K	L	CORE_CAUTION	A89_SF3_helicase_domain_by_PROSITE	not_hard_excluded	inside_PROSITE_SF3_like_94_254	atpase_core_region	unknown_no_verified_A89_9A5_internal_epitope_mapping	structured_or_uncertain	False	0.0	NA_no_residue_level_segment_file	NA_no_residue_level_segment_file	0.0826954469084739	0.0105189168532294	buried_or_unknown	0.962500001335106	2.7417936432646832	interface_close	34.483747878293705	not_pore_proximal_or_unknown	90.08000183105467	False	NA_iupred_anchor_not_available_in_current_environment	NA_iupred_anchor_not_available_in_current_environment	lower_flexibility_prior	high_burial_contact_density_proxy	no_major_available_disagreement	1.060478	0.416966	0			exact_aligned	high	-5.683934	direct_insert_strongly_deleterious	-2.180869	0.5956112852664577	0.39498432601880873	0.5893416927899687	HA	G196_practical_GS	tag_specific_disagreement	0	tag_specific_disagreement_direct_homolog_conflicted	234	18	no_close_mapped_RNA_contact	completed_with_explicit_NA_for_unavailable_disorder_and_boundary_segments
253|254	253	254	L	D	CORE_CAUTION	A89_SF3_helicase_domain_by_PROSITE	not_hard_excluded	inside_PROSITE_SF3_like_94_254	atpase_core_region	unknown_no_verified_A89_9A5_internal_epitope_mapping	structured_or_uncertain	False	0.0	NA_no_residue_level_segment_file	NA_no_residue_level_segment_file	0.0826954469084739	0.0105189168532294	buried_or_unknown	0.962500001335106	4.127876562530704	interface_close	39.79650117665712	not_pore_proximal_or_unknown	90.08000183105467	False	NA_iupred_anchor_not_available_in_current_environment	NA_iupred_anchor_not_available_in_current_environment	lower_flexibility_prior	high_burial_contact_density_proxy	no_major_available_disagreement	1.072608	0.411554	0			exact_aligned	high	-5.660236	direct_insert_strongly_deleterious	-2.844489	0.7037617554858935	0.432601880877743	0.554858934169279	HA	G196_practical_GS	tag_specific_disagreement	0	tag_specific_disagreement_direct_homolog_conflicted	234	19	no_close_mapped_RNA_contact	completed_with_explicit_NA_for_unavailable_disorder_and_boundary_segments
254|255	254	255	D	I	HIGH_RISK	ATPase-to-Zn/Cys-rich_transition	high_risk_not_hard_exclusion	inside_PROSITE_SF3_like_94_254	annotated_functional_neighborhood	unknown_no_verified_A89_9A5_internal_epitope_mapping	structured_or_uncertain	False	0.0	NA_no_residue_level_segment_file	NA_no_residue_level_segment_file	0.1771235913038253	0.0953993500823184	partly_exposed	0.7308780458116262	3.064004933818916	interface_close	38.41798464479206	not_pore_proximal_or_unknown	91.9499969482422	False	NA_iupred_anchor_not_available_in_current_environment	NA_iupred_anchor_not_available_in_current_environment	lower_flexibility_prior	high_burial_contact_density_proxy	no_major_available_disagreement	1.127908	0.426706	0			exact_aligned	high	-5.901912	direct_insert_strongly_deleterious	-2.524657	0.7672413793103449	0.6050156739811912	0.3573667711598747	G196_minimal	G196_practical_GS	plm_consensus_moderate_secondary_support	0	direct_homolog_conflicted_with_plm_context	234	20	no_close_mapped_RNA_contact	completed_with_explicit_NA_for_unavailable_disorder_and_boundary_segments
255|256	255	256	I	A	HIGH_RISK	ATPase-to-Zn/Cys-rich_transition	high_risk_not_hard_exclusion	outside_PROSITE_SF3_like_94_254	annotated_functional_neighborhood	unknown_no_verified_A89_9A5_internal_epitope_mapping	structured_or_uncertain	False	0.0	NA_no_residue_level_segment_file	NA_no_residue_level_segment_file	0.4534195959568023	0.1454490445390368	surface_exposed	0.7308780458116262	3.064004933818916	interface_close	38.41798464479206	not_pore_proximal_or_unknown	91.38999938964844	False	NA_iupred_anchor_not_available_in_current_environment	NA_iupred_anchor_not_available_in_current_environment	lower_flexibility_prior	high_burial_contact_density_proxy	no_major_available_disagreement	0.916236	0.499217	0			exact_aligned	high	-5.585575	direct_insert_strongly_deleterious	-1.118386	0.6543887147335423	0.46394984326018807	0.34169278996865204	G196_minimal	G196_practical_GS	plm_no_consensus_secondary_support	4	direct_homolog_conflicted_with_plm_context	234	21	no_close_mapped_RNA_contact	completed_with_explicit_NA_for_unavailable_disorder_and_boundary_segments
256|257	256	257	A	K	HIGH_RISK	ATPase-to-Zn/Cys-rich_transition	high_risk_not_hard_exclusion	outside_PROSITE_SF3_like_94_254	annotated_functional_neighborhood	unknown_no_verified_A89_9A5_internal_epitope_mapping	structured_or_uncertain	False	0.0	NA_no_residue_level_segment_file	NA_no_residue_level_segment_file	0.3409981429576874	0.285983482380554	partly_exposed	0.611650765508655	3.151837512121498	interface_close	42.93484163230429	not_pore_proximal_or_unknown	91.04000091552734	False	NA_iupred_anchor_not_available_in_current_environment	NA_iupred_anchor_not_available_in_current_environment	lower_flexibility_prior	high_burial_contact_density_proxy	no_major_available_disagreement	0.836568	0.578221	0			exact_aligned	high	-5.527047	direct_insert_strongly_deleterious	-1.344341	0.7962382445141066	0.6018808777429467	0.3448275862068966	G196_minimal	G196_practical_GS	plm_consensus_moderate_secondary_support	2	conflict_control_with_plm_context	234	22	no_close_mapped_RNA_contact	completed_with_explicit_NA_for_unavailable_disorder_and_boundary_segments
257|258	257	258	K	S	HIGH_RISK	ATPase-to-Zn/Cys-rich_transition;near_Zn-coordination_sites	high_risk_not_hard_exclusion	outside_PROSITE_SF3_like_94_254	annotated_functional_neighborhood	unknown_no_verified_A89_9A5_internal_epitope_mapping	structured_or_uncertain	False	0.0	NA_no_residue_level_segment_file	NA_no_residue_level_segment_file	0.0	0.0	buried_or_unknown	0.0	4.906171216591307	interface_close	43.88484601547438	not_pore_proximal_or_unknown	91.04000091552734	False	NA_iupred_anchor_not_available_in_current_environment	NA_iupred_anchor_not_available_in_current_environment	lower_flexibility_prior	interface_contact_density_proxy	no_major_available_disagreement	0.914955	0.560905	0			exact_aligned	high	-5.782008	direct_insert_strongly_deleterious	-2.580599	0.7405956112852665	0.5266457680250783	0.432601880877743	HA	G196_practical_GS	plm_no_consensus_secondary_support	2	direct_homolog_conflicted_with_plm_context	234	23	no_close_mapped_RNA_contact	completed_with_explicit_NA_for_unavailable_disorder_and_boundary_segments
258|259	258	259	S	F	HIGH_RISK	ATPase-to-Zn/Cys-rich_transition;near_Zn-coordination_sites	high_risk_not_hard_exclusion	outside_PROSITE_SF3_like_94_254	annotated_functional_neighborhood	unknown_no_verified_A89_9A5_internal_epitope_mapping	structured_or_uncertain	False	0.0	NA_no_residue_level_segment_file	NA_no_residue_level_segment_file	0.0	0.0	buried_or_unknown	0.7195847573620001	2.759802478421405	interface_close	39.7959039248315	not_pore_proximal_or_unknown	90.51000213623048	False	NA_iupred_anchor_not_available_in_current_environment	NA_iupred_anchor_not_available_in_current_environment	lower_flexibility_prior	high_burial_contact_density_proxy	no_major_available_disagreement	0.976571	0.548307	0			exact_aligned	high	-5.905671	direct_insert_strongly_deleterious	-2.450651	0.5791536050156739	0.457680250783699	0.30094043887147337	HA	G196_practical_GS	plm_no_consensus_secondary_support	0	direct_homolog_conflicted_with_plm_context	234	24	no_close_mapped_RNA_contact	completed_with_explicit_NA_for_unavailable_disorder_and_boundary_segments
259|260	259	260	F	R	HIGH_RISK	ATPase-to-Zn/Cys-rich_transition;near_Zn-coordination_sites	high_risk_not_hard_exclusion	outside_PROSITE_SF3_like_94_254	annotated_functional_neighborhood	unknown_no_verified_A89_9A5_internal_epitope_mapping	loop_or_coil_supported	True	0.8333333333333334	NA_no_residue_level_segment_file	NA_no_residue_level_segment_file	0.292163074016571	0.0999449133872985	partly_exposed	0.7195847573620001	2.759802478421405	interface_close	39.7959039248315	not_pore_proximal_or_unknown	90.13999938964844	False	NA_iupred_anchor_not_available_in_current_environment	NA_iupred_anchor_not_available_in_current_environment	unknown_or_moderate_flexibility_prior	high_burial_contact_density_proxy	no_major_available_disagreement	1.121582	0.490179	0			exact_aligned	high	-5.711649	direct_insert_strongly_deleterious	-2.442635	0.6042319749216302	0.335423197492163	0.5235109717868339	G196_minimal	G196_practical_GS	tag_specific_disagreement	0	tag_specific_disagreement_direct_homolog_conflicted	234	25	no_close_mapped_RNA_contact	completed_with_explicit_NA_for_unavailable_disorder_and_boundary_segments
260|261	260	261	R	P	HIGH_RISK	ATPase-to-Zn/Cys-rich_transition;near_Zn-coordination_sites	high_risk_not_hard_exclusion	outside_PROSITE_SF3_like_94_254	annotated_functional_neighborhood	unknown_no_verified_A89_9A5_internal_epitope_mapping	loop_or_coil_supported	True	1.0	NA_no_residue_level_segment_file	NA_no_residue_level_segment_file	0.5688794851303101	0.034878467613796	surface_exposed	0.9730535620556569	2.950032393214684	interface_close	46.380479963032	not_pore_proximal_or_unknown	86.75	False	NA_iupred_anchor_not_available_in_current_environment	NA_iupred_anchor_not_available_in_current_environment	higher_relative_flexibility_prior	high_burial_contact_density_proxy	no_major_available_disagreement	1.248822	0.472564	0			exact_aligned	high	-5.946118	direct_insert_strongly_deleterious	-2.307322	0.6214733542319749	0.3730407523510971	0.5078369905956114	G196_minimal	MAP8	tag_specific_disagreement	5	tag_specific_disagreement_direct_homolog_conflicted	234	26	no_close_mapped_RNA_contact	completed_with_explicit_NA_for_unavailable_disorder_and_boundary_segments
261|262	261	262	P	C	EXCLUDE	A89_Zn-binding_C262_by_similarity	hard_exclusion	outside_PROSITE_SF3_like_94_254	hard_functional_motif_or_domain	unknown_no_verified_A89_9A5_internal_epitope_mapping	loop_or_coil_supported	True	1.0	NA_no_residue_level_segment_file	NA_no_residue_level_segment_file	0.1651455909013748	0.034878467613796	partly_exposed	0.9730535620556569	2.950032393214684	interface_close	47.128441333998445	not_pore_proximal_or_unknown	81.86000061035156	False	NA_iupred_anchor_not_available_in_current_environment	NA_iupred_anchor_not_available_in_current_environment	unknown_or_moderate_flexibility_prior	high_burial_contact_density_proxy	no_major_available_disagreement	1.174861	0.548321	0			exact_aligned	high	-5.798851	direct_insert_strongly_deleterious	-2.598131	0.658307210031348	0.39498432601880873	0.4420062695924766	HA	MAP8	plm_no_consensus_secondary_support	0	hard_excluded	234	27	no_close_mapped_RNA_contact	completed_with_explicit_NA_for_unavailable_disorder_and_boundary_segments
262|263	262	263	C	D	EXCLUDE	A89_Zn-binding_C262_by_similarity	hard_exclusion	outside_PROSITE_SF3_like_94_254	hard_functional_motif_or_domain	unknown_no_verified_A89_9A5_internal_epitope_mapping	loop_or_coil_supported	True	1.0	NA_no_residue_level_segment_file	NA_no_residue_level_segment_file	0.1651455909013748	0.0573155875215511	partly_exposed	0.6167159819696331	2.92821906364868	interface_close	50.50111960917528	not_pore_proximal_or_unknown	81.5	False	NA_iupred_anchor_not_available_in_current_environment	NA_iupred_anchor_not_available_in_current_environment	unknown_or_moderate_flexibility_prior	high_burial_contact_density_proxy	no_major_available_disagreement	1.029457	0.604598	0			exact_aligned	high	-5.97103	direct_insert_strongly_deleterious	-1.816462	0.37460815047021945	0.2068965517241379	0.42006269592476486	G196_minimal	G196_practical_GS	plm_no_consensus_secondary_support	0	hard_excluded	234	28	no_close_mapped_RNA_contact	completed_with_explicit_NA_for_unavailable_disorder_and_boundary_segments
263|264	263	264	D	V	HIGH_RISK	ATPase-to-Zn/Cys-rich_transition;near_Zn-coordination_sites	high_risk_not_hard_exclusion	outside_PROSITE_SF3_like_94_254	annotated_functional_neighborhood	unknown_no_verified_A89_9A5_internal_epitope_mapping	loop_or_coil_supported	True	1.0	NA_no_residue_level_segment_file	NA_no_residue_level_segment_file	0.4594427943229675	0.4935287753284205	surface_exposed	0.2100521298587555	2.92821906364868	interface_close	52.19378421415899	not_pore_proximal_or_unknown	80.22000122070312	False	NA_iupred_anchor_not_available_in_current_environment	NA_iupred_anchor_not_available_in_current_environment	higher_relative_flexibility_prior	interface_contact_density_proxy	no_major_available_disagreement	0.885598	0.661958	0			exact_aligned	high	-5.827659	direct_insert_strongly_deleterious	-1.415121	0.3377742946708464	0.3134796238244514	0.07210031347962387	G196_minimal	G196_practical_GS	plm_no_consensus_secondary_support	5	direct_homolog_conflicted_with_plm_context	234	29	no_close_mapped_RNA_contact	completed_with_explicit_NA_for_unavailable_disorder_and_boundary_segments
264|265	264	265	V	N	HIGH_RISK	ATPase-to-Zn/Cys-rich_transition;near_Zn-coordination_sites	high_risk_not_hard_exclusion	outside_PROSITE_SF3_like_94_254	annotated_functional_neighborhood	unknown_no_verified_A89_9A5_internal_epitope_mapping	loop_or_coil_supported	True	1.0	NA_no_residue_level_segment_file	NA_no_residue_level_segment_file	0.4594427943229675	0.4935287753284205	surface_exposed	0.2827777571838257	2.9319275922973653	interface_close	50.507696668076846	not_pore_proximal_or_unknown	77.37999725341797	False	NA_iupred_anchor_not_available_in_current_environment	NA_iupred_anchor_not_available_in_current_environment	higher_relative_flexibility_prior	interface_contact_density_proxy	no_major_available_disagreement	0.832494	0.726893	0			exact_aligned	high	-5.827659	direct_insert_strongly_deleterious	-2.474963	0.49294670846394983	0.28840125391849525	0.42946708463949856	MAP8	G196_practical_GS	plm_no_consensus_secondary_support	5	direct_homolog_conflicted_with_plm_context	234	30	no_close_mapped_RNA_contact	completed_with_explicit_NA_for_unavailable_disorder_and_boundary_segments
265|266	265	266	N	I	HIGH_RISK	ATPase-to-Zn/Cys-rich_transition;near_Zn-coordination_sites	high_risk_not_hard_exclusion	outside_PROSITE_SF3_like_94_254	annotated_functional_neighborhood	unknown_no_verified_A89_9A5_internal_epitope_mapping	loop_or_coil_supported	True	1.0	NA_no_residue_level_segment_file	NA_no_residue_level_segment_file	0.4735076129436493	0.5123639631190678	surface_exposed	0.2827777571838257	2.9319275922973653	interface_close	48.78937619792664	not_pore_proximal_or_unknown	77.37999725341797	False	NA_iupred_anchor_not_available_in_current_environment	NA_iupred_anchor_not_available_in_current_environment	higher_relative_flexibility_prior	interface_contact_density_proxy	no_major_available_disagreement	0.771058	0.744209	0			exact_aligned	high	-5.674522	direct_insert_strongly_deleterious	-2.040728	0.706896551724138	0.6018808777429467	0.2915360501567398	G196_minimal	MAP8	plm_no_consensus_secondary_support	5	direct_homolog_conflicted_with_plm_context	234	31	no_close_mapped_RNA_contact	completed_with_explicit_NA_for_unavailable_disorder_and_boundary_segments
266|267	266	267	I	K	HIGH_RISK	ATPase-to-Zn/Cys-rich_transition;near_Zn-coordination_sites	high_risk_not_hard_exclusion	outside_PROSITE_SF3_like_94_254	annotated_functional_neighborhood	unknown_no_verified_A89_9A5_internal_epitope_mapping	structured_or_uncertain	False	0.0	NA_no_residue_level_segment_file	NA_no_residue_level_segment_file	0.4735076129436493	0.4601596896931276	surface_exposed	0.319564982906023	3.5149498833164627	interface_close	44.64835468194988	not_pore_proximal_or_unknown	79.81999969482422	False	NA_iupred_anchor_not_available_in_current_environment	NA_iupred_anchor_not_available_in_current_environment	lower_flexibility_prior	interface_contact_density_proxy	no_major_available_disagreement	0.739506	0.759844	0			exact_aligned	high	-5.683934	direct_insert_strongly_deleterious	-2.028628	0.5156739811912225	0.2163009404388715	0.7210031347962382	HA	G196_practical_GS	tag_specific_disagreement	4	tag_specific_disagreement_direct_homolog_conflicted	234	32	no_close_mapped_RNA_contact	completed_with_explicit_NA_for_unavailable_disorder_and_boundary_segments
267|268	267	268	K	I	HIGH_RISK	ATPase-to-Zn/Cys-rich_transition;near_Zn-coordination_sites	high_risk_not_hard_exclusion	outside_PROSITE_SF3_like_94_254	annotated_functional_neighborhood	unknown_no_verified_A89_9A5_internal_epitope_mapping	structured_or_uncertain	False	0.0	NA_no_residue_level_segment_file	NA_no_residue_level_segment_file	0.1519752144813537	0.1437820073109996	partly_exposed	0.319564982906023	3.5149498833164627	interface_close	43.51342368266956	not_pore_proximal_or_unknown	76.86000061035156	False	NA_iupred_anchor_not_available_in_current_environment	NA_iupred_anchor_not_available_in_current_environment	lower_flexibility_prior	interface_contact_density_proxy	no_major_available_disagreement	0.702384	0.766338	0			exact_aligned	high	-5.729709	direct_insert_strongly_deleterious	-2.444154	0.5321316614420063	0.3040752351097179	0.6269592476489028	G196_minimal	MAP8	tag_specific_disagreement	0	tag_specific_disagreement_direct_homolog_conflicted	234	33	no_close_mapped_RNA_contact	completed_with_explicit_NA_for_unavailable_disorder_and_boundary_segments
268|269	268	269	I	G	HIGH_RISK	ATPase-to-Zn/Cys-rich_transition;near_Zn-coordination_sites	high_risk_not_hard_exclusion	outside_PROSITE_SF3_like_94_254	annotated_functional_neighborhood	unknown_no_verified_A89_9A5_internal_epitope_mapping	structured_or_uncertain	False	0.0	NA_no_residue_level_segment_file	NA_no_residue_level_segment_file	0.1519752144813537	0.1437820073109996	partly_exposed	0.0100583638124423	5.03711443389194	not_close_or_unknown	42.51867522833923	not_pore_proximal_or_unknown	76.12000274658203	False	NA_iupred_anchor_not_available_in_current_environment	NA_iupred_anchor_not_available_in_current_environment	lower_flexibility_prior	not_high_by_available_proxy	no_major_available_disagreement	0.702384	0.766338	0			exact_aligned	high	-5.913148	direct_insert_strongly_deleterious	-2.318501	0.5760188087774295	0.27586206896551724	0.445141065830721	MAP8	G196_minimal	plm_no_consensus_secondary_support	2	direct_homolog_conflicted_with_plm_context	234	34	no_close_mapped_RNA_contact	completed_with_explicit_NA_for_unavailable_disorder_and_boundary_segments
269|270	269	270	G	N	HIGH_RISK	ATPase-to-Zn/Cys-rich_transition;near_Zn-coordination_sites	high_risk_not_hard_exclusion	outside_PROSITE_SF3_like_94_254	annotated_functional_neighborhood	unknown_no_verified_A89_9A5_internal_epitope_mapping	loop_or_coil_supported	True	1.0	NA_no_residue_level_segment_file	NA_no_residue_level_segment_file	0.3184702098369598	0.1271599060449844	partly_exposed	0.7751661465257196	3.0403231223266447	interface_close	37.94790103880197	not_pore_proximal_or_unknown	76.12000274658203	False	NA_iupred_anchor_not_available_in_current_environment	NA_iupred_anchor_not_available_in_current_environment	unknown_or_moderate_flexibility_prior	high_burial_contact_density_proxy	no_major_available_disagreement	0.615664	0.784736	0			exact_aligned	high	-5.815414	direct_insert_strongly_deleterious	-2.718684	0.6520376175548589	0.5078369905956113	0.3040752351097179	HA	G196_practical_GS	plm_no_consensus_secondary_support	0	direct_homolog_conflicted_with_plm_context	234	35	no_close_mapped_RNA_contact	completed_with_explicit_NA_for_unavailable_disorder_and_boundary_segments
270|271	270	271	N	A	HIGH_RISK	ATPase-to-Zn/Cys-rich_transition;near_Zn-coordination_sites	high_risk_not_hard_exclusion	outside_PROSITE_SF3_like_94_254	annotated_functional_neighborhood	unknown_no_verified_A89_9A5_internal_epitope_mapping	structured_or_uncertain	False	0.0	NA_no_residue_level_segment_file	NA_no_residue_level_segment_file	0.15298892557621	0.1033776034372413	partly_exposed	0.7751661465257196	3.0403231223266447	interface_close	37.94790103880197	not_pore_proximal_or_unknown	76.7300033569336	False	NA_iupred_anchor_not_available_in_current_environment	NA_iupred_anchor_not_available_in_current_environment	lower_flexibility_prior	high_burial_contact_density_proxy	no_major_available_disagreement	0.588781	0.785429	0			exact_aligned	high	-5.798851	direct_insert_strongly_deleterious	-1.982363	0.6442006269592476	0.2915360501567398	0.6990595611285266	HA	MAP8	tag_specific_disagreement	0	tag_specific_disagreement_direct_homolog_conflicted	234	36	no_close_mapped_RNA_contact	completed_with_explicit_NA_for_unavailable_disorder_and_boundary_segments
271|272	271	272	A	K	HIGH_RISK	ATPase-to-Zn/Cys-rich_transition;near_Zn-coordination_sites	high_risk_not_hard_exclusion	outside_PROSITE_SF3_like_94_254	annotated_functional_neighborhood	unknown_no_verified_A89_9A5_internal_epitope_mapping	structured_or_uncertain	False	0.0	NA_no_residue_level_segment_file	NA_no_residue_level_segment_file	0.15298892557621	0.1033776034372413	partly_exposed	0.8822527908030507	2.5539594026673686	interface_close	41.713262085086825	not_pore_proximal_or_unknown	79.79000091552734	False	NA_iupred_anchor_not_available_in_current_environment	NA_iupred_anchor_not_available_in_current_environment	lower_flexibility_prior	high_burial_contact_density_proxy	no_major_available_disagreement	0.484743	0.832735	0			exact_aligned	high	-5.794666	direct_insert_strongly_deleterious	-1.385435	0.5877742946708464	0.2727272727272727	0.5799373040752351	G196_minimal	G196_practical_GS	tag_specific_disagreement	0	tag_specific_disagreement_direct_homolog_conflicted	234	37	no_close_mapped_RNA_contact	completed_with_explicit_NA_for_unavailable_disorder_and_boundary_segments
272|273	272	273	K	C	EXCLUDE	A89_Zn-binding_C273_by_similarity	hard_exclusion	outside_PROSITE_SF3_like_94_254	hard_functional_motif_or_domain	unknown_no_verified_A89_9A5_internal_epitope_mapping	structured_or_uncertain	False	0.0	NA_no_residue_level_segment_file	NA_no_residue_level_segment_file	0.1022108122706413	0.0635980845925336	buried_or_unknown	0.8822527908030507	2.5539594026673686	interface_close	44.25571427877973	not_pore_proximal_or_unknown	83.7699966430664	False	NA_iupred_anchor_not_available_in_current_environment	NA_iupred_anchor_not_available_in_current_environment	lower_flexibility_prior	high_burial_contact_density_proxy	no_major_available_disagreement	0.270854	0.910657	0			exact_aligned	high	-5.611086	direct_insert_strongly_deleterious	-2.2011	0.7249216300940439	0.5015673981191222	0.43887147335423204	G196_minimal	G196_practical_GS	plm_no_consensus_secondary_support	0	hard_excluded	234	38	no_close_mapped_RNA_contact	completed_with_explicit_NA_for_unavailable_disorder_and_boundary_segments
273|274	273	274	C	C	EXCLUDE	A89_Zn-binding_C273_by_similarity	hard_exclusion	outside_PROSITE_SF3_like_94_254	hard_functional_motif_or_domain	unknown_no_verified_A89_9A5_internal_epitope_mapping	loop_or_coil_supported	True	1.0	NA_no_residue_level_segment_file	NA_no_residue_level_segment_file	0.0430095642805099	0.0002675474939232	buried_or_unknown	1.0	3.3775859299485687	interface_close	44.57170664690218	not_pore_proximal_or_unknown	86.77999877929688	False	NA_iupred_anchor_not_available_in_current_environment	NA_iupred_anchor_not_available_in_current_environment	unknown_or_moderate_flexibility_prior	high_burial_contact_density_proxy	no_major_available_disagreement	0.256372	0.912822	0			exact_aligned	high	-5.669783	direct_insert_strongly_deleterious	-2.635325	0.6943573667711599	0.4796238244514106	0.40752351097178685	G196_practical_GS	HA	plm_no_consensus_secondary_support	0	hard_excluded	234	39	no_close_mapped_RNA_contact	completed_with_explicit_NA_for_unavailable_disorder_and_boundary_segments
274|275	274	275	C	P	HIGH_RISK	ATPase-to-Zn/Cys-rich_transition;near_Zn-coordination_sites	high_risk_not_hard_exclusion	outside_PROSITE_SF3_like_94_254	annotated_functional_neighborhood	unknown_no_verified_A89_9A5_internal_epitope_mapping	structured_or_uncertain	False	0.0	NA_no_residue_level_segment_file	NA_no_residue_level_segment_file	0.0430095642805099	0.0002675474939232	buried_or_unknown	1.0	3.396072725200085	interface_close	44.57170664690218	not_pore_proximal_or_unknown	90.0999984741211	False	NA_iupred_anchor_not_available_in_current_environment	NA_iupred_anchor_not_available_in_current_environment	lower_flexibility_prior	high_burial_contact_density_proxy	no_major_available_disagreement	0.221548	0.922562	0			exact_aligned	high	-5.683934	direct_insert_strongly_deleterious	-2.67597	0.5391849529780565	0.43887147335423193	0.3605015673981192	HA	G196_practical_GS	plm_no_consensus_secondary_support	0	direct_homolog_conflicted_with_plm_context	234	40	no_close_mapped_RNA_contact	completed_with_explicit_NA_for_unavailable_disorder_and_boundary_segments
275|276	275	276	P	F	HIGH_RISK	ATPase-to-Zn/Cys-rich_transition;near_Zn-coordination_sites	high_risk_not_hard_exclusion	outside_PROSITE_SF3_like_94_254	annotated_functional_neighborhood	unknown_no_verified_A89_9A5_internal_epitope_mapping	structured_or_uncertain	False	0.0	NA_no_residue_level_segment_file	NA_no_residue_level_segment_file	0.0	0.0003235222150882	buried_or_unknown	0.0	6.250449780454153	not_close_or_unknown	39.25231469527872	not_pore_proximal_or_unknown	91.61000061035156	False	NA_iupred_anchor_not_available_in_current_environment	NA_iupred_anchor_not_available_in_current_environment	lower_flexibility_prior	not_high_by_available_proxy	no_major_available_disagreement	0.221548	0.922562	0			exact_aligned	high	-5.743042	direct_insert_strongly_deleterious	-2.801669	0.6379310344827587	0.4482758620689655	0.3605015673981191	G196_minimal	G196_practical_GS	plm_no_consensus_secondary_support	0	direct_homolog_conflicted_with_plm_context	234	41	no_close_mapped_RNA_contact	completed_with_explicit_NA_for_unavailable_disorder_and_boundary_segments
276|277	276	277	F	I	HIGH_RISK	ATPase-to-Zn/Cys-rich_transition;near_Zn-coordination_sites	high_risk_not_hard_exclusion	outside_PROSITE_SF3_like_94_254	annotated_functional_neighborhood	unknown_no_verified_A89_9A5_internal_epitope_mapping	structured_or_uncertain	False	0.0	NA_no_residue_level_segment_file	NA_no_residue_level_segment_file	0.0	0.0003235222150882	buried_or_unknown	1.0	4.076009647678903	interface_close	39.25231469527872	not_pore_proximal_or_unknown	92.0999984741211	False	NA_iupred_anchor_not_available_in_current_environment	NA_iupred_anchor_not_available_in_current_environment	lower_flexibility_prior	high_burial_contact_density_proxy	no_major_available_disagreement	0.273658	0.912822	0			exact_aligned	high	-5.811299	direct_insert_strongly_deleterious	-2.684981	0.5721003134796239	0.46081504702194354	0.2507836990595612	G196_minimal	HA	plm_no_consensus_secondary_support	0	direct_homolog_conflicted_with_plm_context	234	42	no_close_mapped_RNA_contact	completed_with_explicit_NA_for_unavailable_disorder_and_boundary_segments
277|278	277	278	I	C	EXCLUDE	A89_Zn-binding_C278_by_similarity	hard_exclusion	outside_PROSITE_SF3_like_94_254	hard_functional_motif_or_domain	unknown_no_verified_A89_9A5_internal_epitope_mapping	structured_or_uncertain	False	0.0	NA_no_residue_level_segment_file	NA_no_residue_level_segment_file	0.0242649503052234	0.0038062795467183	buried_or_unknown	1.0	4.076009647678903	interface_close	43.13961451879552	not_pore_proximal_or_unknown	89.66999816894531	False	NA_iupred_anchor_not_available_in_current_environment	NA_iupred_anchor_not_available_in_current_environment	lower_flexibility_prior	high_burial_contact_density_proxy	no_major_available_disagreement	0.512033	0.834971	0			exact_aligned	high	-5.707083	direct_insert_strongly_deleterious	-2.818592	0.7186520376175549	0.5203761755485894	0.3918495297805642	G196_practical_GS	HA	plm_no_consensus_secondary_support	0	hard_excluded	234	43	no_close_mapped_RNA_contact	completed_with_explicit_NA_for_unavailable_disorder_and_boundary_segments
278|279	278	279	C	G	EXCLUDE	A89_Zn-binding_C278_by_similarity	hard_exclusion	outside_PROSITE_SF3_like_94_254	hard_functional_motif_or_domain	unknown_no_verified_A89_9A5_internal_epitope_mapping	structured_or_uncertain	False	0.0	NA_no_residue_level_segment_file	NA_no_residue_level_segment_file	0.0570864118635654	0.0670704176792731	buried_or_unknown	0.0	8.060724100385602	not_close_or_unknown	47.0565237410734	not_pore_proximal_or_unknown	89.66999816894531	False	NA_iupred_anchor_not_available_in_current_environment	NA_iupred_anchor_not_available_in_current_environment	lower_flexibility_prior	not_high_by_available_proxy	no_major_available_disagreement	0.421892	0.881024	0			exact_aligned	high	-5.924259	direct_insert_strongly_deleterious	-3.188599	0.5885579937304075	0.3824451410658307	0.457680250783699	G196_practical_GS	HA	plm_no_consensus_secondary_support	0	hard_excluded	234	44	no_close_mapped_RNA_contact	completed_with_explicit_NA_for_unavailable_disorder_and_boundary_segments
279|280	279	280	G	K	HIGH_RISK	ATPase-to-Zn/Cys-rich_transition;near_Zn-coordination_sites	high_risk_not_hard_exclusion	outside_PROSITE_SF3_like_94_254	annotated_functional_neighborhood	unknown_no_verified_A89_9A5_internal_epitope_mapping	loop_or_coil_supported	True	1.0	NA_no_residue_level_segment_file	NA_no_residue_level_segment_file	0.0570864118635654	0.0670704176792731	buried_or_unknown	0.0	9.250789188439688	not_close_or_unknown	47.92108365144136	not_pore_proximal_or_unknown	90.52999877929688	False	NA_iupred_anchor_not_available_in_current_environment	NA_iupred_anchor_not_available_in_current_environment	unknown_or_moderate_flexibility_prior	not_high_by_available_proxy	no_major_available_disagreement	0.524836	0.845309	0			exact_aligned	high	-6.002175	direct_insert_strongly_deleterious	-2.792178	0.5760188087774294	0.2288401253918495	0.5893416927899686	MAP8	G196_minimal	tag_specific_disagreement	5	tag_specific_disagreement_direct_homolog_conflicted	234	45	no_close_mapped_RNA_contact	completed_with_explicit_NA_for_unavailable_disorder_and_boundary_segments
280|281	280	281	K	A	HIGH_RISK	ATPase-to-Zn/Cys-rich_transition;near_Zn-coordination_sites	high_risk_not_hard_exclusion	outside_PROSITE_SF3_like_94_254	annotated_functional_neighborhood	unknown_no_verified_A89_9A5_internal_epitope_mapping	loop_or_coil_supported	True	1.0	NA_no_residue_level_segment_file	NA_no_residue_level_segment_file	0.0	0.0	buried_or_unknown	0.0	9.250789188439688	not_close_or_unknown	45.69213722905821	not_pore_proximal_or_unknown	91.08000183105467	False	NA_iupred_anchor_not_available_in_current_environment	NA_iupred_anchor_not_available_in_current_environment	unknown_or_moderate_flexibility_prior	not_high_by_available_proxy	no_major_available_disagreement	0.539318	0.843145	0			exact_aligned	high	-5.697888	direct_insert_strongly_deleterious	-2.332251	0.7147335423197492	0.4890282131661442	0.36363636363636365	MAP8	HA	plm_no_consensus_secondary_support	0	direct_homolog_conflicted_with_plm_context	234	46	no_close_mapped_RNA_contact	completed_with_explicit_NA_for_unavailable_disorder_and_boundary_segments
281|282	281	282	A	V	HIGH_RISK	ATPase-to-Zn/Cys-rich_transition;near_Zn-coordination_sites	high_risk_not_hard_exclusion	outside_PROSITE_SF3_like_94_254	annotated_functional_neighborhood	unknown_no_verified_A89_9A5_internal_epitope_mapping	structured_or_uncertain	False	0.0	NA_no_residue_level_segment_file	NA_no_residue_level_segment_file	0.0	0.0	buried_or_unknown	0.0	10.246048221985127	not_close_or_unknown	41.90691168566107	not_pore_proximal_or_unknown	91.12999725341795	False	NA_iupred_anchor_not_available_in_current_environment	NA_iupred_anchor_not_available_in_current_environment	lower_flexibility_prior	not_high_by_available_proxy	no_major_available_disagreement	0.539318	0.843145	0			exact_aligned	high	-5.946118	direct_insert_strongly_deleterious	-2.298839	0.6434169278996866	0.5360501567398119	0.21003134796238243	G196_minimal	G196_practical_GS	plm_no_consensus_secondary_support	0	direct_homolog_conflicted_with_plm_context	234	47	no_close_mapped_RNA_contact	completed_with_explicit_NA_for_unavailable_disorder_and_boundary_segments
282|283	282	283	V	E	HIGH_RISK	ATPase-to-Zn/Cys-rich_transition;near_Zn-coordination_sites	high_risk_not_hard_exclusion	outside_PROSITE_SF3_like_94_254	annotated_functional_neighborhood	unknown_no_verified_A89_9A5_internal_epitope_mapping	structured_or_uncertain	False	0.0	NA_no_residue_level_segment_file	NA_no_residue_level_segment_file	0.0	0.0	buried_or_unknown	0.0	10.707798300077243	not_close_or_unknown	41.90691168566107	not_pore_proximal_or_unknown	93.86000061035156	False	NA_iupred_anchor_not_available_in_current_environment	NA_iupred_anchor_not_available_in_current_environment	lower_flexibility_prior	not_high_by_available_proxy	no_major_available_disagreement	0.521062	0.852885	0			exact_aligned	high	-5.729709	direct_insert_strongly_deleterious	-3.149765	0.5854231974921631	0.2288401253918495	0.6865203761755486	HA	G196_practical_GS	tag_specific_disagreement	0	tag_specific_disagreement_direct_homolog_conflicted	234	48	no_close_mapped_RNA_contact	completed_with_explicit_NA_for_unavailable_disorder_and_boundary_segments
283|284	283	284	E	F	HIGH_RISK	ATPase-to-Zn/Cys-rich_transition	high_risk_not_hard_exclusion	outside_PROSITE_SF3_like_94_254	annotated_functional_neighborhood	unknown_no_verified_A89_9A5_internal_epitope_mapping	structured_or_uncertain	False	0.0	NA_no_residue_level_segment_file	NA_no_residue_level_segment_file	0.0005241442704573	0.000565893906686	buried_or_unknown	0.0	11.781689587977615	not_close_or_unknown	39.61814634314886	not_pore_proximal_or_unknown	93.86000061035156	False	NA_iupred_anchor_not_available_in_current_environment	NA_iupred_anchor_not_available_in_current_environment	lower_flexibility_prior	not_high_by_available_proxy	no_major_available_disagreement	0.553574	0.790115	0			exact_aligned	high	-5.510472	direct_insert_strongly_deleterious	-3.887324	0.786833855799373	0.7398119122257053	0.10971786833855801	G196_minimal	HA	plm_consensus_moderate_secondary_support	0	direct_homolog_conflicted_with_plm_context	234	49	no_close_mapped_RNA_contact	completed_with_explicit_NA_for_unavailable_disorder_and_boundary_segments
284|285	284	285	F	K	HIGH_RISK	ATPase-to-Zn/Cys-rich_transition	high_risk_not_hard_exclusion	outside_PROSITE_SF3_like_94_254	annotated_functional_neighborhood	unknown_no_verified_A89_9A5_internal_epitope_mapping	structured_or_uncertain	False	0.0	NA_no_residue_level_segment_file	NA_no_residue_level_segment_file	0.0005241442704573	0.000565893906686	buried_or_unknown	0.0	11.781689587977615	not_close_or_unknown	39.61814634314886	not_pore_proximal_or_unknown	93.63999938964844	False	NA_iupred_anchor_not_available_in_current_environment	NA_iupred_anchor_not_available_in_current_environment	lower_flexibility_prior	not_high_by_available_proxy	no_major_available_disagreement	0.624578	0.773881	0			exact_aligned	high	-5.794666	direct_insert_strongly_deleterious	-3.75424	0.7789968652037618	0.7178683385579938	0.12225705329153591	G196_minimal	G196_practical_GS	plm_consensus_moderate_secondary_support	0	direct_homolog_conflicted_with_plm_context	234	50	no_close_mapped_RNA_contact	completed_with_explicit_NA_for_unavailable_disorder_and_boundary_segments
285|286	285	286	K	D	HIGH_RISK	ATPase-to-Zn/Cys-rich_transition	high_risk_not_hard_exclusion	outside_PROSITE_SF3_like_94_254	annotated_functional_neighborhood	unknown_no_verified_A89_9A5_internal_epitope_mapping	structured_or_uncertain	False	0.0	NA_no_residue_level_segment_file	NA_no_residue_level_segment_file	0.0456850528717041	0.0281722955341372	buried_or_unknown	0.0	11.833768359727046	not_close_or_unknown	41.7269629759173	not_pore_proximal_or_unknown	93.37999725341795	False	NA_iupred_anchor_not_available_in_current_environment	NA_iupred_anchor_not_available_in_current_environment	lower_flexibility_prior	not_high_by_available_proxy	no_major_available_disagreement	0.842142	0.694992	0			exact_aligned	high	-5.773479	direct_insert_strongly_deleterious	-2.784401	0.7092476489028212	0.5893416927899686	0.2946708463949843	G196_minimal	MAP8	plm_no_consensus_secondary_support	0	direct_homolog_conflicted_with_plm_context	234	51	no_close_mapped_RNA_contact	completed_with_explicit_NA_for_unavailable_disorder_and_boundary_segments
286|287	286	287	D	R	HIGH_RISK	ATPase-to-Zn/Cys-rich_transition	high_risk_not_hard_exclusion	outside_PROSITE_SF3_like_94_254	annotated_functional_neighborhood	unknown_no_verified_A89_9A5_internal_epitope_mapping	structured_or_uncertain	False	0.0	NA_no_residue_level_segment_file	NA_no_residue_level_segment_file	0.0456850528717041	0.0281722955341372	buried_or_unknown	0.0	11.833768359727046	not_close_or_unknown	35.35488900968324	not_pore_proximal_or_unknown	90.58999633789062	False	NA_iupred_anchor_not_available_in_current_environment	NA_iupred_anchor_not_available_in_current_environment	lower_flexibility_prior	not_high_by_available_proxy	no_major_available_disagreement	1.050883	0.646291	0			exact_aligned	high	-5.738617	direct_insert_strongly_deleterious	-2.426989	0.7437304075235109	0.5736677115987461	0.3134796238244514	HA	MAP8	plm_no_consensus_secondary_support	0	direct_homolog_conflicted_with_plm_context	234	52	no_close_mapped_RNA_contact	completed_with_explicit_NA_for_unavailable_disorder_and_boundary_segments
287|288	287	288	R	N	HIGH_RISK	ATPase-to-Zn/Cys-rich_transition	high_risk_not_hard_exclusion	outside_PROSITE_SF3_like_94_254	annotated_functional_neighborhood	unknown_no_verified_A89_9A5_internal_epitope_mapping	loop_or_coil_supported	True	1.0	NA_no_residue_level_segment_file	NA_no_residue_level_segment_file	0.2670468091964721	0.2731286348217595	partly_exposed	0.0	7.97857785863854	not_close_or_unknown	35.35488900968324	not_pore_proximal_or_unknown	88.62000274658203	True	NA_iupred_anchor_not_available_in_current_environment	NA_iupred_anchor_not_available_in_current_environment	unknown_or_moderate_flexibility_prior	not_high_by_available_proxy	no_major_available_disagreement	1.131641	0.583520	0			exact_aligned	high	-5.521553	direct_insert_strongly_deleterious	-2.386101	0.6575235109717867	0.5705329153605015	0.25705329153605017	G196_minimal	MAP8	plm_no_consensus_secondary_support	0	conflict_control_with_plm_context	234	53	no_close_mapped_RNA_contact	completed_with_explicit_NA_for_unavailable_disorder_and_boundary_segments
288|289	288	289	N	S	HIGH_RISK	ATPase-to-Zn/Cys-rich_transition	high_risk_not_hard_exclusion	outside_PROSITE_SF3_like_94_254	annotated_functional_neighborhood	unknown_no_verified_A89_9A5_internal_epitope_mapping	loop_or_coil_supported	True	1.0	NA_no_residue_level_segment_file	NA_no_residue_level_segment_file	0.3961829841136932	0.4603922361968666	surface_exposed	0.0	7.97857785863854	not_close_or_unknown	40.4833248371507	not_pore_proximal_or_unknown	88.62000274658203	True	NA_iupred_anchor_not_available_in_current_environment	NA_iupred_anchor_not_available_in_current_environment	higher_relative_flexibility_prior	not_high_by_available_proxy	no_major_available_disagreement	1.190865	0.546723	0			exact_aligned	high	-5.152603	direct_insert_strongly_deleterious	-1.919754	0.6434169278996865	0.561128526645768	0.20376175548589348	G196_minimal	MAP8	plm_no_consensus_secondary_support	3	conflict_control_with_plm_context	234	54	no_close_mapped_RNA_contact	completed_with_explicit_NA_for_unavailable_disorder_and_boundary_segments
289|290	289	290	S	C	HIGH_RISK	ATPase-to-Zn/Cys-rich_transition	high_risk_not_hard_exclusion	outside_PROSITE_SF3_like_94_254	annotated_functional_neighborhood	unknown_no_verified_A89_9A5_internal_epitope_mapping	loop_or_coil_supported	True	1.0	NA_no_residue_level_segment_file	NA_no_residue_level_segment_file	0.3961829841136932	0.4603922361968666	surface_exposed	0.0	11.411383751320844	not_close_or_unknown	45.21923965005797	not_pore_proximal_or_unknown	89.61000061035156	True	NA_iupred_anchor_not_available_in_current_environment	NA_iupred_anchor_not_available_in_current_environment	higher_relative_flexibility_prior	not_high_by_available_proxy	no_major_available_disagreement	0.952490	0.624574	0			exact_aligned	high	-3.51897	direct_insert_strongly_deleterious	-1.840999	0.54858934169279	0.4482758620689655	0.2821316614420062	G196_minimal	HA	plm_no_consensus_secondary_support	5	conflict_control_with_plm_context	234	55	no_close_mapped_RNA_contact	completed_with_explicit_NA_for_unavailable_disorder_and_boundary_segments
290|291	290	291	C	T	HIGH_RISK	ATPase-to-Zn/Cys-rich_transition;C-terminal_bundle/RNA-binding_transition	high_risk_not_hard_exclusion	outside_PROSITE_SF3_like_94_254	annotated_functional_neighborhood	unknown_no_verified_A89_9A5_internal_epitope_mapping	loop_or_coil_supported	True	1.0	NA_no_residue_level_segment_file	NA_no_residue_level_segment_file	0.3655236661434173	0.3893583393836206	surface_exposed	0.0	14.076977854444886	not_close_or_unknown	46.08773248666802	not_pore_proximal_or_unknown	91.20999908447266	True	NA_iupred_anchor_not_available_in_current_environment	NA_iupred_anchor_not_available_in_current_environment	higher_relative_flexibility_prior	not_high_by_available_proxy	no_major_available_disagreement	1.061338	0.574791	0			exact_aligned	high	-5.214399	direct_insert_strongly_deleterious	-2.027002	0.4224137931034483	0.35423197492163006	0.11285266457680254	G196_minimal	MAP8	plm_no_consensus_secondary_support	5	conflict_control_with_plm_context	234	56	no_close_mapped_RNA_contact	completed_with_explicit_NA_for_unavailable_disorder_and_boundary_segments
291|292	291	292	T	T	HIGH_RISK	C-terminal_bundle/RNA-binding_transition	high_risk_not_hard_exclusion	outside_PROSITE_SF3_like_94_254	annotated_functional_neighborhood	unknown_no_verified_A89_9A5_internal_epitope_mapping	structured_or_uncertain	False	0.0	NA_no_residue_level_segment_file	NA_no_residue_level_segment_file	0.3655236661434173	0.3730555541755617	surface_exposed	0.0	15.372715872061487	not_close_or_unknown	46.22068436680049	not_pore_proximal_or_unknown	92.18000030517578	False	NA_iupred_anchor_not_available_in_current_environment	NA_iupred_anchor_not_available_in_current_environment	lower_flexibility_prior	not_high_by_available_proxy	no_major_available_disagreement	1.036968	0.591865	0			exact_aligned	high	-5.626087	direct_insert_strongly_deleterious	-2.680508	0.5148902821316614	0.432601880877743	0.3040752351097178	HA	MAP8	plm_no_consensus_secondary_support	5	direct_homolog_conflicted_with_plm_context	234	57	no_close_mapped_RNA_contact	completed_with_explicit_NA_for_unavailable_disorder_and_boundary_segments
292|293	292	293	T	L	HIGH_RISK	C-terminal_bundle/RNA-binding_transition	high_risk_not_hard_exclusion	outside_PROSITE_SF3_like_94_254	annotated_functional_neighborhood	unknown_no_verified_A89_9A5_internal_epitope_mapping	structured_or_uncertain	False	0.0	NA_no_residue_level_segment_file	NA_no_residue_level_segment_file	0.0888698250055313	0.0483056763511392	buried_or_unknown	0.0	15.605285466232782	not_close_or_unknown	44.86096882035977	not_pore_proximal_or_unknown	92.94000244140624	False	NA_iupred_anchor_not_available_in_current_environment	NA_iupred_anchor_not_available_in_current_environment	lower_flexibility_prior	not_high_by_available_proxy	no_major_available_disagreement	1.129130	0.516107	0			exact_aligned	high	-5.679239	direct_insert_strongly_deleterious	-2.566585	0.359717868338558	0.25705329153605017	0.15987460815047017	G196_minimal	HA	plm_no_consensus_secondary_support	5	direct_homolog_conflicted_with_plm_context	234	58	no_close_mapped_RNA_contact	completed_with_explicit_NA_for_unavailable_disorder_and_boundary_segments
293|294	293	294	L	S	HIGH_RISK	C-terminal_bundle/RNA-binding_transition	high_risk_not_hard_exclusion	outside_PROSITE_SF3_like_94_254	annotated_functional_neighborhood	unknown_no_verified_A89_9A5_internal_epitope_mapping	structured_or_uncertain	False	0.0	NA_no_residue_level_segment_file	NA_no_residue_level_segment_file	0.0644783601164817	0.0483056763511392	buried_or_unknown	0.0	12.645844928242214	not_close_or_unknown	44.86096882035977	not_pore_proximal_or_unknown	92.38999938964844	False	NA_iupred_anchor_not_available_in_current_environment	NA_iupred_anchor_not_available_in_current_environment	lower_flexibility_prior	not_high_by_available_proxy	no_major_available_disagreement	1.129130	0.516107	0			exact_aligned	high	-5.807167	direct_insert_strongly_deleterious	-2.309661	0.2797805642633229	0.1410658307210031	0.3448275862068966	HA	MAP8	plm_no_consensus_secondary_support	0	direct_homolog_conflicted_with_plm_context	234	59	no_close_mapped_RNA_contact	completed_with_explicit_NA_for_unavailable_disorder_and_boundary_segments
294|295	294	295	S	L	HIGH_RISK	C-terminal_bundle/RNA-binding_transition	high_risk_not_hard_exclusion	outside_PROSITE_SF3_like_94_254	annotated_functional_neighborhood	unknown_no_verified_A89_9A5_internal_epitope_mapping	structured_or_uncertain	False	0.0	NA_no_residue_level_segment_file	NA_no_residue_level_segment_file	0.0	0.0006797883789337	buried_or_unknown	0.0	8.995495522696825	not_close_or_unknown	40.19992895045725	not_pore_proximal_or_unknown	92.38999938964844	False	NA_iupred_anchor_not_available_in_current_environment	NA_iupred_anchor_not_available_in_current_environment	lower_flexibility_prior	not_high_by_available_proxy	no_major_available_disagreement	1.104747	0.440349	0			exact_aligned	high	-5.532512	direct_insert_strongly_deleterious	-2.171709	0.33150470219435735	0.1724137931034483	0.3510971786833855	G196_minimal	MAP8	plm_no_consensus_secondary_support	0	direct_homolog_conflicted_with_plm_context	234	60	no_close_mapped_RNA_contact	completed_with_explicit_NA_for_unavailable_disorder_and_boundary_segments
295|296	295	296	L	S	HIGH_RISK	C-terminal_bundle/RNA-binding_transition	high_risk_not_hard_exclusion	outside_PROSITE_SF3_like_94_254	annotated_functional_neighborhood	unknown_no_verified_A89_9A5_internal_epitope_mapping	structured_or_uncertain	False	0.0	NA_no_residue_level_segment_file	NA_no_residue_level_segment_file	0.0	0.0006797883789337	buried_or_unknown	0.0	8.995495522696825	not_close_or_unknown	40.19992895045725	not_pore_proximal_or_unknown	91.69000244140624	False	NA_iupred_anchor_not_available_in_current_environment	NA_iupred_anchor_not_available_in_current_environment	lower_flexibility_prior	not_high_by_available_proxy	no_major_available_disagreement	1.269810	0.442514	0			exact_aligned	high	-5.353998	direct_insert_strongly_deleterious	-2.324189	0.14968652037617552	0.10031347962382442	0.11285266457680254	G196_minimal	G196_practical_GS	plm_no_consensus_secondary_support	3	direct_homolog_conflicted_with_plm_context	234	61	no_close_mapped_RNA_contact	completed_with_explicit_NA_for_unavailable_disorder_and_boundary_segments
296|297	296	297	S	Q	HIGH_RISK	C-terminal_bundle/RNA-binding_transition	high_risk_not_hard_exclusion	outside_PROSITE_SF3_like_94_254	annotated_functional_neighborhood	unknown_no_verified_A89_9A5_internal_epitope_mapping	structured_or_uncertain	False	0.0	NA_no_residue_level_segment_file	NA_no_residue_level_segment_file	0.1421877741813659	0.1328688037010931	buried_or_unknown	0.0	10.45377590798349	not_close_or_unknown	45.00755025707061	not_pore_proximal_or_unknown	91.69000244140624	False	NA_iupred_anchor_not_available_in_current_environment	NA_iupred_anchor_not_available_in_current_environment	lower_flexibility_prior	not_high_by_available_proxy	no_major_available_disagreement	1.259271	0.445761	0			exact_aligned	high	-5.665021	direct_insert_strongly_deleterious	-1.989665	0.24059561128526646	0.1724137931034483	0.1316614420062696	G196_minimal	G196_practical_GS	plm_no_consensus_secondary_support	3	direct_homolog_conflicted_with_plm_context	234	62	no_close_mapped_RNA_contact	completed_with_explicit_NA_for_unavailable_disorder_and_boundary_segments
297|298	297	298	Q	L	HIGH_RISK	C-terminal_bundle/RNA-binding_transition	high_risk_not_hard_exclusion	outside_PROSITE_SF3_like_94_254	annotated_functional_neighborhood	unknown_no_verified_A89_9A5_internal_epitope_mapping	structured_or_uncertain	False	0.0	NA_no_residue_level_segment_file	NA_no_residue_level_segment_file	0.000625843880698	0.0015602678703036	buried_or_unknown	0.0	13.489201739273058	not_close_or_unknown	40.304630523850896	not_pore_proximal_or_unknown	92.0	False	NA_iupred_anchor_not_available_in_current_environment	NA_iupred_anchor_not_available_in_current_environment	lower_flexibility_prior	not_high_by_available_proxy	no_major_available_disagreement	1.208316	0.443481	0			exact_aligned	high	-5.45315	direct_insert_strongly_deleterious	-1.677839	0.16222570532915362	0.11598746081504707	0.13479623824451403	G196_minimal	HA	plm_no_consensus_secondary_support	3	direct_homolog_conflicted_with_plm_context	234	63	no_close_mapped_RNA_contact	completed_with_explicit_NA_for_unavailable_disorder_and_boundary_segments
298|299	298	299	L	Y	HIGH_RISK	C-terminal_bundle/RNA-binding_transition	high_risk_not_hard_exclusion	outside_PROSITE_SF3_like_94_254	annotated_functional_neighborhood	unknown_no_verified_A89_9A5_internal_epitope_mapping	structured_or_uncertain	False	0.0	NA_no_residue_level_segment_file	NA_no_residue_level_segment_file	0.000625843880698	0.0015602678703036	buried_or_unknown	0.0261072982530382	6.691834813132615	not_close_or_unknown	40.304630523850896	not_pore_proximal_or_unknown	92.95999908447266	False	NA_iupred_anchor_not_available_in_current_environment	NA_iupred_anchor_not_available_in_current_environment	lower_flexibility_prior	not_high_by_available_proxy	no_major_available_disagreement	1.135419	0.462961	0			exact_aligned	high	-5.33426	direct_insert_strongly_deleterious	-2.086146	0.12304075235109721	0.06896551724137934	0.08463949843260188	G196_minimal	G196_practical_GS	plm_no_consensus_secondary_support	0	direct_homolog_conflicted_with_plm_context	234	64	no_close_mapped_RNA_contact	completed_with_explicit_NA_for_unavailable_disorder_and_boundary_segments
299|300	299	300	Y	S	HIGH_RISK	C-terminal_bundle/RNA-binding_transition	high_risk_not_hard_exclusion	outside_PROSITE_SF3_like_94_254	annotated_functional_neighborhood	unknown_no_verified_A89_9A5_internal_epitope_mapping	structured_or_uncertain	False	0.0	NA_no_residue_level_segment_file	NA_no_residue_level_segment_file	0.1533123552799224	0.1152038392911845	partly_exposed	0.0261072982530382	6.691834813132615	not_close_or_unknown	41.43317163127262	not_pore_proximal_or_unknown	92.02999877929688	False	NA_iupred_anchor_not_available_in_current_environment	NA_iupred_anchor_not_available_in_current_environment	lower_flexibility_prior	not_high_by_available_proxy	no_major_available_disagreement	1.054661	0.525732	0			exact_aligned	high	-5.366943	direct_insert_strongly_deleterious	-2.340751	0.20532915360501566	0.15047021943573669	0.16614420062695923	G196_minimal	G196_practical_GS	plm_no_consensus_secondary_support	3	direct_homolog_conflicted_with_plm_context	234	65	no_close_mapped_RNA_contact	completed_with_explicit_NA_for_unavailable_disorder_and_boundary_segments
300|301	300	301	S	H	HIGH_RISK	C-terminal_bundle/RNA-binding_transition	high_risk_not_hard_exclusion	outside_PROSITE_SF3_like_94_254	annotated_functional_neighborhood	unknown_no_verified_A89_9A5_internal_epitope_mapping	structured_or_uncertain	False	0.0	NA_no_residue_level_segment_file	NA_no_residue_level_segment_file	0.3130772411823272	0.3176799615224202	partly_exposed	0.0	12.617528901026963	not_close_or_unknown	43.94348901277565	not_pore_proximal_or_unknown	92.02999877929688	False	NA_iupred_anchor_not_available_in_current_environment	NA_iupred_anchor_not_available_in_current_environment	lower_flexibility_prior	not_high_by_available_proxy	no_major_available_disagreement	1.018920	0.556035	0			exact_aligned	high	-5.476475	direct_insert_strongly_deleterious	-2.525531	0.2601880877742947	0.19122257053291536	0.2382445141065831	G196_minimal	G196_practical_GS	plm_no_consensus_secondary_support	0	direct_homolog_conflicted_with_plm_context	234	66	no_close_mapped_RNA_contact	completed_with_explicit_NA_for_unavailable_disorder_and_boundary_segments
301|302	301	302	H	I	HIGH_RISK	C-terminal_bundle/RNA-binding_transition	high_risk_not_hard_exclusion	outside_PROSITE_SF3_like_94_254	annotated_functional_neighborhood	unknown_no_verified_A89_9A5_internal_epitope_mapping	structured_or_uncertain	False	0.0	NA_no_residue_level_segment_file	NA_no_residue_level_segment_file	0.0012771027395501	0.0001497262121255	buried_or_unknown	0.0	12.177671672665888	not_close_or_unknown	39.18092602090801	not_pore_proximal_or_unknown	93.3000030517578	False	NA_iupred_anchor_not_available_in_current_environment	NA_iupred_anchor_not_available_in_current_environment	lower_flexibility_prior	not_high_by_available_proxy	no_major_available_disagreement	1.099941	0.488935	0			exact_aligned	high	-5.482222	direct_insert_strongly_deleterious	-2.419242	0.21238244514106583	0.20062695924764895	0.028213166144200552	G196_minimal	G196_practical_GS	plm_no_consensus_secondary_support	2	direct_homolog_conflicted_with_plm_context	234	67	no_close_mapped_RNA_contact	completed_with_explicit_NA_for_unavailable_disorder_and_boundary_segments
302|303	302	303	I	K	HIGH_RISK	C-terminal_bundle/RNA-binding_transition	high_risk_not_hard_exclusion	outside_PROSITE_SF3_like_94_254	annotated_functional_neighborhood	unknown_no_verified_A89_9A5_internal_epitope_mapping	structured_or_uncertain	False	0.0	NA_no_residue_level_segment_file	NA_no_residue_level_segment_file	0.0012771027395501	0.0001497262121255	buried_or_unknown	0.0559359135271925	6.465206715231283	not_close_or_unknown	39.18092602090801	not_pore_proximal_or_unknown	93.6500015258789	False	NA_iupred_anchor_not_available_in_current_environment	NA_iupred_anchor_not_available_in_current_environment	lower_flexibility_prior	not_high_by_available_proxy	no_major_available_disagreement	1.072552	0.520321	0			exact_aligned	high	-5.482222	direct_insert_strongly_deleterious	-1.928596	0.41927899686520376	0.23197492163009403	0.2821316614420063	HA	MAP8	plm_no_consensus_secondary_support	0	direct_homolog_conflicted_with_plm_context	234	68	no_close_mapped_RNA_contact	completed_with_explicit_NA_for_unavailable_disorder_and_boundary_segments
303|304	303	304	K	E	HIGH_RISK	C-terminal_bundle/RNA-binding_transition	high_risk_not_hard_exclusion	outside_PROSITE_SF3_like_94_254	annotated_functional_neighborhood	unknown_no_verified_A89_9A5_internal_epitope_mapping	structured_or_uncertain	False	0.0	NA_no_residue_level_segment_file	NA_no_residue_level_segment_file	0.2408843487501144	0.2060552882609394	partly_exposed	0.0559359135271925	6.465206715231283	not_close_or_unknown	40.619540959065056	not_pore_proximal_or_unknown	93.0500030517578	False	NA_iupred_anchor_not_available_in_current_environment	NA_iupred_anchor_not_available_in_current_environment	lower_flexibility_prior	not_high_by_available_proxy	no_major_available_disagreement	0.993977	0.538961	0			exact_aligned	high	-5.688607	direct_insert_strongly_deleterious	-2.224808	0.5094043887147335	0.28840125391849525	0.4263322884012539	G196_minimal	HA	plm_no_consensus_secondary_support	2	direct_homolog_conflicted_with_plm_context	234	69	no_close_mapped_RNA_contact	completed_with_explicit_NA_for_unavailable_disorder_and_boundary_segments
304|305	304	305	E	E	HIGH_RISK	A89_C-terminal_RNA-binding_by_similarity;C-terminal_bundle/RNA-binding_transition	high_risk_not_hard_exclusion	outside_PROSITE_SF3_like_94_254	annotated_functional_neighborhood	unknown_no_verified_A89_9A5_internal_epitope_mapping	structured_or_uncertain	False	0.0	NA_no_residue_level_segment_file	NA_no_residue_level_segment_file	0.0428688377141952	0.0346651843488661	buried_or_unknown	0.0	8.17680393943342	not_close_or_unknown	41.81909287175765	not_pore_proximal_or_unknown	93.0500030517578	False	NA_iupred_anchor_not_available_in_current_environment	NA_iupred_anchor_not_available_in_current_environment	lower_flexibility_prior	not_high_by_available_proxy	no_major_available_disagreement	1.026673	0.538961	0			exact_aligned	high	-5.650598	direct_insert_strongly_deleterious	-2.866548	0.3463949843260188	0.23197492163009403	0.19749216300940442	G196_minimal	HA	plm_no_consensus_secondary_support	2	direct_homolog_conflicted_with_plm_context	234	70	no_close_mapped_RNA_contact	completed_with_explicit_NA_for_unavailable_disorder_and_boundary_segments
305|306	305	306	E	D	HIGH_RISK	A89_C-terminal_RNA-binding_by_similarity;C-terminal_bundle/RNA-binding_transition	high_risk_not_hard_exclusion	outside_PROSITE_SF3_like_94_254	annotated_functional_neighborhood	unknown_no_verified_A89_9A5_internal_epitope_mapping	structured_or_uncertain	False	0.0	NA_no_residue_level_segment_file	NA_no_residue_level_segment_file	0.0428688377141952	0.0346651843488661	buried_or_unknown	0.0	8.17680393943342	not_close_or_unknown	38.58991096534464	not_pore_proximal_or_unknown	92.91000366210938	False	NA_iupred_anchor_not_available_in_current_environment	NA_iupred_anchor_not_available_in_current_environment	lower_flexibility_prior	not_high_by_available_proxy	no_major_available_disagreement	1.228251	0.463303	0			exact_aligned	high	-5.674522	direct_insert_strongly_deleterious	-1.834949	0.4137931034482759	0.3260188087774295	0.16927899686520376	G196_minimal	MAP8	plm_no_consensus_secondary_support	2	direct_homolog_conflicted_with_plm_context	234	71	no_close_mapped_RNA_contact	completed_with_explicit_NA_for_unavailable_disorder_and_boundary_segments
306|307	306	307	D	R	HIGH_RISK	A89_C-terminal_RNA-binding_by_similarity;C-terminal_bundle/RNA-binding_transition	high_risk_not_hard_exclusion	outside_PROSITE_SF3_like_94_254	annotated_functional_neighborhood	unknown_no_verified_A89_9A5_internal_epitope_mapping	structured_or_uncertain	False	0.0	NA_no_residue_level_segment_file	NA_no_residue_level_segment_file	0.1175402179360389	0.0527274402723823	buried_or_unknown	0.0	9.713344590197789	not_close_or_unknown	38.58991096534464	not_pore_proximal_or_unknown	92.36000061035156	False	NA_iupred_anchor_not_available_in_current_environment	NA_iupred_anchor_not_available_in_current_environment	lower_flexibility_prior	not_high_by_available_proxy	no_major_available_disagreement	1.309459	0.467632	0			exact_aligned	high	-5.729709	direct_insert_strongly_deleterious	-1.010327	0.5815047021943573	0.29780564263322884	0.54858934169279	G196_practical_GS	HA	tag_specific_disagreement	3	tag_specific_disagreement_direct_homolog_conflicted	234	72	no_close_mapped_RNA_contact	completed_with_explicit_NA_for_unavailable_disorder_and_boundary_segments
307|308	307	308	R	R	HIGH_RISK	A89_C-terminal_RNA-binding_by_similarity;C-terminal_bundle/RNA-binding_transition	high_risk_not_hard_exclusion	outside_PROSITE_SF3_like_94_254	annotated_functional_neighborhood	unknown_no_verified_A89_9A5_internal_epitope_mapping	structured_or_uncertain	False	0.0	NA_no_residue_level_segment_file	NA_no_residue_level_segment_file	0.5479483604431152	0.5586115983280823	surface_exposed	0.0279561448125663	6.163120580413118	not_close_or_unknown	42.81378969957617	not_pore_proximal_or_unknown	92.1999969482422	False	NA_iupred_anchor_not_available_in_current_environment	NA_iupred_anchor_not_available_in_current_environment	lower_flexibility_prior	not_high_by_available_proxy	no_major_available_disagreement	1.233982	0.462221	0			exact_aligned	high	-5.7562	direct_insert_strongly_deleterious	-0.943852	0.36442006269592475	0.24451410658307215	0.347962382445141	G196_practical_GS	HA	plm_no_consensus_secondary_support	4	direct_homolog_conflicted_with_plm_context	234	73	no_close_mapped_RNA_contact	completed_with_explicit_NA_for_unavailable_disorder_and_boundary_segments
308|309	308	309	R	R	HIGH_RISK	A89_C-terminal_RNA-binding_by_similarity;C-terminal_bundle/RNA-binding_transition	high_risk_not_hard_exclusion	outside_PROSITE_SF3_like_94_254	annotated_functional_neighborhood	unknown_no_verified_A89_9A5_internal_epitope_mapping	structured_or_uncertain	False	0.0	NA_no_residue_level_segment_file	NA_no_residue_level_segment_file	0.1795460283756256	0.1532573746358681	partly_exposed	0.0279561448125663	6.163120580413118	not_close_or_unknown	37.74504637541118	not_pore_proximal_or_unknown	91.66000366210938	False	NA_iupred_anchor_not_available_in_current_environment	NA_iupred_anchor_not_available_in_current_environment	lower_flexibility_prior	not_high_by_available_proxy	no_major_available_disagreement	1.296153	0.396204	0			exact_aligned	high	-5.660236	direct_insert_strongly_deleterious	-1.920986	0.40282131661442006	0.2727272727272727	0.2946708463949843	G196_practical_GS	HA	plm_no_consensus_secondary_support	3	direct_homolog_conflicted_with_plm_context	234	74	no_close_mapped_RNA_contact	completed_with_explicit_NA_for_unavailable_disorder_and_boundary_segments
309|310	309	310	R	S	HIGH_RISK	A89_C-terminal_RNA-binding_by_similarity;C-terminal_bundle/RNA-binding_transition;near_C-terminal_oligomerization_region	high_risk_not_hard_exclusion	outside_PROSITE_SF3_like_94_254	annotated_functional_neighborhood	unknown_no_verified_A89_9A5_internal_epitope_mapping	structured_or_uncertain	False	0.0	NA_no_residue_level_segment_file	NA_no_residue_level_segment_file	0.1795460283756256	0.1532573746358681	partly_exposed	0.0056606652823158	6.313164514477313	not_close_or_unknown	37.74504637541118	not_pore_proximal_or_unknown	88.98999786376953	False	NA_iupred_anchor_not_available_in_current_environment	NA_iupred_anchor_not_available_in_current_environment	lower_flexibility_prior	not_high_by_available_proxy	no_major_available_disagreement	1.228802	0.400533	0			exact_aligned	high	-5.258362	direct_insert_strongly_deleterious	-1.735313	0.7053291536050157	0.445141065830721	0.47335423197492166	MAP8	HA	plm_no_consensus_secondary_support	3	direct_homolog_conflicted_with_plm_context	234	75	no_close_mapped_RNA_contact	completed_with_explicit_NA_for_unavailable_disorder_and_boundary_segments
310|311	310	311	S	S	HIGH_RISK	A89_C-terminal_RNA-binding_by_similarity;C-terminal_bundle/RNA-binding_transition;near_C-terminal_oligomerization_region	high_risk_not_hard_exclusion	outside_PROSITE_SF3_like_94_254	annotated_functional_neighborhood	unknown_no_verified_A89_9A5_internal_epitope_mapping	structured_or_uncertain	False	0.0	NA_no_residue_level_segment_file	NA_no_residue_level_segment_file	0.226054847240448	0.1696851668819304	partly_exposed	0.0	5.67807849740379	not_close_or_unknown	40.41951651843706	not_pore_proximal_or_unknown	88.98999786376953	False	NA_iupred_anchor_not_available_in_current_environment	NA_iupred_anchor_not_available_in_current_environment	lower_flexibility_prior	not_high_by_available_proxy	no_major_available_disagreement	1.135480	0.416766	0			exact_aligned	high	-5.379723	direct_insert_strongly_deleterious	-0.528346	0.7594043887147335	0.5924764890282131	0.2695924764890282	G196_minimal	HA	plm_no_consensus_secondary_support	2	direct_homolog_conflicted_with_plm_context	234	76	no_close_mapped_RNA_contact	completed_with_explicit_NA_for_unavailable_disorder_and_boundary_segments
311|312	311	312	S	A	HIGH_RISK	A89_C-terminal_RNA-binding_by_similarity;C-terminal_bundle/RNA-binding_transition;near_C-terminal_oligomerization_region	high_risk_not_hard_exclusion	outside_PROSITE_SF3_like_94_254	annotated_functional_neighborhood	unknown_no_verified_A89_9A5_internal_epitope_mapping	structured_or_uncertain	False	0.0	NA_no_residue_level_segment_file	NA_no_residue_level_segment_file	0.3720936477184295	0.1676335593526677	surface_exposed	0.6883943990333311	4.000018279802316	interface_close	44.47602290850659	not_pore_proximal_or_unknown	88.72000122070312	False	NA_iupred_anchor_not_available_in_current_environment	NA_iupred_anchor_not_available_in_current_environment	lower_flexibility_prior	high_burial_contact_density_proxy	no_major_available_disagreement	1.326254	0.343173	0			exact_aligned	high	-5.729709	direct_insert_strongly_deleterious	-1.635046	0.7006269592476488	0.3730407523510971	0.5141065830721003	G196_practical_GS	G196_minimal	tag_specific_disagreement	3	tag_specific_disagreement_direct_homolog_conflicted	234	77	no_close_mapped_RNA_contact	completed_with_explicit_NA_for_unavailable_disorder_and_boundary_segments
312|313	312	313	A	A	HIGH_RISK	A89_C-terminal_RNA-binding_by_similarity;C-terminal_bundle/RNA-binding_transition;near_C-terminal_oligomerization_region	high_risk_not_hard_exclusion	outside_PROSITE_SF3_like_94_254	annotated_functional_neighborhood	unknown_no_verified_A89_9A5_internal_epitope_mapping	structured_or_uncertain	False	0.0	NA_no_residue_level_segment_file	NA_no_residue_level_segment_file	0.1666155457496643	0.109711566944763	partly_exposed	0.6883943990333311	4.000018279802316	interface_close	41.26117951983205	not_pore_proximal_or_unknown	84.7699966430664	False	NA_iupred_anchor_not_available_in_current_environment	NA_iupred_anchor_not_available_in_current_environment	lower_flexibility_prior	high_burial_contact_density_proxy	no_major_available_disagreement	1.242328	0.360489	0			exact_aligned	high	-5.392341	direct_insert_strongly_deleterious	-1.679626	0.5626959247648904	0.2727272727272727	0.41692789968652044	G196_practical_GS	G196_minimal	plm_no_consensus_secondary_support	3	direct_homolog_conflicted_with_plm_context	234	78	no_close_mapped_RNA_contact	completed_with_explicit_NA_for_unavailable_disorder_and_boundary_segments
313|314	313	314	A	Q	HIGH_RISK	C-terminal_bundle/RNA-binding_transition;near_C-terminal_oligomerization_region	high_risk_not_hard_exclusion	outside_PROSITE_SF3_like_94_254	annotated_functional_neighborhood	unknown_no_verified_A89_9A5_internal_epitope_mapping	structured_or_uncertain	False	0.0	NA_no_residue_level_segment_file	NA_no_residue_level_segment_file	0.1666155457496643	0.109711566944763	partly_exposed	0.0	5.663163601693764	not_close_or_unknown	41.26117951983205	not_pore_proximal_or_unknown	82.9000015258789	False	NA_iupred_anchor_not_available_in_current_environment	NA_iupred_anchor_not_available_in_current_environment	lower_flexibility_prior	not_high_by_available_proxy	no_major_available_disagreement	1.169640	0.426507	0			exact_aligned	high	-5.221861	direct_insert_strongly_deleterious	-1.236884	0.6677115987460814	0.44200626959247646	0.4263322884012539	MAP8	G196_practical_GS	plm_no_consensus_secondary_support	3	direct_homolog_conflicted_with_plm_context	234	79	no_close_mapped_RNA_contact	completed_with_explicit_NA_for_unavailable_disorder_and_boundary_segments
314|315	314	315	Q	A	HIGH_RISK	C-terminal_bundle/RNA-binding_transition;near_C-terminal_oligomerization_region	high_risk_not_hard_exclusion	outside_PROSITE_SF3_like_94_254	annotated_functional_neighborhood	unknown_no_verified_A89_9A5_internal_epitope_mapping	structured_or_uncertain	False	0.0	NA_no_residue_level_segment_file	NA_no_residue_level_segment_file	0.4383750855922699	0.2557414027763583	surface_exposed	0.6651290805170893	3.1624560487173543	interface_close	42.95235790534295	not_pore_proximal_or_unknown	82.9000015258789	False	NA_iupred_anchor_not_available_in_current_environment	NA_iupred_anchor_not_available_in_current_environment	lower_flexibility_prior	high_burial_contact_density_proxy	no_major_available_disagreement	1.088181	0.444905	0			exact_aligned	high	-5.447233	direct_insert_strongly_deleterious	-1.391913	0.7515673981191222	0.4764890282131662	0.445141065830721	MAP8	HA	plm_no_consensus_secondary_support	4	direct_homolog_conflicted_with_plm_context	234	80	no_close_mapped_RNA_contact	completed_with_explicit_NA_for_unavailable_disorder_and_boundary_segments
315|316	315	316	A	M	EXCLUDE	A89_C-terminal_oligomerization_region_by_similarity	hard_exclusion	outside_PROSITE_SF3_like_94_254	hard_functional_motif_or_domain	unknown_no_verified_A89_9A5_internal_epitope_mapping	structured_or_uncertain	False	0.0	NA_no_residue_level_segment_file	NA_no_residue_level_segment_file	0.4383750855922699	0.1151241220179058	surface_exposed	0.8244054930623689	2.759802478421405	interface_close	41.52818323815281	not_pore_proximal_or_unknown	82.66999816894531	False	NA_iupred_anchor_not_available_in_current_environment	NA_iupred_anchor_not_available_in_current_environment	lower_flexibility_prior	high_burial_contact_density_proxy	no_major_available_disagreement	1.088181	0.444905	0			exact_aligned	high	-5.493618	direct_insert_strongly_deleterious	-1.616493	0.738244514106583	0.48589341692789967	0.46394984326018807	MAP8	HA	plm_no_consensus_secondary_support	0	hard_excluded	234	81	no_close_mapped_RNA_contact	completed_with_explicit_NA_for_unavailable_disorder_and_boundary_segments
316|317	316	317	M	E	EXCLUDE	A89_C-terminal_oligomerization_region_by_similarity	hard_exclusion	outside_PROSITE_SF3_like_94_254	hard_functional_motif_or_domain	unknown_no_verified_A89_9A5_internal_epitope_mapping	structured_or_uncertain	False	0.0	NA_no_residue_level_segment_file	NA_no_residue_level_segment_file	0.3065928518772125	0.1151241220179058	partly_exposed	0.8244054930623689	2.759802478421405	interface_close	40.36147489713557	not_pore_proximal_or_unknown	76.83999633789062	False	NA_iupred_anchor_not_available_in_current_environment	NA_iupred_anchor_not_available_in_current_environment	lower_flexibility_prior	high_burial_contact_density_proxy	no_major_available_disagreement	1.035100	0.479448	0			exact_aligned	high	-5.176226	direct_insert_strongly_deleterious	-2.078058	0.4952978056426332	0.34169278996865204	0.2382445141065831	G196_minimal	HA	plm_no_consensus_secondary_support	0	hard_excluded	234	82	no_close_mapped_RNA_contact	completed_with_explicit_NA_for_unavailable_disorder_and_boundary_segments
317|318	317	318	E	A	EXCLUDE	A89_C-terminal_oligomerization_region_by_similarity	hard_exclusion	outside_PROSITE_SF3_like_94_254	hard_functional_motif_or_domain	unknown_no_verified_A89_9A5_internal_epitope_mapping	structured_or_uncertain	False	0.0	NA_no_residue_level_segment_file	NA_no_residue_level_segment_file	0.3065928518772125	0.2059147839054398	partly_exposed	0.0279184311621799	4.06859155884505	interface_close	40.36147489713557	not_pore_proximal_or_unknown	76.83999633789062	False	NA_iupred_anchor_not_available_in_current_environment	NA_iupred_anchor_not_available_in_current_environment	lower_flexibility_prior	interface_contact_density_proxy	no_major_available_disagreement	0.896717	0.518182	0			exact_aligned	high	-4.920455	direct_insert_strongly_deleterious	-2.478255	0.682601880877743	0.41692789968652033	0.39498432601880884	MAP8	G196_minimal	plm_no_consensus_secondary_support	0	hard_excluded	234	83	no_close_mapped_RNA_contact	completed_with_explicit_NA_for_unavailable_disorder_and_boundary_segments
318|319	318	319	A	I	EXCLUDE	A89_C-terminal_oligomerization_region_by_similarity	hard_exclusion	outside_PROSITE_SF3_like_94_254	hard_functional_motif_or_domain	unknown_no_verified_A89_9A5_internal_epitope_mapping	structured_or_uncertain	False	0.0	NA_no_residue_level_segment_file	NA_no_residue_level_segment_file	0.4822628498077392	0.2841738266791587	surface_exposed	0.7121850082828299	2.92821906364868	interface_close	46.89658313362212	not_pore_proximal_or_unknown	78.31999969482422	False	NA_iupred_anchor_not_available_in_current_environment	NA_iupred_anchor_not_available_in_current_environment	lower_flexibility_prior	high_burial_contact_density_proxy	no_major_available_disagreement	0.865878	0.568543	0			exact_aligned	high	-5.034322	direct_insert_strongly_deleterious	-2.913424	0.65282131661442	0.47335423197492166	0.3605015673981191	MAP8	HA	plm_no_consensus_secondary_support	0	hard_excluded	234	84	no_close_mapped_RNA_contact	completed_with_explicit_NA_for_unavailable_disorder_and_boundary_segments
319|320	319	320	I	F	EXCLUDE	A89_C-terminal_oligomerization_region_by_similarity	hard_exclusion	outside_PROSITE_SF3_like_94_254	hard_functional_motif_or_domain	unknown_no_verified_A89_9A5_internal_epitope_mapping	structured_or_uncertain	False	1.0	NA_no_residue_level_segment_file	NA_no_residue_level_segment_file	0.6564633250236511	0.1172875086466471	surface_exposed	0.8621641606287841	2.684936378338328	interface_close	42.69215074467956	not_pore_proximal_or_unknown	75.95999908447266	False	NA_iupred_anchor_not_available_in_current_environment	NA_iupred_anchor_not_available_in_current_environment	unknown_or_moderate_flexibility_prior	high_burial_contact_density_proxy	no_major_available_disagreement	0.717008	0.631494	0			exact_aligned	high	-5.060872	direct_insert_strongly_deleterious	-2.648984	0.46081504702194365	0.335423197492163	0.21943573667711602	G196_minimal	HA	plm_no_consensus_secondary_support	0	hard_excluded	234	85	no_close_mapped_RNA_contact	completed_with_explicit_NA_for_unavailable_disorder_and_boundary_segments
320|321	320	321	F	Q	EXCLUDE	A89_C-terminal_oligomerization_region_by_similarity	hard_exclusion	outside_PROSITE_SF3_like_94_254	hard_functional_motif_or_domain	unknown_no_verified_A89_9A5_internal_epitope_mapping	loop_or_coil_supported	True	1.0	NA_no_residue_level_segment_file	NA_no_residue_level_segment_file	0.7241981625556946	0.1172875086466471	surface_exposed	0.8621641606287841	2.5539594026673686	interface_close	42.69215074467956	not_pore_proximal_or_unknown	75.95999908447266	False	NA_iupred_anchor_not_available_in_current_environment	NA_iupred_anchor_not_available_in_current_environment	higher_relative_flexibility_prior	high_burial_contact_density_proxy	no_major_available_disagreement	0.609206	0.714286	0			exact_aligned	high	-4.64443	direct_insert_strongly_deleterious	-2.519225	0.6630094043887148	0.3448275862068966	0.5642633228840125	G196_practical_GS	HA	tag_specific_disagreement	0	hard_excluded	234	86	no_close_mapped_RNA_contact	completed_with_explicit_NA_for_unavailable_disorder_and_boundary_segments
