tag_form	tag_sequence	tag_length	a89_junction	inserted_sequence_length	plm_model	plm_checkpoint_source	scoring_method	plm_score_wt_full_pll	plm_score_inserted_full_pll	plm_delta_full_pll_insert_minus_wt	plm_score_wt_mean_pll	plm_score_inserted_mean_pll	plm_delta_mean_pll_insert_minus_wt	plm_score_inserted_tag_only_pll	plm_score_inserted_tag_mean_pll	plm_status	blocker	batch_size	device_name	hostname	plm_rank_within_tag	plm_percentile_within_tag
MAP8	GDGMVPPG	8	1|2	329	esm2_t6_8M_UR50D	fair-esm pretrained esm2_t6_8M_UR50D	ESM2 full-sequence masked pseudo-log-likelihood	-877.4935554731637	-900.2974874908105	-22.80393201764673	-2.7336247834054945	-2.7364665273276914	-0.0028417439221968266	-24.008063316345215	-3.001007914543152	completed		128	NVIDIA GeForce RTX 3090	gpu15	35.0	0.8934169278996865
MAP8	GDGMVPPG	8	2|3	329	esm2_t6_8M_UR50D	fair-esm pretrained esm2_t6_8M_UR50D	ESM2 full-sequence masked pseudo-log-likelihood	-877.4935554731637	-900.1516762403771	-22.658120767213404	-2.7336247834054945	-2.7360233320376204	-0.002398548632125852	-23.920424461364746	-2.9900530576705933	completed		128	NVIDIA GeForce RTX 3090	gpu15	31.0	0.9059561128526645
MAP8	GDGMVPPG	8	3|4	329	esm2_t6_8M_UR50D	fair-esm pretrained esm2_t6_8M_UR50D	ESM2 full-sequence masked pseudo-log-likelihood	-877.4935554731637	-898.6173166083172	-21.123761135153472	-2.7336247834054945	-2.731359624949292	0.002265158456202343	-23.08209228515625	-2.8852615356445312	completed		128	NVIDIA GeForce RTX 3090	gpu15	8.0	0.9780564263322884
MAP8	GDGMVPPG	8	4|5	329	esm2_t6_8M_UR50D	fair-esm pretrained esm2_t6_8M_UR50D	ESM2 full-sequence masked pseudo-log-likelihood	-877.4935554731637	-900.9852814385667	-23.49172596540302	-2.7336247834054945	-2.7385570864394126	-0.004932303033918117	-24.533790349960327	-3.066723793745041	completed		128	NVIDIA GeForce RTX 3090	gpu15	52.0	0.8401253918495297
MAP8	GDGMVPPG	8	5|6	329	esm2_t6_8M_UR50D	fair-esm pretrained esm2_t6_8M_UR50D	ESM2 full-sequence masked pseudo-log-likelihood	-877.4935554731637	-904.0246506230906	-26.53109514992684	-2.7336247834054945	-2.7477952906476917	-0.01417050724219715	-26.047312259674072	-3.255914032459259	completed		128	NVIDIA GeForce RTX 3090	gpu15	180.0	0.43887147335423193
MAP8	GDGMVPPG	8	6|7	329	esm2_t6_8M_UR50D	fair-esm pretrained esm2_t6_8M_UR50D	ESM2 full-sequence masked pseudo-log-likelihood	-877.4935554731637	-903.8219659542665	-26.328410481102765	-2.7336247834054945	-2.7471792278245184	-0.01355444441902387	-25.170942783355713	-3.146367847919464	completed		128	NVIDIA GeForce RTX 3090	gpu15	173.0	0.46081504702194354
MAP8	GDGMVPPG	8	7|8	329	esm2_t6_8M_UR50D	fair-esm pretrained esm2_t6_8M_UR50D	ESM2 full-sequence masked pseudo-log-likelihood	-877.4935554731637	-903.1450303150341	-25.651474841870368	-2.7336247834054945	-2.745121672690073	-0.011496889284578593	-24.602209091186523	-3.0752761363983154	completed		128	NVIDIA GeForce RTX 3090	gpu15	142.0	0.5579937304075235
MAP8	GDGMVPPG	8	8|9	329	esm2_t6_8M_UR50D	fair-esm pretrained esm2_t6_8M_UR50D	ESM2 full-sequence masked pseudo-log-likelihood	-877.4935554731637	-903.0043803565204	-25.51082488335669	-2.7336247834054945	-2.7446941652173873	-0.011069381811892764	-25.851300954818726	-3.2314126193523407	completed		128	NVIDIA GeForce RTX 3090	gpu15	138.0	0.5705329153605015
MAP8	GDGMVPPG	8	9|10	329	esm2_t6_8M_UR50D	fair-esm pretrained esm2_t6_8M_UR50D	ESM2 full-sequence masked pseudo-log-likelihood	-877.4935554731637	-903.361477448605	-25.867921975441277	-2.7336247834054945	-2.745779566713085	-0.012154783307590566	-24.903656721115112	-3.112957090139389	completed		128	NVIDIA GeForce RTX 3090	gpu15	157.0	0.5109717868338558
MAP8	GDGMVPPG	8	10|11	329	esm2_t6_8M_UR50D	fair-esm pretrained esm2_t6_8M_UR50D	ESM2 full-sequence masked pseudo-log-likelihood	-877.4935554731637	-903.8141457941383	-26.32059032097459	-2.7336247834054945	-2.747155458340846	-0.013530674935351428	-25.292481184005737	-3.161560148000717	completed		128	NVIDIA GeForce RTX 3090	gpu15	172.0	0.46394984326018807
MAP8	GDGMVPPG	8	11|12	329	esm2_t6_8M_UR50D	fair-esm pretrained esm2_t6_8M_UR50D	ESM2 full-sequence masked pseudo-log-likelihood	-877.4935554731637	-903.9019149905071	-26.408359517343342	-2.7336247834054945	-2.7474222340136993	-0.013797450608204809	-25.588396787643433	-3.198549598455429	completed		128	NVIDIA GeForce RTX 3090	gpu15	176.0	0.45141065830721006
MAP8	GDGMVPPG	8	12|13	329	esm2_t6_8M_UR50D	fair-esm pretrained esm2_t6_8M_UR50D	ESM2 full-sequence masked pseudo-log-likelihood	-877.4935554731637	-899.6734154084697	-22.179859935306013	-2.7336247834054945	-2.7345696516974765	-0.0009448682919819262	-24.463447332382202	-3.0579309165477753	completed		128	NVIDIA GeForce RTX 3090	gpu15	23.0	0.9310344827586207
MAP8	GDGMVPPG	8	13|14	329	esm2_t6_8M_UR50D	fair-esm pretrained esm2_t6_8M_UR50D	ESM2 full-sequence masked pseudo-log-likelihood	-877.4935554731637	-900.1128021646291	-22.619246691465378	-2.7336247834054945	-2.735905173752672	-0.00228039034717753	-24.06263494491577	-3.0078293681144714	completed		128	NVIDIA GeForce RTX 3090	gpu15	28.0	0.9153605015673981
MAP8	GDGMVPPG	8	14|15	329	esm2_t6_8M_UR50D	fair-esm pretrained esm2_t6_8M_UR50D	ESM2 full-sequence masked pseudo-log-likelihood	-877.4935554731637	-900.9377214061096	-23.444165932945907	-2.7336247834054945	-2.738412527070242	-0.004787743664747435	-24.840275049209595	-3.1050343811511993	completed		128	NVIDIA GeForce RTX 3090	gpu15	50.0	0.8463949843260188
MAP8	GDGMVPPG	8	15|16	329	esm2_t6_8M_UR50D	fair-esm pretrained esm2_t6_8M_UR50D	ESM2 full-sequence masked pseudo-log-likelihood	-877.4935554731637	-900.1317013697699	-22.638145896606147	-2.7336247834054945	-2.735962618145197	-0.0023378347397025045	-25.30805802345276	-3.163507252931595	completed		128	NVIDIA GeForce RTX 3090	gpu15	29.0	0.9122257053291536
MAP8	GDGMVPPG	8	16|17	329	esm2_t6_8M_UR50D	fair-esm pretrained esm2_t6_8M_UR50D	ESM2 full-sequence masked pseudo-log-likelihood	-877.4935554731637	-899.1475035138428	-21.653948040679097	-2.7336247834054945	-2.732971135300434	0.0006536481050605225	-24.143794298171997	-3.0179742872714996	completed		128	NVIDIA GeForce RTX 3090	gpu15	13.0	0.9623824451410659
MAP8	GDGMVPPG	8	17|18	329	esm2_t6_8M_UR50D	fair-esm pretrained esm2_t6_8M_UR50D	ESM2 full-sequence masked pseudo-log-likelihood	-877.4935554731637	-897.6121781738475	-20.118622700683773	-2.7336247834054945	-2.728304492929628	0.005320290475866685	-23.217474222183228	-2.9021842777729034	completed		128	NVIDIA GeForce RTX 3090	gpu15	3.0	0.9937304075235109
MAP8	GDGMVPPG	8	18|19	329	esm2_t6_8M_UR50D	fair-esm pretrained esm2_t6_8M_UR50D	ESM2 full-sequence masked pseudo-log-likelihood	-877.4935554731637	-900.2221788801253	-22.72862340696156	-2.7336247834054945	-2.736237625775457	-0.002612842369962287	-25.179682731628418	-3.1474603414535522	completed		128	NVIDIA GeForce RTX 3090	gpu15	32.0	0.9028213166144201
MAP8	GDGMVPPG	8	19|20	329	esm2_t6_8M_UR50D	fair-esm pretrained esm2_t6_8M_UR50D	ESM2 full-sequence masked pseudo-log-likelihood	-877.4935554731637	-898.4737777952105	-20.980222322046757	-2.7336247834054945	-2.7309233367635577	0.0027014466419368333	-23.1416175365448	-2.8927021920681	completed		128	NVIDIA GeForce RTX 3090	gpu15	7.0	0.9811912225705329
MAP8	GDGMVPPG	8	20|21	329	esm2_t6_8M_UR50D	fair-esm pretrained esm2_t6_8M_UR50D	ESM2 full-sequence masked pseudo-log-likelihood	-877.4935554731637	-898.3688711039722	-20.875315630808473	-2.7336247834054945	-2.7306044714406448	0.0030203119648497534	-23.027778387069702	-2.8784722983837128	completed		128	NVIDIA GeForce RTX 3090	gpu15	6.0	0.9843260188087775
MAP8	GDGMVPPG	8	21|22	329	esm2_t6_8M_UR50D	fair-esm pretrained esm2_t6_8M_UR50D	ESM2 full-sequence masked pseudo-log-likelihood	-877.4935554731637	-900.1483105421066	-22.654755068942904	-2.7336247834054945	-2.736013101951692	-0.0023883185461972545	-24.819299936294556	-3.1024124920368195	completed		128	NVIDIA GeForce RTX 3090	gpu15	30.0	0.9090909090909091
MAP8	GDGMVPPG	8	22|23	329	esm2_t6_8M_UR50D	fair-esm pretrained esm2_t6_8M_UR50D	ESM2 full-sequence masked pseudo-log-likelihood	-877.4935554731637	-899.573702165857	-22.080146692693233	-2.7336247834054945	-2.7342665719326957	-0.0006417885272012036	-24.024368286132812	-3.0030460357666016	completed		128	NVIDIA GeForce RTX 3090	gpu15	20.0	0.9404388714733543
MAP8	GDGMVPPG	8	23|24	329	esm2_t6_8M_UR50D	fair-esm pretrained esm2_t6_8M_UR50D	ESM2 full-sequence masked pseudo-log-likelihood	-877.4935554731637	-899.7048398312181	-22.2112843580544	-2.7336247834054945	-2.7346651666602373	-0.0010403832547427605	-24.02694320678711	-3.0033679008483887	completed		128	NVIDIA GeForce RTX 3090	gpu15	24.0	0.9278996865203761
MAP8	GDGMVPPG	8	24|25	329	esm2_t6_8M_UR50D	fair-esm pretrained esm2_t6_8M_UR50D	ESM2 full-sequence masked pseudo-log-likelihood	-877.4935554731637	-900.3077007681131	-22.814145294949412	-2.7336247834054945	-2.736497570723748	-0.002872787318253689	-24.3747820854187	-3.0468477606773376	completed		128	NVIDIA GeForce RTX 3090	gpu15	36.0	0.890282131661442
MAP8	GDGMVPPG	8	25|26	329	esm2_t6_8M_UR50D	fair-esm pretrained esm2_t6_8M_UR50D	ESM2 full-sequence masked pseudo-log-likelihood	-877.4935554731637	-899.0298028942198	-21.536247421056032	-2.7336247834054945	-2.732613382657203	0.0010114007482915355	-24.91325044631958	-3.1141563057899475	completed		128	NVIDIA GeForce RTX 3090	gpu15	10.0	0.9717868338557993
MAP8	GDGMVPPG	8	26|27	329	esm2_t6_8M_UR50D	fair-esm pretrained esm2_t6_8M_UR50D	ESM2 full-sequence masked pseudo-log-likelihood	-877.4935554731637	-899.0977416839451	-21.604186210781336	-2.7336247834054945	-2.732819883537827	0.000804899867667519	-24.338444232940674	-3.0423055291175842	completed		128	NVIDIA GeForce RTX 3090	gpu15	12.0	0.9655172413793104
MAP8	GDGMVPPG	8	27|28	329	esm2_t6_8M_UR50D	fair-esm pretrained esm2_t6_8M_UR50D	ESM2 full-sequence masked pseudo-log-likelihood	-877.4935554731637	-898.0573799926788	-20.563824519515038	-2.7336247834054945	-2.7296576899473517	0.003967093458142834	-23.660104274749756	-2.9575130343437195	completed		128	NVIDIA GeForce RTX 3090	gpu15	5.0	0.987460815047022
MAP8	GDGMVPPG	8	28|29	329	esm2_t6_8M_UR50D	fair-esm pretrained esm2_t6_8M_UR50D	ESM2 full-sequence masked pseudo-log-likelihood	-877.4935554731637	-899.0401537874714	-21.54659831430763	-2.7336247834054945	-2.7326448443388185	0.0009799390666760388	-25.760571002960205	-3.2200713753700256	completed		128	NVIDIA GeForce RTX 3090	gpu15	11.0	0.9686520376175549
MAP8	GDGMVPPG	8	29|30	329	esm2_t6_8M_UR50D	fair-esm pretrained esm2_t6_8M_UR50D	ESM2 full-sequence masked pseudo-log-likelihood	-877.4935554731637	-900.3751339949667	-22.88157852180302	-2.7336247834054945	-2.7367025349391088	-0.003077751533614226	-25.29751420021057	-3.1621892750263214	completed		128	NVIDIA GeForce RTX 3090	gpu15	38.0	0.8840125391849529
MAP8	GDGMVPPG	8	30|31	329	esm2_t6_8M_UR50D	fair-esm pretrained esm2_t6_8M_UR50D	ESM2 full-sequence masked pseudo-log-likelihood	-877.4935554731637	-899.1796931996942	-21.686137726530433	-2.7336247834054945	-2.7330689762908635	0.0005558071146309906	-24.02878761291504	-3.00359845161438	completed		128	NVIDIA GeForce RTX 3090	gpu15	14.0	0.9592476489028213
MAP8	GDGMVPPG	8	31|32	329	esm2_t6_8M_UR50D	fair-esm pretrained esm2_t6_8M_UR50D	ESM2 full-sequence masked pseudo-log-likelihood	-877.4935554731637	-899.7332957768813	-22.239740303717554	-2.7336247834054945	-2.7347516588962955	-0.001126875490800927	-24.31037950515747	-3.038797438144684	completed		128	NVIDIA GeForce RTX 3090	gpu15	25.0	0.9247648902821317
MAP8	GDGMVPPG	8	32|33	329	esm2_t6_8M_UR50D	fair-esm pretrained esm2_t6_8M_UR50D	ESM2 full-sequence masked pseudo-log-likelihood	-877.4935554731637	-902.2986955624074	-24.80514008924365	-2.7336247834054945	-2.7425492266334572	-0.008924443227962708	-25.074809074401855	-3.134351134300232	completed		128	NVIDIA GeForce RTX 3090	gpu15	107.0	0.6677115987460815
MAP8	GDGMVPPG	8	33|34	329	esm2_t6_8M_UR50D	fair-esm pretrained esm2_t6_8M_UR50D	ESM2 full-sequence masked pseudo-log-likelihood	-877.4935554731637	-901.8079288965091	-24.314373423345387	-2.7336247834054945	-2.7410575346398454	-0.007432751234350832	-24.07015299797058	-3.0087691247463226	completed		128	NVIDIA GeForce RTX 3090	gpu15	87.0	0.7304075235109717
MAP8	GDGMVPPG	8	34|35	329	esm2_t6_8M_UR50D	fair-esm pretrained esm2_t6_8M_UR50D	ESM2 full-sequence masked pseudo-log-likelihood	-877.4935554731637	-899.5855457149446	-22.091990241780877	-2.7336247834054945	-2.7343025705621415	-0.0006777871566470139	-23.245303869247437	-2.9056629836559296	completed		128	NVIDIA GeForce RTX 3090	gpu15	21.0	0.9373040752351097
MAP8	GDGMVPPG	8	35|36	329	esm2_t6_8M_UR50D	fair-esm pretrained esm2_t6_8M_UR50D	ESM2 full-sequence masked pseudo-log-likelihood	-877.4935554731637	-900.402072288096	-22.908516814932227	-2.7336247834054945	-2.7367844142495317	-0.0031596308440371423	-23.771735191345215	-2.971466898918152	completed		128	NVIDIA GeForce RTX 3090	gpu15	39.0	0.8808777429467085
MAP8	GDGMVPPG	8	36|37	329	esm2_t6_8M_UR50D	fair-esm pretrained esm2_t6_8M_UR50D	ESM2 full-sequence masked pseudo-log-likelihood	-877.4935554731637	-900.7807293664664	-23.28717389330268	-2.7336247834054945	-2.7379353476184387	-0.004310564212944179	-23.6566321849823	-2.9570790231227875	completed		128	NVIDIA GeForce RTX 3090	gpu15	45.0	0.8620689655172413
MAP8	GDGMVPPG	8	37|38	329	esm2_t6_8M_UR50D	fair-esm pretrained esm2_t6_8M_UR50D	ESM2 full-sequence masked pseudo-log-likelihood	-877.4935554731637	-899.6443657791242	-22.150810305960476	-2.7336247834054945	-2.7344813549517455	-0.0008565715462509615	-24.01469588279724	-3.001836985349655	completed		128	NVIDIA GeForce RTX 3090	gpu15	22.0	0.9341692789968652
MAP8	GDGMVPPG	8	38|39	329	esm2_t6_8M_UR50D	fair-esm pretrained esm2_t6_8M_UR50D	ESM2 full-sequence masked pseudo-log-likelihood	-877.4935554731637	-901.3339826650918	-23.84042719192803	-2.7336247834054945	-2.739616968586905	-0.0059921851814106475	-24.28783679008484	-3.035979598760605	completed		128	NVIDIA GeForce RTX 3090	gpu15	64.0	0.8025078369905956
MAP8	GDGMVPPG	8	39|40	329	esm2_t6_8M_UR50D	fair-esm pretrained esm2_t6_8M_UR50D	ESM2 full-sequence masked pseudo-log-likelihood	-877.4935554731637	-901.5720561183989	-24.07850064523518	-2.7336247834054945	-2.740340596104556	-0.00671581269906163	-24.449021816253662	-3.0561277270317078	completed		128	NVIDIA GeForce RTX 3090	gpu15	74.0	0.7711598746081505
MAP8	GDGMVPPG	8	40|41	329	esm2_t6_8M_UR50D	fair-esm pretrained esm2_t6_8M_UR50D	ESM2 full-sequence masked pseudo-log-likelihood	-877.4935554731637	-901.6947175497189	-24.201162076555192	-2.7336247834054945	-2.740713427202793	-0.007088643797298566	-23.474252939224243	-2.9342816174030304	completed		128	NVIDIA GeForce RTX 3090	gpu15	81.0	0.7492163009404389
MAP8	GDGMVPPG	8	41|42	329	esm2_t6_8M_UR50D	fair-esm pretrained esm2_t6_8M_UR50D	ESM2 full-sequence masked pseudo-log-likelihood	-877.4935554731637	-903.119132367894	-25.62557689473033	-2.7336247834054945	-2.745042955525514	-0.011418172120019499	-24.033385753631592	-3.004173219203949	completed		128	NVIDIA GeForce RTX 3090	gpu15	140.0	0.5642633228840126
MAP8	GDGMVPPG	8	42|43	329	esm2_t6_8M_UR50D	fair-esm pretrained esm2_t6_8M_UR50D	ESM2 full-sequence masked pseudo-log-likelihood	-877.4935554731637	-904.8831762075424	-27.389620734378695	-2.7336247834054945	-2.7504047909043843	-0.01678000749888975	-25.300046682357788	-3.1625058352947235	completed		128	NVIDIA GeForce RTX 3090	gpu15	214.0	0.33228840125391845
MAP8	GDGMVPPG	8	43|44	329	esm2_t6_8M_UR50D	fair-esm pretrained esm2_t6_8M_UR50D	ESM2 full-sequence masked pseudo-log-likelihood	-877.4935554731637	-902.8300445405766	-25.336489067412913	-2.7336247834054945	-2.7441642691202937	-0.010539485714799124	-24.832784175872803	-3.1040980219841003	completed		128	NVIDIA GeForce RTX 3090	gpu15	131.0	0.5924764890282131
MAP8	GDGMVPPG	8	44|45	329	esm2_t6_8M_UR50D	fair-esm pretrained esm2_t6_8M_UR50D	ESM2 full-sequence masked pseudo-log-likelihood	-877.4935554731637	-902.5952958734706	-25.10174040030688	-2.7336247834054945	-2.743450747335777	-0.009825963930282455	-23.583309412002563	-2.9479136765003204	completed		128	NVIDIA GeForce RTX 3090	gpu15	126.0	0.6081504702194358
MAP8	GDGMVPPG	8	45|46	329	esm2_t6_8M_UR50D	fair-esm pretrained esm2_t6_8M_UR50D	ESM2 full-sequence masked pseudo-log-likelihood	-877.4935554731637	-905.3398901531473	-27.846334679983556	-2.7336247834054945	-2.7517929791888975	-0.018168195783403007	-24.64610743522644	-3.080763429403305	completed		128	NVIDIA GeForce RTX 3090	gpu15	226.0	0.2946708463949843
MAP8	GDGMVPPG	8	46|47	329	esm2_t6_8M_UR50D	fair-esm pretrained esm2_t6_8M_UR50D	ESM2 full-sequence masked pseudo-log-likelihood	-877.4935554731637	-904.0969599755481	-26.603404502384365	-2.7336247834054945	-2.74801507591352	-0.014390292508025482	-24.854403734207153	-3.106800466775894	completed		128	NVIDIA GeForce RTX 3090	gpu15	182.0	0.432601880877743
MAP8	GDGMVPPG	8	47|48	329	esm2_t6_8M_UR50D	fair-esm pretrained esm2_t6_8M_UR50D	ESM2 full-sequence masked pseudo-log-likelihood	-877.4935554731637	-901.7976282471791	-24.304072774015367	-2.7336247834054945	-2.7410262256753164	-0.007401442269821867	-24.111141443252563	-3.0138926804065704	completed		128	NVIDIA GeForce RTX 3090	gpu15	86.0	0.7335423197492164
MAP8	GDGMVPPG	8	48|49	329	esm2_t6_8M_UR50D	fair-esm pretrained esm2_t6_8M_UR50D	ESM2 full-sequence masked pseudo-log-likelihood	-877.4935554731637	-903.3695036936551	-25.87594822049141	-2.7336247834054945	-2.7458039625946964	-0.01217917918920186	-26.160852432250977	-3.270106554031372	completed		128	NVIDIA GeForce RTX 3090	gpu15	158.0	0.5078369905956113
MAP8	GDGMVPPG	8	49|50	329	esm2_t6_8M_UR50D	fair-esm pretrained esm2_t6_8M_UR50D	ESM2 full-sequence masked pseudo-log-likelihood	-877.4935554731637	-901.2151261186227	-23.721570645458996	-2.7336247834054945	-2.739255702488215	-0.00563091908272062	-25.8317768573761	-3.2289721071720123	completed		128	NVIDIA GeForce RTX 3090	gpu15	60.0	0.8150470219435737
MAP8	GDGMVPPG	8	50|51	329	esm2_t6_8M_UR50D	fair-esm pretrained esm2_t6_8M_UR50D	ESM2 full-sequence masked pseudo-log-likelihood	-877.4935554731637	-899.5332702035084	-22.039714730344713	-2.7336247834054945	-2.734143678430117	-0.0005188950246224344	-23.943851232528687	-2.992981404066086	completed		128	NVIDIA GeForce RTX 3090	gpu15	19.0	0.9435736677115988
MAP8	GDGMVPPG	8	51|52	329	esm2_t6_8M_UR50D	fair-esm pretrained esm2_t6_8M_UR50D	ESM2 full-sequence masked pseudo-log-likelihood	-877.4935554731637	-902.4880344634876	-24.99447899032384	-2.7336247834054945	-2.743124724813032	-0.009499941407537627	-25.462241649627686	-3.1827802062034607	completed		128	NVIDIA GeForce RTX 3090	gpu15	118.0	0.6332288401253918
MAP8	GDGMVPPG	8	52|53	329	esm2_t6_8M_UR50D	fair-esm pretrained esm2_t6_8M_UR50D	ESM2 full-sequence masked pseudo-log-likelihood	-877.4935554731637	-904.1619786079973	-26.668423134833574	-2.7336247834054945	-2.748212700936162	-0.014587917530667571	-25.93106985092163	-3.241383731365204	completed		128	NVIDIA GeForce RTX 3090	gpu15	184.0	0.4263322884012539
MAP8	GDGMVPPG	8	53|54	329	esm2_t6_8M_UR50D	fair-esm pretrained esm2_t6_8M_UR50D	ESM2 full-sequence masked pseudo-log-likelihood	-877.4935554731637	-901.4246972352266	-23.931141762062907	-2.7336247834054945	-2.7398926967636066	-0.006267913358112054	-23.56093716621399	-2.9451171457767487	completed		128	NVIDIA GeForce RTX 3090	gpu15	67.0	0.7931034482758621
MAP8	GDGMVPPG	8	54|55	329	esm2_t6_8M_UR50D	fair-esm pretrained esm2_t6_8M_UR50D	ESM2 full-sequence masked pseudo-log-likelihood	-877.4935554731637	-901.4594367668033	-23.96588129363954	-2.7336247834054945	-2.739998288044995	-0.006373504639500371	-23.714911222457886	-2.9643639028072357	completed		128	NVIDIA GeForce RTX 3090	gpu15	73.0	0.7742946708463949
MAP8	GDGMVPPG	8	55|56	329	esm2_t6_8M_UR50D	fair-esm pretrained esm2_t6_8M_UR50D	ESM2 full-sequence masked pseudo-log-likelihood	-877.4935554731637	-908.1047301404178	-30.61117466725409	-2.7336247834054945	-2.7601967481471665	-0.026571964741672005	-26.08285689353943	-3.2603571116924286	completed		128	NVIDIA GeForce RTX 3090	gpu15	284.0	0.11285266457680254
MAP8	GDGMVPPG	8	56|57	329	esm2_t6_8M_UR50D	fair-esm pretrained esm2_t6_8M_UR50D	ESM2 full-sequence masked pseudo-log-likelihood	-877.4935554731637	-907.9070764733478	-30.41352100018412	-2.7336247834054945	-2.759595977122638	-0.025971193717143404	-25.166985511779785	-3.145873188972473	completed		128	NVIDIA GeForce RTX 3090	gpu15	282.0	0.11912225705329149
MAP8	GDGMVPPG	8	57|58	329	esm2_t6_8M_UR50D	fair-esm pretrained esm2_t6_8M_UR50D	ESM2 full-sequence masked pseudo-log-likelihood	-877.4935554731637	-906.0479678018019	-28.554412328638136	-2.7336247834054945	-2.753945190886936	-0.02032040748144137	-24.72698736190796	-3.090873420238495	completed		128	NVIDIA GeForce RTX 3090	gpu15	245.0	0.23510971786833856
MAP8	GDGMVPPG	8	58|59	329	esm2_t6_8M_UR50D	fair-esm pretrained esm2_t6_8M_UR50D	ESM2 full-sequence masked pseudo-log-likelihood	-877.4935554731637	-906.3469016468152	-28.853346173651516	-2.7336247834054945	-2.7548538043976145	-0.021229020992119985	-25.006904125213623	-3.125863015651703	completed		128	NVIDIA GeForce RTX 3090	gpu15	254.0	0.2068965517241379
MAP8	GDGMVPPG	8	59|60	329	esm2_t6_8M_UR50D	fair-esm pretrained esm2_t6_8M_UR50D	ESM2 full-sequence masked pseudo-log-likelihood	-877.4935554731637	-907.4150666259229	-29.921511152759194	-2.7336247834054945	-2.758100506461772	-0.02447572305627732	-25.2457115650177	-3.1557139456272125	completed		128	NVIDIA GeForce RTX 3090	gpu15	276.0	0.13793103448275867
MAP8	GDGMVPPG	8	60|61	329	esm2_t6_8M_UR50D	fair-esm pretrained esm2_t6_8M_UR50D	ESM2 full-sequence masked pseudo-log-likelihood	-877.4935554731637	-906.4791460596025	-28.985590586438775	-2.7336247834054945	-2.755255763099096	-0.021630979693601393	-24.45791745185852	-3.057239681482315	completed		128	NVIDIA GeForce RTX 3090	gpu15	257.0	0.19749216300940442
MAP8	GDGMVPPG	8	61|62	329	esm2_t6_8M_UR50D	fair-esm pretrained esm2_t6_8M_UR50D	ESM2 full-sequence masked pseudo-log-likelihood	-877.4935554731637	-905.2112163677812	-27.71766089461744	-2.7336247834054945	-2.7514018734583012	-0.0177770900528067	-24.88199782371521	-3.1102497279644012	completed		128	NVIDIA GeForce RTX 3090	gpu15	220.0	0.3134796238244514
MAP8	GDGMVPPG	8	62|63	329	esm2_t6_8M_UR50D	fair-esm pretrained esm2_t6_8M_UR50D	ESM2 full-sequence masked pseudo-log-likelihood	-877.4935554731637	-903.6101796310395	-26.116624157875776	-2.7336247834054945	-2.7465355003982963	-0.012910716992801774	-25.045475006103516	-3.1306843757629395	completed		128	NVIDIA GeForce RTX 3090	gpu15	165.0	0.48589341692789967
MAP8	GDGMVPPG	8	63|64	329	esm2_t6_8M_UR50D	fair-esm pretrained esm2_t6_8M_UR50D	ESM2 full-sequence masked pseudo-log-likelihood	-877.4935554731637	-901.8217232758179	-24.328167802654207	-2.7336247834054945	-2.7410994628444314	-0.007474679438936871	-23.72298312187195	-2.9653728902339935	completed		128	NVIDIA GeForce RTX 3090	gpu15	88.0	0.7272727272727273
MAP8	GDGMVPPG	8	64|65	329	esm2_t6_8M_UR50D	fair-esm pretrained esm2_t6_8M_UR50D	ESM2 full-sequence masked pseudo-log-likelihood	-877.4935554731637	-903.1910441005602	-25.697488627396524	-2.7336247834054945	-2.745261532220548	-0.011636748815053277	-24.28088903427124	-3.035111129283905	completed		128	NVIDIA GeForce RTX 3090	gpu15	145.0	0.54858934169279
MAP8	GDGMVPPG	8	65|66	329	esm2_t6_8M_UR50D	fair-esm pretrained esm2_t6_8M_UR50D	ESM2 full-sequence masked pseudo-log-likelihood	-877.4935554731637	-905.3355447677895	-27.84198929462582	-2.7336247834054945	-2.7517797713306673	-0.018154987925172783	-25.4875705242157	-3.1859463155269623	completed		128	NVIDIA GeForce RTX 3090	gpu15	225.0	0.29780564263322884
MAP8	GDGMVPPG	8	66|67	329	esm2_t6_8M_UR50D	fair-esm pretrained esm2_t6_8M_UR50D	ESM2 full-sequence masked pseudo-log-likelihood	-877.4935554731637	-905.1153678959236	-27.62181242275983	-2.7336247834054945	-2.751110540717093	-0.017485757311598515	-24.39012575149536	-3.04876571893692	completed		128	NVIDIA GeForce RTX 3090	gpu15	218.0	0.31974921630094044
MAP8	GDGMVPPG	8	67|68	329	esm2_t6_8M_UR50D	fair-esm pretrained esm2_t6_8M_UR50D	ESM2 full-sequence masked pseudo-log-likelihood	-877.4935554731637	-906.0837403628975	-28.59018488973379	-2.7336247834054945	-2.754053922075676	-0.02042913867018159	-24.07401752471924	-3.009252190589905	completed		128	NVIDIA GeForce RTX 3090	gpu15	246.0	0.23197492163009403
MAP8	GDGMVPPG	8	68|69	329	esm2_t6_8M_UR50D	fair-esm pretrained esm2_t6_8M_UR50D	ESM2 full-sequence masked pseudo-log-likelihood	-877.4935554731637	-905.1238944092765	-27.63033893611282	-2.7336247834054945	-2.7511364571710533	-0.017511673765558733	-23.351951360702515	-2.9189939200878143	completed		128	NVIDIA GeForce RTX 3090	gpu15	219.0	0.3166144200626959
MAP8	GDGMVPPG	8	69|70	329	esm2_t6_8M_UR50D	fair-esm pretrained esm2_t6_8M_UR50D	ESM2 full-sequence masked pseudo-log-likelihood	-877.4935554731637	-908.2173674581572	-30.723811984993517	-2.7336247834054945	-2.7605391108150674	-0.02691432740957289	-24.33655834197998	-3.0420697927474976	completed		128	NVIDIA GeForce RTX 3090	gpu15	285.0	0.10971786833855801
MAP8	GDGMVPPG	8	70|71	329	esm2_t6_8M_UR50D	fair-esm pretrained esm2_t6_8M_UR50D	ESM2 full-sequence masked pseudo-log-likelihood	-877.4935554731637	-908.8703655684367	-31.37681009527296	-2.7336247834054945	-2.762523907502847	-0.028899124097352402	-24.857449293136597	-3.1071811616420746	completed		128	NVIDIA GeForce RTX 3090	gpu15	293.0	0.08463949843260188
MAP8	GDGMVPPG	8	71|72	329	esm2_t6_8M_UR50D	fair-esm pretrained esm2_t6_8M_UR50D	ESM2 full-sequence masked pseudo-log-likelihood	-877.4935554731637	-909.4820811105892	-31.988525637425482	-2.7336247834054945	-2.7643832252601497	-0.03075844185465515	-24.56303095817566	-3.0703788697719574	completed		128	NVIDIA GeForce RTX 3090	gpu15	298.0	0.06896551724137934
MAP8	GDGMVPPG	8	72|73	329	esm2_t6_8M_UR50D	fair-esm pretrained esm2_t6_8M_UR50D	ESM2 full-sequence masked pseudo-log-likelihood	-877.4935554731637	-909.2545935884118	-31.761038115248084	-2.7336247834054945	-2.76369177382496	-0.030066990419465256	-24.662683486938477	-3.0828354358673096	completed		128	NVIDIA GeForce RTX 3090	gpu15	295.0	0.07836990595611282
MAP8	GDGMVPPG	8	73|74	329	esm2_t6_8M_UR50D	fair-esm pretrained esm2_t6_8M_UR50D	ESM2 full-sequence masked pseudo-log-likelihood	-877.4935554731637	-902.8845056910068	-25.390950217843056	-2.7336247834054945	-2.7443298045319353	-0.010705021126440784	-24.091684818267822	-3.011460602283478	completed		128	NVIDIA GeForce RTX 3090	gpu15	133.0	0.5862068965517242
MAP8	GDGMVPPG	8	74|75	329	esm2_t6_8M_UR50D	fair-esm pretrained esm2_t6_8M_UR50D	ESM2 full-sequence masked pseudo-log-likelihood	-877.4935554731637	-900.4979159934446	-23.004360520280898	-2.7336247834054945	-2.737075732502871	-0.0034509490973766432	-23.419920206069946	-2.9274900257587433	completed		128	NVIDIA GeForce RTX 3090	gpu15	42.0	0.8714733542319749
MAP8	GDGMVPPG	8	75|76	329	esm2_t6_8M_UR50D	fair-esm pretrained esm2_t6_8M_UR50D	ESM2 full-sequence masked pseudo-log-likelihood	-877.4935554731637	-902.4684882480651	-24.97493277490139	-2.7336247834054945	-2.743065313823906	-0.00944053041841153	-23.815035820007324	-2.9768794775009155	completed		128	NVIDIA GeForce RTX 3090	gpu15	117.0	0.6363636363636364
MAP8	GDGMVPPG	8	76|77	329	esm2_t6_8M_UR50D	fair-esm pretrained esm2_t6_8M_UR50D	ESM2 full-sequence masked pseudo-log-likelihood	-877.4935554731637	-902.8206405146047	-25.327085041441023	-2.7336247834054945	-2.744135685454726	-0.01051090204923133	-24.43842577934265	-3.0548032224178314	completed		128	NVIDIA GeForce RTX 3090	gpu15	130.0	0.5956112852664577
MAP8	GDGMVPPG	8	77|78	329	esm2_t6_8M_UR50D	fair-esm pretrained esm2_t6_8M_UR50D	ESM2 full-sequence masked pseudo-log-likelihood	-877.4935554731637	-904.2009932473302	-26.707437774166465	-2.7336247834054945	-2.7483312864660494	-0.014706503060554876	-24.6100652217865	-3.0762581527233124	completed		128	NVIDIA GeForce RTX 3090	gpu15	191.0	0.4043887147335423
MAP8	GDGMVPPG	8	78|79	329	esm2_t6_8M_UR50D	fair-esm pretrained esm2_t6_8M_UR50D	ESM2 full-sequence masked pseudo-log-likelihood	-877.4935554731637	-902.4267301047221	-24.93317463155836	-2.7336247834054945	-2.742938389376055	-0.009313605970560523	-23.20539665222168	-2.90067458152771	completed		128	NVIDIA GeForce RTX 3090	gpu15	113.0	0.6489028213166144
MAP8	GDGMVPPG	8	79|80	329	esm2_t6_8M_UR50D	fair-esm pretrained esm2_t6_8M_UR50D	ESM2 full-sequence masked pseudo-log-likelihood	-877.4935554731637	-903.5524427071214	-26.05888723395765	-2.7336247834054945	-2.7463600082283324	-0.012735224822837843	-23.122629642486572	-2.8903287053108215	completed		128	NVIDIA GeForce RTX 3090	gpu15	163.0	0.49216300940438873
MAP8	GDGMVPPG	8	80|81	329	esm2_t6_8M_UR50D	fair-esm pretrained esm2_t6_8M_UR50D	ESM2 full-sequence masked pseudo-log-likelihood	-877.4935554731637	-906.1304924422875	-28.63693696912378	-2.7336247834054945	-2.7541960256604483	-0.02057124225495377	-25.085655450820923	-3.1357069313526154	completed		128	NVIDIA GeForce RTX 3090	gpu15	247.0	0.2288401253918495
MAP8	GDGMVPPG	8	81|82	329	esm2_t6_8M_UR50D	fair-esm pretrained esm2_t6_8M_UR50D	ESM2 full-sequence masked pseudo-log-likelihood	-877.4935554731637	-904.1839404311031	-26.690384957939386	-2.7336247834054945	-2.7482794541978817	-0.014654670792387137	-24.32625150680542	-3.0407814383506775	completed		128	NVIDIA GeForce RTX 3090	gpu15	188.0	0.4137931034482759
MAP8	GDGMVPPG	8	82|83	329	esm2_t6_8M_UR50D	fair-esm pretrained esm2_t6_8M_UR50D	ESM2 full-sequence masked pseudo-log-likelihood	-877.4935554731637	-904.8199964603409	-27.326440987177193	-2.7336247834054945	-2.7502127551986044	-0.01658797179310989	-23.41138482093811	-2.926423102617264	completed		128	NVIDIA GeForce RTX 3090	gpu15	213.0	0.335423197492163
MAP8	GDGMVPPG	8	83|84	329	esm2_t6_8M_UR50D	fair-esm pretrained esm2_t6_8M_UR50D	ESM2 full-sequence masked pseudo-log-likelihood	-877.4935554731637	-904.9901172416285	-27.496561768464744	-2.7336247834054945	-2.7507298396402082	-0.0171050562347137	-24.62174129486084	-3.077717661857605	completed		128	NVIDIA GeForce RTX 3090	gpu15	216.0	0.3260188087774295
MAP8	GDGMVPPG	8	84|85	329	esm2_t6_8M_UR50D	fair-esm pretrained esm2_t6_8M_UR50D	ESM2 full-sequence masked pseudo-log-likelihood	-877.4935554731637	-904.625558918342	-27.13200344517827	-2.7336247834054945	-2.749621759630219	-0.015996976224724513	-24.249391317367554	-3.031173914670944	completed		128	NVIDIA GeForce RTX 3090	gpu15	209.0	0.3479623824451411
MAP8	GDGMVPPG	8	85|86	329	esm2_t6_8M_UR50D	fair-esm pretrained esm2_t6_8M_UR50D	ESM2 full-sequence masked pseudo-log-likelihood	-877.4935554731637	-903.2846478410065	-25.791092367842793	-2.7336247834054945	-2.7455460420699285	-0.011921258664433942	-24.117330312728882	-3.0146662890911102	completed		128	NVIDIA GeForce RTX 3090	gpu15	151.0	0.5297805642633229
MAP8	GDGMVPPG	8	86|87	329	esm2_t6_8M_UR50D	fair-esm pretrained esm2_t6_8M_UR50D	ESM2 full-sequence masked pseudo-log-likelihood	-877.4935554731637	-901.4559871889651	-23.962431715801358	-2.7336247834054945	-2.739987803005973	-0.00636301960047847	-23.521806716918945	-2.940225839614868	completed		128	NVIDIA GeForce RTX 3090	gpu15	72.0	0.7774294670846396
MAP8	GDGMVPPG	8	87|88	329	esm2_t6_8M_UR50D	fair-esm pretrained esm2_t6_8M_UR50D	ESM2 full-sequence masked pseudo-log-likelihood	-877.4935554731637	-901.0004047099501	-23.506849236786366	-2.7336247834054945	-2.7386030538296353	-0.004978270424140785	-24.16857409477234	-3.0210717618465424	completed		128	NVIDIA GeForce RTX 3090	gpu15	53.0	0.8369905956112853
MAP8	GDGMVPPG	8	88|89	329	esm2_t6_8M_UR50D	fair-esm pretrained esm2_t6_8M_UR50D	ESM2 full-sequence masked pseudo-log-likelihood	-877.4935554731637	-902.5460867583752	-25.052531285211444	-2.7336247834054945	-2.7433011755573715	-0.009676392151876989	-24.40497136116028	-3.050621420145035	completed		128	NVIDIA GeForce RTX 3090	gpu15	123.0	0.6175548589341693
MAP8	GDGMVPPG	8	89|90	329	esm2_t6_8M_UR50D	fair-esm pretrained esm2_t6_8M_UR50D	ESM2 full-sequence masked pseudo-log-likelihood	-877.4935554731637	-901.6918446002528	-24.198289127089083	-2.7336247834054945	-2.740704694833595	-0.007079911428100605	-23.583956956863403	-2.9479946196079254	completed		128	NVIDIA GeForce RTX 3090	gpu15	80.0	0.7523510971786834
MAP8	GDGMVPPG	8	90|91	329	esm2_t6_8M_UR50D	fair-esm pretrained esm2_t6_8M_UR50D	ESM2 full-sequence masked pseudo-log-likelihood	-877.4935554731637	-903.2957651140168	-25.802209640853107	-2.7336247834054945	-2.7455798331733035	-0.011955049767808923	-25.03768563270569	-3.129710704088211	completed		128	NVIDIA GeForce RTX 3090	gpu15	154.0	0.5203761755485894
MAP8	GDGMVPPG	8	91|92	329	esm2_t6_8M_UR50D	fair-esm pretrained esm2_t6_8M_UR50D	ESM2 full-sequence masked pseudo-log-likelihood	-877.4935554731637	-904.3238237928599	-26.830268319696188	-2.7336247834054945	-2.74870463158924	-0.015079848183745526	-24.72911763191223	-3.091139703989029	completed		128	NVIDIA GeForce RTX 3090	gpu15	196.0	0.3887147335423198
MAP8	GDGMVPPG	8	92|93	329	esm2_t6_8M_UR50D	fair-esm pretrained esm2_t6_8M_UR50D	ESM2 full-sequence masked pseudo-log-likelihood	-877.4935554731637	-904.5412895111367	-27.047734037972987	-2.7336247834054945	-2.7493656216143973	-0.01574083820890282	-24.47274088859558	-3.0590926110744476	completed		128	NVIDIA GeForce RTX 3090	gpu15	206.0	0.3573667711598746
MAP8	GDGMVPPG	8	93|94	329	esm2_t6_8M_UR50D	fair-esm pretrained esm2_t6_8M_UR50D	ESM2 full-sequence masked pseudo-log-likelihood	-877.4935554731637	-904.3638360919431	-26.87028061877936	-2.7336247834054945	-2.748826249519584	-0.015201466114089346	-24.065823078155518	-3.0082278847694397	completed		128	NVIDIA GeForce RTX 3090	gpu15	200.0	0.37617554858934166
MAP8	GDGMVPPG	8	94|95	329	esm2_t6_8M_UR50D	fair-esm pretrained esm2_t6_8M_UR50D	ESM2 full-sequence masked pseudo-log-likelihood	-877.4935554731637	-906.8835687786341	-29.390013305470347	-2.7336247834054945	-2.7564850114852097	-0.022860228079715217	-25.24873447418213	-3.156091809272766	completed		128	NVIDIA GeForce RTX 3090	gpu15	267.0	0.16614420062695923
MAP8	GDGMVPPG	8	95|96	329	esm2_t6_8M_UR50D	fair-esm pretrained esm2_t6_8M_UR50D	ESM2 full-sequence masked pseudo-log-likelihood	-877.4935554731637	-906.8966459687799	-29.403090495616198	-2.7336247834054945	-2.7565247597835256	-0.022899976378031095	-25.258262634277344	-3.157282829284668	completed		128	NVIDIA GeForce RTX 3090	gpu15	270.0	0.15673981191222575
MAP8	GDGMVPPG	8	96|97	329	esm2_t6_8M_UR50D	fair-esm pretrained esm2_t6_8M_UR50D	ESM2 full-sequence masked pseudo-log-likelihood	-877.4935554731637	-905.3777161231264	-27.884160649962723	-2.7336247834054945	-2.7519079517420257	-0.018283168336531208	-23.953887701034546	-2.9942359626293182	completed		128	NVIDIA GeForce RTX 3090	gpu15	227.0	0.2915360501567398
MAP8	GDGMVPPG	8	97|98	329	esm2_t6_8M_UR50D	fair-esm pretrained esm2_t6_8M_UR50D	ESM2 full-sequence masked pseudo-log-likelihood	-877.4935554731637	-903.8286673268303	-26.335111853666604	-2.7336247834054945	-2.7471995967380862	-0.013574813332591695	-24.41793131828308	-3.052241414785385	completed		128	NVIDIA GeForce RTX 3090	gpu15	174.0	0.457680250783699
MAP8	GDGMVPPG	8	98|99	329	esm2_t6_8M_UR50D	fair-esm pretrained esm2_t6_8M_UR50D	ESM2 full-sequence masked pseudo-log-likelihood	-877.4935554731637	-909.4960327800363	-32.002477306872606	-2.7336247834054945	-2.7644256315502624	-0.03080084814476791	-27.3742733001709	-3.4217841625213623	completed		128	NVIDIA GeForce RTX 3090	gpu15	299.0	0.0658307210031348
MAP8	GDGMVPPG	8	99|100	329	esm2_t6_8M_UR50D	fair-esm pretrained esm2_t6_8M_UR50D	ESM2 full-sequence masked pseudo-log-likelihood	-877.4935554731637	-908.2209385959432	-30.72738312277943	-2.7336247834054945	-2.7605499653372134	-0.02692518193171889	-26.244073629379272	-3.280509203672409	completed		128	NVIDIA GeForce RTX 3090	gpu15	286.0	0.10658307210031348
MAP8	GDGMVPPG	8	100|101	329	esm2_t6_8M_UR50D	fair-esm pretrained esm2_t6_8M_UR50D	ESM2 full-sequence masked pseudo-log-likelihood	-877.4935554731637	-907.5197189329192	-30.02616345975548	-2.7336247834054945	-2.7584185985803016	-0.024793815174807055	-25.224093437194824	-3.153011679649353	completed		128	NVIDIA GeForce RTX 3090	gpu15	279.0	0.12852664576802508
MAP8	GDGMVPPG	8	101|102	329	esm2_t6_8M_UR50D	fair-esm pretrained esm2_t6_8M_UR50D	ESM2 full-sequence masked pseudo-log-likelihood	-877.4935554731637	-906.4044832261279	-28.9109277529642	-2.7336247834054945	-2.7550288243955254	-0.021404040990030904	-26.860528469085693	-3.3575660586357117	completed		128	NVIDIA GeForce RTX 3090	gpu15	255.0	0.20376175548589337
MAP8	GDGMVPPG	8	102|103	329	esm2_t6_8M_UR50D	fair-esm pretrained esm2_t6_8M_UR50D	ESM2 full-sequence masked pseudo-log-likelihood	-877.4935554731637	-905.4352956144139	-27.941740141250193	-2.7336247834054945	-2.752082965393355	-0.018458181987860645	-26.071542263031006	-3.2589427828788757	completed		128	NVIDIA GeForce RTX 3090	gpu15	231.0	0.27899686520376177
MAP8	GDGMVPPG	8	103|104	329	esm2_t6_8M_UR50D	fair-esm pretrained esm2_t6_8M_UR50D	ESM2 full-sequence masked pseudo-log-likelihood	-877.4935554731637	-906.8434712188318	-29.349915745668113	-2.7336247834054945	-2.756363134403744	-0.0227383509982495	-25.13131833076477	-3.1414147913455963	completed		128	NVIDIA GeForce RTX 3090	gpu15	264.0	0.17554858934169282
MAP8	GDGMVPPG	8	104|105	329	esm2_t6_8M_UR50D	fair-esm pretrained esm2_t6_8M_UR50D	ESM2 full-sequence masked pseudo-log-likelihood	-877.4935554731637	-906.6728333402425	-29.17927786707878	-2.7336247834054945	-2.7558444782378193	-0.022219694832324777	-25.999002695083618	-3.2498753368854523	completed		128	NVIDIA GeForce RTX 3090	gpu15	261.0	0.1849529780564263
MAP8	GDGMVPPG	8	105|106	329	esm2_t6_8M_UR50D	fair-esm pretrained esm2_t6_8M_UR50D	ESM2 full-sequence masked pseudo-log-likelihood	-877.4935554731637	-905.7899453621358	-28.296389888972044	-2.7336247834054945	-2.7531609281523886	-0.019536144746894024	-27.07112193107605	-3.3838902413845062	completed		128	NVIDIA GeForce RTX 3090	gpu15	237.0	0.2601880877742947
MAP8	GDGMVPPG	8	106|107	329	esm2_t6_8M_UR50D	fair-esm pretrained esm2_t6_8M_UR50D	ESM2 full-sequence masked pseudo-log-likelihood	-877.4935554731637	-904.1706404481083	-26.67708497494459	-2.7336247834054945	-2.7482390287176544	-0.014614245312159824	-25.186761617660522	-3.1483452022075653	completed		128	NVIDIA GeForce RTX 3090	gpu15	186.0	0.42006269592476486
MAP8	GDGMVPPG	8	107|108	329	esm2_t6_8M_UR50D	fair-esm pretrained esm2_t6_8M_UR50D	ESM2 full-sequence masked pseudo-log-likelihood	-877.4935554731637	-902.4295700443909	-24.936014571227133	-2.7336247834054945	-2.7429470214115224	-0.009322238006027828	-24.1288583278656	-3.0161072909832	completed		128	NVIDIA GeForce RTX 3090	gpu15	114.0	0.64576802507837
MAP8	GDGMVPPG	8	108|109	329	esm2_t6_8M_UR50D	fair-esm pretrained esm2_t6_8M_UR50D	ESM2 full-sequence masked pseudo-log-likelihood	-877.4935554731637	-905.9511587778106	-28.45760330464691	-2.7336247834054945	-2.753650938534379	-0.020026155128884504	-26.674148559570312	-3.334268569946289	completed		128	NVIDIA GeForce RTX 3090	gpu15	242.0	0.24451410658307215
MAP8	GDGMVPPG	8	109|110	329	esm2_t6_8M_UR50D	fair-esm pretrained esm2_t6_8M_UR50D	ESM2 full-sequence masked pseudo-log-likelihood	-877.4935554731637	-902.5849869353697	-25.091431462205946	-2.7336247834054945	-2.7434194131774152	-0.009794629771920693	-25.983277320861816	-3.247909665107727	completed		128	NVIDIA GeForce RTX 3090	gpu15	124.0	0.6144200626959248
MAP8	GDGMVPPG	8	110|111	329	esm2_t6_8M_UR50D	fair-esm pretrained esm2_t6_8M_UR50D	ESM2 full-sequence masked pseudo-log-likelihood	-877.4935554731637	-901.9216644577682	-24.428108984604478	-2.7336247834054945	-2.7414032354339457	-0.007778452028451177	-25.149348974227905	-3.143668621778488	completed		128	NVIDIA GeForce RTX 3090	gpu15	92.0	0.7147335423197492
MAP8	GDGMVPPG	8	111|112	329	esm2_t6_8M_UR50D	fair-esm pretrained esm2_t6_8M_UR50D	ESM2 full-sequence masked pseudo-log-likelihood	-877.4935554731637	-902.4104453213513	-24.916889848187566	-2.7336247834054945	-2.742888891554259	-0.00926410814876455	-25.491621732711792	-3.186452716588974	completed		128	NVIDIA GeForce RTX 3090	gpu15	111.0	0.6551724137931034
MAP8	GDGMVPPG	8	112|113	329	esm2_t6_8M_UR50D	fair-esm pretrained esm2_t6_8M_UR50D	ESM2 full-sequence masked pseudo-log-likelihood	-877.4935554731637	-902.02806281019	-24.534507337026298	-2.7336247834054945	-2.7417266346814286	-0.008101851275934102	-23.730034351348877	-2.9662542939186096	completed		128	NVIDIA GeForce RTX 3090	gpu15	97.0	0.6990595611285266
MAP8	GDGMVPPG	8	113|114	329	esm2_t6_8M_UR50D	fair-esm pretrained esm2_t6_8M_UR50D	ESM2 full-sequence masked pseudo-log-likelihood	-877.4935554731637	-902.3033588090912	-24.809803335927427	-2.7336247834054945	-2.7425634006355355	-0.008938617230040968	-23.50281071662903	-2.9378513395786285	completed		128	NVIDIA GeForce RTX 3090	gpu15	108.0	0.664576802507837
MAP8	GDGMVPPG	8	114|115	329	esm2_t6_8M_UR50D	fair-esm pretrained esm2_t6_8M_UR50D	ESM2 full-sequence masked pseudo-log-likelihood	-877.4935554731637	-901.7150510409847	-24.221495567820966	-2.7336247834054945	-2.7407752311276132	-0.007150447722118702	-22.74519443511963	-2.8431493043899536	completed		128	NVIDIA GeForce RTX 3090	gpu15	83.0	0.7429467084639498
MAP8	GDGMVPPG	8	115|116	329	esm2_t6_8M_UR50D	fair-esm pretrained esm2_t6_8M_UR50D	ESM2 full-sequence masked pseudo-log-likelihood	-877.4935554731637	-901.0540350740775	-23.560479600913823	-2.7336247834054945	-2.738766064054947	-0.005141280649452629	-22.465749979019165	-2.8082187473773956	completed		128	NVIDIA GeForce RTX 3090	gpu15	55.0	0.8307210031347962
MAP8	GDGMVPPG	8	116|117	329	esm2_t6_8M_UR50D	fair-esm pretrained esm2_t6_8M_UR50D	ESM2 full-sequence masked pseudo-log-likelihood	-877.4935554731637	-901.4271430550143	-23.93358758185059	-2.7336247834054945	-2.739900130866305	-0.0062753474608103765	-22.560304641723633	-2.820038080215454	completed		128	NVIDIA GeForce RTX 3090	gpu15	68.0	0.7899686520376176
MAP8	GDGMVPPG	8	117|118	329	esm2_t6_8M_UR50D	fair-esm pretrained esm2_t6_8M_UR50D	ESM2 full-sequence masked pseudo-log-likelihood	-877.4935554731637	-902.9955826783553	-25.502027205191553	-2.7336247834054945	-2.7446674245542715	-0.011042641148776955	-21.943922638893127	-2.742990329861641	completed		128	NVIDIA GeForce RTX 3090	gpu15	137.0	0.5736677115987461
MAP8	GDGMVPPG	8	118|119	329	esm2_t6_8M_UR50D	fair-esm pretrained esm2_t6_8M_UR50D	ESM2 full-sequence masked pseudo-log-likelihood	-877.4935554731637	-905.9100592858158	-28.41650381265208	-2.7336247834054945	-2.7535260160663095	-0.019901232660815005	-22.871795654296875	-2.8589744567871094	completed		128	NVIDIA GeForce RTX 3090	gpu15	241.0	0.24764890282131657
MAP8	GDGMVPPG	8	119|120	329	esm2_t6_8M_UR50D	fair-esm pretrained esm2_t6_8M_UR50D	ESM2 full-sequence masked pseudo-log-likelihood	-877.4935554731637	-906.8662212230265	-29.37266574986279	-2.7336247834054945	-2.756432283352664	-0.022807499947169685	-22.902201414108276	-2.8627751767635345	completed		128	NVIDIA GeForce RTX 3090	gpu15	266.0	0.16927899686520376
MAP8	GDGMVPPG	8	120|121	329	esm2_t6_8M_UR50D	fair-esm pretrained esm2_t6_8M_UR50D	ESM2 full-sequence masked pseudo-log-likelihood	-877.4935554731637	-910.7459118650295	-33.25235639186576	-2.7336247834054945	-2.7682246561247097	-0.03459987271921516	-27.963608264923096	-3.495451033115387	completed		128	NVIDIA GeForce RTX 3090	gpu15	303.0	0.053291536050156685
MAP8	GDGMVPPG	8	121|122	329	esm2_t6_8M_UR50D	fair-esm pretrained esm2_t6_8M_UR50D	ESM2 full-sequence masked pseudo-log-likelihood	-877.4935554731637	-911.105177750811	-33.61162227764726	-2.7336247834054945	-2.7693166496985135	-0.035691866293019014	-29.525386095046997	-3.6906732618808746	completed		128	NVIDIA GeForce RTX 3090	gpu15	305.0	0.047021943573667735
MAP8	GDGMVPPG	8	122|123	329	esm2_t6_8M_UR50D	fair-esm pretrained esm2_t6_8M_UR50D	ESM2 full-sequence masked pseudo-log-likelihood	-877.4935554731637	-910.6759275309741	-33.182372057810426	-2.7336247834054945	-2.768011937784116	-0.03438715437862161	-28.120405435562134	-3.5150506794452667	completed		128	NVIDIA GeForce RTX 3090	gpu15	302.0	0.056426332288401215
MAP8	GDGMVPPG	8	123|124	329	esm2_t6_8M_UR50D	fair-esm pretrained esm2_t6_8M_UR50D	ESM2 full-sequence masked pseudo-log-likelihood	-877.4935554731637	-914.7977550309151	-37.30419955775142	-2.7336247834054945	-2.7805402888477664	-0.046915505442271854	-30.24022126197815	-3.7800276577472687	completed		128	NVIDIA GeForce RTX 3090	gpu15	311.0	0.028213166144200663
MAP8	GDGMVPPG	8	124|125	329	esm2_t6_8M_UR50D	fair-esm pretrained esm2_t6_8M_UR50D	ESM2 full-sequence masked pseudo-log-likelihood	-877.4935554731637	-917.4154052278027	-39.92184975463897	-2.7336247834054945	-2.788496672424932	-0.054871889019437514	-28.690902709960938	-3.586362838745117	completed		128	NVIDIA GeForce RTX 3090	gpu15	317.0	0.009404388714733591
MAP8	GDGMVPPG	8	125|126	329	esm2_t6_8M_UR50D	fair-esm pretrained esm2_t6_8M_UR50D	ESM2 full-sequence masked pseudo-log-likelihood	-877.4935554731637	-919.8039031922817	-42.310347719118	-2.7336247834054945	-2.795756544657391	-0.06213176125189657	-30.690253257751465	-3.836281657218933	completed		128	NVIDIA GeForce RTX 3090	gpu15	319.0	0.0031347962382445305
MAP8	GDGMVPPG	8	126|127	329	esm2_t6_8M_UR50D	fair-esm pretrained esm2_t6_8M_UR50D	ESM2 full-sequence masked pseudo-log-likelihood	-877.4935554731637	-919.493482157588	-41.99992668442428	-2.7336247834054945	-2.794813015676559	-0.061188232271064624	-30.395527124404907	-3.7994408905506134	completed		128	NVIDIA GeForce RTX 3090	gpu15	318.0	0.006269592476489061
MAP8	GDGMVPPG	8	127|128	329	esm2_t6_8M_UR50D	fair-esm pretrained esm2_t6_8M_UR50D	ESM2 full-sequence masked pseudo-log-likelihood	-877.4935554731637	-917.1561189591885	-39.66256348602474	-2.7336247834054945	-2.7877085682650105	-0.054083784859515927	-26.981793582439423	-3.372724197804928	completed		128	NVIDIA GeForce RTX 3090	gpu15	315.0	0.01567398119122254
MAP8	GDGMVPPG	8	128|129	329	esm2_t6_8M_UR50D	fair-esm pretrained esm2_t6_8M_UR50D	ESM2 full-sequence masked pseudo-log-likelihood	-877.4935554731637	-916.9523992538452	-39.45884378068149	-2.7336247834054945	-2.78708935943418	-0.053464576028685595	-24.25547218322754	-3.0319340229034424	completed		128	NVIDIA GeForce RTX 3090	gpu15	314.0	0.018808777429467072
MAP8	GDGMVPPG	8	129|130	329	esm2_t6_8M_UR50D	fair-esm pretrained esm2_t6_8M_UR50D	ESM2 full-sequence masked pseudo-log-likelihood	-877.4935554731637	-921.4331269264221	-43.939571453258395	-2.7336247834054945	-2.8007085924815263	-0.06708380907603173	-23.862555503845215	-2.982819437980652	completed		128	NVIDIA GeForce RTX 3090	gpu15	320.0	0.0
MAP8	GDGMVPPG	8	130|131	329	esm2_t6_8M_UR50D	fair-esm pretrained esm2_t6_8M_UR50D	ESM2 full-sequence masked pseudo-log-likelihood	-877.4935554731637	-917.208432495594	-39.7148770224303	-2.7336247834054945	-2.78786757597445	-0.054242792568955256	-30.715959787368774	-3.839494973421097	completed		128	NVIDIA GeForce RTX 3090	gpu15	316.0	0.01253918495297801
MAP8	GDGMVPPG	8	131|132	329	esm2_t6_8M_UR50D	fair-esm pretrained esm2_t6_8M_UR50D	ESM2 full-sequence masked pseudo-log-likelihood	-877.4935554731637	-912.2326153740287	-34.73905990086496	-2.7336247834054945	-2.7727435117751633	-0.03911872836966879	-32.24251627922058	-4.030314534902573	completed		128	NVIDIA GeForce RTX 3090	gpu15	308.0	0.037617554858934144
MAP8	GDGMVPPG	8	132|133	329	esm2_t6_8M_UR50D	fair-esm pretrained esm2_t6_8M_UR50D	ESM2 full-sequence masked pseudo-log-likelihood	-877.4935554731637	-915.4922197759151	-37.99866430275142	-2.7336247834054945	-2.782651123938952	-0.049026340533457446	-30.555524587631226	-3.819440573453903	completed		128	NVIDIA GeForce RTX 3090	gpu15	312.0	0.025078369905956133
MAP8	GDGMVPPG	8	133|134	329	esm2_t6_8M_UR50D	fair-esm pretrained esm2_t6_8M_UR50D	ESM2 full-sequence masked pseudo-log-likelihood	-877.4935554731637	-909.0505701862276	-31.557014713063836	-2.7336247834054945	-2.7630716419034274	-0.029446858497932826	-26.801726579666138	-3.350215822458267	completed		128	NVIDIA GeForce RTX 3090	gpu15	294.0	0.08150470219435735
MAP8	GDGMVPPG	8	134|135	329	esm2_t6_8M_UR50D	fair-esm pretrained esm2_t6_8M_UR50D	ESM2 full-sequence masked pseudo-log-likelihood	-877.4935554731637	-911.3362929560244	-33.842737482860684	-2.7336247834054945	-2.77001912752591	-0.03639434412041531	-28.024972677230835	-3.5031215846538544	completed		128	NVIDIA GeForce RTX 3090	gpu15	307.0	0.040752351097178674
MAP8	GDGMVPPG	8	135|136	329	esm2_t6_8M_UR50D	fair-esm pretrained esm2_t6_8M_UR50D	ESM2 full-sequence masked pseudo-log-likelihood	-877.4935554731637	-906.827678034082	-29.33412256091833	-2.7336247834054945	-2.756315130802681	-0.02269034739718645	-26.753690481185913	-3.344211310148239	completed		128	NVIDIA GeForce RTX 3090	gpu15	262.0	0.18181818181818177
MAP8	GDGMVPPG	8	136|137	329	esm2_t6_8M_UR50D	fair-esm pretrained esm2_t6_8M_UR50D	ESM2 full-sequence masked pseudo-log-likelihood	-877.4935554731637	-909.4994822973385	-32.00592682417482	-2.7336247834054945	-2.7644361164052844	-0.030811332999789887	-27.293434858322144	-3.411679357290268	completed		128	NVIDIA GeForce RTX 3090	gpu15	300.0	0.06269592476489028
MAP8	GDGMVPPG	8	137|138	329	esm2_t6_8M_UR50D	fair-esm pretrained esm2_t6_8M_UR50D	ESM2 full-sequence masked pseudo-log-likelihood	-877.4935554731637	-901.6701654177159	-24.176609944552183	-2.7336247834054945	-2.7406388006617504	-0.007014017256255833	-23.535149812698364	-2.9418937265872955	completed		128	NVIDIA GeForce RTX 3090	gpu15	78.0	0.7586206896551724
MAP8	GDGMVPPG	8	138|139	329	esm2_t6_8M_UR50D	fair-esm pretrained esm2_t6_8M_UR50D	ESM2 full-sequence masked pseudo-log-likelihood	-877.4935554731637	-903.4847899568267	-25.991234483662993	-2.7336247834054945	-2.7461543767684704	-0.012529593362975877	-26.037033319473267	-3.2546291649341583	completed		128	NVIDIA GeForce RTX 3090	gpu15	160.0	0.5015673981191222
MAP8	GDGMVPPG	8	139|140	329	esm2_t6_8M_UR50D	fair-esm pretrained esm2_t6_8M_UR50D	ESM2 full-sequence masked pseudo-log-likelihood	-877.4935554731637	-906.8284475444816	-29.33489207131788	-2.7336247834054945	-2.7563174697400656	-0.02269268633457111	-28.959868669509888	-3.619983583688736	completed		128	NVIDIA GeForce RTX 3090	gpu15	263.0	0.17868338557993735
MAP8	GDGMVPPG	8	140|141	329	esm2_t6_8M_UR50D	fair-esm pretrained esm2_t6_8M_UR50D	ESM2 full-sequence masked pseudo-log-likelihood	-877.4935554731637	-905.7464017970487	-28.252846323885024	-2.7336247834054945	-2.753028576890726	-0.019403793485231358	-26.731643676757812	-3.3414554595947266	completed		128	NVIDIA GeForce RTX 3090	gpu15	236.0	0.2633228840125392
MAP8	GDGMVPPG	8	141|142	329	esm2_t6_8M_UR50D	fair-esm pretrained esm2_t6_8M_UR50D	ESM2 full-sequence masked pseudo-log-likelihood	-877.4935554731637	-903.0941670052707	-25.600611532106996	-2.7336247834054945	-2.7449670729643487	-0.01134228955885419	-25.433083415031433	-3.179135426878929	completed		128	NVIDIA GeForce RTX 3090	gpu15	139.0	0.567398119122257
MAP8	GDGMVPPG	8	142|143	329	esm2_t6_8M_UR50D	fair-esm pretrained esm2_t6_8M_UR50D	ESM2 full-sequence masked pseudo-log-likelihood	-877.4935554731637	-903.2766725830734	-25.783117109909654	-2.7336247834054945	-2.7455218011643567	-0.011897017758862205	-23.949875831604004	-2.9937344789505005	completed		128	NVIDIA GeForce RTX 3090	gpu15	150.0	0.5329153605015674
MAP8	GDGMVPPG	8	143|144	329	esm2_t6_8M_UR50D	fair-esm pretrained esm2_t6_8M_UR50D	ESM2 full-sequence masked pseudo-log-likelihood	-877.4935554731637	-904.6279875189066	-27.13443204574287	-2.7336247834054945	-2.749629141394853	-0.016004357989358287	-24.56725251674652	-3.070906564593315	completed		128	NVIDIA GeForce RTX 3090	gpu15	210.0	0.3448275862068966
MAP8	GDGMVPPG	8	144|145	329	esm2_t6_8M_UR50D	fair-esm pretrained esm2_t6_8M_UR50D	ESM2 full-sequence masked pseudo-log-likelihood	-877.4935554731637	-905.3121628826484	-27.818607409484684	-2.7336247834054945	-2.751708701770968	-0.018083918365473295	-24.71727681159973	-3.0896596014499664	completed		128	NVIDIA GeForce RTX 3090	gpu15	224.0	0.30094043887147337
MAP8	GDGMVPPG	8	145|146	329	esm2_t6_8M_UR50D	fair-esm pretrained esm2_t6_8M_UR50D	ESM2 full-sequence masked pseudo-log-likelihood	-877.4935554731637	-905.6910213129595	-28.19746583979577	-2.7336247834054945	-2.7528602471518524	-0.019235463746357873	-26.558584690093994	-3.3198230862617493	completed		128	NVIDIA GeForce RTX 3090	gpu15	235.0	0.26645768025078365
MAP8	GDGMVPPG	8	146|147	329	esm2_t6_8M_UR50D	fair-esm pretrained esm2_t6_8M_UR50D	ESM2 full-sequence masked pseudo-log-likelihood	-877.4935554731637	-904.1187969413586	-26.625241468194872	-2.7336247834054945	-2.748081449669783	-0.014456666264288653	-23.588244676589966	-2.9485305845737457	completed		128	NVIDIA GeForce RTX 3090	gpu15	183.0	0.42946708463949845
MAP8	GDGMVPPG	8	147|148	329	esm2_t6_8M_UR50D	fair-esm pretrained esm2_t6_8M_UR50D	ESM2 full-sequence masked pseudo-log-likelihood	-877.4935554731637	-908.773259340087	-31.279703866923228	-2.7336247834054945	-2.7622287517935775	-0.02860396838808299	-25.48613142967224	-3.18576642870903	completed		128	NVIDIA GeForce RTX 3090	gpu15	292.0	0.08777429467084641
MAP8	GDGMVPPG	8	148|149	329	esm2_t6_8M_UR50D	fair-esm pretrained esm2_t6_8M_UR50D	ESM2 full-sequence masked pseudo-log-likelihood	-877.4935554731637	-906.6484901895747	-29.154934716410935	-2.7336247834054945	-2.7557704868984034	-0.022145703492908897	-23.610554218292236	-2.9513192772865295	completed		128	NVIDIA GeForce RTX 3090	gpu15	260.0	0.18808777429467083
MAP8	GDGMVPPG	8	149|150	329	esm2_t6_8M_UR50D	fair-esm pretrained esm2_t6_8M_UR50D	ESM2 full-sequence masked pseudo-log-likelihood	-877.4935554731637	-906.331522480119	-28.837967006955296	-2.7336247834054945	-2.7548070592100884	-0.021182275804593864	-24.638840675354004	-3.0798550844192505	completed		128	NVIDIA GeForce RTX 3090	gpu15	252.0	0.21316614420062696
MAP8	GDGMVPPG	8	150|151	329	esm2_t6_8M_UR50D	fair-esm pretrained esm2_t6_8M_UR50D	ESM2 full-sequence masked pseudo-log-likelihood	-877.4935554731637	-906.2557637181599	-28.762208244996145	-2.7336247834054945	-2.754576789416899	-0.020952006011404567	-24.716631650924683	-3.0895789563655853	completed		128	NVIDIA GeForce RTX 3090	gpu15	250.0	0.21943573667711602
MAP8	GDGMVPPG	8	151|152	329	esm2_t6_8M_UR50D	fair-esm pretrained esm2_t6_8M_UR50D	ESM2 full-sequence masked pseudo-log-likelihood	-877.4935554731637	-905.811540365452	-28.317984892288223	-2.7336247834054945	-2.75322656646034	-0.019601783054845612	-24.50784730911255	-3.0634809136390686	completed		128	NVIDIA GeForce RTX 3090	gpu15	239.0	0.25391849529780564
MAP8	GDGMVPPG	8	152|153	329	esm2_t6_8M_UR50D	fair-esm pretrained esm2_t6_8M_UR50D	ESM2 full-sequence masked pseudo-log-likelihood	-877.4935554731637	-904.1845558630303	-26.69100038986653	-2.7336247834054945	-2.748281324811642	-0.014656541406147472	-25.29203224182129	-3.161504030227661	completed		128	NVIDIA GeForce RTX 3090	gpu15	189.0	0.4106583072100314
MAP8	GDGMVPPG	8	153|154	329	esm2_t6_8M_UR50D	fair-esm pretrained esm2_t6_8M_UR50D	ESM2 full-sequence masked pseudo-log-likelihood	-877.4935554731637	-903.4933015117422	-25.99974603857845	-2.7336247834054945	-2.746180247756055	-0.012555464350560541	-25.435790538787842	-3.1794738173484802	completed		128	NVIDIA GeForce RTX 3090	gpu15	161.0	0.4984326018808778
MAP8	GDGMVPPG	8	154|155	329	esm2_t6_8M_UR50D	fair-esm pretrained esm2_t6_8M_UR50D	ESM2 full-sequence masked pseudo-log-likelihood	-877.4935554731637	-902.1183965373784	-24.624841064214706	-2.7336247834054945	-2.7420012052807854	-0.008376421875290863	-25.034024238586426	-3.1292530298233032	completed		128	NVIDIA GeForce RTX 3090	gpu15	100.0	0.6896551724137931
MAP8	GDGMVPPG	8	155|156	329	esm2_t6_8M_UR50D	fair-esm pretrained esm2_t6_8M_UR50D	ESM2 full-sequence masked pseudo-log-likelihood	-877.4935554731637	-901.3039707588032	-23.810415285639465	-2.7336247834054945	-2.7395257469872436	-0.005900963581749075	-24.11854863166809	-3.0148185789585114	completed		128	NVIDIA GeForce RTX 3090	gpu15	63.0	0.8056426332288401
MAP8	GDGMVPPG	8	156|157	329	esm2_t6_8M_UR50D	fair-esm pretrained esm2_t6_8M_UR50D	ESM2 full-sequence masked pseudo-log-likelihood	-877.4935554731637	-904.5063718534075	-27.01281638024375	-2.7336247834054945	-2.749259488916132	-0.015634705510637392	-26.087453603744507	-3.2609317004680634	completed		128	NVIDIA GeForce RTX 3090	gpu15	204.0	0.36363636363636365
MAP8	GDGMVPPG	8	157|158	329	esm2_t6_8M_UR50D	fair-esm pretrained esm2_t6_8M_UR50D	ESM2 full-sequence masked pseudo-log-likelihood	-877.4935554731637	-903.3367435787804	-25.84318810561672	-2.7336247834054945	-2.7457043877774483	-0.012079604371953767	-26.353588104248047	-3.294198513031006	completed		128	NVIDIA GeForce RTX 3090	gpu15	156.0	0.5141065830721003
MAP8	GDGMVPPG	8	158|159	329	esm2_t6_8M_UR50D	fair-esm pretrained esm2_t6_8M_UR50D	ESM2 full-sequence masked pseudo-log-likelihood	-877.4935554731637	-901.9356107614003	-24.44205528823659	-2.7336247834054945	-2.7414456254145905	-0.00782084200909594	-25.14016604423523	-3.1425207555294037	completed		128	NVIDIA GeForce RTX 3090	gpu15	95.0	0.7053291536050157
MAP8	GDGMVPPG	8	159|160	329	esm2_t6_8M_UR50D	fair-esm pretrained esm2_t6_8M_UR50D	ESM2 full-sequence masked pseudo-log-likelihood	-877.4935554731637	-901.14408108918	-23.65052561601624	-2.7336247834054945	-2.7390397601494834	-0.005414976743988831	-24.955872297286987	-3.1194840371608734	completed		128	NVIDIA GeForce RTX 3090	gpu15	56.0	0.8275862068965517
MAP8	GDGMVPPG	8	160|161	329	esm2_t6_8M_UR50D	fair-esm pretrained esm2_t6_8M_UR50D	ESM2 full-sequence masked pseudo-log-likelihood	-877.4935554731637	-902.0285611730069	-24.53500569984317	-2.7336247834054945	-2.741728149462027	-0.00810336605653239	-26.305742502212524	-3.2882178127765656	completed		128	NVIDIA GeForce RTX 3090	gpu15	98.0	0.6959247648902822
MAP8	GDGMVPPG	8	161|162	329	esm2_t6_8M_UR50D	fair-esm pretrained esm2_t6_8M_UR50D	ESM2 full-sequence masked pseudo-log-likelihood	-877.4935554731637	-900.2954747811891	-22.80191930802539	-2.7336247834054945	-2.736460409669268	-0.0028356262637734275	-25.257750034332275	-3.1572187542915344	completed		128	NVIDIA GeForce RTX 3090	gpu15	34.0	0.896551724137931
MAP8	GDGMVPPG	8	162|163	329	esm2_t6_8M_UR50D	fair-esm pretrained esm2_t6_8M_UR50D	ESM2 full-sequence masked pseudo-log-likelihood	-877.4935554731637	-901.157006858848	-23.66345138568431	-2.7336247834054945	-2.7390790482031857	-0.005454264797691177	-25.96474289894104	-3.24559286236763	completed		128	NVIDIA GeForce RTX 3090	gpu15	57.0	0.8244514106583072
MAP8	GDGMVPPG	8	163|164	329	esm2_t6_8M_UR50D	fair-esm pretrained esm2_t6_8M_UR50D	ESM2 full-sequence masked pseudo-log-likelihood	-877.4935554731637	-901.3480438082479	-23.85448833508417	-2.7336247834054945	-2.739659707623854	-0.006034924218359272	-25.16954469680786	-3.1461930871009827	completed		128	NVIDIA GeForce RTX 3090	gpu15	65.0	0.7993730407523512
MAP8	GDGMVPPG	8	164|165	329	esm2_t6_8M_UR50D	fair-esm pretrained esm2_t6_8M_UR50D	ESM2 full-sequence masked pseudo-log-likelihood	-877.4935554731637	-906.1477795899846	-28.654224116820842	-2.7336247834054945	-2.754248570182324	-0.020623786776829522	-27.12101912498474	-3.3901273906230927	completed		128	NVIDIA GeForce RTX 3090	gpu15	248.0	0.22570532915360497
MAP8	GDGMVPPG	8	165|166	329	esm2_t6_8M_UR50D	fair-esm pretrained esm2_t6_8M_UR50D	ESM2 full-sequence masked pseudo-log-likelihood	-877.4935554731637	-909.4719833428971	-31.978427869733423	-2.7336247834054945	-2.764352532957134	-0.030727749551639594	-32.35137367248535	-4.043921709060669	completed		128	NVIDIA GeForce RTX 3090	gpu15	296.0	0.07523510971786829
MAP8	GDGMVPPG	8	166|167	329	esm2_t6_8M_UR50D	fair-esm pretrained esm2_t6_8M_UR50D	ESM2 full-sequence masked pseudo-log-likelihood	-877.4935554731637	-913.8775173202157	-36.38396184705198	-2.7336247834054945	-2.7777432137392575	-0.04411843033376295	-32.55368232727051	-4.0692102909088135	completed		128	NVIDIA GeForce RTX 3090	gpu15	309.0	0.03448275862068961
MAP8	GDGMVPPG	8	167|168	329	esm2_t6_8M_UR50D	fair-esm pretrained esm2_t6_8M_UR50D	ESM2 full-sequence masked pseudo-log-likelihood	-877.4935554731637	-914.7381830736995	-37.24462760053575	-2.7336247834054945	-2.780359219068995	-0.04673443566350066	-29.2091646194458	-3.651145577430725	completed		128	NVIDIA GeForce RTX 3090	gpu15	310.0	0.031347962382445194
MAP8	GDGMVPPG	8	168|169	329	esm2_t6_8M_UR50D	fair-esm pretrained esm2_t6_8M_UR50D	ESM2 full-sequence masked pseudo-log-likelihood	-877.4935554731637	-911.1160203628242	-33.62246488966048	-2.7336247834054945	-2.769349605966031	-0.03572482256053666	-27.03567385673523	-3.3794592320919037	completed		128	NVIDIA GeForce RTX 3090	gpu15	306.0	0.043887147335423204
MAP8	GDGMVPPG	8	169|170	329	esm2_t6_8M_UR50D	fair-esm pretrained esm2_t6_8M_UR50D	ESM2 full-sequence masked pseudo-log-likelihood	-877.4935554731637	-900.4854271691293	-22.99187169596553	-2.7336247834054945	-2.737037772550545	-0.0034129891450502825	-26.61480140686035	-3.326850175857544	completed		128	NVIDIA GeForce RTX 3090	gpu15	41.0	0.8746081504702194
MAP8	GDGMVPPG	8	170|171	329	esm2_t6_8M_UR50D	fair-esm pretrained esm2_t6_8M_UR50D	ESM2 full-sequence masked pseudo-log-likelihood	-877.4935554731637	-899.1915168897249	-21.697961416561157	-2.7336247834054945	-2.7331049145584343	0.0005198688470602342	-22.49881462752819	-2.812351828441024	completed		128	NVIDIA GeForce RTX 3090	gpu15	15.0	0.9561128526645768
MAP8	GDGMVPPG	8	171|172	329	esm2_t6_8M_UR50D	fair-esm pretrained esm2_t6_8M_UR50D	ESM2 full-sequence masked pseudo-log-likelihood	-877.4935554731637	-895.0676123867743	-17.574056913610548	-2.7336247834054945	-2.720570250415727	0.013054532989767331	-25.815735340118408	-3.226966917514801	completed		128	NVIDIA GeForce RTX 3090	gpu15	2.0	0.9968652037617555
MAP8	GDGMVPPG	8	172|173	329	esm2_t6_8M_UR50D	fair-esm pretrained esm2_t6_8M_UR50D	ESM2 full-sequence masked pseudo-log-likelihood	-877.4935554731637	-892.7293867599219	-15.235831286758184	-2.7336247834054945	-2.7134631816411	0.020161601764394632	-23.51784586906433	-2.9397307336330414	completed		128	NVIDIA GeForce RTX 3090	gpu15	1.0	1.0
MAP8	GDGMVPPG	8	173|174	329	esm2_t6_8M_UR50D	fair-esm pretrained esm2_t6_8M_UR50D	ESM2 full-sequence masked pseudo-log-likelihood	-877.4935554731637	-897.6986552663147	-20.20509979315102	-2.7336247834054945	-2.7285673412349993	0.005057442170495197	-26.07588565349579	-3.2594857066869736	completed		128	NVIDIA GeForce RTX 3090	gpu15	4.0	0.9905956112852664
MAP8	GDGMVPPG	8	174|175	329	esm2_t6_8M_UR50D	fair-esm pretrained esm2_t6_8M_UR50D	ESM2 full-sequence masked pseudo-log-likelihood	-877.4935554731637	-901.9329876145348	-24.43943214137107	-2.7336247834054945	-2.741437652323814	-0.007812868918319449	-25.103091716766357	-3.1378864645957947	completed		128	NVIDIA GeForce RTX 3090	gpu15	94.0	0.7084639498432601
MAP8	GDGMVPPG	8	175|176	329	esm2_t6_8M_UR50D	fair-esm pretrained esm2_t6_8M_UR50D	ESM2 full-sequence masked pseudo-log-likelihood	-877.4935554731637	-901.1961082769558	-23.70255280379206	-2.7336247834054945	-2.7391978974983457	-0.005573114092851217	-24.669986248016357	-3.0837482810020447	completed		128	NVIDIA GeForce RTX 3090	gpu15	58.0	0.8213166144200628
MAP8	GDGMVPPG	8	176|177	329	esm2_t6_8M_UR50D	fair-esm pretrained esm2_t6_8M_UR50D	ESM2 full-sequence masked pseudo-log-likelihood	-877.4935554731637	-900.790072819218	-23.296517346054316	-2.7336247834054945	-2.7379637471708755	-0.00433896376538101	-24.35189700126648	-3.04398712515831	completed		128	NVIDIA GeForce RTX 3090	gpu15	46.0	0.8589341692789969
MAP8	GDGMVPPG	8	177|178	329	esm2_t6_8M_UR50D	fair-esm pretrained esm2_t6_8M_UR50D	ESM2 full-sequence masked pseudo-log-likelihood	-877.4935554731637	-899.4945221832022	-22.000966710038483	-2.7336247834054945	-2.734025903292408	-0.0004011198869133814	-23.66559648513794	-2.9581995606422424	completed		128	NVIDIA GeForce RTX 3090	gpu15	18.0	0.9467084639498433
MAP8	GDGMVPPG	8	178|179	329	esm2_t6_8M_UR50D	fair-esm pretrained esm2_t6_8M_UR50D	ESM2 full-sequence masked pseudo-log-likelihood	-877.4935554731637	-900.2711216649041	-22.777566191740334	-2.7336247834054945	-2.736386388039222	-0.0027616046337275435	-23.427608728408813	-2.9284510910511017	completed		128	NVIDIA GeForce RTX 3090	gpu15	33.0	0.8996865203761756
MAP8	GDGMVPPG	8	179|180	329	esm2_t6_8M_UR50D	fair-esm pretrained esm2_t6_8M_UR50D	ESM2 full-sequence masked pseudo-log-likelihood	-877.4935554731637	-902.1566773559898	-24.66312188282609	-2.7336247834054945	-2.7421175603525527	-0.00849277694705819	-24.00015616416931	-3.000019520521164	completed		128	NVIDIA GeForce RTX 3090	gpu15	103.0	0.6802507836990596
MAP8	GDGMVPPG	8	180|181	329	esm2_t6_8M_UR50D	fair-esm pretrained esm2_t6_8M_UR50D	ESM2 full-sequence masked pseudo-log-likelihood	-877.4935554731637	-902.8976291241124	-25.404073650948703	-2.7336247834054945	-2.74436969338636	-0.010744909980865636	-23.699819803237915	-2.9624774754047394	completed		128	NVIDIA GeForce RTX 3090	gpu15	134.0	0.5830721003134796
MAP8	GDGMVPPG	8	181|182	329	esm2_t6_8M_UR50D	fair-esm pretrained esm2_t6_8M_UR50D	ESM2 full-sequence masked pseudo-log-likelihood	-877.4935554731637	-900.4630681145936	-22.9695126414299	-2.7336247834054945	-2.7369698118984607	-0.00334502849296614	-23.149315118789673	-2.893664389848709	completed		128	NVIDIA GeForce RTX 3090	gpu15	40.0	0.877742946708464
MAP8	GDGMVPPG	8	182|183	329	esm2_t6_8M_UR50D	fair-esm pretrained esm2_t6_8M_UR50D	ESM2 full-sequence masked pseudo-log-likelihood	-877.4935554731637	-903.6857655486092	-26.192210075445473	-2.7336247834054945	-2.7467652448285995	-0.013140461423104988	-24.73536992073059	-3.091921240091324	completed		128	NVIDIA GeForce RTX 3090	gpu15	167.0	0.4796238244514106
MAP8	GDGMVPPG	8	183|184	329	esm2_t6_8M_UR50D	fair-esm pretrained esm2_t6_8M_UR50D	ESM2 full-sequence masked pseudo-log-likelihood	-877.4935554731637	-908.7513263598084	-31.25777088664472	-2.7336247834054945	-2.762162086200026	-0.02853730279453126	-25.75723958015442	-3.2196549475193024	completed		128	NVIDIA GeForce RTX 3090	gpu15	291.0	0.09090909090909094
MAP8	GDGMVPPG	8	184|185	329	esm2_t6_8M_UR50D	fair-esm pretrained esm2_t6_8M_UR50D	ESM2 full-sequence masked pseudo-log-likelihood	-877.4935554731637	-903.5818516137078	-26.088296140544116	-2.7336247834054945	-2.7464493970021513	-0.012824613596656764	-23.312833547592163	-2.9141041934490204	completed		128	NVIDIA GeForce RTX 3090	gpu15	164.0	0.4890282131661442
MAP8	GDGMVPPG	8	185|186	329	esm2_t6_8M_UR50D	fair-esm pretrained esm2_t6_8M_UR50D	ESM2 full-sequence masked pseudo-log-likelihood	-877.4935554731637	-904.3450151979923	-26.8514597248286	-2.7336247834054945	-2.748769043154992	-0.01514425974949729	-24.161970138549805	-3.0202462673187256	completed		128	NVIDIA GeForce RTX 3090	gpu15	197.0	0.38557993730407525
MAP8	GDGMVPPG	8	186|187	329	esm2_t6_8M_UR50D	fair-esm pretrained esm2_t6_8M_UR50D	ESM2 full-sequence masked pseudo-log-likelihood	-877.4935554731637	-905.3957457989454	-27.902190325781703	-2.7336247834054945	-2.751962753188284	-0.018337969782789454	-25.15703797340393	-3.1446297466754913	completed		128	NVIDIA GeForce RTX 3090	gpu15	230.0	0.2821316614420063
MAP8	GDGMVPPG	8	187|188	329	esm2_t6_8M_UR50D	fair-esm pretrained esm2_t6_8M_UR50D	ESM2 full-sequence masked pseudo-log-likelihood	-877.4935554731637	-903.5048709735274	-26.011315500363708	-2.7336247834054945	-2.7462154132933962	-0.012590629887901716	-22.511640071868896	-2.813955008983612	completed		128	NVIDIA GeForce RTX 3090	gpu15	162.0	0.49529780564263326
MAP8	GDGMVPPG	8	188|189	329	esm2_t6_8M_UR50D	fair-esm pretrained esm2_t6_8M_UR50D	ESM2 full-sequence masked pseudo-log-likelihood	-877.4935554731637	-902.5878963312134	-25.09434085804969	-2.7336247834054945	-2.7434282563258767	-0.009803472920382195	-22.39373743534088	-2.79921717941761	completed		128	NVIDIA GeForce RTX 3090	gpu15	125.0	0.6112852664576802
MAP8	GDGMVPPG	8	189|190	329	esm2_t6_8M_UR50D	fair-esm pretrained esm2_t6_8M_UR50D	ESM2 full-sequence masked pseudo-log-likelihood	-877.4935554731637	-902.4510027477518	-24.95744727458805	-2.7336247834054945	-2.7430121664065403	-0.009387383001045801	-22.984434604644775	-2.873054325580597	completed		128	NVIDIA GeForce RTX 3090	gpu15	115.0	0.6426332288401254
MAP8	GDGMVPPG	8	190|191	329	esm2_t6_8M_UR50D	fair-esm pretrained esm2_t6_8M_UR50D	ESM2 full-sequence masked pseudo-log-likelihood	-877.4935554731637	-905.6044320696965	-28.110876596532762	-2.7336247834054945	-2.7525970579626033	-0.018972274557108815	-23.929197788238525	-2.9911497235298157	completed		128	NVIDIA GeForce RTX 3090	gpu15	232.0	0.27586206896551724
MAP8	GDGMVPPG	8	191|192	329	esm2_t6_8M_UR50D	fair-esm pretrained esm2_t6_8M_UR50D	ESM2 full-sequence masked pseudo-log-likelihood	-877.4935554731637	-903.2554567251354	-25.76190125197172	-2.7336247834054945	-2.745457315273968	-0.011832531868473328	-23.209838390350342	-2.9012297987937927	completed		128	NVIDIA GeForce RTX 3090	gpu15	148.0	0.5391849529780564
MAP8	GDGMVPPG	8	192|193	329	esm2_t6_8M_UR50D	fair-esm pretrained esm2_t6_8M_UR50D	ESM2 full-sequence masked pseudo-log-likelihood	-877.4935554731637	-905.3818479543552	-27.888292481191456	-2.7336247834054945	-2.7519205104995597	-0.01829572709406513	-23.8785183429718	-2.984814792871475	completed		128	NVIDIA GeForce RTX 3090	gpu15	228.0	0.28840125391849525
MAP8	GDGMVPPG	8	193|194	329	esm2_t6_8M_UR50D	fair-esm pretrained esm2_t6_8M_UR50D	ESM2 full-sequence masked pseudo-log-likelihood	-877.4935554731637	-907.0782932480797	-29.584737774915993	-2.7336247834054945	-2.7570768791734945	-0.023452095768000003	-23.727761030197144	-2.965970128774643	completed		128	NVIDIA GeForce RTX 3090	gpu15	272.0	0.15047021943573669
MAP8	GDGMVPPG	8	194|195	329	esm2_t6_8M_UR50D	fair-esm pretrained esm2_t6_8M_UR50D	ESM2 full-sequence masked pseudo-log-likelihood	-877.4935554731637	-907.564220813103	-30.070665339939296	-2.7336247834054945	-2.7585538626538084	-0.02492907924831389	-23.653805255889893	-2.9567256569862366	completed		128	NVIDIA GeForce RTX 3090	gpu15	281.0	0.12225705329153602
MAP8	GDGMVPPG	8	195|196	329	esm2_t6_8M_UR50D	fair-esm pretrained esm2_t6_8M_UR50D	ESM2 full-sequence masked pseudo-log-likelihood	-877.4935554731637	-906.8876714752987	-29.39411600213498	-2.7336247834054945	-2.756497481687838	-0.022872698282343507	-23.43269991874695	-2.9290874898433685	completed		128	NVIDIA GeForce RTX 3090	gpu15	269.0	0.15987460815047017
MAP8	GDGMVPPG	8	196|197	329	esm2_t6_8M_UR50D	fair-esm pretrained esm2_t6_8M_UR50D	ESM2 full-sequence masked pseudo-log-likelihood	-877.4935554731637	-906.1529541332275	-28.659398660063744	-2.7336247834054945	-2.754264298277287	-0.020639514871792386	-23.717599868774414	-2.9646999835968018	completed		128	NVIDIA GeForce RTX 3090	gpu15	249.0	0.22257053291536055
MAP8	GDGMVPPG	8	197|198	329	esm2_t6_8M_UR50D	fair-esm pretrained esm2_t6_8M_UR50D	ESM2 full-sequence masked pseudo-log-likelihood	-877.4935554731637	-905.2997708693147	-27.806215396150947	-2.7336247834054945	-2.751671036076944	-0.018046252671449547	-24.130736589431763	-3.0163420736789703	completed		128	NVIDIA GeForce RTX 3090	gpu15	222.0	0.30721003134796243
MAP8	GDGMVPPG	8	198|199	329	esm2_t6_8M_UR50D	fair-esm pretrained esm2_t6_8M_UR50D	ESM2 full-sequence masked pseudo-log-likelihood	-877.4935554731637	-904.47334634047	-26.979790867306292	-2.7336247834054945	-2.749159107417842	-0.015534324012347334	-24.060935974121094	-3.0076169967651367	completed		128	NVIDIA GeForce RTX 3090	gpu15	202.0	0.3699059561128527
MAP8	GDGMVPPG	8	199|200	329	esm2_t6_8M_UR50D	fair-esm pretrained esm2_t6_8M_UR50D	ESM2 full-sequence masked pseudo-log-likelihood	-877.4935554731637	-904.8087964290753	-27.315240955911577	-2.7336247834054945	-2.750178712550381	-0.016553929144886403	-24.93557047843933	-3.1169463098049164	completed		128	NVIDIA GeForce RTX 3090	gpu15	212.0	0.3385579937304075
MAP8	GDGMVPPG	8	200|201	329	esm2_t6_8M_UR50D	fair-esm pretrained esm2_t6_8M_UR50D	ESM2 full-sequence masked pseudo-log-likelihood	-877.4935554731637	-903.7488964963704	-26.25534102320671	-2.7336247834054945	-2.746957132207813	-0.013332348802318261	-24.704023122787476	-3.0880028903484344	completed		128	NVIDIA GeForce RTX 3090	gpu15	170.0	0.4702194357366771
MAP8	GDGMVPPG	8	201|202	329	esm2_t6_8M_UR50D	fair-esm pretrained esm2_t6_8M_UR50D	ESM2 full-sequence masked pseudo-log-likelihood	-877.4935554731637	-902.5024790689349	-25.008923595771194	-2.7336247834054945	-2.74316862938886	-0.00954384598336544	-24.721242666244507	-3.0901553332805634	completed		128	NVIDIA GeForce RTX 3090	gpu15	119.0	0.6300940438871474
MAP8	GDGMVPPG	8	202|203	329	esm2_t6_8M_UR50D	fair-esm pretrained esm2_t6_8M_UR50D	ESM2 full-sequence masked pseudo-log-likelihood	-877.4935554731637	-904.1988567681983	-26.705301295034587	-2.7336247834054945	-2.7483247926085057	-0.014700009203011177	-24.629054307937622	-3.0786317884922028	completed		128	NVIDIA GeForce RTX 3090	gpu15	190.0	0.40752351097178685
MAP8	GDGMVPPG	8	203|204	329	esm2_t6_8M_UR50D	fair-esm pretrained esm2_t6_8M_UR50D	ESM2 full-sequence masked pseudo-log-likelihood	-877.4935554731637	-904.5937043055892	-27.100148832425475	-2.7336247834054945	-2.7495249370990553	-0.015900153693560792	-24.09078288078308	-3.011347860097885	completed		128	NVIDIA GeForce RTX 3090	gpu15	208.0	0.3510971786833855
MAP8	GDGMVPPG	8	204|205	329	esm2_t6_8M_UR50D	fair-esm pretrained esm2_t6_8M_UR50D	ESM2 full-sequence masked pseudo-log-likelihood	-877.4935554731637	-902.4566663457081	-24.96311087254435	-2.7336247834054945	-2.743029380989994	-0.00940459758449963	-24.950451374053955	-3.1188064217567444	completed		128	NVIDIA GeForce RTX 3090	gpu15	116.0	0.6394984326018809
MAP8	GDGMVPPG	8	205|206	329	esm2_t6_8M_UR50D	fair-esm pretrained esm2_t6_8M_UR50D	ESM2 full-sequence masked pseudo-log-likelihood	-877.4935554731637	-902.2864313311875	-24.792875858023763	-2.7336247834054945	-2.7425119493349164	-0.008887165929421847	-24.269984006881714	-3.0337480008602142	completed		128	NVIDIA GeForce RTX 3090	gpu15	106.0	0.670846394984326
MAP8	GDGMVPPG	8	206|207	329	esm2_t6_8M_UR50D	fair-esm pretrained esm2_t6_8M_UR50D	ESM2 full-sequence masked pseudo-log-likelihood	-877.4935554731637	-907.0471841329709	-29.553628659807146	-2.7336247834054945	-2.7569823225926164	-0.023357539187121912	-25.2785062789917	-3.1598132848739624	completed		128	NVIDIA GeForce RTX 3090	gpu15	271.0	0.15360501567398122
MAP8	GDGMVPPG	8	207|208	329	esm2_t6_8M_UR50D	fair-esm pretrained esm2_t6_8M_UR50D	ESM2 full-sequence masked pseudo-log-likelihood	-877.4935554731637	-907.0843320097774	-29.590776536613703	-2.7336247834054945	-2.757095234072272	-0.02347045066677733	-24.4338436126709	-3.0542304515838623	completed		128	NVIDIA GeForce RTX 3090	gpu15	274.0	0.14420062695924762
MAP8	GDGMVPPG	8	208|209	329	esm2_t6_8M_UR50D	fair-esm pretrained esm2_t6_8M_UR50D	ESM2 full-sequence masked pseudo-log-likelihood	-877.4935554731637	-907.5545219127089	-30.060966439545155	-2.7336247834054945	-2.758524382713401	-0.024899599307906417	-24.58883547782898	-3.0736044347286224	completed		128	NVIDIA GeForce RTX 3090	gpu15	280.0	0.12539184952978055
MAP8	GDGMVPPG	8	209|210	329	esm2_t6_8M_UR50D	fair-esm pretrained esm2_t6_8M_UR50D	ESM2 full-sequence masked pseudo-log-likelihood	-877.4935554731637	-904.354195965454	-26.86064049229026	-2.7336247834054945	-2.7487969482232644	-0.01517216481776984	-26.37653362751007	-3.297066703438759	completed		128	NVIDIA GeForce RTX 3090	gpu15	199.0	0.3793103448275862
MAP8	GDGMVPPG	8	210|211	329	esm2_t6_8M_UR50D	fair-esm pretrained esm2_t6_8M_UR50D	ESM2 full-sequence masked pseudo-log-likelihood	-877.4935554731637	-903.741589830257	-26.248034357093275	-2.7336247834054945	-2.7469349234962217	-0.013310140090727174	-29.34338092803955	-3.667922616004944	completed		128	NVIDIA GeForce RTX 3090	gpu15	169.0	0.47335423197492166
MAP8	GDGMVPPG	8	211|212	329	esm2_t6_8M_UR50D	fair-esm pretrained esm2_t6_8M_UR50D	ESM2 full-sequence masked pseudo-log-likelihood	-877.4935554731637	-915.5466083530337	-38.05305287986994	-2.7336247834054945	-2.78281643876302	-0.049191655357525566	-32.50347948074341	-4.062934935092926	completed		128	NVIDIA GeForce RTX 3090	gpu15	313.0	0.021943573667711602
MAP8	GDGMVPPG	8	212|213	329	esm2_t6_8M_UR50D	fair-esm pretrained esm2_t6_8M_UR50D	ESM2 full-sequence masked pseudo-log-likelihood	-877.4935554731637	-910.970511239022	-33.47695576585829	-2.7336247834054945	-2.768907328993988	-0.03528254558849353	-30.57655143737793	-3.822068929672241	completed		128	NVIDIA GeForce RTX 3090	gpu15	304.0	0.050156739811912265
MAP8	GDGMVPPG	8	213|214	329	esm2_t6_8M_UR50D	fair-esm pretrained esm2_t6_8M_UR50D	ESM2 full-sequence masked pseudo-log-likelihood	-877.4935554731637	-903.475665429607	-25.98210995644331	-2.7336247834054945	-2.7461266426431825	-0.012501859237687984	-23.993360996246338	-2.9991701245307922	completed		128	NVIDIA GeForce RTX 3090	gpu15	159.0	0.5047021943573669
MAP8	GDGMVPPG	8	214|215	329	esm2_t6_8M_UR50D	fair-esm pretrained esm2_t6_8M_UR50D	ESM2 full-sequence masked pseudo-log-likelihood	-877.4935554731637	-904.1704200059175	-26.676864532753825	-2.7336247834054945	-2.7482383586806005	-0.014613575275105983	-26.341333389282227	-3.2926666736602783	completed		128	NVIDIA GeForce RTX 3090	gpu15	185.0	0.4231974921630094
MAP8	GDGMVPPG	8	215|216	329	esm2_t6_8M_UR50D	fair-esm pretrained esm2_t6_8M_UR50D	ESM2 full-sequence masked pseudo-log-likelihood	-877.4935554731637	-904.2119034444913	-26.718347971327603	-2.7336247834054945	-2.748364448159548	-0.014739664754053639	-23.5550479888916	-2.94438099861145	completed		128	NVIDIA GeForce RTX 3090	gpu15	192.0	0.4012539184952978
MAP8	GDGMVPPG	8	216|217	329	esm2_t6_8M_UR50D	fair-esm pretrained esm2_t6_8M_UR50D	ESM2 full-sequence masked pseudo-log-likelihood	-877.4935554731637	-902.128549348563	-24.634993875399232	-2.7336247834054945	-2.742032064889249	-0.00840728148375458	-23.291501879692078	-2.9114377349615097	completed		128	NVIDIA GeForce RTX 3090	gpu15	101.0	0.6865203761755485
MAP8	GDGMVPPG	8	217|218	329	esm2_t6_8M_UR50D	fair-esm pretrained esm2_t6_8M_UR50D	ESM2 full-sequence masked pseudo-log-likelihood	-877.4935554731637	-898.8951483312994	-21.4015928581357	-2.7336247834054945	-2.732204098271427	0.0014206851340676785	-22.341474533081055	-2.792684316635132	completed		128	NVIDIA GeForce RTX 3090	gpu15	9.0	0.9749216300940439
MAP8	GDGMVPPG	8	218|219	329	esm2_t6_8M_UR50D	fair-esm pretrained esm2_t6_8M_UR50D	ESM2 full-sequence masked pseudo-log-likelihood	-877.4935554731637	-900.7312604235485	-23.237704950384796	-2.7336247834054945	-2.737784986089813	-0.0041602026843183815	-22.362834215164185	-2.795354276895523	completed		128	NVIDIA GeForce RTX 3090	gpu15	44.0	0.8652037617554859
MAP8	GDGMVPPG	8	219|220	329	esm2_t6_8M_UR50D	fair-esm pretrained esm2_t6_8M_UR50D	ESM2 full-sequence masked pseudo-log-likelihood	-877.4935554731637	-902.1438110135496	-24.650255540385842	-2.7336247834054945	-2.742078452928722	-0.008453669523227347	-23.883097887039185	-2.985387235879898	completed		128	NVIDIA GeForce RTX 3090	gpu15	102.0	0.6833855799373041
MAP8	GDGMVPPG	8	220|221	329	esm2_t6_8M_UR50D	fair-esm pretrained esm2_t6_8M_UR50D	ESM2 full-sequence masked pseudo-log-likelihood	-877.4935554731637	-904.2880268739536	-26.794471400789917	-2.7336247834054945	-2.7485958263646006	-0.014971042959106118	-21.81309175491333	-2.7266364693641663	completed		128	NVIDIA GeForce RTX 3090	gpu15	194.0	0.39498432601880873
MAP8	GDGMVPPG	8	221|222	329	esm2_t6_8M_UR50D	fair-esm pretrained esm2_t6_8M_UR50D	ESM2 full-sequence masked pseudo-log-likelihood	-877.4935554731637	-904.5169545561075	-27.023399082943797	-2.7336247834054945	-2.749291655185737	-0.01566687178024262	-23.712619066238403	-2.9640773832798004	completed		128	NVIDIA GeForce RTX 3090	gpu15	205.0	0.3605015673981191
MAP8	GDGMVPPG	8	222|223	329	esm2_t6_8M_UR50D	fair-esm pretrained esm2_t6_8M_UR50D	ESM2 full-sequence masked pseudo-log-likelihood	-877.4935554731637	-905.9986974513158	-28.505141978152096	-2.7336247834054945	-2.753795432982723	-0.02017064957722825	-25.459728002548218	-3.182466000318527	completed		128	NVIDIA GeForce RTX 3090	gpu15	243.0	0.24137931034482762
MAP8	GDGMVPPG	8	223|224	329	esm2_t6_8M_UR50D	fair-esm pretrained esm2_t6_8M_UR50D	ESM2 full-sequence masked pseudo-log-likelihood	-877.4935554731637	-906.3369041746482	-28.8433487014845	-2.7336247834054945	-2.7548234169442196	-0.021198633538725087	-24.415809631347656	-3.051976203918457	completed		128	NVIDIA GeForce RTX 3090	gpu15	253.0	0.21003134796238243
MAP8	GDGMVPPG	8	224|225	329	esm2_t6_8M_UR50D	fair-esm pretrained esm2_t6_8M_UR50D	ESM2 full-sequence masked pseudo-log-likelihood	-877.4935554731637	-904.2706065652892	-26.777051092125475	-2.7336247834054945	-2.7485428770981435	-0.01491809369264896	-23.095537424087524	-2.8869421780109406	completed		128	NVIDIA GeForce RTX 3090	gpu15	193.0	0.39811912225705326
MAP8	GDGMVPPG	8	225|226	329	esm2_t6_8M_UR50D	fair-esm pretrained esm2_t6_8M_UR50D	ESM2 full-sequence masked pseudo-log-likelihood	-877.4935554731637	-905.8061720328405	-28.312616559676826	-2.7336247834054945	-2.753210249339941	-0.019585465934446322	-23.80194091796875	-2.9752426147460938	completed		128	NVIDIA GeForce RTX 3090	gpu15	238.0	0.25705329153605017
MAP8	GDGMVPPG	8	226|227	329	esm2_t6_8M_UR50D	fair-esm pretrained esm2_t6_8M_UR50D	ESM2 full-sequence masked pseudo-log-likelihood	-877.4935554731637	-906.8861231217161	-29.392567648552358	-2.7336247834054945	-2.7564927754459454	-0.02286799204045087	-25.284887313842773	-3.1606109142303467	completed		128	NVIDIA GeForce RTX 3090	gpu15	268.0	0.1630094043887147
MAP8	GDGMVPPG	8	227|228	329	esm2_t6_8M_UR50D	fair-esm pretrained esm2_t6_8M_UR50D	ESM2 full-sequence masked pseudo-log-likelihood	-877.4935554731637	-906.4758668746799	-28.9823114015162	-2.7336247834054945	-2.7552457959716716	-0.0216210125661771	-25.08951473236084	-3.136189341545105	completed		128	NVIDIA GeForce RTX 3090	gpu15	256.0	0.20062695924764895
MAP8	GDGMVPPG	8	228|229	329	esm2_t6_8M_UR50D	fair-esm pretrained esm2_t6_8M_UR50D	ESM2 full-sequence masked pseudo-log-likelihood	-877.4935554731637	-905.0885059339926	-27.59495046082884	-2.7336247834054945	-2.751028893416391	-0.017404110010896368	-25.98042368888855	-3.2475529611110687	completed		128	NVIDIA GeForce RTX 3090	gpu15	217.0	0.322884012539185
MAP8	GDGMVPPG	8	229|230	329	esm2_t6_8M_UR50D	fair-esm pretrained esm2_t6_8M_UR50D	ESM2 full-sequence masked pseudo-log-likelihood	-877.4935554731637	-905.3860774124041	-27.892521939240396	-2.7336247834054945	-2.7519333659951495	-0.018308582589654954	-25.711663961410522	-3.2139579951763153	completed		128	NVIDIA GeForce RTX 3090	gpu15	229.0	0.28526645768025083
MAP8	GDGMVPPG	8	230|231	329	esm2_t6_8M_UR50D	fair-esm pretrained esm2_t6_8M_UR50D	ESM2 full-sequence masked pseudo-log-likelihood	-877.4935554731637	-905.6841397844255	-28.190584311261773	-2.7336247834054945	-2.7528393306517493	-0.01921454724625482	-25.133543729782104	-3.141692966222763	completed		128	NVIDIA GeForce RTX 3090	gpu15	234.0	0.2695924764890282
MAP8	GDGMVPPG	8	231|232	329	esm2_t6_8M_UR50D	fair-esm pretrained esm2_t6_8M_UR50D	ESM2 full-sequence masked pseudo-log-likelihood	-877.4935554731637	-908.3333312664181	-30.839775793254375	-2.7336247834054945	-2.7608915843964077	-0.027266800990913165	-25.7586030960083	-3.2198253870010376	completed		128	NVIDIA GeForce RTX 3090	gpu15	289.0	0.09717868338557989
MAP8	GDGMVPPG	8	232|233	329	esm2_t6_8M_UR50D	fair-esm pretrained esm2_t6_8M_UR50D	ESM2 full-sequence masked pseudo-log-likelihood	-877.4935554731637	-908.26364763733	-30.77009216416627	-2.7336247834054945	-2.7606797800526746	-0.02705499664718003	-25.63433861732483	-3.2042923271656036	completed		128	NVIDIA GeForce RTX 3090	gpu15	287.0	0.10344827586206895
MAP8	GDGMVPPG	8	233|234	329	esm2_t6_8M_UR50D	fair-esm pretrained esm2_t6_8M_UR50D	ESM2 full-sequence masked pseudo-log-likelihood	-877.4935554731637	-909.4721775874496	-31.978622114285827	-2.7336247834054945	-2.7643531233661083	-0.03072833996061375	-26.087658405303955	-3.2609573006629944	completed		128	NVIDIA GeForce RTX 3090	gpu15	297.0	0.07210031347962387
MAP8	GDGMVPPG	8	234|235	329	esm2_t6_8M_UR50D	fair-esm pretrained esm2_t6_8M_UR50D	ESM2 full-sequence masked pseudo-log-likelihood	-877.4935554731637	-909.6367781609297	-32.143222687765956	-2.7336247834054945	-2.7648534290605764	-0.031228645655081877	-26.16618275642395	-3.2707728445529938	completed		128	NVIDIA GeForce RTX 3090	gpu15	301.0	0.059561128526645746
MAP8	GDGMVPPG	8	235|236	329	esm2_t6_8M_UR50D	fair-esm pretrained esm2_t6_8M_UR50D	ESM2 full-sequence masked pseudo-log-likelihood	-877.4935554731637	-907.0828662579879	-29.589310784824193	-2.7336247834054945	-2.7570907788996593	-0.023465995494164726	-26.531439065933228	-3.3164298832416534	completed		128	NVIDIA GeForce RTX 3090	gpu15	273.0	0.14733542319749215
MAP8	GDGMVPPG	8	236|237	329	esm2_t6_8M_UR50D	fair-esm pretrained esm2_t6_8M_UR50D	ESM2 full-sequence masked pseudo-log-likelihood	-877.4935554731637	-908.4217549534515	-30.92819948028773	-2.7336247834054945	-2.761160349402588	-0.027535565997093503	-28.114091634750366	-3.5142614543437958	completed		128	NVIDIA GeForce RTX 3090	gpu15	290.0	0.09404388714733547
MAP8	GDGMVPPG	8	237|238	329	esm2_t6_8M_UR50D	fair-esm pretrained esm2_t6_8M_UR50D	ESM2 full-sequence masked pseudo-log-likelihood	-877.4935554731637	-907.4742947136983	-29.980739240534604	-2.7336247834054945	-2.758280531044676	-0.024655747639181325	-26.87321949005127	-3.3591524362564087	completed		128	NVIDIA GeForce RTX 3090	gpu15	277.0	0.13479623824451414
MAP8	GDGMVPPG	8	238|239	329	esm2_t6_8M_UR50D	fair-esm pretrained esm2_t6_8M_UR50D	ESM2 full-sequence masked pseudo-log-likelihood	-877.4935554731637	-905.2483797250316	-27.75482425186783	-2.7336247834054945	-2.7515148319909772	-0.01789004858548271	-25.29722547531128	-3.16215318441391	completed		128	NVIDIA GeForce RTX 3090	gpu15	221.0	0.31034482758620685
MAP8	GDGMVPPG	8	239|240	329	esm2_t6_8M_UR50D	fair-esm pretrained esm2_t6_8M_UR50D	ESM2 full-sequence masked pseudo-log-likelihood	-877.4935554731637	-906.0373596400023	-28.543804166838527	-2.7336247834054945	-2.7539129472340496	-0.020288163828555028	-25.30212712287903	-3.1627658903598785	completed		128	NVIDIA GeForce RTX 3090	gpu15	244.0	0.2382445141065831
MAP8	GDGMVPPG	8	240|241	329	esm2_t6_8M_UR50D	fair-esm pretrained esm2_t6_8M_UR50D	ESM2 full-sequence masked pseudo-log-likelihood	-877.4935554731637	-904.2902657026425	-26.796710229478776	-2.7336247834054945	-2.748602631315023	-0.014977847909528386	-24.87480330467224	-3.10935041308403	completed		128	NVIDIA GeForce RTX 3090	gpu15	195.0	0.3918495297805643
MAP8	GDGMVPPG	8	241|242	329	esm2_t6_8M_UR50D	fair-esm pretrained esm2_t6_8M_UR50D	ESM2 full-sequence masked pseudo-log-likelihood	-877.4935554731637	-903.9423274537548	-26.44877198059112	-2.7336247834054945	-2.747545068248495	-0.013920284843000452	-25.182323217391968	-3.147790402173996	completed		128	NVIDIA GeForce RTX 3090	gpu15	178.0	0.445141065830721
MAP8	GDGMVPPG	8	242|243	329	esm2_t6_8M_UR50D	fair-esm pretrained esm2_t6_8M_UR50D	ESM2 full-sequence masked pseudo-log-likelihood	-877.4935554731637	-902.1134204287082	-24.61986495554447	-2.7336247834054945	-2.74198608033042	-0.008361296924925377	-24.119393348693848	-3.014924168586731	completed		128	NVIDIA GeForce RTX 3090	gpu15	99.0	0.6927899686520376
MAP8	GDGMVPPG	8	243|244	329	esm2_t6_8M_UR50D	fair-esm pretrained esm2_t6_8M_UR50D	ESM2 full-sequence masked pseudo-log-likelihood	-877.4935554731637	-902.2718068948016	-24.778251421637833	-2.7336247834054945	-2.742467498160491	-0.008842714754996539	-24.357682943344116	-3.0447103679180145	completed		128	NVIDIA GeForce RTX 3090	gpu15	105.0	0.6739811912225706
MAP8	GDGMVPPG	8	244|245	329	esm2_t6_8M_UR50D	fair-esm pretrained esm2_t6_8M_UR50D	ESM2 full-sequence masked pseudo-log-likelihood	-877.4935554731637	-901.4128140145913	-23.919258541427553	-2.7336247834054945	-2.739856577551949	-0.006231794146454472	-26.023593187332153	-3.252949148416519	completed		128	NVIDIA GeForce RTX 3090	gpu15	66.0	0.7962382445141065
MAP8	GDGMVPPG	8	245|246	329	esm2_t6_8M_UR50D	fair-esm pretrained esm2_t6_8M_UR50D	ESM2 full-sequence masked pseudo-log-likelihood	-877.4935554731637	-901.4300377471372	-23.936482273973525	-2.7336247834054945	-2.7399089293226058	-0.006284145917111239	-26.182708501815796	-3.2728385627269745	completed		128	NVIDIA GeForce RTX 3090	gpu15	69.0	0.786833855799373
MAP8	GDGMVPPG	8	246|247	329	esm2_t6_8M_UR50D	fair-esm pretrained esm2_t6_8M_UR50D	ESM2 full-sequence masked pseudo-log-likelihood	-877.4935554731637	-899.378622494638	-21.885067021474242	-2.7336247834054945	-2.733673624603763	-4.884119826842337e-05	-25.361791610717773	-3.1702239513397217	completed		128	NVIDIA GeForce RTX 3090	gpu15	16.0	0.9529780564263323
MAP8	GDGMVPPG	8	247|248	329	esm2_t6_8M_UR50D	fair-esm pretrained esm2_t6_8M_UR50D	ESM2 full-sequence masked pseudo-log-likelihood	-877.4935554731637	-901.698928446509	-24.20537297334522	-2.7336247834054945	-2.7407262262811822	-0.007101442875687702	-25.320423364639282	-3.1650529205799103	completed		128	NVIDIA GeForce RTX 3090	gpu15	82.0	0.7460815047021944
MAP8	GDGMVPPG	8	248|249	329	esm2_t6_8M_UR50D	fair-esm pretrained esm2_t6_8M_UR50D	ESM2 full-sequence masked pseudo-log-likelihood	-877.4935554731637	-901.7399113280699	-24.24635585490614	-2.7336247834054945	-2.740850794310243	-0.007226010904748392	-25.33241629600525	-3.166552037000656	completed		128	NVIDIA GeForce RTX 3090	gpu15	84.0	0.7398119122257053
MAP8	GDGMVPPG	8	249|250	329	esm2_t6_8M_UR50D	fair-esm pretrained esm2_t6_8M_UR50D	ESM2 full-sequence masked pseudo-log-likelihood	-877.4935554731637	-903.2954055648297	-25.801850091665983	-2.7336247834054945	-2.7455787403186314	-0.011953956913136832	-26.50594687461853	-3.3132433593273163	completed		128	NVIDIA GeForce RTX 3090	gpu15	153.0	0.5235109717868338
MAP8	GDGMVPPG	8	250|251	329	esm2_t6_8M_UR50D	fair-esm pretrained esm2_t6_8M_UR50D	ESM2 full-sequence masked pseudo-log-likelihood	-877.4935554731637	-902.9376542968675	-25.444098823703825	-2.7336247834054945	-2.744491350446406	-0.010866567040911601	-25.912303924560547	-3.2390379905700684	completed		128	NVIDIA GeForce RTX 3090	gpu15	135.0	0.5799373040752351
MAP8	GDGMVPPG	8	251|252	329	esm2_t6_8M_UR50D	fair-esm pretrained esm2_t6_8M_UR50D	ESM2 full-sequence masked pseudo-log-likelihood	-877.4935554731637	-903.3016852028668	-25.80812972970307	-2.7336247834054945	-2.7455978273643367	-0.011973043958842133	-25.545167922973633	-3.193145990371704	completed		128	NVIDIA GeForce RTX 3090	gpu15	155.0	0.5172413793103448
MAP8	GDGMVPPG	8	252|253	329	esm2_t6_8M_UR50D	fair-esm pretrained esm2_t6_8M_UR50D	ESM2 full-sequence masked pseudo-log-likelihood	-877.4935554731637	-903.9744868744165	-26.480931401252747	-2.7336247834054945	-2.7476428172474665	-0.014018033841971977	-26.110538721084595	-3.2638173401355743	completed		128	NVIDIA GeForce RTX 3090	gpu15	179.0	0.44200626959247646
MAP8	GDGMVPPG	8	253|254	329	esm2_t6_8M_UR50D	fair-esm pretrained esm2_t6_8M_UR50D	ESM2 full-sequence masked pseudo-log-likelihood	-877.4935554731637	-902.0264341244474	-24.53287865128368	-2.7336247834054945	-2.7417216842688372	-0.008096900863342693	-25.07738947868347	-3.134673684835434	completed		128	NVIDIA GeForce RTX 3090	gpu15	96.0	0.7021943573667712
MAP8	GDGMVPPG	8	254|255	329	esm2_t6_8M_UR50D	fair-esm pretrained esm2_t6_8M_UR50D	ESM2 full-sequence masked pseudo-log-likelihood	-877.4935554731637	-901.5765153551474	-24.082959881983697	-2.7336247834054945	-2.7403541500156456	-0.006729366610151111	-24.236594676971436	-3.0295743346214294	completed		128	NVIDIA GeForce RTX 3090	gpu15	75.0	0.768025078369906
MAP8	GDGMVPPG	8	255|256	329	esm2_t6_8M_UR50D	fair-esm pretrained esm2_t6_8M_UR50D	ESM2 full-sequence masked pseudo-log-likelihood	-877.4935554731637	-901.6383230024949	-24.144767529331148	-2.7336247834054945	-2.7405420152051514	-0.006917231799656864	-25.715326070785522	-3.2144157588481903	completed		128	NVIDIA GeForce RTX 3090	gpu15	77.0	0.7617554858934169
MAP8	GDGMVPPG	8	256|257	329	esm2_t6_8M_UR50D	fair-esm pretrained esm2_t6_8M_UR50D	ESM2 full-sequence masked pseudo-log-likelihood	-877.4935554731637	-900.9489296702668	-23.455374197103083	-2.7336247834054945	-2.7384465947424523	-0.004821811336957804	-24.658823490142822	-3.082352936267853	completed		128	NVIDIA GeForce RTX 3090	gpu15	51.0	0.8432601880877743
MAP8	GDGMVPPG	8	257|258	329	esm2_t6_8M_UR50D	fair-esm pretrained esm2_t6_8M_UR50D	ESM2 full-sequence masked pseudo-log-likelihood	-877.4935554731637	-901.4320159601048	-23.93846048694104	-2.7336247834054945	-2.739914942127978	-0.006290158722483508	-25.030216932296753	-3.128777116537094	completed		128	NVIDIA GeForce RTX 3090	gpu15	71.0	0.780564263322884
MAP8	GDGMVPPG	8	258|259	329	esm2_t6_8M_UR50D	fair-esm pretrained esm2_t6_8M_UR50D	ESM2 full-sequence masked pseudo-log-likelihood	-877.4935554731637	-902.5126328710467	-25.01907739788294	-2.7336247834054945	-2.74319949200926	-0.009574708603765636	-24.508222341537476	-3.0635277926921844	completed		128	NVIDIA GeForce RTX 3090	gpu15	120.0	0.6269592476489028
MAP8	GDGMVPPG	8	259|260	329	esm2_t6_8M_UR50D	fair-esm pretrained esm2_t6_8M_UR50D	ESM2 full-sequence masked pseudo-log-likelihood	-877.4935554731637	-902.5381238497794	-25.044568376615644	-2.7336247834054945	-2.7432769721877794	-0.00965218878228491	-26.033469200134277	-3.2541836500167847	completed		128	NVIDIA GeForce RTX 3090	gpu15	122.0	0.6206896551724138
MAP8	GDGMVPPG	8	260|261	329	esm2_t6_8M_UR50D	fair-esm pretrained esm2_t6_8M_UR50D	ESM2 full-sequence masked pseudo-log-likelihood	-877.4935554731637	-904.4669733019546	-26.973417828790843	-2.7336247834054945	-2.749139736480105	-0.015514953074610371	-25.033182382583618	-3.1291477978229523	completed		128	NVIDIA GeForce RTX 3090	gpu15	201.0	0.3730407523510971
MAP8	GDGMVPPG	8	261|262	329	esm2_t6_8M_UR50D	fair-esm pretrained esm2_t6_8M_UR50D	ESM2 full-sequence masked pseudo-log-likelihood	-877.4935554731637	-902.2127598850057	-24.71920441184193	-2.7336247834054945	-2.7422880239665823	-0.008663240561087804	-25.393625020980835	-3.1742031276226044	completed		128	NVIDIA GeForce RTX 3090	gpu15	104.0	0.677115987460815
MAP8	GDGMVPPG	8	262|263	329	esm2_t6_8M_UR50D	fair-esm pretrained esm2_t6_8M_UR50D	ESM2 full-sequence masked pseudo-log-likelihood	-877.4935554731637	-905.8963498836383	-28.4027944104746	-2.7336247834054945	-2.7534843461508762	-0.019859562745381698	-25.726499319076538	-3.2158124148845673	completed		128	NVIDIA GeForce RTX 3090	gpu15	240.0	0.2507836990595611
MAP8	GDGMVPPG	8	263|264	329	esm2_t6_8M_UR50D	fair-esm pretrained esm2_t6_8M_UR50D	ESM2 full-sequence masked pseudo-log-likelihood	-877.4935554731637	-904.9547319067642	-27.461176433600485	-2.7336247834054945	-2.7506222854308944	-0.016997502025399847	-24.79569721221924	-3.099462151527405	completed		128	NVIDIA GeForce RTX 3090	gpu15	215.0	0.32915360501567403
MAP8	GDGMVPPG	8	264|265	329	esm2_t6_8M_UR50D	fair-esm pretrained esm2_t6_8M_UR50D	ESM2 full-sequence masked pseudo-log-likelihood	-877.4935554731637	-901.9033477976918	-24.409792324528098	-2.7336247834054945	-2.741347561695112	-0.007722778289617427	-25.490743398666382	-3.1863429248332977	completed		128	NVIDIA GeForce RTX 3090	gpu15	91.0	0.7178683385579938
MAP8	GDGMVPPG	8	265|266	329	esm2_t6_8M_UR50D	fair-esm pretrained esm2_t6_8M_UR50D	ESM2 full-sequence masked pseudo-log-likelihood	-877.4935554731637	-902.6376097463071	-25.14405427314341	-2.7336247834054945	-2.7435793609310246	-0.009954577525530084	-25.53238606452942	-3.1915482580661774	completed		128	NVIDIA GeForce RTX 3090	gpu15	128.0	0.6018808777429467
MAP8	GDGMVPPG	8	266|267	329	esm2_t6_8M_UR50D	fair-esm pretrained esm2_t6_8M_UR50D	ESM2 full-sequence masked pseudo-log-likelihood	-877.4935554731637	-902.7443569134921	-25.25080144032836	-2.7336247834054945	-2.743903820405751	-0.010279037000256341	-25.842373847961426	-3.2302967309951782	completed		128	NVIDIA GeForce RTX 3090	gpu15	129.0	0.5987460815047022
MAP8	GDGMVPPG	8	267|268	329	esm2_t6_8M_UR50D	fair-esm pretrained esm2_t6_8M_UR50D	ESM2 full-sequence masked pseudo-log-likelihood	-877.4935554731637	-905.3115175422281	-27.81796206906438	-2.7336247834054945	-2.7517067402499333	-0.018081956844438807	-27.2514705657959	-3.4064338207244873	completed		128	NVIDIA GeForce RTX 3090	gpu15	223.0	0.3040752351097179
MAP8	GDGMVPPG	8	268|269	329	esm2_t6_8M_UR50D	fair-esm pretrained esm2_t6_8M_UR50D	ESM2 full-sequence masked pseudo-log-likelihood	-877.4935554731637	-901.8993123341352	-24.40575686097145	-2.7336247834054945	-2.7413352958484354	-0.007710512442940853	-25.797929525375366	-3.2247411906719208	completed		128	NVIDIA GeForce RTX 3090	gpu15	90.0	0.7210031347962382
MAP8	GDGMVPPG	8	269|270	329	esm2_t6_8M_UR50D	fair-esm pretrained esm2_t6_8M_UR50D	ESM2 full-sequence masked pseudo-log-likelihood	-877.4935554731637	-902.3254940677434	-24.831938594579697	-2.7336247834054945	-2.742630681056971	-0.009005897651476413	-24.8214271068573	-3.1026783883571625	completed		128	NVIDIA GeForce RTX 3090	gpu15	109.0	0.6614420062695925
MAP8	GDGMVPPG	8	270|271	329	esm2_t6_8M_UR50D	fair-esm pretrained esm2_t6_8M_UR50D	ESM2 full-sequence masked pseudo-log-likelihood	-877.4935554731637	-903.6558169694617	-26.162261496298015	-2.7336247834054945	-2.7466742157126496	-0.013049432307155051	-25.72002339363098	-3.2150029242038727	completed		128	NVIDIA GeForce RTX 3090	gpu15	166.0	0.48275862068965514
MAP8	GDGMVPPG	8	271|272	329	esm2_t6_8M_UR50D	fair-esm pretrained esm2_t6_8M_UR50D	ESM2 full-sequence masked pseudo-log-likelihood	-877.4935554731637	-903.2294134423137	-25.735857969149947	-2.7336247834054945	-2.745378156359616	-0.011753372954121488	-25.18699812889099	-3.148374766111374	completed		128	NVIDIA GeForce RTX 3090	gpu15	146.0	0.5454545454545454
MAP8	GDGMVPPG	8	272|273	329	esm2_t6_8M_UR50D	fair-esm pretrained esm2_t6_8M_UR50D	ESM2 full-sequence masked pseudo-log-likelihood	-877.4935554731637	-902.6106662135571	-25.1171107403934	-2.7336247834054945	-2.7434974656947024	-0.009872682289207901	-23.998717546463013	-2.9998396933078766	completed		128	NVIDIA GeForce RTX 3090	gpu15	127.0	0.6050156739811912
MAP8	GDGMVPPG	8	273|274	329	esm2_t6_8M_UR50D	fair-esm pretrained esm2_t6_8M_UR50D	ESM2 full-sequence masked pseudo-log-likelihood	-877.4935554731637	-901.685101967305	-24.19154649414122	-2.7336247834054945	-2.7406842005085257	-0.0070594171030311514	-25.148493766784668	-3.1435617208480835	completed		128	NVIDIA GeForce RTX 3090	gpu15	79.0	0.755485893416928
MAP8	GDGMVPPG	8	274|275	329	esm2_t6_8M_UR50D	fair-esm pretrained esm2_t6_8M_UR50D	ESM2 full-sequence masked pseudo-log-likelihood	-877.4935554731637	-903.8536416590214	-26.360086185857654	-2.7336247834054945	-2.747275506562375	-0.013650723156880318	-25.500254154205322	-3.1875317692756653	completed		128	NVIDIA GeForce RTX 3090	gpu15	175.0	0.4545454545454546
MAP8	GDGMVPPG	8	275|276	329	esm2_t6_8M_UR50D	fair-esm pretrained esm2_t6_8M_UR50D	ESM2 full-sequence masked pseudo-log-likelihood	-877.4935554731637	-903.1898142946884	-25.69625882152468	-2.7336247834054945	-2.7452577942087792	-0.011633010803284716	-25.280333042144775	-3.160041630268097	completed		128	NVIDIA GeForce RTX 3090	gpu15	144.0	0.5517241379310345
MAP8	GDGMVPPG	8	276|277	329	esm2_t6_8M_UR50D	fair-esm pretrained esm2_t6_8M_UR50D	ESM2 full-sequence masked pseudo-log-likelihood	-877.4935554731637	-903.2846887456253	-25.791133272461593	-2.7336247834054945	-2.745546166400077	-0.011921382994582341	-25.519015073776245	-3.1898768842220306	completed		128	NVIDIA GeForce RTX 3090	gpu15	152.0	0.5266457680250783
MAP8	GDGMVPPG	8	277|278	329	esm2_t6_8M_UR50D	fair-esm pretrained esm2_t6_8M_UR50D	ESM2 full-sequence masked pseudo-log-likelihood	-877.4935554731637	-901.5985621390864	-24.1050066659227	-2.7336247834054945	-2.7404211615169802	-0.006796378111485701	-25.145437479019165	-3.1431796848773956	completed		128	NVIDIA GeForce RTX 3090	gpu15	76.0	0.7648902821316614
MAP8	GDGMVPPG	8	278|279	329	esm2_t6_8M_UR50D	fair-esm pretrained esm2_t6_8M_UR50D	ESM2 full-sequence masked pseudo-log-likelihood	-877.4935554731637	-901.8234783662483	-24.329922893084586	-2.7336247834054945	-2.7411047974658005	-0.007480014060305962	-25.13265061378479	-3.1415813267230988	completed		128	NVIDIA GeForce RTX 3090	gpu15	89.0	0.7241379310344828
MAP8	GDGMVPPG	8	279|280	329	esm2_t6_8M_UR50D	fair-esm pretrained esm2_t6_8M_UR50D	ESM2 full-sequence masked pseudo-log-likelihood	-877.4935554731637	-901.2110786018893	-23.71752312872559	-2.7336247834054945	-2.7392434000057424	-0.005618616600247872	-24.6919584274292	-3.08649480342865	completed		128	NVIDIA GeForce RTX 3090	gpu15	59.0	0.8181818181818181
MAP8	GDGMVPPG	8	280|281	329	esm2_t6_8M_UR50D	fair-esm pretrained esm2_t6_8M_UR50D	ESM2 full-sequence masked pseudo-log-likelihood	-877.4935554731637	-900.8146132342517	-23.321057761088014	-2.7336247834054945	-2.7380383380980295	-0.0044135546925350155	-24.3004093170166	-3.037551164627075	completed		128	NVIDIA GeForce RTX 3090	gpu15	48.0	0.8526645768025078
MAP8	GDGMVPPG	8	281|282	329	esm2_t6_8M_UR50D	fair-esm pretrained esm2_t6_8M_UR50D	ESM2 full-sequence masked pseudo-log-likelihood	-877.4935554731637	-901.7545610079542	-24.261005534790456	-2.7336247834054945	-2.740895322212627	-0.007270538807132354	-24.5547878742218	-3.069348484277725	completed		128	NVIDIA GeForce RTX 3090	gpu15	85.0	0.7366771159874608
MAP8	GDGMVPPG	8	282|283	329	esm2_t6_8M_UR50D	fair-esm pretrained esm2_t6_8M_UR50D	ESM2 full-sequence masked pseudo-log-likelihood	-877.4935554731637	-902.3706076852977	-24.877052212134004	-2.7336247834054945	-2.7427678045145827	-0.009143021109088156	-24.926772832870483	-3.1158466041088104	completed		128	NVIDIA GeForce RTX 3090	gpu15	110.0	0.658307210031348
MAP8	GDGMVPPG	8	283|284	329	esm2_t6_8M_UR50D	fair-esm pretrained esm2_t6_8M_UR50D	ESM2 full-sequence masked pseudo-log-likelihood	-877.4935554731637	-900.8867800049484	-23.393224531784654	-2.7336247834054945	-2.7382576899846454	-0.004632906579150831	-24.22821593284607	-3.0285269916057587	completed		128	NVIDIA GeForce RTX 3090	gpu15	49.0	0.8495297805642633
MAP8	GDGMVPPG	8	284|285	329	esm2_t6_8M_UR50D	fair-esm pretrained esm2_t6_8M_UR50D	ESM2 full-sequence masked pseudo-log-likelihood	-877.4935554731637	-901.2952814018354	-23.801725928671658	-2.7336247834054945	-2.7394993355678885	-0.0058745521623939645	-25.27721381187439	-3.1596517264842987	completed		128	NVIDIA GeForce RTX 3090	gpu15	62.0	0.8087774294670846
MAP8	GDGMVPPG	8	285|286	329	esm2_t6_8M_UR50D	fair-esm pretrained esm2_t6_8M_UR50D	ESM2 full-sequence masked pseudo-log-likelihood	-877.4935554731637	-902.8838802874088	-25.390324814245105	-2.7336247834054945	-2.7443279036091455	-0.01070312020365094	-24.40081262588501	-3.050101578235626	completed		128	NVIDIA GeForce RTX 3090	gpu15	132.0	0.5893416927899686
MAP8	GDGMVPPG	8	286|287	329	esm2_t6_8M_UR50D	fair-esm pretrained esm2_t6_8M_UR50D	ESM2 full-sequence masked pseudo-log-likelihood	-877.4935554731637	-901.9314789539203	-24.43792348075658	-2.7336247834054945	-2.741433066729241	-0.007808283323746501	-24.77772808074951	-3.097216010093689	completed		128	NVIDIA GeForce RTX 3090	gpu15	93.0	0.7115987460815048
MAP8	GDGMVPPG	8	287|288	329	esm2_t6_8M_UR50D	fair-esm pretrained esm2_t6_8M_UR50D	ESM2 full-sequence masked pseudo-log-likelihood	-877.4935554731637	-902.9915449731052	-25.49798949994147	-2.7336247834054945	-2.744655151893937	-0.0110303684884423	-24.843684196472168	-3.105460524559021	completed		128	NVIDIA GeForce RTX 3090	gpu15	136.0	0.5768025078369906
MAP8	GDGMVPPG	8	288|289	329	esm2_t6_8M_UR50D	fair-esm pretrained esm2_t6_8M_UR50D	ESM2 full-sequence masked pseudo-log-likelihood	-877.4935554731637	-903.1362915197387	-25.64273604657501	-2.7336247834054945	-2.7450951110022452	-0.011470327596750707	-24.48539638519287	-3.060674548149109	completed		128	NVIDIA GeForce RTX 3090	gpu15	141.0	0.561128526645768
MAP8	GDGMVPPG	8	289|290	329	esm2_t6_8M_UR50D	fair-esm pretrained esm2_t6_8M_UR50D	ESM2 full-sequence masked pseudo-log-likelihood	-877.4935554731637	-903.2469307482243	-25.753375275060534	-2.7336247834054945	-2.7454314004505296	-0.01180661704503505	-23.9592125415802	-2.994901567697525	completed		128	NVIDIA GeForce RTX 3090	gpu15	147.0	0.542319749216301
MAP8	GDGMVPPG	8	290|291	329	esm2_t6_8M_UR50D	fair-esm pretrained esm2_t6_8M_UR50D	ESM2 full-sequence masked pseudo-log-likelihood	-877.4935554731637	-904.5524059124291	-27.05885043926537	-2.7336247834054945	-2.7493994100681736	-0.015774626662679037	-24.466449975967407	-3.058306246995926	completed		128	NVIDIA GeForce RTX 3090	gpu15	207.0	0.35423197492163006
MAP8	GDGMVPPG	8	291|292	329	esm2_t6_8M_UR50D	fair-esm pretrained esm2_t6_8M_UR50D	ESM2 full-sequence masked pseudo-log-likelihood	-877.4935554731637	-904.0630712360144	-26.569515762850642	-2.7336247834054945	-2.7479120706261835	-0.014287287220688949	-24.407920598983765	-3.0509900748729706	completed		128	NVIDIA GeForce RTX 3090	gpu15	181.0	0.4357366771159875
MAP8	GDGMVPPG	8	292|293	329	esm2_t6_8M_UR50D	fair-esm pretrained esm2_t6_8M_UR50D	ESM2 full-sequence masked pseudo-log-likelihood	-877.4935554731637	-904.1747577516362	-26.681202278472483	-2.7336247834054945	-2.748251543318043	-0.014626759912548692	-24.04517936706543	-3.0056474208831787	completed		128	NVIDIA GeForce RTX 3090	gpu15	187.0	0.41692789968652033
MAP8	GDGMVPPG	8	293|294	329	esm2_t6_8M_UR50D	fair-esm pretrained esm2_t6_8M_UR50D	ESM2 full-sequence masked pseudo-log-likelihood	-877.4935554731637	-907.3678593300283	-29.87430385686457	-2.7336247834054945	-2.7579570192402074	-0.02433223583471289	-25.50929284095764	-3.188661605119705	completed		128	NVIDIA GeForce RTX 3090	gpu15	275.0	0.1410658307210031
MAP8	GDGMVPPG	8	294|295	329	esm2_t6_8M_UR50D	fair-esm pretrained esm2_t6_8M_UR50D	ESM2 full-sequence masked pseudo-log-likelihood	-877.4935554731637	-906.8593559581786	-29.365800485014915	-2.7336247834054945	-2.7564114162862574	-0.02278663288076288	-25.002074241638184	-3.125259280204773	completed		128	NVIDIA GeForce RTX 3090	gpu15	265.0	0.1724137931034483
MAP8	GDGMVPPG	8	295|296	329	esm2_t6_8M_UR50D	fair-esm pretrained esm2_t6_8M_UR50D	ESM2 full-sequence masked pseudo-log-likelihood	-877.4935554731637	-908.3253699839115	-30.83181451074779	-2.7336247834054945	-2.760867385969336	-0.027242602563841256	-26.05690097808838	-3.2571126222610474	completed		128	NVIDIA GeForce RTX 3090	gpu15	288.0	0.10031347962382442
MAP8	GDGMVPPG	8	296|297	329	esm2_t6_8M_UR50D	fair-esm pretrained esm2_t6_8M_UR50D	ESM2 full-sequence masked pseudo-log-likelihood	-877.4935554731637	-905.6650172555819	-28.17146178241819	-2.7336247834054945	-2.7527812074637747	-0.01915642405828022	-24.042259693145752	-3.005282461643219	completed		128	NVIDIA GeForce RTX 3090	gpu15	233.0	0.2727272727272727
MAP8	GDGMVPPG	8	297|298	329	esm2_t6_8M_UR50D	fair-esm pretrained esm2_t6_8M_UR50D	ESM2 full-sequence masked pseudo-log-likelihood	-877.4935554731637	-907.9818173740059	-30.48826190084219	-2.7336247834054945	-2.75982315311248	-0.026198369706985414	-25.373656272888184	-3.171707034111023	completed		128	NVIDIA GeForce RTX 3090	gpu15	283.0	0.11598746081504707
MAP8	GDGMVPPG	8	298|299	329	esm2_t6_8M_UR50D	fair-esm pretrained esm2_t6_8M_UR50D	ESM2 full-sequence masked pseudo-log-likelihood	-877.4935554731637	-907.4883614508435	-29.99480597767979	-2.7336247834054945	-2.7583232870846306	-0.024698503679136063	-25.60736060142517	-3.2009200751781464	completed		128	NVIDIA GeForce RTX 3090	gpu15	278.0	0.1316614420062696
MAP8	GDGMVPPG	8	299|300	329	esm2_t6_8M_UR50D	fair-esm pretrained esm2_t6_8M_UR50D	ESM2 full-sequence masked pseudo-log-likelihood	-877.4935554731637	-906.5227241972461	-29.02916872408241	-2.7336247834054945	-2.755388219444517	-0.021763436039022643	-24.700432300567627	-3.0875540375709534	completed		128	NVIDIA GeForce RTX 3090	gpu15	258.0	0.1943573667711599
MAP8	GDGMVPPG	8	300|301	329	esm2_t6_8M_UR50D	fair-esm pretrained esm2_t6_8M_UR50D	ESM2 full-sequence masked pseudo-log-likelihood	-877.4935554731637	-906.6025964627042	-29.109040989540517	-2.7336247834054945	-2.755630992287855	-0.02200620888236049	-25.163347005844116	-3.1454183757305145	completed		128	NVIDIA GeForce RTX 3090	gpu15	259.0	0.19122257053291536
MAP8	GDGMVPPG	8	301|302	329	esm2_t6_8M_UR50D	fair-esm pretrained esm2_t6_8M_UR50D	ESM2 full-sequence masked pseudo-log-likelihood	-877.4935554731637	-906.2762080840766	-28.78265261091292	-2.7336247834054945	-2.7546389303467373	-0.021014146941242817	-25.37545895576477	-3.1719323694705963	completed		128	NVIDIA GeForce RTX 3090	gpu15	251.0	0.2163009404388715
MAP8	GDGMVPPG	8	302|303	329	esm2_t6_8M_UR50D	fair-esm pretrained esm2_t6_8M_UR50D	ESM2 full-sequence masked pseudo-log-likelihood	-877.4935554731637	-903.9158693989739	-26.42231392581016	-2.7336247834054945	-2.7474646486291	-0.013839865223605585	-24.82745599746704	-3.10343199968338	completed		128	NVIDIA GeForce RTX 3090	gpu15	177.0	0.4482758620689655
MAP8	GDGMVPPG	8	303|304	329	esm2_t6_8M_UR50D	fair-esm pretrained esm2_t6_8M_UR50D	ESM2 full-sequence masked pseudo-log-likelihood	-877.4935554731637	-903.796112828888	-26.302557355724275	-2.7336247834054945	-2.747100646896316	-0.013475863490821638	-24.09923768043518	-3.0124047100543976	completed		128	NVIDIA GeForce RTX 3090	gpu15	171.0	0.4670846394984326
MAP8	GDGMVPPG	8	304|305	329	esm2_t6_8M_UR50D	fair-esm pretrained esm2_t6_8M_UR50D	ESM2 full-sequence masked pseudo-log-likelihood	-877.4935554731637	-904.5031162435189	-27.009560770355165	-2.7336247834054945	-2.749249593445346	-0.0156248100398515	-25.255032300949097	-3.156879037618637	completed		128	NVIDIA GeForce RTX 3090	gpu15	203.0	0.3667711598746082
MAP8	GDGMVPPG	8	305|306	329	esm2_t6_8M_UR50D	fair-esm pretrained esm2_t6_8M_UR50D	ESM2 full-sequence masked pseudo-log-likelihood	-877.4935554731637	-904.3451779913157	-26.851622518152	-2.7336247834054945	-2.748769537967525	-0.01514475456203046	-24.874642610549927	-3.109330326318741	completed		128	NVIDIA GeForce RTX 3090	gpu15	198.0	0.3824451410658307
MAP8	GDGMVPPG	8	306|307	329	esm2_t6_8M_UR50D	fair-esm pretrained esm2_t6_8M_UR50D	ESM2 full-sequence masked pseudo-log-likelihood	-877.4935554731637	-902.4196567451581	-24.926101271994412	-2.7336247834054945	-2.7429168898029124	-0.009292106397417843	-23.787480354309082	-2.9734350442886353	completed		128	NVIDIA GeForce RTX 3090	gpu15	112.0	0.652037617554859
MAP8	GDGMVPPG	8	307|308	329	esm2_t6_8M_UR50D	fair-esm pretrained esm2_t6_8M_UR50D	ESM2 full-sequence masked pseudo-log-likelihood	-877.4935554731637	-904.7219677567482	-27.228412283584476	-2.7336247834054945	-2.7499147956132166	-0.016290012207722082	-24.01185917854309	-3.0014823973178864	completed		128	NVIDIA GeForce RTX 3090	gpu15	211.0	0.34169278996865204
MAP8	GDGMVPPG	8	308|309	329	esm2_t6_8M_UR50D	fair-esm pretrained esm2_t6_8M_UR50D	ESM2 full-sequence masked pseudo-log-likelihood	-877.4935554731637	-903.7155547840521	-26.22199931088835	-2.7336247834054945	-2.7468557896171797	-0.013231006211685159	-24.19918966293335	-3.0248987078666687	completed		128	NVIDIA GeForce RTX 3090	gpu15	168.0	0.4764890282131662
MAP8	GDGMVPPG	8	309|310	329	esm2_t6_8M_UR50D	fair-esm pretrained esm2_t6_8M_UR50D	ESM2 full-sequence masked pseudo-log-likelihood	-877.4935554731637	-900.0336400615051	-22.540084588341415	-2.7336247834054945	-2.7356645594574625	-0.002039776051967923	-23.901878356933594	-2.987734794616699	completed		128	NVIDIA GeForce RTX 3090	gpu15	27.0	0.9184952978056427
MAP8	GDGMVPPG	8	310|311	329	esm2_t6_8M_UR50D	fair-esm pretrained esm2_t6_8M_UR50D	ESM2 full-sequence masked pseudo-log-likelihood	-877.4935554731637	-900.8107857834548	-23.317230310291052	-2.7336247834054945	-2.738026704508981	-0.0044019211034864725	-23.989821910858154	-2.9987277388572693	completed		128	NVIDIA GeForce RTX 3090	gpu15	47.0	0.8557993730407524
MAP8	GDGMVPPG	8	311|312	329	esm2_t6_8M_UR50D	fair-esm pretrained esm2_t6_8M_UR50D	ESM2 full-sequence masked pseudo-log-likelihood	-877.4935554731637	-900.3218418853357	-22.82828641217202	-2.7336247834054945	-2.736540552842966	-0.002915769437471294	-23.57831907272339	-2.9472898840904236	completed		128	NVIDIA GeForce RTX 3090	gpu15	37.0	0.8871473354231975
MAP8	GDGMVPPG	8	312|313	329	esm2_t6_8M_UR50D	fair-esm pretrained esm2_t6_8M_UR50D	ESM2 full-sequence masked pseudo-log-likelihood	-877.4935554731637	-902.5370968664065	-25.043541393242776	-2.7336247834054945	-2.7432738506577703	-0.009649067252275767	-24.563145875930786	-3.0703932344913483	completed		128	NVIDIA GeForce RTX 3090	gpu15	121.0	0.6238244514106583
MAP8	GDGMVPPG	8	313|314	329	esm2_t6_8M_UR50D	fair-esm pretrained esm2_t6_8M_UR50D	ESM2 full-sequence masked pseudo-log-likelihood	-877.4935554731637	-900.586208993569	-23.092653520405293	-2.7336247834054945	-2.737344100284404	-0.0037193168789095843	-24.070793628692627	-3.0088492035865784	completed		128	NVIDIA GeForce RTX 3090	gpu15	43.0	0.8683385579937304
MAP8	GDGMVPPG	8	314|315	329	esm2_t6_8M_UR50D	fair-esm pretrained esm2_t6_8M_UR50D	ESM2 full-sequence masked pseudo-log-likelihood	-877.4935554731637	-899.9535667225718	-22.460011249408126	-2.7336247834054945	-2.7354211754485465	-0.001796392043051931	-23.445641040802002	-2.9307051301002502	completed		128	NVIDIA GeForce RTX 3090	gpu15	26.0	0.9216300940438872
MAP8	GDGMVPPG	8	315|316	329	esm2_t6_8M_UR50D	fair-esm pretrained esm2_t6_8M_UR50D	ESM2 full-sequence masked pseudo-log-likelihood	-877.4935554731637	-899.4134187018499	-21.919863228686154	-2.7336247834054945	-2.7337793881515196	-0.00015460474602502217	-23.29327940940857	-2.911659926176071	completed		128	NVIDIA GeForce RTX 3090	gpu15	17.0	0.9498432601880877
MAP8	GDGMVPPG	8	316|317	329	esm2_t6_8M_UR50D	fair-esm pretrained esm2_t6_8M_UR50D	ESM2 full-sequence masked pseudo-log-likelihood	-877.4935554731637	-903.264286801219	-25.770731328055263	-2.7336247834054945	-2.745484154411	-0.01185937100550527	-24.7699236869812	-3.09624046087265	completed		128	NVIDIA GeForce RTX 3090	gpu15	149.0	0.5360501567398119
MAP8	GDGMVPPG	8	317|318	329	esm2_t6_8M_UR50D	fair-esm pretrained esm2_t6_8M_UR50D	ESM2 full-sequence masked pseudo-log-likelihood	-877.4935554731637	-901.2467360021546	-23.753180528990924	-2.7336247834054945	-2.7393517811615644	-0.005726997756069885	-23.558395385742188	-2.9447994232177734	completed		128	NVIDIA GeForce RTX 3090	gpu15	61.0	0.8119122257053292
MAP8	GDGMVPPG	8	318|319	329	esm2_t6_8M_UR50D	fair-esm pretrained esm2_t6_8M_UR50D	ESM2 full-sequence masked pseudo-log-likelihood	-877.4935554731637	-901.0461587933823	-23.552603320218623	-2.7336247834054945	-2.7387421239920435	-0.005117340586549002	-23.555092811584473	-2.944386601448059	completed		128	NVIDIA GeForce RTX 3090	gpu15	54.0	0.8338557993730408
MAP8	GDGMVPPG	8	319|320	329	esm2_t6_8M_UR50D	fair-esm pretrained esm2_t6_8M_UR50D	ESM2 full-sequence masked pseudo-log-likelihood	-877.4935554731637	-903.157724657096	-25.664169183932245	-2.7336247834054945	-2.7451602573164013	-0.011535473910906813	-23.922409057617188	-2.9903011322021484	completed		128	NVIDIA GeForce RTX 3090	gpu15	143.0	0.554858934169279
MAP8	GDGMVPPG	8	320|321	329	esm2_t6_8M_UR50D	fair-esm pretrained esm2_t6_8M_UR50D	ESM2 full-sequence masked pseudo-log-likelihood	-877.4935554731637	-901.4305605096743	-23.937005036510527	-2.7336247834054945	-2.739910518266487	-0.006285734860992598	-23.43700909614563	-2.9296261370182037	completed		128	NVIDIA GeForce RTX 3090	gpu15	70.0	0.7836990595611285
HA	YPYDVPDYA	9	1|2	330	esm2_t6_8M_UR50D	fair-esm pretrained esm2_t6_8M_UR50D	ESM2 full-sequence masked pseudo-log-likelihood	-877.4935554731637	-903.4042652444914	-25.910709771327674	-2.7336247834054945	-2.737588682559065	-0.003963899153570427	-28.158179759979248	-3.128686639997694	completed		128	NVIDIA GeForce RTX 3090	gpu15	47.0	0.8557993730407524
HA	YPYDVPDYA	9	2|3	330	esm2_t6_8M_UR50D	fair-esm pretrained esm2_t6_8M_UR50D	ESM2 full-sequence masked pseudo-log-likelihood	-877.4935554731637	-902.5378918163478	-25.044336343184114	-2.7336247834054945	-2.7349633085343874	-0.0013385251288928757	-27.25152587890625	-3.0279473198784723	completed		128	NVIDIA GeForce RTX 3090	gpu15	25.0	0.9247648902821317
HA	YPYDVPDYA	9	3|4	330	esm2_t6_8M_UR50D	fair-esm pretrained esm2_t6_8M_UR50D	ESM2 full-sequence masked pseudo-log-likelihood	-877.4935554731637	-904.7569692013785	-27.2634137282148	-2.7336247834054945	-2.7416877854587227	-0.008063002053228185	-27.360315322875977	-3.0400350358751087	completed		128	NVIDIA GeForce RTX 3090	gpu15	102.0	0.6833855799373041
HA	YPYDVPDYA	9	4|5	330	esm2_t6_8M_UR50D	fair-esm pretrained esm2_t6_8M_UR50D	ESM2 full-sequence masked pseudo-log-likelihood	-877.4935554731637	-904.0755971660838	-26.58204169292003	-2.7336247834054945	-2.7396230217154054	-0.005998238309910864	-27.734553337097168	-3.0816170374552407	completed		128	NVIDIA GeForce RTX 3090	gpu15	71.0	0.780564263322884
HA	YPYDVPDYA	9	5|6	330	esm2_t6_8M_UR50D	fair-esm pretrained esm2_t6_8M_UR50D	ESM2 full-sequence masked pseudo-log-likelihood	-877.4935554731637	-903.6672234954312	-26.17366802226752	-2.7336247834054945	-2.738385525743731	-0.004760742338236312	-27.29019260406494	-3.0322436226738825	completed		128	NVIDIA GeForce RTX 3090	gpu15	59.0	0.8181818181818181
HA	YPYDVPDYA	9	6|7	330	esm2_t6_8M_UR50D	fair-esm pretrained esm2_t6_8M_UR50D	ESM2 full-sequence masked pseudo-log-likelihood	-877.4935554731637	-905.0547074619681	-27.56115198880434	-2.7336247834054945	-2.7425900226120246	-0.008965239206530029	-27.272003889083862	-3.0302226543426514	completed		128	NVIDIA GeForce RTX 3090	gpu15	113.0	0.6489028213166144
HA	YPYDVPDYA	9	7|8	330	esm2_t6_8M_UR50D	fair-esm pretrained esm2_t6_8M_UR50D	ESM2 full-sequence masked pseudo-log-likelihood	-877.4935554731637	-905.8508219225332	-28.35726644936949	-2.7336247834054945	-2.745002490674343	-0.011377707268848347	-28.40388512611389	-3.1559872362348766	completed		128	NVIDIA GeForce RTX 3090	gpu15	142.0	0.5579937304075235
HA	YPYDVPDYA	9	8|9	330	esm2_t6_8M_UR50D	fair-esm pretrained esm2_t6_8M_UR50D	ESM2 full-sequence masked pseudo-log-likelihood	-877.4935554731637	-905.340678891167	-27.84712341800332	-2.7336247834054945	-2.743456602700506	-0.009831819295011535	-28.50093698501587	-3.1667707761128745	completed		128	NVIDIA GeForce RTX 3090	gpu15	125.0	0.6112852664576802
HA	YPYDVPDYA	9	9|10	330	esm2_t6_8M_UR50D	fair-esm pretrained esm2_t6_8M_UR50D	ESM2 full-sequence masked pseudo-log-likelihood	-877.4935554731637	-906.5247710924596	-29.031215619295835	-2.7336247834054945	-2.747044760886241	-0.013419977480746414	-28.177172422409058	-3.130796935823229	completed		128	NVIDIA GeForce RTX 3090	gpu15	171.0	0.4670846394984326
HA	YPYDVPDYA	9	10|11	330	esm2_t6_8M_UR50D	fair-esm pretrained esm2_t6_8M_UR50D	ESM2 full-sequence masked pseudo-log-likelihood	-877.4935554731637	-907.3551423856989	-29.86158691253513	-2.7336247834054945	-2.7495610375324206	-0.01593625412692612	-29.305957317352295	-3.2562174797058105	completed		128	NVIDIA GeForce RTX 3090	gpu15	202.0	0.3699059561128527
HA	YPYDVPDYA	9	11|12	330	esm2_t6_8M_UR50D	fair-esm pretrained esm2_t6_8M_UR50D	ESM2 full-sequence masked pseudo-log-likelihood	-877.4935554731637	-906.5328031638637	-29.039247690699995	-2.7336247834054945	-2.7470691004965566	-0.013444317091062086	-28.46407198905945	-3.16267466545105	completed		128	NVIDIA GeForce RTX 3090	gpu15	172.0	0.46394984326018807
HA	YPYDVPDYA	9	12|13	330	esm2_t6_8M_UR50D	fair-esm pretrained esm2_t6_8M_UR50D	ESM2 full-sequence masked pseudo-log-likelihood	-877.4935554731637	-905.7702754940838	-28.276720020920038	-2.7336247834054945	-2.7447584105881324	-0.011133627182637884	-28.628257036209106	-3.1809174484676785	completed		128	NVIDIA GeForce RTX 3090	gpu15	139.0	0.567398119122257
HA	YPYDVPDYA	9	13|14	330	esm2_t6_8M_UR50D	fair-esm pretrained esm2_t6_8M_UR50D	ESM2 full-sequence masked pseudo-log-likelihood	-877.4935554731637	-905.7603265084326	-28.266771035268903	-2.7336247834054945	-2.7447282621467655	-0.011103478741270933	-29.023268938064575	-3.2248076597849527	completed		128	NVIDIA GeForce RTX 3090	gpu15	138.0	0.5705329153605015
HA	YPYDVPDYA	9	14|15	330	esm2_t6_8M_UR50D	fair-esm pretrained esm2_t6_8M_UR50D	ESM2 full-sequence masked pseudo-log-likelihood	-877.4935554731637	-903.8652228992432	-26.37166742607951	-2.7336247834054945	-2.738985523937101	-0.0053607405316062895	-27.974627256393433	-3.108291917377048	completed		128	NVIDIA GeForce RTX 3090	gpu15	64.0	0.8025078369905956
HA	YPYDVPDYA	9	15|16	330	esm2_t6_8M_UR50D	fair-esm pretrained esm2_t6_8M_UR50D	ESM2 full-sequence masked pseudo-log-likelihood	-877.4935554731637	-903.3584849825129	-25.864929509349167	-2.7336247834054945	-2.737449954492463	-0.0038251710869685596	-27.86730122566223	-3.096366802851359	completed		128	NVIDIA GeForce RTX 3090	gpu15	45.0	0.8620689655172413
HA	YPYDVPDYA	9	16|17	330	esm2_t6_8M_UR50D	fair-esm pretrained esm2_t6_8M_UR50D	ESM2 full-sequence masked pseudo-log-likelihood	-877.4935554731637	-904.2823765203357	-26.78882104717195	-2.7336247834054945	-2.740249625819199	-0.006624842413704535	-28.022594928741455	-3.1136216587490506	completed		128	NVIDIA GeForce RTX 3090	gpu15	79.0	0.755485893416928
HA	YPYDVPDYA	9	17|18	330	esm2_t6_8M_UR50D	fair-esm pretrained esm2_t6_8M_UR50D	ESM2 full-sequence masked pseudo-log-likelihood	-877.4935554731637	-903.5865389313549	-26.092983458191156	-2.7336247834054945	-2.738141027064712	-0.004516243659217434	-27.868034601211548	-3.096448289023505	completed		128	NVIDIA GeForce RTX 3090	gpu15	55.0	0.8307210031347962
HA	YPYDVPDYA	9	18|19	330	esm2_t6_8M_UR50D	fair-esm pretrained esm2_t6_8M_UR50D	ESM2 full-sequence masked pseudo-log-likelihood	-877.4935554731637	-902.5083487313241	-25.014793258160353	-2.7336247834054945	-2.7348737840343156	-0.001249000628821051	-27.580803632736206	-3.0645337369706898	completed		128	NVIDIA GeForce RTX 3090	gpu15	24.0	0.9278996865203761
HA	YPYDVPDYA	9	19|20	330	esm2_t6_8M_UR50D	fair-esm pretrained esm2_t6_8M_UR50D	ESM2 full-sequence masked pseudo-log-likelihood	-877.4935554731637	-903.0342679033056	-25.540712430141866	-2.7336247834054945	-2.7364674784948653	-0.0028426950893707392	-27.135653972625732	-3.0150726636250815	completed		128	NVIDIA GeForce RTX 3090	gpu15	40.0	0.877742946708464
HA	YPYDVPDYA	9	20|21	330	esm2_t6_8M_UR50D	fair-esm pretrained esm2_t6_8M_UR50D	ESM2 full-sequence masked pseudo-log-likelihood	-877.4935554731637	-904.0555550651625	-26.561999591998756	-2.7336247834054945	-2.73956228807625	-0.005937504670755267	-27.997830629348755	-3.1108700699276395	completed		128	NVIDIA GeForce RTX 3090	gpu15	69.0	0.786833855799373
HA	YPYDVPDYA	9	21|22	330	esm2_t6_8M_UR50D	fair-esm pretrained esm2_t6_8M_UR50D	ESM2 full-sequence masked pseudo-log-likelihood	-877.4935554731637	-903.4363526627421	-25.942797189578414	-2.7336247834054945	-2.7376859171598245	-0.004061133754329926	-27.574737787246704	-3.0638597541385226	completed		128	NVIDIA GeForce RTX 3090	gpu15	50.0	0.8463949843260188
HA	YPYDVPDYA	9	22|23	330	esm2_t6_8M_UR50D	fair-esm pretrained esm2_t6_8M_UR50D	ESM2 full-sequence masked pseudo-log-likelihood	-877.4935554731637	-902.3619926022366	-24.868437129072845	-2.7336247834054945	-2.734430280612838	-0.0008054972073434641	-27.39579439163208	-3.0439771546257868	completed		128	NVIDIA GeForce RTX 3090	gpu15	19.0	0.9435736677115988
HA	YPYDVPDYA	9	23|24	330	esm2_t6_8M_UR50D	fair-esm pretrained esm2_t6_8M_UR50D	ESM2 full-sequence masked pseudo-log-likelihood	-877.4935554731637	-902.6585763804615	-25.16502090729773	-2.7336247834054945	-2.7353290193347317	-0.0017042359292371856	-27.171872854232788	-3.019096983803643	completed		128	NVIDIA GeForce RTX 3090	gpu15	26.0	0.9216300940438872
HA	YPYDVPDYA	9	24|25	330	esm2_t6_8M_UR50D	fair-esm pretrained esm2_t6_8M_UR50D	ESM2 full-sequence masked pseudo-log-likelihood	-877.4935554731637	-902.8292335914448	-25.335678118281066	-2.7336247834054945	-2.7358461623983175	-0.002221378992822931	-27.38848328590393	-3.0431648095448813	completed		128	NVIDIA GeForce RTX 3090	gpu15	33.0	0.8996865203761756
HA	YPYDVPDYA	9	25|26	330	esm2_t6_8M_UR50D	fair-esm pretrained esm2_t6_8M_UR50D	ESM2 full-sequence masked pseudo-log-likelihood	-877.4935554731637	-902.663222938776	-25.169667465612292	-2.7336247834054945	-2.735343099814473	-0.0017183164089784597	-27.745433807373047	-3.0828259785970054	completed		128	NVIDIA GeForce RTX 3090	gpu15	27.0	0.9184952978056427
HA	YPYDVPDYA	9	26|27	330	esm2_t6_8M_UR50D	fair-esm pretrained esm2_t6_8M_UR50D	ESM2 full-sequence masked pseudo-log-likelihood	-877.4935554731637	-903.0597240924835	-25.566168619319797	-2.7336247834054945	-2.736544618462071	-0.0029198350565766695	-27.818158388137817	-3.0909064875708685	completed		128	NVIDIA GeForce RTX 3090	gpu15	41.0	0.8746081504702194
HA	YPYDVPDYA	9	27|28	330	esm2_t6_8M_UR50D	fair-esm pretrained esm2_t6_8M_UR50D	ESM2 full-sequence masked pseudo-log-likelihood	-877.4935554731637	-902.706662603654	-25.213107130490243	-2.7336247834054945	-2.7354747351625877	-0.0018499517570931268	-27.81309151649475	-3.0903435018327503	completed		128	NVIDIA GeForce RTX 3090	gpu15	30.0	0.9090909090909091
HA	YPYDVPDYA	9	28|29	330	esm2_t6_8M_UR50D	fair-esm pretrained esm2_t6_8M_UR50D	ESM2 full-sequence masked pseudo-log-likelihood	-877.4935554731637	-901.4723778981715	-23.97882242500782	-2.7336247834054945	-2.7317344784793076	0.0018903049261869143	-26.764097690582275	-2.9737886322869196	completed		128	NVIDIA GeForce RTX 3090	gpu15	13.0	0.9623824451410659
HA	YPYDVPDYA	9	29|30	330	esm2_t6_8M_UR50D	fair-esm pretrained esm2_t6_8M_UR50D	ESM2 full-sequence masked pseudo-log-likelihood	-877.4935554731637	-903.3389052478597	-25.845349774695933	-2.7336247834054945	-2.737390621963211	-0.0037658385577166165	-27.85111975669861	-3.094568861855401	completed		128	NVIDIA GeForce RTX 3090	gpu15	44.0	0.8652037617554859
HA	YPYDVPDYA	9	30|31	330	esm2_t6_8M_UR50D	fair-esm pretrained esm2_t6_8M_UR50D	ESM2 full-sequence masked pseudo-log-likelihood	-877.4935554731637	-902.4365103133023	-24.942954840138555	-2.7336247834054945	-2.7346560918584917	-0.0010313084529971484	-27.594854831695557	-3.066094981299506	completed		128	NVIDIA GeForce RTX 3090	gpu15	22.0	0.9341692789968652
HA	YPYDVPDYA	9	31|32	330	esm2_t6_8M_UR50D	fair-esm pretrained esm2_t6_8M_UR50D	ESM2 full-sequence masked pseudo-log-likelihood	-877.4935554731637	-904.9449993027374	-27.45144382957369	-2.7336247834054945	-2.742257573644659	-0.0086327902391643	-28.50372314453125	-3.167080349392361	completed		128	NVIDIA GeForce RTX 3090	gpu15	106.0	0.670846394984326
HA	YPYDVPDYA	9	32|33	330	esm2_t6_8M_UR50D	fair-esm pretrained esm2_t6_8M_UR50D	ESM2 full-sequence masked pseudo-log-likelihood	-877.4935554731637	-902.7107102936134	-25.21715482044965	-2.7336247834054945	-2.7354870008897376	-0.0018622174842430894	-27.457265615463257	-3.0508072906070285	completed		128	NVIDIA GeForce RTX 3090	gpu15	31.0	0.9059561128526645
HA	YPYDVPDYA	9	33|34	330	esm2_t6_8M_UR50D	fair-esm pretrained esm2_t6_8M_UR50D	ESM2 full-sequence masked pseudo-log-likelihood	-877.4935554731637	-903.630432702601	-26.136877229437232	-2.7336247834054945	-2.73827403849273	-0.00464925508723546	-28.3586266040802	-3.1509585115644665	completed		128	NVIDIA GeForce RTX 3090	gpu15	58.0	0.8213166144200628
HA	YPYDVPDYA	9	34|35	330	esm2_t6_8M_UR50D	fair-esm pretrained esm2_t6_8M_UR50D	ESM2 full-sequence masked pseudo-log-likelihood	-877.4935554731637	-905.0165322581306	-27.522976784966886	-2.7336247834054945	-2.7424743401761535	-0.008849556770659017	-27.975872039794922	-3.1084302266438804	completed		128	NVIDIA GeForce RTX 3090	gpu15	112.0	0.652037617554859
HA	YPYDVPDYA	9	35|36	330	esm2_t6_8M_UR50D	fair-esm pretrained esm2_t6_8M_UR50D	ESM2 full-sequence masked pseudo-log-likelihood	-877.4935554731637	-905.0583292525262	-27.56477377936244	-2.7336247834054945	-2.742600997734928	-0.008976214329433407	-27.282613515853882	-3.0314015017615423	completed		128	NVIDIA GeForce RTX 3090	gpu15	114.0	0.64576802507837
HA	YPYDVPDYA	9	36|37	330	esm2_t6_8M_UR50D	fair-esm pretrained esm2_t6_8M_UR50D	ESM2 full-sequence masked pseudo-log-likelihood	-877.4935554731637	-904.0691044870764	-26.575549013912678	-2.7336247834054945	-2.7396033469305348	-0.005978563525040226	-27.772302865982056	-3.0858114295535617	completed		128	NVIDIA GeForce RTX 3090	gpu15	70.0	0.7836990595611285
HA	YPYDVPDYA	9	37|38	330	esm2_t6_8M_UR50D	fair-esm pretrained esm2_t6_8M_UR50D	ESM2 full-sequence masked pseudo-log-likelihood	-877.4935554731637	-902.8775137793273	-25.38395830616355	-2.7336247834054945	-2.7359924659979615	-0.002367682592467002	-28.525638103485107	-3.1695153448316784	completed		128	NVIDIA GeForce RTX 3090	gpu15	34.0	0.896551724137931
HA	YPYDVPDYA	9	38|39	330	esm2_t6_8M_UR50D	fair-esm pretrained esm2_t6_8M_UR50D	ESM2 full-sequence masked pseudo-log-likelihood	-877.4935554731637	-904.5609803264961	-27.06742485333234	-2.7336247834054945	-2.7410938797772606	-0.007469096371766071	-28.661181211471558	-3.1845756901635065	completed		128	NVIDIA GeForce RTX 3090	gpu15	92.0	0.7147335423197492
HA	YPYDVPDYA	9	39|40	330	esm2_t6_8M_UR50D	fair-esm pretrained esm2_t6_8M_UR50D	ESM2 full-sequence masked pseudo-log-likelihood	-877.4935554731637	-904.1385490316898	-26.64499355852604	-2.7336247834054945	-2.7398137849445146	-0.006189001539020023	-27.683765172958374	-3.075973908106486	completed		128	NVIDIA GeForce RTX 3090	gpu15	73.0	0.7742946708463949
HA	YPYDVPDYA	9	40|41	330	esm2_t6_8M_UR50D	fair-esm pretrained esm2_t6_8M_UR50D	ESM2 full-sequence masked pseudo-log-likelihood	-877.4935554731637	-906.8241423824802	-29.33058690931648	-2.7336247834054945	-2.7479519466135764	-0.014327163208081917	-28.198606729507446	-3.1331785255008273	completed		128	NVIDIA GeForce RTX 3090	gpu15	183.0	0.42946708463949845
HA	YPYDVPDYA	9	41|42	330	esm2_t6_8M_UR50D	fair-esm pretrained esm2_t6_8M_UR50D	ESM2 full-sequence masked pseudo-log-likelihood	-877.4935554731637	-906.6064069606364	-29.112851487472653	-2.7336247834054945	-2.7472921423049588	-0.013667358899464244	-27.798556804656982	-3.0887285338507757	completed		128	NVIDIA GeForce RTX 3090	gpu15	177.0	0.4482758620689655
HA	YPYDVPDYA	9	42|43	330	esm2_t6_8M_UR50D	fair-esm pretrained esm2_t6_8M_UR50D	ESM2 full-sequence masked pseudo-log-likelihood	-877.4935554731637	-904.91031893529	-27.416763462126255	-2.7336247834054945	-2.742152481622091	-0.008527698216596491	-27.295030117034912	-3.0327811241149902	completed		128	NVIDIA GeForce RTX 3090	gpu15	104.0	0.677115987460815
HA	YPYDVPDYA	9	43|44	330	esm2_t6_8M_UR50D	fair-esm pretrained esm2_t6_8M_UR50D	ESM2 full-sequence masked pseudo-log-likelihood	-877.4935554731637	-906.2667675986886	-28.77321212552488	-2.7336247834054945	-2.7462629321172383	-0.012638148711743735	-27.655390739440918	-3.072821193271213	completed		128	NVIDIA GeForce RTX 3090	gpu15	157.0	0.5109717868338558
HA	YPYDVPDYA	9	44|45	330	esm2_t6_8M_UR50D	fair-esm pretrained esm2_t6_8M_UR50D	ESM2 full-sequence masked pseudo-log-likelihood	-877.4935554731637	-908.1942372890189	-30.700681815855205	-2.7336247834054945	-2.7521037493606633	-0.018478965955168736	-27.780195236206055	-3.0866883595784507	completed		128	NVIDIA GeForce RTX 3090	gpu15	229.0	0.28526645768025083
HA	YPYDVPDYA	9	45|46	330	esm2_t6_8M_UR50D	fair-esm pretrained esm2_t6_8M_UR50D	ESM2 full-sequence masked pseudo-log-likelihood	-877.4935554731637	-907.530873904936	-30.03731843177229	-2.7336247834054945	-2.750093557287685	-0.01646877388219048	-27.82731819152832	-3.0919242435031467	completed		128	NVIDIA GeForce RTX 3090	gpu15	207.0	0.35423197492163006
HA	YPYDVPDYA	9	46|47	330	esm2_t6_8M_UR50D	fair-esm pretrained esm2_t6_8M_UR50D	ESM2 full-sequence masked pseudo-log-likelihood	-877.4935554731637	-904.6355569874868	-27.142001514323056	-2.7336247834054945	-2.741319869659051	-0.007695086253556305	-27.448942184448242	-3.0498824649386935	completed		128	NVIDIA GeForce RTX 3090	gpu15	95.0	0.7053291536050157
HA	YPYDVPDYA	9	47|48	330	esm2_t6_8M_UR50D	fair-esm pretrained esm2_t6_8M_UR50D	ESM2 full-sequence masked pseudo-log-likelihood	-877.4935554731637	-907.5182803189382	-30.02472484577447	-2.7336247834054945	-2.7500553949058735	-0.016430611500378944	-28.4803626537323	-3.164484739303589	completed		128	NVIDIA GeForce RTX 3090	gpu15	206.0	0.3573667711598746
HA	YPYDVPDYA	9	48|49	330	esm2_t6_8M_UR50D	fair-esm pretrained esm2_t6_8M_UR50D	ESM2 full-sequence masked pseudo-log-likelihood	-877.4935554731637	-900.2634609416127	-22.769905468448997	-2.7336247834054945	-2.7280710937624626	0.005553689643031934	-27.33042812347412	-3.036714235941569	completed		128	NVIDIA GeForce RTX 3090	gpu15	7.0	0.9811912225705329
HA	YPYDVPDYA	9	49|50	330	esm2_t6_8M_UR50D	fair-esm pretrained esm2_t6_8M_UR50D	ESM2 full-sequence masked pseudo-log-likelihood	-877.4935554731637	-900.3639879254624	-22.8704324522987	-2.7336247834054945	-2.7283757209862496	0.005249062419244943	-27.4403977394104	-3.048933082156711	completed		128	NVIDIA GeForce RTX 3090	gpu15	8.0	0.9780564263322884
HA	YPYDVPDYA	9	50|51	330	esm2_t6_8M_UR50D	fair-esm pretrained esm2_t6_8M_UR50D	ESM2 full-sequence masked pseudo-log-likelihood	-877.4935554731637	-903.4624424017966	-25.968886928632855	-2.7336247834054945	-2.737764976975141	-0.004140193569646566	-27.839400053024292	-3.0932666725582547	completed		128	NVIDIA GeForce RTX 3090	gpu15	51.0	0.8432601880877743
HA	YPYDVPDYA	9	51|52	330	esm2_t6_8M_UR50D	fair-esm pretrained esm2_t6_8M_UR50D	ESM2 full-sequence masked pseudo-log-likelihood	-877.4935554731637	-902.470302936621	-24.976747463457286	-2.7336247834054945	-2.7347584937473366	-0.0011337103418420647	-27.50869059562683	-3.05652117729187	completed		128	NVIDIA GeForce RTX 3090	gpu15	23.0	0.9310344827586207
HA	YPYDVPDYA	9	52|53	330	esm2_t6_8M_UR50D	fair-esm pretrained esm2_t6_8M_UR50D	ESM2 full-sequence masked pseudo-log-likelihood	-877.4935554731637	-902.6983856288716	-25.204830155707896	-2.7336247834054945	-2.7354496534208232	-0.0018248700153287167	-26.874812364578247	-2.9860902627309165	completed		128	NVIDIA GeForce RTX 3090	gpu15	29.0	0.9122257053291536
HA	YPYDVPDYA	9	53|54	330	esm2_t6_8M_UR50D	fair-esm pretrained esm2_t6_8M_UR50D	ESM2 full-sequence masked pseudo-log-likelihood	-877.4935554731637	-902.9029089845717	-25.40935351140797	-2.7336247834054945	-2.736069421165369	-0.0024446377598743574	-26.430654287338257	-2.936739365259806	completed		128	NVIDIA GeForce RTX 3090	gpu15	36.0	0.890282131661442
HA	YPYDVPDYA	9	54|55	330	esm2_t6_8M_UR50D	fair-esm pretrained esm2_t6_8M_UR50D	ESM2 full-sequence masked pseudo-log-likelihood	-877.4935554731637	-905.4184929542243	-27.924937481060624	-2.7336247834054945	-2.7436924028915888	-0.010067619486094248	-27.969995975494385	-3.107777330610487	completed		128	NVIDIA GeForce RTX 3090	gpu15	129.0	0.5987460815047022
HA	YPYDVPDYA	9	55|56	330	esm2_t6_8M_UR50D	fair-esm pretrained esm2_t6_8M_UR50D	ESM2 full-sequence masked pseudo-log-likelihood	-877.4935554731637	-908.0382709745318	-30.544715501368046	-2.7336247834054945	-2.7516311241652476	-0.018006340759753048	-27.623172760009766	-3.069241417778863	completed		128	NVIDIA GeForce RTX 3090	gpu15	226.0	0.2946708463949843
HA	YPYDVPDYA	9	56|57	330	esm2_t6_8M_UR50D	fair-esm pretrained esm2_t6_8M_UR50D	ESM2 full-sequence masked pseudo-log-likelihood	-877.4935554731637	-906.092391888611	-28.598836415447295	-2.7336247834054945	-2.7457345208745787	-0.01210973746908417	-27.152447938919067	-3.016938659879896	completed		128	NVIDIA GeForce RTX 3090	gpu15	151.0	0.5297805642633229
HA	YPYDVPDYA	9	57|58	330	esm2_t6_8M_UR50D	fair-esm pretrained esm2_t6_8M_UR50D	ESM2 full-sequence masked pseudo-log-likelihood	-877.4935554731637	-908.718907869421	-31.22535239625722	-2.7336247834054945	-2.7536936602103665	-0.020068876804872016	-27.20599937438965	-3.0228888193766275	completed		128	NVIDIA GeForce RTX 3090	gpu15	245.0	0.23510971786833856
HA	YPYDVPDYA	9	58|59	330	esm2_t6_8M_UR50D	fair-esm pretrained esm2_t6_8M_UR50D	ESM2 full-sequence masked pseudo-log-likelihood	-877.4935554731637	-907.1342949885875	-29.640739515423775	-2.7336247834054945	-2.7488918029957197	-0.01526701959022514	-27.33785343170166	-3.0375392701890735	completed		128	NVIDIA GeForce RTX 3090	gpu15	195.0	0.3918495297805643
HA	YPYDVPDYA	9	59|60	330	esm2_t6_8M_UR50D	fair-esm pretrained esm2_t6_8M_UR50D	ESM2 full-sequence masked pseudo-log-likelihood	-877.4935554731637	-907.8589503206313	-30.36539484746754	-2.7336247834054945	-2.7510877282443373	-0.01746294483884281	-27.411690950393677	-3.0457434389326306	completed		128	NVIDIA GeForce RTX 3090	gpu15	221.0	0.31034482758620685
HA	YPYDVPDYA	9	60|61	330	esm2_t6_8M_UR50D	fair-esm pretrained esm2_t6_8M_UR50D	ESM2 full-sequence masked pseudo-log-likelihood	-877.4935554731637	-909.9208090603352	-32.427253587171435	-2.7336247834054945	-2.7573357850313185	-0.023711001625823958	-27.24209475517273	-3.0268994172414145	completed		128	NVIDIA GeForce RTX 3090	gpu15	268.0	0.1630094043887147
HA	YPYDVPDYA	9	61|62	330	esm2_t6_8M_UR50D	fair-esm pretrained esm2_t6_8M_UR50D	ESM2 full-sequence masked pseudo-log-likelihood	-877.4935554731637	-908.501477832906	-31.007922359742224	-2.7336247834054945	-2.753034781311836	-0.01940999790634157	-27.944003343582153	-3.104889260398017	completed		128	NVIDIA GeForce RTX 3090	gpu15	237.0	0.2601880877742947
HA	YPYDVPDYA	9	62|63	330	esm2_t6_8M_UR50D	fair-esm pretrained esm2_t6_8M_UR50D	ESM2 full-sequence masked pseudo-log-likelihood	-877.4935554731637	-906.5552769592032	-29.06172148603946	-2.7336247834054945	-2.7471372029066763	-0.01351241950118176	-26.986608028411865	-2.9985120031568737	completed		128	NVIDIA GeForce RTX 3090	gpu15	174.0	0.457680250783699
HA	YPYDVPDYA	9	63|64	330	esm2_t6_8M_UR50D	fair-esm pretrained esm2_t6_8M_UR50D	ESM2 full-sequence masked pseudo-log-likelihood	-877.4935554731637	-906.6414866354316	-29.147931162267923	-2.7336247834054945	-2.747398444349793	-0.013773660944298438	-27.63906240463257	-3.071006933848063	completed		128	NVIDIA GeForce RTX 3090	gpu15	178.0	0.445141065830721
HA	YPYDVPDYA	9	64|65	330	esm2_t6_8M_UR50D	fair-esm pretrained esm2_t6_8M_UR50D	ESM2 full-sequence masked pseudo-log-likelihood	-877.4935554731637	-908.26333623752	-30.769780764356256	-2.7336247834054945	-2.752313140113697	-0.01868835670820257	-27.306387662887573	-3.034043073654175	completed		128	NVIDIA GeForce RTX 3090	gpu15	234.0	0.2695924764890282
HA	YPYDVPDYA	9	65|66	330	esm2_t6_8M_UR50D	fair-esm pretrained esm2_t6_8M_UR50D	ESM2 full-sequence masked pseudo-log-likelihood	-877.4935554731637	-906.3154649343342	-28.821909461170435	-2.7336247834054945	-2.7464104998010126	-0.012785716395518065	-27.080227851867676	-3.008914205763075	completed		128	NVIDIA GeForce RTX 3090	gpu15	162.0	0.49529780564263326
HA	YPYDVPDYA	9	66|67	330	esm2_t6_8M_UR50D	fair-esm pretrained esm2_t6_8M_UR50D	ESM2 full-sequence masked pseudo-log-likelihood	-877.4935554731637	-908.2130245780572	-30.719469104893506	-2.7336247834054945	-2.7521606805395673	-0.018535897134072776	-27.35985016822815	-3.03998335202535	completed		128	NVIDIA GeForce RTX 3090	gpu15	230.0	0.2821316614420063
HA	YPYDVPDYA	9	67|68	330	esm2_t6_8M_UR50D	fair-esm pretrained esm2_t6_8M_UR50D	ESM2 full-sequence masked pseudo-log-likelihood	-877.4935554731637	-907.2000575819984	-29.706502108834684	-2.7336247834054945	-2.7490910835818134	-0.015466300176318892	-26.511510610580444	-2.945723401175605	completed		128	NVIDIA GeForce RTX 3090	gpu15	197.0	0.38557993730407525
HA	YPYDVPDYA	9	68|69	330	esm2_t6_8M_UR50D	fair-esm pretrained esm2_t6_8M_UR50D	ESM2 full-sequence masked pseudo-log-likelihood	-877.4935554731637	-909.6460339548066	-32.1524784816429	-2.7336247834054945	-2.7565031331963836	-0.022878349790889096	-26.968704223632812	-2.996522691514757	completed		128	NVIDIA GeForce RTX 3090	gpu15	265.0	0.1724137931034483
HA	YPYDVPDYA	9	69|70	330	esm2_t6_8M_UR50D	fair-esm pretrained esm2_t6_8M_UR50D	ESM2 full-sequence masked pseudo-log-likelihood	-877.4935554731637	-910.7991784587502	-33.305622985586524	-2.7336247834054945	-2.7599975104810612	-0.026372727075566704	-27.055119276046753	-3.0061243640051947	completed		128	NVIDIA GeForce RTX 3090	gpu15	280.0	0.12539184952978055
HA	YPYDVPDYA	9	70|71	330	esm2_t6_8M_UR50D	fair-esm pretrained esm2_t6_8M_UR50D	ESM2 full-sequence masked pseudo-log-likelihood	-877.4935554731637	-907.800532201305	-30.306976728141308	-2.7336247834054945	-2.750910703640318	-0.01728592023482367	-27.526395559310913	-3.0584883954789905	completed		128	NVIDIA GeForce RTX 3090	gpu15	218.0	0.31974921630094044
HA	YPYDVPDYA	9	71|72	330	esm2_t6_8M_UR50D	fair-esm pretrained esm2_t6_8M_UR50D	ESM2 full-sequence masked pseudo-log-likelihood	-877.4935554731637	-909.2234360743314	-31.72988060116768	-2.7336247834054945	-2.75522253355858	-0.021597750153085293	-26.711387872695923	-2.9679319858551025	completed		128	NVIDIA GeForce RTX 3090	gpu15	258.0	0.1943573667711599
HA	YPYDVPDYA	9	72|73	330	esm2_t6_8M_UR50D	fair-esm pretrained esm2_t6_8M_UR50D	ESM2 full-sequence masked pseudo-log-likelihood	-877.4935554731637	-913.5938303964213	-36.10027492325753	-2.7336247834054945	-2.768466152716428	-0.03484136931093351	-27.301496505737305	-3.0334996117485895	completed		128	NVIDIA GeForce RTX 3090	gpu15	297.0	0.07210031347962387
HA	YPYDVPDYA	9	73|74	330	esm2_t6_8M_UR50D	fair-esm pretrained esm2_t6_8M_UR50D	ESM2 full-sequence masked pseudo-log-likelihood	-877.4935554731637	-908.865711719729	-31.372156246565282	-2.7336247834054945	-2.7541385203628153	-0.020513736957320727	-26.94364285469055	-2.9937380949656167	completed		128	NVIDIA GeForce RTX 3090	gpu15	249.0	0.22257053291536055
HA	YPYDVPDYA	9	74|75	330	esm2_t6_8M_UR50D	fair-esm pretrained esm2_t6_8M_UR50D	ESM2 full-sequence masked pseudo-log-likelihood	-877.4935554731637	-907.0997338881716	-29.60617841500789	-2.7336247834054945	-2.748787072388399	-0.015162288982904393	-26.758589506149292	-2.973176611794366	completed		128	NVIDIA GeForce RTX 3090	gpu15	193.0	0.39811912225705326
HA	YPYDVPDYA	9	75|76	330	esm2_t6_8M_UR50D	fair-esm pretrained esm2_t6_8M_UR50D	ESM2 full-sequence masked pseudo-log-likelihood	-877.4935554731637	-907.518227815628	-30.024672342464328	-2.7336247834054945	-2.7500552358049335	-0.016430452399438966	-26.706089973449707	-2.967343330383301	completed		128	NVIDIA GeForce RTX 3090	gpu15	205.0	0.3605015673981191
HA	YPYDVPDYA	9	76|77	330	esm2_t6_8M_UR50D	fair-esm pretrained esm2_t6_8M_UR50D	ESM2 full-sequence masked pseudo-log-likelihood	-877.4935554731637	-905.005930647254	-27.512375174090266	-2.7336247834054945	-2.7424422140825877	-0.008817430677093174	-26.96225357055664	-2.995805952284071	completed		128	NVIDIA GeForce RTX 3090	gpu15	110.0	0.658307210031348
HA	YPYDVPDYA	9	77|78	330	esm2_t6_8M_UR50D	fair-esm pretrained esm2_t6_8M_UR50D	ESM2 full-sequence masked pseudo-log-likelihood	-877.4935554731637	-906.8096623010933	-29.316106827929616	-2.7336247834054945	-2.7479080675790706	-0.01428328417357605	-26.636610746383667	-2.959623416264852	completed		128	NVIDIA GeForce RTX 3090	gpu15	182.0	0.432601880877743
HA	YPYDVPDYA	9	78|79	330	esm2_t6_8M_UR50D	fair-esm pretrained esm2_t6_8M_UR50D	ESM2 full-sequence masked pseudo-log-likelihood	-877.4935554731637	-906.2976420018822	-28.80408652871847	-2.7336247834054945	-2.7463564909147946	-0.012731707509300083	-25.838464498519897	-2.870940499835544	completed		128	NVIDIA GeForce RTX 3090	gpu15	160.0	0.5015673981191222
HA	YPYDVPDYA	9	79|80	330	esm2_t6_8M_UR50D	fair-esm pretrained esm2_t6_8M_UR50D	ESM2 full-sequence masked pseudo-log-likelihood	-877.4935554731637	-908.8776182942092	-31.384062821045518	-2.7336247834054945	-2.754174600891543	-0.02054981748604856	-27.17411756515503	-3.0193463961283364	completed		128	NVIDIA GeForce RTX 3090	gpu15	250.0	0.21943573667711602
HA	YPYDVPDYA	9	80|81	330	esm2_t6_8M_UR50D	fair-esm pretrained esm2_t6_8M_UR50D	ESM2 full-sequence masked pseudo-log-likelihood	-877.4935554731637	-907.5833389768377	-30.08978350367397	-2.7336247834054945	-2.750252542354054	-0.01662775894855928	-26.582520008087158	-2.9536133342319064	completed		128	NVIDIA GeForce RTX 3090	gpu15	208.0	0.3510971786833855
HA	YPYDVPDYA	9	81|82	330	esm2_t6_8M_UR50D	fair-esm pretrained esm2_t6_8M_UR50D	ESM2 full-sequence masked pseudo-log-likelihood	-877.4935554731637	-907.4567873636261	-29.96323189046234	-2.7336247834054945	-2.749869052617049	-0.016244269211554307	-26.565449953079224	-2.951716661453247	completed		128	NVIDIA GeForce RTX 3090	gpu15	203.0	0.3667711598746082
HA	YPYDVPDYA	9	82|83	330	esm2_t6_8M_UR50D	fair-esm pretrained esm2_t6_8M_UR50D	ESM2 full-sequence masked pseudo-log-likelihood	-877.4935554731637	-908.7071693185717	-31.213613845407963	-2.7336247834054945	-2.7536580888441566	-0.020033305438662108	-26.912487030029297	-2.990276336669922	completed		128	NVIDIA GeForce RTX 3090	gpu15	243.0	0.24137931034482762
HA	YPYDVPDYA	9	83|84	330	esm2_t6_8M_UR50D	fair-esm pretrained esm2_t6_8M_UR50D	ESM2 full-sequence masked pseudo-log-likelihood	-877.4935554731637	-905.2631358783692	-27.769580405205488	-2.7336247834054945	-2.743221623873846	-0.00959684046835152	-26.08930802345276	-2.898812002605862	completed		128	NVIDIA GeForce RTX 3090	gpu15	121.0	0.6238244514106583
HA	YPYDVPDYA	9	84|85	330	esm2_t6_8M_UR50D	fair-esm pretrained esm2_t6_8M_UR50D	ESM2 full-sequence masked pseudo-log-likelihood	-877.4935554731637	-906.3465863177553	-28.853030844591558	-2.7336247834054945	-2.7465048070235007	-0.01288002361800622	-27.67077374458313	-3.074530416064792	completed		128	NVIDIA GeForce RTX 3090	gpu15	166.0	0.48275862068965514
HA	YPYDVPDYA	9	85|86	330	esm2_t6_8M_UR50D	fair-esm pretrained esm2_t6_8M_UR50D	ESM2 full-sequence masked pseudo-log-likelihood	-877.4935554731637	-904.027140759863	-26.533585286699235	-2.7336247834054945	-2.7394761841207966	-0.005851400715302102	-25.934287309646606	-2.8815874788496227	completed		128	NVIDIA GeForce RTX 3090	gpu15	67.0	0.7931034482758621
HA	YPYDVPDYA	9	86|87	330	esm2_t6_8M_UR50D	fair-esm pretrained esm2_t6_8M_UR50D	ESM2 full-sequence masked pseudo-log-likelihood	-877.4935554731637	-905.1642861310393	-27.670730657875538	-2.7336247834054945	-2.7429220791849676	-0.009297295779473025	-26.735060691833496	-2.970562299092611	completed		128	NVIDIA GeForce RTX 3090	gpu15	117.0	0.6363636363636364
HA	YPYDVPDYA	9	87|88	330	esm2_t6_8M_UR50D	fair-esm pretrained esm2_t6_8M_UR50D	ESM2 full-sequence masked pseudo-log-likelihood	-877.4935554731637	-905.7211568215862	-28.227601348422468	-2.7336247834054945	-2.7446095661260186	-0.010984782720524056	-26.77114772796631	-2.9745719697740345	completed		128	NVIDIA GeForce RTX 3090	gpu15	137.0	0.5736677115987461
HA	YPYDVPDYA	9	88|89	330	esm2_t6_8M_UR50D	fair-esm pretrained esm2_t6_8M_UR50D	ESM2 full-sequence masked pseudo-log-likelihood	-877.4935554731637	-904.596199458465	-27.102643985301256	-2.7336247834054945	-2.741200604419591	-0.007575821014096373	-25.74889612197876	-2.86098845799764	completed		128	NVIDIA GeForce RTX 3090	gpu15	94.0	0.7084639498432601
HA	YPYDVPDYA	9	89|90	330	esm2_t6_8M_UR50D	fair-esm pretrained esm2_t6_8M_UR50D	ESM2 full-sequence masked pseudo-log-likelihood	-877.4935554731637	-905.5293892268091	-28.03583375364542	-2.7336247834054945	-2.744028452202452	-0.010403668796957533	-26.999268054962158	-2.999918672773573	completed		128	NVIDIA GeForce RTX 3090	gpu15	133.0	0.5862068965517242
HA	YPYDVPDYA	9	90|91	330	esm2_t6_8M_UR50D	fair-esm pretrained esm2_t6_8M_UR50D	ESM2 full-sequence masked pseudo-log-likelihood	-877.4935554731637	-907.6717289714143	-30.178173498250544	-2.7336247834054945	-2.7505203908224676	-0.016895607416973046	-26.974208116531372	-2.9971342351701526	completed		128	NVIDIA GeForce RTX 3090	gpu15	212.0	0.3385579937304075
HA	YPYDVPDYA	9	91|92	330	esm2_t6_8M_UR50D	fair-esm pretrained esm2_t6_8M_UR50D	ESM2 full-sequence masked pseudo-log-likelihood	-877.4935554731637	-906.0723100826144	-28.578754609450698	-2.7336247834054945	-2.745673666917013	-0.012048883511518671	-27.317063093185425	-3.0352292325761585	completed		128	NVIDIA GeForce RTX 3090	gpu15	149.0	0.5360501567398119
HA	YPYDVPDYA	9	92|93	330	esm2_t6_8M_UR50D	fair-esm pretrained esm2_t6_8M_UR50D	ESM2 full-sequence masked pseudo-log-likelihood	-877.4935554731637	-905.4606993570924	-27.967143883928657	-2.7336247834054945	-2.7438203010820983	-0.01019551767660376	-26.01546621322632	-2.8906073570251465	completed		128	NVIDIA GeForce RTX 3090	gpu15	131.0	0.5924764890282131
HA	YPYDVPDYA	9	93|94	330	esm2_t6_8M_UR50D	fair-esm pretrained esm2_t6_8M_UR50D	ESM2 full-sequence masked pseudo-log-likelihood	-877.4935554731637	-906.0513261798769	-28.5577707067132	-2.7336247834054945	-2.7456100793329603	-0.011985295927465778	-26.902616262435913	-2.9891795847151013	completed		128	NVIDIA GeForce RTX 3090	gpu15	148.0	0.5391849529780564
HA	YPYDVPDYA	9	94|95	330	esm2_t6_8M_UR50D	fair-esm pretrained esm2_t6_8M_UR50D	ESM2 full-sequence masked pseudo-log-likelihood	-877.4935554731637	-907.2520676339045	-29.758512160740793	-2.7336247834054945	-2.749248689799711	-0.015623906394216291	-27.458425402641296	-3.050936155849033	completed		128	NVIDIA GeForce RTX 3090	gpu15	199.0	0.3793103448275862
HA	YPYDVPDYA	9	95|96	330	esm2_t6_8M_UR50D	fair-esm pretrained esm2_t6_8M_UR50D	ESM2 full-sequence masked pseudo-log-likelihood	-877.4935554731637	-905.9130292786285	-28.419473805464804	-2.7336247834054945	-2.7451909978140256	-0.011566214408531117	-26.27557373046875	-2.9195081922743054	completed		128	NVIDIA GeForce RTX 3090	gpu15	143.0	0.554858934169279
HA	YPYDVPDYA	9	96|97	330	esm2_t6_8M_UR50D	fair-esm pretrained esm2_t6_8M_UR50D	ESM2 full-sequence masked pseudo-log-likelihood	-877.4935554731637	-906.6938686911017	-29.200313217937946	-2.7336247834054945	-2.747557177851823	-0.013932394446328544	-26.511950731277466	-2.945772303475274	completed		128	NVIDIA GeForce RTX 3090	gpu15	179.0	0.44200626959247646
HA	YPYDVPDYA	9	97|98	330	esm2_t6_8M_UR50D	fair-esm pretrained esm2_t6_8M_UR50D	ESM2 full-sequence masked pseudo-log-likelihood	-877.4935554731637	-908.7150744488463	-31.221518975682557	-2.7336247834054945	-2.7536820437843827	-0.02005726037888822	-29.4538357257843	-3.2726484139760337	completed		128	NVIDIA GeForce RTX 3090	gpu15	244.0	0.2382445141065831
HA	YPYDVPDYA	9	98|99	330	esm2_t6_8M_UR50D	fair-esm pretrained esm2_t6_8M_UR50D	ESM2 full-sequence masked pseudo-log-likelihood	-877.4935554731637	-905.4762522149831	-27.98269674181938	-2.7336247834054945	-2.743867430954494	-0.010242647548999617	-25.935888290405273	-2.881765365600586	completed		128	NVIDIA GeForce RTX 3090	gpu15	132.0	0.5893416927899686
HA	YPYDVPDYA	9	99|100	330	esm2_t6_8M_UR50D	fair-esm pretrained esm2_t6_8M_UR50D	ESM2 full-sequence masked pseudo-log-likelihood	-877.4935554731637	-908.2222577901557	-30.728702316991985	-2.7336247834054945	-2.7521886599701686	-0.018563876564674064	-27.089611530303955	-3.0099568367004395	completed		128	NVIDIA GeForce RTX 3090	gpu15	232.0	0.27586206896551724
HA	YPYDVPDYA	9	100|101	330	esm2_t6_8M_UR50D	fair-esm pretrained esm2_t6_8M_UR50D	ESM2 full-sequence masked pseudo-log-likelihood	-877.4935554731637	-914.7710188552737	-37.27746338211	-2.7336247834054945	-2.7720333904705265	-0.03840860706503202	-29.593846559524536	-3.288205173280504	completed		128	NVIDIA GeForce RTX 3090	gpu15	305.0	0.047021943573667735
HA	YPYDVPDYA	9	101|102	330	esm2_t6_8M_UR50D	fair-esm pretrained esm2_t6_8M_UR50D	ESM2 full-sequence masked pseudo-log-likelihood	-877.4935554731637	-911.0448098843917	-33.551254411228	-2.7336247834054945	-2.7607418481345203	-0.027117064729025753	-29.319681882858276	-3.2577424314286976	completed		128	NVIDIA GeForce RTX 3090	gpu15	284.0	0.11285266457680254
HA	YPYDVPDYA	9	102|103	330	esm2_t6_8M_UR50D	fair-esm pretrained esm2_t6_8M_UR50D	ESM2 full-sequence masked pseudo-log-likelihood	-877.4935554731637	-908.4280986208469	-30.934543147683144	-2.7336247834054945	-2.7528124200631723	-0.019187636657677754	-28.5190691947937	-3.168785466088189	completed		128	NVIDIA GeForce RTX 3090	gpu15	235.0	0.26645768025078365
HA	YPYDVPDYA	9	103|104	330	esm2_t6_8M_UR50D	fair-esm pretrained esm2_t6_8M_UR50D	ESM2 full-sequence masked pseudo-log-likelihood	-877.4935554731637	-911.3089030263945	-33.81534755323082	-2.7336247834054945	-2.7615421303830137	-0.02791734697751913	-28.953179836273193	-3.2170199818081326	completed		128	NVIDIA GeForce RTX 3090	gpu15	285.0	0.10971786833855801
HA	YPYDVPDYA	9	104|105	330	esm2_t6_8M_UR50D	fair-esm pretrained esm2_t6_8M_UR50D	ESM2 full-sequence masked pseudo-log-likelihood	-877.4935554731637	-912.0271078180522	-34.53355234488845	-2.7336247834054945	-2.763718508539552	-0.030093725134057614	-31.974223852157593	-3.5526915391286216	completed		128	NVIDIA GeForce RTX 3090	gpu15	292.0	0.08777429467084641
HA	YPYDVPDYA	9	105|106	330	esm2_t6_8M_UR50D	fair-esm pretrained esm2_t6_8M_UR50D	ESM2 full-sequence masked pseudo-log-likelihood	-877.4935554731637	-909.3716314416379	-31.87807596847415	-2.7336247834054945	-2.755671610429206	-0.022046827023711302	-29.61867332458496	-3.2909637027316623	completed		128	NVIDIA GeForce RTX 3090	gpu15	262.0	0.18181818181818177
HA	YPYDVPDYA	9	106|107	330	esm2_t6_8M_UR50D	fair-esm pretrained esm2_t6_8M_UR50D	ESM2 full-sequence masked pseudo-log-likelihood	-877.4935554731637	-908.4832583079115	-30.98970283474773	-2.7336247834054945	-2.7529795706300346	-0.019354787224540093	-29.30737018585205	-3.256374465094672	completed		128	NVIDIA GeForce RTX 3090	gpu15	236.0	0.2633228840125392
HA	YPYDVPDYA	9	107|108	330	esm2_t6_8M_UR50D	fair-esm pretrained esm2_t6_8M_UR50D	ESM2 full-sequence masked pseudo-log-likelihood	-877.4935554731637	-909.9220136050135	-32.428458131849766	-2.7336247834054945	-2.7573394351667075	-0.023714651761213013	-31.059643507003784	-3.4510715007781982	completed		128	NVIDIA GeForce RTX 3090	gpu15	269.0	0.15987460815047017
HA	YPYDVPDYA	9	108|109	330	esm2_t6_8M_UR50D	fair-esm pretrained esm2_t6_8M_UR50D	ESM2 full-sequence masked pseudo-log-likelihood	-877.4935554731637	-912.288050188683	-34.79449471551925	-2.7336247834054945	-2.764509242996009	-0.030884459590514446	-32.01325845718384	-3.557028717464871	completed		128	NVIDIA GeForce RTX 3090	gpu15	293.0	0.08463949843260188
HA	YPYDVPDYA	9	109|110	330	esm2_t6_8M_UR50D	fair-esm pretrained esm2_t6_8M_UR50D	ESM2 full-sequence masked pseudo-log-likelihood	-877.4935554731637	-909.1458010943606	-31.652245621196926	-2.7336247834054945	-2.7549872760435172	-0.0213624926380227	-30.92595672607422	-3.4362174140082464	completed		128	NVIDIA GeForce RTX 3090	gpu15	257.0	0.19749216300940442
HA	YPYDVPDYA	9	110|111	330	esm2_t6_8M_UR50D	fair-esm pretrained esm2_t6_8M_UR50D	ESM2 full-sequence masked pseudo-log-likelihood	-877.4935554731637	-907.8322074031457	-30.338651929982007	-2.7336247834054945	-2.7510066891004414	-0.01738190569494691	-31.176045417785645	-3.464005046420627	completed		128	NVIDIA GeForce RTX 3090	gpu15	220.0	0.3134796238244514
HA	YPYDVPDYA	9	111|112	330	esm2_t6_8M_UR50D	fair-esm pretrained esm2_t6_8M_UR50D	ESM2 full-sequence masked pseudo-log-likelihood	-877.4935554731637	-904.6647881045938	-27.17123263143003	-2.7336247834054945	-2.741408448801799	-0.007783665396304595	-28.26890206336975	-3.1409891181521945	completed		128	NVIDIA GeForce RTX 3090	gpu15	97.0	0.6990595611285266
HA	YPYDVPDYA	9	112|113	330	esm2_t6_8M_UR50D	fair-esm pretrained esm2_t6_8M_UR50D	ESM2 full-sequence masked pseudo-log-likelihood	-877.4935554731637	-905.3950326507911	-27.901477177627385	-2.7336247834054945	-2.7436213110630034	-0.009996527657508913	-27.99991011619568	-3.111101124021742	completed		128	NVIDIA GeForce RTX 3090	gpu15	128.0	0.6018808777429467
HA	YPYDVPDYA	9	113|114	330	esm2_t6_8M_UR50D	fair-esm pretrained esm2_t6_8M_UR50D	ESM2 full-sequence masked pseudo-log-likelihood	-877.4935554731637	-904.9948258753866	-27.501270402222872	-2.7336247834054945	-2.7424085632587474	-0.008783779853252849	-27.892243146896362	-3.099138127432929	completed		128	NVIDIA GeForce RTX 3090	gpu15	109.0	0.6614420062695925
HA	YPYDVPDYA	9	114|115	330	esm2_t6_8M_UR50D	fair-esm pretrained esm2_t6_8M_UR50D	ESM2 full-sequence masked pseudo-log-likelihood	-877.4935554731637	-904.69498987915	-27.20143440598622	-2.7336247834054945	-2.7414999693307576	-0.00787518592526304	-26.487966537475586	-2.943107393052843	completed		128	NVIDIA GeForce RTX 3090	gpu15	99.0	0.6927899686520376
HA	YPYDVPDYA	9	115|116	330	esm2_t6_8M_UR50D	fair-esm pretrained esm2_t6_8M_UR50D	ESM2 full-sequence masked pseudo-log-likelihood	-877.4935554731637	-905.8209210992791	-28.327365626115352	-2.7336247834054945	-2.7449118821190277	-0.011287098713533172	-26.12300968170166	-2.9025566313001843	completed		128	NVIDIA GeForce RTX 3090	gpu15	141.0	0.561128526645768
HA	YPYDVPDYA	9	116|117	330	esm2_t6_8M_UR50D	fair-esm pretrained esm2_t6_8M_UR50D	ESM2 full-sequence masked pseudo-log-likelihood	-877.4935554731637	-905.3248380022123	-27.83128252904862	-2.7336247834054945	-2.743408600006704	-0.009783816601209416	-26.153687000274658	-2.90596522225274	completed		128	NVIDIA GeForce RTX 3090	gpu15	123.0	0.6175548589341693
HA	YPYDVPDYA	9	117|118	330	esm2_t6_8M_UR50D	fair-esm pretrained esm2_t6_8M_UR50D	ESM2 full-sequence masked pseudo-log-likelihood	-877.4935554731637	-907.7884706743062	-30.29491520114243	-2.7336247834054945	-2.7508741535585033	-0.01724937015300876	-26.12272024154663	-2.902524471282959	completed		128	NVIDIA GeForce RTX 3090	gpu15	216.0	0.3260188087774295
HA	YPYDVPDYA	9	118|119	330	esm2_t6_8M_UR50D	fair-esm pretrained esm2_t6_8M_UR50D	ESM2 full-sequence masked pseudo-log-likelihood	-877.4935554731637	-907.0605990793556	-29.567043606191874	-2.7336247834054945	-2.7486684820586533	-0.015043698653158799	-26.50581645965576	-2.945090717739529	completed		128	NVIDIA GeForce RTX 3090	gpu15	191.0	0.4043887147335423
HA	YPYDVPDYA	9	119|120	330	esm2_t6_8M_UR50D	fair-esm pretrained esm2_t6_8M_UR50D	ESM2 full-sequence masked pseudo-log-likelihood	-877.4935554731637	-906.9858702756464	-29.492314802482724	-2.7336247834054945	-2.7484420311383224	-0.014817247732827887	-24.966715097427368	-2.7740794552697077	completed		128	NVIDIA GeForce RTX 3090	gpu15	188.0	0.4137931034482759
HA	YPYDVPDYA	9	120|121	330	esm2_t6_8M_UR50D	fair-esm pretrained esm2_t6_8M_UR50D	ESM2 full-sequence masked pseudo-log-likelihood	-877.4935554731637	-910.8642708486877	-33.370715375524014	-2.7336247834054945	-2.7601947601475385	-0.026569976742043977	-27.765523433685303	-3.085058159298367	completed		128	NVIDIA GeForce RTX 3090	gpu15	281.0	0.12225705329153602
HA	YPYDVPDYA	9	121|122	330	esm2_t6_8M_UR50D	fair-esm pretrained esm2_t6_8M_UR50D	ESM2 full-sequence masked pseudo-log-likelihood	-877.4935554731637	-914.618152668234	-37.12459719507024	-2.7336247834054945	-2.771570159600709	-0.03794537619521465	-30.842331409454346	-3.426925712161594	completed		128	NVIDIA GeForce RTX 3090	gpu15	303.0	0.053291536050156685
HA	YPYDVPDYA	9	122|123	330	esm2_t6_8M_UR50D	fair-esm pretrained esm2_t6_8M_UR50D	ESM2 full-sequence masked pseudo-log-likelihood	-877.4935554731637	-916.258673033677	-38.76511756051332	-2.7336247834054945	-2.776541433435385	-0.04291665002989031	-32.17586064338684	-3.575095627042982	completed		128	NVIDIA GeForce RTX 3090	gpu15	308.0	0.037617554858934144
HA	YPYDVPDYA	9	123|124	330	esm2_t6_8M_UR50D	fair-esm pretrained esm2_t6_8M_UR50D	ESM2 full-sequence masked pseudo-log-likelihood	-877.4935554731637	-919.2814585492015	-41.787903076037765	-2.7336247834054945	-2.7857013895430347	-0.05207660613754017	-32.98399746417999	-3.66488860713111	completed		128	NVIDIA GeForce RTX 3090	gpu15	313.0	0.021943573667711602
HA	YPYDVPDYA	9	124|125	330	esm2_t6_8M_UR50D	fair-esm pretrained esm2_t6_8M_UR50D	ESM2 full-sequence masked pseudo-log-likelihood	-877.4935554731637	-920.4308331124485	-42.93727763928473	-2.7336247834054945	-2.789184342764995	-0.05555955935950063	-34.1928231716156	-3.7992025746239557	completed		128	NVIDIA GeForce RTX 3090	gpu15	314.0	0.018808777429467072
HA	YPYDVPDYA	9	125|126	330	esm2_t6_8M_UR50D	fair-esm pretrained esm2_t6_8M_UR50D	ESM2 full-sequence masked pseudo-log-likelihood	-877.4935554731637	-922.2123743593693	-44.718818886205554	-2.7336247834054945	-2.7945829526041495	-0.06095816919865493	-34.37335205078125	-3.8192613389756946	completed		128	NVIDIA GeForce RTX 3090	gpu15	316.0	0.01253918495297801
HA	YPYDVPDYA	9	126|127	330	esm2_t6_8M_UR50D	fair-esm pretrained esm2_t6_8M_UR50D	ESM2 full-sequence masked pseudo-log-likelihood	-877.4935554731637	-921.8170259296894	-44.32347045652568	-2.7336247834054945	-2.7933849270596647	-0.05976014365417015	-33.68987965583801	-3.743319961759779	completed		128	NVIDIA GeForce RTX 3090	gpu15	315.0	0.01567398119122254
HA	YPYDVPDYA	9	127|128	330	esm2_t6_8M_UR50D	fair-esm pretrained esm2_t6_8M_UR50D	ESM2 full-sequence masked pseudo-log-likelihood	-877.4935554731637	-917.9219953417778	-40.42843986861408	-2.7336247834054945	-2.7815818040659934	-0.047957020660498895	-27.467050552368164	-3.051894505818685	completed		128	NVIDIA GeForce RTX 3090	gpu15	311.0	0.028213166144200663
HA	YPYDVPDYA	9	128|129	330	esm2_t6_8M_UR50D	fair-esm pretrained esm2_t6_8M_UR50D	ESM2 full-sequence masked pseudo-log-likelihood	-877.4935554731637	-923.0414518117905	-45.54789633862674	-2.7336247834054945	-2.797095308520577	-0.06347052511508267	-31.325477361679077	-3.48060859574212	completed		128	NVIDIA GeForce RTX 3090	gpu15	317.0	0.009404388714733591
HA	YPYDVPDYA	9	129|130	330	esm2_t6_8M_UR50D	fair-esm pretrained esm2_t6_8M_UR50D	ESM2 full-sequence masked pseudo-log-likelihood	-877.4935554731637	-926.7632423639297	-49.269686890766025	-2.7336247834054945	-2.808373461708878	-0.07474867830338328	-33.099958419799805	-3.6777731577555337	completed		128	NVIDIA GeForce RTX 3090	gpu15	320.0	0.0
HA	YPYDVPDYA	9	130|131	330	esm2_t6_8M_UR50D	fair-esm pretrained esm2_t6_8M_UR50D	ESM2 full-sequence masked pseudo-log-likelihood	-877.4935554731637	-925.2408613115549	-47.747305838391185	-2.7336247834054945	-2.8037601857925907	-0.07013540238709615	-39.367032289505005	-4.374114698833889	completed		128	NVIDIA GeForce RTX 3090	gpu15	318.0	0.006269592476489061
HA	YPYDVPDYA	9	131|132	330	esm2_t6_8M_UR50D	fair-esm pretrained esm2_t6_8M_UR50D	ESM2 full-sequence masked pseudo-log-likelihood	-877.4935554731637	-919.0520527046174	-41.55849723145366	-2.7336247834054945	-2.7850062203170225	-0.05138143691152797	-36.87350916862488	-4.097056574291653	completed		128	NVIDIA GeForce RTX 3090	gpu15	312.0	0.025078369905956133
HA	YPYDVPDYA	9	132|133	330	esm2_t6_8M_UR50D	fair-esm pretrained esm2_t6_8M_UR50D	ESM2 full-sequence masked pseudo-log-likelihood	-877.4935554731637	-914.1894701812416	-36.69591470807791	-2.7336247834054945	-2.7702711217613385	-0.036646338355843966	-33.4242262840271	-3.7138029204474554	completed		128	NVIDIA GeForce RTX 3090	gpu15	300.0	0.06269592476489028
HA	YPYDVPDYA	9	133|134	330	esm2_t6_8M_UR50D	fair-esm pretrained esm2_t6_8M_UR50D	ESM2 full-sequence masked pseudo-log-likelihood	-877.4935554731637	-917.0659710466862	-39.57241557352245	-2.7336247834054945	-2.778987791050564	-0.04536300764506951	-35.580166816711426	-3.953351868523492	completed		128	NVIDIA GeForce RTX 3090	gpu15	309.0	0.03448275862068961
HA	YPYDVPDYA	9	134|135	330	esm2_t6_8M_UR50D	fair-esm pretrained esm2_t6_8M_UR50D	ESM2 full-sequence masked pseudo-log-likelihood	-877.4935554731637	-916.2530297860503	-38.759474312886596	-2.7336247834054945	-2.776524332685001	-0.042899549279506566	-34.140416860580444	-3.793379651175605	completed		128	NVIDIA GeForce RTX 3090	gpu15	307.0	0.040752351097178674
HA	YPYDVPDYA	9	135|136	330	esm2_t6_8M_UR50D	fair-esm pretrained esm2_t6_8M_UR50D	ESM2 full-sequence masked pseudo-log-likelihood	-877.4935554731637	-915.8231983780861	-38.329642904922366	-2.7336247834054945	-2.7752218132669277	-0.04159702986143321	-33.495232582092285	-3.721692509121365	completed		128	NVIDIA GeForce RTX 3090	gpu15	306.0	0.043887147335423204
HA	YPYDVPDYA	9	136|137	330	esm2_t6_8M_UR50D	fair-esm pretrained esm2_t6_8M_UR50D	ESM2 full-sequence masked pseudo-log-likelihood	-877.4935554731637	-911.8614306994714	-34.36787522630766	-2.7336247834054945	-2.7632164566650648	-0.02959167325957024	-30.7535502910614	-3.4170611434512668	completed		128	NVIDIA GeForce RTX 3090	gpu15	289.0	0.09717868338557989
HA	YPYDVPDYA	9	137|138	330	esm2_t6_8M_UR50D	fair-esm pretrained esm2_t6_8M_UR50D	ESM2 full-sequence masked pseudo-log-likelihood	-877.4935554731637	-909.9560635348316	-32.462508061667904	-2.7336247834054945	-2.757442616772217	-0.023817833366722496	-30.96696925163269	-3.440774361292521	completed		128	NVIDIA GeForce RTX 3090	gpu15	270.0	0.15673981191222575
HA	YPYDVPDYA	9	138|139	330	esm2_t6_8M_UR50D	fair-esm pretrained esm2_t6_8M_UR50D	ESM2 full-sequence masked pseudo-log-likelihood	-877.4935554731637	-909.3641830035485	-31.87062753038481	-2.7336247834054945	-2.7556490394046924	-0.022024255999197884	-31.66322636604309	-3.5181362628936768	completed		128	NVIDIA GeForce RTX 3090	gpu15	261.0	0.1849529780564263
HA	YPYDVPDYA	9	139|140	330	esm2_t6_8M_UR50D	fair-esm pretrained esm2_t6_8M_UR50D	ESM2 full-sequence masked pseudo-log-likelihood	-877.4935554731637	-909.5050567057915	-32.01150123262778	-2.7336247834054945	-2.7560759294114896	-0.02245114600599507	-30.7206392288208	-3.413404358757867	completed		128	NVIDIA GeForce RTX 3090	gpu15	263.0	0.17868338557993735
HA	YPYDVPDYA	9	140|141	330	esm2_t6_8M_UR50D	fair-esm pretrained esm2_t6_8M_UR50D	ESM2 full-sequence masked pseudo-log-likelihood	-877.4935554731637	-910.3407305125147	-32.84717503935099	-2.7336247834054945	-2.7586082742803475	-0.024983490874852965	-32.4858124256134	-3.6095347139570446	completed		128	NVIDIA GeForce RTX 3090	gpu15	277.0	0.13479623824451414
HA	YPYDVPDYA	9	141|142	330	esm2_t6_8M_UR50D	fair-esm pretrained esm2_t6_8M_UR50D	ESM2 full-sequence masked pseudo-log-likelihood	-877.4935554731637	-905.3641286063939	-27.87057313323021	-2.7336247834054945	-2.743527662443618	-0.00990287903812348	-29.457066535949707	-3.273007392883301	completed		128	NVIDIA GeForce RTX 3090	gpu15	126.0	0.6081504702194358
HA	YPYDVPDYA	9	142|143	330	esm2_t6_8M_UR50D	fair-esm pretrained esm2_t6_8M_UR50D	ESM2 full-sequence masked pseudo-log-likelihood	-877.4935554731637	-910.9187546237372	-33.42519915057346	-2.7336247834054945	-2.7603598624961734	-0.026735079090678848	-31.414355278015137	-3.4904839197794595	completed		128	NVIDIA GeForce RTX 3090	gpu15	282.0	0.11912225705329149
HA	YPYDVPDYA	9	143|144	330	esm2_t6_8M_UR50D	fair-esm pretrained esm2_t6_8M_UR50D	ESM2 full-sequence masked pseudo-log-likelihood	-877.4935554731637	-909.647967313882	-32.15441184071824	-2.7336247834054945	-2.7565089918602483	-0.022884208454753807	-29.903000116348267	-3.322555568483141	completed		128	NVIDIA GeForce RTX 3090	gpu15	266.0	0.16927899686520376
HA	YPYDVPDYA	9	144|145	330	esm2_t6_8M_UR50D	fair-esm pretrained esm2_t6_8M_UR50D	ESM2 full-sequence masked pseudo-log-likelihood	-877.4935554731637	-909.0665869363584	-31.57303146319464	-2.7336247834054945	-2.75474723314048	-0.021122449734985338	-30.743260145187378	-3.4159177939097085	completed		128	NVIDIA GeForce RTX 3090	gpu15	254.0	0.2068965517241379
HA	YPYDVPDYA	9	145|146	330	esm2_t6_8M_UR50D	fair-esm pretrained esm2_t6_8M_UR50D	ESM2 full-sequence masked pseudo-log-likelihood	-877.4935554731637	-907.0894983094186	-29.595942836254835	-2.7336247834054945	-2.7487560554830863	-0.015131272077591795	-29.06418752670288	-3.2293541696336536	completed		128	NVIDIA GeForce RTX 3090	gpu15	192.0	0.4012539184952978
HA	YPYDVPDYA	9	146|147	330	esm2_t6_8M_UR50D	fair-esm pretrained esm2_t6_8M_UR50D	ESM2 full-sequence masked pseudo-log-likelihood	-877.4935554731637	-910.5979502717964	-33.10439479863271	-2.7336247834054945	-2.759387728096353	-0.02576294469085827	-29.188448429107666	-3.2431609365675182	completed		128	NVIDIA GeForce RTX 3090	gpu15	279.0	0.12852664576802508
HA	YPYDVPDYA	9	147|148	330	esm2_t6_8M_UR50D	fair-esm pretrained esm2_t6_8M_UR50D	ESM2 full-sequence masked pseudo-log-likelihood	-877.4935554731637	-907.1160211479291	-29.622465674765408	-2.7336247834054945	-2.7488364277209976	-0.015211644315503037	-28.682612895965576	-3.1869569884406195	completed		128	NVIDIA GeForce RTX 3090	gpu15	194.0	0.39498432601880873
HA	YPYDVPDYA	9	148|149	330	esm2_t6_8M_UR50D	fair-esm pretrained esm2_t6_8M_UR50D	ESM2 full-sequence masked pseudo-log-likelihood	-877.4935554731637	-906.3053506016731	-28.811795128509402	-2.7336247834054945	-2.7463798503081005	-0.012755066902605972	-28.495012998580933	-3.1661125553978815	completed		128	NVIDIA GeForce RTX 3090	gpu15	161.0	0.4984326018808778
HA	YPYDVPDYA	9	149|150	330	esm2_t6_8M_UR50D	fair-esm pretrained esm2_t6_8M_UR50D	ESM2 full-sequence masked pseudo-log-likelihood	-877.4935554731637	-909.1019028574228	-31.608347384259105	-2.7336247834054945	-2.7548542510830996	-0.02122946767760503	-30.414365768432617	-3.379373974270291	completed		128	NVIDIA GeForce RTX 3090	gpu15	256.0	0.20062695924764895
HA	YPYDVPDYA	9	150|151	330	esm2_t6_8M_UR50D	fair-esm pretrained esm2_t6_8M_UR50D	ESM2 full-sequence masked pseudo-log-likelihood	-877.4935554731637	-907.934359466657	-30.44080399349332	-2.7336247834054945	-2.751316240808052	-0.017691457402557287	-29.96513080596924	-3.3294589784410267	completed		128	NVIDIA GeForce RTX 3090	gpu15	224.0	0.30094043887147337
HA	YPYDVPDYA	9	151|152	330	esm2_t6_8M_UR50D	fair-esm pretrained esm2_t6_8M_UR50D	ESM2 full-sequence masked pseudo-log-likelihood	-877.4935554731637	-907.2864429084584	-29.792887435294688	-2.7336247834054945	-2.749352857298359	-0.015728073892864458	-29.567146062850952	-3.2852384514278836	completed		128	NVIDIA GeForce RTX 3090	gpu15	201.0	0.3730407523510971
HA	YPYDVPDYA	9	152|153	330	esm2_t6_8M_UR50D	fair-esm pretrained esm2_t6_8M_UR50D	ESM2 full-sequence masked pseudo-log-likelihood	-877.4935554731637	-908.0810756273568	-30.587520154193044	-2.7336247834054945	-2.7517608352344145	-0.018136051828919975	-30.04490041732788	-3.3383222685919867	completed		128	NVIDIA GeForce RTX 3090	gpu15	227.0	0.2915360501567398
HA	YPYDVPDYA	9	153|154	330	esm2_t6_8M_UR50D	fair-esm pretrained esm2_t6_8M_UR50D	ESM2 full-sequence masked pseudo-log-likelihood	-877.4935554731637	-906.4725117934868	-28.97895632032305	-2.7336247834054945	-2.7468863993742025	-0.013261615968708007	-29.626070022583008	-3.291785558064779	completed		128	NVIDIA GeForce RTX 3090	gpu15	170.0	0.4702194357366771
HA	YPYDVPDYA	9	154|155	330	esm2_t6_8M_UR50D	fair-esm pretrained esm2_t6_8M_UR50D	ESM2 full-sequence masked pseudo-log-likelihood	-877.4935554731637	-904.8812370412052	-27.387681568041444	-2.7336247834054945	-2.7420643546703185	-0.008439571264823975	-28.90150499343872	-3.2112783326043024	completed		128	NVIDIA GeForce RTX 3090	gpu15	103.0	0.6802507836990596
HA	YPYDVPDYA	9	155|156	330	esm2_t6_8M_UR50D	fair-esm pretrained esm2_t6_8M_UR50D	ESM2 full-sequence masked pseudo-log-likelihood	-877.4935554731637	-907.0409220531583	-29.54736657999456	-2.7336247834054945	-2.74860885470654	-0.01498407130104562	-28.98428225517273	-3.2204758061303034	completed		128	NVIDIA GeForce RTX 3090	gpu15	189.0	0.4106583072100314
HA	YPYDVPDYA	9	156|157	330	esm2_t6_8M_UR50D	fair-esm pretrained esm2_t6_8M_UR50D	ESM2 full-sequence masked pseudo-log-likelihood	-877.4935554731637	-907.8662853017449	-30.372729828581214	-2.7336247834054945	-2.751109955459833	-0.017485172054338527	-30.16131830215454	-3.3512575891282825	completed		128	NVIDIA GeForce RTX 3090	gpu15	222.0	0.30721003134796243
HA	YPYDVPDYA	9	157|158	330	esm2_t6_8M_UR50D	fair-esm pretrained esm2_t6_8M_UR50D	ESM2 full-sequence masked pseudo-log-likelihood	-877.4935554731637	-907.2656981949694	-29.77214272180572	-2.7336247834054945	-2.7492899945302103	-0.01566521112471575	-29.332032680511475	-3.2591147422790527	completed		128	NVIDIA GeForce RTX 3090	gpu15	200.0	0.37617554858934166
HA	YPYDVPDYA	9	158|159	330	esm2_t6_8M_UR50D	fair-esm pretrained esm2_t6_8M_UR50D	ESM2 full-sequence masked pseudo-log-likelihood	-877.4935554731637	-906.3186767240986	-28.8251212509349	-2.7336247834054945	-2.7464202324972686	-0.012795449091774103	-29.541847467422485	-3.282427496380276	completed		128	NVIDIA GeForce RTX 3090	gpu15	163.0	0.49216300940438873
HA	YPYDVPDYA	9	159|160	330	esm2_t6_8M_UR50D	fair-esm pretrained esm2_t6_8M_UR50D	ESM2 full-sequence masked pseudo-log-likelihood	-877.4935554731637	-905.9453818621114	-28.451826388947666	-2.7336247834054945	-2.745289035945792	-0.011664252540297682	-29.284193754196167	-3.2537993060217962	completed		128	NVIDIA GeForce RTX 3090	gpu15	144.0	0.5517241379310345
HA	YPYDVPDYA	9	160|161	330	esm2_t6_8M_UR50D	fair-esm pretrained esm2_t6_8M_UR50D	ESM2 full-sequence masked pseudo-log-likelihood	-877.4935554731637	-906.0307894600555	-28.537233986891806	-2.7336247834054945	-2.745547846848653	-0.011923063443158632	-29.120039224624634	-3.2355599138471813	completed		128	NVIDIA GeForce RTX 3090	gpu15	147.0	0.542319749216301
HA	YPYDVPDYA	9	161|162	330	esm2_t6_8M_UR50D	fair-esm pretrained esm2_t6_8M_UR50D	ESM2 full-sequence masked pseudo-log-likelihood	-877.4935554731637	-906.9585349140689	-29.464979440905154	-2.7336247834054945	-2.7483591967092997	-0.014734413303805205	-29.673644542694092	-3.297071615854899	completed		128	NVIDIA GeForce RTX 3090	gpu15	185.0	0.4231974921630094
HA	YPYDVPDYA	9	162|163	330	esm2_t6_8M_UR50D	fair-esm pretrained esm2_t6_8M_UR50D	ESM2 full-sequence masked pseudo-log-likelihood	-877.4935554731637	-905.7826147936285	-28.28905932046473	-2.7336247834054945	-2.744795802404935	-0.011171018999440285	-30.019782781600952	-3.3355314201778836	completed		128	NVIDIA GeForce RTX 3090	gpu15	140.0	0.5642633228840126
HA	YPYDVPDYA	9	163|164	330	esm2_t6_8M_UR50D	fair-esm pretrained esm2_t6_8M_UR50D	ESM2 full-sequence masked pseudo-log-likelihood	-877.4935554731637	-903.4342061155476	-25.940650642383844	-2.7336247834054945	-2.737679412471356	-0.004054629065861626	-28.76803755760193	-3.1964486175113254	completed		128	NVIDIA GeForce RTX 3090	gpu15	49.0	0.8495297805642633
HA	YPYDVPDYA	9	164|165	330	esm2_t6_8M_UR50D	fair-esm pretrained esm2_t6_8M_UR50D	ESM2 full-sequence masked pseudo-log-likelihood	-877.4935554731637	-903.8906215219758	-26.39706604881212	-2.7336247834054945	-2.7390624894605327	-0.005437706055038127	-26.933582305908203	-2.9926202562120228	completed		128	NVIDIA GeForce RTX 3090	gpu15	66.0	0.7962382445141065
HA	YPYDVPDYA	9	165|166	330	esm2_t6_8M_UR50D	fair-esm pretrained esm2_t6_8M_UR50D	ESM2 full-sequence masked pseudo-log-likelihood	-877.4935554731637	-901.8203033152968	-24.326747842133045	-2.7336247834054945	-2.7327887979251417	0.0008359854803527966	-28.230162382125854	-3.136684709125095	completed		128	NVIDIA GeForce RTX 3090	gpu15	16.0	0.9529780564263323
HA	YPYDVPDYA	9	166|167	330	esm2_t6_8M_UR50D	fair-esm pretrained esm2_t6_8M_UR50D	ESM2 full-sequence masked pseudo-log-likelihood	-877.4935554731637	-903.2633415739983	-25.769786100834608	-2.7336247834054945	-2.737161641133328	-0.003536857727833631	-31.440302848815918	-3.493366983201769	completed		128	NVIDIA GeForce RTX 3090	gpu15	42.0	0.8714733542319749
HA	YPYDVPDYA	9	167|168	330	esm2_t6_8M_UR50D	fair-esm pretrained esm2_t6_8M_UR50D	ESM2 full-sequence masked pseudo-log-likelihood	-877.4935554731637	-913.8443520143628	-36.35079654119909	-2.7336247834054945	-2.7692253091344328	-0.03560052572893824	-32.78083872795105	-3.6423154142167835	completed		128	NVIDIA GeForce RTX 3090	gpu15	298.0	0.06896551724137934
HA	YPYDVPDYA	9	168|169	330	esm2_t6_8M_UR50D	fair-esm pretrained esm2_t6_8M_UR50D	ESM2 full-sequence masked pseudo-log-likelihood	-877.4935554731637	-925.4086369350553	-47.91508146189153	-2.7336247834054945	-2.8042685967728946	-0.07064381336740011	-38.74082040786743	-4.304535600874159	completed		128	NVIDIA GeForce RTX 3090	gpu15	319.0	0.0031347962382445305
HA	YPYDVPDYA	9	169|170	330	esm2_t6_8M_UR50D	fair-esm pretrained esm2_t6_8M_UR50D	ESM2 full-sequence masked pseudo-log-likelihood	-877.4935554731637	-906.2819020235911	-28.788346550427377	-2.7336247834054945	-2.746308794010882	-0.012684010605387375	-32.74084401130676	-3.6378715568118625	completed		128	NVIDIA GeForce RTX 3090	gpu15	159.0	0.5047021943573669
HA	YPYDVPDYA	9	170|171	330	esm2_t6_8M_UR50D	fair-esm pretrained esm2_t6_8M_UR50D	ESM2 full-sequence masked pseudo-log-likelihood	-877.4935554731637	-900.4271478541195	-22.933592380955815	-2.7336247834054945	-2.728567114709453	0.005057668696041517	-29.15903902053833	-3.239893224504259	completed		128	NVIDIA GeForce RTX 3090	gpu15	9.0	0.9749216300940439
HA	YPYDVPDYA	9	171|172	330	esm2_t6_8M_UR50D	fair-esm pretrained esm2_t6_8M_UR50D	ESM2 full-sequence masked pseudo-log-likelihood	-877.4935554731637	-900.9008506825194	-23.407295209355652	-2.7336247834054945	-2.7300025778258163	0.003622205579678184	-31.779616832733154	-3.5310685369703503	completed		128	NVIDIA GeForce RTX 3090	gpu15	10.0	0.9717868338557993
HA	YPYDVPDYA	9	172|173	330	esm2_t6_8M_UR50D	fair-esm pretrained esm2_t6_8M_UR50D	ESM2 full-sequence masked pseudo-log-likelihood	-877.4935554731637	-902.7498367270455	-25.256281253881752	-2.7336247834054945	-2.7356055658395317	-0.0019807824340372093	-31.123947381973267	-3.4582163757748074	completed		128	NVIDIA GeForce RTX 3090	gpu15	32.0	0.9028213166144201
HA	YPYDVPDYA	9	173|174	330	esm2_t6_8M_UR50D	fair-esm pretrained esm2_t6_8M_UR50D	ESM2 full-sequence masked pseudo-log-likelihood	-877.4935554731637	-905.9462110195309	-28.45265554636717	-2.7336247834054945	-2.745291548544033	-0.01166676513853826	-32.57182192802429	-3.6190913253360324	completed		128	NVIDIA GeForce RTX 3090	gpu15	145.0	0.54858934169279
HA	YPYDVPDYA	9	174|175	330	esm2_t6_8M_UR50D	fair-esm pretrained esm2_t6_8M_UR50D	ESM2 full-sequence masked pseudo-log-likelihood	-877.4935554731637	-904.1921444823965	-26.69858900923282	-2.7336247834054945	-2.739976195401202	-0.006351411995707323	-30.572838068008423	-3.3969820075564914	completed		128	NVIDIA GeForce RTX 3090	gpu15	75.0	0.768025078369906
HA	YPYDVPDYA	9	175|176	330	esm2_t6_8M_UR50D	fair-esm pretrained esm2_t6_8M_UR50D	ESM2 full-sequence masked pseudo-log-likelihood	-877.4935554731637	-904.1671590916812	-26.673603618517518	-2.7336247834054945	-2.7399004820960036	-0.006275698690509035	-30.259040594100952	-3.3621156215667725	completed		128	NVIDIA GeForce RTX 3090	gpu15	74.0	0.7711598746081505
HA	YPYDVPDYA	9	176|177	330	esm2_t6_8M_UR50D	fair-esm pretrained esm2_t6_8M_UR50D	ESM2 full-sequence masked pseudo-log-likelihood	-877.4935554731637	-904.5306084407493	-27.037052967585623	-2.7336247834054945	-2.7410018437598467	-0.00737706035435215	-29.285019159317017	-3.253891017701891	completed		128	NVIDIA GeForce RTX 3090	gpu15	91.0	0.7178683385579938
HA	YPYDVPDYA	9	177|178	330	esm2_t6_8M_UR50D	fair-esm pretrained esm2_t6_8M_UR50D	ESM2 full-sequence masked pseudo-log-likelihood	-877.4935554731637	-904.5855119656771	-27.091956492513418	-2.7336247834054945	-2.7411682180778096	-0.007543434672315108	-28.62270736694336	-3.180300818549262	completed		128	NVIDIA GeForce RTX 3090	gpu15	93.0	0.7115987460815048
HA	YPYDVPDYA	9	178|179	330	esm2_t6_8M_UR50D	fair-esm pretrained esm2_t6_8M_UR50D	ESM2 full-sequence masked pseudo-log-likelihood	-877.4935554731637	-905.3328563198447	-27.839300846681	-2.7336247834054945	-2.7434328979389235	-0.009808114533429002	-29.323692560195923	-3.2581880622439914	completed		128	NVIDIA GeForce RTX 3090	gpu15	124.0	0.6144200626959248
HA	YPYDVPDYA	9	179|180	330	esm2_t6_8M_UR50D	fair-esm pretrained esm2_t6_8M_UR50D	ESM2 full-sequence masked pseudo-log-likelihood	-877.4935554731637	-905.5652394955978	-28.071684022434056	-2.7336247834054945	-2.744137089380599	-0.010512305975104663	-28.84152340888977	-3.2046137120988636	completed		128	NVIDIA GeForce RTX 3090	gpu15	134.0	0.5830721003134796
HA	YPYDVPDYA	9	180|181	330	esm2_t6_8M_UR50D	fair-esm pretrained esm2_t6_8M_UR50D	ESM2 full-sequence masked pseudo-log-likelihood	-877.4935554731637	-904.7012635832652	-27.20770811010152	-2.7336247834054945	-2.741518980555349	-0.00789419714985451	-28.23923921585083	-3.137693246205648	completed		128	NVIDIA GeForce RTX 3090	gpu15	100.0	0.6896551724137931
HA	YPYDVPDYA	9	181|182	330	esm2_t6_8M_UR50D	fair-esm pretrained esm2_t6_8M_UR50D	ESM2 full-sequence masked pseudo-log-likelihood	-877.4935554731637	-904.2148232506588	-26.721267777495086	-2.7336247834054945	-2.7400449189413902	-0.00642013553589571	-28.14183497428894	-3.126870552698771	completed		128	NVIDIA GeForce RTX 3090	gpu15	77.0	0.7617554858934169
HA	YPYDVPDYA	9	182|183	330	esm2_t6_8M_UR50D	fair-esm pretrained esm2_t6_8M_UR50D	ESM2 full-sequence masked pseudo-log-likelihood	-877.4935554731637	-906.1065168231726	-28.612961350008845	-2.7336247834054945	-2.7457773237065837	-0.012152540301089143	-29.28433847427368	-3.253815386030409	completed		128	NVIDIA GeForce RTX 3090	gpu15	152.0	0.5266457680250783
HA	YPYDVPDYA	9	183|184	330	esm2_t6_8M_UR50D	fair-esm pretrained esm2_t6_8M_UR50D	ESM2 full-sequence masked pseudo-log-likelihood	-877.4935554731637	-907.0417233807966	-29.548167907632887	-2.7336247834054945	-2.748611282972111	-0.014986499566616462	-29.442991018295288	-3.2714434464772544	completed		128	NVIDIA GeForce RTX 3090	gpu15	190.0	0.40752351097178685
HA	YPYDVPDYA	9	184|185	330	esm2_t6_8M_UR50D	fair-esm pretrained esm2_t6_8M_UR50D	ESM2 full-sequence masked pseudo-log-likelihood	-877.4935554731637	-906.3317561382428	-28.838200665079057	-2.7336247834054945	-2.746459867085584	-0.012835083680089454	-29.027725219726562	-3.22530280219184	completed		128	NVIDIA GeForce RTX 3090	gpu15	164.0	0.4890282131661442
HA	YPYDVPDYA	9	185|186	330	esm2_t6_8M_UR50D	fair-esm pretrained esm2_t6_8M_UR50D	ESM2 full-sequence masked pseudo-log-likelihood	-877.4935554731637	-908.5598702998832	-31.066314826719463	-2.7336247834054945	-2.7532117281814643	-0.019586944775969783	-31.267978191375732	-3.474219799041748	completed		128	NVIDIA GeForce RTX 3090	gpu15	239.0	0.25391849529780564
HA	YPYDVPDYA	9	186|187	330	esm2_t6_8M_UR50D	fair-esm pretrained esm2_t6_8M_UR50D	ESM2 full-sequence masked pseudo-log-likelihood	-877.4935554731637	-909.002944778651	-31.509389305487275	-2.7336247834054945	-2.7545543781171244	-0.020929594711629917	-31.0027596950531	-3.4447510772281222	completed		128	NVIDIA GeForce RTX 3090	gpu15	253.0	0.21003134796238243
HA	YPYDVPDYA	9	187|188	330	esm2_t6_8M_UR50D	fair-esm pretrained esm2_t6_8M_UR50D	ESM2 full-sequence masked pseudo-log-likelihood	-877.4935554731637	-909.0793588720262	-31.58580339886248	-2.7336247834054945	-2.754785935975837	-0.021161152570342345	-32.05677938461304	-3.5618643760681152	completed		128	NVIDIA GeForce RTX 3090	gpu15	255.0	0.20376175548589337
HA	YPYDVPDYA	9	188|189	330	esm2_t6_8M_UR50D	fair-esm pretrained esm2_t6_8M_UR50D	ESM2 full-sequence masked pseudo-log-likelihood	-877.4935554731637	-906.413344216533	-28.91978874336928	-2.7336247834054945	-2.7467071036864636	-0.013082320280969117	-29.325663805007935	-3.258407089445326	completed		128	NVIDIA GeForce RTX 3090	gpu15	167.0	0.4796238244514106
HA	YPYDVPDYA	9	189|190	330	esm2_t6_8M_UR50D	fair-esm pretrained esm2_t6_8M_UR50D	ESM2 full-sequence masked pseudo-log-likelihood	-877.4935554731637	-904.9333359235898	-27.439780450426042	-2.7336247834054945	-2.742222230071484	-0.008597446665989494	-28.766700506210327	-3.196300056245592	completed		128	NVIDIA GeForce RTX 3090	gpu15	105.0	0.6739811912225706
HA	YPYDVPDYA	9	190|191	330	esm2_t6_8M_UR50D	fair-esm pretrained esm2_t6_8M_UR50D	ESM2 full-sequence masked pseudo-log-likelihood	-877.4935554731637	-907.1475228751078	-29.6539674019441	-2.7336247834054945	-2.748931887500327	-0.015307104094832269	-28.15852189064026	-3.1287246545155845	completed		128	NVIDIA GeForce RTX 3090	gpu15	196.0	0.3887147335423198
HA	YPYDVPDYA	9	191|192	330	esm2_t6_8M_UR50D	fair-esm pretrained esm2_t6_8M_UR50D	ESM2 full-sequence masked pseudo-log-likelihood	-877.4935554731637	-907.516894412227	-30.02333893906325	-2.7336247834054945	-2.7500511951885667	-0.016426411783072137	-28.371455192565918	-3.152383910285102	completed		128	NVIDIA GeForce RTX 3090	gpu15	204.0	0.36363636363636365
HA	YPYDVPDYA	9	192|193	330	esm2_t6_8M_UR50D	fair-esm pretrained esm2_t6_8M_UR50D	ESM2 full-sequence masked pseudo-log-likelihood	-877.4935554731637	-906.7312477659434	-29.237692292779684	-2.7336247834054945	-2.7476704477755862	-0.014045664370091693	-28.394494771957397	-3.154943863550822	completed		128	NVIDIA GeForce RTX 3090	gpu15	180.0	0.43887147335423193
HA	YPYDVPDYA	9	193|194	330	esm2_t6_8M_UR50D	fair-esm pretrained esm2_t6_8M_UR50D	ESM2 full-sequence masked pseudo-log-likelihood	-877.4935554731637	-908.8251962810755	-31.331640807911754	-2.7336247834054945	-2.7540157463062895	-0.020390962900795007	-28.453490495681763	-3.16149894396464	completed		128	NVIDIA GeForce RTX 3090	gpu15	248.0	0.22570532915360497
HA	YPYDVPDYA	9	194|195	330	esm2_t6_8M_UR50D	fair-esm pretrained esm2_t6_8M_UR50D	ESM2 full-sequence masked pseudo-log-likelihood	-877.4935554731637	-907.7521298993379	-30.258574426174164	-2.7336247834054945	-2.7507640299979936	-0.017139246592499102	-28.015892267227173	-3.112876918580797	completed		128	NVIDIA GeForce RTX 3090	gpu15	215.0	0.32915360501567403
HA	YPYDVPDYA	9	195|196	330	esm2_t6_8M_UR50D	fair-esm pretrained esm2_t6_8M_UR50D	ESM2 full-sequence masked pseudo-log-likelihood	-877.4935554731637	-910.2611317168921	-32.7675762437284	-2.7336247834054945	-2.758367065808764	-0.024742282403269478	-31.071403741836548	-3.452378193537394	completed		128	NVIDIA GeForce RTX 3090	gpu15	276.0	0.13793103448275867
HA	YPYDVPDYA	9	196|197	330	esm2_t6_8M_UR50D	fair-esm pretrained esm2_t6_8M_UR50D	ESM2 full-sequence masked pseudo-log-likelihood	-877.4935554731637	-907.7275525191799	-30.233997046016157	-2.7336247834054945	-2.750689553088424	-0.01706476968292936	-28.559844970703125	-3.1733161078559027	completed		128	NVIDIA GeForce RTX 3090	gpu15	214.0	0.33228840125391845
HA	YPYDVPDYA	9	197|198	330	esm2_t6_8M_UR50D	fair-esm pretrained esm2_t6_8M_UR50D	ESM2 full-sequence masked pseudo-log-likelihood	-877.4935554731637	-906.9780342709273	-29.484478797763586	-2.7336247834054945	-2.7484182856694765	-0.014793502263982017	-28.868148803710938	-3.207572089301215	completed		128	NVIDIA GeForce RTX 3090	gpu15	187.0	0.41692789968652033
HA	YPYDVPDYA	9	198|199	330	esm2_t6_8M_UR50D	fair-esm pretrained esm2_t6_8M_UR50D	ESM2 full-sequence masked pseudo-log-likelihood	-877.4935554731637	-906.9619740974158	-29.46841862425208	-2.7336247834054945	-2.7483696184770174	-0.01474483507152291	-28.90348505973816	-3.2114983399709067	completed		128	NVIDIA GeForce RTX 3090	gpu15	186.0	0.42006269592476486
HA	YPYDVPDYA	9	199|200	330	esm2_t6_8M_UR50D	fair-esm pretrained esm2_t6_8M_UR50D	ESM2 full-sequence masked pseudo-log-likelihood	-877.4935554731637	-905.573393237777	-28.07983776461333	-2.7336247834054945	-2.7441617976902335	-0.010537014284738966	-28.819384813308716	-3.202153868145413	completed		128	NVIDIA GeForce RTX 3090	gpu15	135.0	0.5799373040752351
HA	YPYDVPDYA	9	200|201	330	esm2_t6_8M_UR50D	fair-esm pretrained esm2_t6_8M_UR50D	ESM2 full-sequence masked pseudo-log-likelihood	-877.4935554731637	-904.7135858703405	-27.220030397176743	-2.7336247834054945	-2.7415563208192135	-0.007931537413718992	-28.305441856384277	-3.1450490951538086	completed		128	NVIDIA GeForce RTX 3090	gpu15	101.0	0.6865203761755485
HA	YPYDVPDYA	9	201|202	330	esm2_t6_8M_UR50D	fair-esm pretrained esm2_t6_8M_UR50D	ESM2 full-sequence masked pseudo-log-likelihood	-877.4935554731637	-905.2993941903114	-27.805838717147708	-2.7336247834054945	-2.7433314975463983	-0.009706714140903738	-29.07950782775879	-3.231056425306532	completed		128	NVIDIA GeForce RTX 3090	gpu15	122.0	0.6206896551724138
HA	YPYDVPDYA	9	202|203	330	esm2_t6_8M_UR50D	fair-esm pretrained esm2_t6_8M_UR50D	ESM2 full-sequence masked pseudo-log-likelihood	-877.4935554731637	-904.2865635417402	-26.793008068576455	-2.7336247834054945	-2.740262313762849	-0.006637530357354482	-27.857821702957153	-3.0953135225507946	completed		128	NVIDIA GeForce RTX 3090	gpu15	81.0	0.7492163009404389
HA	YPYDVPDYA	9	203|204	330	esm2_t6_8M_UR50D	fair-esm pretrained esm2_t6_8M_UR50D	ESM2 full-sequence masked pseudo-log-likelihood	-877.4935554731637	-909.2934467205778	-31.799891247414052	-2.7336247834054945	-2.755434687032054	-0.021809903626559546	-28.55037546157837	-3.1722639401753745	completed		128	NVIDIA GeForce RTX 3090	gpu15	259.0	0.19122257053291536
HA	YPYDVPDYA	9	204|205	330	esm2_t6_8M_UR50D	fair-esm pretrained esm2_t6_8M_UR50D	ESM2 full-sequence masked pseudo-log-likelihood	-877.4935554731637	-906.2340704854578	-28.740515012294054	-2.7336247834054945	-2.746163849955933	-0.01253906655043835	-28.33891725540161	-3.148768583933512	completed		128	NVIDIA GeForce RTX 3090	gpu15	155.0	0.5172413793103448
HA	YPYDVPDYA	9	205|206	330	esm2_t6_8M_UR50D	fair-esm pretrained esm2_t6_8M_UR50D	ESM2 full-sequence masked pseudo-log-likelihood	-877.4935554731637	-901.0547664817423	-23.56121100857854	-2.7336247834054945	-2.730468989338613	0.003155794066881601	-26.75018882751465	-2.9722432030571833	completed		128	NVIDIA GeForce RTX 3090	gpu15	12.0	0.9655172413793104
HA	YPYDVPDYA	9	206|207	330	esm2_t6_8M_UR50D	fair-esm pretrained esm2_t6_8M_UR50D	ESM2 full-sequence masked pseudo-log-likelihood	-877.4935554731637	-904.0829027872533	-26.589347314089537	-2.7336247834054945	-2.7396451599613734	-0.006020376555878837	-26.804327726364136	-2.978258636262682	completed		128	NVIDIA GeForce RTX 3090	gpu15	72.0	0.7774294670846396
HA	YPYDVPDYA	9	207|208	330	esm2_t6_8M_UR50D	fair-esm pretrained esm2_t6_8M_UR50D	ESM2 full-sequence masked pseudo-log-likelihood	-877.4935554731637	-901.5411970177665	-24.04764154460281	-2.7336247834054945	-2.731943021265959	0.0016817621395355253	-26.099795818328857	-2.8999773131476507	completed		128	NVIDIA GeForce RTX 3090	gpu15	15.0	0.9561128526645768
HA	YPYDVPDYA	9	208|209	330	esm2_t6_8M_UR50D	fair-esm pretrained esm2_t6_8M_UR50D	ESM2 full-sequence masked pseudo-log-likelihood	-877.4935554731637	-904.0500104855746	-26.55645501241088	-2.7336247834054945	-2.739545486319923	-0.005920702914428588	-27.138808250427246	-3.015423138936361	completed		128	NVIDIA GeForce RTX 3090	gpu15	68.0	0.7899686520376176
HA	YPYDVPDYA	9	209|210	330	esm2_t6_8M_UR50D	fair-esm pretrained esm2_t6_8M_UR50D	ESM2 full-sequence masked pseudo-log-likelihood	-877.4935554731637	-903.7765601864085	-26.283004713244736	-2.7336247834054945	-2.7387168490497227	-0.00509206564422815	-27.37292492389679	-3.041436102655199	completed		128	NVIDIA GeForce RTX 3090	gpu15	62.0	0.8087774294670846
HA	YPYDVPDYA	9	210|211	330	esm2_t6_8M_UR50D	fair-esm pretrained esm2_t6_8M_UR50D	ESM2 full-sequence masked pseudo-log-likelihood	-877.4935554731637	-903.2744803475216	-25.78092487435788	-2.7336247834054945	-2.7371953949924896	-0.0035706115869951205	-28.7365962266922	-3.1929551362991333	completed		128	NVIDIA GeForce RTX 3090	gpu15	43.0	0.8683385579937304
HA	YPYDVPDYA	9	211|212	330	esm2_t6_8M_UR50D	fair-esm pretrained esm2_t6_8M_UR50D	ESM2 full-sequence masked pseudo-log-likelihood	-877.4935554731637	-917.2025478687137	-39.70899239555001	-2.7336247834054945	-2.7794016602082237	-0.04577687680272913	-35.98562455177307	-3.998402727974786	completed		128	NVIDIA GeForce RTX 3090	gpu15	310.0	0.031347962382445194
HA	YPYDVPDYA	9	212|213	330	esm2_t6_8M_UR50D	fair-esm pretrained esm2_t6_8M_UR50D	ESM2 full-sequence masked pseudo-log-likelihood	-877.4935554731637	-914.4423659909517	-36.94881051778793	-2.7336247834054945	-2.7710374726998537	-0.03741268929435915	-34.225783348083496	-3.802864816453722	completed		128	NVIDIA GeForce RTX 3090	gpu15	302.0	0.056426332288401215
HA	YPYDVPDYA	9	213|214	330	esm2_t6_8M_UR50D	fair-esm pretrained esm2_t6_8M_UR50D	ESM2 full-sequence masked pseudo-log-likelihood	-877.4935554731637	-913.4908956028521	-35.99734012968838	-2.7336247834054945	-2.7681542290995518	-0.03452944569405725	-33.77188849449158	-3.7524320549435086	completed		128	NVIDIA GeForce RTX 3090	gpu15	296.0	0.07523510971786829
HA	YPYDVPDYA	9	214|215	330	esm2_t6_8M_UR50D	fair-esm pretrained esm2_t6_8M_UR50D	ESM2 full-sequence masked pseudo-log-likelihood	-877.4935554731637	-909.3524722252041	-31.858916752040386	-2.7336247834054945	-2.7556135521975884	-0.021988768792093882	-29.644439697265625	-3.293826633029514	completed		128	NVIDIA GeForce RTX 3090	gpu15	260.0	0.18808777429467083
HA	YPYDVPDYA	9	215|216	330	esm2_t6_8M_UR50D	fair-esm pretrained esm2_t6_8M_UR50D	ESM2 full-sequence masked pseudo-log-likelihood	-877.4935554731637	-908.6448826910928	-31.151327217929065	-2.7336247834054945	-2.75346934148816	-0.019844558082665387	-25.838375568389893	-2.870930618709988	completed		128	NVIDIA GeForce RTX 3090	gpu15	241.0	0.24764890282131657
HA	YPYDVPDYA	9	216|217	330	esm2_t6_8M_UR50D	fair-esm pretrained esm2_t6_8M_UR50D	ESM2 full-sequence masked pseudo-log-likelihood	-877.4935554731637	-907.828022913076	-30.33446743991226	-2.7336247834054945	-2.750994008827503	-0.017369225422008583	-26.3504718542099	-2.927830206023322	completed		128	NVIDIA GeForce RTX 3090	gpu15	219.0	0.3166144200626959
HA	YPYDVPDYA	9	217|218	330	esm2_t6_8M_UR50D	fair-esm pretrained esm2_t6_8M_UR50D	ESM2 full-sequence masked pseudo-log-likelihood	-877.4935554731637	-905.9848381737247	-28.491282700560987	-2.7336247834054945	-2.7454086005264386	-0.011783817120944118	-24.866008520126343	-2.7628898355695934	completed		128	NVIDIA GeForce RTX 3090	gpu15	146.0	0.5454545454545454
HA	YPYDVPDYA	9	218|219	330	esm2_t6_8M_UR50D	fair-esm pretrained esm2_t6_8M_UR50D	ESM2 full-sequence masked pseudo-log-likelihood	-877.4935554731637	-907.6382138514891	-30.144658378325403	-2.7336247834054945	-2.7504188298529972	-0.01679404644750271	-27.33529019355774	-3.03725446595086	completed		128	NVIDIA GeForce RTX 3090	gpu15	211.0	0.34169278996865204
HA	YPYDVPDYA	9	219|220	330	esm2_t6_8M_UR50D	fair-esm pretrained esm2_t6_8M_UR50D	ESM2 full-sequence masked pseudo-log-likelihood	-877.4935554731637	-908.590238424018	-31.0966829508543	-2.7336247834054945	-2.7533037528000546	-0.019678969394560042	-29.431626796722412	-3.270180755191379	completed		128	NVIDIA GeForce RTX 3090	gpu15	240.0	0.2507836990595611
HA	YPYDVPDYA	9	220|221	330	esm2_t6_8M_UR50D	fair-esm pretrained esm2_t6_8M_UR50D	ESM2 full-sequence masked pseudo-log-likelihood	-877.4935554731637	-912.695464684628	-35.201909211464226	-2.7336247834054945	-2.7657438323776606	-0.03211904897216611	-29.230986714363098	-3.2478874127070108	completed		128	NVIDIA GeForce RTX 3090	gpu15	294.0	0.08150470219435735
HA	YPYDVPDYA	9	221|222	330	esm2_t6_8M_UR50D	fair-esm pretrained esm2_t6_8M_UR50D	ESM2 full-sequence masked pseudo-log-likelihood	-877.4935554731637	-911.8626960236579	-34.369140550494194	-2.7336247834054945	-2.7632202909807817	-0.029595507575287172	-30.25028705596924	-3.3611430062188044	completed		128	NVIDIA GeForce RTX 3090	gpu15	290.0	0.09404388714733547
HA	YPYDVPDYA	9	222|223	330	esm2_t6_8M_UR50D	fair-esm pretrained esm2_t6_8M_UR50D	ESM2 full-sequence masked pseudo-log-likelihood	-877.4935554731637	-914.0559383109212	-36.56238283775747	-2.7336247834054945	-2.769866479730064	-0.03624169632456953	-31.596359968185425	-3.510706663131714	completed		128	NVIDIA GeForce RTX 3090	gpu15	299.0	0.0658307210031348
HA	YPYDVPDYA	9	223|224	330	esm2_t6_8M_UR50D	fair-esm pretrained esm2_t6_8M_UR50D	ESM2 full-sequence masked pseudo-log-likelihood	-877.4935554731637	-914.7478825738654	-37.25432710070163	-2.7336247834054945	-2.771963280526865	-0.038338497121370274	-32.14523530006409	-3.571692811118232	completed		128	NVIDIA GeForce RTX 3090	gpu15	304.0	0.050156739811912265
HA	YPYDVPDYA	9	224|225	330	esm2_t6_8M_UR50D	fair-esm pretrained esm2_t6_8M_UR50D	ESM2 full-sequence masked pseudo-log-likelihood	-877.4935554731637	-914.2291348055005	-36.73557933233678	-2.7336247834054945	-2.7703913175924257	-0.03676653418693121	-33.595903396606445	-3.732878155178494	completed		128	NVIDIA GeForce RTX 3090	gpu15	301.0	0.059561128526645746
HA	YPYDVPDYA	9	225|226	330	esm2_t6_8M_UR50D	fair-esm pretrained esm2_t6_8M_UR50D	ESM2 full-sequence masked pseudo-log-likelihood	-877.4935554731637	-911.3125743782148	-33.81901890505105	-2.7336247834054945	-2.76155325569156	-0.027928472286065542	-29.886698484420776	-3.320744276046753	completed		128	NVIDIA GeForce RTX 3090	gpu15	286.0	0.10658307210031348
HA	YPYDVPDYA	9	226|227	330	esm2_t6_8M_UR50D	fair-esm pretrained esm2_t6_8M_UR50D	ESM2 full-sequence masked pseudo-log-likelihood	-877.4935554731637	-909.604165200144	-32.11060972698033	-2.7336247834054945	-2.7563762581822546	-0.022751474776760094	-29.217804670333862	-3.2464227411482067	completed		128	NVIDIA GeForce RTX 3090	gpu15	264.0	0.17554858934169282
HA	YPYDVPDYA	9	227|228	330	esm2_t6_8M_UR50D	fair-esm pretrained esm2_t6_8M_UR50D	ESM2 full-sequence masked pseudo-log-likelihood	-877.4935554731637	-911.3986907396466	-33.90513526648283	-2.7336247834054945	-2.7618142143625652	-0.028189430957070716	-30.72889471054077	-3.41432163450453	completed		128	NVIDIA GeForce RTX 3090	gpu15	287.0	0.10344827586206895
HA	YPYDVPDYA	9	228|229	330	esm2_t6_8M_UR50D	fair-esm pretrained esm2_t6_8M_UR50D	ESM2 full-sequence masked pseudo-log-likelihood	-877.4935554731637	-909.6779050426558	-32.18434956949204	-2.7336247834054945	-2.756599712250472	-0.022974928844977427	-27.523656368255615	-3.0581840409172907	completed		128	NVIDIA GeForce RTX 3090	gpu15	267.0	0.16614420062695923
HA	YPYDVPDYA	9	229|230	330	esm2_t6_8M_UR50D	fair-esm pretrained esm2_t6_8M_UR50D	ESM2 full-sequence masked pseudo-log-likelihood	-877.4935554731637	-907.6022799806669	-30.10872450750321	-2.7336247834054945	-2.7503099393353545	-0.016685155929859974	-27.12201690673828	-3.0135574340820312	completed		128	NVIDIA GeForce RTX 3090	gpu15	209.0	0.3479623824451411
HA	YPYDVPDYA	9	230|231	330	esm2_t6_8M_UR50D	fair-esm pretrained esm2_t6_8M_UR50D	ESM2 full-sequence masked pseudo-log-likelihood	-877.4935554731637	-910.5037283450365	-33.01017287187278	-2.7336247834054945	-2.7591022071061713	-0.025477423700676738	-25.64010989665985	-2.8489010996288724	completed		128	NVIDIA GeForce RTX 3090	gpu15	278.0	0.1316614420062696
HA	YPYDVPDYA	9	231|232	330	esm2_t6_8M_UR50D	fair-esm pretrained esm2_t6_8M_UR50D	ESM2 full-sequence masked pseudo-log-likelihood	-877.4935554731637	-910.1826508771628	-32.68909540399909	-2.7336247834054945	-2.7581292450823116	-0.02450446167681708	-26.198418140411377	-2.9109353489345975	completed		128	NVIDIA GeForce RTX 3090	gpu15	274.0	0.14420062695924762
HA	YPYDVPDYA	9	232|233	330	esm2_t6_8M_UR50D	fair-esm pretrained esm2_t6_8M_UR50D	ESM2 full-sequence masked pseudo-log-likelihood	-877.4935554731637	-912.9010091042146	-35.407453631050885	-2.7336247834054945	-2.7663666942551957	-0.03274191084970113	-27.456264972686768	-3.0506961080763073	completed		128	NVIDIA GeForce RTX 3090	gpu15	295.0	0.07836990595611282
HA	YPYDVPDYA	9	233|234	330	esm2_t6_8M_UR50D	fair-esm pretrained esm2_t6_8M_UR50D	ESM2 full-sequence masked pseudo-log-likelihood	-877.4935554731637	-911.6138034416363	-34.12024796847254	-2.7336247834054945	-2.7624660710352615	-0.02884128762976701	-25.95060968399048	-2.883401075998942	completed		128	NVIDIA GeForce RTX 3090	gpu15	288.0	0.10031347962382442
HA	YPYDVPDYA	9	234|235	330	esm2_t6_8M_UR50D	fair-esm pretrained esm2_t6_8M_UR50D	ESM2 full-sequence masked pseudo-log-likelihood	-877.4935554731637	-912.0044405944645	-34.51088512130082	-2.7336247834054945	-2.763649819983226	-0.030025036577731257	-26.394116640090942	-2.932679626676771	completed		128	NVIDIA GeForce RTX 3090	gpu15	291.0	0.09090909090909094
HA	YPYDVPDYA	9	235|236	330	esm2_t6_8M_UR50D	fair-esm pretrained esm2_t6_8M_UR50D	ESM2 full-sequence masked pseudo-log-likelihood	-877.4935554731637	-910.2522436557338	-32.75868818257004	-2.7336247834054945	-2.7583401322901024	-0.024715348884607913	-26.436474800109863	-2.937386088901096	completed		128	NVIDIA GeForce RTX 3090	gpu15	275.0	0.1410658307210031
HA	YPYDVPDYA	9	236|237	330	esm2_t6_8M_UR50D	fair-esm pretrained esm2_t6_8M_UR50D	ESM2 full-sequence masked pseudo-log-likelihood	-877.4935554731637	-910.1465645479038	-32.65300907474011	-2.7336247834054945	-2.7580198925694055	-0.024395109163910966	-26.62135124206543	-2.9579279157850475	completed		128	NVIDIA GeForce RTX 3090	gpu15	273.0	0.14733542319749215
HA	YPYDVPDYA	9	237|238	330	esm2_t6_8M_UR50D	fair-esm pretrained esm2_t6_8M_UR50D	ESM2 full-sequence masked pseudo-log-likelihood	-877.4935554731637	-906.0782807050273	-28.58472523186356	-2.7336247834054945	-2.7456917597122037	-0.012066976306709165	-24.04482662677765	-2.671647402975294	completed		128	NVIDIA GeForce RTX 3090	gpu15	150.0	0.5329153605015674
HA	YPYDVPDYA	9	238|239	330	esm2_t6_8M_UR50D	fair-esm pretrained esm2_t6_8M_UR50D	ESM2 full-sequence masked pseudo-log-likelihood	-877.4935554731637	-907.7123076561838	-30.218752183020115	-2.7336247834054945	-2.7506433565338906	-0.017018573128396053	-25.044883370399475	-2.782764818933275	completed		128	NVIDIA GeForce RTX 3090	gpu15	213.0	0.335423197492163
HA	YPYDVPDYA	9	239|240	330	esm2_t6_8M_UR50D	fair-esm pretrained esm2_t6_8M_UR50D	ESM2 full-sequence masked pseudo-log-likelihood	-877.4935554731637	-906.4202135084197	-28.92665803525597	-2.7336247834054945	-2.746727919722484	-0.013103136316989339	-24.52241802215576	-2.7247131135728626	completed		128	NVIDIA GeForce RTX 3090	gpu15	168.0	0.4764890282131662
HA	YPYDVPDYA	9	240|241	330	esm2_t6_8M_UR50D	fair-esm pretrained esm2_t6_8M_UR50D	ESM2 full-sequence masked pseudo-log-likelihood	-877.4935554731637	-905.0819989200681	-27.58844344690442	-2.7336247834054945	-2.7426727240002067	-0.009047940594712145	-26.234564423561096	-2.9149516026178994	completed		128	NVIDIA GeForce RTX 3090	gpu15	115.0	0.6426332288401254
HA	YPYDVPDYA	9	241|242	330	esm2_t6_8M_UR50D	fair-esm pretrained esm2_t6_8M_UR50D	ESM2 full-sequence masked pseudo-log-likelihood	-877.4935554731637	-900.9602106418461	-23.466655168682337	-2.7336247834054945	-2.7301824564904424	0.003442326915052085	-25.64147436618805	-2.8490527073542276	completed		128	NVIDIA GeForce RTX 3090	gpu15	11.0	0.9686520376175549
HA	YPYDVPDYA	9	242|243	330	esm2_t6_8M_UR50D	fair-esm pretrained esm2_t6_8M_UR50D	ESM2 full-sequence masked pseudo-log-likelihood	-877.4935554731637	-904.657587915659	-27.164032442495227	-2.7336247834054945	-2.7413866300474514	-0.007761846641956893	-26.56216275691986	-2.95135141743554	completed		128	NVIDIA GeForce RTX 3090	gpu15	96.0	0.7021943573667712
HA	YPYDVPDYA	9	243|244	330	esm2_t6_8M_UR50D	fair-esm pretrained esm2_t6_8M_UR50D	ESM2 full-sequence masked pseudo-log-likelihood	-877.4935554731637	-902.0365500478074	-24.54299457464367	-2.7336247834054945	-2.7334440910539617	0.0001806923515328407	-26.540518283843994	-2.948946475982666	completed		128	NVIDIA GeForce RTX 3090	gpu15	17.0	0.9498432601880877
HA	YPYDVPDYA	9	244|245	330	esm2_t6_8M_UR50D	fair-esm pretrained esm2_t6_8M_UR50D	ESM2 full-sequence masked pseudo-log-likelihood	-877.4935554731637	-898.6712650265545	-21.17770955339074	-2.7336247834054945	-2.7232462576562257	0.010378525749268785	-26.49464738368988	-2.943849709298876	completed		128	NVIDIA GeForce RTX 3090	gpu15	2.0	0.9968652037617555
HA	YPYDVPDYA	9	245|246	330	esm2_t6_8M_UR50D	fair-esm pretrained esm2_t6_8M_UR50D	ESM2 full-sequence masked pseudo-log-likelihood	-877.4935554731637	-897.7758466238156	-20.282291150651872	-2.7336247834054945	-2.720532868557017	0.013091914848477604	-26.173356652259827	-2.908150739139981	completed		128	NVIDIA GeForce RTX 3090	gpu15	1.0	1.0
HA	YPYDVPDYA	9	246|247	330	esm2_t6_8M_UR50D	fair-esm pretrained esm2_t6_8M_UR50D	ESM2 full-sequence masked pseudo-log-likelihood	-877.4935554731637	-899.2700776364654	-21.776522163301706	-2.7336247834054945	-2.7250608413226227	0.008563942082871812	-26.398860216140747	-2.9332066906823053	completed		128	NVIDIA GeForce RTX 3090	gpu15	3.0	0.9937304075235109
HA	YPYDVPDYA	9	247|248	330	esm2_t6_8M_UR50D	fair-esm pretrained esm2_t6_8M_UR50D	ESM2 full-sequence masked pseudo-log-likelihood	-877.4935554731637	-903.5471783438697	-26.053622870706022	-2.7336247834054945	-2.738021752557181	-0.004396969151686303	-27.675493717193604	-3.0750548574659557	completed		128	NVIDIA GeForce RTX 3090	gpu15	54.0	0.8338557993730408
HA	YPYDVPDYA	9	248|249	330	esm2_t6_8M_UR50D	fair-esm pretrained esm2_t6_8M_UR50D	ESM2 full-sequence masked pseudo-log-likelihood	-877.4935554731637	-905.0952323107049	-27.601676837541163	-2.7336247834054945	-2.742712825183954	-0.009088041778459566	-28.99524974822998	-3.221694416469998	completed		128	NVIDIA GeForce RTX 3090	gpu15	116.0	0.6394984326018809
HA	YPYDVPDYA	9	249|250	330	esm2_t6_8M_UR50D	fair-esm pretrained esm2_t6_8M_UR50D	ESM2 full-sequence masked pseudo-log-likelihood	-877.4935554731637	-905.4215480657294	-27.927992592565715	-2.7336247834054945	-2.743701660805241	-0.010076877399746387	-28.976098775863647	-3.2195665306515164	completed		128	NVIDIA GeForce RTX 3090	gpu15	130.0	0.5956112852664577
HA	YPYDVPDYA	9	250|251	330	esm2_t6_8M_UR50D	fair-esm pretrained esm2_t6_8M_UR50D	ESM2 full-sequence masked pseudo-log-likelihood	-877.4935554731637	-903.0025673368946	-25.509011863730848	-2.7336247834054945	-2.7363714161724078	-0.0027466327669132262	-26.728612184524536	-2.969845798280504	completed		128	NVIDIA GeForce RTX 3090	gpu15	39.0	0.8808777429467085
HA	YPYDVPDYA	9	251|252	330	esm2_t6_8M_UR50D	fair-esm pretrained esm2_t6_8M_UR50D	ESM2 full-sequence masked pseudo-log-likelihood	-877.4935554731637	-903.6883977567777	-26.19484228361398	-2.7336247834054945	-2.738449690172054	-0.004824906766559334	-26.3296537399292	-2.9255170822143555	completed		128	NVIDIA GeForce RTX 3090	gpu15	60.0	0.8150470219435737
HA	YPYDVPDYA	9	252|253	330	esm2_t6_8M_UR50D	fair-esm pretrained esm2_t6_8M_UR50D	ESM2 full-sequence masked pseudo-log-likelihood	-877.4935554731637	-900.0055019697174	-22.51194649655372	-2.7336247834054945	-2.727289399908235	0.006335383497259706	-26.619348526000977	-2.9577053917778864	completed		128	NVIDIA GeForce RTX 3090	gpu15	6.0	0.9843260188087775
HA	YPYDVPDYA	9	253|254	330	esm2_t6_8M_UR50D	fair-esm pretrained esm2_t6_8M_UR50D	ESM2 full-sequence masked pseudo-log-likelihood	-877.4935554731637	-899.7736876225099	-22.280132149346173	-2.7336247834054945	-2.726586932189424	0.007037851216070479	-26.26588487625122	-2.9184316529168024	completed		128	NVIDIA GeForce RTX 3090	gpu15	5.0	0.987460815047022
HA	YPYDVPDYA	9	254|255	330	esm2_t6_8M_UR50D	fair-esm pretrained esm2_t6_8M_UR50D	ESM2 full-sequence masked pseudo-log-likelihood	-877.4935554731637	-904.4426120705903	-26.949056597426534	-2.7336247834054945	-2.740735188092698	-0.007110404687203253	-27.78394079208374	-3.0871045324537487	completed		128	NVIDIA GeForce RTX 3090	gpu15	86.0	0.7335423197492164
HA	YPYDVPDYA	9	255|256	330	esm2_t6_8M_UR50D	fair-esm pretrained esm2_t6_8M_UR50D	ESM2 full-sequence masked pseudo-log-likelihood	-877.4935554731637	-903.8218996673822	-26.328344194218516	-2.7336247834054945	-2.73885424141631	-0.005229458010815424	-27.881555318832397	-3.0979505909813776	completed		128	NVIDIA GeForce RTX 3090	gpu15	63.0	0.8056426332288401
HA	YPYDVPDYA	9	256|257	330	esm2_t6_8M_UR50D	fair-esm pretrained esm2_t6_8M_UR50D	ESM2 full-sequence masked pseudo-log-likelihood	-877.4935554731637	-902.216069130227	-24.722513657063246	-2.7336247834054945	-2.733988088273415	-0.00036330486792035543	-26.986545085906982	-2.9985050095452204	completed		128	NVIDIA GeForce RTX 3090	gpu15	18.0	0.9467084639498433
HA	YPYDVPDYA	9	257|258	330	esm2_t6_8M_UR50D	fair-esm pretrained esm2_t6_8M_UR50D	ESM2 full-sequence masked pseudo-log-likelihood	-877.4935554731637	-901.490294681862	-23.996739208698273	-2.7336247834054945	-2.731788771763218	0.001836011642276425	-26.85630488395691	-2.984033875995212	completed		128	NVIDIA GeForce RTX 3090	gpu15	14.0	0.9592476489028213
HA	YPYDVPDYA	9	258|259	330	esm2_t6_8M_UR50D	fair-esm pretrained esm2_t6_8M_UR50D	ESM2 full-sequence masked pseudo-log-likelihood	-877.4935554731637	-904.2275751773268	-26.734019704163074	-2.7336247834054945	-2.7400835611434147	-0.0064587777379201405	-27.34553027153015	-3.038392252392239	completed		128	NVIDIA GeForce RTX 3090	gpu15	78.0	0.7586206896551724
HA	YPYDVPDYA	9	259|260	330	esm2_t6_8M_UR50D	fair-esm pretrained esm2_t6_8M_UR50D	ESM2 full-sequence masked pseudo-log-likelihood	-877.4935554731637	-903.3965626843274	-25.90300721116364	-2.7336247834054945	-2.7375653414676586	-0.00394055806216409	-26.89732599258423	-2.988591776953803	completed		128	NVIDIA GeForce RTX 3090	gpu15	46.0	0.8589341692789969
HA	YPYDVPDYA	9	260|261	330	esm2_t6_8M_UR50D	fair-esm pretrained esm2_t6_8M_UR50D	ESM2 full-sequence masked pseudo-log-likelihood	-877.4935554731637	-903.6260442947969	-26.13248882163316	-2.7336247834054945	-2.7382607402872634	-0.004635956881768877	-27.27334189414978	-3.030371321572198	completed		128	NVIDIA GeForce RTX 3090	gpu15	57.0	0.8244514106583072
HA	YPYDVPDYA	9	261|262	330	esm2_t6_8M_UR50D	fair-esm pretrained esm2_t6_8M_UR50D	ESM2 full-sequence masked pseudo-log-likelihood	-877.4935554731637	-903.5467918077484	-26.053236334584653	-2.7336247834054945	-2.738020581235601	-0.004395797830106574	-28.494020223617554	-3.166002247068617	completed		128	NVIDIA GeForce RTX 3090	gpu15	53.0	0.8369905956112853
HA	YPYDVPDYA	9	262|263	330	esm2_t6_8M_UR50D	fair-esm pretrained esm2_t6_8M_UR50D	ESM2 full-sequence masked pseudo-log-likelihood	-877.4935554731637	-905.2354127001017	-27.74185722693801	-2.7336247834054945	-2.7431376142427326	-0.009512830837238084	-27.080799460411072	-3.0089777178234525	completed		128	NVIDIA GeForce RTX 3090	gpu15	120.0	0.6269592476489028
HA	YPYDVPDYA	9	263|264	330	esm2_t6_8M_UR50D	fair-esm pretrained esm2_t6_8M_UR50D	ESM2 full-sequence masked pseudo-log-likelihood	-877.4935554731637	-907.7885916586965	-30.29503618553281	-2.7336247834054945	-2.7508745201778684	-0.017249736772373847	-26.951505184173584	-2.9946116871303983	completed		128	NVIDIA GeForce RTX 3090	gpu15	217.0	0.322884012539185
HA	YPYDVPDYA	9	264|265	330	esm2_t6_8M_UR50D	fair-esm pretrained esm2_t6_8M_UR50D	ESM2 full-sequence masked pseudo-log-likelihood	-877.4935554731637	-905.6921625500545	-28.198607076890767	-2.7336247834054945	-2.7445217046971346	-0.010896921291640105	-28.14526629447937	-3.127251810497708	completed		128	NVIDIA GeForce RTX 3090	gpu15	136.0	0.5768025078369906
HA	YPYDVPDYA	9	265|266	330	esm2_t6_8M_UR50D	fair-esm pretrained esm2_t6_8M_UR50D	ESM2 full-sequence masked pseudo-log-likelihood	-877.4935554731637	-902.882342950441	-25.38878747727722	-2.7336247834054945	-2.736007099849821	-0.0023823164443266265	-27.621915340423584	-3.0691017044915094	completed		128	NVIDIA GeForce RTX 3090	gpu15	35.0	0.8934169278996865
HA	YPYDVPDYA	9	266|267	330	esm2_t6_8M_UR50D	fair-esm pretrained esm2_t6_8M_UR50D	ESM2 full-sequence masked pseudo-log-likelihood	-877.4935554731637	-902.4042367395014	-24.910681266337633	-2.7336247834054945	-2.734558293150004	-0.0009335097445095641	-28.60686683654785	-3.178540759616428	completed		128	NVIDIA GeForce RTX 3090	gpu15	21.0	0.9373040752351097
HA	YPYDVPDYA	9	267|268	330	esm2_t6_8M_UR50D	fair-esm pretrained esm2_t6_8M_UR50D	ESM2 full-sequence masked pseudo-log-likelihood	-877.4935554731637	-906.7689092131332	-29.275353739969432	-2.7336247834054945	-2.747784573373131	-0.01415978996763645	-30.60750424861908	-3.40083380540212	completed		128	NVIDIA GeForce RTX 3090	gpu15	181.0	0.4357366771159875
HA	YPYDVPDYA	9	268|269	330	esm2_t6_8M_UR50D	fair-esm pretrained esm2_t6_8M_UR50D	ESM2 full-sequence masked pseudo-log-likelihood	-877.4935554731637	-905.3820041073486	-27.888448634184897	-2.7336247834054945	-2.743581830628329	-0.009957047222834525	-29.11093044281006	-3.234547826978895	completed		128	NVIDIA GeForce RTX 3090	gpu15	127.0	0.6050156739811912
HA	YPYDVPDYA	9	269|270	330	esm2_t6_8M_UR50D	fair-esm pretrained esm2_t6_8M_UR50D	ESM2 full-sequence masked pseudo-log-likelihood	-877.4935554731637	-903.717030685395	-26.22347521223128	-2.7336247834054945	-2.738536456622409	-0.004911673216914547	-28.16699528694153	-3.129666142993503	completed		128	NVIDIA GeForce RTX 3090	gpu15	61.0	0.8119122257053292
HA	YPYDVPDYA	9	270|271	330	esm2_t6_8M_UR50D	fair-esm pretrained esm2_t6_8M_UR50D	ESM2 full-sequence masked pseudo-log-likelihood	-877.4935554731637	-899.4326918162405	-21.939136343076825	-2.7336247834054945	-2.7255536115643655	0.008071171841129043	-27.78384256362915	-3.087093618181017	completed		128	NVIDIA GeForce RTX 3090	gpu15	4.0	0.9905956112852664
HA	YPYDVPDYA	9	271|272	330	esm2_t6_8M_UR50D	fair-esm pretrained esm2_t6_8M_UR50D	ESM2 full-sequence masked pseudo-log-likelihood	-877.4935554731637	-903.4125718297437	-25.91901635657996	-2.7336247834054945	-2.7376138540295263	-0.003989070624031754	-28.35566282272339	-3.150629202524821	completed		128	NVIDIA GeForce RTX 3090	gpu15	48.0	0.8526645768025078
HA	YPYDVPDYA	9	272|273	330	esm2_t6_8M_UR50D	fair-esm pretrained esm2_t6_8M_UR50D	ESM2 full-sequence masked pseudo-log-likelihood	-877.4935554731637	-902.3692018566653	-24.87564638350159	-2.7336247834054945	-2.73445212683838	-0.0008273434328853746	-27.0767560005188	-3.0085284445020886	completed		128	NVIDIA GeForce RTX 3090	gpu15	20.0	0.9404388714733543
HA	YPYDVPDYA	9	273|274	330	esm2_t6_8M_UR50D	fair-esm pretrained esm2_t6_8M_UR50D	ESM2 full-sequence masked pseudo-log-likelihood	-877.4935554731637	-905.0085624149069	-27.515006941743195	-2.7336247834054945	-2.7424501891360817	-0.00882540573058721	-27.82023787498474	-3.0911375416649713	completed		128	NVIDIA GeForce RTX 3090	gpu15	111.0	0.6551724137931034
HA	YPYDVPDYA	9	274|275	330	esm2_t6_8M_UR50D	fair-esm pretrained esm2_t6_8M_UR50D	ESM2 full-sequence masked pseudo-log-likelihood	-877.4935554731637	-903.8772896071896	-26.38373413402587	-2.7336247834054945	-2.7390220897187563	-0.0053973063132617405	-26.98673439025879	-2.9985260433620877	completed		128	NVIDIA GeForce RTX 3090	gpu15	65.0	0.7993730407523512
HA	YPYDVPDYA	9	275|276	330	esm2_t6_8M_UR50D	fair-esm pretrained esm2_t6_8M_UR50D	ESM2 full-sequence masked pseudo-log-likelihood	-877.4935554731637	-904.3528937259689	-26.859338252805173	-2.7336247834054945	-2.7404633143211177	-0.006838530915623142	-27.187959671020508	-3.0208844078911676	completed		128	NVIDIA GeForce RTX 3090	gpu15	83.0	0.7429467084639498
HA	YPYDVPDYA	9	276|277	330	esm2_t6_8M_UR50D	fair-esm pretrained esm2_t6_8M_UR50D	ESM2 full-sequence masked pseudo-log-likelihood	-877.4935554731637	-906.5402336381376	-29.046678164973855	-2.7336247834054945	-2.7470916170852653	-0.013466833679770751	-29.255320072174072	-3.2505911191304526	completed		128	NVIDIA GeForce RTX 3090	gpu15	173.0	0.46081504702194354
HA	YPYDVPDYA	9	277|278	330	esm2_t6_8M_UR50D	fair-esm pretrained esm2_t6_8M_UR50D	ESM2 full-sequence masked pseudo-log-likelihood	-877.4935554731637	-906.1962562063709	-28.702700733207166	-2.7336247834054945	-2.746049261231427	-0.012424477825932367	-28.65298628807068	-3.183665143118964	completed		128	NVIDIA GeForce RTX 3090	gpu15	154.0	0.5203761755485894
HA	YPYDVPDYA	9	278|279	330	esm2_t6_8M_UR50D	fair-esm pretrained esm2_t6_8M_UR50D	ESM2 full-sequence masked pseudo-log-likelihood	-877.4935554731637	-907.2327950401232	-29.73923956695944	-2.7336247834054945	-2.7491902880003734	-0.01556550459487882	-29.069600582122803	-3.229955620235867	completed		128	NVIDIA GeForce RTX 3090	gpu15	198.0	0.3824451410658307
HA	YPYDVPDYA	9	279|280	330	esm2_t6_8M_UR50D	fair-esm pretrained esm2_t6_8M_UR50D	ESM2 full-sequence masked pseudo-log-likelihood	-877.4935554731637	-904.5286066457629	-27.035051172599196	-2.7336247834054945	-2.740995777714433	-0.0073709943089386165	-28.550477266311646	-3.172275251812405	completed		128	NVIDIA GeForce RTX 3090	gpu15	90.0	0.7210031347962382
HA	YPYDVPDYA	9	280|281	330	esm2_t6_8M_UR50D	fair-esm pretrained esm2_t6_8M_UR50D	ESM2 full-sequence masked pseudo-log-likelihood	-877.4935554731637	-904.4862083466724	-26.992652873508632	-2.7336247834054945	-2.7408672980202193	-0.007242514614724804	-28.03465747833252	-3.1149619420369468	completed		128	NVIDIA GeForce RTX 3090	gpu15	89.0	0.7241379310344828
HA	YPYDVPDYA	9	281|282	330	esm2_t6_8M_UR50D	fair-esm pretrained esm2_t6_8M_UR50D	ESM2 full-sequence masked pseudo-log-likelihood	-877.4935554731637	-904.3510744301602	-26.8575189569965	-2.7336247834054945	-2.7404578013035157	-0.006833017898021154	-27.825870513916016	-3.091763390435113	completed		128	NVIDIA GeForce RTX 3090	gpu15	82.0	0.7460815047021944
HA	YPYDVPDYA	9	282|283	330	esm2_t6_8M_UR50D	fair-esm pretrained esm2_t6_8M_UR50D	ESM2 full-sequence masked pseudo-log-likelihood	-877.4935554731637	-902.677313064225	-25.183757591061294	-2.7336247834054945	-2.735385797164318	-0.0017610137588235375	-27.81193709373474	-3.0902152326371937	completed		128	NVIDIA GeForce RTX 3090	gpu15	28.0	0.9153605015673981
HA	YPYDVPDYA	9	283|284	330	esm2_t6_8M_UR50D	fair-esm pretrained esm2_t6_8M_UR50D	ESM2 full-sequence masked pseudo-log-likelihood	-877.4935554731637	-904.3594766361639	-26.865921163000166	-2.7336247834054945	-2.74048326253383	-0.006858479128335482	-29.042348384857178	-3.2269275983174643	completed		128	NVIDIA GeForce RTX 3090	gpu15	84.0	0.7398119122257053
HA	YPYDVPDYA	9	284|285	330	esm2_t6_8M_UR50D	fair-esm pretrained esm2_t6_8M_UR50D	ESM2 full-sequence masked pseudo-log-likelihood	-877.4935554731637	-903.476771206595	-25.98321573343128	-2.7336247834054945	-2.7378083975957423	-0.00418361419024782	-28.417811155319214	-3.157534572813246	completed		128	NVIDIA GeForce RTX 3090	gpu15	52.0	0.8401253918495297
HA	YPYDVPDYA	9	285|286	330	esm2_t6_8M_UR50D	fair-esm pretrained esm2_t6_8M_UR50D	ESM2 full-sequence masked pseudo-log-likelihood	-877.4935554731637	-902.9840150680393	-25.490459594875574	-2.7336247834054945	-2.736315197175877	-0.0026904137703822606	-27.54537057876587	-3.0605967309739857	completed		128	NVIDIA GeForce RTX 3090	gpu15	38.0	0.8840125391849529
HA	YPYDVPDYA	9	286|287	330	esm2_t6_8M_UR50D	fair-esm pretrained esm2_t6_8M_UR50D	ESM2 full-sequence masked pseudo-log-likelihood	-877.4935554731637	-902.9421042976901	-25.44854882452637	-2.7336247834054945	-2.736188194841485	-0.0025634114359904814	-28.001001119613647	-3.1112223466237388	completed		128	NVIDIA GeForce RTX 3090	gpu15	37.0	0.8871473354231975
HA	YPYDVPDYA	9	287|288	330	esm2_t6_8M_UR50D	fair-esm pretrained esm2_t6_8M_UR50D	ESM2 full-sequence masked pseudo-log-likelihood	-877.4935554731637	-903.623933961615	-26.130378488451242	-2.7336247834054945	-2.7382543453382273	-0.004629561932732784	-27.757993459701538	-3.084221495522393	completed		128	NVIDIA GeForce RTX 3090	gpu15	56.0	0.8275862068965517
HA	YPYDVPDYA	9	288|289	330	esm2_t6_8M_UR50D	fair-esm pretrained esm2_t6_8M_UR50D	ESM2 full-sequence masked pseudo-log-likelihood	-877.4935554731637	-904.1942017814144	-26.700646308250725	-2.7336247834054945	-2.7399824296406496	-0.006357646235155112	-26.430647611618042	-2.936738623513116	completed		128	NVIDIA GeForce RTX 3090	gpu15	76.0	0.7648902821316614
HA	YPYDVPDYA	9	289|290	330	esm2_t6_8M_UR50D	fair-esm pretrained esm2_t6_8M_UR50D	ESM2 full-sequence masked pseudo-log-likelihood	-877.4935554731637	-906.4363323040307	-28.942776830866933	-2.7336247834054945	-2.746776764557669	-0.013151981152174308	-27.699859380722046	-3.077762153413561	completed		128	NVIDIA GeForce RTX 3090	gpu15	169.0	0.47335423197492166
HA	YPYDVPDYA	9	290|291	330	esm2_t6_8M_UR50D	fair-esm pretrained esm2_t6_8M_UR50D	ESM2 full-sequence masked pseudo-log-likelihood	-877.4935554731637	-906.9348102109507	-29.44125473778695	-2.7336247834054945	-2.7482873036695477	-0.014662520264053125	-27.25430917739868	-3.02825657526652	completed		128	NVIDIA GeForce RTX 3090	gpu15	184.0	0.4263322884012539
HA	YPYDVPDYA	9	291|292	330	esm2_t6_8M_UR50D	fair-esm pretrained esm2_t6_8M_UR50D	ESM2 full-sequence masked pseudo-log-likelihood	-877.4935554731637	-904.440178395249	-26.946622922085226	-2.7336247834054945	-2.7407278133189363	-0.007103029913441805	-26.141327619552612	-2.904591957728068	completed		128	NVIDIA GeForce RTX 3090	gpu15	85.0	0.7366771159874608
HA	YPYDVPDYA	9	292|293	330	esm2_t6_8M_UR50D	fair-esm pretrained esm2_t6_8M_UR50D	ESM2 full-sequence masked pseudo-log-likelihood	-877.4935554731637	-908.5127576189116	-31.01920214574784	-2.7336247834054945	-2.7530689624815503	-0.01944417907605578	-27.195537567138672	-3.0217263963487415	completed		128	NVIDIA GeForce RTX 3090	gpu15	238.0	0.25705329153605017
HA	YPYDVPDYA	9	293|294	330	esm2_t6_8M_UR50D	fair-esm pretrained esm2_t6_8M_UR50D	ESM2 full-sequence masked pseudo-log-likelihood	-877.4935554731637	-906.3354001203552	-28.841844647191465	-2.7336247834054945	-2.746470909455622	-0.01284612605012736	-26.489024877548218	-2.9432249863942466	completed		128	NVIDIA GeForce RTX 3090	gpu15	165.0	0.48589341692789967
HA	YPYDVPDYA	9	294|295	330	esm2_t6_8M_UR50D	fair-esm pretrained esm2_t6_8M_UR50D	ESM2 full-sequence masked pseudo-log-likelihood	-877.4935554731637	-908.219592907466	-30.72603743430227	-2.7336247834054945	-2.752180584568079	-0.018555801162584373	-27.3674898147583	-3.040832201639811	completed		128	NVIDIA GeForce RTX 3090	gpu15	231.0	0.27899686520376177
HA	YPYDVPDYA	9	295|296	330	esm2_t6_8M_UR50D	fair-esm pretrained esm2_t6_8M_UR50D	ESM2 full-sequence masked pseudo-log-likelihood	-877.4935554731637	-908.9226692942902	-31.42911382112652	-2.7336247834054945	-2.754311119073607	-0.0206863356681124	-27.67154049873352	-3.0746156109703913	completed		128	NVIDIA GeForce RTX 3090	gpu15	252.0	0.21316614420062696
HA	YPYDVPDYA	9	296|297	330	esm2_t6_8M_UR50D	fair-esm pretrained esm2_t6_8M_UR50D	ESM2 full-sequence masked pseudo-log-likelihood	-877.4935554731637	-907.8922997396439	-30.398744266480207	-2.7336247834054945	-2.75118878708983	-0.01756400368433564	-27.000410795211792	-3.0000456439124212	completed		128	NVIDIA GeForce RTX 3090	gpu15	223.0	0.3040752351097179
HA	YPYDVPDYA	9	297|298	330	esm2_t6_8M_UR50D	fair-esm pretrained esm2_t6_8M_UR50D	ESM2 full-sequence masked pseudo-log-likelihood	-877.4935554731637	-911.0186711139977	-33.525115640833974	-2.7336247834054945	-2.7606626397393867	-0.02703785633389222	-29.113283395767212	-3.234809266196357	completed		128	NVIDIA GeForce RTX 3090	gpu15	283.0	0.11598746081504707
HA	YPYDVPDYA	9	298|299	330	esm2_t6_8M_UR50D	fair-esm pretrained esm2_t6_8M_UR50D	ESM2 full-sequence masked pseudo-log-likelihood	-877.4935554731637	-910.0501509224996	-32.55659544933587	-2.7336247834054945	-2.7577277300681806	-0.024102946662686087	-29.314205646514893	-3.257133960723877	completed		128	NVIDIA GeForce RTX 3090	gpu15	271.0	0.15360501567398122
HA	YPYDVPDYA	9	299|300	330	esm2_t6_8M_UR50D	fair-esm pretrained esm2_t6_8M_UR50D	ESM2 full-sequence masked pseudo-log-likelihood	-877.4935554731637	-910.1247694389895	-32.63121396582574	-2.7336247834054945	-2.7579538467848166	-0.024329063379322058	-28.933416843414307	-3.214824093712701	completed		128	NVIDIA GeForce RTX 3090	gpu15	272.0	0.15047021943573669
HA	YPYDVPDYA	9	300|301	330	esm2_t6_8M_UR50D	fair-esm pretrained esm2_t6_8M_UR50D	ESM2 full-sequence masked pseudo-log-likelihood	-877.4935554731637	-908.9065608764067	-31.413005403243005	-2.7336247834054945	-2.754262305686081	-0.020637522280586573	-28.27363920211792	-3.141515466901991	completed		128	NVIDIA GeForce RTX 3090	gpu15	251.0	0.2163009404388715
HA	YPYDVPDYA	9	301|302	330	esm2_t6_8M_UR50D	fair-esm pretrained esm2_t6_8M_UR50D	ESM2 full-sequence masked pseudo-log-likelihood	-877.4935554731637	-908.8212909875438	-31.327735514380038	-2.7336247834054945	-2.754003912083466	-0.020379128677971536	-27.938883543014526	-3.1043203936682806	completed		128	NVIDIA GeForce RTX 3090	gpu15	247.0	0.2288401253918495
HA	YPYDVPDYA	9	302|303	330	esm2_t6_8M_UR50D	fair-esm pretrained esm2_t6_8M_UR50D	ESM2 full-sequence masked pseudo-log-likelihood	-877.4935554731637	-906.2397902449593	-28.74623477179557	-2.7336247834054945	-2.7461811825604827	-0.012556399154988185	-28.03232192993164	-3.114702436659071	completed		128	NVIDIA GeForce RTX 3090	gpu15	156.0	0.5141065830721003
HA	YPYDVPDYA	9	303|304	330	esm2_t6_8M_UR50D	fair-esm pretrained esm2_t6_8M_UR50D	ESM2 full-sequence masked pseudo-log-likelihood	-877.4935554731637	-908.111001030542	-30.617445557378232	-2.7336247834054945	-2.7518515182743695	-0.01822673486887494	-29.230313777923584	-3.2478126419915094	completed		128	NVIDIA GeForce RTX 3090	gpu15	228.0	0.28840125391849525
HA	YPYDVPDYA	9	304|305	330	esm2_t6_8M_UR50D	fair-esm pretrained esm2_t6_8M_UR50D	ESM2 full-sequence masked pseudo-log-likelihood	-877.4935554731637	-908.7927110567689	-31.29915558360517	-2.7336247834054945	-2.753917306232633	-0.02029252282713845	-28.418903827667236	-3.1576559808519153	completed		128	NVIDIA GeForce RTX 3090	gpu15	246.0	0.23197492163009403
HA	YPYDVPDYA	9	305|306	330	esm2_t6_8M_UR50D	fair-esm pretrained esm2_t6_8M_UR50D	ESM2 full-sequence masked pseudo-log-likelihood	-877.4935554731637	-906.5852462714538	-29.091690798290074	-2.7336247834054945	-2.7472280190044054	-0.013603235598910857	-27.571823596954346	-3.0635359552171497	completed		128	NVIDIA GeForce RTX 3090	gpu15	176.0	0.45141065830721006
HA	YPYDVPDYA	9	306|307	330	esm2_t6_8M_UR50D	fair-esm pretrained esm2_t6_8M_UR50D	ESM2 full-sequence masked pseudo-log-likelihood	-877.4935554731637	-907.9801963027567	-30.486640829592943	-2.7336247834054945	-2.751455140311384	-0.0178303569058893	-27.484586000442505	-3.053842888938056	completed		128	NVIDIA GeForce RTX 3090	gpu15	225.0	0.29780564263322884
HA	YPYDVPDYA	9	307|308	330	esm2_t6_8M_UR50D	fair-esm pretrained esm2_t6_8M_UR50D	ESM2 full-sequence masked pseudo-log-likelihood	-877.4935554731637	-908.6887650033459	-31.195209530182183	-2.7336247834054945	-2.753602318191957	-0.01997753478646258	-27.469435453414917	-3.0521594948238797	completed		128	NVIDIA GeForce RTX 3090	gpu15	242.0	0.24451410658307215
HA	YPYDVPDYA	9	308|309	330	esm2_t6_8M_UR50D	fair-esm pretrained esm2_t6_8M_UR50D	ESM2 full-sequence masked pseudo-log-likelihood	-877.4935554731637	-908.2556020151824	-30.762046542018652	-2.7336247834054945	-2.7522897030763103	-0.01866491967081574	-27.50557255744934	-3.056174728605482	completed		128	NVIDIA GeForce RTX 3090	gpu15	233.0	0.2727272727272727
HA	YPYDVPDYA	9	309|310	330	esm2_t6_8M_UR50D	fair-esm pretrained esm2_t6_8M_UR50D	ESM2 full-sequence masked pseudo-log-likelihood	-877.4935554731637	-905.2297393130139	-27.736183839850128	-2.7336247834054945	-2.743120422160648	-0.009495638755153468	-27.57902693748474	-3.0643363263871937	completed		128	NVIDIA GeForce RTX 3090	gpu15	119.0	0.6300940438871474
HA	YPYDVPDYA	9	310|311	330	esm2_t6_8M_UR50D	fair-esm pretrained esm2_t6_8M_UR50D	ESM2 full-sequence masked pseudo-log-likelihood	-877.4935554731637	-904.4807392843068	-26.98718381114304	-2.7336247834054945	-2.74085072510396	-0.007225941698465466	-26.81403374671936	-2.9793370829688177	completed		128	NVIDIA GeForce RTX 3090	gpu15	88.0	0.7272727272727273
HA	YPYDVPDYA	9	311|312	330	esm2_t6_8M_UR50D	fair-esm pretrained esm2_t6_8M_UR50D	ESM2 full-sequence masked pseudo-log-likelihood	-877.4935554731637	-904.9550072588027	-27.46145178563893	-2.7336247834054945	-2.7422879007842504	-0.008663117378755913	-27.6683292388916	-3.074258804321289	completed		128	NVIDIA GeForce RTX 3090	gpu15	107.0	0.6677115987460815
HA	YPYDVPDYA	9	312|313	330	esm2_t6_8M_UR50D	fair-esm pretrained esm2_t6_8M_UR50D	ESM2 full-sequence masked pseudo-log-likelihood	-877.4935554731637	-904.9694537390023	-27.475898265838623	-2.7336247834054945	-2.742331677996977	-0.008706894591482328	-27.636695384979248	-3.070743931664361	completed		128	NVIDIA GeForce RTX 3090	gpu15	108.0	0.664576802507837
HA	YPYDVPDYA	9	313|314	330	esm2_t6_8M_UR50D	fair-esm pretrained esm2_t6_8M_UR50D	ESM2 full-sequence masked pseudo-log-likelihood	-877.4935554731637	-904.6892544012517	-27.19569892808795	-2.7336247834054945	-2.741482589094702	-0.007857805689207353	-27.43038010597229	-3.0478200117746987	completed		128	NVIDIA GeForce RTX 3090	gpu15	98.0	0.6959247648902822
HA	YPYDVPDYA	9	314|315	330	esm2_t6_8M_UR50D	fair-esm pretrained esm2_t6_8M_UR50D	ESM2 full-sequence masked pseudo-log-likelihood	-877.4935554731637	-904.2830293998122	-26.789473926648498	-2.7336247834054945	-2.7402516042418554	-0.006626820836360903	-27.261884450912476	-3.0290982723236084	completed		128	NVIDIA GeForce RTX 3090	gpu15	80.0	0.7523510971786834
HA	YPYDVPDYA	9	315|316	330	esm2_t6_8M_UR50D	fair-esm pretrained esm2_t6_8M_UR50D	ESM2 full-sequence masked pseudo-log-likelihood	-877.4935554731637	-905.2069339314476	-27.71337845828384	-2.7336247834054945	-2.7430513149437803	-0.009426531538285765	-28.24318766593933	-3.138131962882148	completed		128	NVIDIA GeForce RTX 3090	gpu15	118.0	0.6332288401253918
HA	YPYDVPDYA	9	316|317	330	esm2_t6_8M_UR50D	fair-esm pretrained esm2_t6_8M_UR50D	ESM2 full-sequence masked pseudo-log-likelihood	-877.4935554731637	-906.1765215033665	-28.682966030202806	-2.7336247834054945	-2.7459894591011107	-0.012364675695616167	-28.215927124023438	-3.135103013780382	completed		128	NVIDIA GeForce RTX 3090	gpu15	153.0	0.5235109717868338
HA	YPYDVPDYA	9	317|318	330	esm2_t6_8M_UR50D	fair-esm pretrained esm2_t6_8M_UR50D	ESM2 full-sequence masked pseudo-log-likelihood	-877.4935554731637	-904.4713694797829	-26.977814006619155	-2.7336247834054945	-2.740822331756918	-0.0071975483514234995	-26.970694065093994	-2.9967437850104437	completed		128	NVIDIA GeForce RTX 3090	gpu15	87.0	0.7304075235109717
HA	YPYDVPDYA	9	318|319	330	esm2_t6_8M_UR50D	fair-esm pretrained esm2_t6_8M_UR50D	ESM2 full-sequence masked pseudo-log-likelihood	-877.4935554731637	-906.2679618280381	-28.774406354874372	-2.7336247834054945	-2.7462665509940547	-0.012641767588560171	-28.11688470840454	-3.124098300933838	completed		128	NVIDIA GeForce RTX 3090	gpu15	158.0	0.5078369905956113
HA	YPYDVPDYA	9	319|320	330	esm2_t6_8M_UR50D	fair-esm pretrained esm2_t6_8M_UR50D	ESM2 full-sequence masked pseudo-log-likelihood	-877.4935554731637	-906.5790440719575	-29.085488598793745	-2.7336247834054945	-2.747209224460477	-0.013584441054982577	-27.794407844543457	-3.088267538282606	completed		128	NVIDIA GeForce RTX 3090	gpu15	175.0	0.4545454545454546
HA	YPYDVPDYA	9	320|321	330	esm2_t6_8M_UR50D	fair-esm pretrained esm2_t6_8M_UR50D	ESM2 full-sequence masked pseudo-log-likelihood	-877.4935554731637	-907.6152551295236	-30.12169965635985	-2.7336247834054945	-2.7503492579682534	-0.01672447456275883	-28.147419929504395	-3.127491103278266	completed		128	NVIDIA GeForce RTX 3090	gpu15	210.0	0.3448275862068966
G196_minimal	DLVPR	5	1|2	326	esm2_t6_8M_UR50D	fair-esm pretrained esm2_t6_8M_UR50D	ESM2 full-sequence masked pseudo-log-likelihood	-877.4935554731637	-892.5972893582657	-15.103733885101974	-2.7336247834054945	-2.7380284949640052	-0.0044037115585107145	-15.19426679611206	-3.0388533592224123	completed		128	NVIDIA GeForce RTX 3090	gpu15	143.0	0.554858934169279
G196_minimal	DLVPR	5	2|3	326	esm2_t6_8M_UR50D	fair-esm pretrained esm2_t6_8M_UR50D	ESM2 full-sequence masked pseudo-log-likelihood	-877.4935554731637	-892.2195956902578	-14.726040217094123	-2.7336247834054945	-2.7368699254302387	-0.00324514202474413	-14.775602340698242	-2.9551204681396483	completed		128	NVIDIA GeForce RTX 3090	gpu15	130.0	0.5956112852664577
G196_minimal	DLVPR	5	3|4	326	esm2_t6_8M_UR50D	fair-esm pretrained esm2_t6_8M_UR50D	ESM2 full-sequence masked pseudo-log-likelihood	-877.4935554731637	-892.1608043694869	-14.667248896323144	-2.7336247834054945	-2.736689583955481	-0.0030648005499864794	-14.993854761123657	-2.9987709522247314	completed		128	NVIDIA GeForce RTX 3090	gpu15	125.0	0.6112852664576802
G196_minimal	DLVPR	5	4|5	326	esm2_t6_8M_UR50D	fair-esm pretrained esm2_t6_8M_UR50D	ESM2 full-sequence masked pseudo-log-likelihood	-877.4935554731637	-891.3457837346941	-13.8522282615304	-2.7336247834054945	-2.734189520658571	-0.0005647372530765971	-13.916366577148438	-2.7832733154296876	completed		128	NVIDIA GeForce RTX 3090	gpu15	88.0	0.7272727272727273
G196_minimal	DLVPR	5	5|6	326	esm2_t6_8M_UR50D	fair-esm pretrained esm2_t6_8M_UR50D	ESM2 full-sequence masked pseudo-log-likelihood	-877.4935554731637	-893.6528975628316	-16.159342089667916	-2.7336247834054945	-2.741266556941201	-0.0076417735357066086	-15.223445177078247	-3.0446890354156495	completed		128	NVIDIA GeForce RTX 3090	gpu15	184.0	0.4263322884012539
G196_minimal	DLVPR	5	6|7	326	esm2_t6_8M_UR50D	fair-esm pretrained esm2_t6_8M_UR50D	ESM2 full-sequence masked pseudo-log-likelihood	-877.4935554731637	-893.4326919708401	-15.939136497676373	-2.7336247834054945	-2.740591079665154	-0.006966296259659277	-14.920223474502563	-2.9840446949005126	completed		128	NVIDIA GeForce RTX 3090	gpu15	176.0	0.45141065830721006
G196_minimal	DLVPR	5	7|8	326	esm2_t6_8M_UR50D	fair-esm pretrained esm2_t6_8M_UR50D	ESM2 full-sequence masked pseudo-log-likelihood	-877.4935554731637	-891.624585323967	-14.131029850803316	-2.7336247834054945	-2.7350447402575675	-0.0014199568520729677	-14.157119631767273	-2.8314239263534544	completed		128	NVIDIA GeForce RTX 3090	gpu15	102.0	0.6833855799373041
G196_minimal	DLVPR	5	8|9	326	esm2_t6_8M_UR50D	fair-esm pretrained esm2_t6_8M_UR50D	ESM2 full-sequence masked pseudo-log-likelihood	-877.4935554731637	-894.810855191201	-17.317299718037248	-2.7336247834054945	-2.7448185742061377	-0.0111937908006432	-15.270151615142822	-3.0540303230285644	completed		128	NVIDIA GeForce RTX 3090	gpu15	222.0	0.30721003134796243
G196_minimal	DLVPR	5	9|10	326	esm2_t6_8M_UR50D	fair-esm pretrained esm2_t6_8M_UR50D	ESM2 full-sequence masked pseudo-log-likelihood	-877.4935554731637	-892.2975075915456	-14.803952118381858	-2.7336247834054945	-2.737108918992471	-0.0034841355869765778	-14.836403369903564	-2.9672806739807127	completed		128	NVIDIA GeForce RTX 3090	gpu15	135.0	0.5799373040752351
G196_minimal	DLVPR	5	10|11	326	esm2_t6_8M_UR50D	fair-esm pretrained esm2_t6_8M_UR50D	ESM2 full-sequence masked pseudo-log-likelihood	-877.4935554731637	-889.9828017503023	-12.48924627713859	-2.7336247834054945	-2.7300085943260806	0.0036161890794139673	-14.377187013626099	-2.8754374027252196	completed		128	NVIDIA GeForce RTX 3090	gpu15	44.0	0.8652037617554859
G196_minimal	DLVPR	5	11|12	326	esm2_t6_8M_UR50D	fair-esm pretrained esm2_t6_8M_UR50D	ESM2 full-sequence masked pseudo-log-likelihood	-877.4935554731637	-893.8754913927987	-16.381935919634998	-2.7336247834054945	-2.7419493601006097	-0.008324576695115216	-15.32314658164978	-3.064629316329956	completed		128	NVIDIA GeForce RTX 3090	gpu15	191.0	0.4043887147335423
G196_minimal	DLVPR	5	12|13	326	esm2_t6_8M_UR50D	fair-esm pretrained esm2_t6_8M_UR50D	ESM2 full-sequence masked pseudo-log-likelihood	-877.4935554731637	-890.0309922909364	-12.537436817772686	-2.7336247834054945	-2.730156418070357	0.003468365335137502	-14.973184585571289	-2.9946369171142577	completed		128	NVIDIA GeForce RTX 3090	gpu15	45.0	0.8620689655172413
G196_minimal	DLVPR	5	13|14	326	esm2_t6_8M_UR50D	fair-esm pretrained esm2_t6_8M_UR50D	ESM2 full-sequence masked pseudo-log-likelihood	-877.4935554731637	-885.9785664789379	-8.48501100577414	-2.7336247834054945	-2.7177256640458216	0.01589911935967292	-13.725403785705566	-2.745080757141113	completed		128	NVIDIA GeForce RTX 3090	gpu15	4.0	0.9905956112852664
G196_minimal	DLVPR	5	14|15	326	esm2_t6_8M_UR50D	fair-esm pretrained esm2_t6_8M_UR50D	ESM2 full-sequence masked pseudo-log-likelihood	-877.4935554731637	-892.7668535225093	-15.273298049345613	-2.7336247834054945	-2.7385486304371454	-0.00492384703165083	-15.08378005027771	-3.016756010055542	completed		128	NVIDIA GeForce RTX 3090	gpu15	150.0	0.5329153605015674
G196_minimal	DLVPR	5	15|16	326	esm2_t6_8M_UR50D	fair-esm pretrained esm2_t6_8M_UR50D	ESM2 full-sequence masked pseudo-log-likelihood	-877.4935554731637	-891.7532220063731	-14.259666533209383	-2.7336247834054945	-2.735439331307893	-0.0018145479023985445	-15.407595872879028	-3.0815191745758055	completed		128	NVIDIA GeForce RTX 3090	gpu15	109.0	0.6614420062695925
G196_minimal	DLVPR	5	16|17	326	esm2_t6_8M_UR50D	fair-esm pretrained esm2_t6_8M_UR50D	ESM2 full-sequence masked pseudo-log-likelihood	-877.4935554731637	-885.4280144106597	-7.934458937495947	-2.7336247834054945	-2.7160368540204285	0.017587929385066037	-13.78623628616333	-2.757247257232666	completed		128	NVIDIA GeForce RTX 3090	gpu15	2.0	0.9968652037617555
G196_minimal	DLVPR	5	17|18	326	esm2_t6_8M_UR50D	fair-esm pretrained esm2_t6_8M_UR50D	ESM2 full-sequence masked pseudo-log-likelihood	-877.4935554731637	-889.3031498920172	-11.809594418853521	-2.7336247834054945	-2.7279237726748997	0.005701010730594813	-13.847432613372803	-2.7694865226745606	completed		128	NVIDIA GeForce RTX 3090	gpu15	25.0	0.9247648902821317
G196_minimal	DLVPR	5	18|19	326	esm2_t6_8M_UR50D	fair-esm pretrained esm2_t6_8M_UR50D	ESM2 full-sequence masked pseudo-log-likelihood	-877.4935554731637	-889.736491936259	-12.242936463095248	-2.7336247834054945	-2.7292530427492605	0.004371740656234024	-14.36458706855774	-2.872917413711548	completed		128	NVIDIA GeForce RTX 3090	gpu15	37.0	0.8871473354231975
G196_minimal	DLVPR	5	19|20	326	esm2_t6_8M_UR50D	fair-esm pretrained esm2_t6_8M_UR50D	ESM2 full-sequence masked pseudo-log-likelihood	-877.4935554731637	-890.3740937355906	-12.880538262426853	-2.7336247834054945	-2.7312088764895415	0.002415906915953059	-13.97824215888977	-2.795648431777954	completed		128	NVIDIA GeForce RTX 3090	gpu15	56.0	0.8275862068965517
G196_minimal	DLVPR	5	20|21	326	esm2_t6_8M_UR50D	fair-esm pretrained esm2_t6_8M_UR50D	ESM2 full-sequence masked pseudo-log-likelihood	-877.4935554731637	-890.7940448429435	-13.300489369779825	-2.7336247834054945	-2.732497070070379	0.0011277133351157431	-14.443448305130005	-2.888689661026001	completed		128	NVIDIA GeForce RTX 3090	gpu15	71.0	0.780564263322884
G196_minimal	DLVPR	5	21|22	326	esm2_t6_8M_UR50D	fair-esm pretrained esm2_t6_8M_UR50D	ESM2 full-sequence masked pseudo-log-likelihood	-877.4935554731637	-890.660836818628	-13.16728134546429	-2.7336247834054945	-2.732088456498859	0.0015363269066357432	-14.36240530014038	-2.8724810600280763	completed		128	NVIDIA GeForce RTX 3090	gpu15	69.0	0.786833855799373
G196_minimal	DLVPR	5	22|23	326	esm2_t6_8M_UR50D	fair-esm pretrained esm2_t6_8M_UR50D	ESM2 full-sequence masked pseudo-log-likelihood	-877.4935554731637	-890.3559550624341	-12.862399589270353	-2.7336247834054945	-2.7311532363878346	0.0024715470176599474	-14.521989107131958	-2.9043978214263917	completed		128	NVIDIA GeForce RTX 3090	gpu15	55.0	0.8307210031347962
G196_minimal	DLVPR	5	23|24	326	esm2_t6_8M_UR50D	fair-esm pretrained esm2_t6_8M_UR50D	ESM2 full-sequence masked pseudo-log-likelihood	-877.4935554731637	-891.2455687373877	-13.752013264223933	-2.7336247834054945	-2.733882112691373	-0.0002573292858785159	-15.070420980453491	-3.0140841960906983	completed		128	NVIDIA GeForce RTX 3090	gpu15	85.0	0.7366771159874608
G196_minimal	DLVPR	5	24|25	326	esm2_t6_8M_UR50D	fair-esm pretrained esm2_t6_8M_UR50D	ESM2 full-sequence masked pseudo-log-likelihood	-877.4935554731637	-888.7860199296847	-11.292464456520975	-2.7336247834054945	-2.7263374844468857	0.007287298958608801	-13.62580394744873	-2.7251607894897463	completed		128	NVIDIA GeForce RTX 3090	gpu15	17.0	0.9498432601880877
G196_minimal	DLVPR	5	25|26	326	esm2_t6_8M_UR50D	fair-esm pretrained esm2_t6_8M_UR50D	ESM2 full-sequence masked pseudo-log-likelihood	-877.4935554731637	-889.0919537693262	-11.598398296162486	-2.7336247834054945	-2.7272759318077493	0.006348851597745231	-14.086316347122192	-2.8172632694244384	completed		128	NVIDIA GeForce RTX 3090	gpu15	22.0	0.9341692789968652
G196_minimal	DLVPR	5	26|27	326	esm2_t6_8M_UR50D	fair-esm pretrained esm2_t6_8M_UR50D	ESM2 full-sequence masked pseudo-log-likelihood	-877.4935554731637	-890.285729075782	-12.792173602618277	-2.7336247834054945	-2.730937819250865	0.0026869641546296563	-14.559791564941406	-2.9119583129882813	completed		128	NVIDIA GeForce RTX 3090	gpu15	53.0	0.8369905956112853
G196_minimal	DLVPR	5	27|28	326	esm2_t6_8M_UR50D	fair-esm pretrained esm2_t6_8M_UR50D	ESM2 full-sequence masked pseudo-log-likelihood	-877.4935554731637	-889.0622486975044	-11.568693224340677	-2.7336247834054945	-2.727184811955535	0.006439971449959447	-14.111708641052246	-2.822341728210449	completed		128	NVIDIA GeForce RTX 3090	gpu15	21.0	0.9373040752351097
G196_minimal	DLVPR	5	28|29	326	esm2_t6_8M_UR50D	fair-esm pretrained esm2_t6_8M_UR50D	ESM2 full-sequence masked pseudo-log-likelihood	-877.4935554731637	-888.6942188553512	-11.200663382187486	-2.7336247834054945	-2.7260558860593593	0.007568897346135195	-14.235528707504272	-2.8471057415008545	completed		128	NVIDIA GeForce RTX 3090	gpu15	14.0	0.9592476489028213
G196_minimal	DLVPR	5	29|30	326	esm2_t6_8M_UR50D	fair-esm pretrained esm2_t6_8M_UR50D	ESM2 full-sequence masked pseudo-log-likelihood	-877.4935554731637	-889.7169821402058	-12.223426667042077	-2.7336247834054945	-2.7291931967490974	0.004431586656397091	-13.933041334152222	-2.786608266830444	completed		128	NVIDIA GeForce RTX 3090	gpu15	35.0	0.8934169278996865
G196_minimal	DLVPR	5	30|31	326	esm2_t6_8M_UR50D	fair-esm pretrained esm2_t6_8M_UR50D	ESM2 full-sequence masked pseudo-log-likelihood	-877.4935554731637	-890.5860238419846	-13.092468368820846	-2.7336247834054945	-2.7318589688404433	0.0017658145650512047	-14.2712984085083	-2.8542596817016603	completed		128	NVIDIA GeForce RTX 3090	gpu15	66.0	0.7962382445141065
G196_minimal	DLVPR	5	31|32	326	esm2_t6_8M_UR50D	fair-esm pretrained esm2_t6_8M_UR50D	ESM2 full-sequence masked pseudo-log-likelihood	-877.4935554731637	-890.2500276239589	-12.756472150795162	-2.7336247834054945	-2.730828305594966	0.002796477810528497	-13.515125036239624	-2.7030250072479247	completed		128	NVIDIA GeForce RTX 3090	gpu15	51.0	0.8432601880877743
G196_minimal	DLVPR	5	32|33	326	esm2_t6_8M_UR50D	fair-esm pretrained esm2_t6_8M_UR50D	ESM2 full-sequence masked pseudo-log-likelihood	-877.4935554731637	-892.184940258041	-14.6913847848773	-2.7336247834054945	-2.7367636204234387	-0.0031388370179441516	-15.062664270401001	-3.0125328540802	completed		128	NVIDIA GeForce RTX 3090	gpu15	127.0	0.6050156739811912
G196_minimal	DLVPR	5	33|34	326	esm2_t6_8M_UR50D	fair-esm pretrained esm2_t6_8M_UR50D	ESM2 full-sequence masked pseudo-log-likelihood	-877.4935554731637	-889.7701820079237	-12.276626534759998	-2.7336247834054945	-2.7293563865273733	0.0042683968781211945	-14.06574535369873	-2.813149070739746	completed		128	NVIDIA GeForce RTX 3090	gpu15	38.0	0.8840125391849529
G196_minimal	DLVPR	5	34|35	326	esm2_t6_8M_UR50D	fair-esm pretrained esm2_t6_8M_UR50D	ESM2 full-sequence masked pseudo-log-likelihood	-877.4935554731637	-892.1747152935714	-14.681159820407629	-2.7336247834054945	-2.7367322555017526	-0.003107472096258057	-14.718557596206665	-2.943711519241333	completed		128	NVIDIA GeForce RTX 3090	gpu15	126.0	0.6081504702194358
G196_minimal	DLVPR	5	35|36	326	esm2_t6_8M_UR50D	fair-esm pretrained esm2_t6_8M_UR50D	ESM2 full-sequence masked pseudo-log-likelihood	-877.4935554731637	-891.7458735164255	-14.252318043261766	-2.7336247834054945	-2.7354167899276853	-0.0017920065221908033	-14.395089626312256	-2.8790179252624513	completed		128	NVIDIA GeForce RTX 3090	gpu15	107.0	0.6677115987460815
G196_minimal	DLVPR	5	36|37	326	esm2_t6_8M_UR50D	fair-esm pretrained esm2_t6_8M_UR50D	ESM2 full-sequence masked pseudo-log-likelihood	-877.4935554731637	-890.8681363994256	-13.374580926261842	-2.7336247834054945	-2.732724344783514	0.0009004386219806371	-13.957488298416138	-2.7914976596832277	completed		128	NVIDIA GeForce RTX 3090	gpu15	74.0	0.7711598746081505
G196_minimal	DLVPR	5	37|38	326	esm2_t6_8M_UR50D	fair-esm pretrained esm2_t6_8M_UR50D	ESM2 full-sequence masked pseudo-log-likelihood	-877.4935554731637	-889.6300179231912	-12.136462450027466	-2.7336247834054945	-2.728926435347212	0.004698348058282509	-14.92035722732544	-2.984071445465088	completed		128	NVIDIA GeForce RTX 3090	gpu15	32.0	0.9028213166144201
G196_minimal	DLVPR	5	38|39	326	esm2_t6_8M_UR50D	fair-esm pretrained esm2_t6_8M_UR50D	ESM2 full-sequence masked pseudo-log-likelihood	-877.4935554731637	-890.10774522461	-12.614189751446247	-2.7336247834054945	-2.7303918565172083	0.003232926888286247	-14.468971729278564	-2.8937943458557127	completed		128	NVIDIA GeForce RTX 3090	gpu15	47.0	0.8557993730407524
G196_minimal	DLVPR	5	39|40	326	esm2_t6_8M_UR50D	fair-esm pretrained esm2_t6_8M_UR50D	ESM2 full-sequence masked pseudo-log-likelihood	-877.4935554731637	-891.4508378403261	-13.957282367162406	-2.7336247834054945	-2.734511772516338	-0.0008869891108433947	-14.881259441375732	-2.9762518882751463	completed		128	NVIDIA GeForce RTX 3090	gpu15	94.0	0.7084639498432601
G196_minimal	DLVPR	5	40|41	326	esm2_t6_8M_UR50D	fair-esm pretrained esm2_t6_8M_UR50D	ESM2 full-sequence masked pseudo-log-likelihood	-877.4935554731637	-889.9128142911941	-12.419258818030357	-2.7336247834054945	-2.7297939088686936	0.0038308745368009767	-14.199748754501343	-2.8399497509002685	completed		128	NVIDIA GeForce RTX 3090	gpu15	41.0	0.8746081504702194
G196_minimal	DLVPR	5	41|42	326	esm2_t6_8M_UR50D	fair-esm pretrained esm2_t6_8M_UR50D	ESM2 full-sequence masked pseudo-log-likelihood	-877.4935554731637	-894.0332314716652	-16.53967599850148	-2.7336247834054945	-2.742433225373206	-0.008808441967711467	-15.216496467590332	-3.0432992935180665	completed		128	NVIDIA GeForce RTX 3090	gpu15	198.0	0.3824451410658307
G196_minimal	DLVPR	5	42|43	326	esm2_t6_8M_UR50D	fair-esm pretrained esm2_t6_8M_UR50D	ESM2 full-sequence masked pseudo-log-likelihood	-877.4935554731637	-891.9004157530144	-14.406860279850662	-2.7336247834054945	-2.735890845868142	-0.0022660624626476	-14.193899035453796	-2.8387798070907593	completed		128	NVIDIA GeForce RTX 3090	gpu15	116.0	0.6394984326018809
G196_minimal	DLVPR	5	43|44	326	esm2_t6_8M_UR50D	fair-esm pretrained esm2_t6_8M_UR50D	ESM2 full-sequence masked pseudo-log-likelihood	-877.4935554731637	-892.8980004852638	-15.404445012100041	-2.7336247834054945	-2.738950921733938	-0.00532613832844353	-15.108155012130737	-3.0216310024261475	completed		128	NVIDIA GeForce RTX 3090	gpu15	156.0	0.5141065830721003
G196_minimal	DLVPR	5	44|45	326	esm2_t6_8M_UR50D	fair-esm pretrained esm2_t6_8M_UR50D	ESM2 full-sequence masked pseudo-log-likelihood	-877.4935554731637	-890.2707358309999	-12.777180357836187	-2.7336247834054945	-2.730891827702454	0.0027329557030406626	-13.875040173530579	-2.775008034706116	completed		128	NVIDIA GeForce RTX 3090	gpu15	52.0	0.8401253918495297
G196_minimal	DLVPR	5	45|46	326	esm2_t6_8M_UR50D	fair-esm pretrained esm2_t6_8M_UR50D	ESM2 full-sequence masked pseudo-log-likelihood	-877.4935554731637	-895.3234070027247	-17.829851529560983	-2.7336247834054945	-2.7463908190267627	-0.012766035621268212	-14.516110181808472	-2.9032220363616945	completed		128	NVIDIA GeForce RTX 3090	gpu15	237.0	0.2601880877742947
G196_minimal	DLVPR	5	46|47	326	esm2_t6_8M_UR50D	fair-esm pretrained esm2_t6_8M_UR50D	ESM2 full-sequence masked pseudo-log-likelihood	-877.4935554731637	-893.3395444285125	-15.84598895534873	-2.7336247834054945	-2.740305351007707	-0.006680567602212584	-15.279666900634766	-3.055933380126953	completed		128	NVIDIA GeForce RTX 3090	gpu15	173.0	0.46081504702194354
G196_minimal	DLVPR	5	47|48	326	esm2_t6_8M_UR50D	fair-esm pretrained esm2_t6_8M_UR50D	ESM2 full-sequence masked pseudo-log-likelihood	-877.4935554731637	-889.5130424564704	-12.019486983306706	-2.7336247834054945	-2.7285676148971487	0.005057168508345811	-14.4683837890625	-2.8936767578125	completed		128	NVIDIA GeForce RTX 3090	gpu15	28.0	0.9153605015673981
G196_minimal	DLVPR	5	48|49	326	esm2_t6_8M_UR50D	fair-esm pretrained esm2_t6_8M_UR50D	ESM2 full-sequence masked pseudo-log-likelihood	-877.4935554731637	-887.5850593196228	-10.09150384645909	-2.7336247834054945	-2.722653556195162	0.01097122721033239	-13.705430507659912	-2.7410861015319825	completed		128	NVIDIA GeForce RTX 3090	gpu15	7.0	0.9811912225705329
G196_minimal	DLVPR	5	49|50	326	esm2_t6_8M_UR50D	fair-esm pretrained esm2_t6_8M_UR50D	ESM2 full-sequence masked pseudo-log-likelihood	-877.4935554731637	-889.874214541167	-12.380659068003297	-2.7336247834054945	-2.7296755047275063	0.003949278677988222	-14.644165992736816	-2.9288331985473635	completed		128	NVIDIA GeForce RTX 3090	gpu15	40.0	0.877742946708464
G196_minimal	DLVPR	5	50|51	326	esm2_t6_8M_UR50D	fair-esm pretrained esm2_t6_8M_UR50D	ESM2 full-sequence masked pseudo-log-likelihood	-877.4935554731637	-888.5622809156775	-11.068725442513824	-2.7336247834054945	-2.7256511684529987	0.007973614952495822	-14.533826112747192	-2.9067652225494385	completed		128	NVIDIA GeForce RTX 3090	gpu15	12.0	0.9655172413793104
G196_minimal	DLVPR	5	51|52	326	esm2_t6_8M_UR50D	fair-esm pretrained esm2_t6_8M_UR50D	ESM2 full-sequence masked pseudo-log-likelihood	-877.4935554731637	-883.5585832968354	-6.065027823671699	-2.7336247834054945	-2.710302402751029	0.02332238065446557	-13.155613422393799	-2.63112268447876	completed		128	NVIDIA GeForce RTX 3090	gpu15	1.0	1.0
G196_minimal	DLVPR	5	52|53	326	esm2_t6_8M_UR50D	fair-esm pretrained esm2_t6_8M_UR50D	ESM2 full-sequence masked pseudo-log-likelihood	-877.4935554731637	-891.6927453735843	-14.199189900420606	-2.7336247834054945	-2.735253820164369	-0.0016290367588744914	-14.328884601593018	-2.8657769203186034	completed		128	NVIDIA GeForce RTX 3090	gpu15	106.0	0.670846394984326
G196_minimal	DLVPR	5	53|54	326	esm2_t6_8M_UR50D	fair-esm pretrained esm2_t6_8M_UR50D	ESM2 full-sequence masked pseudo-log-likelihood	-877.4935554731637	-892.0761811267585	-14.582625653594732	-2.7336247834054945	-2.7364300034563143	-0.0028052200508197345	-14.38328766822815	-2.8766575336456297	completed		128	NVIDIA GeForce RTX 3090	gpu15	122.0	0.6206896551724138
G196_minimal	DLVPR	5	54|55	326	esm2_t6_8M_UR50D	fair-esm pretrained esm2_t6_8M_UR50D	ESM2 full-sequence masked pseudo-log-likelihood	-877.4935554731637	-887.4508925089613	-9.957337035797536	-2.7336247834054945	-2.7222420015612308	0.011382781844263778	-13.164245843887329	-2.632849168777466	completed		128	NVIDIA GeForce RTX 3090	gpu15	6.0	0.9843260188087775
G196_minimal	DLVPR	5	55|56	326	esm2_t6_8M_UR50D	fair-esm pretrained esm2_t6_8M_UR50D	ESM2 full-sequence masked pseudo-log-likelihood	-877.4935554731637	-895.5941924052313	-18.100636932067573	-2.7336247834054945	-2.7472214490958016	-0.013596665690307042	-14.295089483261108	-2.8590178966522215	completed		128	NVIDIA GeForce RTX 3090	gpu15	248.0	0.22570532915360497
G196_minimal	DLVPR	5	56|57	326	esm2_t6_8M_UR50D	fair-esm pretrained esm2_t6_8M_UR50D	ESM2 full-sequence masked pseudo-log-likelihood	-877.4935554731637	-896.8355114813894	-19.34195600822568	-2.7336247834054945	-2.7510291763232804	-0.017404392917785838	-14.98949933052063	-2.997899866104126	completed		128	NVIDIA GeForce RTX 3090	gpu15	273.0	0.14733542319749215
G196_minimal	DLVPR	5	57|58	326	esm2_t6_8M_UR50D	fair-esm pretrained esm2_t6_8M_UR50D	ESM2 full-sequence masked pseudo-log-likelihood	-877.4935554731637	-896.0692705297843	-18.57571505662054	-2.7336247834054945	-2.7486787439563933	-0.015053960550898804	-15.197812795639038	-3.0395625591278077	completed		128	NVIDIA GeForce RTX 3090	gpu15	265.0	0.1724137931034483
G196_minimal	DLVPR	5	58|59	326	esm2_t6_8M_UR50D	fair-esm pretrained esm2_t6_8M_UR50D	ESM2 full-sequence masked pseudo-log-likelihood	-877.4935554731637	-896.984654690139	-19.49109921697527	-2.7336247834054945	-2.751486670828647	-0.017861887423152645	-15.254698872566223	-3.0509397745132447	completed		128	NVIDIA GeForce RTX 3090	gpu15	274.0	0.14420062695924762
G196_minimal	DLVPR	5	59|60	326	esm2_t6_8M_UR50D	fair-esm pretrained esm2_t6_8M_UR50D	ESM2 full-sequence masked pseudo-log-likelihood	-877.4935554731637	-896.0176564166322	-18.52410094346851	-2.7336247834054945	-2.7485204184559273	-0.014895635050432787	-15.612128734588623	-3.122425746917725	completed		128	NVIDIA GeForce RTX 3090	gpu15	263.0	0.17868338557993735
G196_minimal	DLVPR	5	60|61	326	esm2_t6_8M_UR50D	fair-esm pretrained esm2_t6_8M_UR50D	ESM2 full-sequence masked pseudo-log-likelihood	-877.4935554731637	-891.8211689526215	-14.327613479457796	-2.7336247834054945	-2.735647757523379	-0.002022974117884324	-13.85214877128601	-2.770429754257202	completed		128	NVIDIA GeForce RTX 3090	gpu15	112.0	0.652037617554859
G196_minimal	DLVPR	5	61|62	326	esm2_t6_8M_UR50D	fair-esm pretrained esm2_t6_8M_UR50D	ESM2 full-sequence masked pseudo-log-likelihood	-877.4935554731637	-893.4022785769776	-15.908723103813827	-2.7336247834054945	-2.7404977870459435	-0.00687300364044896	-14.419694423675537	-2.8839388847351075	completed		128	NVIDIA GeForce RTX 3090	gpu15	175.0	0.4545454545454546
G196_minimal	DLVPR	5	62|63	326	esm2_t6_8M_UR50D	fair-esm pretrained esm2_t6_8M_UR50D	ESM2 full-sequence masked pseudo-log-likelihood	-877.4935554731637	-895.3666431829333	-17.873087709769607	-2.7336247834054945	-2.7465234453464213	-0.012898661940926814	-15.693461179733276	-3.1386922359466554	completed		128	NVIDIA GeForce RTX 3090	gpu15	241.0	0.24764890282131657
G196_minimal	DLVPR	5	63|64	326	esm2_t6_8M_UR50D	fair-esm pretrained esm2_t6_8M_UR50D	ESM2 full-sequence masked pseudo-log-likelihood	-877.4935554731637	-889.6174368504435	-12.123881377279758	-2.7336247834054945	-2.72888784309952	0.004736940305974713	-13.740694761276245	-2.748138952255249	completed		128	NVIDIA GeForce RTX 3090	gpu15	31.0	0.9059561128526645
G196_minimal	DLVPR	5	64|65	326	esm2_t6_8M_UR50D	fair-esm pretrained esm2_t6_8M_UR50D	ESM2 full-sequence masked pseudo-log-likelihood	-877.4935554731637	-890.5802657455206	-13.086710272356868	-2.7336247834054945	-2.731841305967855	0.0017834774376397355	-14.454298377037048	-2.89085967540741	completed		128	NVIDIA GeForce RTX 3090	gpu15	65.0	0.7993730407523512
G196_minimal	DLVPR	5	65|66	326	esm2_t6_8M_UR50D	fair-esm pretrained esm2_t6_8M_UR50D	ESM2 full-sequence masked pseudo-log-likelihood	-877.4935554731637	-894.4415093334392	-16.947953860275447	-2.7336247834054945	-2.743685611452267	-0.010060828046772663	-14.569107294082642	-2.9138214588165283	completed		128	NVIDIA GeForce RTX 3090	gpu15	212.0	0.3385579937304075
G196_minimal	DLVPR	5	66|67	326	esm2_t6_8M_UR50D	fair-esm pretrained esm2_t6_8M_UR50D	ESM2 full-sequence masked pseudo-log-likelihood	-877.4935554731637	-894.7155698370188	-17.222014363855124	-2.7336247834054945	-2.744526287843616	-0.010901504438121545	-14.392012596130371	-2.878402519226074	completed		128	NVIDIA GeForce RTX 3090	gpu15	218.0	0.31974921630094044
G196_minimal	DLVPR	5	67|68	326	esm2_t6_8M_UR50D	fair-esm pretrained esm2_t6_8M_UR50D	ESM2 full-sequence masked pseudo-log-likelihood	-877.4935554731637	-890.4865495515987	-12.992994078435004	-2.7336247834054945	-2.731553832980364	0.002070950425130391	-12.562345027923584	-2.512469005584717	completed		128	NVIDIA GeForce RTX 3090	gpu15	57.0	0.8244514106583072
G196_minimal	DLVPR	5	68|69	326	esm2_t6_8M_UR50D	fair-esm pretrained esm2_t6_8M_UR50D	ESM2 full-sequence masked pseudo-log-likelihood	-877.4935554731637	-894.732815134339	-17.23925966117531	-2.7336247834054945	-2.744579187528647	-0.010954404123152628	-14.605944871902466	-2.921188974380493	completed		128	NVIDIA GeForce RTX 3090	gpu15	220.0	0.3134796238244514
G196_minimal	DLVPR	5	69|70	326	esm2_t6_8M_UR50D	fair-esm pretrained esm2_t6_8M_UR50D	ESM2 full-sequence masked pseudo-log-likelihood	-877.4935554731637	-896.9928351379931	-19.499279664829373	-2.7336247834054945	-2.7515117642269726	-0.017886980821478105	-15.315651178359985	-3.063130235671997	completed		128	NVIDIA GeForce RTX 3090	gpu15	275.0	0.1410658307210031
G196_minimal	DLVPR	5	70|71	326	esm2_t6_8M_UR50D	fair-esm pretrained esm2_t6_8M_UR50D	ESM2 full-sequence masked pseudo-log-likelihood	-877.4935554731637	-896.21015155036	-18.7165960771963	-2.7336247834054945	-2.749110894326258	-0.015486110920763352	-15.095003128051758	-3.0190006256103517	completed		128	NVIDIA GeForce RTX 3090	gpu15	266.0	0.16927899686520376
G196_minimal	DLVPR	5	71|72	326	esm2_t6_8M_UR50D	fair-esm pretrained esm2_t6_8M_UR50D	ESM2 full-sequence masked pseudo-log-likelihood	-877.4935554731637	-897.2871536193416	-19.79359814617783	-2.7336247834054945	-2.752414581654422	-0.018789798248927347	-15.052487850189209	-3.010497570037842	completed		128	NVIDIA GeForce RTX 3090	gpu15	279.0	0.12852664576802508
G196_minimal	DLVPR	5	72|73	326	esm2_t6_8M_UR50D	fair-esm pretrained esm2_t6_8M_UR50D	ESM2 full-sequence masked pseudo-log-likelihood	-877.4935554731637	-897.3378761345521	-19.844320661388338	-2.7336247834054945	-2.7525701721918776	-0.018945388786383077	-14.497198343276978	-2.8994396686553956	completed		128	NVIDIA GeForce RTX 3090	gpu15	280.0	0.12539184952978055
G196_minimal	DLVPR	5	73|74	326	esm2_t6_8M_UR50D	fair-esm pretrained esm2_t6_8M_UR50D	ESM2 full-sequence masked pseudo-log-likelihood	-877.4935554731637	-892.6149861495942	-15.121430676430464	-2.7336247834054945	-2.7380827795999823	-0.004457996194487723	-14.557666778564453	-2.9115333557128906	completed		128	NVIDIA GeForce RTX 3090	gpu15	144.0	0.5517241379310345
G196_minimal	DLVPR	5	74|75	326	esm2_t6_8M_UR50D	fair-esm pretrained esm2_t6_8M_UR50D	ESM2 full-sequence masked pseudo-log-likelihood	-877.4935554731637	-889.5591798750684	-12.065624401904643	-2.7336247834054945	-2.7287091407210684	0.004915642684426125	-13.561172485351562	-2.7122344970703125	completed		128	NVIDIA GeForce RTX 3090	gpu15	29.0	0.9122257053291536
G196_minimal	DLVPR	5	75|76	326	esm2_t6_8M_UR50D	fair-esm pretrained esm2_t6_8M_UR50D	ESM2 full-sequence masked pseudo-log-likelihood	-877.4935554731637	-891.1981608727947	-13.704605399630964	-2.7336247834054945	-2.7337366897938487	-0.00011190638835412159	-14.28767991065979	-2.857535982131958	completed		128	NVIDIA GeForce RTX 3090	gpu15	84.0	0.7398119122257053
G196_minimal	DLVPR	5	76|77	326	esm2_t6_8M_UR50D	fair-esm pretrained esm2_t6_8M_UR50D	ESM2 full-sequence masked pseudo-log-likelihood	-877.4935554731637	-888.7166036460549	-11.22304817289114	-2.7336247834054945	-2.726124551061518	0.007500232343976343	-13.401440620422363	-2.6802881240844725	completed		128	NVIDIA GeForce RTX 3090	gpu15	15.0	0.9561128526645768
G196_minimal	DLVPR	5	77|78	326	esm2_t6_8M_UR50D	fair-esm pretrained esm2_t6_8M_UR50D	ESM2 full-sequence masked pseudo-log-likelihood	-877.4935554731637	-894.6886742087081	-17.195118735544384	-2.7336247834054945	-2.7444437859162827	-0.010819002510788156	-14.490389823913574	-2.898077964782715	completed		128	NVIDIA GeForce RTX 3090	gpu15	217.0	0.322884012539185
G196_minimal	DLVPR	5	78|79	326	esm2_t6_8M_UR50D	fair-esm pretrained esm2_t6_8M_UR50D	ESM2 full-sequence masked pseudo-log-likelihood	-877.4935554731637	-890.8267547599971	-13.333199286833405	-2.7336247834054945	-2.732597407239255	0.001027376166239602	-14.420946836471558	-2.8841893672943115	completed		128	NVIDIA GeForce RTX 3090	gpu15	73.0	0.7742946708463949
G196_minimal	DLVPR	5	79|80	326	esm2_t6_8M_UR50D	fair-esm pretrained esm2_t6_8M_UR50D	ESM2 full-sequence masked pseudo-log-likelihood	-877.4935554731637	-892.0716445352882	-14.57808906212449	-2.7336247834054945	-2.736416087531559	-0.002791304126064542	-13.591415882110596	-2.718283176422119	completed		128	NVIDIA GeForce RTX 3090	gpu15	121.0	0.6238244514106583
G196_minimal	DLVPR	5	80|81	326	esm2_t6_8M_UR50D	fair-esm pretrained esm2_t6_8M_UR50D	ESM2 full-sequence masked pseudo-log-likelihood	-877.4935554731637	-895.7796549107879	-18.286099437624216	-2.7336247834054945	-2.7477903524870797	-0.014165569081585172	-14.260518074035645	-2.852103614807129	completed		128	NVIDIA GeForce RTX 3090	gpu15	257.0	0.19749216300940442
G196_minimal	DLVPR	5	81|82	326	esm2_t6_8M_UR50D	fair-esm pretrained esm2_t6_8M_UR50D	ESM2 full-sequence masked pseudo-log-likelihood	-877.4935554731637	-893.0233773104846	-15.529821837320924	-2.7336247834054945	-2.7393355132223456	-0.005710729816851057	-13.74376368522644	-2.748752737045288	completed		128	NVIDIA GeForce RTX 3090	gpu15	163.0	0.49216300940438873
G196_minimal	DLVPR	5	82|83	326	esm2_t6_8M_UR50D	fair-esm pretrained esm2_t6_8M_UR50D	ESM2 full-sequence masked pseudo-log-likelihood	-877.4935554731637	-893.021864480339	-15.528309007175267	-2.7336247834054945	-2.739330872639077	-0.00570608923358229	-13.795049667358398	-2.7590099334716798	completed		128	NVIDIA GeForce RTX 3090	gpu15	162.0	0.49529780564263326
G196_minimal	DLVPR	5	83|84	326	esm2_t6_8M_UR50D	fair-esm pretrained esm2_t6_8M_UR50D	ESM2 full-sequence masked pseudo-log-likelihood	-877.4935554731637	-895.1515444898978	-17.657989016734064	-2.7336247834054945	-2.7458636334045945	-0.012238849999099966	-15.155032634735107	-3.0310065269470217	completed		128	NVIDIA GeForce RTX 3090	gpu15	229.0	0.28526645768025083
G196_minimal	DLVPR	5	84|85	326	esm2_t6_8M_UR50D	fair-esm pretrained esm2_t6_8M_UR50D	ESM2 full-sequence masked pseudo-log-likelihood	-877.4935554731637	-891.9828285668045	-14.489273093640804	-2.7336247834054945	-2.736143645910443	-0.0025188625049485935	-13.307097434997559	-2.661419486999512	completed		128	NVIDIA GeForce RTX 3090	gpu15	117.0	0.6363636363636364
G196_minimal	DLVPR	5	85|86	326	esm2_t6_8M_UR50D	fair-esm pretrained esm2_t6_8M_UR50D	ESM2 full-sequence masked pseudo-log-likelihood	-877.4935554731637	-892.9292101645842	-15.435654691420496	-2.7336247834054945	-2.7390466569465772	-0.0054218735410827	-15.103164911270142	-3.0206329822540283	completed		128	NVIDIA GeForce RTX 3090	gpu15	157.0	0.5109717868338558
G196_minimal	DLVPR	5	86|87	326	esm2_t6_8M_UR50D	fair-esm pretrained esm2_t6_8M_UR50D	ESM2 full-sequence masked pseudo-log-likelihood	-877.4935554731637	-889.4286537477747	-11.935098274610937	-2.7336247834054945	-2.7283087538275295	0.005316029577965065	-12.620387077331543	-2.5240774154663086	completed		128	NVIDIA GeForce RTX 3090	gpu15	27.0	0.9184952978056427
G196_minimal	DLVPR	5	87|88	326	esm2_t6_8M_UR50D	fair-esm pretrained esm2_t6_8M_UR50D	ESM2 full-sequence masked pseudo-log-likelihood	-877.4935554731637	-892.5395435076207	-15.045988034456968	-2.7336247834054945	-2.737851360452824	-0.004226577047329538	-14.247549772262573	-2.8495099544525146	completed		128	NVIDIA GeForce RTX 3090	gpu15	142.0	0.5579937304075235
G196_minimal	DLVPR	5	88|89	326	esm2_t6_8M_UR50D	fair-esm pretrained esm2_t6_8M_UR50D	ESM2 full-sequence masked pseudo-log-likelihood	-877.4935554731637	-890.556168907322	-13.062613434158266	-2.7336247834054945	-2.7317673892862637	0.001857394119230804	-12.92725682258606	-2.585451364517212	completed		128	NVIDIA GeForce RTX 3090	gpu15	59.0	0.8181818181818181
G196_minimal	DLVPR	5	89|90	326	esm2_t6_8M_UR50D	fair-esm pretrained esm2_t6_8M_UR50D	ESM2 full-sequence masked pseudo-log-likelihood	-877.4935554731637	-891.4787519806996	-13.985196507535875	-2.7336247834054945	-2.7345973987138024	-0.0009726153083078337	-13.433804035186768	-2.6867608070373534	completed		128	NVIDIA GeForce RTX 3090	gpu15	96.0	0.7021943573667712
G196_minimal	DLVPR	5	90|91	326	esm2_t6_8M_UR50D	fair-esm pretrained esm2_t6_8M_UR50D	ESM2 full-sequence masked pseudo-log-likelihood	-877.4935554731637	-890.2939884057269	-12.800432932563126	-2.7336247834054945	-2.730963154618794	0.0026616287867007316	-13.109894514083862	-2.6219789028167724	completed		128	NVIDIA GeForce RTX 3090	gpu15	54.0	0.8338557993730408
G196_minimal	DLVPR	5	91|92	326	esm2_t6_8M_UR50D	fair-esm pretrained esm2_t6_8M_UR50D	ESM2 full-sequence masked pseudo-log-likelihood	-877.4935554731637	-890.9587775878608	-13.465222114697099	-2.7336247834054945	-2.7330023852388368	0.0006223981666577671	-10.881683468818665	-2.1763366937637327	completed		128	NVIDIA GeForce RTX 3090	gpu15	76.0	0.7648902821316614
G196_minimal	DLVPR	5	92|93	326	esm2_t6_8M_UR50D	fair-esm pretrained esm2_t6_8M_UR50D	ESM2 full-sequence masked pseudo-log-likelihood	-877.4935554731637	-891.3337994068861	-13.840243933722377	-2.7336247834054945	-2.7341527589168284	-0.000527975511333878	-11.78025484085083	-2.356050968170166	completed		128	NVIDIA GeForce RTX 3090	gpu15	87.0	0.7304075235109717
G196_minimal	DLVPR	5	93|94	326	esm2_t6_8M_UR50D	fair-esm pretrained esm2_t6_8M_UR50D	ESM2 full-sequence masked pseudo-log-likelihood	-877.4935554731637	-893.9787466013804	-16.485191128216684	-2.7336247834054945	-2.742266093869265	-0.00864131046377059	-15.281852006912231	-3.056370401382446	completed		128	NVIDIA GeForce RTX 3090	gpu15	195.0	0.3918495297805643
G196_minimal	DLVPR	5	94|95	326	esm2_t6_8M_UR50D	fair-esm pretrained esm2_t6_8M_UR50D	ESM2 full-sequence masked pseudo-log-likelihood	-877.4935554731637	-892.6488654324785	-15.155309959314764	-2.7336247834054945	-2.7381867037806087	-0.004561920375114159	-13.831602573394775	-2.766320514678955	completed		128	NVIDIA GeForce RTX 3090	gpu15	145.0	0.54858934169279
G196_minimal	DLVPR	5	95|96	326	esm2_t6_8M_UR50D	fair-esm pretrained esm2_t6_8M_UR50D	ESM2 full-sequence masked pseudo-log-likelihood	-877.4935554731637	-895.8066350538284	-18.313079580664635	-2.7336247834054945	-2.7478731136620502	-0.014248330256555697	-14.849989414215088	-2.9699978828430176	completed		128	NVIDIA GeForce RTX 3090	gpu15	258.0	0.1943573667711599
G196_minimal	DLVPR	5	96|97	326	esm2_t6_8M_UR50D	fair-esm pretrained esm2_t6_8M_UR50D	ESM2 full-sequence masked pseudo-log-likelihood	-877.4935554731637	-894.1953100757673	-16.701754602603614	-2.7336247834054945	-2.7429303990054215	-0.00930561559992693	-15.255067110061646	-3.0510134220123293	completed		128	NVIDIA GeForce RTX 3090	gpu15	204.0	0.36363636363636365
G196_minimal	DLVPR	5	97|98	326	esm2_t6_8M_UR50D	fair-esm pretrained esm2_t6_8M_UR50D	ESM2 full-sequence masked pseudo-log-likelihood	-877.4935554731637	-891.7775480607525	-14.283992587588727	-2.7336247834054945	-2.7355139511066024	-0.0018891677011079189	-13.887447834014893	-2.7774895668029784	completed		128	NVIDIA GeForce RTX 3090	gpu15	110.0	0.658307210031348
G196_minimal	DLVPR	5	98|99	326	esm2_t6_8M_UR50D	fair-esm pretrained esm2_t6_8M_UR50D	ESM2 full-sequence masked pseudo-log-likelihood	-877.4935554731637	-899.5829979917035	-22.089442518539727	-2.7336247834054945	-2.759457049054305	-0.02583226564881036	-16.49355912208557	-3.298711824417114	completed		128	NVIDIA GeForce RTX 3090	gpu15	301.0	0.059561128526645746
G196_minimal	DLVPR	5	99|100	326	esm2_t6_8M_UR50D	fair-esm pretrained esm2_t6_8M_UR50D	ESM2 full-sequence masked pseudo-log-likelihood	-877.4935554731637	-893.6086808321998	-16.11512535903603	-2.7336247834054945	-2.741130922798159	-0.007506139392664313	-14.317960143089294	-2.863592028617859	completed		128	NVIDIA GeForce RTX 3090	gpu15	181.0	0.4357366771159875
G196_minimal	DLVPR	5	100|101	326	esm2_t6_8M_UR50D	fair-esm pretrained esm2_t6_8M_UR50D	ESM2 full-sequence masked pseudo-log-likelihood	-877.4935554731637	-893.9120321627706	-16.418476689606905	-2.7336247834054945	-2.7420614483520573	-0.00843666494656281	-13.912445187568665	-2.782489037513733	completed		128	NVIDIA GeForce RTX 3090	gpu15	193.0	0.39811912225705326
G196_minimal	DLVPR	5	101|102	326	esm2_t6_8M_UR50D	fair-esm pretrained esm2_t6_8M_UR50D	ESM2 full-sequence masked pseudo-log-likelihood	-877.4935554731637	-895.7090626731515	-18.21550719998777	-2.7336247834054945	-2.747573811880833	-0.013949028475338299	-15.753026008605957	-3.1506052017211914	completed		128	NVIDIA GeForce RTX 3090	gpu15	256.0	0.20062695924764895
G196_minimal	DLVPR	5	102|103	326	esm2_t6_8M_UR50D	fair-esm pretrained esm2_t6_8M_UR50D	ESM2 full-sequence masked pseudo-log-likelihood	-877.4935554731637	-891.0327508067712	-13.539195333607495	-2.7336247834054945	-2.733229296953286	0.0003954864522084378	-13.34750485420227	-2.669500970840454	completed		128	NVIDIA GeForce RTX 3090	gpu15	79.0	0.755485893416928
G196_minimal	DLVPR	5	103|104	326	esm2_t6_8M_UR50D	fair-esm pretrained esm2_t6_8M_UR50D	ESM2 full-sequence masked pseudo-log-likelihood	-877.4935554731637	-893.684375083074	-16.19081960991025	-2.7336247834054945	-2.7413631137517607	-0.007738330346266142	-13.903315782546997	-2.7806631565093993	completed		128	NVIDIA GeForce RTX 3090	gpu15	186.0	0.42006269592476486
G196_minimal	DLVPR	5	104|105	326	esm2_t6_8M_UR50D	fair-esm pretrained esm2_t6_8M_UR50D	ESM2 full-sequence masked pseudo-log-likelihood	-877.4935554731637	-891.8262604074553	-14.332704934291542	-2.7336247834054945	-2.7356633754829915	-0.0020385920774970145	-14.421844840049744	-2.884368968009949	completed		128	NVIDIA GeForce RTX 3090	gpu15	113.0	0.6489028213166144
G196_minimal	DLVPR	5	105|106	326	esm2_t6_8M_UR50D	fair-esm pretrained esm2_t6_8M_UR50D	ESM2 full-sequence masked pseudo-log-likelihood	-877.4935554731637	-898.1492213401943	-20.65566586703062	-2.7336247834054945	-2.7550589611662404	-0.021434177760745854	-17.8114333152771	-3.5622866630554197	completed		128	NVIDIA GeForce RTX 3090	gpu15	293.0	0.08463949843260188
G196_minimal	DLVPR	5	106|107	326	esm2_t6_8M_UR50D	fair-esm pretrained esm2_t6_8M_UR50D	ESM2 full-sequence masked pseudo-log-likelihood	-877.4935554731637	-893.2496617734432	-15.756106300279498	-2.7336247834054945	-2.7400296373418502	-0.006404853936355703	-15.443012833595276	-3.088602566719055	completed		128	NVIDIA GeForce RTX 3090	gpu15	170.0	0.4702194357366771
G196_minimal	DLVPR	5	107|108	326	esm2_t6_8M_UR50D	fair-esm pretrained esm2_t6_8M_UR50D	ESM2 full-sequence masked pseudo-log-likelihood	-877.4935554731637	-890.5734863327816	-13.079930859617889	-2.7336247834054945	-2.7318205102232564	0.0018042731822380809	-13.816331028938293	-2.7632662057876587	completed		128	NVIDIA GeForce RTX 3090	gpu15	63.0	0.8056426332288401
G196_minimal	DLVPR	5	108|109	326	esm2_t6_8M_UR50D	fair-esm pretrained esm2_t6_8M_UR50D	ESM2 full-sequence masked pseudo-log-likelihood	-877.4935554731637	-894.173509743996	-16.67995427083224	-2.7336247834054945	-2.7428635268220734	-0.00923874341657882	-15.054247736930847	-3.0108495473861696	completed		128	NVIDIA GeForce RTX 3090	gpu15	202.0	0.3699059561128527
G196_minimal	DLVPR	5	109|110	326	esm2_t6_8M_UR50D	fair-esm pretrained esm2_t6_8M_UR50D	ESM2 full-sequence masked pseudo-log-likelihood	-877.4935554731637	-891.4161384673789	-13.92258299421519	-2.7336247834054945	-2.7344053327220212	-0.000780549316526713	-15.56340777873993	-3.1126815557479857	completed		128	NVIDIA GeForce RTX 3090	gpu15	90.0	0.7210031347962382
G196_minimal	DLVPR	5	110|111	326	esm2_t6_8M_UR50D	fair-esm pretrained esm2_t6_8M_UR50D	ESM2 full-sequence masked pseudo-log-likelihood	-877.4935554731637	-888.1652343794703	-10.671678906306624	-2.7336247834054945	-2.724433234292854	0.00919154911264064	-14.556942462921143	-2.9113884925842286	completed		128	NVIDIA GeForce RTX 3090	gpu15	10.0	0.9717868338557993
G196_minimal	DLVPR	5	111|112	326	esm2_t6_8M_UR50D	fair-esm pretrained esm2_t6_8M_UR50D	ESM2 full-sequence masked pseudo-log-likelihood	-877.4935554731637	-892.0803693048656	-14.586813831701875	-2.7336247834054945	-2.736442850628422	-0.002818067222927656	-15.716611981391907	-3.143322396278381	completed		128	NVIDIA GeForce RTX 3090	gpu15	123.0	0.6175548589341693
G196_minimal	DLVPR	5	112|113	326	esm2_t6_8M_UR50D	fair-esm pretrained esm2_t6_8M_UR50D	ESM2 full-sequence masked pseudo-log-likelihood	-877.4935554731637	-889.9294715560973	-12.435916082933545	-2.7336247834054945	-2.7298450047733045	0.003779778632190034	-14.091401100158691	-2.8182802200317383	completed		128	NVIDIA GeForce RTX 3090	gpu15	42.0	0.8714733542319749
G196_minimal	DLVPR	5	113|114	326	esm2_t6_8M_UR50D	fair-esm pretrained esm2_t6_8M_UR50D	ESM2 full-sequence masked pseudo-log-likelihood	-877.4935554731637	-890.2235211273655	-12.729965654201806	-2.7336247834054945	-2.730746997323207	0.0028777860822875034	-13.607535600662231	-2.721507120132446	completed		128	NVIDIA GeForce RTX 3090	gpu15	50.0	0.8463949843260188
G196_minimal	DLVPR	5	114|115	326	esm2_t6_8M_UR50D	fair-esm pretrained esm2_t6_8M_UR50D	ESM2 full-sequence masked pseudo-log-likelihood	-877.4935554731637	-891.1909612417221	-13.697405768558383	-2.7336247834054945	-2.7337146050359573	-8.982163046278302e-05	-13.764973878860474	-2.7529947757720947	completed		128	NVIDIA GeForce RTX 3090	gpu15	83.0	0.7429467084639498
G196_minimal	DLVPR	5	115|116	326	esm2_t6_8M_UR50D	fair-esm pretrained esm2_t6_8M_UR50D	ESM2 full-sequence masked pseudo-log-likelihood	-877.4935554731637	-891.2852181401104	-13.79166266694665	-2.7336247834054945	-2.7340037366261054	-0.0003789532206108781	-13.487483024597168	-2.6974966049194338	completed		128	NVIDIA GeForce RTX 3090	gpu15	86.0	0.7335423197492164
G196_minimal	DLVPR	5	116|117	326	esm2_t6_8M_UR50D	fair-esm pretrained esm2_t6_8M_UR50D	ESM2 full-sequence masked pseudo-log-likelihood	-877.4935554731637	-889.6379647711292	-12.144409297965467	-2.7336247834054945	-2.728950812181378	0.004673971224116613	-13.43607473373413	-2.6872149467468263	completed		128	NVIDIA GeForce RTX 3090	gpu15	33.0	0.8996865203761756
G196_minimal	DLVPR	5	117|118	326	esm2_t6_8M_UR50D	fair-esm pretrained esm2_t6_8M_UR50D	ESM2 full-sequence masked pseudo-log-likelihood	-877.4935554731637	-891.1578072514385	-13.664251778274775	-2.7336247834054945	-2.733612905679259	1.1877726235454134e-05	-12.55407989025116	-2.510815978050232	completed		128	NVIDIA GeForce RTX 3090	gpu15	81.0	0.7492163009404389
G196_minimal	DLVPR	5	118|119	326	esm2_t6_8M_UR50D	fair-esm pretrained esm2_t6_8M_UR50D	ESM2 full-sequence masked pseudo-log-likelihood	-877.4935554731637	-891.7481161411852	-14.25456066802144	-2.7336247834054945	-2.7354236691447396	-0.0017988857392450264	-12.60610580444336	-2.521221160888672	completed		128	NVIDIA GeForce RTX 3090	gpu15	108.0	0.664576802507837
G196_minimal	DLVPR	5	119|120	326	esm2_t6_8M_UR50D	fair-esm pretrained esm2_t6_8M_UR50D	ESM2 full-sequence masked pseudo-log-likelihood	-877.4935554731637	-894.249926536344	-16.756371063180268	-2.7336247834054945	-2.7430979341605646	-0.009473150755070048	-13.810021758079529	-2.762004351615906	completed		128	NVIDIA GeForce RTX 3090	gpu15	205.0	0.3605015673981191
G196_minimal	DLVPR	5	120|121	326	esm2_t6_8M_UR50D	fair-esm pretrained esm2_t6_8M_UR50D	ESM2 full-sequence masked pseudo-log-likelihood	-877.4935554731637	-894.3753979317844	-16.881842458620667	-2.7336247834054945	-2.74348281574167	-0.009858032336175437	-14.167833685874939	-2.833566737174988	completed		128	NVIDIA GeForce RTX 3090	gpu15	208.0	0.3510971786833855
G196_minimal	DLVPR	5	121|122	326	esm2_t6_8M_UR50D	fair-esm pretrained esm2_t6_8M_UR50D	ESM2 full-sequence masked pseudo-log-likelihood	-877.4935554731637	-895.3473630174994	-17.853807544335723	-2.7336247834054945	-2.746464303734661	-0.012839520329166465	-14.927199721336365	-2.9854399442672728	completed		128	NVIDIA GeForce RTX 3090	gpu15	239.0	0.25391849529780564
G196_minimal	DLVPR	5	122|123	326	esm2_t6_8M_UR50D	fair-esm pretrained esm2_t6_8M_UR50D	ESM2 full-sequence masked pseudo-log-likelihood	-877.4935554731637	-902.5345709482208	-25.041015475057065	-2.7336247834054945	-2.768510953828898	-0.034886170423403584	-17.194653272628784	-3.4389306545257567	completed		128	NVIDIA GeForce RTX 3090	gpu15	312.0	0.025078369905956133
G196_minimal	DLVPR	5	123|124	326	esm2_t6_8M_UR50D	fair-esm pretrained esm2_t6_8M_UR50D	ESM2 full-sequence masked pseudo-log-likelihood	-877.4935554731637	-903.9558921335265	-26.46233666036278	-2.7336247834054945	-2.7728708347654187	-0.039246051359924206	-17.839796781539917	-3.567959356307983	completed		128	NVIDIA GeForce RTX 3090	gpu15	314.0	0.018808777429467072
G196_minimal	DLVPR	5	124|125	326	esm2_t6_8M_UR50D	fair-esm pretrained esm2_t6_8M_UR50D	ESM2 full-sequence masked pseudo-log-likelihood	-877.4935554731637	-906.1937748081982	-28.70021933503449	-2.7336247834054945	-2.77973550554662	-0.04611072214112566	-19.417832136154175	-3.883566427230835	completed		128	NVIDIA GeForce RTX 3090	gpu15	315.0	0.01567398119122254
G196_minimal	DLVPR	5	125|126	326	esm2_t6_8M_UR50D	fair-esm pretrained esm2_t6_8M_UR50D	ESM2 full-sequence masked pseudo-log-likelihood	-877.4935554731637	-909.660801676102	-32.16724620293826	-2.7336247834054945	-2.7903705572886564	-0.05674577388316182	-20.303096175193787	-4.060619235038757	completed		128	NVIDIA GeForce RTX 3090	gpu15	317.0	0.009404388714733591
G196_minimal	DLVPR	5	126|127	326	esm2_t6_8M_UR50D	fair-esm pretrained esm2_t6_8M_UR50D	ESM2 full-sequence masked pseudo-log-likelihood	-877.4935554731637	-906.2109352648258	-28.717379791662097	-2.7336247834054945	-2.779788144984128	-0.046163361578633655	-18.795769333839417	-3.759153866767883	completed		128	NVIDIA GeForce RTX 3090	gpu15	316.0	0.01253918495297801
G196_minimal	DLVPR	5	127|128	326	esm2_t6_8M_UR50D	fair-esm pretrained esm2_t6_8M_UR50D	ESM2 full-sequence masked pseudo-log-likelihood	-877.4935554731637	-911.0444635748863	-33.5509081017226	-2.7336247834054945	-2.794614918941369	-0.0609901355358744	-18.8966064453125	-3.7793212890625	completed		128	NVIDIA GeForce RTX 3090	gpu15	318.0	0.006269592476489061
G196_minimal	DLVPR	5	128|129	326	esm2_t6_8M_UR50D	fair-esm pretrained esm2_t6_8M_UR50D	ESM2 full-sequence masked pseudo-log-likelihood	-877.4935554731637	-912.9509201049805	-35.457364631816745	-2.7336247834054945	-2.800462945107302	-0.06683816170180767	-17.142019510269165	-3.428403902053833	completed		128	NVIDIA GeForce RTX 3090	gpu15	319.0	0.0031347962382445305
G196_minimal	DLVPR	5	129|130	326	esm2_t6_8M_UR50D	fair-esm pretrained esm2_t6_8M_UR50D	ESM2 full-sequence masked pseudo-log-likelihood	-877.4935554731637	-916.809043854475	-39.3154883813113	-2.7336247834054945	-2.8122976805351994	-0.07867289712970482	-29.645387887954712	-5.929077577590943	completed		128	NVIDIA GeForce RTX 3090	gpu15	320.0	0.0
G196_minimal	DLVPR	5	130|131	326	esm2_t6_8M_UR50D	fair-esm pretrained esm2_t6_8M_UR50D	ESM2 full-sequence masked pseudo-log-likelihood	-877.4935554731637	-901.8632661085576	-24.369710635393858	-2.7336247834054945	-2.7664517365293175	-0.032826953123823	-18.98430645465851	-3.7968612909317017	completed		128	NVIDIA GeForce RTX 3090	gpu15	309.0	0.03448275862068961
G196_minimal	DLVPR	5	131|132	326	esm2_t6_8M_UR50D	fair-esm pretrained esm2_t6_8M_UR50D	ESM2 full-sequence masked pseudo-log-likelihood	-877.4935554731637	-893.7475660964847	-16.254010623320937	-2.7336247834054945	-2.741556951216211	-0.007932167810716262	-17.210667967796326	-3.442133593559265	completed		128	NVIDIA GeForce RTX 3090	gpu15	189.0	0.4106583072100314
G196_minimal	DLVPR	5	132|133	326	esm2_t6_8M_UR50D	fair-esm pretrained esm2_t6_8M_UR50D	ESM2 full-sequence masked pseudo-log-likelihood	-877.4935554731637	-901.3750420734286	-23.881486600264907	-2.7336247834054945	-2.7649541167896583	-0.03132933338416377	-19.06170690059662	-3.8123413801193236	completed		128	NVIDIA GeForce RTX 3090	gpu15	308.0	0.037617554858934144
G196_minimal	DLVPR	5	133|134	326	esm2_t6_8M_UR50D	fair-esm pretrained esm2_t6_8M_UR50D	ESM2 full-sequence masked pseudo-log-likelihood	-877.4935554731637	-903.3660602178425	-25.872504744678736	-2.7336247834054945	-2.77106153441056	-0.03743675100506527	-21.1531081199646	-4.23062162399292	completed		128	NVIDIA GeForce RTX 3090	gpu15	313.0	0.021943573667711602
G196_minimal	DLVPR	5	134|135	326	esm2_t6_8M_UR50D	fair-esm pretrained esm2_t6_8M_UR50D	ESM2 full-sequence masked pseudo-log-likelihood	-877.4935554731637	-899.5573408901691	-22.06378541700542	-2.7336247834054945	-2.7593783462888624	-0.02575356288336783	-14.076351642608643	-2.8152703285217284	completed		128	NVIDIA GeForce RTX 3090	gpu15	300.0	0.06269592476489028
G196_minimal	DLVPR	5	135|136	326	esm2_t6_8M_UR50D	fair-esm pretrained esm2_t6_8M_UR50D	ESM2 full-sequence masked pseudo-log-likelihood	-877.4935554731637	-894.3867092961445	-16.89315382298082	-2.7336247834054945	-2.7435175131783573	-0.009892729772862818	-13.726768016815186	-2.745353603363037	completed		128	NVIDIA GeForce RTX 3090	gpu15	210.0	0.3448275862068966
G196_minimal	DLVPR	5	136|137	326	esm2_t6_8M_UR50D	fair-esm pretrained esm2_t6_8M_UR50D	ESM2 full-sequence masked pseudo-log-likelihood	-877.4935554731637	-898.203084576875	-20.709529103711247	-2.7336247834054945	-2.755224185818635	-0.02159940241314029	-16.804455280303955	-3.360891056060791	completed		128	NVIDIA GeForce RTX 3090	gpu15	295.0	0.07836990595611282
G196_minimal	DLVPR	5	137|138	326	esm2_t6_8M_UR50D	fair-esm pretrained esm2_t6_8M_UR50D	ESM2 full-sequence masked pseudo-log-likelihood	-877.4935554731637	-894.5603359667584	-17.066780493594706	-2.7336247834054945	-2.7440501103274797	-0.010425326921985167	-16.011256217956543	-3.2022512435913084	completed		128	NVIDIA GeForce RTX 3090	gpu15	215.0	0.32915360501567403
G196_minimal	DLVPR	5	138|139	326	esm2_t6_8M_UR50D	fair-esm pretrained esm2_t6_8M_UR50D	ESM2 full-sequence masked pseudo-log-likelihood	-877.4935554731637	-890.6242120731622	-13.130656599998474	-2.7336247834054945	-2.731976110653872	0.0016486727516227262	-16.39639174938202	-3.279278349876404	completed		128	NVIDIA GeForce RTX 3090	gpu15	68.0	0.7899686520376176
G196_minimal	DLVPR	5	139|140	326	esm2_t6_8M_UR50D	fair-esm pretrained esm2_t6_8M_UR50D	ESM2 full-sequence masked pseudo-log-likelihood	-877.4935554731637	-891.4199912250042	-13.926435751840472	-2.7336247834054945	-2.7344171509969453	-0.0007923675914507378	-15.952202320098877	-3.190440464019775	completed		128	NVIDIA GeForce RTX 3090	gpu15	92.0	0.7147335423197492
G196_minimal	DLVPR	5	140|141	326	esm2_t6_8M_UR50D	fair-esm pretrained esm2_t6_8M_UR50D	ESM2 full-sequence masked pseudo-log-likelihood	-877.4935554731637	-895.1773864040151	-17.6838309308514	-2.7336247834054945	-2.745942903079801	-0.012318119674306516	-18.549617052078247	-3.7099234104156493	completed		128	NVIDIA GeForce RTX 3090	gpu15	230.0	0.2821316614420063
G196_minimal	DLVPR	5	141|142	326	esm2_t6_8M_UR50D	fair-esm pretrained esm2_t6_8M_UR50D	ESM2 full-sequence masked pseudo-log-likelihood	-877.4935554731637	-889.6508193216287	-12.157263848464936	-2.7336247834054945	-2.728990243317879	0.004634540087615324	-15.12632155418396	-3.025264310836792	completed		128	NVIDIA GeForce RTX 3090	gpu15	34.0	0.896551724137931
G196_minimal	DLVPR	5	142|143	326	esm2_t6_8M_UR50D	fair-esm pretrained esm2_t6_8M_UR50D	ESM2 full-sequence masked pseudo-log-likelihood	-877.4935554731637	-891.1539550311863	-13.660399558022618	-2.7336247834054945	-2.7336010890527187	2.36943527758271e-05	-15.463869333267212	-3.0927738666534426	completed		128	NVIDIA GeForce RTX 3090	gpu15	80.0	0.7523510971786834
G196_minimal	DLVPR	5	143|144	326	esm2_t6_8M_UR50D	fair-esm pretrained esm2_t6_8M_UR50D	ESM2 full-sequence masked pseudo-log-likelihood	-877.4935554731637	-890.8192446683533	-13.325689195189625	-2.7336247834054945	-2.732574370148323	0.0010504132571713676	-15.248115301132202	-3.0496230602264403	completed		128	NVIDIA GeForce RTX 3090	gpu15	72.0	0.7774294670846396
G196_minimal	DLVPR	5	144|145	326	esm2_t6_8M_UR50D	fair-esm pretrained esm2_t6_8M_UR50D	ESM2 full-sequence masked pseudo-log-likelihood	-877.4935554731637	-890.9309609285556	-13.437405455391854	-2.7336247834054945	-2.732917058063054	0.0007077253424405683	-13.980249524116516	-2.7960499048233034	completed		128	NVIDIA GeForce RTX 3090	gpu15	75.0	0.768025078369906
G196_minimal	DLVPR	5	145|146	326	esm2_t6_8M_UR50D	fair-esm pretrained esm2_t6_8M_UR50D	ESM2 full-sequence masked pseudo-log-likelihood	-877.4935554731637	-889.3813190418296	-11.887763568665832	-2.7336247834054945	-2.7281635553430355	0.005461228062459078	-14.340795755386353	-2.8681591510772706	completed		128	NVIDIA GeForce RTX 3090	gpu15	26.0	0.9216300940438872
G196_minimal	DLVPR	5	146|147	326	esm2_t6_8M_UR50D	fair-esm pretrained esm2_t6_8M_UR50D	ESM2 full-sequence masked pseudo-log-likelihood	-877.4935554731637	-889.970130498521	-12.476575025357306	-2.7336247834054945	-2.729969725455586	0.0036550579499086133	-13.857321858406067	-2.7714643716812133	completed		128	NVIDIA GeForce RTX 3090	gpu15	43.0	0.8683385579937304
G196_minimal	DLVPR	5	147|148	326	esm2_t6_8M_UR50D	fair-esm pretrained esm2_t6_8M_UR50D	ESM2 full-sequence masked pseudo-log-likelihood	-877.4935554731637	-892.2930573383346	-14.799501865170896	-2.7336247834054945	-2.7370952679090017	-0.0034704845035071763	-14.257615804672241	-2.8515231609344482	completed		128	NVIDIA GeForce RTX 3090	gpu15	134.0	0.5830721003134796
G196_minimal	DLVPR	5	148|149	326	esm2_t6_8M_UR50D	fair-esm pretrained esm2_t6_8M_UR50D	ESM2 full-sequence masked pseudo-log-likelihood	-877.4935554731637	-891.8835801971145	-14.390024723950773	-2.7336247834054945	-2.7358392030586334	-0.002214419653138844	-14.427103757858276	-2.8854207515716555	completed		128	NVIDIA GeForce RTX 3090	gpu15	115.0	0.6426332288401254
G196_minimal	DLVPR	5	149|150	326	esm2_t6_8M_UR50D	fair-esm pretrained esm2_t6_8M_UR50D	ESM2 full-sequence masked pseudo-log-likelihood	-877.4935554731637	-891.5860313954763	-14.092475922312587	-2.7336247834054945	-2.73492647667324	-0.0013016932677456516	-14.70848822593689	-2.9416976451873778	completed		128	NVIDIA GeForce RTX 3090	gpu15	100.0	0.6896551724137931
G196_minimal	DLVPR	5	150|151	326	esm2_t6_8M_UR50D	fair-esm pretrained esm2_t6_8M_UR50D	ESM2 full-sequence masked pseudo-log-likelihood	-877.4935554731637	-892.0492937453091	-14.55573827214539	-2.7336247834054945	-2.7363475268261017	-0.0027227434206071877	-15.218225717544556	-3.043645143508911	completed		128	NVIDIA GeForce RTX 3090	gpu15	119.0	0.6300940438871474
G196_minimal	DLVPR	5	151|152	326	esm2_t6_8M_UR50D	fair-esm pretrained esm2_t6_8M_UR50D	ESM2 full-sequence masked pseudo-log-likelihood	-877.4935554731637	-890.0981998075731	-12.604644334409386	-2.7336247834054945	-2.73036257609685	0.0032622073086443493	-13.567489624023438	-2.7134979248046873	completed		128	NVIDIA GeForce RTX 3090	gpu15	46.0	0.8589341692789969
G196_minimal	DLVPR	5	152|153	326	esm2_t6_8M_UR50D	fair-esm pretrained esm2_t6_8M_UR50D	ESM2 full-sequence masked pseudo-log-likelihood	-877.4935554731637	-888.3112997114658	-10.817744238302112	-2.7336247834054945	-2.724881287458484	0.008743495947010516	-14.002851963043213	-2.8005703926086425	completed		128	NVIDIA GeForce RTX 3090	gpu15	11.0	0.9686520376175549
G196_minimal	DLVPR	5	153|154	326	esm2_t6_8M_UR50D	fair-esm pretrained esm2_t6_8M_UR50D	ESM2 full-sequence masked pseudo-log-likelihood	-877.4935554731637	-889.0427191290073	-11.549163655843586	-2.7336247834054945	-2.7271249053037034	0.00649987810179109	-14.481791377067566	-2.896358275413513	completed		128	NVIDIA GeForce RTX 3090	gpu15	20.0	0.9404388714733543
G196_minimal	DLVPR	5	154|155	326	esm2_t6_8M_UR50D	fair-esm pretrained esm2_t6_8M_UR50D	ESM2 full-sequence masked pseudo-log-likelihood	-877.4935554731637	-888.8881240012124	-11.394568528048694	-2.7336247834054945	-2.7266506871202836	0.006974096285210951	-15.57023310661316	-3.1140466213226317	completed		128	NVIDIA GeForce RTX 3090	gpu15	19.0	0.9435736677115988
G196_minimal	DLVPR	5	155|156	326	esm2_t6_8M_UR50D	fair-esm pretrained esm2_t6_8M_UR50D	ESM2 full-sequence masked pseudo-log-likelihood	-877.4935554731637	-888.818329885602	-11.324774412438273	-2.7336247834054945	-2.72643659474111	0.00718818866438431	-13.709862112998962	-2.7419724225997926	completed		128	NVIDIA GeForce RTX 3090	gpu15	18.0	0.9467084639498433
G196_minimal	DLVPR	5	156|157	326	esm2_t6_8M_UR50D	fair-esm pretrained esm2_t6_8M_UR50D	ESM2 full-sequence masked pseudo-log-likelihood	-877.4935554731637	-893.000408930704	-15.506853457540274	-2.7336247834054945	-2.7392650580696443	-0.005640274664149736	-15.093753337860107	-3.0187506675720215	completed		128	NVIDIA GeForce RTX 3090	gpu15	160.0	0.5015673981191222
G196_minimal	DLVPR	5	157|158	326	esm2_t6_8M_UR50D	fair-esm pretrained esm2_t6_8M_UR50D	ESM2 full-sequence masked pseudo-log-likelihood	-877.4935554731637	-891.3916876022704	-13.89813212910667	-2.7336247834054945	-2.734330330068314	-0.0007055466628194118	-14.427303552627563	-2.885460710525513	completed		128	NVIDIA GeForce RTX 3090	gpu15	89.0	0.7241379310344828
G196_minimal	DLVPR	5	158|159	326	esm2_t6_8M_UR50D	fair-esm pretrained esm2_t6_8M_UR50D	ESM2 full-sequence masked pseudo-log-likelihood	-877.4935554731637	-889.718316485174	-12.224761012010276	-2.7336247834054945	-2.729197289831822	0.004427493573672336	-14.43934428691864	-2.887868857383728	completed		128	NVIDIA GeForce RTX 3090	gpu15	36.0	0.890282131661442
G196_minimal	DLVPR	5	159|160	326	esm2_t6_8M_UR50D	fair-esm pretrained esm2_t6_8M_UR50D	ESM2 full-sequence masked pseudo-log-likelihood	-877.4935554731637	-891.6882070451975	-14.194651572033763	-2.7336247834054945	-2.7352398989116486	-0.001615115506154119	-15.210578203201294	-3.042115640640259	completed		128	NVIDIA GeForce RTX 3090	gpu15	105.0	0.6739811912225706
G196_minimal	DLVPR	5	160|161	326	esm2_t6_8M_UR50D	fair-esm pretrained esm2_t6_8M_UR50D	ESM2 full-sequence masked pseudo-log-likelihood	-877.4935554731637	-891.181044921279	-13.68748944811523	-2.7336247834054945	-2.733684186875089	-5.940346959443232e-05	-15.47247838973999	-3.094495677947998	completed		128	NVIDIA GeForce RTX 3090	gpu15	82.0	0.7460815047021944
G196_minimal	DLVPR	5	161|162	326	esm2_t6_8M_UR50D	fair-esm pretrained esm2_t6_8M_UR50D	ESM2 full-sequence masked pseudo-log-likelihood	-877.4935554731637	-890.5633914032951	-13.069835930131376	-2.7336247834054945	-2.7317895441818867	0.001835239223607843	-15.22745430469513	-3.045490860939026	completed		128	NVIDIA GeForce RTX 3090	gpu15	60.0	0.8150470219435737
G196_minimal	DLVPR	5	162|163	326	esm2_t6_8M_UR50D	fair-esm pretrained esm2_t6_8M_UR50D	ESM2 full-sequence masked pseudo-log-likelihood	-877.4935554731637	-893.6671606516466	-16.17360517848283	-2.7336247834054945	-2.7413103087473822	-0.007685525341887711	-15.280218601226807	-3.0560437202453614	completed		128	NVIDIA GeForce RTX 3090	gpu15	185.0	0.4231974921630094
G196_minimal	DLVPR	5	163|164	326	esm2_t6_8M_UR50D	fair-esm pretrained esm2_t6_8M_UR50D	ESM2 full-sequence masked pseudo-log-likelihood	-877.4935554731637	-892.6819228250533	-15.18836735188961	-2.7336247834054945	-2.738288106825317	-0.0046633234198223406	-14.164832949638367	-2.8329665899276733	completed		128	NVIDIA GeForce RTX 3090	gpu15	147.0	0.542319749216301
G196_minimal	DLVPR	5	164|165	326	esm2_t6_8M_UR50D	fair-esm pretrained esm2_t6_8M_UR50D	ESM2 full-sequence masked pseudo-log-likelihood	-877.4935554731637	-895.3148637707345	-17.821308297570795	-2.7336247834054945	-2.746364612793664	-0.012739829388169532	-14.147976636886597	-2.8295953273773193	completed		128	NVIDIA GeForce RTX 3090	gpu15	236.0	0.2633228840125392
G196_minimal	DLVPR	5	165|166	326	esm2_t6_8M_UR50D	fair-esm pretrained esm2_t6_8M_UR50D	ESM2 full-sequence masked pseudo-log-likelihood	-877.4935554731637	-896.0149956634268	-18.521440190263093	-2.7336247834054945	-2.7485122566362787	-0.01488747323078421	-18.179600715637207	-3.6359201431274415	completed		128	NVIDIA GeForce RTX 3090	gpu15	262.0	0.18181818181818177
G196_minimal	DLVPR	5	166|167	326	esm2_t6_8M_UR50D	fair-esm pretrained esm2_t6_8M_UR50D	ESM2 full-sequence masked pseudo-log-likelihood	-877.4935554731637	-897.7009907998145	-20.20743532665074	-2.7336247834054945	-2.7536840208583264	-0.02005923745283189	-16.79204225540161	-3.3584084510803223	completed		128	NVIDIA GeForce RTX 3090	gpu15	287.0	0.10344827586206895
G196_minimal	DLVPR	5	167|168	326	esm2_t6_8M_UR50D	fair-esm pretrained esm2_t6_8M_UR50D	ESM2 full-sequence masked pseudo-log-likelihood	-877.4935554731637	-901.9529690630734	-24.459413589909673	-2.7336247834054945	-2.766726898966483	-0.0331021155609883	-20.537818670272827	-4.107563734054565	completed		128	NVIDIA GeForce RTX 3090	gpu15	311.0	0.028213166144200663
G196_minimal	DLVPR	5	168|169	326	esm2_t6_8M_UR50D	fair-esm pretrained esm2_t6_8M_UR50D	ESM2 full-sequence masked pseudo-log-likelihood	-877.4935554731637	-892.8653604388237	-15.371804965659976	-2.7336247834054945	-2.738850798892097	-0.00522601548660262	-19.402597188949585	-3.880519437789917	completed		128	NVIDIA GeForce RTX 3090	gpu15	154.0	0.5203761755485894
G196_minimal	DLVPR	5	169|170	326	esm2_t6_8M_UR50D	fair-esm pretrained esm2_t6_8M_UR50D	ESM2 full-sequence masked pseudo-log-likelihood	-877.4935554731637	-887.9498099070042	-10.456254433840513	-2.7336247834054945	-2.7237724230276203	0.00985236037787418	-14.98398444056511	-2.996796888113022	completed		128	NVIDIA GeForce RTX 3090	gpu15	8.0	0.9780564263322884
G196_minimal	DLVPR	5	170|171	326	esm2_t6_8M_UR50D	fair-esm pretrained esm2_t6_8M_UR50D	ESM2 full-sequence masked pseudo-log-likelihood	-877.4935554731637	-890.5668945647776	-13.073339091613889	-2.7336247834054945	-2.731800290076005	0.0018244933294897514	-16.710081100463867	-3.3420162200927734	completed		128	NVIDIA GeForce RTX 3090	gpu15	61.0	0.8119122257053292
G196_minimal	DLVPR	5	171|172	326	esm2_t6_8M_UR50D	fair-esm pretrained esm2_t6_8M_UR50D	ESM2 full-sequence masked pseudo-log-likelihood	-877.4935554731637	-885.487160214223	-7.993604741059244	-2.7336247834054945	-2.7162182828657144	0.0174065005397801	-12.898819297552109	-2.5797638595104218	completed		128	NVIDIA GeForce RTX 3090	gpu15	3.0	0.9937304075235109
G196_minimal	DLVPR	5	172|173	326	esm2_t6_8M_UR50D	fair-esm pretrained esm2_t6_8M_UR50D	ESM2 full-sequence masked pseudo-log-likelihood	-877.4935554731637	-888.776907200925	-11.283351727761328	-2.7336247834054945	-2.726309531291181	0.0073152521143136084	-11.935234546661377	-2.3870469093322755	completed		128	NVIDIA GeForce RTX 3090	gpu15	16.0	0.9529780564263323
G196_minimal	DLVPR	5	173|174	326	esm2_t6_8M_UR50D	fair-esm pretrained esm2_t6_8M_UR50D	ESM2 full-sequence masked pseudo-log-likelihood	-877.4935554731637	-886.311850219965	-8.818294746801257	-2.7336247834054945	-2.7187480068097085	0.014876776595786012	-14.152360677719116	-2.830472135543823	completed		128	NVIDIA GeForce RTX 3090	gpu15	5.0	0.987460815047022
G196_minimal	DLVPR	5	174|175	326	esm2_t6_8M_UR50D	fair-esm pretrained esm2_t6_8M_UR50D	ESM2 full-sequence masked pseudo-log-likelihood	-877.4935554731637	-889.1866845842451	-11.693129111081362	-2.7336247834054945	-2.727566517129586	0.0060582662759083306	-15.660218238830566	-3.132043647766113	completed		128	NVIDIA GeForce RTX 3090	gpu15	24.0	0.9278996865203761
G196_minimal	DLVPR	5	175|176	326	esm2_t6_8M_UR50D	fair-esm pretrained esm2_t6_8M_UR50D	ESM2 full-sequence masked pseudo-log-likelihood	-877.4935554731637	-891.4898714758456	-13.996316002681851	-2.7336247834054945	-2.734631507594618	-0.00100672418912362	-15.434235334396362	-3.0868470668792725	completed		128	NVIDIA GeForce RTX 3090	gpu15	97.0	0.6990595611285266
G196_minimal	DLVPR	5	176|177	326	esm2_t6_8M_UR50D	fair-esm pretrained esm2_t6_8M_UR50D	ESM2 full-sequence masked pseudo-log-likelihood	-877.4935554731637	-892.273141330108	-14.779585856944323	-2.7336247834054945	-2.737034175859227	-0.003409392453732618	-15.649871826171875	-3.129974365234375	completed		128	NVIDIA GeForce RTX 3090	gpu15	132.0	0.5893416927899686
G196_minimal	DLVPR	5	177|178	326	esm2_t6_8M_UR50D	fair-esm pretrained esm2_t6_8M_UR50D	ESM2 full-sequence masked pseudo-log-likelihood	-877.4935554731637	-893.6002140901983	-16.106658617034554	-2.7336247834054945	-2.7411049511969274	-0.007480167791432901	-16.72517728805542	-3.345035457611084	completed		128	NVIDIA GeForce RTX 3090	gpu15	180.0	0.43887147335423193
G196_minimal	DLVPR	5	178|179	326	esm2_t6_8M_UR50D	fair-esm pretrained esm2_t6_8M_UR50D	ESM2 full-sequence masked pseudo-log-likelihood	-877.4935554731637	-896.0392650812864	-18.545709608122706	-2.7336247834054945	-2.748586702703333	-0.0149619192978383	-16.088752031326294	-3.217750406265259	completed		128	NVIDIA GeForce RTX 3090	gpu15	264.0	0.17554858934169282
G196_minimal	DLVPR	5	179|180	326	esm2_t6_8M_UR50D	fair-esm pretrained esm2_t6_8M_UR50D	ESM2 full-sequence masked pseudo-log-likelihood	-877.4935554731637	-897.6942698638886	-20.200714390724897	-2.7336247834054945	-2.7536634044904558	-0.02003862108496124	-15.983376502990723	-3.1966753005981445	completed		128	NVIDIA GeForce RTX 3090	gpu15	286.0	0.10658307210031348
G196_minimal	DLVPR	5	180|181	326	esm2_t6_8M_UR50D	fair-esm pretrained esm2_t6_8M_UR50D	ESM2 full-sequence masked pseudo-log-likelihood	-877.4935554731637	-895.6004912266508	-18.10693575348705	-2.7336247834054945	-2.747240770633898	-0.013615987228403625	-16.097514152526855	-3.219502830505371	completed		128	NVIDIA GeForce RTX 3090	gpu15	249.0	0.22257053291536055
G196_minimal	DLVPR	5	181|182	326	esm2_t6_8M_UR50D	fair-esm pretrained esm2_t6_8M_UR50D	ESM2 full-sequence masked pseudo-log-likelihood	-877.4935554731637	-895.6914081769064	-18.197852703742683	-2.7336247834054945	-2.7475196569843754	-0.013894873578880862	-15.730883359909058	-3.1461766719818116	completed		128	NVIDIA GeForce RTX 3090	gpu15	254.0	0.2068965517241379
G196_minimal	DLVPR	5	182|183	326	esm2_t6_8M_UR50D	fair-esm pretrained esm2_t6_8M_UR50D	ESM2 full-sequence masked pseudo-log-likelihood	-877.4935554731637	-892.8837484689429	-15.390192995779216	-2.7336247834054945	-2.738907203892463	-0.0052824204869685865	-14.053878784179688	-2.8107757568359375	completed		128	NVIDIA GeForce RTX 3090	gpu15	155.0	0.5172413793103448
G196_minimal	DLVPR	5	183|184	326	esm2_t6_8M_UR50D	fair-esm pretrained esm2_t6_8M_UR50D	ESM2 full-sequence masked pseudo-log-likelihood	-877.4935554731637	-900.7897920645773	-23.296236591413617	-2.7336247834054945	-2.7631588713637343	-0.029534087958239752	-15.634067058563232	-3.1268134117126465	completed		128	NVIDIA GeForce RTX 3090	gpu15	307.0	0.040752351097178674
G196_minimal	DLVPR	5	184|185	326	esm2_t6_8M_UR50D	fair-esm pretrained esm2_t6_8M_UR50D	ESM2 full-sequence masked pseudo-log-likelihood	-877.4935554731637	-900.3521971041337	-22.85864163096994	-2.7336247834054945	-2.7618165555341525	-0.028191772128657977	-15.716811418533325	-3.143362283706665	completed		128	NVIDIA GeForce RTX 3090	gpu15	304.0	0.050156739811912265
G196_minimal	DLVPR	5	185|186	326	esm2_t6_8M_UR50D	fair-esm pretrained esm2_t6_8M_UR50D	ESM2 full-sequence masked pseudo-log-likelihood	-877.4935554731637	-898.1643822109327	-20.670826737768948	-2.7336247834054945	-2.7551054669047015	-0.021480683499206954	-15.07009744644165	-3.01401948928833	completed		128	NVIDIA GeForce RTX 3090	gpu15	294.0	0.08150470219435735
G196_minimal	DLVPR	5	186|187	326	esm2_t6_8M_UR50D	fair-esm pretrained esm2_t6_8M_UR50D	ESM2 full-sequence masked pseudo-log-likelihood	-877.4935554731637	-901.9433504026383	-24.449794929474592	-2.7336247834054945	-2.7666973938731236	-0.033072610467629104	-17.337944507598877	-3.4675889015197754	completed		128	NVIDIA GeForce RTX 3090	gpu15	310.0	0.031347962382445194
G196_minimal	DLVPR	5	187|188	326	esm2_t6_8M_UR50D	fair-esm pretrained esm2_t6_8M_UR50D	ESM2 full-sequence masked pseudo-log-likelihood	-877.4935554731637	-897.2007547421381	-19.707199268974364	-2.7336247834054945	-2.7521495544237364	-0.018524771018241903	-14.912380695343018	-2.9824761390686034	completed		128	NVIDIA GeForce RTX 3090	gpu15	278.0	0.1316614420062696
G196_minimal	DLVPR	5	188|189	326	esm2_t6_8M_UR50D	fair-esm pretrained esm2_t6_8M_UR50D	ESM2 full-sequence masked pseudo-log-likelihood	-877.4935554731637	-896.5625322749838	-19.0689768018201	-2.7336247834054945	-2.750191816794429	-0.016567033388934505	-13.730504512786865	-2.746100902557373	completed		128	NVIDIA GeForce RTX 3090	gpu15	271.0	0.15360501567398122
G196_minimal	DLVPR	5	189|190	326	esm2_t6_8M_UR50D	fair-esm pretrained esm2_t6_8M_UR50D	ESM2 full-sequence masked pseudo-log-likelihood	-877.4935554731637	-896.4268359942362	-18.933280521072447	-2.7336247834054945	-2.749775570534467	-0.016150787128972333	-15.110682487487793	-3.0221364974975584	completed		128	NVIDIA GeForce RTX 3090	gpu15	270.0	0.15673981191222575
G196_minimal	DLVPR	5	190|191	326	esm2_t6_8M_UR50D	fair-esm pretrained esm2_t6_8M_UR50D	ESM2 full-sequence masked pseudo-log-likelihood	-877.4935554731637	-897.6854853453115	-20.19192987214774	-2.7336247834054945	-2.7536364581144523	-0.020011674708957816	-15.407970428466797	-3.0815940856933595	completed		128	NVIDIA GeForce RTX 3090	gpu15	285.0	0.10971786833855801
G196_minimal	DLVPR	5	191|192	326	esm2_t6_8M_UR50D	fair-esm pretrained esm2_t6_8M_UR50D	ESM2 full-sequence masked pseudo-log-likelihood	-877.4935554731637	-894.7747042411938	-17.281148768030107	-2.7336247834054945	-2.7447076817214535	-0.011082898315958989	-13.383631825447083	-2.6767263650894164	completed		128	NVIDIA GeForce RTX 3090	gpu15	221.0	0.31034482758620685
G196_minimal	DLVPR	5	192|193	326	esm2_t6_8M_UR50D	fair-esm pretrained esm2_t6_8M_UR50D	ESM2 full-sequence masked pseudo-log-likelihood	-877.4935554731637	-895.6786347720772	-18.18507929891348	-2.7336247834054945	-2.747480474760973	-0.013855691355478594	-14.280019998550415	-2.856003999710083	completed		128	NVIDIA GeForce RTX 3090	gpu15	253.0	0.21003134796238243
G196_minimal	DLVPR	5	193|194	326	esm2_t6_8M_UR50D	fair-esm pretrained esm2_t6_8M_UR50D	ESM2 full-sequence masked pseudo-log-likelihood	-877.4935554731637	-897.8261098600924	-20.332554386928678	-2.7336247834054945	-2.7540678216567254	-0.02044303825123084	-15.138794660568237	-3.0277589321136475	completed		128	NVIDIA GeForce RTX 3090	gpu15	289.0	0.09717868338557989
G196_minimal	DLVPR	5	194|195	326	esm2_t6_8M_UR50D	fair-esm pretrained esm2_t6_8M_UR50D	ESM2 full-sequence masked pseudo-log-likelihood	-877.4935554731637	-895.3466173289344	-17.853061855770648	-2.7336247834054945	-2.7464620163464244	-0.012837232940929866	-14.013855457305908	-2.8027710914611816	completed		128	NVIDIA GeForce RTX 3090	gpu15	238.0	0.25705329153605017
G196_minimal	DLVPR	5	195|196	326	esm2_t6_8M_UR50D	fair-esm pretrained esm2_t6_8M_UR50D	ESM2 full-sequence masked pseudo-log-likelihood	-877.4935554731637	-894.0809540031478	-16.587398529984057	-2.7336247834054945	-2.7425796135065883	-0.00895483010109377	-13.875043630599976	-2.775008726119995	completed		128	NVIDIA GeForce RTX 3090	gpu15	200.0	0.37617554858934166
G196_minimal	DLVPR	5	196|197	326	esm2_t6_8M_UR50D	fair-esm pretrained esm2_t6_8M_UR50D	ESM2 full-sequence masked pseudo-log-likelihood	-877.4935554731637	-895.2827876918018	-17.789232218638062	-2.7336247834054945	-2.7462662199135024	-0.012641436508007864	-14.536107540130615	-2.9072215080261232	completed		128	NVIDIA GeForce RTX 3090	gpu15	235.0	0.26645768025078365
G196_minimal	DLVPR	5	197|198	326	esm2_t6_8M_UR50D	fair-esm pretrained esm2_t6_8M_UR50D	ESM2 full-sequence masked pseudo-log-likelihood	-877.4935554731637	-896.3152628894895	-18.821707416325808	-2.7336247834054945	-2.7494333217469005	-0.015808538341405942	-16.038304805755615	-3.207660961151123	completed		128	NVIDIA GeForce RTX 3090	gpu15	267.0	0.16614420062695923
G196_minimal	DLVPR	5	198|199	326	esm2_t6_8M_UR50D	fair-esm pretrained esm2_t6_8M_UR50D	ESM2 full-sequence masked pseudo-log-likelihood	-877.4935554731637	-897.0007182760164	-19.50716280285269	-2.7336247834054945	-2.7515359456319524	-0.017911162226457833	-15.858913660049438	-3.1717827320098877	completed		128	NVIDIA GeForce RTX 3090	gpu15	276.0	0.13793103448275867
G196_minimal	DLVPR	5	199|200	326	esm2_t6_8M_UR50D	fair-esm pretrained esm2_t6_8M_UR50D	ESM2 full-sequence masked pseudo-log-likelihood	-877.4935554731637	-894.9278085334226	-17.434253060258925	-2.7336247834054945	-2.74517732678964	-0.011552543384145686	-15.102218627929688	-3.0204437255859373	completed		128	NVIDIA GeForce RTX 3090	gpu15	225.0	0.29780564263322884
G196_minimal	DLVPR	5	200|201	326	esm2_t6_8M_UR50D	fair-esm pretrained esm2_t6_8M_UR50D	ESM2 full-sequence masked pseudo-log-likelihood	-877.4935554731637	-895.4135422222316	-17.919986749067903	-2.7336247834054945	-2.746667307430158	-0.01304252402466366	-16.26789927482605	-3.25357985496521	completed		128	NVIDIA GeForce RTX 3090	gpu15	243.0	0.24137931034482762
G196_minimal	DLVPR	5	201|202	326	esm2_t6_8M_UR50D	fair-esm pretrained esm2_t6_8M_UR50D	ESM2 full-sequence masked pseudo-log-likelihood	-877.4935554731637	-893.90614618361	-16.41259071044624	-2.7336247834054945	-2.7420433932012576	-0.008418609795763032	-15.93036937713623	-3.186073875427246	completed		128	NVIDIA GeForce RTX 3090	gpu15	192.0	0.4012539184952978
G196_minimal	DLVPR	5	202|203	326	esm2_t6_8M_UR50D	fair-esm pretrained esm2_t6_8M_UR50D	ESM2 full-sequence masked pseudo-log-likelihood	-877.4935554731637	-897.6766100320965	-20.18305455893278	-2.7336247834054945	-2.75360923322729	-0.01998444982179537	-16.589340925216675	-3.317868185043335	completed		128	NVIDIA GeForce RTX 3090	gpu15	284.0	0.11285266457680254
G196_minimal	DLVPR	5	203|204	326	esm2_t6_8M_UR50D	fair-esm pretrained esm2_t6_8M_UR50D	ESM2 full-sequence masked pseudo-log-likelihood	-877.4935554731637	-898.3677686396986	-20.8742131665349	-2.7336247834054945	-2.7557293516555172	-0.022104568250022716	-16.97015953063965	-3.3940319061279296	completed		128	NVIDIA GeForce RTX 3090	gpu15	296.0	0.07523510971786829
G196_minimal	DLVPR	5	204|205	326	esm2_t6_8M_UR50D	fair-esm pretrained esm2_t6_8M_UR50D	ESM2 full-sequence masked pseudo-log-likelihood	-877.4935554731637	-895.3757278006524	-17.88217232748866	-2.7336247834054945	-2.74655131227194	-0.012926528866445519	-16.382346153259277	-3.2764692306518555	completed		128	NVIDIA GeForce RTX 3090	gpu15	242.0	0.24451410658307215
G196_minimal	DLVPR	5	205|206	326	esm2_t6_8M_UR50D	fair-esm pretrained esm2_t6_8M_UR50D	ESM2 full-sequence masked pseudo-log-likelihood	-877.4935554731637	-892.6795183401555	-15.185962866991758	-2.7336247834054945	-2.7382807311047714	-0.004655947699276908	-13.592348337173462	-2.718469667434692	completed		128	NVIDIA GeForce RTX 3090	gpu15	146.0	0.5454545454545454
G196_minimal	DLVPR	5	206|207	326	esm2_t6_8M_UR50D	fair-esm pretrained esm2_t6_8M_UR50D	ESM2 full-sequence masked pseudo-log-likelihood	-877.4935554731637	-890.7678229538724	-13.274267480708659	-2.7336247834054945	-2.7324166348278296	0.0012081485776649359	-11.458263158798218	-2.2916526317596437	completed		128	NVIDIA GeForce RTX 3090	gpu15	70.0	0.7836990595611285
G196_minimal	DLVPR	5	207|208	326	esm2_t6_8M_UR50D	fair-esm pretrained esm2_t6_8M_UR50D	ESM2 full-sequence masked pseudo-log-likelihood	-877.4935554731637	-890.5136439856142	-13.020088512450457	-2.7336247834054945	-2.731636944741148	0.0019878386643465973	-10.700470089912415	-2.140094017982483	completed		128	NVIDIA GeForce RTX 3090	gpu15	58.0	0.8213166144200628
G196_minimal	DLVPR	5	208|209	326	esm2_t6_8M_UR50D	fair-esm pretrained esm2_t6_8M_UR50D	ESM2 full-sequence masked pseudo-log-likelihood	-877.4935554731637	-892.9823308270425	-15.488775353878736	-2.7336247834054945	-2.7392096037639337	-0.005584820358439213	-12.506868600845337	-2.5013737201690676	completed		128	NVIDIA GeForce RTX 3090	gpu15	159.0	0.5047021943573669
G196_minimal	DLVPR	5	209|210	326	esm2_t6_8M_UR50D	fair-esm pretrained esm2_t6_8M_UR50D	ESM2 full-sequence masked pseudo-log-likelihood	-877.4935554731637	-891.468312881887	-13.974757408723235	-2.7336247834054945	-2.7345653769383036	-0.0009405935328090642	-13.17588210105896	-2.635176420211792	completed		128	NVIDIA GeForce RTX 3090	gpu15	95.0	0.7053291536050157
G196_minimal	DLVPR	5	210|211	326	esm2_t6_8M_UR50D	fair-esm pretrained esm2_t6_8M_UR50D	ESM2 full-sequence masked pseudo-log-likelihood	-877.4935554731637	-890.2160522211343	-12.722496747970581	-2.7336247834054945	-2.730724086567897	0.0029006968375977493	-16.08051586151123	-3.216103172302246	completed		128	NVIDIA GeForce RTX 3090	gpu15	49.0	0.8495297805642633
G196_minimal	DLVPR	5	211|212	326	esm2_t6_8M_UR50D	fair-esm pretrained esm2_t6_8M_UR50D	ESM2 full-sequence masked pseudo-log-likelihood	-877.4935554731637	-895.6121468069032	-18.11859133373946	-2.7336247834054945	-2.747276523947556	-0.013651740542061308	-18.877493381500244	-3.7754986763000487	completed		128	NVIDIA GeForce RTX 3090	gpu15	250.0	0.21943573667711602
G196_minimal	DLVPR	5	212|213	326	esm2_t6_8M_UR50D	fair-esm pretrained esm2_t6_8M_UR50D	ESM2 full-sequence masked pseudo-log-likelihood	-877.4935554731637	-900.7146886903793	-23.221133217215538	-2.7336247834054945	-2.762928492915274	-0.029303709509779452	-19.018461227416992	-3.8036922454833983	completed		128	NVIDIA GeForce RTX 3090	gpu15	305.0	0.047021943573667735
G196_minimal	DLVPR	5	213|214	326	esm2_t6_8M_UR50D	fair-esm pretrained esm2_t6_8M_UR50D	ESM2 full-sequence masked pseudo-log-likelihood	-877.4935554731637	-900.2231769934297	-22.729621520265937	-2.7336247834054945	-2.7614207883234037	-0.027796004917909123	-17.712121963500977	-3.5424243927001955	completed		128	NVIDIA GeForce RTX 3090	gpu15	303.0	0.053291536050156685
G196_minimal	DLVPR	5	214|215	326	esm2_t6_8M_UR50D	fair-esm pretrained esm2_t6_8M_UR50D	ESM2 full-sequence masked pseudo-log-likelihood	-877.4935554731637	-895.4734074864537	-17.97985201328993	-2.7336247834054945	-2.7468509432099806	-0.013226159804486048	-16.22968602180481	-3.245937204360962	completed		128	NVIDIA GeForce RTX 3090	gpu15	244.0	0.2382445141065831
G196_minimal	DLVPR	5	215|216	326	esm2_t6_8M_UR50D	fair-esm pretrained esm2_t6_8M_UR50D	ESM2 full-sequence masked pseudo-log-likelihood	-877.4935554731637	-894.8584239762276	-17.364868503063917	-2.7336247834054945	-2.7449644907246245	-0.011339707319129921	-13.995814561843872	-2.7991629123687742	completed		128	NVIDIA GeForce RTX 3090	gpu15	223.0	0.3040752351097179
G196_minimal	DLVPR	5	216|217	326	esm2_t6_8M_UR50D	fair-esm pretrained esm2_t6_8M_UR50D	ESM2 full-sequence masked pseudo-log-likelihood	-877.4935554731637	-894.4905362688005	-16.996980795636773	-2.7336247834054945	-2.7438360008245413	-0.010211217419046736	-13.810177683830261	-2.762035536766052	completed		128	NVIDIA GeForce RTX 3090	gpu15	214.0	0.33228840125391845
G196_minimal	DLVPR	5	217|218	326	esm2_t6_8M_UR50D	fair-esm pretrained esm2_t6_8M_UR50D	ESM2 full-sequence masked pseudo-log-likelihood	-877.4935554731637	-893.0187494149432	-15.525193941779435	-2.7336247834054945	-2.739321317223752	-0.005696533818257521	-12.717284560203552	-2.5434569120407104	completed		128	NVIDIA GeForce RTX 3090	gpu15	161.0	0.4984326018808778
G196_minimal	DLVPR	5	218|219	326	esm2_t6_8M_UR50D	fair-esm pretrained esm2_t6_8M_UR50D	ESM2 full-sequence masked pseudo-log-likelihood	-877.4935554731637	-897.946822816506	-20.453267343342304	-2.7336247834054945	-2.7544381067990984	-0.020813323393603866	-13.18470811843872	-2.6369416236877443	completed		128	NVIDIA GeForce RTX 3090	gpu15	290.0	0.09404388714733547
G196_minimal	DLVPR	5	219|220	326	esm2_t6_8M_UR50D	fair-esm pretrained esm2_t6_8M_UR50D	ESM2 full-sequence masked pseudo-log-likelihood	-877.4935554731637	-897.3883498385549	-19.894794365391135	-2.7336247834054945	-2.7527249995047693	-0.019100216099274814	-14.961418867111206	-2.9922837734222414	completed		128	NVIDIA GeForce RTX 3090	gpu15	281.0	0.12225705329153602
G196_minimal	DLVPR	5	220|221	326	esm2_t6_8M_UR50D	fair-esm pretrained esm2_t6_8M_UR50D	ESM2 full-sequence masked pseudo-log-likelihood	-877.4935554731637	-895.897325174883	-18.403769701719284	-2.7336247834054945	-2.7481513042174326	-0.01452652081193806	-13.606811046600342	-2.7213622093200684	completed		128	NVIDIA GeForce RTX 3090	gpu15	260.0	0.18808777429467083
G196_minimal	DLVPR	5	221|222	326	esm2_t6_8M_UR50D	fair-esm pretrained esm2_t6_8M_UR50D	ESM2 full-sequence masked pseudo-log-likelihood	-877.4935554731637	-896.672839240171	-19.17928376700729	-2.7336247834054945	-2.750530181718316	-0.01690539831282134	-12.576027750968933	-2.5152055501937864	completed		128	NVIDIA GeForce RTX 3090	gpu15	272.0	0.15047021943573669
G196_minimal	DLVPR	5	222|223	326	esm2_t6_8M_UR50D	fair-esm pretrained esm2_t6_8M_UR50D	ESM2 full-sequence masked pseudo-log-likelihood	-877.4935554731637	-895.8600344676524	-18.366478994488716	-2.7336247834054945	-2.748036915544946	-0.014412132139451472	-12.158182978630066	-2.431636595726013	completed		128	NVIDIA GeForce RTX 3090	gpu15	259.0	0.19122257053291536
G196_minimal	DLVPR	5	223|224	326	esm2_t6_8M_UR50D	fair-esm pretrained esm2_t6_8M_UR50D	ESM2 full-sequence masked pseudo-log-likelihood	-877.4935554731637	-898.9405415579677	-21.44698608480394	-2.7336247834054945	-2.7574863237974467	-0.023861540391952207	-13.036681175231934	-2.607336235046387	completed		128	NVIDIA GeForce RTX 3090	gpu15	299.0	0.0658307210031348
G196_minimal	DLVPR	5	224|225	326	esm2_t6_8M_UR50D	fair-esm pretrained esm2_t6_8M_UR50D	ESM2 full-sequence masked pseudo-log-likelihood	-877.4935554731637	-897.8060124255717	-20.312456952407956	-2.7336247834054945	-2.7540061730845755	-0.020381389679080986	-11.842074751853943	-2.3684149503707888	completed		128	NVIDIA GeForce RTX 3090	gpu15	288.0	0.10031347962382442
G196_minimal	DLVPR	5	225|226	326	esm2_t6_8M_UR50D	fair-esm pretrained esm2_t6_8M_UR50D	ESM2 full-sequence masked pseudo-log-likelihood	-877.4935554731637	-900.7170650688931	-23.22350959572941	-2.7336247834054945	-2.7629357824199174	-0.02931099901442291	-15.993873357772827	-3.1987746715545655	completed		128	NVIDIA GeForce RTX 3090	gpu15	306.0	0.043887147335423204
G196_minimal	DLVPR	5	226|227	326	esm2_t6_8M_UR50D	fair-esm pretrained esm2_t6_8M_UR50D	ESM2 full-sequence masked pseudo-log-likelihood	-877.4935554731637	-898.6326549071819	-21.139099434018135	-2.7336247834054945	-2.7565418862183493	-0.02291710281285475	-14.798152446746826	-2.9596304893493652	completed		128	NVIDIA GeForce RTX 3090	gpu15	297.0	0.07210031347962387
G196_minimal	DLVPR	5	227|228	326	esm2_t6_8M_UR50D	fair-esm pretrained esm2_t6_8M_UR50D	ESM2 full-sequence masked pseudo-log-likelihood	-877.4935554731637	-896.3746621636674	-18.881106690503657	-2.7336247834054945	-2.749615528109409	-0.015990744703914483	-13.80398690700531	-2.760797381401062	completed		128	NVIDIA GeForce RTX 3090	gpu15	269.0	0.15987460815047017
G196_minimal	DLVPR	5	228|229	326	esm2_t6_8M_UR50D	fair-esm pretrained esm2_t6_8M_UR50D	ESM2 full-sequence masked pseudo-log-likelihood	-877.4935554731637	-899.8200447494164	-22.326489276252687	-2.7336247834054945	-2.760184186347903	-0.02655940294240855	-15.165632009506226	-3.033126401901245	completed		128	NVIDIA GeForce RTX 3090	gpu15	302.0	0.056426332288401215
G196_minimal	DLVPR	5	229|230	326	esm2_t6_8M_UR50D	fair-esm pretrained esm2_t6_8M_UR50D	ESM2 full-sequence masked pseudo-log-likelihood	-877.4935554731637	-895.2304912023246	-17.736935729160905	-2.7336247834054945	-2.746105801234125	-0.012481017828630314	-14.383524179458618	-2.8767048358917235	completed		128	NVIDIA GeForce RTX 3090	gpu15	234.0	0.2695924764890282
G196_minimal	DLVPR	5	230|231	326	esm2_t6_8M_UR50D	fair-esm pretrained esm2_t6_8M_UR50D	ESM2 full-sequence masked pseudo-log-likelihood	-877.4935554731637	-891.8151656491682	-14.32161017600447	-2.7336247834054945	-2.735629342482111	-0.0020045590766164523	-13.94760286808014	-2.789520573616028	completed		128	NVIDIA GeForce RTX 3090	gpu15	111.0	0.6551724137931034
G196_minimal	DLVPR	5	231|232	326	esm2_t6_8M_UR50D	fair-esm pretrained esm2_t6_8M_UR50D	ESM2 full-sequence masked pseudo-log-likelihood	-877.4935554731637	-898.1447805631906	-20.651225090026855	-2.7336247834054945	-2.7550453391508913	-0.021420555745396808	-15.424134254455566	-3.084826850891113	completed		128	NVIDIA GeForce RTX 3090	gpu15	292.0	0.08777429467084641
G196_minimal	DLVPR	5	232|233	326	esm2_t6_8M_UR50D	fair-esm pretrained esm2_t6_8M_UR50D	ESM2 full-sequence masked pseudo-log-likelihood	-877.4935554731637	-898.0152225876227	-20.521667114458978	-2.7336247834054945	-2.7546479220479223	-0.021023138642427774	-15.855685949325562	-3.1711371898651124	completed		128	NVIDIA GeForce RTX 3090	gpu15	291.0	0.09090909090909094
G196_minimal	DLVPR	5	233|234	326	esm2_t6_8M_UR50D	fair-esm pretrained esm2_t6_8M_UR50D	ESM2 full-sequence masked pseudo-log-likelihood	-877.4935554731637	-896.3613593559712	-18.867803882807493	-2.7336247834054945	-2.749574721950832	-0.01594993854533744	-14.48287320137024	-2.8965746402740478	completed		128	NVIDIA GeForce RTX 3090	gpu15	268.0	0.1630094043887147
G196_minimal	DLVPR	5	234|235	326	esm2_t6_8M_UR50D	fair-esm pretrained esm2_t6_8M_UR50D	ESM2 full-sequence masked pseudo-log-likelihood	-877.4935554731637	-897.5214472878724	-20.02789181470871	-2.7336247834054945	-2.7531332738891794	-0.01950849048368486	-15.554032802581787	-3.1108065605163575	completed		128	NVIDIA GeForce RTX 3090	gpu15	283.0	0.11598746081504707
G196_minimal	DLVPR	5	235|236	326	esm2_t6_8M_UR50D	fair-esm pretrained esm2_t6_8M_UR50D	ESM2 full-sequence masked pseudo-log-likelihood	-877.4935554731637	-894.2790758525953	-16.785520379431546	-2.7336247834054945	-2.7431873492410896	-0.009562565835595116	-14.343297958374023	-2.8686595916748048	completed		128	NVIDIA GeForce RTX 3090	gpu15	207.0	0.35423197492163006
G196_minimal	DLVPR	5	236|237	326	esm2_t6_8M_UR50D	fair-esm pretrained esm2_t6_8M_UR50D	ESM2 full-sequence masked pseudo-log-likelihood	-877.4935554731637	-897.1620560428128	-19.66850056964904	-2.7336247834054945	-2.752030846757094	-0.018406063351599666	-16.677839756011963	-3.3355679512023926	completed		128	NVIDIA GeForce RTX 3090	gpu15	277.0	0.13479623824451414
G196_minimal	DLVPR	5	237|238	326	esm2_t6_8M_UR50D	fair-esm pretrained esm2_t6_8M_UR50D	ESM2 full-sequence masked pseudo-log-likelihood	-877.4935554731637	-893.9788535879925	-16.485298114828765	-2.7336247834054945	-2.742266422049057	-0.008641638643562377	-13.7090425491333	-2.7418085098266602	completed		128	NVIDIA GeForce RTX 3090	gpu15	196.0	0.3887147335423198
G196_minimal	DLVPR	5	238|239	326	esm2_t6_8M_UR50D	fair-esm pretrained esm2_t6_8M_UR50D	ESM2 full-sequence masked pseudo-log-likelihood	-877.4935554731637	-894.1749050626531	-16.6813495894894	-2.7336247834054945	-2.742867806940654	-0.009243023535159267	-13.646089673042297	-2.7292179346084593	completed		128	NVIDIA GeForce RTX 3090	gpu15	203.0	0.3667711598746082
G196_minimal	DLVPR	5	239|240	326	esm2_t6_8M_UR50D	fair-esm pretrained esm2_t6_8M_UR50D	ESM2 full-sequence masked pseudo-log-likelihood	-877.4935554731637	-892.3426139932126	-14.849058520048857	-2.7336247834054945	-2.7372472821877687	-0.003622498782274164	-13.590340614318848	-2.7180681228637695	completed		128	NVIDIA GeForce RTX 3090	gpu15	136.0	0.5768025078369906
G196_minimal	DLVPR	5	240|241	326	esm2_t6_8M_UR50D	fair-esm pretrained esm2_t6_8M_UR50D	ESM2 full-sequence masked pseudo-log-likelihood	-877.4935554731637	-897.3887675944716	-19.89521212130785	-2.7336247834054945	-2.752726280964637	-0.019101497559142366	-14.45622706413269	-2.891245412826538	completed		128	NVIDIA GeForce RTX 3090	gpu15	282.0	0.11912225705329149
G196_minimal	DLVPR	5	241|242	326	esm2_t6_8M_UR50D	fair-esm pretrained esm2_t6_8M_UR50D	ESM2 full-sequence masked pseudo-log-likelihood	-877.4935554731637	-893.083481929265	-15.589926456101239	-2.7336247834054945	-2.739519883218604	-0.005895099813109539	-14.617352724075317	-2.9234705448150633	completed		128	NVIDIA GeForce RTX 3090	gpu15	166.0	0.48275862068965514
G196_minimal	DLVPR	5	242|243	326	esm2_t6_8M_UR50D	fair-esm pretrained esm2_t6_8M_UR50D	ESM2 full-sequence masked pseudo-log-likelihood	-877.4935554731637	-892.027338639833	-14.53378316666931	-2.7336247834054945	-2.7362801798767884	-0.0026553964712938694	-14.411083579063416	-2.882216715812683	completed		128	NVIDIA GeForce RTX 3090	gpu15	118.0	0.6332288401253918
G196_minimal	DLVPR	5	243|244	326	esm2_t6_8M_UR50D	fair-esm pretrained esm2_t6_8M_UR50D	ESM2 full-sequence masked pseudo-log-likelihood	-877.4935554731637	-894.9271059725434	-17.433550499379635	-2.7336247834054945	-2.7451751716949184	-0.011550388289423896	-15.273866176605225	-3.054773235321045	completed		128	NVIDIA GeForce RTX 3090	gpu15	224.0	0.30094043887147337
G196_minimal	DLVPR	5	244|245	326	esm2_t6_8M_UR50D	fair-esm pretrained esm2_t6_8M_UR50D	ESM2 full-sequence masked pseudo-log-likelihood	-877.4935554731637	-891.8798053087667	-14.38624983560294	-2.7336247834054945	-2.7358276236465233	-0.0022028402410287917	-15.514780044555664	-3.102956008911133	completed		128	NVIDIA GeForce RTX 3090	gpu15	114.0	0.64576802507837
G196_minimal	DLVPR	5	245|246	326	esm2_t6_8M_UR50D	fair-esm pretrained esm2_t6_8M_UR50D	ESM2 full-sequence masked pseudo-log-likelihood	-877.4935554731637	-892.0646369243041	-14.571081451140344	-2.7336247834054945	-2.736394591792344	-0.0027698083868492596	-15.324166536331177	-3.0648333072662353	completed		128	NVIDIA GeForce RTX 3090	gpu15	120.0	0.6269592476489028
G196_minimal	DLVPR	5	246|247	326	esm2_t6_8M_UR50D	fair-esm pretrained esm2_t6_8M_UR50D	ESM2 full-sequence masked pseudo-log-likelihood	-877.4935554731637	-888.1123875267804	-10.618832053616643	-2.7336247834054945	-2.724271127382762	0.009353656022732526	-14.410976648330688	-2.882195329666138	completed		128	NVIDIA GeForce RTX 3090	gpu15	9.0	0.9749216300940439
G196_minimal	DLVPR	5	247|248	326	esm2_t6_8M_UR50D	fair-esm pretrained esm2_t6_8M_UR50D	ESM2 full-sequence masked pseudo-log-likelihood	-877.4935554731637	-889.5970777207986	-12.103522247634828	-2.7336247834054945	-2.728825391781591	0.004799391623903748	-14.084683418273926	-2.8169366836547853	completed		128	NVIDIA GeForce RTX 3090	gpu15	30.0	0.9090909090909091
G196_minimal	DLVPR	5	248|249	326	esm2_t6_8M_UR50D	fair-esm pretrained esm2_t6_8M_UR50D	ESM2 full-sequence masked pseudo-log-likelihood	-877.4935554731637	-890.5758397122845	-13.082284239120781	-2.7336247834054945	-2.7318277291787867	0.0017970542267078393	-14.283730506896973	-2.8567461013793944	completed		128	NVIDIA GeForce RTX 3090	gpu15	64.0	0.8025078369905956
G196_minimal	DLVPR	5	249|250	326	esm2_t6_8M_UR50D	fair-esm pretrained esm2_t6_8M_UR50D	ESM2 full-sequence masked pseudo-log-likelihood	-877.4935554731637	-890.9736057855189	-13.48005031235516	-2.7336247834054945	-2.733047870507727	0.000576912897767734	-13.988169312477112	-2.7976338624954225	completed		128	NVIDIA GeForce RTX 3090	gpu15	77.0	0.7617554858934169
G196_minimal	DLVPR	5	250|251	326	esm2_t6_8M_UR50D	fair-esm pretrained esm2_t6_8M_UR50D	ESM2 full-sequence masked pseudo-log-likelihood	-877.4935554731637	-892.2117194235325	-14.718163950368762	-2.7336247834054945	-2.7368457651028604	-0.0032209816973658434	-15.648325204849243	-3.1296650409698485	completed		128	NVIDIA GeForce RTX 3090	gpu15	129.0	0.5987460815047022
G196_minimal	DLVPR	5	251|252	326	esm2_t6_8M_UR50D	fair-esm pretrained esm2_t6_8M_UR50D	ESM2 full-sequence masked pseudo-log-likelihood	-877.4935554731637	-894.3761519677937	-16.88259649462998	-2.7336247834054945	-2.7434851287355637	-0.009860345330069187	-15.397899150848389	-3.0795798301696777	completed		128	NVIDIA GeForce RTX 3090	gpu15	209.0	0.3479623824451411
G196_minimal	DLVPR	5	252|253	326	esm2_t6_8M_UR50D	fair-esm pretrained esm2_t6_8M_UR50D	ESM2 full-sequence masked pseudo-log-likelihood	-877.4935554731637	-892.4610670199618	-14.96751154679805	-2.7336247834054945	-2.7376106350305576	-0.003985851625063042	-15.383750557899475	-3.076750111579895	completed		128	NVIDIA GeForce RTX 3090	gpu15	141.0	0.561128526645768
G196_minimal	DLVPR	5	253|254	326	esm2_t6_8M_UR50D	fair-esm pretrained esm2_t6_8M_UR50D	ESM2 full-sequence masked pseudo-log-likelihood	-877.4935554731637	-891.5731077808887	-14.079552307724953	-2.7336247834054945	-2.7348868336837078	-0.0012620502782132448	-15.451548099517822	-3.0903096199035645	completed		128	NVIDIA GeForce RTX 3090	gpu15	99.0	0.6927899686520376
G196_minimal	DLVPR	5	254|255	326	esm2_t6_8M_UR50D	fair-esm pretrained esm2_t6_8M_UR50D	ESM2 full-sequence masked pseudo-log-likelihood	-877.4935554731637	-888.6056272452697	-11.112071772105992	-2.7336247834054945	-2.7257841326542014	0.007840650751293143	-13.182815432548523	-2.6365630865097045	completed		128	NVIDIA GeForce RTX 3090	gpu15	13.0	0.9623824451410659
G196_minimal	DLVPR	5	255|256	326	esm2_t6_8M_UR50D	fair-esm pretrained esm2_t6_8M_UR50D	ESM2 full-sequence masked pseudo-log-likelihood	-877.4935554731637	-892.2766441861168	-14.783088712953031	-2.7336247834054945	-2.737044920816309	-0.0034201374108144833	-15.19483494758606	-3.038966989517212	completed		128	NVIDIA GeForce RTX 3090	gpu15	133.0	0.5862068965517242
G196_minimal	DLVPR	5	256|257	326	esm2_t6_8M_UR50D	fair-esm pretrained esm2_t6_8M_UR50D	ESM2 full-sequence masked pseudo-log-likelihood	-877.4935554731637	-890.6033206414431	-13.10976516827941	-2.7336247834054945	-2.7319120265074943	0.0017127568980002117	-14.411117553710938	-2.8822235107421874	completed		128	NVIDIA GeForce RTX 3090	gpu15	67.0	0.7931034482758621
G196_minimal	DLVPR	5	257|258	326	esm2_t6_8M_UR50D	fair-esm pretrained esm2_t6_8M_UR50D	ESM2 full-sequence masked pseudo-log-likelihood	-877.4935554731637	-892.831455571577	-15.337900098413229	-2.7336247834054945	-2.738746796231831	-0.005122012826336508	-14.758582830429077	-2.9517165660858153	completed		128	NVIDIA GeForce RTX 3090	gpu15	152.0	0.5266457680250783
G196_minimal	DLVPR	5	258|259	326	esm2_t6_8M_UR50D	fair-esm pretrained esm2_t6_8M_UR50D	ESM2 full-sequence masked pseudo-log-likelihood	-877.4935554731637	-893.368122161366	-15.874566688202322	-2.7336247834054945	-2.7403930127649265	-0.006768229359431999	-14.76383912563324	-2.952767825126648	completed		128	NVIDIA GeForce RTX 3090	gpu15	174.0	0.457680250783699
G196_minimal	DLVPR	5	259|260	326	esm2_t6_8M_UR50D	fair-esm pretrained esm2_t6_8M_UR50D	ESM2 full-sequence masked pseudo-log-likelihood	-877.4935554731637	-892.1873747520149	-14.693819278851151	-2.7336247834054945	-2.7367710881963645	-0.0031463047908699693	-15.300837755203247	-3.0601675510406494	completed		128	NVIDIA GeForce RTX 3090	gpu15	128.0	0.6018808777429467
G196_minimal	DLVPR	5	260|261	326	esm2_t6_8M_UR50D	fair-esm pretrained esm2_t6_8M_UR50D	ESM2 full-sequence masked pseudo-log-likelihood	-877.4935554731637	-889.8147164992988	-12.321161026135087	-2.7336247834054945	-2.729492995396622	0.004131788008872483	-13.893945097923279	-2.778789019584656	completed		128	NVIDIA GeForce RTX 3090	gpu15	39.0	0.8808777429467085
G196_minimal	DLVPR	5	261|262	326	esm2_t6_8M_UR50D	fair-esm pretrained esm2_t6_8M_UR50D	ESM2 full-sequence masked pseudo-log-likelihood	-877.4935554731637	-893.9283256744966	-16.434770201332867	-2.7336247834054945	-2.742111428449376	-0.008486645043881413	-15.564866304397583	-3.1129732608795164	completed		128	NVIDIA GeForce RTX 3090	gpu15	194.0	0.39498432601880873
G196_minimal	DLVPR	5	262|263	326	esm2_t6_8M_UR50D	fair-esm pretrained esm2_t6_8M_UR50D	ESM2 full-sequence masked pseudo-log-likelihood	-877.4935554731637	-893.720566294156	-16.22701082099229	-2.7336247834054945	-2.741474129736675	-0.007849346331180396	-15.101936101913452	-3.0203872203826903	completed		128	NVIDIA GeForce RTX 3090	gpu15	188.0	0.4137931034482759
G196_minimal	DLVPR	5	263|264	326	esm2_t6_8M_UR50D	fair-esm pretrained esm2_t6_8M_UR50D	ESM2 full-sequence masked pseudo-log-likelihood	-877.4935554731637	-893.989807125181	-16.496251652017236	-2.7336247834054945	-2.742300021856383	-0.008675238450888578	-15.088315725326538	-3.0176631450653075	completed		128	NVIDIA GeForce RTX 3090	gpu15	197.0	0.38557993730407525
G196_minimal	DLVPR	5	264|265	326	esm2_t6_8M_UR50D	fair-esm pretrained esm2_t6_8M_UR50D	ESM2 full-sequence masked pseudo-log-likelihood	-877.4935554731637	-895.0347292711958	-17.541173798032105	-2.7336247834054945	-2.7455053045128706	-0.01188052110737603	-16.03028964996338	-3.2060579299926757	completed		128	NVIDIA GeForce RTX 3090	gpu15	228.0	0.28840125391849525
G196_minimal	DLVPR	5	265|266	326	esm2_t6_8M_UR50D	fair-esm pretrained esm2_t6_8M_UR50D	ESM2 full-sequence masked pseudo-log-likelihood	-877.4935554731637	-891.55048675742	-14.05693128425628	-2.7336247834054945	-2.7348174440411657	-0.0011926606356711389	-14.343804478645325	-2.868760895729065	completed		128	NVIDIA GeForce RTX 3090	gpu15	98.0	0.6959247648902822
G196_minimal	DLVPR	5	266|267	326	esm2_t6_8M_UR50D	fair-esm pretrained esm2_t6_8M_UR50D	ESM2 full-sequence masked pseudo-log-likelihood	-877.4935554731637	-895.6226641424	-18.129108669236302	-2.7336247834054945	-2.7473087857128835	-0.013684002307388976	-16.351995706558228	-3.2703991413116453	completed		128	NVIDIA GeForce RTX 3090	gpu15	251.0	0.2163009404388715
G196_minimal	DLVPR	5	267|268	326	esm2_t6_8M_UR50D	fair-esm pretrained esm2_t6_8M_UR50D	ESM2 full-sequence masked pseudo-log-likelihood	-877.4935554731637	-889.1053730659187	-11.61181759275496	-2.7336247834054945	-2.727317095294229	0.006307688111265364	-14.246110558509827	-2.849222111701965	completed		128	NVIDIA GeForce RTX 3090	gpu15	23.0	0.9310344827586207
G196_minimal	DLVPR	5	268|269	326	esm2_t6_8M_UR50D	fair-esm pretrained esm2_t6_8M_UR50D	ESM2 full-sequence masked pseudo-log-likelihood	-877.4935554731637	-895.1989565258846	-17.705401052720845	-2.7336247834054945	-2.7460090690978056	-0.012384285692311092	-15.755584955215454	-3.1511169910430907	completed		128	NVIDIA GeForce RTX 3090	gpu15	232.0	0.27586206896551724
G196_minimal	DLVPR	5	269|270	326	esm2_t6_8M_UR50D	fair-esm pretrained esm2_t6_8M_UR50D	ESM2 full-sequence masked pseudo-log-likelihood	-877.4935554731637	-892.9674875373021	-15.473932064138353	-2.7336247834054945	-2.739164072200313	-0.005539288794818464	-14.912065982818604	-2.9824131965637206	completed		128	NVIDIA GeForce RTX 3090	gpu15	158.0	0.5078369905956113
G196_minimal	DLVPR	5	270|271	326	esm2_t6_8M_UR50D	fair-esm pretrained esm2_t6_8M_UR50D	ESM2 full-sequence masked pseudo-log-likelihood	-877.4935554731637	-895.0289848074317	-17.535429334267974	-2.7336247834054945	-2.7454876834583795	-0.011862900052884928	-15.996358394622803	-3.1992716789245605	completed		128	NVIDIA GeForce RTX 3090	gpu15	227.0	0.2915360501567398
G196_minimal	DLVPR	5	271|272	326	esm2_t6_8M_UR50D	fair-esm pretrained esm2_t6_8M_UR50D	ESM2 full-sequence masked pseudo-log-likelihood	-877.4935554731637	-891.6353731378913	-14.141817664727569	-2.7336247834054945	-2.735077831711323	-0.001453048305828375	-15.759540796279907	-3.1519081592559814	completed		128	NVIDIA GeForce RTX 3090	gpu15	103.0	0.6802507836990596
G196_minimal	DLVPR	5	272|273	326	esm2_t6_8M_UR50D	fair-esm pretrained esm2_t6_8M_UR50D	ESM2 full-sequence masked pseudo-log-likelihood	-877.4935554731637	-890.1121547510847	-12.618599277921021	-2.7336247834054945	-2.730405382672039	0.003219400733455391	-14.065875768661499	-2.8131751537323	completed		128	NVIDIA GeForce RTX 3090	gpu15	48.0	0.8526645768025078
G196_minimal	DLVPR	5	273|274	326	esm2_t6_8M_UR50D	fair-esm pretrained esm2_t6_8M_UR50D	ESM2 full-sequence masked pseudo-log-likelihood	-877.4935554731637	-893.1169048268348	-15.623349353671074	-2.7336247834054945	-2.7396224074442785	-0.005997624038784011	-15.71202301979065	-3.1424046039581297	completed		128	NVIDIA GeForce RTX 3090	gpu15	167.0	0.4796238244514106
G196_minimal	DLVPR	5	274|275	326	esm2_t6_8M_UR50D	fair-esm pretrained esm2_t6_8M_UR50D	ESM2 full-sequence masked pseudo-log-likelihood	-877.4935554731637	-893.3242049384862	-15.830649465322495	-2.7336247834054945	-2.7402582973573195	-0.0066335139518249875	-15.248887777328491	-3.049777555465698	completed		128	NVIDIA GeForce RTX 3090	gpu15	172.0	0.46394984326018807
G196_minimal	DLVPR	5	275|276	326	esm2_t6_8M_UR50D	fair-esm pretrained esm2_t6_8M_UR50D	ESM2 full-sequence masked pseudo-log-likelihood	-877.4935554731637	-890.5693906927481	-13.075835219584405	-2.7336247834054945	-2.7318079469102705	0.0018168364952240168	-13.268754482269287	-2.6537508964538574	completed		128	NVIDIA GeForce RTX 3090	gpu15	62.0	0.8087774294670846
G196_minimal	DLVPR	5	276|277	326	esm2_t6_8M_UR50D	fair-esm pretrained esm2_t6_8M_UR50D	ESM2 full-sequence masked pseudo-log-likelihood	-877.4935554731637	-891.4306173985824	-13.937061925418675	-2.7336247834054945	-2.7344497466214186	-0.0008249632159240683	-13.32876443862915	-2.66575288772583	completed		128	NVIDIA GeForce RTX 3090	gpu15	93.0	0.7115987460815048
G196_minimal	DLVPR	5	277|278	326	esm2_t6_8M_UR50D	fair-esm pretrained esm2_t6_8M_UR50D	ESM2 full-sequence masked pseudo-log-likelihood	-877.4935554731637	-891.6393064986914	-14.145751025527716	-2.7336247834054945	-2.73508989723525	-0.001465113829755449	-15.798944234848022	-3.1597888469696045	completed		128	NVIDIA GeForce RTX 3090	gpu15	104.0	0.677115987460815
G196_minimal	DLVPR	5	278|279	326	esm2_t6_8M_UR50D	fair-esm pretrained esm2_t6_8M_UR50D	ESM2 full-sequence masked pseudo-log-likelihood	-877.4935554731637	-893.7637137090787	-16.270158235915005	-2.7336247834054945	-2.7416064837701803	-0.007981700364685818	-15.18729293346405	-3.03745858669281	completed		128	NVIDIA GeForce RTX 3090	gpu15	190.0	0.40752351097178685
G196_minimal	DLVPR	5	279|280	326	esm2_t6_8M_UR50D	fair-esm pretrained esm2_t6_8M_UR50D	ESM2 full-sequence masked pseudo-log-likelihood	-877.4935554731637	-895.5540632726625	-18.060507799498737	-2.7336247834054945	-2.7470983535971243	-0.013473570191629758	-16.32396149635315	-3.26479229927063	completed		128	NVIDIA GeForce RTX 3090	gpu15	247.0	0.2288401253918495
G196_minimal	DLVPR	5	280|281	326	esm2_t6_8M_UR50D	fair-esm pretrained esm2_t6_8M_UR50D	ESM2 full-sequence masked pseudo-log-likelihood	-877.4935554731637	-893.0662925736979	-15.572737100534141	-2.7336247834054945	-2.7394671551340424	-0.005842371728547846	-14.727509021759033	-2.9455018043518066	completed		128	NVIDIA GeForce RTX 3090	gpu15	164.0	0.4890282131661442
G196_minimal	DLVPR	5	281|282	326	esm2_t6_8M_UR50D	fair-esm pretrained esm2_t6_8M_UR50D	ESM2 full-sequence masked pseudo-log-likelihood	-877.4935554731637	-892.7240774612874	-15.230521988123655	-2.7336247834054945	-2.7384174155254213	-0.004792632119926754	-14.617700338363647	-2.9235400676727297	completed		128	NVIDIA GeForce RTX 3090	gpu15	149.0	0.5360501567398119
G196_minimal	DLVPR	5	282|283	326	esm2_t6_8M_UR50D	fair-esm pretrained esm2_t6_8M_UR50D	ESM2 full-sequence masked pseudo-log-likelihood	-877.4935554731637	-892.700583871454	-15.207028398290277	-2.7336247834054945	-2.7383453492989385	-0.00472056589344394	-15.349125146865845	-3.069825029373169	completed		128	NVIDIA GeForce RTX 3090	gpu15	148.0	0.5391849529780564
G196_minimal	DLVPR	5	283|284	326	esm2_t6_8M_UR50D	fair-esm pretrained esm2_t6_8M_UR50D	ESM2 full-sequence masked pseudo-log-likelihood	-877.4935554731637	-890.980729422532	-13.487173949368298	-2.7336247834054945	-2.733069722155006	0.0005550612504885422	-14.987680435180664	-2.9975360870361327	completed		128	NVIDIA GeForce RTX 3090	gpu15	78.0	0.7586206896551724
G196_minimal	DLVPR	5	284|285	326	esm2_t6_8M_UR50D	fair-esm pretrained esm2_t6_8M_UR50D	ESM2 full-sequence masked pseudo-log-likelihood	-877.4935554731637	-891.4179700836539	-13.924414610490203	-2.7336247834054945	-2.7344109511768524	-0.0007861677713578707	-15.351706266403198	-3.0703412532806396	completed		128	NVIDIA GeForce RTX 3090	gpu15	91.0	0.7178683385579938
G196_minimal	DLVPR	5	285|286	326	esm2_t6_8M_UR50D	fair-esm pretrained esm2_t6_8M_UR50D	ESM2 full-sequence masked pseudo-log-likelihood	-877.4935554731637	-891.593026464805	-14.099470991641283	-2.7336247834054945	-2.7349479339411196	-0.0013231505356250395	-14.684518575668335	-2.936903715133667	completed		128	NVIDIA GeForce RTX 3090	gpu15	101.0	0.6865203761755485
G196_minimal	DLVPR	5	286|287	326	esm2_t6_8M_UR50D	fair-esm pretrained esm2_t6_8M_UR50D	ESM2 full-sequence masked pseudo-log-likelihood	-877.4935554731637	-892.3784252591431	-14.88486978597939	-2.7336247834054945	-2.737357132696758	-0.003732349291263315	-15.323766946792603	-3.0647533893585206	completed		128	NVIDIA GeForce RTX 3090	gpu15	137.0	0.5736677115987461
G196_minimal	DLVPR	5	287|288	326	esm2_t6_8M_UR50D	fair-esm pretrained esm2_t6_8M_UR50D	ESM2 full-sequence masked pseudo-log-likelihood	-877.4935554731637	-892.3843294261023	-14.890773952938616	-2.7336247834054945	-2.737375243638351	-0.003750460232856412	-14.798934698104858	-2.9597869396209715	completed		128	NVIDIA GeForce RTX 3090	gpu15	138.0	0.5705329153605015
G196_minimal	DLVPR	5	288|289	326	esm2_t6_8M_UR50D	fair-esm pretrained esm2_t6_8M_UR50D	ESM2 full-sequence masked pseudo-log-likelihood	-877.4935554731637	-892.429749972187	-14.936194499023259	-2.7336247834054945	-2.737514570466831	-0.0038897870613365804	-14.230489730834961	-2.846097946166992	completed		128	NVIDIA GeForce RTX 3090	gpu15	140.0	0.5642633228840126
G196_minimal	DLVPR	5	289|290	326	esm2_t6_8M_UR50D	fair-esm pretrained esm2_t6_8M_UR50D	ESM2 full-sequence masked pseudo-log-likelihood	-877.4935554731637	-893.4678841438144	-15.97432867065072	-2.7336247834054945	-2.7406990311159953	-0.007074247710500803	-14.193082094192505	-2.838616418838501	completed		128	NVIDIA GeForce RTX 3090	gpu15	177.0	0.4482758620689655
G196_minimal	DLVPR	5	290|291	326	esm2_t6_8M_UR50D	fair-esm pretrained esm2_t6_8M_UR50D	ESM2 full-sequence masked pseudo-log-likelihood	-877.4935554731637	-893.3050631759688	-15.811507702805102	-2.7336247834054945	-2.740199580294383	-0.00657479688888829	-14.120303869247437	-2.8240607738494874	completed		128	NVIDIA GeForce RTX 3090	gpu15	171.0	0.4670846394984326
G196_minimal	DLVPR	5	291|292	326	esm2_t6_8M_UR50D	fair-esm pretrained esm2_t6_8M_UR50D	ESM2 full-sequence masked pseudo-log-likelihood	-877.4935554731637	-893.612606504932	-16.119051031768322	-2.7336247834054945	-2.7411429647390553	-0.007518181333560747	-14.339338779449463	-2.8678677558898924	completed		128	NVIDIA GeForce RTX 3090	gpu15	182.0	0.432601880877743
G196_minimal	DLVPR	5	292|293	326	esm2_t6_8M_UR50D	fair-esm pretrained esm2_t6_8M_UR50D	ESM2 full-sequence masked pseudo-log-likelihood	-877.4935554731637	-894.047868438065	-16.554312964901328	-2.7336247834054945	-2.7424781240431444	-0.008853340637649865	-14.335923194885254	-2.867184638977051	completed		128	NVIDIA GeForce RTX 3090	gpu15	199.0	0.3793103448275862
G196_minimal	DLVPR	5	293|294	326	esm2_t6_8M_UR50D	fair-esm pretrained esm2_t6_8M_UR50D	ESM2 full-sequence masked pseudo-log-likelihood	-877.4935554731637	-895.4971495997161	-18.003594126552343	-2.7336247834054945	-2.74692377177827	-0.013298988372775433	-15.101435422897339	-3.0202870845794676	completed		128	NVIDIA GeForce RTX 3090	gpu15	245.0	0.23510971786833856
G196_minimal	DLVPR	5	294|295	326	esm2_t6_8M_UR50D	fair-esm pretrained esm2_t6_8M_UR50D	ESM2 full-sequence masked pseudo-log-likelihood	-877.4935554731637	-892.8341053752229	-15.340549902059138	-2.7336247834054945	-2.738754924463874	-0.0051301410583795	-12.342477440834045	-2.468495488166809	completed		128	NVIDIA GeForce RTX 3090	gpu15	153.0	0.5235109717868338
G196_minimal	DLVPR	5	295|296	326	esm2_t6_8M_UR50D	fair-esm pretrained esm2_t6_8M_UR50D	ESM2 full-sequence masked pseudo-log-likelihood	-877.4935554731637	-895.9142419034615	-18.420686430297792	-2.7336247834054945	-2.748203196022888	-0.014578412617393344	-14.195394515991211	-2.839078903198242	completed		128	NVIDIA GeForce RTX 3090	gpu15	261.0	0.1849529780564263
G196_minimal	DLVPR	5	296|297	326	esm2_t6_8M_UR50D	fair-esm pretrained esm2_t6_8M_UR50D	ESM2 full-sequence masked pseudo-log-likelihood	-877.4935554731637	-895.6368714533746	-18.1433159802109	-2.7336247834054945	-2.7473523664213944	-0.013727583015899825	-14.6819509267807	-2.93639018535614	completed		128	NVIDIA GeForce RTX 3090	gpu15	252.0	0.21316614420062696
G196_minimal	DLVPR	5	297|298	326	esm2_t6_8M_UR50D	fair-esm pretrained esm2_t6_8M_UR50D	ESM2 full-sequence masked pseudo-log-likelihood	-877.4935554731637	-895.3520485889167	-17.858493115752935	-2.7336247834054945	-2.7464786766531186	-0.012853893247624093	-13.396336078643799	-2.6792672157287596	completed		128	NVIDIA GeForce RTX 3090	gpu15	240.0	0.2507836990595611
G196_minimal	DLVPR	5	298|299	326	esm2_t6_8M_UR50D	fair-esm pretrained esm2_t6_8M_UR50D	ESM2 full-sequence masked pseudo-log-likelihood	-877.4935554731637	-898.731521169655	-21.2379656964913	-2.7336247834054945	-2.756845156962132	-0.02322037355663742	-15.63569712638855	-3.12713942527771	completed		128	NVIDIA GeForce RTX 3090	gpu15	298.0	0.06896551724137934
G196_minimal	DLVPR	5	299|300	326	esm2_t6_8M_UR50D	fair-esm pretrained esm2_t6_8M_UR50D	ESM2 full-sequence masked pseudo-log-likelihood	-877.4935554731637	-894.7168437587097	-17.223288285546005	-2.7336247834054945	-2.7445301955788644	-0.010905412173369822	-14.15164601802826	-2.8303292036056518	completed		128	NVIDIA GeForce RTX 3090	gpu15	219.0	0.3166144200626959
G196_minimal	DLVPR	5	300|301	326	esm2_t6_8M_UR50D	fair-esm pretrained esm2_t6_8M_UR50D	ESM2 full-sequence masked pseudo-log-likelihood	-877.4935554731637	-893.6143601443619	-16.12080467119813	-2.7336247834054945	-2.74114834400111	-0.007523560595615653	-13.8943589925766	-2.7788717985153197	completed		128	NVIDIA GeForce RTX 3090	gpu15	183.0	0.42946708463949845
G196_minimal	DLVPR	5	301|302	326	esm2_t6_8M_UR50D	fair-esm pretrained esm2_t6_8M_UR50D	ESM2 full-sequence masked pseudo-log-likelihood	-877.4935554731637	-895.7089891368523	-18.2154336636886	-2.7336247834054945	-2.747573586309363	-0.013948802903868351	-14.986987709999084	-2.997397541999817	completed		128	NVIDIA GeForce RTX 3090	gpu15	255.0	0.20376175548589337
G196_minimal	DLVPR	5	302|303	326	esm2_t6_8M_UR50D	fair-esm pretrained esm2_t6_8M_UR50D	ESM2 full-sequence masked pseudo-log-likelihood	-877.4935554731637	-895.5444844784215	-18.050929005257785	-2.7336247834054945	-2.747068970792704	-0.013444187387209539	-16.49267315864563	-3.298534631729126	completed		128	NVIDIA GeForce RTX 3090	gpu15	246.0	0.23197492163009403
G196_minimal	DLVPR	5	303|304	326	esm2_t6_8M_UR50D	fair-esm pretrained esm2_t6_8M_UR50D	ESM2 full-sequence masked pseudo-log-likelihood	-877.4935554731637	-892.397950809449	-14.904395336285233	-2.7336247834054945	-2.7374170270228495	-0.0037922436173549734	-14.332216501235962	-2.8664433002471923	completed		128	NVIDIA GeForce RTX 3090	gpu15	139.0	0.567398119122257
G196_minimal	DLVPR	5	304|305	326	esm2_t6_8M_UR50D	fair-esm pretrained esm2_t6_8M_UR50D	ESM2 full-sequence masked pseudo-log-likelihood	-877.4935554731637	-894.2537436606362	-16.760188187472522	-2.7336247834054945	-2.743109643130786	-0.00948485972529145	-15.264125227928162	-3.0528250455856325	completed		128	NVIDIA GeForce RTX 3090	gpu15	206.0	0.3573667711598746
G196_minimal	DLVPR	5	305|306	326	esm2_t6_8M_UR50D	fair-esm pretrained esm2_t6_8M_UR50D	ESM2 full-sequence masked pseudo-log-likelihood	-877.4935554731637	-894.6480631576851	-17.154507684521377	-2.7336247834054945	-2.7443192121401383	-0.010694428734643768	-14.966562271118164	-2.993312454223633	completed		128	NVIDIA GeForce RTX 3090	gpu15	216.0	0.3260188087774295
G196_minimal	DLVPR	5	306|307	326	esm2_t6_8M_UR50D	fair-esm pretrained esm2_t6_8M_UR50D	ESM2 full-sequence masked pseudo-log-likelihood	-877.4935554731637	-892.7830880908296	-15.289532617665827	-2.7336247834054945	-2.738598429726471	-0.00497364632097641	-14.18597674369812	-2.837195348739624	completed		128	NVIDIA GeForce RTX 3090	gpu15	151.0	0.5297805642633229
G196_minimal	DLVPR	5	307|308	326	esm2_t6_8M_UR50D	fair-esm pretrained esm2_t6_8M_UR50D	ESM2 full-sequence masked pseudo-log-likelihood	-877.4935554731637	-895.192773011513	-17.69921753834933	-2.7336247834054945	-2.74599010126231	-0.012365317856815494	-14.666891813278198	-2.9333783626556396	completed		128	NVIDIA GeForce RTX 3090	gpu15	231.0	0.27899686520376177
G196_minimal	DLVPR	5	308|309	326	esm2_t6_8M_UR50D	fair-esm pretrained esm2_t6_8M_UR50D	ESM2 full-sequence masked pseudo-log-likelihood	-877.4935554731637	-894.959348699078	-17.46579322591424	-2.7336247834054945	-2.745274075764043	-0.01164929235854828	-14.962855100631714	-2.9925710201263427	completed		128	NVIDIA GeForce RTX 3090	gpu15	226.0	0.2946708463949843
G196_minimal	DLVPR	5	309|310	326	esm2_t6_8M_UR50D	fair-esm pretrained esm2_t6_8M_UR50D	ESM2 full-sequence masked pseudo-log-likelihood	-877.4935554731637	-893.5214041564614	-16.027848683297634	-2.7336247834054945	-2.7408632029339306	-0.007238419528436069	-14.823941230773926	-2.964788246154785	completed		128	NVIDIA GeForce RTX 3090	gpu15	178.0	0.445141065830721
G196_minimal	DLVPR	5	310|311	326	esm2_t6_8M_UR50D	fair-esm pretrained esm2_t6_8M_UR50D	ESM2 full-sequence masked pseudo-log-likelihood	-877.4935554731637	-892.2459540180862	-14.752398544922471	-2.7336247834054945	-2.7369507791965835	-0.0033259957910889426	-14.544623851776123	-2.908924770355225	completed		128	NVIDIA GeForce RTX 3090	gpu15	131.0	0.5924764890282131
G196_minimal	DLVPR	5	311|312	326	esm2_t6_8M_UR50D	fair-esm pretrained esm2_t6_8M_UR50D	ESM2 full-sequence masked pseudo-log-likelihood	-877.4935554731637	-894.085601169616	-16.59204569645226	-2.7336247834054945	-2.742593868618454	-0.00896908521295936	-15.13763952255249	-3.027527904510498	completed		128	NVIDIA GeForce RTX 3090	gpu15	201.0	0.3730407523510971
G196_minimal	DLVPR	5	312|313	326	esm2_t6_8M_UR50D	fair-esm pretrained esm2_t6_8M_UR50D	ESM2 full-sequence masked pseudo-log-likelihood	-877.4935554731637	-895.220026511699	-17.726471038535237	-2.7336247834054945	-2.746073700956132	-0.012448917550637262	-15.937039136886597	-3.1874078273773194	completed		128	NVIDIA GeForce RTX 3090	gpu15	233.0	0.2727272727272727
G196_minimal	DLVPR	5	313|314	326	esm2_t6_8M_UR50D	fair-esm pretrained esm2_t6_8M_UR50D	ESM2 full-sequence masked pseudo-log-likelihood	-877.4935554731637	-893.5691930549219	-16.0756375817582	-2.7336247834054945	-2.741009794647	-0.007385011241505257	-15.959085941314697	-3.1918171882629394	completed		128	NVIDIA GeForce RTX 3090	gpu15	179.0	0.44200626959247646
G196_minimal	DLVPR	5	314|315	326	esm2_t6_8M_UR50D	fair-esm pretrained esm2_t6_8M_UR50D	ESM2 full-sequence masked pseudo-log-likelihood	-877.4935554731637	-893.1170491464436	-15.623493673279881	-2.7336247834054945	-2.739622850142465	-0.005998066736970564	-15.021694660186768	-3.0043389320373537	completed		128	NVIDIA GeForce RTX 3090	gpu15	168.0	0.4764890282131662
G196_minimal	DLVPR	5	315|316	326	esm2_t6_8M_UR50D	fair-esm pretrained esm2_t6_8M_UR50D	ESM2 full-sequence masked pseudo-log-likelihood	-877.4935554731637	-893.0734734181315	-15.579917944967747	-2.7336247834054945	-2.739489182264207	-0.005864398858712594	-15.069388151168823	-3.0138776302337646	completed		128	NVIDIA GeForce RTX 3090	gpu15	165.0	0.48589341692789967
G196_minimal	DLVPR	5	316|317	326	esm2_t6_8M_UR50D	fair-esm pretrained esm2_t6_8M_UR50D	ESM2 full-sequence masked pseudo-log-likelihood	-877.4935554731637	-894.4256070526317	-16.932051579467952	-2.7336247834054945	-2.7436368314497903	-0.010012048044295785	-15.338279247283936	-3.067655849456787	completed		128	NVIDIA GeForce RTX 3090	gpu15	211.0	0.34169278996865204
G196_minimal	DLVPR	5	317|318	326	esm2_t6_8M_UR50D	fair-esm pretrained esm2_t6_8M_UR50D	ESM2 full-sequence masked pseudo-log-likelihood	-877.4935554731637	-893.700921094045	-16.20736562088132	-2.7336247834054945	-2.7414138683866414	-0.007789084981146832	-15.193650007247925	-3.038730001449585	completed		128	NVIDIA GeForce RTX 3090	gpu15	187.0	0.41692789968652033
G196_minimal	DLVPR	5	318|319	326	esm2_t6_8M_UR50D	fair-esm pretrained esm2_t6_8M_UR50D	ESM2 full-sequence masked pseudo-log-likelihood	-877.4935554731637	-893.1947539243847	-15.70119845122099	-2.7336247834054945	-2.7398612083570084	-0.006236424951513886	-14.997030973434448	-2.9994061946868897	completed		128	NVIDIA GeForce RTX 3090	gpu15	169.0	0.47335423197492166
G196_minimal	DLVPR	5	319|320	326	esm2_t6_8M_UR50D	fair-esm pretrained esm2_t6_8M_UR50D	ESM2 full-sequence masked pseudo-log-likelihood	-877.4935554731637	-894.471707239747	-16.978151766583323	-2.7336247834054945	-2.743778243066709	-0.010153459661214281	-14.858495235443115	-2.971699047088623	completed		128	NVIDIA GeForce RTX 3090	gpu15	213.0	0.335423197492163
G196_minimal	DLVPR	5	320|321	326	esm2_t6_8M_UR50D	fair-esm pretrained esm2_t6_8M_UR50D	ESM2 full-sequence masked pseudo-log-likelihood	-877.4935554731637	-892.1510780090466	-14.65752253588289	-2.7336247834054945	-2.736659748494008	-0.0030349650885135304	-14.243765115737915	-2.848753023147583	completed		128	NVIDIA GeForce RTX 3090	gpu15	124.0	0.6144200626959248
G196_practical_GS	GSDLVPRGS	9	1|2	330	esm2_t6_8M_UR50D	fair-esm pretrained esm2_t6_8M_UR50D	ESM2 full-sequence masked pseudo-log-likelihood	-877.4935554731637	-903.3029362168163	-25.809380743652582	-2.7336247834054945	-2.737281624899443	-0.003656841493948626	-26.64224886894226	-2.9602498743269177	completed		128	NVIDIA GeForce RTX 3090	gpu15	51.0	0.8432601880877743
G196_practical_GS	GSDLVPRGS	9	2|3	330	esm2_t6_8M_UR50D	fair-esm pretrained esm2_t6_8M_UR50D	ESM2 full-sequence masked pseudo-log-likelihood	-877.4935554731637	-902.7688603205606	-25.27530484739691	-2.7336247834054945	-2.735663213092608	-0.002038429687113652	-27.128097772598267	-3.0142330858442516	completed		128	NVIDIA GeForce RTX 3090	gpu15	35.0	0.8934169278996865
G196_practical_GS	GSDLVPRGS	9	3|4	330	esm2_t6_8M_UR50D	fair-esm pretrained esm2_t6_8M_UR50D	ESM2 full-sequence masked pseudo-log-likelihood	-877.4935554731637	-902.1444344194606	-24.65087894629687	-2.7336247834054945	-2.733771013392305	-0.0001462299868104644	-26.120498180389404	-2.9022775755988226	completed		128	NVIDIA GeForce RTX 3090	gpu15	24.0	0.9278996865203761
G196_practical_GS	GSDLVPRGS	9	4|5	330	esm2_t6_8M_UR50D	fair-esm pretrained esm2_t6_8M_UR50D	ESM2 full-sequence masked pseudo-log-likelihood	-877.4935554731637	-903.9613378746435	-26.46778240147978	-2.7336247834054945	-2.7392767814383134	-0.005651998032818906	-26.414225578308105	-2.934913953145345	completed		128	NVIDIA GeForce RTX 3090	gpu15	71.0	0.780564263322884
G196_practical_GS	GSDLVPRGS	9	5|6	330	esm2_t6_8M_UR50D	fair-esm pretrained esm2_t6_8M_UR50D	ESM2 full-sequence masked pseudo-log-likelihood	-877.4935554731637	-905.6841092649847	-28.190553791821003	-2.7336247834054945	-2.744497300802984	-0.01087251739748929	-28.20244789123535	-3.1336053212483725	completed		128	NVIDIA GeForce RTX 3090	gpu15	133.0	0.5862068965517242
G196_practical_GS	GSDLVPRGS	9	6|7	330	esm2_t6_8M_UR50D	fair-esm pretrained esm2_t6_8M_UR50D	ESM2 full-sequence masked pseudo-log-likelihood	-877.4935554731637	-906.1715729506686	-28.67801747750491	-2.7336247834054945	-2.7459744634868746	-0.012349680081380043	-27.813461303710938	-3.090384589301215	completed		128	NVIDIA GeForce RTX 3090	gpu15	156.0	0.5141065830721003
G196_practical_GS	GSDLVPRGS	9	7|8	330	esm2_t6_8M_UR50D	fair-esm pretrained esm2_t6_8M_UR50D	ESM2 full-sequence masked pseudo-log-likelihood	-877.4935554731637	-905.8669066615403	-28.373351188376546	-2.7336247834054945	-2.7450512323076977	-0.011426448902203123	-29.010331392288208	-3.22337015469869	completed		128	NVIDIA GeForce RTX 3090	gpu15	142.0	0.5579937304075235
G196_practical_GS	GSDLVPRGS	9	8|9	330	esm2_t6_8M_UR50D	fair-esm pretrained esm2_t6_8M_UR50D	ESM2 full-sequence masked pseudo-log-likelihood	-877.4935554731637	-905.4213341977447	-27.927778724581003	-2.7336247834054945	-2.7437010127204386	-0.010076229314944118	-27.87649369239807	-3.09738818804423	completed		128	NVIDIA GeForce RTX 3090	gpu15	123.0	0.6175548589341693
G196_practical_GS	GSDLVPRGS	9	9|10	330	esm2_t6_8M_UR50D	fair-esm pretrained esm2_t6_8M_UR50D	ESM2 full-sequence masked pseudo-log-likelihood	-877.4935554731637	-906.4800118533894	-28.986456380225718	-2.7336247834054945	-2.7469091268284527	-0.013284343422958145	-28.54735255241394	-3.171928061379327	completed		128	NVIDIA GeForce RTX 3090	gpu15	168.0	0.4764890282131662
G196_practical_GS	GSDLVPRGS	9	10|11	330	esm2_t6_8M_UR50D	fair-esm pretrained esm2_t6_8M_UR50D	ESM2 full-sequence masked pseudo-log-likelihood	-877.4935554731637	-906.6923479931429	-29.19879251997918	-2.7336247834054945	-2.7475525696761904	-0.013927786270695908	-28.18217897415161	-3.131353219350179	completed		128	NVIDIA GeForce RTX 3090	gpu15	176.0	0.45141065830721006
G196_practical_GS	GSDLVPRGS	9	11|12	330	esm2_t6_8M_UR50D	fair-esm pretrained esm2_t6_8M_UR50D	ESM2 full-sequence masked pseudo-log-likelihood	-877.4935554731637	-906.1753862602636	-28.681830787099898	-2.7336247834054945	-2.7459860189704957	-0.012361235565001127	-28.1555118560791	-3.1283902062310114	completed		128	NVIDIA GeForce RTX 3090	gpu15	157.0	0.5109717868338558
G196_practical_GS	GSDLVPRGS	9	12|13	330	esm2_t6_8M_UR50D	fair-esm pretrained esm2_t6_8M_UR50D	ESM2 full-sequence masked pseudo-log-likelihood	-877.4935554731637	-903.9112193305045	-26.417663857340813	-2.7336247834054945	-2.739124907062135	-0.005500123656640543	-27.661296606063843	-3.0734774006737604	completed		128	NVIDIA GeForce RTX 3090	gpu15	68.0	0.7899686520376176
G196_practical_GS	GSDLVPRGS	9	13|14	330	esm2_t6_8M_UR50D	fair-esm pretrained esm2_t6_8M_UR50D	ESM2 full-sequence masked pseudo-log-likelihood	-877.4935554731637	-902.9884551716968	-25.494899698533118	-2.7336247834054945	-2.736328652035445	-0.0027038686299505343	-27.14845871925354	-3.0164954132503934	completed		128	NVIDIA GeForce RTX 3090	gpu15	40.0	0.877742946708464
G196_practical_GS	GSDLVPRGS	9	14|15	330	esm2_t6_8M_UR50D	fair-esm pretrained esm2_t6_8M_UR50D	ESM2 full-sequence masked pseudo-log-likelihood	-877.4935554731637	-903.0005587013438	-25.50700322818011	-2.7336247834054945	-2.7363653293980117	-0.0027405459925171627	-27.7508442401886	-3.0834271377987332	completed		128	NVIDIA GeForce RTX 3090	gpu15	42.0	0.8714733542319749
G196_practical_GS	GSDLVPRGS	9	15|16	330	esm2_t6_8M_UR50D	fair-esm pretrained esm2_t6_8M_UR50D	ESM2 full-sequence masked pseudo-log-likelihood	-877.4935554731637	-901.5581645984203	-24.06460912525654	-2.7336247834054945	-2.731994438177031	0.0016303452284636144	-27.049075841903687	-3.005452871322632	completed		128	NVIDIA GeForce RTX 3090	gpu15	14.0	0.9592476489028213
G196_practical_GS	GSDLVPRGS	9	16|17	330	esm2_t6_8M_UR50D	fair-esm pretrained esm2_t6_8M_UR50D	ESM2 full-sequence masked pseudo-log-likelihood	-877.4935554731637	-901.4743528524414	-23.980797379277647	-2.7336247834054945	-2.731740463189216	0.001884320216278379	-26.096033811569214	-2.8995593123965793	completed		128	NVIDIA GeForce RTX 3090	gpu15	11.0	0.9686520376175549
G196_practical_GS	GSDLVPRGS	9	17|18	330	esm2_t6_8M_UR50D	fair-esm pretrained esm2_t6_8M_UR50D	ESM2 full-sequence masked pseudo-log-likelihood	-877.4935554731637	-900.8549290336668	-23.361373560503125	-2.7336247834054945	-2.729863421314142	0.0037613620913523604	-26.00096344947815	-2.8889959388309054	completed		128	NVIDIA GeForce RTX 3090	gpu15	5.0	0.987460815047022
G196_practical_GS	GSDLVPRGS	9	18|19	330	esm2_t6_8M_UR50D	fair-esm pretrained esm2_t6_8M_UR50D	ESM2 full-sequence masked pseudo-log-likelihood	-877.4935554731637	-900.9153656093404	-23.421810136176646	-2.7336247834054945	-2.7300465624525465	0.003578220952948019	-27.10572838783264	-3.0117475986480713	completed		128	NVIDIA GeForce RTX 3090	gpu15	7.0	0.9811912225705329
G196_practical_GS	GSDLVPRGS	9	19|20	330	esm2_t6_8M_UR50D	fair-esm pretrained esm2_t6_8M_UR50D	ESM2 full-sequence masked pseudo-log-likelihood	-877.4935554731637	-901.6930786781013	-24.199523204937577	-2.7336247834054945	-2.732403268721519	0.0012215146839755775	-26.280400037765503	-2.9200444486406116	completed		128	NVIDIA GeForce RTX 3090	gpu15	17.0	0.9498432601880877
G196_practical_GS	GSDLVPRGS	9	20|21	330	esm2_t6_8M_UR50D	fair-esm pretrained esm2_t6_8M_UR50D	ESM2 full-sequence masked pseudo-log-likelihood	-877.4935554731637	-900.9808422569185	-23.487286783754826	-2.7336247834054945	-2.7302449765361168	0.003379806869377777	-25.806750535964966	-2.8674167262183294	completed		128	NVIDIA GeForce RTX 3090	gpu15	9.0	0.9749216300940439
G196_practical_GS	GSDLVPRGS	9	21|22	330	esm2_t6_8M_UR50D	fair-esm pretrained esm2_t6_8M_UR50D	ESM2 full-sequence masked pseudo-log-likelihood	-877.4935554731637	-901.5518037248403	-24.05824825167656	-2.7336247834054945	-2.7319751628025464	0.0016496206029481542	-26.415717363357544	-2.935079707039727	completed		128	NVIDIA GeForce RTX 3090	gpu15	13.0	0.9623824451410659
G196_practical_GS	GSDLVPRGS	9	22|23	330	esm2_t6_8M_UR50D	fair-esm pretrained esm2_t6_8M_UR50D	ESM2 full-sequence masked pseudo-log-likelihood	-877.4935554731637	-901.7969722207636	-24.30341674759984	-2.7336247834054945	-2.7327180976386773	0.0009066857668171835	-26.687923192977905	-2.965324799219767	completed		128	NVIDIA GeForce RTX 3090	gpu15	19.0	0.9435736677115988
G196_practical_GS	GSDLVPRGS	9	23|24	330	esm2_t6_8M_UR50D	fair-esm pretrained esm2_t6_8M_UR50D	ESM2 full-sequence masked pseudo-log-likelihood	-877.4935554731637	-902.4620887022465	-24.968533229082823	-2.7336247834054945	-2.7347336021280197	-0.0011088187225252177	-26.54774498939514	-2.9497494432661266	completed		128	NVIDIA GeForce RTX 3090	gpu15	28.0	0.9153605015673981
G196_practical_GS	GSDLVPRGS	9	24|25	330	esm2_t6_8M_UR50D	fair-esm pretrained esm2_t6_8M_UR50D	ESM2 full-sequence masked pseudo-log-likelihood	-877.4935554731637	-901.7351704528555	-24.241614979691803	-2.7336247834054945	-2.732530819554108	0.0010939638513867145	-26.197553396224976	-2.9108392662472196	completed		128	NVIDIA GeForce RTX 3090	gpu15	18.0	0.9467084639498433
G196_practical_GS	GSDLVPRGS	9	25|26	330	esm2_t6_8M_UR50D	fair-esm pretrained esm2_t6_8M_UR50D	ESM2 full-sequence masked pseudo-log-likelihood	-877.4935554731637	-900.0424813563004	-22.54892588313669	-2.7336247834054945	-2.727401458655456	0.006223324750038728	-26.796050548553467	-2.977338949839274	completed		128	NVIDIA GeForce RTX 3090	gpu15	4.0	0.9905956112852664
G196_practical_GS	GSDLVPRGS	9	26|27	330	esm2_t6_8M_UR50D	fair-esm pretrained esm2_t6_8M_UR50D	ESM2 full-sequence masked pseudo-log-likelihood	-877.4935554731637	-900.9232272487134	-23.42967177554965	-2.7336247834054945	-2.7300703856021618	0.003554397803332776	-26.841422080993652	-2.982380231221517	completed		128	NVIDIA GeForce RTX 3090	gpu15	8.0	0.9780564263322884
G196_practical_GS	GSDLVPRGS	9	27|28	330	esm2_t6_8M_UR50D	fair-esm pretrained esm2_t6_8M_UR50D	ESM2 full-sequence masked pseudo-log-likelihood	-877.4935554731637	-900.8614558139816	-23.36790034081787	-2.7336247834054945	-2.729883199436308	0.003741583969186557	-26.18350863456726	-2.90927873717414	completed		128	NVIDIA GeForce RTX 3090	gpu15	6.0	0.9843260188087775
G196_practical_GS	GSDLVPRGS	9	28|29	330	esm2_t6_8M_UR50D	fair-esm pretrained esm2_t6_8M_UR50D	ESM2 full-sequence masked pseudo-log-likelihood	-877.4935554731637	-898.2451133234426	-20.751557850278914	-2.7336247834054945	-2.721954888858917	0.01166989454657763	-25.52672529220581	-2.83630281024509	completed		128	NVIDIA GeForce RTX 3090	gpu15	2.0	0.9968652037617555
G196_practical_GS	GSDLVPRGS	9	29|30	330	esm2_t6_8M_UR50D	fair-esm pretrained esm2_t6_8M_UR50D	ESM2 full-sequence masked pseudo-log-likelihood	-877.4935554731637	-901.5993336988613	-24.105778225697577	-2.7336247834054945	-2.7321191930268522	0.0015055903786422853	-27.266550540924072	-3.0296167267693415	completed		128	NVIDIA GeForce RTX 3090	gpu15	15.0	0.9561128526645768
G196_practical_GS	GSDLVPRGS	9	30|31	330	esm2_t6_8M_UR50D	fair-esm pretrained esm2_t6_8M_UR50D	ESM2 full-sequence masked pseudo-log-likelihood	-877.4935554731637	-902.1306457007304	-24.63709022756666	-2.7336247834054945	-2.7337292293961526	-0.00010444599065806415	-27.159421920776367	-3.0177135467529297	completed		128	NVIDIA GeForce RTX 3090	gpu15	23.0	0.9310344827586207
G196_practical_GS	GSDLVPRGS	9	31|32	330	esm2_t6_8M_UR50D	fair-esm pretrained esm2_t6_8M_UR50D	ESM2 full-sequence masked pseudo-log-likelihood	-877.4935554731637	-901.5060034552589	-24.012447982095182	-2.7336247834054945	-2.731836374106845	0.0017884092986495403	-26.38429307937622	-2.9315881199306912	completed		128	NVIDIA GeForce RTX 3090	gpu15	12.0	0.9655172413793104
G196_practical_GS	GSDLVPRGS	9	32|33	330	esm2_t6_8M_UR50D	fair-esm pretrained esm2_t6_8M_UR50D	ESM2 full-sequence masked pseudo-log-likelihood	-877.4935554731637	-904.8039416074753	-27.310386134311557	-2.7336247834054945	-2.7418301260832583	-0.008205342677763738	-27.192053079605103	-3.0213392310672336	completed		128	NVIDIA GeForce RTX 3090	gpu15	95.0	0.7053291536050157
G196_practical_GS	GSDLVPRGS	9	33|34	330	esm2_t6_8M_UR50D	fair-esm pretrained esm2_t6_8M_UR50D	ESM2 full-sequence masked pseudo-log-likelihood	-877.4935554731637	-903.9963238928467	-26.50276841968298	-2.7336247834054945	-2.739382799675293	-0.005758016269798549	-26.854037284851074	-2.983781920539008	completed		128	NVIDIA GeForce RTX 3090	gpu15	72.0	0.7774294670846396
G196_practical_GS	GSDLVPRGS	9	34|35	330	esm2_t6_8M_UR50D	fair-esm pretrained esm2_t6_8M_UR50D	ESM2 full-sequence masked pseudo-log-likelihood	-877.4935554731637	-903.4188594287261	-25.925303955562413	-2.7336247834054945	-2.7376329073597763	-0.004008123954281739	-26.407210111618042	-2.934134456846449	completed		128	NVIDIA GeForce RTX 3090	gpu15	55.0	0.8307210031347962
G196_practical_GS	GSDLVPRGS	9	35|36	330	esm2_t6_8M_UR50D	fair-esm pretrained esm2_t6_8M_UR50D	ESM2 full-sequence masked pseudo-log-likelihood	-877.4935554731637	-902.8105963496491	-25.317040876485407	-2.7336247834054945	-2.7357896859080277	-0.002164902502533206	-26.30410146713257	-2.9226779407925076	completed		128	NVIDIA GeForce RTX 3090	gpu15	36.0	0.890282131661442
G196_practical_GS	GSDLVPRGS	9	36|37	330	esm2_t6_8M_UR50D	fair-esm pretrained esm2_t6_8M_UR50D	ESM2 full-sequence masked pseudo-log-likelihood	-877.4935554731637	-901.9752785982564	-24.481723125092685	-2.7336247834054945	-2.7332584199947165	0.0003663634107780034	-25.6251802444458	-2.847242249382867	completed		128	NVIDIA GeForce RTX 3090	gpu15	22.0	0.9341692789968652
G196_practical_GS	GSDLVPRGS	9	37|38	330	esm2_t6_8M_UR50D	fair-esm pretrained esm2_t6_8M_UR50D	ESM2 full-sequence masked pseudo-log-likelihood	-877.4935554731637	-902.190955161117	-24.697399687953293	-2.7336247834054945	-2.7339119853367184	-0.0002872019312238905	-26.39739155769348	-2.933043506410387	completed		128	NVIDIA GeForce RTX 3090	gpu15	26.0	0.9216300940438872
G196_practical_GS	GSDLVPRGS	9	38|39	330	esm2_t6_8M_UR50D	fair-esm pretrained esm2_t6_8M_UR50D	ESM2 full-sequence masked pseudo-log-likelihood	-877.4935554731637	-904.2150355642661	-26.72148009110242	-2.7336247834054945	-2.740045562315958	-0.006420778910463554	-26.85932970046997	-2.9843699667188854	completed		128	NVIDIA GeForce RTX 3090	gpu15	77.0	0.7617554858934169
G196_practical_GS	GSDLVPRGS	9	39|40	330	esm2_t6_8M_UR50D	fair-esm pretrained esm2_t6_8M_UR50D	ESM2 full-sequence masked pseudo-log-likelihood	-877.4935554731637	-904.5223568696529	-27.028801396489143	-2.7336247834054945	-2.740976838998948	-0.0073520555934534215	-28.584689140319824	-3.176076571146647	completed		128	NVIDIA GeForce RTX 3090	gpu15	84.0	0.7398119122257053
G196_practical_GS	GSDLVPRGS	9	40|41	330	esm2_t6_8M_UR50D	fair-esm pretrained esm2_t6_8M_UR50D	ESM2 full-sequence masked pseudo-log-likelihood	-877.4935554731637	-904.8954029930755	-27.401847519911826	-2.7336247834054945	-2.7421072817971988	-0.00848249839170423	-26.484362840652466	-2.9427069822947183	completed		128	NVIDIA GeForce RTX 3090	gpu15	101.0	0.6865203761755485
G196_practical_GS	GSDLVPRGS	9	41|42	330	esm2_t6_8M_UR50D	fair-esm pretrained esm2_t6_8M_UR50D	ESM2 full-sequence masked pseudo-log-likelihood	-877.4935554731637	-905.3926981631666	-27.89914269000292	-2.7336247834054945	-2.7436142368580807	-0.009989453452586172	-26.639156818389893	-2.9599063131544323	completed		128	NVIDIA GeForce RTX 3090	gpu15	121.0	0.6238244514106583
G196_practical_GS	GSDLVPRGS	9	42|43	330	esm2_t6_8M_UR50D	fair-esm pretrained esm2_t6_8M_UR50D	ESM2 full-sequence masked pseudo-log-likelihood	-877.4935554731637	-906.4351531015709	-28.94159762840718	-2.7336247834054945	-2.7467731912168816	-0.013148407811387042	-26.98616337776184	-2.9984625975290933	completed		128	NVIDIA GeForce RTX 3090	gpu15	165.0	0.48589341692789967
G196_practical_GS	GSDLVPRGS	9	43|44	330	esm2_t6_8M_UR50D	fair-esm pretrained esm2_t6_8M_UR50D	ESM2 full-sequence masked pseudo-log-likelihood	-877.4935554731637	-904.8800147632137	-27.38645929004997	-2.7336247834054945	-2.742060650797617	-0.008435867392122542	-27.358339309692383	-3.039815478854709	completed		128	NVIDIA GeForce RTX 3090	gpu15	99.0	0.6927899686520376
G196_practical_GS	GSDLVPRGS	9	44|45	330	esm2_t6_8M_UR50D	fair-esm pretrained esm2_t6_8M_UR50D	ESM2 full-sequence masked pseudo-log-likelihood	-877.4935554731637	-904.5284158140421	-27.034860340878367	-2.7336247834054945	-2.740995199436491	-0.0073704160309966404	-25.694213390350342	-2.854912598927816	completed		128	NVIDIA GeForce RTX 3090	gpu15	85.0	0.7366771159874608
G196_practical_GS	GSDLVPRGS	9	45|46	330	esm2_t6_8M_UR50D	fair-esm pretrained esm2_t6_8M_UR50D	ESM2 full-sequence masked pseudo-log-likelihood	-877.4935554731637	-907.1874499619007	-29.693894488736987	-2.7336247834054945	-2.749052878672426	-0.015428095266931674	-27.124310731887817	-3.013812303543091	completed		128	NVIDIA GeForce RTX 3090	gpu15	195.0	0.3918495297805643
G196_practical_GS	GSDLVPRGS	9	46|47	330	esm2_t6_8M_UR50D	fair-esm pretrained esm2_t6_8M_UR50D	ESM2 full-sequence masked pseudo-log-likelihood	-877.4935554731637	-906.0246298639104	-28.531074390746653	-2.7336247834054945	-2.745529181405789	-0.011904398000294414	-28.180670976638794	-3.131185664070977	completed		128	NVIDIA GeForce RTX 3090	gpu15	151.0	0.5297805642633229
G196_practical_GS	GSDLVPRGS	9	47|48	330	esm2_t6_8M_UR50D	fair-esm pretrained esm2_t6_8M_UR50D	ESM2 full-sequence masked pseudo-log-likelihood	-877.4935554731637	-904.640722412616	-27.14716693945229	-2.7336247834054945	-2.7413355224624727	-0.007710739056978166	-26.28533148765564	-2.9205923875172934	completed		128	NVIDIA GeForce RTX 3090	gpu15	91.0	0.7178683385579938
G196_practical_GS	GSDLVPRGS	9	48|49	330	esm2_t6_8M_UR50D	fair-esm pretrained esm2_t6_8M_UR50D	ESM2 full-sequence masked pseudo-log-likelihood	-877.4935554731637	-904.2761404681951	-26.782584995031357	-2.7336247834054945	-2.7402307286915004	-0.006605945286005888	-27.949796199798584	-3.1055329110887318	completed		128	NVIDIA GeForce RTX 3090	gpu15	79.0	0.755485893416928
G196_practical_GS	GSDLVPRGS	9	49|50	330	esm2_t6_8M_UR50D	fair-esm pretrained esm2_t6_8M_UR50D	ESM2 full-sequence masked pseudo-log-likelihood	-877.4935554731637	-901.3586804857478	-23.86512501258403	-2.7336247834054945	-2.731389940865902	0.0022348425395923854	-27.77299427986145	-3.085888253317939	completed		128	NVIDIA GeForce RTX 3090	gpu15	10.0	0.9717868338557993
G196_practical_GS	GSDLVPRGS	9	50|51	330	esm2_t6_8M_UR50D	fair-esm pretrained esm2_t6_8M_UR50D	ESM2 full-sequence masked pseudo-log-likelihood	-877.4935554731637	-902.7488497551531	-25.255294281989336	-2.7336247834054945	-2.735602575015615	-0.0019777916101206827	-26.715409755706787	-2.9683788617451987	completed		128	NVIDIA GeForce RTX 3090	gpu15	34.0	0.896551724137931
G196_practical_GS	GSDLVPRGS	9	51|52	330	esm2_t6_8M_UR50D	fair-esm pretrained esm2_t6_8M_UR50D	ESM2 full-sequence masked pseudo-log-likelihood	-877.4935554731637	-903.3752737510949	-25.881718277931213	-2.7336247834054945	-2.7375008295487726	-0.003876046143278078	-26.900012731552124	-2.9888903035057917	completed		128	NVIDIA GeForce RTX 3090	gpu15	53.0	0.8369905956112853
G196_practical_GS	GSDLVPRGS	9	52|53	330	esm2_t6_8M_UR50D	fair-esm pretrained esm2_t6_8M_UR50D	ESM2 full-sequence masked pseudo-log-likelihood	-877.4935554731637	-904.2199197905138	-26.72636431735009	-2.7336247834054945	-2.740060363001557	-0.006435579596062446	-27.93851351737976	-3.1042792797088623	completed		128	NVIDIA GeForce RTX 3090	gpu15	78.0	0.7586206896551724
G196_practical_GS	GSDLVPRGS	9	53|54	330	esm2_t6_8M_UR50D	fair-esm pretrained esm2_t6_8M_UR50D	ESM2 full-sequence masked pseudo-log-likelihood	-877.4935554731637	-905.4607762787491	-27.967220805585384	-2.7336247834054945	-2.7438205341780275	-0.010195750772532985	-27.80267643928528	-3.0891862710316977	completed		128	NVIDIA GeForce RTX 3090	gpu15	126.0	0.6081504702194358
G196_practical_GS	GSDLVPRGS	9	54|55	330	esm2_t6_8M_UR50D	fair-esm pretrained esm2_t6_8M_UR50D	ESM2 full-sequence masked pseudo-log-likelihood	-877.4935554731637	-903.587618210353	-26.094062737189233	-2.7336247834054945	-2.73814429760713	-0.004519514201635655	-26.095385313034058	-2.899487257003784	completed		128	NVIDIA GeForce RTX 3090	gpu15	58.0	0.8213166144200628
G196_practical_GS	GSDLVPRGS	9	55|56	330	esm2_t6_8M_UR50D	fair-esm pretrained esm2_t6_8M_UR50D	ESM2 full-sequence masked pseudo-log-likelihood	-877.4935554731637	-909.8925303407013	-32.39897486753762	-2.7336247834054945	-2.7572500919415193	-0.023625308536024736	-28.235161781311035	-3.1372401979234485	completed		128	NVIDIA GeForce RTX 3090	gpu15	258.0	0.1943573667711599
G196_practical_GS	GSDLVPRGS	9	56|57	330	esm2_t6_8M_UR50D	fair-esm pretrained esm2_t6_8M_UR50D	ESM2 full-sequence masked pseudo-log-likelihood	-877.4935554731637	-910.1272593149915	-32.63370384182781	-2.7336247834054945	-2.757961391863611	-0.02433660845811625	-28.033594608306885	-3.1148438453674316	completed		128	NVIDIA GeForce RTX 3090	gpu15	262.0	0.18181818181818177
G196_practical_GS	GSDLVPRGS	9	57|58	330	esm2_t6_8M_UR50D	fair-esm pretrained esm2_t6_8M_UR50D	ESM2 full-sequence masked pseudo-log-likelihood	-877.4935554731637	-909.4638687139377	-31.970313240773976	-2.7336247834054945	-2.7559511173149627	-0.022326333909468143	-27.38355565071106	-3.042617294523451	completed		128	NVIDIA GeForce RTX 3090	gpu15	245.0	0.23510971786833856
G196_practical_GS	GSDLVPRGS	9	58|59	330	esm2_t6_8M_UR50D	fair-esm pretrained esm2_t6_8M_UR50D	ESM2 full-sequence masked pseudo-log-likelihood	-877.4935554731637	-909.3883938239887	-31.89483835082501	-2.7336247834054945	-2.7557224055272385	-0.02209762212174393	-27.9608256816864	-3.1067584090762668	completed		128	NVIDIA GeForce RTX 3090	gpu15	244.0	0.2382445141065831
G196_practical_GS	GSDLVPRGS	9	59|60	330	esm2_t6_8M_UR50D	fair-esm pretrained esm2_t6_8M_UR50D	ESM2 full-sequence masked pseudo-log-likelihood	-877.4935554731637	-910.1497780075297	-32.65622253436595	-2.7336247834054945	-2.7580296303258476	-0.02440484692035305	-28.428968906402588	-3.158774322933621	completed		128	NVIDIA GeForce RTX 3090	gpu15	263.0	0.17868338557993735
G196_practical_GS	GSDLVPRGS	9	60|61	330	esm2_t6_8M_UR50D	fair-esm pretrained esm2_t6_8M_UR50D	ESM2 full-sequence masked pseudo-log-likelihood	-877.4935554731637	-908.8621589168906	-31.368603443726897	-2.7336247834054945	-2.754127754293608	-0.02050297088811348	-26.426743745803833	-2.9363048606448703	completed		128	NVIDIA GeForce RTX 3090	gpu15	239.0	0.25391849529780564
G196_practical_GS	GSDLVPRGS	9	61|62	330	esm2_t6_8M_UR50D	fair-esm pretrained esm2_t6_8M_UR50D	ESM2 full-sequence masked pseudo-log-likelihood	-877.4935554731637	-908.1484168162569	-30.654861343093216	-2.7336247834054945	-2.7519648994432027	-0.018340116037708132	-27.252504110336304	-3.028056012259589	completed		128	NVIDIA GeForce RTX 3090	gpu15	226.0	0.2946708463949843
G196_practical_GS	GSDLVPRGS	9	62|63	330	esm2_t6_8M_UR50D	fair-esm pretrained esm2_t6_8M_UR50D	ESM2 full-sequence masked pseudo-log-likelihood	-877.4935554731637	-903.4672791948542	-25.973723721690476	-2.7336247834054945	-2.7377796339238007	-0.004154850518306219	-27.386892437934875	-3.0429880486594305	completed		128	NVIDIA GeForce RTX 3090	gpu15	57.0	0.8244514106583072
G196_practical_GS	GSDLVPRGS	9	63|64	330	esm2_t6_8M_UR50D	fair-esm pretrained esm2_t6_8M_UR50D	ESM2 full-sequence masked pseudo-log-likelihood	-877.4935554731637	-904.1392862638459	-26.645730790682137	-2.7336247834054945	-2.739816018981351	-0.006191235575856435	-26.292396068572998	-2.921377340952555	completed		128	NVIDIA GeForce RTX 3090	gpu15	76.0	0.7648902821316614
G196_practical_GS	GSDLVPRGS	9	64|65	330	esm2_t6_8M_UR50D	fair-esm pretrained esm2_t6_8M_UR50D	ESM2 full-sequence masked pseudo-log-likelihood	-877.4935554731637	-905.6349823335186	-28.14142686035484	-2.7336247834054945	-2.7443484313136928	-0.010723647908198242	-26.61692237854004	-2.957435819837782	completed		128	NVIDIA GeForce RTX 3090	gpu15	130.0	0.5956112852664577
G196_practical_GS	GSDLVPRGS	9	65|66	330	esm2_t6_8M_UR50D	fair-esm pretrained esm2_t6_8M_UR50D	ESM2 full-sequence masked pseudo-log-likelihood	-877.4935554731637	-905.4284252021462	-27.93486972898245	-2.7336247834054945	-2.7437225006125643	-0.010097717207069756	-27.254038095474243	-3.028226455052694	completed		128	NVIDIA GeForce RTX 3090	gpu15	124.0	0.6144200626959248
G196_practical_GS	GSDLVPRGS	9	66|67	330	esm2_t6_8M_UR50D	fair-esm pretrained esm2_t6_8M_UR50D	ESM2 full-sequence masked pseudo-log-likelihood	-877.4935554731637	-906.9591167680919	-29.465561294928193	-2.7336247834054945	-2.7483609599033088	-0.014736176497814224	-26.445404767990112	-2.9383783075544567	completed		128	NVIDIA GeForce RTX 3090	gpu15	189.0	0.4106583072100314
G196_practical_GS	GSDLVPRGS	9	67|68	330	esm2_t6_8M_UR50D	fair-esm pretrained esm2_t6_8M_UR50D	ESM2 full-sequence masked pseudo-log-likelihood	-877.4935554731637	-911.1699289316311	-33.676373458467424	-2.7336247834054945	-2.7611209967625188	-0.027496213357024235	-27.22393226623535	-3.024881362915039	completed		128	NVIDIA GeForce RTX 3090	gpu15	278.0	0.1316614420062696
G196_practical_GS	GSDLVPRGS	9	68|69	330	esm2_t6_8M_UR50D	fair-esm pretrained esm2_t6_8M_UR50D	ESM2 full-sequence masked pseudo-log-likelihood	-877.4935554731637	-907.7934125931934	-30.29985712002963	-2.7336247834054945	-2.750889129070283	-0.017264345664788294	-25.985978603363037	-2.8873309559292264	completed		128	NVIDIA GeForce RTX 3090	gpu15	216.0	0.3260188087774295
G196_practical_GS	GSDLVPRGS	9	69|70	330	esm2_t6_8M_UR50D	fair-esm pretrained esm2_t6_8M_UR50D	ESM2 full-sequence masked pseudo-log-likelihood	-877.4935554731637	-909.1993097811937	-31.70575430803001	-2.7336247834054945	-2.755149423579375	-0.02152464017388045	-26.599326848983765	-2.955480760998196	completed		128	NVIDIA GeForce RTX 3090	gpu15	242.0	0.24451410658307215
G196_practical_GS	GSDLVPRGS	9	70|71	330	esm2_t6_8M_UR50D	fair-esm pretrained esm2_t6_8M_UR50D	ESM2 full-sequence masked pseudo-log-likelihood	-877.4935554731637	-910.3273723684251	-32.83381689526141	-2.7336247834054945	-2.758567795055834	-0.024943011650339297	-27.219879865646362	-3.024431096182929	completed		128	NVIDIA GeForce RTX 3090	gpu15	264.0	0.17554858934169282
G196_practical_GS	GSDLVPRGS	9	71|72	330	esm2_t6_8M_UR50D	fair-esm pretrained esm2_t6_8M_UR50D	ESM2 full-sequence masked pseudo-log-likelihood	-877.4935554731637	-912.4832227844745	-34.98966731131077	-2.7336247834054945	-2.765100675104468	-0.03147589169897369	-29.390400648117065	-3.265600072013007	completed		128	NVIDIA GeForce RTX 3090	gpu15	296.0	0.07523510971786829
G196_practical_GS	GSDLVPRGS	9	72|73	330	esm2_t6_8M_UR50D	fair-esm pretrained esm2_t6_8M_UR50D	ESM2 full-sequence masked pseudo-log-likelihood	-877.4935554731637	-911.4110772879794	-33.9175218148157	-2.7336247834054945	-2.7618517493575134	-0.0282269659520189	-27.253253936767578	-3.0281393263075085	completed		128	NVIDIA GeForce RTX 3090	gpu15	283.0	0.11598746081504707
G196_practical_GS	GSDLVPRGS	9	73|74	330	esm2_t6_8M_UR50D	fair-esm pretrained esm2_t6_8M_UR50D	ESM2 full-sequence masked pseudo-log-likelihood	-877.4935554731637	-904.562110257335	-27.068554784171283	-2.7336247834054945	-2.7410973038101063	-0.007472520404611771	-26.334205627441406	-2.9260228474934897	completed		128	NVIDIA GeForce RTX 3090	gpu15	88.0	0.7272727272727273
G196_practical_GS	GSDLVPRGS	9	74|75	330	esm2_t6_8M_UR50D	fair-esm pretrained esm2_t6_8M_UR50D	ESM2 full-sequence masked pseudo-log-likelihood	-877.4935554731637	-901.8382861176506	-24.344730644486845	-2.7336247834054945	-2.732843291265608	0.0007814921398865415	-24.993422746658325	-2.777046971850925	completed		128	NVIDIA GeForce RTX 3090	gpu15	20.0	0.9404388714733543
G196_practical_GS	GSDLVPRGS	9	75|76	330	esm2_t6_8M_UR50D	fair-esm pretrained esm2_t6_8M_UR50D	ESM2 full-sequence masked pseudo-log-likelihood	-877.4935554731637	-904.7417063480243	-27.248150874860585	-2.7336247834054945	-2.7416415343879526	-0.00801675098245802	-26.14744997024536	-2.905272218916151	completed		128	NVIDIA GeForce RTX 3090	gpu15	93.0	0.7115987460815048
G196_practical_GS	GSDLVPRGS	9	76|77	330	esm2_t6_8M_UR50D	fair-esm pretrained esm2_t6_8M_UR50D	ESM2 full-sequence masked pseudo-log-likelihood	-877.4935554731637	-902.6509244320914	-25.15736895892769	-2.7336247834054945	-2.7353058316123984	-0.0016810482069038457	-25.86438488960266	-2.8738205432891846	completed		128	NVIDIA GeForce RTX 3090	gpu15	33.0	0.8996865203761756
G196_practical_GS	GSDLVPRGS	9	77|78	330	esm2_t6_8M_UR50D	fair-esm pretrained esm2_t6_8M_UR50D	ESM2 full-sequence masked pseudo-log-likelihood	-877.4935554731637	-904.0815548980609	-26.587999424897134	-2.7336247834054945	-2.7396410754486693	-0.006016292043174776	-26.704224586486816	-2.9671360651652017	completed		128	NVIDIA GeForce RTX 3090	gpu15	75.0	0.768025078369906
G196_practical_GS	GSDLVPRGS	9	78|79	330	esm2_t6_8M_UR50D	fair-esm pretrained esm2_t6_8M_UR50D	ESM2 full-sequence masked pseudo-log-likelihood	-877.4935554731637	-903.2653928231448	-25.77183734998107	-2.7336247834054945	-2.737167857039833	-0.0035430736343382563	-25.191962242126465	-2.7991069157918296	completed		128	NVIDIA GeForce RTX 3090	gpu15	48.0	0.8526645768025078
G196_practical_GS	GSDLVPRGS	9	79|80	330	esm2_t6_8M_UR50D	fair-esm pretrained esm2_t6_8M_UR50D	ESM2 full-sequence masked pseudo-log-likelihood	-877.4935554731637	-903.9235103596002	-26.429954886436462	-2.7336247834054945	-2.739162152604849	-0.005537369199354547	-25.21639919281006	-2.801822132534451	completed		128	NVIDIA GeForce RTX 3090	gpu15	69.0	0.786833855799373
G196_practical_GS	GSDLVPRGS	9	80|81	330	esm2_t6_8M_UR50D	fair-esm pretrained esm2_t6_8M_UR50D	ESM2 full-sequence masked pseudo-log-likelihood	-877.4935554731637	-906.0870460150763	-28.593490541912615	-2.7336247834054945	-2.745718321257807	-0.012093537852312597	-27.1727397441864	-3.0191933049096003	completed		128	NVIDIA GeForce RTX 3090	gpu15	153.0	0.5235109717868338
G196_practical_GS	GSDLVPRGS	9	81|82	330	esm2_t6_8M_UR50D	fair-esm pretrained esm2_t6_8M_UR50D	ESM2 full-sequence masked pseudo-log-likelihood	-877.4935554731637	-906.5855431472883	-29.09198767412454	-2.7336247834054945	-2.747228918628146	-0.013604135222651692	-26.48683762550354	-2.9429819583892822	completed		128	NVIDIA GeForce RTX 3090	gpu15	170.0	0.4702194357366771
G196_practical_GS	GSDLVPRGS	9	82|83	330	esm2_t6_8M_UR50D	fair-esm pretrained esm2_t6_8M_UR50D	ESM2 full-sequence masked pseudo-log-likelihood	-877.4935554731637	-907.4369659023359	-29.943410429172218	-2.7336247834054945	-2.749808987582836	-0.016184204177341677	-26.771668672561646	-2.9746298525068493	completed		128	NVIDIA GeForce RTX 3090	gpu15	205.0	0.3605015673981191
G196_practical_GS	GSDLVPRGS	9	83|84	330	esm2_t6_8M_UR50D	fair-esm pretrained esm2_t6_8M_UR50D	ESM2 full-sequence masked pseudo-log-likelihood	-877.4935554731637	-905.1075300006196	-27.613974527455866	-2.7336247834054945	-2.7427500909109686	-0.009125307505474023	-26.676033973693848	-2.9640037748548718	completed		128	NVIDIA GeForce RTX 3090	gpu15	110.0	0.658307210031348
G196_practical_GS	GSDLVPRGS	9	84|85	330	esm2_t6_8M_UR50D	fair-esm pretrained esm2_t6_8M_UR50D	ESM2 full-sequence masked pseudo-log-likelihood	-877.4935554731637	-905.4476069696248	-27.954051496461034	-2.7336247834054945	-2.7437806271806813	-0.010155843775186746	-26.620753288269043	-2.957861476474338	completed		128	NVIDIA GeForce RTX 3090	gpu15	125.0	0.6112852664576802
G196_practical_GS	GSDLVPRGS	9	85|86	330	esm2_t6_8M_UR50D	fair-esm pretrained esm2_t6_8M_UR50D	ESM2 full-sequence masked pseudo-log-likelihood	-877.4935554731637	-904.944519652985	-27.450964179821312	-2.7336247834054945	-2.742256120160561	-0.008631336755066332	-27.1081600189209	-3.0120177798800998	completed		128	NVIDIA GeForce RTX 3090	gpu15	105.0	0.6739811912225706
G196_practical_GS	GSDLVPRGS	9	86|87	330	esm2_t6_8M_UR50D	fair-esm pretrained esm2_t6_8M_UR50D	ESM2 full-sequence masked pseudo-log-likelihood	-877.4935554731637	-903.2774389516562	-25.7838834784925	-2.7336247834054945	-2.737204360459564	-0.003579577054069638	-25.79159641265869	-2.865732934739855	completed		128	NVIDIA GeForce RTX 3090	gpu15	49.0	0.8495297805642633
G196_practical_GS	GSDLVPRGS	9	87|88	330	esm2_t6_8M_UR50D	fair-esm pretrained esm2_t6_8M_UR50D	ESM2 full-sequence masked pseudo-log-likelihood	-877.4935554731637	-901.6085396064445	-24.114984133280814	-2.7336247834054945	-2.7321470897164986	0.0014776936889959735	-25.556328296661377	-2.839592032962375	completed		128	NVIDIA GeForce RTX 3090	gpu15	16.0	0.9529780564263323
G196_practical_GS	GSDLVPRGS	9	88|89	330	esm2_t6_8M_UR50D	fair-esm pretrained esm2_t6_8M_UR50D	ESM2 full-sequence masked pseudo-log-likelihood	-877.4935554731637	-902.5934849791229	-25.099929505959153	-2.7336247834054945	-2.7351317726640088	-0.0015069892585142242	-25.185545206069946	-2.7983939117855496	completed		128	NVIDIA GeForce RTX 3090	gpu15	32.0	0.9028213166144201
G196_practical_GS	GSDLVPRGS	9	89|90	330	esm2_t6_8M_UR50D	fair-esm pretrained esm2_t6_8M_UR50D	ESM2 full-sequence masked pseudo-log-likelihood	-877.4935554731637	-903.2326273759827	-25.739071902818978	-2.7336247834054945	-2.7370685678060083	-0.0034437844005137386	-25.74169087409973	-2.86018787489997	completed		128	NVIDIA GeForce RTX 3090	gpu15	46.0	0.8589341692789969
G196_practical_GS	GSDLVPRGS	9	90|91	330	esm2_t6_8M_UR50D	fair-esm pretrained esm2_t6_8M_UR50D	ESM2 full-sequence masked pseudo-log-likelihood	-877.4935554731637	-901.9242231519893	-24.430667678825557	-2.7336247834054945	-2.7331037065211796	0.0005210768843149083	-24.736093521118164	-2.748454835679796	completed		128	NVIDIA GeForce RTX 3090	gpu15	21.0	0.9373040752351097
G196_practical_GS	GSDLVPRGS	9	91|92	330	esm2_t6_8M_UR50D	fair-esm pretrained esm2_t6_8M_UR50D	ESM2 full-sequence masked pseudo-log-likelihood	-877.4935554731637	-903.6366985961795	-26.14314312301576	-2.7336247834054945	-2.738293026049029	-0.0046682426435342705	-25.826876163482666	-2.8696529070536294	completed		128	NVIDIA GeForce RTX 3090	gpu15	63.0	0.8056426332288401
G196_practical_GS	GSDLVPRGS	9	92|93	330	esm2_t6_8M_UR50D	fair-esm pretrained esm2_t6_8M_UR50D	ESM2 full-sequence masked pseudo-log-likelihood	-877.4935554731637	-905.1071778377518	-27.613622364588082	-2.7336247834054945	-2.742749023750763	-0.009124240345268486	-26.173110961914062	-2.9081234402126737	completed		128	NVIDIA GeForce RTX 3090	gpu15	109.0	0.6614420062695925
G196_practical_GS	GSDLVPRGS	9	93|94	330	esm2_t6_8M_UR50D	fair-esm pretrained esm2_t6_8M_UR50D	ESM2 full-sequence masked pseudo-log-likelihood	-877.4935554731637	-907.7697657225654	-30.27621024940163	-2.7336247834054945	-2.750817471886562	-0.017192688481067364	-27.76672327518463	-3.0851914750205145	completed		128	NVIDIA GeForce RTX 3090	gpu15	214.0	0.33228840125391845
G196_practical_GS	GSDLVPRGS	9	94|95	330	esm2_t6_8M_UR50D	fair-esm pretrained esm2_t6_8M_UR50D	ESM2 full-sequence masked pseudo-log-likelihood	-877.4935554731637	-908.0918238246813	-30.598268351517618	-2.7336247834054945	-2.7517934055293374	-0.018168622123842848	-26.80614399909973	-2.9784604443444147	completed		128	NVIDIA GeForce RTX 3090	gpu15	223.0	0.3040752351097179
G196_practical_GS	GSDLVPRGS	9	95|96	330	esm2_t6_8M_UR50D	fair-esm pretrained esm2_t6_8M_UR50D	ESM2 full-sequence masked pseudo-log-likelihood	-877.4935554731637	-908.6583673162386	-31.164811843074858	-2.7336247834054945	-2.753510203988602	-0.019885420583107383	-28.731369256973267	-3.1923743618859186	completed		128	NVIDIA GeForce RTX 3090	gpu15	236.0	0.2633228840125392
G196_practical_GS	GSDLVPRGS	9	96|97	330	esm2_t6_8M_UR50D	fair-esm pretrained esm2_t6_8M_UR50D	ESM2 full-sequence masked pseudo-log-likelihood	-877.4935554731637	-907.4831785559654	-29.9896230828017	-2.7336247834054945	-2.749949025927168	-0.016324242521673415	-26.480193614959717	-2.942243734995524	completed		128	NVIDIA GeForce RTX 3090	gpu15	206.0	0.3573667711598746
G196_practical_GS	GSDLVPRGS	9	97|98	330	esm2_t6_8M_UR50D	fair-esm pretrained esm2_t6_8M_UR50D	ESM2 full-sequence masked pseudo-log-likelihood	-877.4935554731637	-905.9143816074356	-28.42082613427192	-2.7336247834054945	-2.745195095780108	-0.01157031237461359	-27.23709797859192	-3.0263442198435464	completed		128	NVIDIA GeForce RTX 3090	gpu15	145.0	0.54858934169279
G196_practical_GS	GSDLVPRGS	9	98|99	330	esm2_t6_8M_UR50D	fair-esm pretrained esm2_t6_8M_UR50D	ESM2 full-sequence masked pseudo-log-likelihood	-877.4935554731637	-909.6005708379671	-32.107015364803374	-2.7336247834054945	-2.756365366175658	-0.022740582770163442	-29.25592792034149	-3.2506586578157215	completed		128	NVIDIA GeForce RTX 3090	gpu15	249.0	0.22257053291536055
G196_practical_GS	GSDLVPRGS	9	99|100	330	esm2_t6_8M_UR50D	fair-esm pretrained esm2_t6_8M_UR50D	ESM2 full-sequence masked pseudo-log-likelihood	-877.4935554731637	-911.5711398012936	-34.07758432812989	-2.7336247834054945	-2.7623367872766473	-0.028712003871152803	-29.488395929336548	-3.27648843659295	completed		128	NVIDIA GeForce RTX 3090	gpu15	284.0	0.11285266457680254
G196_practical_GS	GSDLVPRGS	9	100|101	330	esm2_t6_8M_UR50D	fair-esm pretrained esm2_t6_8M_UR50D	ESM2 full-sequence masked pseudo-log-likelihood	-877.4935554731637	-910.8374354634434	-33.343879990279675	-2.7336247834054945	-2.7601134407983134	-0.026488657392818915	-28.465449810028076	-3.1628277566697864	completed		128	NVIDIA GeForce RTX 3090	gpu15	274.0	0.14420062695924762
G196_practical_GS	GSDLVPRGS	9	101|102	330	esm2_t6_8M_UR50D	fair-esm pretrained esm2_t6_8M_UR50D	ESM2 full-sequence masked pseudo-log-likelihood	-877.4935554731637	-908.3708811039105	-30.877325630746782	-2.7336247834054945	-2.752639033648214	-0.0190142502427193	-29.600115418434143	-3.2889017131593494	completed		128	NVIDIA GeForce RTX 3090	gpu15	231.0	0.27899686520376177
G196_practical_GS	GSDLVPRGS	9	102|103	330	esm2_t6_8M_UR50D	fair-esm pretrained esm2_t6_8M_UR50D	ESM2 full-sequence masked pseudo-log-likelihood	-877.4935554731637	-907.1430229041725	-29.649467431008816	-2.7336247834054945	-2.748918251224765	-0.015293467819270656	-28.282716751098633	-3.142524083455404	completed		128	NVIDIA GeForce RTX 3090	gpu15	193.0	0.39811912225705326
G196_practical_GS	GSDLVPRGS	9	103|104	330	esm2_t6_8M_UR50D	fair-esm pretrained esm2_t6_8M_UR50D	ESM2 full-sequence masked pseudo-log-likelihood	-877.4935554731637	-908.3682898860425	-30.87473441287875	-2.7336247834054945	-2.752631181472856	-0.019006398067361374	-28.161410331726074	-3.129045592414008	completed		128	NVIDIA GeForce RTX 3090	gpu15	230.0	0.2821316614420063
G196_practical_GS	GSDLVPRGS	9	104|105	330	esm2_t6_8M_UR50D	fair-esm pretrained esm2_t6_8M_UR50D	ESM2 full-sequence masked pseudo-log-likelihood	-877.4935554731637	-908.6014524493366	-31.107896976172924	-2.7336247834054945	-2.7533377346949597	-0.019712951289465153	-28.99552297592163	-3.2217247751024036	completed		128	NVIDIA GeForce RTX 3090	gpu15	235.0	0.26645768025078365
G196_practical_GS	GSDLVPRGS	9	105|106	330	esm2_t6_8M_UR50D	fair-esm pretrained esm2_t6_8M_UR50D	ESM2 full-sequence masked pseudo-log-likelihood	-877.4935554731637	-908.2839070698246	-30.790351596660912	-2.7336247834054945	-2.7523754759691657	-0.018750692563671123	-30.737046241760254	-3.415227360195584	completed		128	NVIDIA GeForce RTX 3090	gpu15	229.0	0.28526645768025083
G196_practical_GS	GSDLVPRGS	9	106|107	330	esm2_t6_8M_UR50D	fair-esm pretrained esm2_t6_8M_UR50D	ESM2 full-sequence masked pseudo-log-likelihood	-877.4935554731637	-909.7291807811707	-32.235625308007	-2.7336247834054945	-2.7567550932762748	-0.02313030987078024	-31.095478773117065	-3.455053197013007	completed		128	NVIDIA GeForce RTX 3090	gpu15	251.0	0.2163009404388715
G196_practical_GS	GSDLVPRGS	9	107|108	330	esm2_t6_8M_UR50D	fair-esm pretrained esm2_t6_8M_UR50D	ESM2 full-sequence masked pseudo-log-likelihood	-877.4935554731637	-906.6474422207102	-29.153886747546494	-2.7336247834054945	-2.74741649157791	-0.013791708172415262	-28.805891275405884	-3.2006545861562095	completed		128	NVIDIA GeForce RTX 3090	gpu15	173.0	0.46081504702194354
G196_practical_GS	GSDLVPRGS	9	108|109	330	esm2_t6_8M_UR50D	fair-esm pretrained esm2_t6_8M_UR50D	ESM2 full-sequence masked pseudo-log-likelihood	-877.4935554731637	-908.1376744396985	-30.644118966534734	-2.7336247834054945	-2.751932346786965	-0.018307563381470437	-29.67660617828369	-3.2974006864759655	completed		128	NVIDIA GeForce RTX 3090	gpu15	225.0	0.29780564263322884
G196_practical_GS	GSDLVPRGS	9	109|110	330	esm2_t6_8M_UR50D	fair-esm pretrained esm2_t6_8M_UR50D	ESM2 full-sequence masked pseudo-log-likelihood	-877.4935554731637	-902.9712966484949	-25.477741175331175	-2.7336247834054945	-2.7362766565105905	-0.0026518731050959587	-27.468384265899658	-3.052042696211073	completed		128	NVIDIA GeForce RTX 3090	gpu15	39.0	0.8808777429467085
G196_practical_GS	GSDLVPRGS	9	110|111	330	esm2_t6_8M_UR50D	fair-esm pretrained esm2_t6_8M_UR50D	ESM2 full-sequence masked pseudo-log-likelihood	-877.4935554731637	-903.0432593002915	-25.549703827127814	-2.7336247834054945	-2.7364947251523986	-0.0028699417469040256	-27.394033432006836	-3.043781492445204	completed		128	NVIDIA GeForce RTX 3090	gpu15	43.0	0.8683385579937304
G196_practical_GS	GSDLVPRGS	9	111|112	330	esm2_t6_8M_UR50D	fair-esm pretrained esm2_t6_8M_UR50D	ESM2 full-sequence masked pseudo-log-likelihood	-877.4935554731637	-904.637353528291	-27.143798055127263	-2.7336247834054945	-2.741325313722094	-0.007700530316599341	-28.55676031112671	-3.1729733679029675	completed		128	NVIDIA GeForce RTX 3090	gpu15	90.0	0.7210031347962382
G196_practical_GS	GSDLVPRGS	9	112|113	330	esm2_t6_8M_UR50D	fair-esm pretrained esm2_t6_8M_UR50D	ESM2 full-sequence masked pseudo-log-likelihood	-877.4935554731637	-904.5054546464235	-27.011899173259735	-2.7336247834054945	-2.7409256201406773	-0.007300836735182781	-27.137171506881714	-3.0152412785424128	completed		128	NVIDIA GeForce RTX 3090	gpu15	83.0	0.7429467084639498
G196_practical_GS	GSDLVPRGS	9	113|114	330	esm2_t6_8M_UR50D	fair-esm pretrained esm2_t6_8M_UR50D	ESM2 full-sequence masked pseudo-log-likelihood	-877.4935554731637	-903.3954452062026	-25.901889733038843	-2.7336247834054945	-2.7375619551703108	-0.0039371717648162274	-25.548467874526978	-2.8387186527252197	completed		128	NVIDIA GeForce RTX 3090	gpu15	54.0	0.8338557993730408
G196_practical_GS	GSDLVPRGS	9	114|115	330	esm2_t6_8M_UR50D	fair-esm pretrained esm2_t6_8M_UR50D	ESM2 full-sequence masked pseudo-log-likelihood	-877.4935554731637	-904.2799935955554	-26.7864381223917	-2.7336247834054945	-2.7402424048350165	-0.006617621429521936	-25.83410930633545	-2.870456589592828	completed		128	NVIDIA GeForce RTX 3090	gpu15	80.0	0.7523510971786834
G196_practical_GS	GSDLVPRGS	9	115|116	330	esm2_t6_8M_UR50D	fair-esm pretrained esm2_t6_8M_UR50D	ESM2 full-sequence masked pseudo-log-likelihood	-877.4935554731637	-903.5985284848139	-26.104973011650145	-2.7336247834054945	-2.7381773590448906	-0.004552575639396039	-25.17061734199524	-2.796735260221693	completed		128	NVIDIA GeForce RTX 3090	gpu15	60.0	0.8150470219435737
G196_practical_GS	GSDLVPRGS	9	116|117	330	esm2_t6_8M_UR50D	fair-esm pretrained esm2_t6_8M_UR50D	ESM2 full-sequence masked pseudo-log-likelihood	-877.4935554731637	-903.633367953822	-26.139812480658293	-2.7336247834054945	-2.7382829331934	-0.0046581497879056855	-25.20616626739502	-2.8006851408216686	completed		128	NVIDIA GeForce RTX 3090	gpu15	62.0	0.8087774294670846
G196_practical_GS	GSDLVPRGS	9	117|118	330	esm2_t6_8M_UR50D	fair-esm pretrained esm2_t6_8M_UR50D	ESM2 full-sequence masked pseudo-log-likelihood	-877.4935554731637	-905.3998330133036	-27.906277540139854	-2.7336247834054945	-2.7436358576160713	-0.010011074210576787	-24.393620014190674	-2.7104022237989636	completed		128	NVIDIA GeForce RTX 3090	gpu15	122.0	0.6206896551724138
G196_practical_GS	GSDLVPRGS	9	118|119	330	esm2_t6_8M_UR50D	fair-esm pretrained esm2_t6_8M_UR50D	ESM2 full-sequence masked pseudo-log-likelihood	-877.4935554731637	-906.1444153916091	-28.65085991844535	-2.7336247834054945	-2.745892167853361	-0.012267384447866458	-24.266900777816772	-2.696322308646308	completed		128	NVIDIA GeForce RTX 3090	gpu15	154.0	0.5203761755485894
G196_practical_GS	GSDLVPRGS	9	119|120	330	esm2_t6_8M_UR50D	fair-esm pretrained esm2_t6_8M_UR50D	ESM2 full-sequence masked pseudo-log-likelihood	-877.4935554731637	-905.9321762798354	-28.43862080667168	-2.7336247834054945	-2.7452490190298042	-0.011624235624309698	-23.265737175941467	-2.5850819084379406	completed		128	NVIDIA GeForce RTX 3090	gpu15	147.0	0.542319749216301
G196_practical_GS	GSDLVPRGS	9	120|121	330	esm2_t6_8M_UR50D	fair-esm pretrained esm2_t6_8M_UR50D	ESM2 full-sequence masked pseudo-log-likelihood	-877.4935554731637	-909.6416160454974	-32.148060572333634	-2.7336247834054945	-2.7564897455924164	-0.02286496218692191	-25.17741560935974	-2.7974906232621937	completed		128	NVIDIA GeForce RTX 3090	gpu15	250.0	0.21943573667711602
G196_practical_GS	GSDLVPRGS	9	121|122	330	esm2_t6_8M_UR50D	fair-esm pretrained esm2_t6_8M_UR50D	ESM2 full-sequence masked pseudo-log-likelihood	-877.4935554731637	-912.7479436378926	-35.25438816472888	-2.7336247834054945	-2.7659028595087656	-0.03227807610327105	-29.14622449874878	-3.2384693887498646	completed		128	NVIDIA GeForce RTX 3090	gpu15	300.0	0.06269592476489028
G196_practical_GS	GSDLVPRGS	9	122|123	330	esm2_t6_8M_UR50D	fair-esm pretrained esm2_t6_8M_UR50D	ESM2 full-sequence masked pseudo-log-likelihood	-877.4935554731637	-911.020843080245	-33.527287607081234	-2.7336247834054945	-2.760669221455288	-0.027044438049793396	-28.833194494247437	-3.203688277138604	completed		128	NVIDIA GeForce RTX 3090	gpu15	277.0	0.13479623824451414
G196_practical_GS	GSDLVPRGS	9	123|124	330	esm2_t6_8M_UR50D	fair-esm pretrained esm2_t6_8M_UR50D	ESM2 full-sequence masked pseudo-log-likelihood	-877.4935554731637	-912.1967490334064	-34.70319356024265	-2.7336247834054945	-2.764232572828504	-0.030607789423009457	-29.792739152908325	-3.3103043503231473	completed		128	NVIDIA GeForce RTX 3090	gpu15	292.0	0.08777429467084641
G196_practical_GS	GSDLVPRGS	9	124|125	330	esm2_t6_8M_UR50D	fair-esm pretrained esm2_t6_8M_UR50D	ESM2 full-sequence masked pseudo-log-likelihood	-877.4935554731637	-917.560258500278	-40.06670302711427	-2.7336247834054945	-2.7804856318190243	-0.046860848413529776	-32.171141147613525	-3.574571238623725	completed		128	NVIDIA GeForce RTX 3090	gpu15	314.0	0.018808777429467072
G196_practical_GS	GSDLVPRGS	9	125|126	330	esm2_t6_8M_UR50D	fair-esm pretrained esm2_t6_8M_UR50D	ESM2 full-sequence masked pseudo-log-likelihood	-877.4935554731637	-919.9945342708379	-42.50097879767418	-2.7336247834054945	-2.787862225063145	-0.05423744165765054	-31.45762699842453	-3.4952918887138367	completed		128	NVIDIA GeForce RTX 3090	gpu15	319.0	0.0031347962382445305
G196_practical_GS	GSDLVPRGS	9	126|127	330	esm2_t6_8M_UR50D	fair-esm pretrained esm2_t6_8M_UR50D	ESM2 full-sequence masked pseudo-log-likelihood	-877.4935554731637	-916.806127358228	-39.312571885064244	-2.7336247834054945	-2.7782003859340243	-0.04457560252852977	-29.889474034309387	-3.321052670478821	completed		128	NVIDIA GeForce RTX 3090	gpu15	312.0	0.025078369905956133
G196_practical_GS	GSDLVPRGS	9	127|128	330	esm2_t6_8M_UR50D	fair-esm pretrained esm2_t6_8M_UR50D	ESM2 full-sequence masked pseudo-log-likelihood	-877.4935554731637	-918.5505310893059	-41.056975616142154	-2.7336247834054945	-2.7834864578463816	-0.04986167444088707	-27.023907899856567	-3.002656433317396	completed		128	NVIDIA GeForce RTX 3090	gpu15	316.0	0.01253918495297801
G196_practical_GS	GSDLVPRGS	9	128|129	330	esm2_t6_8M_UR50D	fair-esm pretrained esm2_t6_8M_UR50D	ESM2 full-sequence masked pseudo-log-likelihood	-877.4935554731637	-918.7749837562442	-41.28142828308046	-2.7336247834054945	-2.784166617443164	-0.05054183403766954	-29.466028690338135	-3.274003187815348	completed		128	NVIDIA GeForce RTX 3090	gpu15	317.0	0.009404388714733591
G196_practical_GS	GSDLVPRGS	9	129|130	330	esm2_t6_8M_UR50D	fair-esm pretrained esm2_t6_8M_UR50D	ESM2 full-sequence masked pseudo-log-likelihood	-877.4935554731637	-925.0087606012821	-47.515205128118396	-2.7336247834054945	-2.8030568503069153	-0.06943206690142079	-38.09929937124252	-4.233255485693614	completed		128	NVIDIA GeForce RTX 3090	gpu15	320.0	0.0
G196_practical_GS	GSDLVPRGS	9	130|131	330	esm2_t6_8M_UR50D	fair-esm pretrained esm2_t6_8M_UR50D	ESM2 full-sequence masked pseudo-log-likelihood	-877.4935554731637	-918.176288664341	-40.68273319117725	-2.7336247834054945	-2.7823523898919422	-0.048727606486447694	-34.75101113319397	-3.8612234592437744	completed		128	NVIDIA GeForce RTX 3090	gpu15	315.0	0.01567398119122254
G196_practical_GS	GSDLVPRGS	9	131|132	330	esm2_t6_8M_UR50D	fair-esm pretrained esm2_t6_8M_UR50D	ESM2 full-sequence masked pseudo-log-likelihood	-877.4935554731637	-919.7781663127244	-42.28461083956063	-2.7336247834054945	-2.787206564584013	-0.05358178117851864	-35.96950650215149	-3.9966118335723877	completed		128	NVIDIA GeForce RTX 3090	gpu15	318.0	0.006269592476489061
G196_practical_GS	GSDLVPRGS	9	132|133	330	esm2_t6_8M_UR50D	fair-esm pretrained esm2_t6_8M_UR50D	ESM2 full-sequence masked pseudo-log-likelihood	-877.4935554731637	-915.7246056161821	-38.231050143018365	-2.7336247834054945	-2.774923047321764	-0.04129826391626956	-31.71163582801819	-3.523515092002021	completed		128	NVIDIA GeForce RTX 3090	gpu15	310.0	0.031347962382445194
G196_practical_GS	GSDLVPRGS	9	133|134	330	esm2_t6_8M_UR50D	fair-esm pretrained esm2_t6_8M_UR50D	ESM2 full-sequence masked pseudo-log-likelihood	-877.4935554731637	-912.0635356465355	-34.56998017337173	-2.7336247834054945	-2.7638288958985924	-0.030204112493097846	-31.056554317474365	-3.450728257497152	completed		128	NVIDIA GeForce RTX 3090	gpu15	289.0	0.09717868338557989
G196_practical_GS	GSDLVPRGS	9	134|135	330	esm2_t6_8M_UR50D	fair-esm pretrained esm2_t6_8M_UR50D	ESM2 full-sequence masked pseudo-log-likelihood	-877.4935554731637	-915.713824564591	-38.220269091427326	-2.7336247834054945	-2.774890377468458	-0.04126559406296337	-33.17060101032257	-3.6856223344802856	completed		128	NVIDIA GeForce RTX 3090	gpu15	309.0	0.03448275862068961
G196_practical_GS	GSDLVPRGS	9	135|136	330	esm2_t6_8M_UR50D	fair-esm pretrained esm2_t6_8M_UR50D	ESM2 full-sequence masked pseudo-log-likelihood	-877.4935554731637	-913.1903815995902	-35.69682612642646	-2.7336247834054945	-2.7672435806048186	-0.033618797199324035	-30.92614769935608	-3.4362386332617865	completed		128	NVIDIA GeForce RTX 3090	gpu15	302.0	0.056426332288401215
G196_practical_GS	GSDLVPRGS	9	136|137	330	esm2_t6_8M_UR50D	fair-esm pretrained esm2_t6_8M_UR50D	ESM2 full-sequence masked pseudo-log-likelihood	-877.4935554731637	-912.4093758556992	-34.91582038253546	-2.7336247834054945	-2.7648768965324217	-0.03125211312692722	-29.100927352905273	-3.2334363725450306	completed		128	NVIDIA GeForce RTX 3090	gpu15	294.0	0.08150470219435735
G196_practical_GS	GSDLVPRGS	9	137|138	330	esm2_t6_8M_UR50D	fair-esm pretrained esm2_t6_8M_UR50D	ESM2 full-sequence masked pseudo-log-likelihood	-877.4935554731637	-905.7331582764164	-28.239602803252637	-2.7336247834054945	-2.7446459341709586	-0.01102115076546406	-26.104880154132843	-2.9005422393480935	completed		128	NVIDIA GeForce RTX 3090	gpu15	136.0	0.5768025078369906
G196_practical_GS	GSDLVPRGS	9	138|139	330	esm2_t6_8M_UR50D	fair-esm pretrained esm2_t6_8M_UR50D	ESM2 full-sequence masked pseudo-log-likelihood	-877.4935554731637	-904.5297397556715	-27.036184282507747	-2.7336247834054945	-2.7409992113808226	-0.007374427975328057	-27.938138604164124	-3.1042376226849027	completed		128	NVIDIA GeForce RTX 3090	gpu15	86.0	0.7335423197492164
G196_practical_GS	GSDLVPRGS	9	139|140	330	esm2_t6_8M_UR50D	fair-esm pretrained esm2_t6_8M_UR50D	ESM2 full-sequence masked pseudo-log-likelihood	-877.4935554731637	-908.2629415397532	-30.769386066589504	-2.7336247834054945	-2.7523119440598585	-0.018687160654363932	-30.416397213935852	-3.379599690437317	completed		128	NVIDIA GeForce RTX 3090	gpu15	228.0	0.28840125391849525
G196_practical_GS	GSDLVPRGS	9	140|141	330	esm2_t6_8M_UR50D	fair-esm pretrained esm2_t6_8M_UR50D	ESM2 full-sequence masked pseudo-log-likelihood	-877.4935554731637	-908.4122971924953	-30.918741719331592	-2.7336247834054945	-2.7527645369469553	-0.019139753541460802	-29.75496220588684	-3.3061069117652044	completed		128	NVIDIA GeForce RTX 3090	gpu15	232.0	0.27586206896551724
G196_practical_GS	GSDLVPRGS	9	141|142	330	esm2_t6_8M_UR50D	fair-esm pretrained esm2_t6_8M_UR50D	ESM2 full-sequence masked pseudo-log-likelihood	-877.4935554731637	-907.0650637298822	-29.571508256718516	-2.7336247834054945	-2.7486820113026735	-0.015057227897179004	-29.289984226226807	-3.2544426918029785	completed		128	NVIDIA GeForce RTX 3090	gpu15	192.0	0.4012539184952978
G196_practical_GS	GSDLVPRGS	9	142|143	330	esm2_t6_8M_UR50D	fair-esm pretrained esm2_t6_8M_UR50D	ESM2 full-sequence masked pseudo-log-likelihood	-877.4935554731637	-904.7429405087605	-27.249385035596788	-2.7336247834054945	-2.741645274268971	-0.00802049086347667	-24.964154601097107	-2.7737949556774564	completed		128	NVIDIA GeForce RTX 3090	gpu15	94.0	0.7084639498432601
G196_practical_GS	GSDLVPRGS	9	143|144	330	esm2_t6_8M_UR50D	fair-esm pretrained esm2_t6_8M_UR50D	ESM2 full-sequence masked pseudo-log-likelihood	-877.4935554731637	-907.3210935750976	-29.827538101933897	-2.7336247834054945	-2.7494578593184777	-0.01583307591298322	-26.622265338897705	-2.958029482099745	completed		128	NVIDIA GeForce RTX 3090	gpu15	201.0	0.3730407523510971
G196_practical_GS	GSDLVPRGS	9	144|145	330	esm2_t6_8M_UR50D	fair-esm pretrained esm2_t6_8M_UR50D	ESM2 full-sequence masked pseudo-log-likelihood	-877.4935554731637	-907.3448247525375	-29.85126927937381	-2.7336247834054945	-2.7495297719773863	-0.01590498857189182	-27.521576166152954	-3.0579529073503284	completed		128	NVIDIA GeForce RTX 3090	gpu15	202.0	0.3699059561128527
G196_practical_GS	GSDLVPRGS	9	145|146	330	esm2_t6_8M_UR50D	fair-esm pretrained esm2_t6_8M_UR50D	ESM2 full-sequence masked pseudo-log-likelihood	-877.4935554731637	-906.9154842495918	-29.421928776428103	-2.7336247834054945	-2.748228740150278	-0.014603956744783542	-27.426941394805908	-3.047437932756212	completed		128	NVIDIA GeForce RTX 3090	gpu15	188.0	0.4137931034482759
G196_practical_GS	GSDLVPRGS	9	146|147	330	esm2_t6_8M_UR50D	fair-esm pretrained esm2_t6_8M_UR50D	ESM2 full-sequence masked pseudo-log-likelihood	-877.4935554731637	-907.8229736045469	-30.329418131383136	-2.7336247834054945	-2.7509787078925663	-0.017353924487071737	-26.09266448020935	-2.8991849422454834	completed		128	NVIDIA GeForce RTX 3090	gpu15	218.0	0.31974921630094044
G196_practical_GS	GSDLVPRGS	9	147|148	330	esm2_t6_8M_UR50D	fair-esm pretrained esm2_t6_8M_UR50D	ESM2 full-sequence masked pseudo-log-likelihood	-877.4935554731637	-907.2877563419752	-29.79420086881146	-2.7336247834054945	-2.7493568373999246	-0.015732053994430117	-25.49900197982788	-2.833222442203098	completed		128	NVIDIA GeForce RTX 3090	gpu15	198.0	0.3824451410658307
G196_practical_GS	GSDLVPRGS	9	148|149	330	esm2_t6_8M_UR50D	fair-esm pretrained esm2_t6_8M_UR50D	ESM2 full-sequence masked pseudo-log-likelihood	-877.4935554731637	-905.2652773973532	-27.771721924189478	-2.7336247834054945	-2.743228113325313	-0.009603329919818382	-24.743059039115906	-2.7492287821239896	completed		128	NVIDIA GeForce RTX 3090	gpu15	114.0	0.64576802507837
G196_practical_GS	GSDLVPRGS	9	149|150	330	esm2_t6_8M_UR50D	fair-esm pretrained esm2_t6_8M_UR50D	ESM2 full-sequence masked pseudo-log-likelihood	-877.4935554731637	-904.9741402661894	-27.480584793025628	-2.7336247834054945	-2.742345879594513	-0.008721096189018507	-24.721391081809998	-2.746821231312222	completed		128	NVIDIA GeForce RTX 3090	gpu15	106.0	0.670846394984326
G196_practical_GS	GSDLVPRGS	9	150|151	330	esm2_t6_8M_UR50D	fair-esm pretrained esm2_t6_8M_UR50D	ESM2 full-sequence masked pseudo-log-likelihood	-877.4935554731637	-905.3317954810336	-27.8382400078699	-2.7336247834054945	-2.7434296832758593	-0.009804899870364814	-25.531482458114624	-2.836831384234958	completed		128	NVIDIA GeForce RTX 3090	gpu15	116.0	0.6394984326018809
G196_practical_GS	GSDLVPRGS	9	151|152	330	esm2_t6_8M_UR50D	fair-esm pretrained esm2_t6_8M_UR50D	ESM2 full-sequence masked pseudo-log-likelihood	-877.4935554731637	-904.8194272080436	-27.32587173487991	-2.7336247834054945	-2.7418770521455866	-0.008252268740092106	-24.785686254501343	-2.753965139389038	completed		128	NVIDIA GeForce RTX 3090	gpu15	97.0	0.6990595611285266
G196_practical_GS	GSDLVPRGS	9	152|153	330	esm2_t6_8M_UR50D	fair-esm pretrained esm2_t6_8M_UR50D	ESM2 full-sequence masked pseudo-log-likelihood	-877.4935554731637	-905.8875763854012	-28.394020912237465	-2.7336247834054945	-2.745113867834549	-0.011489084429054497	-26.72911763191223	-2.969901959101359	completed		128	NVIDIA GeForce RTX 3090	gpu15	144.0	0.5517241379310345
G196_practical_GS	GSDLVPRGS	9	153|154	330	esm2_t6_8M_UR50D	fair-esm pretrained esm2_t6_8M_UR50D	ESM2 full-sequence masked pseudo-log-likelihood	-877.4935554731637	-905.7689039944671	-28.275348521303385	-2.7336247834054945	-2.7447542545286883	-0.011129471123193735	-26.50511145591736	-2.9450123839908176	completed		128	NVIDIA GeForce RTX 3090	gpu15	138.0	0.5705329153605015
G196_practical_GS	GSDLVPRGS	9	154|155	330	esm2_t6_8M_UR50D	fair-esm pretrained esm2_t6_8M_UR50D	ESM2 full-sequence masked pseudo-log-likelihood	-877.4935554731637	-908.2072959938087	-30.713740520644933	-2.7336247834054945	-2.7521433211933597	-0.018518537787865164	-30.471900701522827	-3.3857667446136475	completed		128	NVIDIA GeForce RTX 3090	gpu15	227.0	0.2915360501567398
G196_practical_GS	GSDLVPRGS	9	155|156	330	esm2_t6_8M_UR50D	fair-esm pretrained esm2_t6_8M_UR50D	ESM2 full-sequence masked pseudo-log-likelihood	-877.4935554731637	-905.244329599198	-27.75077412603423	-2.7336247834054945	-2.7431646351490846	-0.009539851743590066	-27.645578384399414	-3.071730931599935	completed		128	NVIDIA GeForce RTX 3090	gpu15	113.0	0.6489028213166144
G196_practical_GS	GSDLVPRGS	9	156|157	330	esm2_t6_8M_UR50D	fair-esm pretrained esm2_t6_8M_UR50D	ESM2 full-sequence masked pseudo-log-likelihood	-877.4935554731637	-905.3744048848748	-27.880849411711097	-2.7336247834054945	-2.743558802681439	-0.009934019275944284	-28.901208639144897	-3.211245404349433	completed		128	NVIDIA GeForce RTX 3090	gpu15	119.0	0.6300940438871474
G196_practical_GS	GSDLVPRGS	9	157|158	330	esm2_t6_8M_UR50D	fair-esm pretrained esm2_t6_8M_UR50D	ESM2 full-sequence masked pseudo-log-likelihood	-877.4935554731637	-906.8406124208122	-29.347056947648525	-2.7336247834054945	-2.748001855820643	-0.014377072415148628	-29.986029624938965	-3.3317810694376626	completed		128	NVIDIA GeForce RTX 3090	gpu15	186.0	0.42006269592476486
G196_practical_GS	GSDLVPRGS	9	158|159	330	esm2_t6_8M_UR50D	fair-esm pretrained esm2_t6_8M_UR50D	ESM2 full-sequence masked pseudo-log-likelihood	-877.4935554731637	-906.6001977808774	-29.106642307713628	-2.7336247834054945	-2.747273326608719	-0.013648543203224506	-29.988669633865356	-3.3320744037628174	completed		128	NVIDIA GeForce RTX 3090	gpu15	171.0	0.4670846394984326
G196_practical_GS	GSDLVPRGS	9	159|160	330	esm2_t6_8M_UR50D	fair-esm pretrained esm2_t6_8M_UR50D	ESM2 full-sequence masked pseudo-log-likelihood	-877.4935554731637	-907.3456853884272	-29.852129915263504	-2.7336247834054945	-2.749532379964931	-0.01590759655943641	-30.0513117313385	-3.339034636815389	completed		128	NVIDIA GeForce RTX 3090	gpu15	203.0	0.3667711598746082
G196_practical_GS	GSDLVPRGS	9	160|161	330	esm2_t6_8M_UR50D	fair-esm pretrained esm2_t6_8M_UR50D	ESM2 full-sequence masked pseudo-log-likelihood	-877.4935554731637	-907.3086374830455	-29.815082009881735	-2.7336247834054945	-2.749420113584986	-0.01579533017949153	-29.74630069732666	-3.3051445219251843	completed		128	NVIDIA GeForce RTX 3090	gpu15	199.0	0.3793103448275862
G196_practical_GS	GSDLVPRGS	9	161|162	330	esm2_t6_8M_UR50D	fair-esm pretrained esm2_t6_8M_UR50D	ESM2 full-sequence masked pseudo-log-likelihood	-877.4935554731637	-906.1642248327844	-28.67066935962066	-2.7336247834054945	-2.745952196462983	-0.012327413057488634	-29.35888397693634	-3.2620982196595936	completed		128	NVIDIA GeForce RTX 3090	gpu15	155.0	0.5172413793103448
G196_practical_GS	GSDLVPRGS	9	162|163	330	esm2_t6_8M_UR50D	fair-esm pretrained esm2_t6_8M_UR50D	ESM2 full-sequence masked pseudo-log-likelihood	-877.4935554731637	-907.6897205649875	-30.196165091823786	-2.7336247834054945	-2.7505749108029924	-0.016950127397497905	-30.41964018344879	-3.379960020383199	completed		128	NVIDIA GeForce RTX 3090	gpu15	212.0	0.3385579937304075
G196_practical_GS	GSDLVPRGS	9	163|164	330	esm2_t6_8M_UR50D	fair-esm pretrained esm2_t6_8M_UR50D	ESM2 full-sequence masked pseudo-log-likelihood	-877.4935554731637	-903.5911491429433	-26.0975936697796	-2.7336247834054945	-2.7381549974028587	-0.004530213997364196	-29.172013878822327	-3.241334875424703	completed		128	NVIDIA GeForce RTX 3090	gpu15	59.0	0.8181818181818181
G196_practical_GS	GSDLVPRGS	9	164|165	330	esm2_t6_8M_UR50D	fair-esm pretrained esm2_t6_8M_UR50D	ESM2 full-sequence masked pseudo-log-likelihood	-877.4935554731637	-906.8197758561	-29.3262203829363	-2.7336247834054945	-2.747938714715455	-0.014313931309960282	-27.48966681957245	-3.054407424396939	completed		128	NVIDIA GeForce RTX 3090	gpu15	185.0	0.4231974921630094
G196_practical_GS	GSDLVPRGS	9	165|166	330	esm2_t6_8M_UR50D	fair-esm pretrained esm2_t6_8M_UR50D	ESM2 full-sequence masked pseudo-log-likelihood	-877.4935554731637	-912.0843626908027	-34.59080721763894	-2.7336247834054945	-2.7638920081539475	-0.030267224748453003	-32.62073194980621	-3.6245257722006903	completed		128	NVIDIA GeForce RTX 3090	gpu15	290.0	0.09404388714733547
G196_practical_GS	GSDLVPRGS	9	166|167	330	esm2_t6_8M_UR50D	fair-esm pretrained esm2_t6_8M_UR50D	ESM2 full-sequence masked pseudo-log-likelihood	-877.4935554731637	-913.1243583317846	-35.63080285862088	-2.7336247834054945	-2.767043510096317	-0.033418726690822353	-34.23695421218872	-3.8041060235765247	completed		128	NVIDIA GeForce RTX 3090	gpu15	301.0	0.059561128526645746
G196_practical_GS	GSDLVPRGS	9	167|168	330	esm2_t6_8M_UR50D	fair-esm pretrained esm2_t6_8M_UR50D	ESM2 full-sequence masked pseudo-log-likelihood	-877.4935554731637	-913.530134472996	-36.03657899983227	-2.7336247834054945	-2.7682731347666545	-0.03464835136115996	-30.60733127593994	-3.400814586215549	completed		128	NVIDIA GeForce RTX 3090	gpu15	303.0	0.053291536050156685
G196_practical_GS	GSDLVPRGS	9	168|169	330	esm2_t6_8M_UR50D	fair-esm pretrained esm2_t6_8M_UR50D	ESM2 full-sequence masked pseudo-log-likelihood	-877.4935554731637	-916.844386510551	-39.35083103738725	-2.7336247834054945	-2.7783163227592453	-0.04469153935375081	-27.704955339431763	-3.0783283710479736	completed		128	NVIDIA GeForce RTX 3090	gpu15	313.0	0.021943573667711602
G196_practical_GS	GSDLVPRGS	9	169|170	330	esm2_t6_8M_UR50D	fair-esm pretrained esm2_t6_8M_UR50D	ESM2 full-sequence masked pseudo-log-likelihood	-877.4935554731637	-902.1819522725418	-24.688396799378097	-2.7336247834054945	-2.7338847038561873	-0.00025992045069278547	-27.69635084271431	-3.0773723158571453	completed		128	NVIDIA GeForce RTX 3090	gpu15	25.0	0.9247648902821317
G196_practical_GS	GSDLVPRGS	9	170|171	330	esm2_t6_8M_UR50D	fair-esm pretrained esm2_t6_8M_UR50D	ESM2 full-sequence masked pseudo-log-likelihood	-877.4935554731637	-903.9285877207294	-26.435032247565687	-2.7336247834054945	-2.739177538547665	-0.005552755142170351	-28.80435073375702	-3.200483414861891	completed		128	NVIDIA GeForce RTX 3090	gpu15	70.0	0.7836990595611285
G196_practical_GS	GSDLVPRGS	9	171|172	330	esm2_t6_8M_UR50D	fair-esm pretrained esm2_t6_8M_UR50D	ESM2 full-sequence masked pseudo-log-likelihood	-877.4935554731637	-896.722874534782	-19.2293190616183	-2.7336247834054945	-2.717342044044794	0.01628273936070057	-26.639760971069336	-2.959973441229926	completed		128	NVIDIA GeForce RTX 3090	gpu15	1.0	1.0
G196_practical_GS	GSDLVPRGS	9	172|173	330	esm2_t6_8M_UR50D	fair-esm pretrained esm2_t6_8M_UR50D	ESM2 full-sequence masked pseudo-log-likelihood	-877.4935554731637	-898.620221817866	-21.126666344702244	-2.7336247834054945	-2.7230915812662606	0.010533202139233921	-26.16360092163086	-2.9070667690700955	completed		128	NVIDIA GeForce RTX 3090	gpu15	3.0	0.9937304075235109
G196_practical_GS	GSDLVPRGS	9	173|174	330	esm2_t6_8M_UR50D	fair-esm pretrained esm2_t6_8M_UR50D	ESM2 full-sequence masked pseudo-log-likelihood	-877.4935554731637	-902.5672876439057	-25.073732170742005	-2.7336247834054945	-2.7350523867997145	-0.0014276033942199895	-27.643210649490356	-3.0714678499433727	completed		128	NVIDIA GeForce RTX 3090	gpu15	31.0	0.9059561128526645
G196_practical_GS	GSDLVPRGS	9	174|175	330	esm2_t6_8M_UR50D	fair-esm pretrained esm2_t6_8M_UR50D	ESM2 full-sequence masked pseudo-log-likelihood	-877.4935554731637	-904.4621718972921	-26.968616424128413	-2.7336247834054945	-2.7407944602948247	-0.007169676889330123	-27.08592200279236	-3.009546889199151	completed		128	NVIDIA GeForce RTX 3090	gpu15	82.0	0.7460815047021944
G196_practical_GS	GSDLVPRGS	9	175|176	330	esm2_t6_8M_UR50D	fair-esm pretrained esm2_t6_8M_UR50D	ESM2 full-sequence masked pseudo-log-likelihood	-877.4935554731637	-903.9986576391384	-26.505102165974677	-2.7336247834054945	-2.739389871633753	-0.005765088228258275	-25.869929790496826	-2.8744366433885364	completed		128	NVIDIA GeForce RTX 3090	gpu15	73.0	0.7742946708463949
G196_practical_GS	GSDLVPRGS	9	176|177	330	esm2_t6_8M_UR50D	fair-esm pretrained esm2_t6_8M_UR50D	ESM2 full-sequence masked pseudo-log-likelihood	-877.4935554731637	-902.223637628369	-24.73008215520531	-2.7336247834054945	-2.73401102311627	-0.00038623971077544894	-25.453179597854614	-2.8281310664282904	completed		128	NVIDIA GeForce RTX 3090	gpu15	27.0	0.9184952978056427
G196_practical_GS	GSDLVPRGS	9	177|178	330	esm2_t6_8M_UR50D	fair-esm pretrained esm2_t6_8M_UR50D	ESM2 full-sequence masked pseudo-log-likelihood	-877.4935554731637	-905.8387231919914	-28.345167718827724	-2.7336247834054945	-2.7449658278545197	-0.011341044449025173	-27.346872568130493	-3.038541396458944	completed		128	NVIDIA GeForce RTX 3090	gpu15	140.0	0.5642633228840126
G196_practical_GS	GSDLVPRGS	9	178|179	330	esm2_t6_8M_UR50D	fair-esm pretrained esm2_t6_8M_UR50D	ESM2 full-sequence masked pseudo-log-likelihood	-877.4935554731637	-905.7103756880388	-28.216820214875042	-2.7336247834054945	-2.74457689602436	-0.010952112618865417	-25.883911848068237	-2.875990205340915	completed		128	NVIDIA GeForce RTX 3090	gpu15	134.0	0.5830721003134796
G196_practical_GS	GSDLVPRGS	9	179|180	330	esm2_t6_8M_UR50D	fair-esm pretrained esm2_t6_8M_UR50D	ESM2 full-sequence masked pseudo-log-likelihood	-877.4935554731637	-905.2111519584432	-27.7175964852795	-2.7336247834054945	-2.743064096843767	-0.009439313438272645	-26.002042531967163	-2.8891158368852405	completed		128	NVIDIA GeForce RTX 3090	gpu15	112.0	0.652037617554859
G196_practical_GS	GSDLVPRGS	9	180|181	330	esm2_t6_8M_UR50D	fair-esm pretrained esm2_t6_8M_UR50D	ESM2 full-sequence masked pseudo-log-likelihood	-877.4935554731637	-907.3094323994592	-29.81587692629546	-2.7336247834054945	-2.7494225224226034	-0.015797739017108903	-27.481565952301025	-3.0535073280334473	completed		128	NVIDIA GeForce RTX 3090	gpu15	200.0	0.37617554858934166
G196_practical_GS	GSDLVPRGS	9	181|182	330	esm2_t6_8M_UR50D	fair-esm pretrained esm2_t6_8M_UR50D	ESM2 full-sequence masked pseudo-log-likelihood	-877.4935554731637	-905.7417858345434	-28.248230361379683	-2.7336247834054945	-2.744672078286495	-0.011047294881000536	-26.105763912200928	-2.900640434688992	completed		128	NVIDIA GeForce RTX 3090	gpu15	137.0	0.5736677115987461
G196_practical_GS	GSDLVPRGS	9	182|183	330	esm2_t6_8M_UR50D	fair-esm pretrained esm2_t6_8M_UR50D	ESM2 full-sequence masked pseudo-log-likelihood	-877.4935554731637	-910.6658277455717	-33.17227227240801	-2.7336247834054945	-2.7595934174108234	-0.025968634005328894	-27.849968433380127	-3.0944409370422363	completed		128	NVIDIA GeForce RTX 3090	gpu15	271.0	0.15360501567398122
G196_practical_GS	GSDLVPRGS	9	183|184	330	esm2_t6_8M_UR50D	fair-esm pretrained esm2_t6_8M_UR50D	ESM2 full-sequence masked pseudo-log-likelihood	-877.4935554731637	-913.907932442613	-36.41437696944922	-2.7336247834054945	-2.769417977098827	-0.03579319369333245	-27.891037702560425	-3.0990041891733804	completed		128	NVIDIA GeForce RTX 3090	gpu15	305.0	0.047021943573667735
G196_practical_GS	GSDLVPRGS	9	184|185	330	esm2_t6_8M_UR50D	fair-esm pretrained esm2_t6_8M_UR50D	ESM2 full-sequence masked pseudo-log-likelihood	-877.4935554731637	-912.4090626891702	-34.91550721600652	-2.7336247834054945	-2.76487594754294	-0.03125116413744555	-28.414835214614868	-3.1572039127349854	completed		128	NVIDIA GeForce RTX 3090	gpu15	293.0	0.08463949843260188
G196_practical_GS	GSDLVPRGS	9	185|186	330	esm2_t6_8M_UR50D	fair-esm pretrained esm2_t6_8M_UR50D	ESM2 full-sequence masked pseudo-log-likelihood	-877.4935554731637	-911.2297185342759	-33.736163061112165	-2.7336247834054945	-2.7613021773765936	-0.02767739397109903	-28.048752069473267	-3.1165280077192516	completed		128	NVIDIA GeForce RTX 3090	gpu15	280.0	0.12539184952978055
G196_practical_GS	GSDLVPRGS	9	186|187	330	esm2_t6_8M_UR50D	fair-esm pretrained esm2_t6_8M_UR50D	ESM2 full-sequence masked pseudo-log-likelihood	-877.4935554731637	-911.7617447879165	-34.26818931475282	-2.7336247834054945	-2.7629143781452017	-0.02928959473970716	-27.394267320632935	-3.043807480070326	completed		128	NVIDIA GeForce RTX 3090	gpu15	286.0	0.10658307210031348
G196_practical_GS	GSDLVPRGS	9	187|188	330	esm2_t6_8M_UR50D	fair-esm pretrained esm2_t6_8M_UR50D	ESM2 full-sequence masked pseudo-log-likelihood	-877.4935554731637	-908.6738896649331	-31.18033419176936	-2.7336247834054945	-2.7535572414088882	-0.019932458003393716	-25.160146713256836	-2.7955718570285373	completed		128	NVIDIA GeForce RTX 3090	gpu15	237.0	0.2601880877742947
G196_practical_GS	GSDLVPRGS	9	188|189	330	esm2_t6_8M_UR50D	fair-esm pretrained esm2_t6_8M_UR50D	ESM2 full-sequence masked pseudo-log-likelihood	-877.4935554731637	-906.190972590819	-28.697417117655277	-2.7336247834054945	-2.746033250275209	-0.01240846686971464	-24.39257287979126	-2.710285875532362	completed		128	NVIDIA GeForce RTX 3090	gpu15	158.0	0.5078369905956113
G196_practical_GS	GSDLVPRGS	9	189|190	330	esm2_t6_8M_UR50D	fair-esm pretrained esm2_t6_8M_UR50D	ESM2 full-sequence masked pseudo-log-likelihood	-877.4935554731637	-907.4083294449374	-29.914773971773684	-2.7336247834054945	-2.749722210439204	-0.016097427033709533	-24.800255060195923	-2.755583895577325	completed		128	NVIDIA GeForce RTX 3090	gpu15	204.0	0.36363636363636365
G196_practical_GS	GSDLVPRGS	9	190|191	330	esm2_t6_8M_UR50D	fair-esm pretrained esm2_t6_8M_UR50D	ESM2 full-sequence masked pseudo-log-likelihood	-877.4935554731637	-908.5262080468237	-31.032652573660016	-2.7336247834054945	-2.7531097213540114	-0.01948493794851691	-25.00206995010376	-2.7780077722337513	completed		128	NVIDIA GeForce RTX 3090	gpu15	234.0	0.2695924764890282
G196_practical_GS	GSDLVPRGS	9	191|192	330	esm2_t6_8M_UR50D	fair-esm pretrained esm2_t6_8M_UR50D	ESM2 full-sequence masked pseudo-log-likelihood	-877.4935554731637	-905.6260455399752	-28.132490066811442	-2.7336247834054945	-2.7443213501211368	-0.01069656671564223	-23.83528244495392	-2.648364716105991	completed		128	NVIDIA GeForce RTX 3090	gpu15	129.0	0.5987460815047022
G196_practical_GS	GSDLVPRGS	9	192|193	330	esm2_t6_8M_UR50D	fair-esm pretrained esm2_t6_8M_UR50D	ESM2 full-sequence masked pseudo-log-likelihood	-877.4935554731637	-907.6115060439333	-30.117950570769608	-2.7336247834054945	-2.7503378971028285	-0.01671311369733397	-24.57091498374939	-2.7301016648610434	completed		128	NVIDIA GeForce RTX 3090	gpu15	207.0	0.35423197492163006
G196_practical_GS	GSDLVPRGS	9	193|194	330	esm2_t6_8M_UR50D	fair-esm pretrained esm2_t6_8M_UR50D	ESM2 full-sequence masked pseudo-log-likelihood	-877.4935554731637	-911.2980554355308	-33.80449996236712	-2.7336247834054945	-2.761509258895548	-0.02788447549005335	-25.708386659622192	-2.856487406624688	completed		128	NVIDIA GeForce RTX 3090	gpu15	282.0	0.11912225705329149
G196_practical_GS	GSDLVPRGS	9	194|195	330	esm2_t6_8M_UR50D	fair-esm pretrained esm2_t6_8M_UR50D	ESM2 full-sequence masked pseudo-log-likelihood	-877.4935554731637	-910.7271853256971	-33.23362985253334	-2.7336247834054945	-2.7597793494718093	-0.02615456606631472	-25.193761110305786	-2.799306790033976	completed		128	NVIDIA GeForce RTX 3090	gpu15	272.0	0.15047021943573669
G196_practical_GS	GSDLVPRGS	9	195|196	330	esm2_t6_8M_UR50D	fair-esm pretrained esm2_t6_8M_UR50D	ESM2 full-sequence masked pseudo-log-likelihood	-877.4935554731637	-909.8430647291243	-32.349509255960584	-2.7336247834054945	-2.7571001961488615	-0.023475412743366952	-24.75331139564514	-2.75036793284946	completed		128	NVIDIA GeForce RTX 3090	gpu15	253.0	0.21003134796238243
G196_practical_GS	GSDLVPRGS	9	196|197	330	esm2_t6_8M_UR50D	fair-esm pretrained esm2_t6_8M_UR50D	ESM2 full-sequence masked pseudo-log-likelihood	-877.4935554731637	-910.5624274695292	-33.06887199636549	-2.7336247834054945	-2.7592800832409976	-0.025655299835503076	-26.185426473617554	-2.9094918304019504	completed		128	NVIDIA GeForce RTX 3090	gpu15	268.0	0.1630094043887147
G196_practical_GS	GSDLVPRGS	9	197|198	330	esm2_t6_8M_UR50D	fair-esm pretrained esm2_t6_8M_UR50D	ESM2 full-sequence masked pseudo-log-likelihood	-877.4935554731637	-910.8815108099952	-33.38795533683151	-2.7336247834054945	-2.760247002454531	-0.02662221904903639	-27.265875101089478	-3.029541677898831	completed		128	NVIDIA GeForce RTX 3090	gpu15	275.0	0.1410658307210031
G196_practical_GS	GSDLVPRGS	9	198|199	330	esm2_t6_8M_UR50D	fair-esm pretrained esm2_t6_8M_UR50D	ESM2 full-sequence masked pseudo-log-likelihood	-877.4935554731637	-907.6600436689332	-30.16648819576949	-2.7336247834054945	-2.750484980814949	-0.016860197409454436	-26.18184995651245	-2.9090944396124945	completed		128	NVIDIA GeForce RTX 3090	gpu15	209.0	0.3479623824451411
G196_practical_GS	GSDLVPRGS	9	199|200	330	esm2_t6_8M_UR50D	fair-esm pretrained esm2_t6_8M_UR50D	ESM2 full-sequence masked pseudo-log-likelihood	-877.4935554731637	-908.0940725505352	-30.600517077371478	-2.7336247834054945	-2.751800219850107	-0.01817543644461228	-27.47041153907776	-3.0522679487864175	completed		128	NVIDIA GeForce RTX 3090	gpu15	224.0	0.30094043887147337
G196_practical_GS	GSDLVPRGS	9	200|201	330	esm2_t6_8M_UR50D	fair-esm pretrained esm2_t6_8M_UR50D	ESM2 full-sequence masked pseudo-log-likelihood	-877.4935554731637	-906.3490707334131	-28.855515260249376	-2.7336247834054945	-2.7465123355557974	-0.012887552150302906	-26.721134662628174	-2.9690149625142417	completed		128	NVIDIA GeForce RTX 3090	gpu15	164.0	0.4890282131661442
G196_practical_GS	GSDLVPRGS	9	201|202	330	esm2_t6_8M_UR50D	fair-esm pretrained esm2_t6_8M_UR50D	ESM2 full-sequence masked pseudo-log-likelihood	-877.4935554731637	-905.9478482315317	-28.454292758367956	-2.7336247834054945	-2.7452965097925204	-0.01167172638702585	-27.203598499298096	-3.0226220554775662	completed		128	NVIDIA GeForce RTX 3090	gpu15	150.0	0.5329153605015674
G196_practical_GS	GSDLVPRGS	9	202|203	330	esm2_t6_8M_UR50D	fair-esm pretrained esm2_t6_8M_UR50D	ESM2 full-sequence masked pseudo-log-likelihood	-877.4935554731637	-910.5706302272156	-33.077074754051864	-2.7336247834054945	-2.7593049400824716	-0.025680156676977095	-28.915167331695557	-3.212796370188395	completed		128	NVIDIA GeForce RTX 3090	gpu15	270.0	0.15673981191222575
G196_practical_GS	GSDLVPRGS	9	203|204	330	esm2_t6_8M_UR50D	fair-esm pretrained esm2_t6_8M_UR50D	ESM2 full-sequence masked pseudo-log-likelihood	-877.4935554731637	-911.2158239036798	-33.722268430516124	-2.7336247834054945	-2.7612600724353933	-0.027635289029898757	-28.77244234085083	-3.1969380378723145	completed		128	NVIDIA GeForce RTX 3090	gpu15	279.0	0.12852664576802508
G196_practical_GS	GSDLVPRGS	9	204|205	330	esm2_t6_8M_UR50D	fair-esm pretrained esm2_t6_8M_UR50D	ESM2 full-sequence masked pseudo-log-likelihood	-877.4935554731637	-910.0796929821372	-32.58613750897348	-2.7336247834054945	-2.757817251461022	-0.02419246805552744	-30.477211475372314	-3.386356830596924	completed		128	NVIDIA GeForce RTX 3090	gpu15	260.0	0.18808777429467083
G196_practical_GS	GSDLVPRGS	9	205|206	330	esm2_t6_8M_UR50D	fair-esm pretrained esm2_t6_8M_UR50D	ESM2 full-sequence masked pseudo-log-likelihood	-877.4935554731637	-905.0181249221787	-27.52456944901496	-2.7336247834054945	-2.7424791664308446	-0.008854383025350021	-27.7147376537323	-3.0794152948591442	completed		128	NVIDIA GeForce RTX 3090	gpu15	107.0	0.6677115987460815
G196_practical_GS	GSDLVPRGS	9	206|207	330	esm2_t6_8M_UR50D	fair-esm pretrained esm2_t6_8M_UR50D	ESM2 full-sequence masked pseudo-log-likelihood	-877.4935554731637	-907.8714094329625	-30.377853959798813	-2.7336247834054945	-2.7511254831301897	-0.017500699724695146	-29.87785291671753	-3.3197614351908364	completed		128	NVIDIA GeForce RTX 3090	gpu15	219.0	0.3166144200626959
G196_practical_GS	GSDLVPRGS	9	207|208	330	esm2_t6_8M_UR50D	fair-esm pretrained esm2_t6_8M_UR50D	ESM2 full-sequence masked pseudo-log-likelihood	-877.4935554731637	-909.0516075957566	-31.558052122592926	-2.7336247834054945	-2.7547018411992625	-0.021077057793768006	-28.93761396408081	-3.2152904404534235	completed		128	NVIDIA GeForce RTX 3090	gpu15	241.0	0.24764890282131657
G196_practical_GS	GSDLVPRGS	9	208|209	330	esm2_t6_8M_UR50D	fair-esm pretrained esm2_t6_8M_UR50D	ESM2 full-sequence masked pseudo-log-likelihood	-877.4935554731637	-909.4814387280494	-31.987883254885674	-2.7336247834054945	-2.7560043597819677	-0.022379576376473143	-27.057297945022583	-3.0063664383358426	completed		128	NVIDIA GeForce RTX 3090	gpu15	246.0	0.23197492163009403
G196_practical_GS	GSDLVPRGS	9	209|210	330	esm2_t6_8M_UR50D	fair-esm pretrained esm2_t6_8M_UR50D	ESM2 full-sequence masked pseudo-log-likelihood	-877.4935554731637	-906.4703076649457	-28.976752191781998	-2.7336247834054945	-2.746879720196805	-0.013254936791310623	-26.473241925239563	-2.941471325026618	completed		128	NVIDIA GeForce RTX 3090	gpu15	167.0	0.4796238244514106
G196_practical_GS	GSDLVPRGS	9	210|211	330	esm2_t6_8M_UR50D	fair-esm pretrained esm2_t6_8M_UR50D	ESM2 full-sequence masked pseudo-log-likelihood	-877.4935554731637	-903.0856829872355	-25.592127514071763	-2.7336247834054945	-2.7366232817795013	-0.002998498374006786	-26.30188238620758	-2.922431376245287	completed		128	NVIDIA GeForce RTX 3090	gpu15	44.0	0.8652037617554859
G196_practical_GS	GSDLVPRGS	9	211|212	330	esm2_t6_8M_UR50D	fair-esm pretrained esm2_t6_8M_UR50D	ESM2 full-sequence masked pseudo-log-likelihood	-877.4935554731637	-913.7398707829416	-36.246315309777856	-2.7336247834054945	-2.7689086993422474	-0.03528391593675284	-29.94385266304016	-3.3270947403377957	completed		128	NVIDIA GeForce RTX 3090	gpu15	304.0	0.050156739811912265
G196_practical_GS	GSDLVPRGS	9	212|213	330	esm2_t6_8M_UR50D	fair-esm pretrained esm2_t6_8M_UR50D	ESM2 full-sequence masked pseudo-log-likelihood	-877.4935554731637	-910.0898233298212	-32.596267856657505	-2.7336247834054945	-2.7578479494843067	-0.02422316607881214	-27.52332580089569	-3.0581473112106323	completed		128	NVIDIA GeForce RTX 3090	gpu15	261.0	0.1849529780564263
G196_practical_GS	GSDLVPRGS	9	213|214	330	esm2_t6_8M_UR50D	fair-esm pretrained esm2_t6_8M_UR50D	ESM2 full-sequence masked pseudo-log-likelihood	-877.4935554731637	-906.2725224532187	-28.778966980054975	-2.7336247834054945	-2.74628037107036	-0.012655587664865298	-25.411372661590576	-2.823485851287842	completed		128	NVIDIA GeForce RTX 3090	gpu15	159.0	0.5047021943573669
G196_practical_GS	GSDLVPRGS	9	214|215	330	esm2_t6_8M_UR50D	fair-esm pretrained esm2_t6_8M_UR50D	ESM2 full-sequence masked pseudo-log-likelihood	-877.4935554731637	-905.3490959759802	-27.85554050281644	-2.7336247834054945	-2.743482109018122	-0.00985732561262731	-27.265610218048096	-3.0295122464497886	completed		128	NVIDIA GeForce RTX 3090	gpu15	118.0	0.6332288401253918
G196_practical_GS	GSDLVPRGS	9	215|216	330	esm2_t6_8M_UR50D	fair-esm pretrained esm2_t6_8M_UR50D	ESM2 full-sequence masked pseudo-log-likelihood	-877.4935554731637	-905.8391308421269	-28.345575368963182	-2.7336247834054945	-2.74496706315796	-0.0113422797524656	-26.13617467880249	-2.904019408755832	completed		128	NVIDIA GeForce RTX 3090	gpu15	141.0	0.561128526645768
G196_practical_GS	GSDLVPRGS	9	216|217	330	esm2_t6_8M_UR50D	fair-esm pretrained esm2_t6_8M_UR50D	ESM2 full-sequence masked pseudo-log-likelihood	-877.4935554731637	-905.9185300460085	-28.424974572844803	-2.7336247834054945	-2.7452076668060865	-0.011582883400591992	-26.078795075416565	-2.897643897268507	completed		128	NVIDIA GeForce RTX 3090	gpu15	146.0	0.5454545454545454
G196_practical_GS	GSDLVPRGS	9	217|218	330	esm2_t6_8M_UR50D	fair-esm pretrained esm2_t6_8M_UR50D	ESM2 full-sequence masked pseudo-log-likelihood	-877.4935554731637	-906.8489155517891	-29.35536007862538	-2.7336247834054945	-2.7480270168236034	-0.014402233418108867	-25.522831559181213	-2.8358701732423572	completed		128	NVIDIA GeForce RTX 3090	gpu15	187.0	0.41692789968652033
G196_practical_GS	GSDLVPRGS	9	218|219	330	esm2_t6_8M_UR50D	fair-esm pretrained esm2_t6_8M_UR50D	ESM2 full-sequence masked pseudo-log-likelihood	-877.4935554731637	-907.792387522757	-30.29883204959333	-2.7336247834054945	-2.7508860227962333	-0.01726123939073876	-25.241443157196045	-2.804604795244005	completed		128	NVIDIA GeForce RTX 3090	gpu15	215.0	0.32915360501567403
G196_practical_GS	GSDLVPRGS	9	219|220	330	esm2_t6_8M_UR50D	fair-esm pretrained esm2_t6_8M_UR50D	ESM2 full-sequence masked pseudo-log-likelihood	-877.4935554731637	-907.6836087703705	-30.19005329720676	-2.7336247834054945	-2.750556390213244	-0.01693160680774941	-27.143909335136414	-3.0159899261262684	completed		128	NVIDIA GeForce RTX 3090	gpu15	211.0	0.34169278996865204
G196_practical_GS	GSDLVPRGS	9	220|221	330	esm2_t6_8M_UR50D	fair-esm pretrained esm2_t6_8M_UR50D	ESM2 full-sequence masked pseudo-log-likelihood	-877.4935554731637	-911.2422731472179	-33.748717674054205	-2.7336247834054945	-2.7613402216582363	-0.02771543825274181	-25.982835054397583	-2.8869816727108426	completed		128	NVIDIA GeForce RTX 3090	gpu15	281.0	0.12225705329153602
G196_practical_GS	GSDLVPRGS	9	221|222	330	esm2_t6_8M_UR50D	fair-esm pretrained esm2_t6_8M_UR50D	ESM2 full-sequence masked pseudo-log-likelihood	-877.4935554731637	-909.8236022507772	-32.33004677761346	-2.7336247834054945	-2.7570412189417492	-0.02341643553625472	-26.48570227622986	-2.942855808469984	completed		128	NVIDIA GeForce RTX 3090	gpu15	252.0	0.21316614420062696
G196_practical_GS	GSDLVPRGS	9	222|223	330	esm2_t6_8M_UR50D	fair-esm pretrained esm2_t6_8M_UR50D	ESM2 full-sequence masked pseudo-log-likelihood	-877.4935554731637	-911.6165470518172	-34.122991578653455	-2.7336247834054945	-2.7624743850055067	-0.028849601600012154	-27.942365527153015	-3.1047072807947793	completed		128	NVIDIA GeForce RTX 3090	gpu15	285.0	0.10971786833855801
G196_practical_GS	GSDLVPRGS	9	223|224	330	esm2_t6_8M_UR50D	fair-esm pretrained esm2_t6_8M_UR50D	ESM2 full-sequence masked pseudo-log-likelihood	-877.4935554731637	-912.6949847517535	-35.201429278589785	-2.7336247834054945	-2.7657423780356165	-0.03211759463012198	-29.40409541130066	-3.2671217123667398	completed		128	NVIDIA GeForce RTX 3090	gpu15	299.0	0.0658307210031348
G196_practical_GS	GSDLVPRGS	9	224|225	330	esm2_t6_8M_UR50D	fair-esm pretrained esm2_t6_8M_UR50D	ESM2 full-sequence masked pseudo-log-likelihood	-877.4935554731637	-914.7534371651709	-37.259881692007184	-2.7336247834054945	-2.77198011262173	-0.0383553292162353	-31.534644842147827	-3.503849426905314	completed		128	NVIDIA GeForce RTX 3090	gpu15	308.0	0.037617554858934144
G196_practical_GS	GSDLVPRGS	9	225|226	330	esm2_t6_8M_UR50D	fair-esm pretrained esm2_t6_8M_UR50D	ESM2 full-sequence masked pseudo-log-likelihood	-877.4935554731637	-911.8113000290468	-34.31774455588311	-2.7336247834054945	-2.763064545542566	-0.029439762137071668	-28.949764728546143	-3.216640525394016	completed		128	NVIDIA GeForce RTX 3090	gpu15	287.0	0.10344827586206895
G196_practical_GS	GSDLVPRGS	9	226|227	330	esm2_t6_8M_UR50D	fair-esm pretrained esm2_t6_8M_UR50D	ESM2 full-sequence masked pseudo-log-likelihood	-877.4935554731637	-910.4123290395364	-32.91877356637269	-2.7336247834054945	-2.758825239513747	-0.02520045610825239	-27.73124051094055	-3.0812489456600614	completed		128	NVIDIA GeForce RTX 3090	gpu15	266.0	0.16927899686520376
G196_practical_GS	GSDLVPRGS	9	227|228	330	esm2_t6_8M_UR50D	fair-esm pretrained esm2_t6_8M_UR50D	ESM2 full-sequence masked pseudo-log-likelihood	-877.4935554731637	-912.6074904464185	-35.1139349732548	-2.7336247834054945	-2.765477243777026	-0.03185246037153133	-30.642391204833984	-3.404710133870443	completed		128	NVIDIA GeForce RTX 3090	gpu15	298.0	0.06896551724137934
G196_practical_GS	GSDLVPRGS	9	228|229	330	esm2_t6_8M_UR50D	fair-esm pretrained esm2_t6_8M_UR50D	ESM2 full-sequence masked pseudo-log-likelihood	-877.4935554731637	-916.4056490976363	-38.91209362447262	-2.7336247834054945	-2.776986815447383	-0.043362032041888376	-33.52301502227783	-3.7247794469197593	completed		128	NVIDIA GeForce RTX 3090	gpu15	311.0	0.028213166144200663
G196_practical_GS	GSDLVPRGS	9	229|230	330	esm2_t6_8M_UR50D	fair-esm pretrained esm2_t6_8M_UR50D	ESM2 full-sequence masked pseudo-log-likelihood	-877.4935554731637	-910.7622546441853	-33.26869917102158	-2.7336247834054945	-2.759885620133895	-0.026260836728400516	-28.664589166641235	-3.184954351849026	completed		128	NVIDIA GeForce RTX 3090	gpu15	273.0	0.14733542319749215
G196_practical_GS	GSDLVPRGS	9	230|231	330	esm2_t6_8M_UR50D	fair-esm pretrained esm2_t6_8M_UR50D	ESM2 full-sequence masked pseudo-log-likelihood	-877.4935554731637	-912.1603137422353	-34.66675826907158	-2.7336247834054945	-2.7641221628552586	-0.03049737944976405	-29.748010873794556	-3.305334541532728	completed		128	NVIDIA GeForce RTX 3090	gpu15	291.0	0.09090909090909094
G196_practical_GS	GSDLVPRGS	9	231|232	330	esm2_t6_8M_UR50D	fair-esm pretrained esm2_t6_8M_UR50D	ESM2 full-sequence masked pseudo-log-likelihood	-877.4935554731637	-914.2400492336601	-36.74649376049638	-2.7336247834054945	-2.770424391617152	-0.036799608211657286	-29.541963577270508	-3.2824403974745007	completed		128	NVIDIA GeForce RTX 3090	gpu15	307.0	0.040752351097178674
G196_practical_GS	GSDLVPRGS	9	232|233	330	esm2_t6_8M_UR50D	fair-esm pretrained esm2_t6_8M_UR50D	ESM2 full-sequence masked pseudo-log-likelihood	-877.4935554731637	-913.930747076869	-36.43719160370529	-2.7336247834054945	-2.7694871123541485	-0.03586232894865393	-29.875991106033325	-3.319554567337036	completed		128	NVIDIA GeForce RTX 3090	gpu15	306.0	0.043887147335423204
G196_practical_GS	GSDLVPRGS	9	233|234	330	esm2_t6_8M_UR50D	fair-esm pretrained esm2_t6_8M_UR50D	ESM2 full-sequence masked pseudo-log-likelihood	-877.4935554731637	-912.5239666681737	-35.03041119500995	-2.7336247834054945	-2.765224141418708	-0.031599358013213674	-29.361320972442627	-3.26236899693807	completed		128	NVIDIA GeForce RTX 3090	gpu15	297.0	0.07210031347962387
G196_practical_GS	GSDLVPRGS	9	234|235	330	esm2_t6_8M_UR50D	fair-esm pretrained esm2_t6_8M_UR50D	ESM2 full-sequence masked pseudo-log-likelihood	-877.4935554731637	-912.4664258537814	-34.97287038061768	-2.7336247834054945	-2.765049775314489	-0.03142499190899439	-28.787702798843384	-3.1986336443159313	completed		128	NVIDIA GeForce RTX 3090	gpu15	295.0	0.07836990595611282
G196_practical_GS	GSDLVPRGS	9	235|236	330	esm2_t6_8M_UR50D	fair-esm pretrained esm2_t6_8M_UR50D	ESM2 full-sequence masked pseudo-log-likelihood	-877.4935554731637	-909.4945687102154	-32.001013237051666	-2.7336247834054945	-2.7560441476067132	-0.022419364201218706	-29.678738117218018	-3.2976375685797796	completed		128	NVIDIA GeForce RTX 3090	gpu15	248.0	0.22570532915360497
G196_practical_GS	GSDLVPRGS	9	236|237	330	esm2_t6_8M_UR50D	fair-esm pretrained esm2_t6_8M_UR50D	ESM2 full-sequence masked pseudo-log-likelihood	-877.4935554731637	-909.8723875023425	-32.37883202917874	-2.7336247834054945	-2.7571890530374015	-0.023564269631906942	-29.75209140777588	-3.30578793419732	completed		128	NVIDIA GeForce RTX 3090	gpu15	257.0	0.19749216300940442
G196_practical_GS	GSDLVPRGS	9	237|238	330	esm2_t6_8M_UR50D	fair-esm pretrained esm2_t6_8M_UR50D	ESM2 full-sequence masked pseudo-log-likelihood	-877.4935554731637	-907.6807062309235	-30.18715075775981	-2.7336247834054945	-2.7505475946391624	-0.0169228112336679	-27.896466970443726	-3.0996074411604138	completed		128	NVIDIA GeForce RTX 3090	gpu15	210.0	0.3448275862068966
G196_practical_GS	GSDLVPRGS	9	238|239	330	esm2_t6_8M_UR50D	fair-esm pretrained esm2_t6_8M_UR50D	ESM2 full-sequence masked pseudo-log-likelihood	-877.4935554731637	-906.8165934374556	-29.32303796429187	-2.7336247834054945	-2.7479290710225928	-0.014304287617098232	-26.864970684051514	-2.9849967426723905	completed		128	NVIDIA GeForce RTX 3090	gpu15	184.0	0.4263322884012539
G196_practical_GS	GSDLVPRGS	9	239|240	330	esm2_t6_8M_UR50D	fair-esm pretrained esm2_t6_8M_UR50D	ESM2 full-sequence masked pseudo-log-likelihood	-877.4935554731637	-909.3163238856941	-31.822768412530422	-2.7336247834054945	-2.7555040117748306	-0.02187922836933609	-28.112202405929565	-3.123578045103285	completed		128	NVIDIA GeForce RTX 3090	gpu15	243.0	0.24137931034482762
G196_practical_GS	GSDLVPRGS	9	240|241	330	esm2_t6_8M_UR50D	fair-esm pretrained esm2_t6_8M_UR50D	ESM2 full-sequence masked pseudo-log-likelihood	-877.4935554731637	-908.9806729378179	-31.487117464654148	-2.7336247834054945	-2.754486887690357	-0.02086210428486268	-27.66591787338257	-3.0739908748202853	completed		128	NVIDIA GeForce RTX 3090	gpu15	240.0	0.2507836990595611
G196_practical_GS	GSDLVPRGS	9	241|242	330	esm2_t6_8M_UR50D	fair-esm pretrained esm2_t6_8M_UR50D	ESM2 full-sequence masked pseudo-log-likelihood	-877.4935554731637	-910.0374695593491	-32.543914086185396	-2.7336247834054945	-2.7576893016949975	-0.024064518289502956	-29.43859100341797	-3.27095455593533	completed		128	NVIDIA GeForce RTX 3090	gpu15	259.0	0.19122257053291536
G196_practical_GS	GSDLVPRGS	9	242|243	330	esm2_t6_8M_UR50D	fair-esm pretrained esm2_t6_8M_UR50D	ESM2 full-sequence masked pseudo-log-likelihood	-877.4935554731637	-906.3433556361124	-28.849800162948668	-2.7336247834054945	-2.7464950170791282	-0.012870233673633713	-27.496510982513428	-3.055167886945936	completed		128	NVIDIA GeForce RTX 3090	gpu15	163.0	0.49216300940438873
G196_practical_GS	GSDLVPRGS	9	243|244	330	esm2_t6_8M_UR50D	fair-esm pretrained esm2_t6_8M_UR50D	ESM2 full-sequence masked pseudo-log-likelihood	-877.4935554731637	-908.0689757019281	-30.575420228764415	-2.7336247834054945	-2.7517241687937215	-0.018099385388226974	-28.664335012435913	-3.1849261124928794	completed		128	NVIDIA GeForce RTX 3090	gpu15	222.0	0.30721003134796243
G196_practical_GS	GSDLVPRGS	9	244|245	330	esm2_t6_8M_UR50D	fair-esm pretrained esm2_t6_8M_UR50D	ESM2 full-sequence masked pseudo-log-likelihood	-877.4935554731637	-904.9434634018689	-27.449907928705215	-2.7336247834054945	-2.742252919399603	-0.008628135994108277	-29.57728862762451	-3.2863654030693903	completed		128	NVIDIA GeForce RTX 3090	gpu15	103.0	0.6802507836990596
G196_practical_GS	GSDLVPRGS	9	245|246	330	esm2_t6_8M_UR50D	fair-esm pretrained esm2_t6_8M_UR50D	ESM2 full-sequence masked pseudo-log-likelihood	-877.4935554731637	-906.7598391901702	-29.266283717006445	-2.7336247834054945	-2.747757088455061	-0.01413230504956653	-31.458048582077026	-3.4953387313418918	completed		128	NVIDIA GeForce RTX 3090	gpu15	178.0	0.445141065830721
G196_practical_GS	GSDLVPRGS	9	246|247	330	esm2_t6_8M_UR50D	fair-esm pretrained esm2_t6_8M_UR50D	ESM2 full-sequence masked pseudo-log-likelihood	-877.4935554731637	-905.291690081358	-27.798134608194232	-2.7336247834054945	-2.7433081517616906	-0.009683368356196098	-30.375983238220215	-3.375109248691135	completed		128	NVIDIA GeForce RTX 3090	gpu15	115.0	0.6426332288401254
G196_practical_GS	GSDLVPRGS	9	247|248	330	esm2_t6_8M_UR50D	fair-esm pretrained esm2_t6_8M_UR50D	ESM2 full-sequence masked pseudo-log-likelihood	-877.4935554731637	-906.7790946783498	-29.28553920518607	-2.7336247834054945	-2.747815438419242	-0.014190655013747389	-28.651901721954346	-3.183544635772705	completed		128	NVIDIA GeForce RTX 3090	gpu15	181.0	0.4357366771159875
G196_practical_GS	GSDLVPRGS	9	248|249	330	esm2_t6_8M_UR50D	fair-esm pretrained esm2_t6_8M_UR50D	ESM2 full-sequence masked pseudo-log-likelihood	-877.4935554731637	-907.058714421466	-29.56515894830227	-2.7336247834054945	-2.7486627709741396	-0.01503798756864505	-29.252241611480713	-3.2502490679423013	completed		128	NVIDIA GeForce RTX 3090	gpu15	191.0	0.4043887147335423
G196_practical_GS	GSDLVPRGS	9	249|250	330	esm2_t6_8M_UR50D	fair-esm pretrained esm2_t6_8M_UR50D	ESM2 full-sequence masked pseudo-log-likelihood	-877.4935554731637	-906.053022544831	-28.559467071667314	-2.7336247834054945	-2.745615219832821	-0.011990436427326667	-29.246443033218384	-3.2496047814687095	completed		128	NVIDIA GeForce RTX 3090	gpu15	152.0	0.5266457680250783
G196_practical_GS	GSDLVPRGS	9	250|251	330	esm2_t6_8M_UR50D	fair-esm pretrained esm2_t6_8M_UR50D	ESM2 full-sequence masked pseudo-log-likelihood	-877.4935554731637	-905.9371374538168	-28.443581980653107	-2.7336247834054945	-2.745264052890354	-0.011639269484859494	-29.4742112159729	-3.2749123573303223	completed		128	NVIDIA GeForce RTX 3090	gpu15	148.0	0.5391849529780564
G196_practical_GS	GSDLVPRGS	9	251|252	330	esm2_t6_8M_UR50D	fair-esm pretrained esm2_t6_8M_UR50D	ESM2 full-sequence masked pseudo-log-likelihood	-877.4935554731637	-907.811840031296	-30.31828455813229	-2.7336247834054945	-2.750944969791806	-0.017320186386311498	-29.445363521575928	-3.271707057952881	completed		128	NVIDIA GeForce RTX 3090	gpu15	217.0	0.322884012539185
G196_practical_GS	GSDLVPRGS	9	252|253	330	esm2_t6_8M_UR50D	fair-esm pretrained esm2_t6_8M_UR50D	ESM2 full-sequence masked pseudo-log-likelihood	-877.4935554731637	-907.1727210562676	-29.679165583103895	-2.7336247834054945	-2.7490082456250535	-0.015383462219558997	-29.848632097244263	-3.316514677471585	completed		128	NVIDIA GeForce RTX 3090	gpu15	194.0	0.39498432601880873
G196_practical_GS	GSDLVPRGS	9	253|254	330	esm2_t6_8M_UR50D	fair-esm pretrained esm2_t6_8M_UR50D	ESM2 full-sequence masked pseudo-log-likelihood	-877.4935554731637	-906.7952658655122	-29.30171039234847	-2.7336247834054945	-2.7478644420167035	-0.014239658611209016	-30.36673855781555	-3.3740820619795056	completed		128	NVIDIA GeForce RTX 3090	gpu15	182.0	0.432601880877743
G196_practical_GS	GSDLVPRGS	9	254|255	330	esm2_t6_8M_UR50D	fair-esm pretrained esm2_t6_8M_UR50D	ESM2 full-sequence masked pseudo-log-likelihood	-877.4935554731637	-905.5247687017545	-28.031213228590786	-2.7336247834054945	-2.7440144506113775	-0.010389667205882969	-28.205663442611694	-3.1339626047346325	completed		128	NVIDIA GeForce RTX 3090	gpu15	127.0	0.6050156739811912
G196_practical_GS	GSDLVPRGS	9	255|256	330	esm2_t6_8M_UR50D	fair-esm pretrained esm2_t6_8M_UR50D	ESM2 full-sequence masked pseudo-log-likelihood	-877.4935554731637	-906.6292310608551	-29.135675587691367	-2.7336247834054945	-2.7473613062450153	-0.01373652283952076	-29.046855449676514	-3.2274283832973905	completed		128	NVIDIA GeForce RTX 3090	gpu15	172.0	0.46394984326018807
G196_practical_GS	GSDLVPRGS	9	256|257	330	esm2_t6_8M_UR50D	fair-esm pretrained esm2_t6_8M_UR50D	ESM2 full-sequence masked pseudo-log-likelihood	-877.4935554731637	-905.5369567396119	-28.0434012664482	-2.7336247834054945	-2.7440513840594303	-0.010426600653935747	-29.195839881896973	-3.2439822090996637	completed		128	NVIDIA GeForce RTX 3090	gpu15	128.0	0.6018808777429467
G196_practical_GS	GSDLVPRGS	9	257|258	330	esm2_t6_8M_UR50D	fair-esm pretrained esm2_t6_8M_UR50D	ESM2 full-sequence masked pseudo-log-likelihood	-877.4935554731637	-904.8324512746185	-27.338895801454782	-2.7336247834054945	-2.7419165190139956	-0.00829173560850105	-29.205202102661133	-3.245022455851237	completed		128	NVIDIA GeForce RTX 3090	gpu15	98.0	0.6959247648902822
G196_practical_GS	GSDLVPRGS	9	258|259	330	esm2_t6_8M_UR50D	fair-esm pretrained esm2_t6_8M_UR50D	ESM2 full-sequence masked pseudo-log-likelihood	-877.4935554731637	-906.5328203151003	-29.03926484193653	-2.7336247834054945	-2.747069152470001	-0.0134443690645063	-28.77030885219574	-3.1967009835773044	completed		128	NVIDIA GeForce RTX 3090	gpu15	169.0	0.47335423197492166
G196_practical_GS	GSDLVPRGS	9	259|260	330	esm2_t6_8M_UR50D	fair-esm pretrained esm2_t6_8M_UR50D	ESM2 full-sequence masked pseudo-log-likelihood	-877.4935554731637	-907.7014447944239	-30.207889321260154	-2.7336247834054945	-2.7506104387709813	-0.016985655365486796	-29.414426684379578	-3.2682696315977307	completed		128	NVIDIA GeForce RTX 3090	gpu15	213.0	0.335423197492163
G196_practical_GS	GSDLVPRGS	9	260|261	330	esm2_t6_8M_UR50D	fair-esm pretrained esm2_t6_8M_UR50D	ESM2 full-sequence masked pseudo-log-likelihood	-877.4935554731637	-906.9783249339089	-29.484769460745156	-2.7336247834054945	-2.7484191664663906	-0.014794383060896088	-28.306373596191406	-3.145152621799045	completed		128	NVIDIA GeForce RTX 3090	gpu15	190.0	0.40752351097178685
G196_practical_GS	GSDLVPRGS	9	261|262	330	esm2_t6_8M_UR50D	fair-esm pretrained esm2_t6_8M_UR50D	ESM2 full-sequence masked pseudo-log-likelihood	-877.4935554731637	-904.5773739470169	-27.08381847385317	-2.7336247834054945	-2.7411435574152025	-0.007518774009708018	-28.92661738395691	-3.2140685982174344	completed		128	NVIDIA GeForce RTX 3090	gpu15	89.0	0.7241379310344828
G196_practical_GS	GSDLVPRGS	9	262|263	330	esm2_t6_8M_UR50D	fair-esm pretrained esm2_t6_8M_UR50D	ESM2 full-sequence masked pseudo-log-likelihood	-877.4935554731637	-909.8545095743611	-32.36095410119742	-2.7336247834054945	-2.757134877498064	-0.023510094092569656	-30.13758683204651	-3.3486207591162787	completed		128	NVIDIA GeForce RTX 3090	gpu15	254.0	0.2068965517241379
G196_practical_GS	GSDLVPRGS	9	263|264	330	esm2_t6_8M_UR50D	fair-esm pretrained esm2_t6_8M_UR50D	ESM2 full-sequence masked pseudo-log-likelihood	-877.4935554731637	-907.9407826187089	-30.447227145545185	-2.7336247834054945	-2.7513357049051783	-0.017710921499683785	-28.408010244369507	-3.156445582707723	completed		128	NVIDIA GeForce RTX 3090	gpu15	220.0	0.3134796238244514
G196_practical_GS	GSDLVPRGS	9	264|265	330	esm2_t6_8M_UR50D	fair-esm pretrained esm2_t6_8M_UR50D	ESM2 full-sequence masked pseudo-log-likelihood	-877.4935554731637	-907.198146593757	-29.70459112059325	-2.7336247834054945	-2.7490852927083544	-0.015460509302859915	-30.445472955703735	-3.382830328411526	completed		128	NVIDIA GeForce RTX 3090	gpu15	196.0	0.3887147335423198
G196_practical_GS	GSDLVPRGS	9	265|266	330	esm2_t6_8M_UR50D	fair-esm pretrained esm2_t6_8M_UR50D	ESM2 full-sequence masked pseudo-log-likelihood	-877.4935554731637	-905.3387755854055	-27.845220112241805	-2.7336247834054945	-2.7434508351072893	-0.009826051701794736	-28.60081148147583	-3.1778679423862033	completed		128	NVIDIA GeForce RTX 3090	gpu15	117.0	0.6363636363636364
G196_practical_GS	GSDLVPRGS	9	266|267	330	esm2_t6_8M_UR50D	fair-esm pretrained esm2_t6_8M_UR50D	ESM2 full-sequence masked pseudo-log-likelihood	-877.4935554731637	-908.0091837989166	-30.515628325752914	-2.7336247834054945	-2.7515429812088383	-0.017918197803343805	-31.281986713409424	-3.475776301489936	completed		128	NVIDIA GeForce RTX 3090	gpu15	221.0	0.31034482758620685
G196_practical_GS	GSDLVPRGS	9	267|268	330	esm2_t6_8M_UR50D	fair-esm pretrained esm2_t6_8M_UR50D	ESM2 full-sequence masked pseudo-log-likelihood	-877.4935554731637	-906.6698428830132	-29.176287409849465	-2.7336247834054945	-2.7474843723727673	-0.013859588967272796	-29.333733677864075	-3.259303741984897	completed		128	NVIDIA GeForce RTX 3090	gpu15	174.0	0.457680250783699
G196_practical_GS	GSDLVPRGS	9	268|269	330	esm2_t6_8M_UR50D	fair-esm pretrained esm2_t6_8M_UR50D	ESM2 full-sequence masked pseudo-log-likelihood	-877.4935554731637	-904.8156508700922	-27.32209539692849	-2.7336247834054945	-2.7418656086972493	-0.008240825291754739	-29.752649426460266	-3.305849936273363	completed		128	NVIDIA GeForce RTX 3090	gpu15	96.0	0.7021943573667712
G196_practical_GS	GSDLVPRGS	9	269|270	330	esm2_t6_8M_UR50D	fair-esm pretrained esm2_t6_8M_UR50D	ESM2 full-sequence masked pseudo-log-likelihood	-877.4935554731637	-905.37445522286	-27.880899749696255	-2.7336247834054945	-2.743558955220788	-0.009934171815293436	-28.32259440422058	-3.1469549338022866	completed		128	NVIDIA GeForce RTX 3090	gpu15	120.0	0.6269592476489028
G196_practical_GS	GSDLVPRGS	9	270|271	330	esm2_t6_8M_UR50D	fair-esm pretrained esm2_t6_8M_UR50D	ESM2 full-sequence masked pseudo-log-likelihood	-877.4935554731637	-903.615899332799	-26.122343859635293	-2.7336247834054945	-2.738229997978179	-0.0046052145726842575	-28.05510902404785	-3.1172343360053167	completed		128	NVIDIA GeForce RTX 3090	gpu15	61.0	0.8119122257053292
G196_practical_GS	GSDLVPRGS	9	271|272	330	esm2_t6_8M_UR50D	fair-esm pretrained esm2_t6_8M_UR50D	ESM2 full-sequence masked pseudo-log-likelihood	-877.4935554731637	-908.4975730683655	-31.00401759520173	-2.7336247834054945	-2.7530229486920166	-0.01939816528652205	-31.083225965499878	-3.453691773944431	completed		128	NVIDIA GeForce RTX 3090	gpu15	233.0	0.2727272727272727
G196_practical_GS	GSDLVPRGS	9	272|273	330	esm2_t6_8M_UR50D	fair-esm pretrained esm2_t6_8M_UR50D	ESM2 full-sequence masked pseudo-log-likelihood	-877.4935554731637	-906.2845519501716	-28.790996477007866	-2.7336247834054945	-2.746316824091429	-0.012692040685934547	-28.234601974487305	-3.137177997165256	completed		128	NVIDIA GeForce RTX 3090	gpu15	160.0	0.5015673981191222
G196_practical_GS	GSDLVPRGS	9	273|274	330	esm2_t6_8M_UR50D	fair-esm pretrained esm2_t6_8M_UR50D	ESM2 full-sequence masked pseudo-log-likelihood	-877.4935554731637	-902.8931411160156	-25.39958564285189	-2.7336247834054945	-2.7360398215636836	-0.002415038158189109	-27.214401483535767	-3.0238223870595298	completed		128	NVIDIA GeForce RTX 3090	gpu15	37.0	0.8871473354231975
G196_practical_GS	GSDLVPRGS	9	274|275	330	esm2_t6_8M_UR50D	fair-esm pretrained esm2_t6_8M_UR50D	ESM2 full-sequence masked pseudo-log-likelihood	-877.4935554731637	-906.7680092873052	-29.274453814141452	-2.7336247834054945	-2.747781846325167	-0.014157062919672558	-28.459426403045654	-3.162158489227295	completed		128	NVIDIA GeForce RTX 3090	gpu15	180.0	0.43887147335423193
G196_practical_GS	GSDLVPRGS	9	275|276	330	esm2_t6_8M_UR50D	fair-esm pretrained esm2_t6_8M_UR50D	ESM2 full-sequence masked pseudo-log-likelihood	-877.4935554731637	-906.7184584923089	-29.22490301914513	-2.7336247834054945	-2.747631692400936	-0.014006908995441325	-29.881102800369263	-3.3201225333743625	completed		128	NVIDIA GeForce RTX 3090	gpu15	177.0	0.4482758620689655
G196_practical_GS	GSDLVPRGS	9	276|277	330	esm2_t6_8M_UR50D	fair-esm pretrained esm2_t6_8M_UR50D	ESM2 full-sequence masked pseudo-log-likelihood	-877.4935554731637	-905.6729674143717	-28.179411941207945	-2.7336247834054945	-2.7444635376193083	-0.01083875421381375	-28.385169982910156	-3.1539077758789062	completed		128	NVIDIA GeForce RTX 3090	gpu15	132.0	0.5893416927899686
G196_practical_GS	GSDLVPRGS	9	277|278	330	esm2_t6_8M_UR50D	fair-esm pretrained esm2_t6_8M_UR50D	ESM2 full-sequence masked pseudo-log-likelihood	-877.4935554731637	-902.4669415587559	-24.97338608559221	-2.7336247834054945	-2.7347483077538057	-0.0011235243483112	-26.572715044021606	-2.9525238937801785	completed		128	NVIDIA GeForce RTX 3090	gpu15	29.0	0.9122257053291536
G196_practical_GS	GSDLVPRGS	9	278|279	330	esm2_t6_8M_UR50D	fair-esm pretrained esm2_t6_8M_UR50D	ESM2 full-sequence masked pseudo-log-likelihood	-877.4935554731637	-903.3647052785382	-25.871149805374444	-2.7336247834054945	-2.737468803874358	-0.0038440204688634516	-27.476632595062256	-3.0529591772291393	completed		128	NVIDIA GeForce RTX 3090	gpu15	52.0	0.8401253918495297
G196_practical_GS	GSDLVPRGS	9	279|280	330	esm2_t6_8M_UR50D	fair-esm pretrained esm2_t6_8M_UR50D	ESM2 full-sequence masked pseudo-log-likelihood	-877.4935554731637	-905.9458505893126	-28.45229511614889	-2.7336247834054945	-2.7452904563312504	-0.011665672925755821	-29.24064564704895	-3.2489606274498835	completed		128	NVIDIA GeForce RTX 3090	gpu15	149.0	0.5360501567398119
G196_practical_GS	GSDLVPRGS	9	280|281	330	esm2_t6_8M_UR50D	fair-esm pretrained esm2_t6_8M_UR50D	ESM2 full-sequence masked pseudo-log-likelihood	-877.4935554731637	-903.8876464236528	-26.394090950489044	-2.7336247834054945	-2.739053474011069	-0.005428690605574271	-28.23736262321472	-3.137484735912747	completed		128	NVIDIA GeForce RTX 3090	gpu15	67.0	0.7931034482758621
G196_practical_GS	GSDLVPRGS	9	281|282	330	esm2_t6_8M_UR50D	fair-esm pretrained esm2_t6_8M_UR50D	ESM2 full-sequence masked pseudo-log-likelihood	-877.4935554731637	-905.8828069036826	-28.389251430518925	-2.7336247834054945	-2.7450994148596446	-0.011474631454150064	-28.832587122917175	-3.2036207914352417	completed		128	NVIDIA GeForce RTX 3090	gpu15	143.0	0.554858934169279
G196_practical_GS	GSDLVPRGS	9	282|283	330	esm2_t6_8M_UR50D	fair-esm pretrained esm2_t6_8M_UR50D	ESM2 full-sequence masked pseudo-log-likelihood	-877.4935554731637	-909.4871523864567	-31.993596913293004	-2.7336247834054945	-2.7560216738983536	-0.02239689049285909	-30.436098098754883	-3.3817886776394315	completed		128	NVIDIA GeForce RTX 3090	gpu15	247.0	0.2288401253918495
G196_practical_GS	GSDLVPRGS	9	283|284	330	esm2_t6_8M_UR50D	fair-esm pretrained esm2_t6_8M_UR50D	ESM2 full-sequence masked pseudo-log-likelihood	-877.4935554731637	-903.7812564074993	-26.28770093433559	-2.7336247834054945	-2.7387310800227254	-0.005106296617230832	-27.383108139038086	-3.042567571004232	completed		128	NVIDIA GeForce RTX 3090	gpu15	65.0	0.7993730407523512
G196_practical_GS	GSDLVPRGS	9	284|285	330	esm2_t6_8M_UR50D	fair-esm pretrained esm2_t6_8M_UR50D	ESM2 full-sequence masked pseudo-log-likelihood	-877.4935554731637	-904.3589079063386	-26.86535243317485	-2.7336247834054945	-2.740481539110117	-0.006856755704622408	-28.169769167900085	-3.1299743519888983	completed		128	NVIDIA GeForce RTX 3090	gpu15	81.0	0.7492163009404389
G196_practical_GS	GSDLVPRGS	9	285|286	330	esm2_t6_8M_UR50D	fair-esm pretrained esm2_t6_8M_UR50D	ESM2 full-sequence masked pseudo-log-likelihood	-877.4935554731637	-904.9435738511384	-27.45001837797463	-2.7336247834054945	-2.7422532540943587	-0.008628470688864187	-26.719271898269653	-2.968807988696628	completed		128	NVIDIA GeForce RTX 3090	gpu15	104.0	0.677115987460815
G196_practical_GS	GSDLVPRGS	9	286|287	330	esm2_t6_8M_UR50D	fair-esm pretrained esm2_t6_8M_UR50D	ESM2 full-sequence masked pseudo-log-likelihood	-877.4935554731637	-903.6520925946534	-26.158537121489644	-2.7336247834054945	-2.7383396745292528	-0.004714891123758225	-27.421077489852905	-3.046786387761434	completed		128	NVIDIA GeForce RTX 3090	gpu15	64.0	0.8025078369905956
G196_practical_GS	GSDLVPRGS	9	287|288	330	esm2_t6_8M_UR50D	fair-esm pretrained esm2_t6_8M_UR50D	ESM2 full-sequence masked pseudo-log-likelihood	-877.4935554731637	-905.1953087551519	-27.701753281988204	-2.7336247834054945	-2.743016087136824	-0.009391303731329348	-27.774904012680054	-3.086100445853339	completed		128	NVIDIA GeForce RTX 3090	gpu15	111.0	0.6551724137931034
G196_practical_GS	GSDLVPRGS	9	288|289	330	esm2_t6_8M_UR50D	fair-esm pretrained esm2_t6_8M_UR50D	ESM2 full-sequence masked pseudo-log-likelihood	-877.4935554731637	-904.9306948054582	-27.437139332294464	-2.7336247834054945	-2.7422142266832066	-0.00858944327771205	-26.73185396194458	-2.97020599577162	completed		128	NVIDIA GeForce RTX 3090	gpu15	102.0	0.6833855799373041
G196_practical_GS	GSDLVPRGS	9	289|290	330	esm2_t6_8M_UR50D	fair-esm pretrained esm2_t6_8M_UR50D	ESM2 full-sequence masked pseudo-log-likelihood	-877.4935554731637	-904.53244418744	-27.038888714276254	-2.7336247834054945	-2.741007406628606	-0.007382623223111562	-26.30448341369629	-2.9227203792995877	completed		128	NVIDIA GeForce RTX 3090	gpu15	87.0	0.7304075235109717
G196_practical_GS	GSDLVPRGS	9	290|291	330	esm2_t6_8M_UR50D	fair-esm pretrained esm2_t6_8M_UR50D	ESM2 full-sequence masked pseudo-log-likelihood	-877.4935554731637	-906.762856236659	-29.269300763495266	-2.7336247834054945	-2.747766231020179	-0.014141447614684388	-26.848820209503174	-2.983202245500353	completed		128	NVIDIA GeForce RTX 3090	gpu15	179.0	0.44200626959247646
G196_practical_GS	GSDLVPRGS	9	291|292	330	esm2_t6_8M_UR50D	fair-esm pretrained esm2_t6_8M_UR50D	ESM2 full-sequence masked pseudo-log-likelihood	-877.4935554731637	-906.6807474829257	-29.18719200976193	-2.7336247834054945	-2.7475174166149263	-0.013892633209431793	-27.2821102142334	-3.0313455793592663	completed		128	NVIDIA GeForce RTX 3090	gpu15	175.0	0.4545454545454546
G196_practical_GS	GSDLVPRGS	9	292|293	330	esm2_t6_8M_UR50D	fair-esm pretrained esm2_t6_8M_UR50D	ESM2 full-sequence masked pseudo-log-likelihood	-877.4935554731637	-907.2018915424123	-29.708336069248617	-2.7336247834054945	-2.749096641037613	-0.015471857632118446	-27.1482834815979	-3.016475942399767	completed		128	NVIDIA GeForce RTX 3090	gpu15	197.0	0.38557993730407525
G196_practical_GS	GSDLVPRGS	9	293|294	330	esm2_t6_8M_UR50D	fair-esm pretrained esm2_t6_8M_UR50D	ESM2 full-sequence masked pseudo-log-likelihood	-877.4935554731637	-908.7075967052951	-31.21404123213142	-2.7336247834054945	-2.7536593839554397	-0.020034600549945214	-27.800631046295166	-3.0889590051439075	completed		128	NVIDIA GeForce RTX 3090	gpu15	238.0	0.25705329153605017
G196_practical_GS	GSDLVPRGS	9	294|295	330	esm2_t6_8M_UR50D	fair-esm pretrained esm2_t6_8M_UR50D	ESM2 full-sequence masked pseudo-log-likelihood	-877.4935554731637	-907.6494924984872	-30.15593702532351	-2.7336247834054945	-2.7504530075711733	-0.01682822416567875	-26.782981157302856	-2.9758867952558727	completed		128	NVIDIA GeForce RTX 3090	gpu15	208.0	0.3510971786833855
G196_practical_GS	GSDLVPRGS	9	295|296	330	esm2_t6_8M_UR50D	fair-esm pretrained esm2_t6_8M_UR50D	ESM2 full-sequence masked pseudo-log-likelihood	-877.4935554731637	-912.0515815420076	-34.5580260688439	-2.7336247834054945	-2.763792671339417	-0.030167887933922444	-29.226345539093018	-3.247371726565891	completed		128	NVIDIA GeForce RTX 3090	gpu15	288.0	0.10031347962382442
G196_practical_GS	GSDLVPRGS	9	296|297	330	esm2_t6_8M_UR50D	fair-esm pretrained esm2_t6_8M_UR50D	ESM2 full-sequence masked pseudo-log-likelihood	-877.4935554731637	-910.3673249762505	-32.873769503086805	-2.7336247834054945	-2.7586888635643954	-0.025064080158900826	-28.692935705184937	-3.1881039672427707	completed		128	NVIDIA GeForce RTX 3090	gpu15	265.0	0.1724137931034483
G196_practical_GS	GSDLVPRGS	9	297|298	330	esm2_t6_8M_UR50D	fair-esm pretrained esm2_t6_8M_UR50D	ESM2 full-sequence masked pseudo-log-likelihood	-877.4935554731637	-910.4996096640825	-33.0060541909188	-2.7336247834054945	-2.7590897262547953	-0.025464942849300787	-28.433693408966064	-3.159299267662896	completed		128	NVIDIA GeForce RTX 3090	gpu15	267.0	0.16614420062695923
G196_practical_GS	GSDLVPRGS	9	298|299	330	esm2_t6_8M_UR50D	fair-esm pretrained esm2_t6_8M_UR50D	ESM2 full-sequence masked pseudo-log-likelihood	-877.4935554731637	-910.9145727762952	-33.42101730313152	-2.7336247834054945	-2.760347190231198	-0.02672240682570326	-28.947184324264526	-3.2163538138071694	completed		128	NVIDIA GeForce RTX 3090	gpu15	276.0	0.13793103448275867
G196_practical_GS	GSDLVPRGS	9	299|300	330	esm2_t6_8M_UR50D	fair-esm pretrained esm2_t6_8M_UR50D	ESM2 full-sequence masked pseudo-log-likelihood	-877.4935554731637	-910.5690483152866	-33.07549284212291	-2.7336247834054945	-2.7593001464099594	-0.025675363004464824	-28.168229818344116	-3.1298033131493463	completed		128	NVIDIA GeForce RTX 3090	gpu15	269.0	0.15987460815047017
G196_practical_GS	GSDLVPRGS	9	300|301	330	esm2_t6_8M_UR50D	fair-esm pretrained esm2_t6_8M_UR50D	ESM2 full-sequence masked pseudo-log-likelihood	-877.4935554731637	-909.8548857998103	-32.361330326646566	-2.7336247834054945	-2.7571360175751827	-0.023511234169688144	-27.929049968719482	-3.1032277743021646	completed		128	NVIDIA GeForce RTX 3090	gpu15	255.0	0.20376175548589337
G196_practical_GS	GSDLVPRGS	9	301|302	330	esm2_t6_8M_UR50D	fair-esm pretrained esm2_t6_8M_UR50D	ESM2 full-sequence masked pseudo-log-likelihood	-877.4935554731637	-909.8670783266425	-32.37352285347879	-2.7336247834054945	-2.7571729646261893	-0.023548181220694797	-28.37928307056427	-3.153253674507141	completed		128	NVIDIA GeForce RTX 3090	gpu15	256.0	0.20062695924764895
G196_practical_GS	GSDLVPRGS	9	302|303	330	esm2_t6_8M_UR50D	fair-esm pretrained esm2_t6_8M_UR50D	ESM2 full-sequence masked pseudo-log-likelihood	-877.4935554731637	-906.4427006421611	-28.949145168997347	-2.7336247834054945	-2.7467960625520034	-0.01317127914650884	-27.403032541275024	-3.0447813934750028	completed		128	NVIDIA GeForce RTX 3090	gpu15	166.0	0.48275862068965514
G196_practical_GS	GSDLVPRGS	9	303|304	330	esm2_t6_8M_UR50D	fair-esm pretrained esm2_t6_8M_UR50D	ESM2 full-sequence masked pseudo-log-likelihood	-877.4935554731637	-904.7119128582999	-27.218357385136187	-2.7336247834054945	-2.7415512510857574	-0.007926467680262839	-26.25440549850464	-2.9171561665005155	completed		128	NVIDIA GeForce RTX 3090	gpu15	92.0	0.7147335423197492
G196_practical_GS	GSDLVPRGS	9	304|305	330	esm2_t6_8M_UR50D	fair-esm pretrained esm2_t6_8M_UR50D	ESM2 full-sequence masked pseudo-log-likelihood	-877.4935554731637	-906.8030137047172	-29.309458231553435	-2.7336247834054945	-2.7478879203173245	-0.01426313691183001	-27.185412645339966	-3.020601405037774	completed		128	NVIDIA GeForce RTX 3090	gpu15	183.0	0.42946708463949845
G196_practical_GS	GSDLVPRGS	9	305|306	330	esm2_t6_8M_UR50D	fair-esm pretrained esm2_t6_8M_UR50D	ESM2 full-sequence masked pseudo-log-likelihood	-877.4935554731637	-906.2961621796712	-28.802606706507504	-2.7336247834054945	-2.7463520066050644	-0.01272722319956987	-26.403132677078247	-2.9336814085642495	completed		128	NVIDIA GeForce RTX 3090	gpu15	162.0	0.49529780564263326
G196_practical_GS	GSDLVPRGS	9	306|307	330	esm2_t6_8M_UR50D	fair-esm pretrained esm2_t6_8M_UR50D	ESM2 full-sequence masked pseudo-log-likelihood	-877.4935554731637	-903.3019764265046	-25.80842095334083	-2.7336247834054945	-2.7372787164439534	-0.0036539330384588453	-24.888692378997803	-2.7654102643330893	completed		128	NVIDIA GeForce RTX 3090	gpu15	50.0	0.8463949843260188
G196_practical_GS	GSDLVPRGS	9	307|308	330	esm2_t6_8M_UR50D	fair-esm pretrained esm2_t6_8M_UR50D	ESM2 full-sequence masked pseudo-log-likelihood	-877.4935554731637	-905.6575529193506	-28.16399744618684	-2.7336247834054945	-2.744416827028335	-0.010792043622840364	-25.425667762756348	-2.8250741958618164	completed		128	NVIDIA GeForce RTX 3090	gpu15	131.0	0.5924764890282131
G196_practical_GS	GSDLVPRGS	9	308|309	330	esm2_t6_8M_UR50D	fair-esm pretrained esm2_t6_8M_UR50D	ESM2 full-sequence masked pseudo-log-likelihood	-877.4935554731637	-905.7861821902916	-28.29262671712786	-2.7336247834054945	-2.7448066126978534	-0.011181829292358891	-26.19427251815796	-2.9104747242397733	completed		128	NVIDIA GeForce RTX 3090	gpu15	139.0	0.567398119122257
G196_practical_GS	GSDLVPRGS	9	309|310	330	esm2_t6_8M_UR50D	fair-esm pretrained esm2_t6_8M_UR50D	ESM2 full-sequence masked pseudo-log-likelihood	-877.4935554731637	-903.4541176967323	-25.96056222356856	-2.7336247834054945	-2.7377397505961585	-0.004114967190663954	-26.26349711418152	-2.9181663460201688	completed		128	NVIDIA GeForce RTX 3090	gpu15	56.0	0.8275862068965517
G196_practical_GS	GSDLVPRGS	9	310|311	330	esm2_t6_8M_UR50D	fair-esm pretrained esm2_t6_8M_UR50D	ESM2 full-sequence masked pseudo-log-likelihood	-877.4935554731637	-903.2169092940167	-25.723353820852935	-2.7336247834054945	-2.737020937254596	-0.003396153849101413	-26.01814913749695	-2.8909054597218833	completed		128	NVIDIA GeForce RTX 3090	gpu15	45.0	0.8620689655172413
G196_practical_GS	GSDLVPRGS	9	311|312	330	esm2_t6_8M_UR50D	fair-esm pretrained esm2_t6_8M_UR50D	ESM2 full-sequence masked pseudo-log-likelihood	-877.4935554731637	-902.9945052722469	-25.500949799083173	-2.7336247834054945	-2.7363469856734755	-0.002722202267980922	-26.021337270736694	-2.891259696748522	completed		128	NVIDIA GeForce RTX 3090	gpu15	41.0	0.8746081504702194
G196_practical_GS	GSDLVPRGS	9	312|313	330	esm2_t6_8M_UR50D	fair-esm pretrained esm2_t6_8M_UR50D	ESM2 full-sequence masked pseudo-log-likelihood	-877.4935554731637	-904.8912448147312	-27.397689341567457	-2.7336247834054945	-2.742094681256761	-0.008469897851266506	-26.76767325401306	-2.974185917112562	completed		128	NVIDIA GeForce RTX 3090	gpu15	100.0	0.6896551724137931
G196_practical_GS	GSDLVPRGS	9	313|314	330	esm2_t6_8M_UR50D	fair-esm pretrained esm2_t6_8M_UR50D	ESM2 full-sequence masked pseudo-log-likelihood	-877.4935554731637	-905.0935504054651	-27.599994932301342	-2.7336247834054945	-2.742707728501409	-0.009082945095914674	-27.334461450576782	-3.0371623833974204	completed		128	NVIDIA GeForce RTX 3090	gpu15	108.0	0.664576802507837
G196_practical_GS	GSDLVPRGS	9	314|315	330	esm2_t6_8M_UR50D	fair-esm pretrained esm2_t6_8M_UR50D	ESM2 full-sequence masked pseudo-log-likelihood	-877.4935554731637	-903.2640370028093	-25.770481529645622	-2.7336247834054945	-2.7371637484933617	-0.0035389650878672185	-25.971912384033203	-2.885768042670356	completed		128	NVIDIA GeForce RTX 3090	gpu15	47.0	0.8557993730407524
G196_practical_GS	GSDLVPRGS	9	315|316	330	esm2_t6_8M_UR50D	fair-esm pretrained esm2_t6_8M_UR50D	ESM2 full-sequence masked pseudo-log-likelihood	-877.4935554731637	-902.9116734201089	-25.41811794694513	-2.7336247834054945	-2.736095980060936	-0.0024711966554415987	-26.26470708847046	-2.9183007876078286	completed		128	NVIDIA GeForce RTX 3090	gpu15	38.0	0.8840125391849529
G196_practical_GS	GSDLVPRGS	9	316|317	330	esm2_t6_8M_UR50D	fair-esm pretrained esm2_t6_8M_UR50D	ESM2 full-sequence masked pseudo-log-likelihood	-877.4935554731637	-905.7155053140596	-28.22194984089583	-2.7336247834054945	-2.744592440345635	-0.010967656940140458	-26.813493967056274	-2.979277107450697	completed		128	NVIDIA GeForce RTX 3090	gpu15	135.0	0.5799373040752351
G196_practical_GS	GSDLVPRGS	9	317|318	330	esm2_t6_8M_UR50D	fair-esm pretrained esm2_t6_8M_UR50D	ESM2 full-sequence masked pseudo-log-likelihood	-877.4935554731637	-904.0303718857467	-26.536816412582994	-2.7336247834054945	-2.7394859754113536	-0.005861192005859106	-25.858537673950195	-2.873170852661133	completed		128	NVIDIA GeForce RTX 3090	gpu15	74.0	0.7711598746081505
G196_practical_GS	GSDLVPRGS	9	318|319	330	esm2_t6_8M_UR50D	fair-esm pretrained esm2_t6_8M_UR50D	ESM2 full-sequence masked pseudo-log-likelihood	-877.4935554731637	-903.8372842269018	-26.343728753738105	-2.7336247834054945	-2.738900861293642	-0.005276077888147324	-26.22535514831543	-2.9139283498128257	completed		128	NVIDIA GeForce RTX 3090	gpu15	66.0	0.7962382445141065
G196_practical_GS	GSDLVPRGS	9	319|320	330	esm2_t6_8M_UR50D	fair-esm pretrained esm2_t6_8M_UR50D	ESM2 full-sequence masked pseudo-log-likelihood	-877.4935554731637	-906.2950766067952	-28.801521133631468	-2.7336247834054945	-2.7463487169902883	-0.012723933584793734	-26.989860773086548	-2.9988734192318387	completed		128	NVIDIA GeForce RTX 3090	gpu15	161.0	0.4984326018808778
G196_practical_GS	GSDLVPRGS	9	320|321	330	esm2_t6_8M_UR50D	fair-esm pretrained esm2_t6_8M_UR50D	ESM2 full-sequence masked pseudo-log-likelihood	-877.4935554731637	-902.481269323267	-24.98771385010332	-2.7336247834054945	-2.7347917252220215	-0.0011669418165269896	-25.38682794570923	-2.820758660634359	completed		128	NVIDIA GeForce RTX 3090	gpu15	30.0	0.9090909090909091
