tag_form	tag_sequence	tag_length	a89_junction	inserted_sequence_length	plm_model	plm_score_wt	plm_score_inserted	plm_delta_insert_minus_wt	plm_status	blocker
MAP8	GDGMVPPG	8	1|2	329					blocked_software_unavailable	No visible GPU/torch/transformers/esm; torch-transformers install rejected by platform usage-limit escalation.
MAP8	GDGMVPPG	8	2|3	329					blocked_software_unavailable	No visible GPU/torch/transformers/esm; torch-transformers install rejected by platform usage-limit escalation.
MAP8	GDGMVPPG	8	3|4	329					blocked_software_unavailable	No visible GPU/torch/transformers/esm; torch-transformers install rejected by platform usage-limit escalation.
MAP8	GDGMVPPG	8	4|5	329					blocked_software_unavailable	No visible GPU/torch/transformers/esm; torch-transformers install rejected by platform usage-limit escalation.
MAP8	GDGMVPPG	8	5|6	329					blocked_software_unavailable	No visible GPU/torch/transformers/esm; torch-transformers install rejected by platform usage-limit escalation.
MAP8	GDGMVPPG	8	6|7	329					blocked_software_unavailable	No visible GPU/torch/transformers/esm; torch-transformers install rejected by platform usage-limit escalation.
MAP8	GDGMVPPG	8	7|8	329					blocked_software_unavailable	No visible GPU/torch/transformers/esm; torch-transformers install rejected by platform usage-limit escalation.
MAP8	GDGMVPPG	8	8|9	329					blocked_software_unavailable	No visible GPU/torch/transformers/esm; torch-transformers install rejected by platform usage-limit escalation.
MAP8	GDGMVPPG	8	9|10	329					blocked_software_unavailable	No visible GPU/torch/transformers/esm; torch-transformers install rejected by platform usage-limit escalation.
MAP8	GDGMVPPG	8	10|11	329					blocked_software_unavailable	No visible GPU/torch/transformers/esm; torch-transformers install rejected by platform usage-limit escalation.
MAP8	GDGMVPPG	8	11|12	329					blocked_software_unavailable	No visible GPU/torch/transformers/esm; torch-transformers install rejected by platform usage-limit escalation.
MAP8	GDGMVPPG	8	12|13	329					blocked_software_unavailable	No visible GPU/torch/transformers/esm; torch-transformers install rejected by platform usage-limit escalation.
MAP8	GDGMVPPG	8	13|14	329					blocked_software_unavailable	No visible GPU/torch/transformers/esm; torch-transformers install rejected by platform usage-limit escalation.
MAP8	GDGMVPPG	8	14|15	329					blocked_software_unavailable	No visible GPU/torch/transformers/esm; torch-transformers install rejected by platform usage-limit escalation.
MAP8	GDGMVPPG	8	15|16	329					blocked_software_unavailable	No visible GPU/torch/transformers/esm; torch-transformers install rejected by platform usage-limit escalation.
MAP8	GDGMVPPG	8	16|17	329					blocked_software_unavailable	No visible GPU/torch/transformers/esm; torch-transformers install rejected by platform usage-limit escalation.
MAP8	GDGMVPPG	8	17|18	329					blocked_software_unavailable	No visible GPU/torch/transformers/esm; torch-transformers install rejected by platform usage-limit escalation.
MAP8	GDGMVPPG	8	18|19	329					blocked_software_unavailable	No visible GPU/torch/transformers/esm; torch-transformers install rejected by platform usage-limit escalation.
MAP8	GDGMVPPG	8	19|20	329					blocked_software_unavailable	No visible GPU/torch/transformers/esm; torch-transformers install rejected by platform usage-limit escalation.
MAP8	GDGMVPPG	8	20|21	329					blocked_software_unavailable	No visible GPU/torch/transformers/esm; torch-transformers install rejected by platform usage-limit escalation.
MAP8	GDGMVPPG	8	21|22	329					blocked_software_unavailable	No visible GPU/torch/transformers/esm; torch-transformers install rejected by platform usage-limit escalation.
MAP8	GDGMVPPG	8	22|23	329					blocked_software_unavailable	No visible GPU/torch/transformers/esm; torch-transformers install rejected by platform usage-limit escalation.
MAP8	GDGMVPPG	8	23|24	329					blocked_software_unavailable	No visible GPU/torch/transformers/esm; torch-transformers install rejected by platform usage-limit escalation.
MAP8	GDGMVPPG	8	24|25	329					blocked_software_unavailable	No visible GPU/torch/transformers/esm; torch-transformers install rejected by platform usage-limit escalation.
MAP8	GDGMVPPG	8	25|26	329					blocked_software_unavailable	No visible GPU/torch/transformers/esm; torch-transformers install rejected by platform usage-limit escalation.
MAP8	GDGMVPPG	8	26|27	329					blocked_software_unavailable	No visible GPU/torch/transformers/esm; torch-transformers install rejected by platform usage-limit escalation.
MAP8	GDGMVPPG	8	27|28	329					blocked_software_unavailable	No visible GPU/torch/transformers/esm; torch-transformers install rejected by platform usage-limit escalation.
MAP8	GDGMVPPG	8	28|29	329					blocked_software_unavailable	No visible GPU/torch/transformers/esm; torch-transformers install rejected by platform usage-limit escalation.
MAP8	GDGMVPPG	8	29|30	329					blocked_software_unavailable	No visible GPU/torch/transformers/esm; torch-transformers install rejected by platform usage-limit escalation.
MAP8	GDGMVPPG	8	30|31	329					blocked_software_unavailable	No visible GPU/torch/transformers/esm; torch-transformers install rejected by platform usage-limit escalation.
MAP8	GDGMVPPG	8	31|32	329					blocked_software_unavailable	No visible GPU/torch/transformers/esm; torch-transformers install rejected by platform usage-limit escalation.
MAP8	GDGMVPPG	8	32|33	329					blocked_software_unavailable	No visible GPU/torch/transformers/esm; torch-transformers install rejected by platform usage-limit escalation.
MAP8	GDGMVPPG	8	33|34	329					blocked_software_unavailable	No visible GPU/torch/transformers/esm; torch-transformers install rejected by platform usage-limit escalation.
MAP8	GDGMVPPG	8	34|35	329					blocked_software_unavailable	No visible GPU/torch/transformers/esm; torch-transformers install rejected by platform usage-limit escalation.
MAP8	GDGMVPPG	8	35|36	329					blocked_software_unavailable	No visible GPU/torch/transformers/esm; torch-transformers install rejected by platform usage-limit escalation.
MAP8	GDGMVPPG	8	36|37	329					blocked_software_unavailable	No visible GPU/torch/transformers/esm; torch-transformers install rejected by platform usage-limit escalation.
MAP8	GDGMVPPG	8	37|38	329					blocked_software_unavailable	No visible GPU/torch/transformers/esm; torch-transformers install rejected by platform usage-limit escalation.
MAP8	GDGMVPPG	8	38|39	329					blocked_software_unavailable	No visible GPU/torch/transformers/esm; torch-transformers install rejected by platform usage-limit escalation.
MAP8	GDGMVPPG	8	39|40	329					blocked_software_unavailable	No visible GPU/torch/transformers/esm; torch-transformers install rejected by platform usage-limit escalation.
MAP8	GDGMVPPG	8	40|41	329					blocked_software_unavailable	No visible GPU/torch/transformers/esm; torch-transformers install rejected by platform usage-limit escalation.
MAP8	GDGMVPPG	8	41|42	329					blocked_software_unavailable	No visible GPU/torch/transformers/esm; torch-transformers install rejected by platform usage-limit escalation.
MAP8	GDGMVPPG	8	42|43	329					blocked_software_unavailable	No visible GPU/torch/transformers/esm; torch-transformers install rejected by platform usage-limit escalation.
MAP8	GDGMVPPG	8	43|44	329					blocked_software_unavailable	No visible GPU/torch/transformers/esm; torch-transformers install rejected by platform usage-limit escalation.
MAP8	GDGMVPPG	8	44|45	329					blocked_software_unavailable	No visible GPU/torch/transformers/esm; torch-transformers install rejected by platform usage-limit escalation.
MAP8	GDGMVPPG	8	45|46	329					blocked_software_unavailable	No visible GPU/torch/transformers/esm; torch-transformers install rejected by platform usage-limit escalation.
MAP8	GDGMVPPG	8	46|47	329					blocked_software_unavailable	No visible GPU/torch/transformers/esm; torch-transformers install rejected by platform usage-limit escalation.
MAP8	GDGMVPPG	8	47|48	329					blocked_software_unavailable	No visible GPU/torch/transformers/esm; torch-transformers install rejected by platform usage-limit escalation.
MAP8	GDGMVPPG	8	48|49	329					blocked_software_unavailable	No visible GPU/torch/transformers/esm; torch-transformers install rejected by platform usage-limit escalation.
MAP8	GDGMVPPG	8	49|50	329					blocked_software_unavailable	No visible GPU/torch/transformers/esm; torch-transformers install rejected by platform usage-limit escalation.
MAP8	GDGMVPPG	8	50|51	329					blocked_software_unavailable	No visible GPU/torch/transformers/esm; torch-transformers install rejected by platform usage-limit escalation.
MAP8	GDGMVPPG	8	51|52	329					blocked_software_unavailable	No visible GPU/torch/transformers/esm; torch-transformers install rejected by platform usage-limit escalation.
MAP8	GDGMVPPG	8	52|53	329					blocked_software_unavailable	No visible GPU/torch/transformers/esm; torch-transformers install rejected by platform usage-limit escalation.
MAP8	GDGMVPPG	8	53|54	329					blocked_software_unavailable	No visible GPU/torch/transformers/esm; torch-transformers install rejected by platform usage-limit escalation.
MAP8	GDGMVPPG	8	54|55	329					blocked_software_unavailable	No visible GPU/torch/transformers/esm; torch-transformers install rejected by platform usage-limit escalation.
MAP8	GDGMVPPG	8	55|56	329					blocked_software_unavailable	No visible GPU/torch/transformers/esm; torch-transformers install rejected by platform usage-limit escalation.
MAP8	GDGMVPPG	8	56|57	329					blocked_software_unavailable	No visible GPU/torch/transformers/esm; torch-transformers install rejected by platform usage-limit escalation.
MAP8	GDGMVPPG	8	57|58	329					blocked_software_unavailable	No visible GPU/torch/transformers/esm; torch-transformers install rejected by platform usage-limit escalation.
MAP8	GDGMVPPG	8	58|59	329					blocked_software_unavailable	No visible GPU/torch/transformers/esm; torch-transformers install rejected by platform usage-limit escalation.
MAP8	GDGMVPPG	8	59|60	329					blocked_software_unavailable	No visible GPU/torch/transformers/esm; torch-transformers install rejected by platform usage-limit escalation.
MAP8	GDGMVPPG	8	60|61	329					blocked_software_unavailable	No visible GPU/torch/transformers/esm; torch-transformers install rejected by platform usage-limit escalation.
MAP8	GDGMVPPG	8	61|62	329					blocked_software_unavailable	No visible GPU/torch/transformers/esm; torch-transformers install rejected by platform usage-limit escalation.
MAP8	GDGMVPPG	8	62|63	329					blocked_software_unavailable	No visible GPU/torch/transformers/esm; torch-transformers install rejected by platform usage-limit escalation.
MAP8	GDGMVPPG	8	63|64	329					blocked_software_unavailable	No visible GPU/torch/transformers/esm; torch-transformers install rejected by platform usage-limit escalation.
MAP8	GDGMVPPG	8	64|65	329					blocked_software_unavailable	No visible GPU/torch/transformers/esm; torch-transformers install rejected by platform usage-limit escalation.
MAP8	GDGMVPPG	8	65|66	329					blocked_software_unavailable	No visible GPU/torch/transformers/esm; torch-transformers install rejected by platform usage-limit escalation.
MAP8	GDGMVPPG	8	66|67	329					blocked_software_unavailable	No visible GPU/torch/transformers/esm; torch-transformers install rejected by platform usage-limit escalation.
MAP8	GDGMVPPG	8	67|68	329					blocked_software_unavailable	No visible GPU/torch/transformers/esm; torch-transformers install rejected by platform usage-limit escalation.
MAP8	GDGMVPPG	8	68|69	329					blocked_software_unavailable	No visible GPU/torch/transformers/esm; torch-transformers install rejected by platform usage-limit escalation.
MAP8	GDGMVPPG	8	69|70	329					blocked_software_unavailable	No visible GPU/torch/transformers/esm; torch-transformers install rejected by platform usage-limit escalation.
MAP8	GDGMVPPG	8	70|71	329					blocked_software_unavailable	No visible GPU/torch/transformers/esm; torch-transformers install rejected by platform usage-limit escalation.
MAP8	GDGMVPPG	8	71|72	329					blocked_software_unavailable	No visible GPU/torch/transformers/esm; torch-transformers install rejected by platform usage-limit escalation.
MAP8	GDGMVPPG	8	72|73	329					blocked_software_unavailable	No visible GPU/torch/transformers/esm; torch-transformers install rejected by platform usage-limit escalation.
MAP8	GDGMVPPG	8	73|74	329					blocked_software_unavailable	No visible GPU/torch/transformers/esm; torch-transformers install rejected by platform usage-limit escalation.
MAP8	GDGMVPPG	8	74|75	329					blocked_software_unavailable	No visible GPU/torch/transformers/esm; torch-transformers install rejected by platform usage-limit escalation.
MAP8	GDGMVPPG	8	75|76	329					blocked_software_unavailable	No visible GPU/torch/transformers/esm; torch-transformers install rejected by platform usage-limit escalation.
MAP8	GDGMVPPG	8	76|77	329					blocked_software_unavailable	No visible GPU/torch/transformers/esm; torch-transformers install rejected by platform usage-limit escalation.
MAP8	GDGMVPPG	8	77|78	329					blocked_software_unavailable	No visible GPU/torch/transformers/esm; torch-transformers install rejected by platform usage-limit escalation.
MAP8	GDGMVPPG	8	78|79	329					blocked_software_unavailable	No visible GPU/torch/transformers/esm; torch-transformers install rejected by platform usage-limit escalation.
MAP8	GDGMVPPG	8	79|80	329					blocked_software_unavailable	No visible GPU/torch/transformers/esm; torch-transformers install rejected by platform usage-limit escalation.
MAP8	GDGMVPPG	8	80|81	329					blocked_software_unavailable	No visible GPU/torch/transformers/esm; torch-transformers install rejected by platform usage-limit escalation.
MAP8	GDGMVPPG	8	81|82	329					blocked_software_unavailable	No visible GPU/torch/transformers/esm; torch-transformers install rejected by platform usage-limit escalation.
MAP8	GDGMVPPG	8	82|83	329					blocked_software_unavailable	No visible GPU/torch/transformers/esm; torch-transformers install rejected by platform usage-limit escalation.
MAP8	GDGMVPPG	8	83|84	329					blocked_software_unavailable	No visible GPU/torch/transformers/esm; torch-transformers install rejected by platform usage-limit escalation.
MAP8	GDGMVPPG	8	84|85	329					blocked_software_unavailable	No visible GPU/torch/transformers/esm; torch-transformers install rejected by platform usage-limit escalation.
MAP8	GDGMVPPG	8	85|86	329					blocked_software_unavailable	No visible GPU/torch/transformers/esm; torch-transformers install rejected by platform usage-limit escalation.
MAP8	GDGMVPPG	8	86|87	329					blocked_software_unavailable	No visible GPU/torch/transformers/esm; torch-transformers install rejected by platform usage-limit escalation.
MAP8	GDGMVPPG	8	87|88	329					blocked_software_unavailable	No visible GPU/torch/transformers/esm; torch-transformers install rejected by platform usage-limit escalation.
MAP8	GDGMVPPG	8	88|89	329					blocked_software_unavailable	No visible GPU/torch/transformers/esm; torch-transformers install rejected by platform usage-limit escalation.
MAP8	GDGMVPPG	8	89|90	329					blocked_software_unavailable	No visible GPU/torch/transformers/esm; torch-transformers install rejected by platform usage-limit escalation.
MAP8	GDGMVPPG	8	90|91	329					blocked_software_unavailable	No visible GPU/torch/transformers/esm; torch-transformers install rejected by platform usage-limit escalation.
MAP8	GDGMVPPG	8	91|92	329					blocked_software_unavailable	No visible GPU/torch/transformers/esm; torch-transformers install rejected by platform usage-limit escalation.
MAP8	GDGMVPPG	8	92|93	329					blocked_software_unavailable	No visible GPU/torch/transformers/esm; torch-transformers install rejected by platform usage-limit escalation.
MAP8	GDGMVPPG	8	93|94	329					blocked_software_unavailable	No visible GPU/torch/transformers/esm; torch-transformers install rejected by platform usage-limit escalation.
MAP8	GDGMVPPG	8	94|95	329					blocked_software_unavailable	No visible GPU/torch/transformers/esm; torch-transformers install rejected by platform usage-limit escalation.
MAP8	GDGMVPPG	8	95|96	329					blocked_software_unavailable	No visible GPU/torch/transformers/esm; torch-transformers install rejected by platform usage-limit escalation.
MAP8	GDGMVPPG	8	96|97	329					blocked_software_unavailable	No visible GPU/torch/transformers/esm; torch-transformers install rejected by platform usage-limit escalation.
MAP8	GDGMVPPG	8	97|98	329					blocked_software_unavailable	No visible GPU/torch/transformers/esm; torch-transformers install rejected by platform usage-limit escalation.
MAP8	GDGMVPPG	8	98|99	329					blocked_software_unavailable	No visible GPU/torch/transformers/esm; torch-transformers install rejected by platform usage-limit escalation.
MAP8	GDGMVPPG	8	99|100	329					blocked_software_unavailable	No visible GPU/torch/transformers/esm; torch-transformers install rejected by platform usage-limit escalation.
MAP8	GDGMVPPG	8	100|101	329					blocked_software_unavailable	No visible GPU/torch/transformers/esm; torch-transformers install rejected by platform usage-limit escalation.
MAP8	GDGMVPPG	8	101|102	329					blocked_software_unavailable	No visible GPU/torch/transformers/esm; torch-transformers install rejected by platform usage-limit escalation.
MAP8	GDGMVPPG	8	102|103	329					blocked_software_unavailable	No visible GPU/torch/transformers/esm; torch-transformers install rejected by platform usage-limit escalation.
MAP8	GDGMVPPG	8	103|104	329					blocked_software_unavailable	No visible GPU/torch/transformers/esm; torch-transformers install rejected by platform usage-limit escalation.
MAP8	GDGMVPPG	8	104|105	329					blocked_software_unavailable	No visible GPU/torch/transformers/esm; torch-transformers install rejected by platform usage-limit escalation.
MAP8	GDGMVPPG	8	105|106	329					blocked_software_unavailable	No visible GPU/torch/transformers/esm; torch-transformers install rejected by platform usage-limit escalation.
MAP8	GDGMVPPG	8	106|107	329					blocked_software_unavailable	No visible GPU/torch/transformers/esm; torch-transformers install rejected by platform usage-limit escalation.
MAP8	GDGMVPPG	8	107|108	329					blocked_software_unavailable	No visible GPU/torch/transformers/esm; torch-transformers install rejected by platform usage-limit escalation.
MAP8	GDGMVPPG	8	108|109	329					blocked_software_unavailable	No visible GPU/torch/transformers/esm; torch-transformers install rejected by platform usage-limit escalation.
MAP8	GDGMVPPG	8	109|110	329					blocked_software_unavailable	No visible GPU/torch/transformers/esm; torch-transformers install rejected by platform usage-limit escalation.
MAP8	GDGMVPPG	8	110|111	329					blocked_software_unavailable	No visible GPU/torch/transformers/esm; torch-transformers install rejected by platform usage-limit escalation.
MAP8	GDGMVPPG	8	111|112	329					blocked_software_unavailable	No visible GPU/torch/transformers/esm; torch-transformers install rejected by platform usage-limit escalation.
MAP8	GDGMVPPG	8	112|113	329					blocked_software_unavailable	No visible GPU/torch/transformers/esm; torch-transformers install rejected by platform usage-limit escalation.
MAP8	GDGMVPPG	8	113|114	329					blocked_software_unavailable	No visible GPU/torch/transformers/esm; torch-transformers install rejected by platform usage-limit escalation.
MAP8	GDGMVPPG	8	114|115	329					blocked_software_unavailable	No visible GPU/torch/transformers/esm; torch-transformers install rejected by platform usage-limit escalation.
MAP8	GDGMVPPG	8	115|116	329					blocked_software_unavailable	No visible GPU/torch/transformers/esm; torch-transformers install rejected by platform usage-limit escalation.
MAP8	GDGMVPPG	8	116|117	329					blocked_software_unavailable	No visible GPU/torch/transformers/esm; torch-transformers install rejected by platform usage-limit escalation.
MAP8	GDGMVPPG	8	117|118	329					blocked_software_unavailable	No visible GPU/torch/transformers/esm; torch-transformers install rejected by platform usage-limit escalation.
MAP8	GDGMVPPG	8	118|119	329					blocked_software_unavailable	No visible GPU/torch/transformers/esm; torch-transformers install rejected by platform usage-limit escalation.
MAP8	GDGMVPPG	8	119|120	329					blocked_software_unavailable	No visible GPU/torch/transformers/esm; torch-transformers install rejected by platform usage-limit escalation.
MAP8	GDGMVPPG	8	120|121	329					blocked_software_unavailable	No visible GPU/torch/transformers/esm; torch-transformers install rejected by platform usage-limit escalation.
MAP8	GDGMVPPG	8	121|122	329					blocked_software_unavailable	No visible GPU/torch/transformers/esm; torch-transformers install rejected by platform usage-limit escalation.
MAP8	GDGMVPPG	8	122|123	329					blocked_software_unavailable	No visible GPU/torch/transformers/esm; torch-transformers install rejected by platform usage-limit escalation.
MAP8	GDGMVPPG	8	123|124	329					blocked_software_unavailable	No visible GPU/torch/transformers/esm; torch-transformers install rejected by platform usage-limit escalation.
MAP8	GDGMVPPG	8	124|125	329					blocked_software_unavailable	No visible GPU/torch/transformers/esm; torch-transformers install rejected by platform usage-limit escalation.
MAP8	GDGMVPPG	8	125|126	329					blocked_software_unavailable	No visible GPU/torch/transformers/esm; torch-transformers install rejected by platform usage-limit escalation.
MAP8	GDGMVPPG	8	126|127	329					blocked_software_unavailable	No visible GPU/torch/transformers/esm; torch-transformers install rejected by platform usage-limit escalation.
MAP8	GDGMVPPG	8	127|128	329					blocked_software_unavailable	No visible GPU/torch/transformers/esm; torch-transformers install rejected by platform usage-limit escalation.
MAP8	GDGMVPPG	8	128|129	329					blocked_software_unavailable	No visible GPU/torch/transformers/esm; torch-transformers install rejected by platform usage-limit escalation.
MAP8	GDGMVPPG	8	129|130	329					blocked_software_unavailable	No visible GPU/torch/transformers/esm; torch-transformers install rejected by platform usage-limit escalation.
MAP8	GDGMVPPG	8	130|131	329					blocked_software_unavailable	No visible GPU/torch/transformers/esm; torch-transformers install rejected by platform usage-limit escalation.
MAP8	GDGMVPPG	8	131|132	329					blocked_software_unavailable	No visible GPU/torch/transformers/esm; torch-transformers install rejected by platform usage-limit escalation.
MAP8	GDGMVPPG	8	132|133	329					blocked_software_unavailable	No visible GPU/torch/transformers/esm; torch-transformers install rejected by platform usage-limit escalation.
MAP8	GDGMVPPG	8	133|134	329					blocked_software_unavailable	No visible GPU/torch/transformers/esm; torch-transformers install rejected by platform usage-limit escalation.
MAP8	GDGMVPPG	8	134|135	329					blocked_software_unavailable	No visible GPU/torch/transformers/esm; torch-transformers install rejected by platform usage-limit escalation.
MAP8	GDGMVPPG	8	135|136	329					blocked_software_unavailable	No visible GPU/torch/transformers/esm; torch-transformers install rejected by platform usage-limit escalation.
MAP8	GDGMVPPG	8	136|137	329					blocked_software_unavailable	No visible GPU/torch/transformers/esm; torch-transformers install rejected by platform usage-limit escalation.
MAP8	GDGMVPPG	8	137|138	329					blocked_software_unavailable	No visible GPU/torch/transformers/esm; torch-transformers install rejected by platform usage-limit escalation.
MAP8	GDGMVPPG	8	138|139	329					blocked_software_unavailable	No visible GPU/torch/transformers/esm; torch-transformers install rejected by platform usage-limit escalation.
MAP8	GDGMVPPG	8	139|140	329					blocked_software_unavailable	No visible GPU/torch/transformers/esm; torch-transformers install rejected by platform usage-limit escalation.
MAP8	GDGMVPPG	8	140|141	329					blocked_software_unavailable	No visible GPU/torch/transformers/esm; torch-transformers install rejected by platform usage-limit escalation.
MAP8	GDGMVPPG	8	141|142	329					blocked_software_unavailable	No visible GPU/torch/transformers/esm; torch-transformers install rejected by platform usage-limit escalation.
MAP8	GDGMVPPG	8	142|143	329					blocked_software_unavailable	No visible GPU/torch/transformers/esm; torch-transformers install rejected by platform usage-limit escalation.
MAP8	GDGMVPPG	8	143|144	329					blocked_software_unavailable	No visible GPU/torch/transformers/esm; torch-transformers install rejected by platform usage-limit escalation.
MAP8	GDGMVPPG	8	144|145	329					blocked_software_unavailable	No visible GPU/torch/transformers/esm; torch-transformers install rejected by platform usage-limit escalation.
MAP8	GDGMVPPG	8	145|146	329					blocked_software_unavailable	No visible GPU/torch/transformers/esm; torch-transformers install rejected by platform usage-limit escalation.
MAP8	GDGMVPPG	8	146|147	329					blocked_software_unavailable	No visible GPU/torch/transformers/esm; torch-transformers install rejected by platform usage-limit escalation.
MAP8	GDGMVPPG	8	147|148	329					blocked_software_unavailable	No visible GPU/torch/transformers/esm; torch-transformers install rejected by platform usage-limit escalation.
MAP8	GDGMVPPG	8	148|149	329					blocked_software_unavailable	No visible GPU/torch/transformers/esm; torch-transformers install rejected by platform usage-limit escalation.
MAP8	GDGMVPPG	8	149|150	329					blocked_software_unavailable	No visible GPU/torch/transformers/esm; torch-transformers install rejected by platform usage-limit escalation.
MAP8	GDGMVPPG	8	150|151	329					blocked_software_unavailable	No visible GPU/torch/transformers/esm; torch-transformers install rejected by platform usage-limit escalation.
MAP8	GDGMVPPG	8	151|152	329					blocked_software_unavailable	No visible GPU/torch/transformers/esm; torch-transformers install rejected by platform usage-limit escalation.
MAP8	GDGMVPPG	8	152|153	329					blocked_software_unavailable	No visible GPU/torch/transformers/esm; torch-transformers install rejected by platform usage-limit escalation.
MAP8	GDGMVPPG	8	153|154	329					blocked_software_unavailable	No visible GPU/torch/transformers/esm; torch-transformers install rejected by platform usage-limit escalation.
MAP8	GDGMVPPG	8	154|155	329					blocked_software_unavailable	No visible GPU/torch/transformers/esm; torch-transformers install rejected by platform usage-limit escalation.
MAP8	GDGMVPPG	8	155|156	329					blocked_software_unavailable	No visible GPU/torch/transformers/esm; torch-transformers install rejected by platform usage-limit escalation.
MAP8	GDGMVPPG	8	156|157	329					blocked_software_unavailable	No visible GPU/torch/transformers/esm; torch-transformers install rejected by platform usage-limit escalation.
MAP8	GDGMVPPG	8	157|158	329					blocked_software_unavailable	No visible GPU/torch/transformers/esm; torch-transformers install rejected by platform usage-limit escalation.
MAP8	GDGMVPPG	8	158|159	329					blocked_software_unavailable	No visible GPU/torch/transformers/esm; torch-transformers install rejected by platform usage-limit escalation.
MAP8	GDGMVPPG	8	159|160	329					blocked_software_unavailable	No visible GPU/torch/transformers/esm; torch-transformers install rejected by platform usage-limit escalation.
MAP8	GDGMVPPG	8	160|161	329					blocked_software_unavailable	No visible GPU/torch/transformers/esm; torch-transformers install rejected by platform usage-limit escalation.
MAP8	GDGMVPPG	8	161|162	329					blocked_software_unavailable	No visible GPU/torch/transformers/esm; torch-transformers install rejected by platform usage-limit escalation.
MAP8	GDGMVPPG	8	162|163	329					blocked_software_unavailable	No visible GPU/torch/transformers/esm; torch-transformers install rejected by platform usage-limit escalation.
MAP8	GDGMVPPG	8	163|164	329					blocked_software_unavailable	No visible GPU/torch/transformers/esm; torch-transformers install rejected by platform usage-limit escalation.
MAP8	GDGMVPPG	8	164|165	329					blocked_software_unavailable	No visible GPU/torch/transformers/esm; torch-transformers install rejected by platform usage-limit escalation.
MAP8	GDGMVPPG	8	165|166	329					blocked_software_unavailable	No visible GPU/torch/transformers/esm; torch-transformers install rejected by platform usage-limit escalation.
MAP8	GDGMVPPG	8	166|167	329					blocked_software_unavailable	No visible GPU/torch/transformers/esm; torch-transformers install rejected by platform usage-limit escalation.
MAP8	GDGMVPPG	8	167|168	329					blocked_software_unavailable	No visible GPU/torch/transformers/esm; torch-transformers install rejected by platform usage-limit escalation.
MAP8	GDGMVPPG	8	168|169	329					blocked_software_unavailable	No visible GPU/torch/transformers/esm; torch-transformers install rejected by platform usage-limit escalation.
MAP8	GDGMVPPG	8	169|170	329					blocked_software_unavailable	No visible GPU/torch/transformers/esm; torch-transformers install rejected by platform usage-limit escalation.
MAP8	GDGMVPPG	8	170|171	329					blocked_software_unavailable	No visible GPU/torch/transformers/esm; torch-transformers install rejected by platform usage-limit escalation.
MAP8	GDGMVPPG	8	171|172	329					blocked_software_unavailable	No visible GPU/torch/transformers/esm; torch-transformers install rejected by platform usage-limit escalation.
MAP8	GDGMVPPG	8	172|173	329					blocked_software_unavailable	No visible GPU/torch/transformers/esm; torch-transformers install rejected by platform usage-limit escalation.
MAP8	GDGMVPPG	8	173|174	329					blocked_software_unavailable	No visible GPU/torch/transformers/esm; torch-transformers install rejected by platform usage-limit escalation.
MAP8	GDGMVPPG	8	174|175	329					blocked_software_unavailable	No visible GPU/torch/transformers/esm; torch-transformers install rejected by platform usage-limit escalation.
MAP8	GDGMVPPG	8	175|176	329					blocked_software_unavailable	No visible GPU/torch/transformers/esm; torch-transformers install rejected by platform usage-limit escalation.
MAP8	GDGMVPPG	8	176|177	329					blocked_software_unavailable	No visible GPU/torch/transformers/esm; torch-transformers install rejected by platform usage-limit escalation.
MAP8	GDGMVPPG	8	177|178	329					blocked_software_unavailable	No visible GPU/torch/transformers/esm; torch-transformers install rejected by platform usage-limit escalation.
MAP8	GDGMVPPG	8	178|179	329					blocked_software_unavailable	No visible GPU/torch/transformers/esm; torch-transformers install rejected by platform usage-limit escalation.
MAP8	GDGMVPPG	8	179|180	329					blocked_software_unavailable	No visible GPU/torch/transformers/esm; torch-transformers install rejected by platform usage-limit escalation.
MAP8	GDGMVPPG	8	180|181	329					blocked_software_unavailable	No visible GPU/torch/transformers/esm; torch-transformers install rejected by platform usage-limit escalation.
MAP8	GDGMVPPG	8	181|182	329					blocked_software_unavailable	No visible GPU/torch/transformers/esm; torch-transformers install rejected by platform usage-limit escalation.
MAP8	GDGMVPPG	8	182|183	329					blocked_software_unavailable	No visible GPU/torch/transformers/esm; torch-transformers install rejected by platform usage-limit escalation.
MAP8	GDGMVPPG	8	183|184	329					blocked_software_unavailable	No visible GPU/torch/transformers/esm; torch-transformers install rejected by platform usage-limit escalation.
MAP8	GDGMVPPG	8	184|185	329					blocked_software_unavailable	No visible GPU/torch/transformers/esm; torch-transformers install rejected by platform usage-limit escalation.
MAP8	GDGMVPPG	8	185|186	329					blocked_software_unavailable	No visible GPU/torch/transformers/esm; torch-transformers install rejected by platform usage-limit escalation.
MAP8	GDGMVPPG	8	186|187	329					blocked_software_unavailable	No visible GPU/torch/transformers/esm; torch-transformers install rejected by platform usage-limit escalation.
MAP8	GDGMVPPG	8	187|188	329					blocked_software_unavailable	No visible GPU/torch/transformers/esm; torch-transformers install rejected by platform usage-limit escalation.
MAP8	GDGMVPPG	8	188|189	329					blocked_software_unavailable	No visible GPU/torch/transformers/esm; torch-transformers install rejected by platform usage-limit escalation.
MAP8	GDGMVPPG	8	189|190	329					blocked_software_unavailable	No visible GPU/torch/transformers/esm; torch-transformers install rejected by platform usage-limit escalation.
MAP8	GDGMVPPG	8	190|191	329					blocked_software_unavailable	No visible GPU/torch/transformers/esm; torch-transformers install rejected by platform usage-limit escalation.
MAP8	GDGMVPPG	8	191|192	329					blocked_software_unavailable	No visible GPU/torch/transformers/esm; torch-transformers install rejected by platform usage-limit escalation.
MAP8	GDGMVPPG	8	192|193	329					blocked_software_unavailable	No visible GPU/torch/transformers/esm; torch-transformers install rejected by platform usage-limit escalation.
MAP8	GDGMVPPG	8	193|194	329					blocked_software_unavailable	No visible GPU/torch/transformers/esm; torch-transformers install rejected by platform usage-limit escalation.
MAP8	GDGMVPPG	8	194|195	329					blocked_software_unavailable	No visible GPU/torch/transformers/esm; torch-transformers install rejected by platform usage-limit escalation.
MAP8	GDGMVPPG	8	195|196	329					blocked_software_unavailable	No visible GPU/torch/transformers/esm; torch-transformers install rejected by platform usage-limit escalation.
MAP8	GDGMVPPG	8	196|197	329					blocked_software_unavailable	No visible GPU/torch/transformers/esm; torch-transformers install rejected by platform usage-limit escalation.
MAP8	GDGMVPPG	8	197|198	329					blocked_software_unavailable	No visible GPU/torch/transformers/esm; torch-transformers install rejected by platform usage-limit escalation.
MAP8	GDGMVPPG	8	198|199	329					blocked_software_unavailable	No visible GPU/torch/transformers/esm; torch-transformers install rejected by platform usage-limit escalation.
MAP8	GDGMVPPG	8	199|200	329					blocked_software_unavailable	No visible GPU/torch/transformers/esm; torch-transformers install rejected by platform usage-limit escalation.
MAP8	GDGMVPPG	8	200|201	329					blocked_software_unavailable	No visible GPU/torch/transformers/esm; torch-transformers install rejected by platform usage-limit escalation.
MAP8	GDGMVPPG	8	201|202	329					blocked_software_unavailable	No visible GPU/torch/transformers/esm; torch-transformers install rejected by platform usage-limit escalation.
MAP8	GDGMVPPG	8	202|203	329					blocked_software_unavailable	No visible GPU/torch/transformers/esm; torch-transformers install rejected by platform usage-limit escalation.
MAP8	GDGMVPPG	8	203|204	329					blocked_software_unavailable	No visible GPU/torch/transformers/esm; torch-transformers install rejected by platform usage-limit escalation.
MAP8	GDGMVPPG	8	204|205	329					blocked_software_unavailable	No visible GPU/torch/transformers/esm; torch-transformers install rejected by platform usage-limit escalation.
MAP8	GDGMVPPG	8	205|206	329					blocked_software_unavailable	No visible GPU/torch/transformers/esm; torch-transformers install rejected by platform usage-limit escalation.
MAP8	GDGMVPPG	8	206|207	329					blocked_software_unavailable	No visible GPU/torch/transformers/esm; torch-transformers install rejected by platform usage-limit escalation.
MAP8	GDGMVPPG	8	207|208	329					blocked_software_unavailable	No visible GPU/torch/transformers/esm; torch-transformers install rejected by platform usage-limit escalation.
MAP8	GDGMVPPG	8	208|209	329					blocked_software_unavailable	No visible GPU/torch/transformers/esm; torch-transformers install rejected by platform usage-limit escalation.
MAP8	GDGMVPPG	8	209|210	329					blocked_software_unavailable	No visible GPU/torch/transformers/esm; torch-transformers install rejected by platform usage-limit escalation.
MAP8	GDGMVPPG	8	210|211	329					blocked_software_unavailable	No visible GPU/torch/transformers/esm; torch-transformers install rejected by platform usage-limit escalation.
MAP8	GDGMVPPG	8	211|212	329					blocked_software_unavailable	No visible GPU/torch/transformers/esm; torch-transformers install rejected by platform usage-limit escalation.
MAP8	GDGMVPPG	8	212|213	329					blocked_software_unavailable	No visible GPU/torch/transformers/esm; torch-transformers install rejected by platform usage-limit escalation.
MAP8	GDGMVPPG	8	213|214	329					blocked_software_unavailable	No visible GPU/torch/transformers/esm; torch-transformers install rejected by platform usage-limit escalation.
MAP8	GDGMVPPG	8	214|215	329					blocked_software_unavailable	No visible GPU/torch/transformers/esm; torch-transformers install rejected by platform usage-limit escalation.
MAP8	GDGMVPPG	8	215|216	329					blocked_software_unavailable	No visible GPU/torch/transformers/esm; torch-transformers install rejected by platform usage-limit escalation.
MAP8	GDGMVPPG	8	216|217	329					blocked_software_unavailable	No visible GPU/torch/transformers/esm; torch-transformers install rejected by platform usage-limit escalation.
MAP8	GDGMVPPG	8	217|218	329					blocked_software_unavailable	No visible GPU/torch/transformers/esm; torch-transformers install rejected by platform usage-limit escalation.
MAP8	GDGMVPPG	8	218|219	329					blocked_software_unavailable	No visible GPU/torch/transformers/esm; torch-transformers install rejected by platform usage-limit escalation.
MAP8	GDGMVPPG	8	219|220	329					blocked_software_unavailable	No visible GPU/torch/transformers/esm; torch-transformers install rejected by platform usage-limit escalation.
MAP8	GDGMVPPG	8	220|221	329					blocked_software_unavailable	No visible GPU/torch/transformers/esm; torch-transformers install rejected by platform usage-limit escalation.
MAP8	GDGMVPPG	8	221|222	329					blocked_software_unavailable	No visible GPU/torch/transformers/esm; torch-transformers install rejected by platform usage-limit escalation.
MAP8	GDGMVPPG	8	222|223	329					blocked_software_unavailable	No visible GPU/torch/transformers/esm; torch-transformers install rejected by platform usage-limit escalation.
MAP8	GDGMVPPG	8	223|224	329					blocked_software_unavailable	No visible GPU/torch/transformers/esm; torch-transformers install rejected by platform usage-limit escalation.
MAP8	GDGMVPPG	8	224|225	329					blocked_software_unavailable	No visible GPU/torch/transformers/esm; torch-transformers install rejected by platform usage-limit escalation.
MAP8	GDGMVPPG	8	225|226	329					blocked_software_unavailable	No visible GPU/torch/transformers/esm; torch-transformers install rejected by platform usage-limit escalation.
MAP8	GDGMVPPG	8	226|227	329					blocked_software_unavailable	No visible GPU/torch/transformers/esm; torch-transformers install rejected by platform usage-limit escalation.
MAP8	GDGMVPPG	8	227|228	329					blocked_software_unavailable	No visible GPU/torch/transformers/esm; torch-transformers install rejected by platform usage-limit escalation.
MAP8	GDGMVPPG	8	228|229	329					blocked_software_unavailable	No visible GPU/torch/transformers/esm; torch-transformers install rejected by platform usage-limit escalation.
MAP8	GDGMVPPG	8	229|230	329					blocked_software_unavailable	No visible GPU/torch/transformers/esm; torch-transformers install rejected by platform usage-limit escalation.
MAP8	GDGMVPPG	8	230|231	329					blocked_software_unavailable	No visible GPU/torch/transformers/esm; torch-transformers install rejected by platform usage-limit escalation.
MAP8	GDGMVPPG	8	231|232	329					blocked_software_unavailable	No visible GPU/torch/transformers/esm; torch-transformers install rejected by platform usage-limit escalation.
MAP8	GDGMVPPG	8	232|233	329					blocked_software_unavailable	No visible GPU/torch/transformers/esm; torch-transformers install rejected by platform usage-limit escalation.
MAP8	GDGMVPPG	8	233|234	329					blocked_software_unavailable	No visible GPU/torch/transformers/esm; torch-transformers install rejected by platform usage-limit escalation.
MAP8	GDGMVPPG	8	234|235	329					blocked_software_unavailable	No visible GPU/torch/transformers/esm; torch-transformers install rejected by platform usage-limit escalation.
MAP8	GDGMVPPG	8	235|236	329					blocked_software_unavailable	No visible GPU/torch/transformers/esm; torch-transformers install rejected by platform usage-limit escalation.
MAP8	GDGMVPPG	8	236|237	329					blocked_software_unavailable	No visible GPU/torch/transformers/esm; torch-transformers install rejected by platform usage-limit escalation.
MAP8	GDGMVPPG	8	237|238	329					blocked_software_unavailable	No visible GPU/torch/transformers/esm; torch-transformers install rejected by platform usage-limit escalation.
MAP8	GDGMVPPG	8	238|239	329					blocked_software_unavailable	No visible GPU/torch/transformers/esm; torch-transformers install rejected by platform usage-limit escalation.
MAP8	GDGMVPPG	8	239|240	329					blocked_software_unavailable	No visible GPU/torch/transformers/esm; torch-transformers install rejected by platform usage-limit escalation.
MAP8	GDGMVPPG	8	240|241	329					blocked_software_unavailable	No visible GPU/torch/transformers/esm; torch-transformers install rejected by platform usage-limit escalation.
MAP8	GDGMVPPG	8	241|242	329					blocked_software_unavailable	No visible GPU/torch/transformers/esm; torch-transformers install rejected by platform usage-limit escalation.
MAP8	GDGMVPPG	8	242|243	329					blocked_software_unavailable	No visible GPU/torch/transformers/esm; torch-transformers install rejected by platform usage-limit escalation.
MAP8	GDGMVPPG	8	243|244	329					blocked_software_unavailable	No visible GPU/torch/transformers/esm; torch-transformers install rejected by platform usage-limit escalation.
MAP8	GDGMVPPG	8	244|245	329					blocked_software_unavailable	No visible GPU/torch/transformers/esm; torch-transformers install rejected by platform usage-limit escalation.
MAP8	GDGMVPPG	8	245|246	329					blocked_software_unavailable	No visible GPU/torch/transformers/esm; torch-transformers install rejected by platform usage-limit escalation.
MAP8	GDGMVPPG	8	246|247	329					blocked_software_unavailable	No visible GPU/torch/transformers/esm; torch-transformers install rejected by platform usage-limit escalation.
MAP8	GDGMVPPG	8	247|248	329					blocked_software_unavailable	No visible GPU/torch/transformers/esm; torch-transformers install rejected by platform usage-limit escalation.
MAP8	GDGMVPPG	8	248|249	329					blocked_software_unavailable	No visible GPU/torch/transformers/esm; torch-transformers install rejected by platform usage-limit escalation.
MAP8	GDGMVPPG	8	249|250	329					blocked_software_unavailable	No visible GPU/torch/transformers/esm; torch-transformers install rejected by platform usage-limit escalation.
MAP8	GDGMVPPG	8	250|251	329					blocked_software_unavailable	No visible GPU/torch/transformers/esm; torch-transformers install rejected by platform usage-limit escalation.
MAP8	GDGMVPPG	8	251|252	329					blocked_software_unavailable	No visible GPU/torch/transformers/esm; torch-transformers install rejected by platform usage-limit escalation.
MAP8	GDGMVPPG	8	252|253	329					blocked_software_unavailable	No visible GPU/torch/transformers/esm; torch-transformers install rejected by platform usage-limit escalation.
MAP8	GDGMVPPG	8	253|254	329					blocked_software_unavailable	No visible GPU/torch/transformers/esm; torch-transformers install rejected by platform usage-limit escalation.
MAP8	GDGMVPPG	8	254|255	329					blocked_software_unavailable	No visible GPU/torch/transformers/esm; torch-transformers install rejected by platform usage-limit escalation.
MAP8	GDGMVPPG	8	255|256	329					blocked_software_unavailable	No visible GPU/torch/transformers/esm; torch-transformers install rejected by platform usage-limit escalation.
MAP8	GDGMVPPG	8	256|257	329					blocked_software_unavailable	No visible GPU/torch/transformers/esm; torch-transformers install rejected by platform usage-limit escalation.
MAP8	GDGMVPPG	8	257|258	329					blocked_software_unavailable	No visible GPU/torch/transformers/esm; torch-transformers install rejected by platform usage-limit escalation.
MAP8	GDGMVPPG	8	258|259	329					blocked_software_unavailable	No visible GPU/torch/transformers/esm; torch-transformers install rejected by platform usage-limit escalation.
MAP8	GDGMVPPG	8	259|260	329					blocked_software_unavailable	No visible GPU/torch/transformers/esm; torch-transformers install rejected by platform usage-limit escalation.
MAP8	GDGMVPPG	8	260|261	329					blocked_software_unavailable	No visible GPU/torch/transformers/esm; torch-transformers install rejected by platform usage-limit escalation.
MAP8	GDGMVPPG	8	261|262	329					blocked_software_unavailable	No visible GPU/torch/transformers/esm; torch-transformers install rejected by platform usage-limit escalation.
MAP8	GDGMVPPG	8	262|263	329					blocked_software_unavailable	No visible GPU/torch/transformers/esm; torch-transformers install rejected by platform usage-limit escalation.
MAP8	GDGMVPPG	8	263|264	329					blocked_software_unavailable	No visible GPU/torch/transformers/esm; torch-transformers install rejected by platform usage-limit escalation.
MAP8	GDGMVPPG	8	264|265	329					blocked_software_unavailable	No visible GPU/torch/transformers/esm; torch-transformers install rejected by platform usage-limit escalation.
MAP8	GDGMVPPG	8	265|266	329					blocked_software_unavailable	No visible GPU/torch/transformers/esm; torch-transformers install rejected by platform usage-limit escalation.
MAP8	GDGMVPPG	8	266|267	329					blocked_software_unavailable	No visible GPU/torch/transformers/esm; torch-transformers install rejected by platform usage-limit escalation.
MAP8	GDGMVPPG	8	267|268	329					blocked_software_unavailable	No visible GPU/torch/transformers/esm; torch-transformers install rejected by platform usage-limit escalation.
MAP8	GDGMVPPG	8	268|269	329					blocked_software_unavailable	No visible GPU/torch/transformers/esm; torch-transformers install rejected by platform usage-limit escalation.
MAP8	GDGMVPPG	8	269|270	329					blocked_software_unavailable	No visible GPU/torch/transformers/esm; torch-transformers install rejected by platform usage-limit escalation.
MAP8	GDGMVPPG	8	270|271	329					blocked_software_unavailable	No visible GPU/torch/transformers/esm; torch-transformers install rejected by platform usage-limit escalation.
MAP8	GDGMVPPG	8	271|272	329					blocked_software_unavailable	No visible GPU/torch/transformers/esm; torch-transformers install rejected by platform usage-limit escalation.
MAP8	GDGMVPPG	8	272|273	329					blocked_software_unavailable	No visible GPU/torch/transformers/esm; torch-transformers install rejected by platform usage-limit escalation.
MAP8	GDGMVPPG	8	273|274	329					blocked_software_unavailable	No visible GPU/torch/transformers/esm; torch-transformers install rejected by platform usage-limit escalation.
MAP8	GDGMVPPG	8	274|275	329					blocked_software_unavailable	No visible GPU/torch/transformers/esm; torch-transformers install rejected by platform usage-limit escalation.
MAP8	GDGMVPPG	8	275|276	329					blocked_software_unavailable	No visible GPU/torch/transformers/esm; torch-transformers install rejected by platform usage-limit escalation.
MAP8	GDGMVPPG	8	276|277	329					blocked_software_unavailable	No visible GPU/torch/transformers/esm; torch-transformers install rejected by platform usage-limit escalation.
MAP8	GDGMVPPG	8	277|278	329					blocked_software_unavailable	No visible GPU/torch/transformers/esm; torch-transformers install rejected by platform usage-limit escalation.
MAP8	GDGMVPPG	8	278|279	329					blocked_software_unavailable	No visible GPU/torch/transformers/esm; torch-transformers install rejected by platform usage-limit escalation.
MAP8	GDGMVPPG	8	279|280	329					blocked_software_unavailable	No visible GPU/torch/transformers/esm; torch-transformers install rejected by platform usage-limit escalation.
MAP8	GDGMVPPG	8	280|281	329					blocked_software_unavailable	No visible GPU/torch/transformers/esm; torch-transformers install rejected by platform usage-limit escalation.
MAP8	GDGMVPPG	8	281|282	329					blocked_software_unavailable	No visible GPU/torch/transformers/esm; torch-transformers install rejected by platform usage-limit escalation.
MAP8	GDGMVPPG	8	282|283	329					blocked_software_unavailable	No visible GPU/torch/transformers/esm; torch-transformers install rejected by platform usage-limit escalation.
MAP8	GDGMVPPG	8	283|284	329					blocked_software_unavailable	No visible GPU/torch/transformers/esm; torch-transformers install rejected by platform usage-limit escalation.
MAP8	GDGMVPPG	8	284|285	329					blocked_software_unavailable	No visible GPU/torch/transformers/esm; torch-transformers install rejected by platform usage-limit escalation.
MAP8	GDGMVPPG	8	285|286	329					blocked_software_unavailable	No visible GPU/torch/transformers/esm; torch-transformers install rejected by platform usage-limit escalation.
MAP8	GDGMVPPG	8	286|287	329					blocked_software_unavailable	No visible GPU/torch/transformers/esm; torch-transformers install rejected by platform usage-limit escalation.
MAP8	GDGMVPPG	8	287|288	329					blocked_software_unavailable	No visible GPU/torch/transformers/esm; torch-transformers install rejected by platform usage-limit escalation.
MAP8	GDGMVPPG	8	288|289	329					blocked_software_unavailable	No visible GPU/torch/transformers/esm; torch-transformers install rejected by platform usage-limit escalation.
MAP8	GDGMVPPG	8	289|290	329					blocked_software_unavailable	No visible GPU/torch/transformers/esm; torch-transformers install rejected by platform usage-limit escalation.
MAP8	GDGMVPPG	8	290|291	329					blocked_software_unavailable	No visible GPU/torch/transformers/esm; torch-transformers install rejected by platform usage-limit escalation.
MAP8	GDGMVPPG	8	291|292	329					blocked_software_unavailable	No visible GPU/torch/transformers/esm; torch-transformers install rejected by platform usage-limit escalation.
MAP8	GDGMVPPG	8	292|293	329					blocked_software_unavailable	No visible GPU/torch/transformers/esm; torch-transformers install rejected by platform usage-limit escalation.
MAP8	GDGMVPPG	8	293|294	329					blocked_software_unavailable	No visible GPU/torch/transformers/esm; torch-transformers install rejected by platform usage-limit escalation.
MAP8	GDGMVPPG	8	294|295	329					blocked_software_unavailable	No visible GPU/torch/transformers/esm; torch-transformers install rejected by platform usage-limit escalation.
MAP8	GDGMVPPG	8	295|296	329					blocked_software_unavailable	No visible GPU/torch/transformers/esm; torch-transformers install rejected by platform usage-limit escalation.
MAP8	GDGMVPPG	8	296|297	329					blocked_software_unavailable	No visible GPU/torch/transformers/esm; torch-transformers install rejected by platform usage-limit escalation.
MAP8	GDGMVPPG	8	297|298	329					blocked_software_unavailable	No visible GPU/torch/transformers/esm; torch-transformers install rejected by platform usage-limit escalation.
MAP8	GDGMVPPG	8	298|299	329					blocked_software_unavailable	No visible GPU/torch/transformers/esm; torch-transformers install rejected by platform usage-limit escalation.
MAP8	GDGMVPPG	8	299|300	329					blocked_software_unavailable	No visible GPU/torch/transformers/esm; torch-transformers install rejected by platform usage-limit escalation.
MAP8	GDGMVPPG	8	300|301	329					blocked_software_unavailable	No visible GPU/torch/transformers/esm; torch-transformers install rejected by platform usage-limit escalation.
MAP8	GDGMVPPG	8	301|302	329					blocked_software_unavailable	No visible GPU/torch/transformers/esm; torch-transformers install rejected by platform usage-limit escalation.
MAP8	GDGMVPPG	8	302|303	329					blocked_software_unavailable	No visible GPU/torch/transformers/esm; torch-transformers install rejected by platform usage-limit escalation.
MAP8	GDGMVPPG	8	303|304	329					blocked_software_unavailable	No visible GPU/torch/transformers/esm; torch-transformers install rejected by platform usage-limit escalation.
MAP8	GDGMVPPG	8	304|305	329					blocked_software_unavailable	No visible GPU/torch/transformers/esm; torch-transformers install rejected by platform usage-limit escalation.
MAP8	GDGMVPPG	8	305|306	329					blocked_software_unavailable	No visible GPU/torch/transformers/esm; torch-transformers install rejected by platform usage-limit escalation.
MAP8	GDGMVPPG	8	306|307	329					blocked_software_unavailable	No visible GPU/torch/transformers/esm; torch-transformers install rejected by platform usage-limit escalation.
MAP8	GDGMVPPG	8	307|308	329					blocked_software_unavailable	No visible GPU/torch/transformers/esm; torch-transformers install rejected by platform usage-limit escalation.
MAP8	GDGMVPPG	8	308|309	329					blocked_software_unavailable	No visible GPU/torch/transformers/esm; torch-transformers install rejected by platform usage-limit escalation.
MAP8	GDGMVPPG	8	309|310	329					blocked_software_unavailable	No visible GPU/torch/transformers/esm; torch-transformers install rejected by platform usage-limit escalation.
MAP8	GDGMVPPG	8	310|311	329					blocked_software_unavailable	No visible GPU/torch/transformers/esm; torch-transformers install rejected by platform usage-limit escalation.
MAP8	GDGMVPPG	8	311|312	329					blocked_software_unavailable	No visible GPU/torch/transformers/esm; torch-transformers install rejected by platform usage-limit escalation.
MAP8	GDGMVPPG	8	312|313	329					blocked_software_unavailable	No visible GPU/torch/transformers/esm; torch-transformers install rejected by platform usage-limit escalation.
MAP8	GDGMVPPG	8	313|314	329					blocked_software_unavailable	No visible GPU/torch/transformers/esm; torch-transformers install rejected by platform usage-limit escalation.
MAP8	GDGMVPPG	8	314|315	329					blocked_software_unavailable	No visible GPU/torch/transformers/esm; torch-transformers install rejected by platform usage-limit escalation.
MAP8	GDGMVPPG	8	315|316	329					blocked_software_unavailable	No visible GPU/torch/transformers/esm; torch-transformers install rejected by platform usage-limit escalation.
MAP8	GDGMVPPG	8	316|317	329					blocked_software_unavailable	No visible GPU/torch/transformers/esm; torch-transformers install rejected by platform usage-limit escalation.
MAP8	GDGMVPPG	8	317|318	329					blocked_software_unavailable	No visible GPU/torch/transformers/esm; torch-transformers install rejected by platform usage-limit escalation.
MAP8	GDGMVPPG	8	318|319	329					blocked_software_unavailable	No visible GPU/torch/transformers/esm; torch-transformers install rejected by platform usage-limit escalation.
MAP8	GDGMVPPG	8	319|320	329					blocked_software_unavailable	No visible GPU/torch/transformers/esm; torch-transformers install rejected by platform usage-limit escalation.
MAP8	GDGMVPPG	8	320|321	329					blocked_software_unavailable	No visible GPU/torch/transformers/esm; torch-transformers install rejected by platform usage-limit escalation.
HA	YPYDVPDYA	9	1|2	330					blocked_software_unavailable	No visible GPU/torch/transformers/esm; torch-transformers install rejected by platform usage-limit escalation.
HA	YPYDVPDYA	9	2|3	330					blocked_software_unavailable	No visible GPU/torch/transformers/esm; torch-transformers install rejected by platform usage-limit escalation.
HA	YPYDVPDYA	9	3|4	330					blocked_software_unavailable	No visible GPU/torch/transformers/esm; torch-transformers install rejected by platform usage-limit escalation.
HA	YPYDVPDYA	9	4|5	330					blocked_software_unavailable	No visible GPU/torch/transformers/esm; torch-transformers install rejected by platform usage-limit escalation.
HA	YPYDVPDYA	9	5|6	330					blocked_software_unavailable	No visible GPU/torch/transformers/esm; torch-transformers install rejected by platform usage-limit escalation.
HA	YPYDVPDYA	9	6|7	330					blocked_software_unavailable	No visible GPU/torch/transformers/esm; torch-transformers install rejected by platform usage-limit escalation.
HA	YPYDVPDYA	9	7|8	330					blocked_software_unavailable	No visible GPU/torch/transformers/esm; torch-transformers install rejected by platform usage-limit escalation.
HA	YPYDVPDYA	9	8|9	330					blocked_software_unavailable	No visible GPU/torch/transformers/esm; torch-transformers install rejected by platform usage-limit escalation.
HA	YPYDVPDYA	9	9|10	330					blocked_software_unavailable	No visible GPU/torch/transformers/esm; torch-transformers install rejected by platform usage-limit escalation.
HA	YPYDVPDYA	9	10|11	330					blocked_software_unavailable	No visible GPU/torch/transformers/esm; torch-transformers install rejected by platform usage-limit escalation.
HA	YPYDVPDYA	9	11|12	330					blocked_software_unavailable	No visible GPU/torch/transformers/esm; torch-transformers install rejected by platform usage-limit escalation.
HA	YPYDVPDYA	9	12|13	330					blocked_software_unavailable	No visible GPU/torch/transformers/esm; torch-transformers install rejected by platform usage-limit escalation.
HA	YPYDVPDYA	9	13|14	330					blocked_software_unavailable	No visible GPU/torch/transformers/esm; torch-transformers install rejected by platform usage-limit escalation.
HA	YPYDVPDYA	9	14|15	330					blocked_software_unavailable	No visible GPU/torch/transformers/esm; torch-transformers install rejected by platform usage-limit escalation.
HA	YPYDVPDYA	9	15|16	330					blocked_software_unavailable	No visible GPU/torch/transformers/esm; torch-transformers install rejected by platform usage-limit escalation.
HA	YPYDVPDYA	9	16|17	330					blocked_software_unavailable	No visible GPU/torch/transformers/esm; torch-transformers install rejected by platform usage-limit escalation.
HA	YPYDVPDYA	9	17|18	330					blocked_software_unavailable	No visible GPU/torch/transformers/esm; torch-transformers install rejected by platform usage-limit escalation.
HA	YPYDVPDYA	9	18|19	330					blocked_software_unavailable	No visible GPU/torch/transformers/esm; torch-transformers install rejected by platform usage-limit escalation.
HA	YPYDVPDYA	9	19|20	330					blocked_software_unavailable	No visible GPU/torch/transformers/esm; torch-transformers install rejected by platform usage-limit escalation.
HA	YPYDVPDYA	9	20|21	330					blocked_software_unavailable	No visible GPU/torch/transformers/esm; torch-transformers install rejected by platform usage-limit escalation.
HA	YPYDVPDYA	9	21|22	330					blocked_software_unavailable	No visible GPU/torch/transformers/esm; torch-transformers install rejected by platform usage-limit escalation.
HA	YPYDVPDYA	9	22|23	330					blocked_software_unavailable	No visible GPU/torch/transformers/esm; torch-transformers install rejected by platform usage-limit escalation.
HA	YPYDVPDYA	9	23|24	330					blocked_software_unavailable	No visible GPU/torch/transformers/esm; torch-transformers install rejected by platform usage-limit escalation.
HA	YPYDVPDYA	9	24|25	330					blocked_software_unavailable	No visible GPU/torch/transformers/esm; torch-transformers install rejected by platform usage-limit escalation.
HA	YPYDVPDYA	9	25|26	330					blocked_software_unavailable	No visible GPU/torch/transformers/esm; torch-transformers install rejected by platform usage-limit escalation.
HA	YPYDVPDYA	9	26|27	330					blocked_software_unavailable	No visible GPU/torch/transformers/esm; torch-transformers install rejected by platform usage-limit escalation.
HA	YPYDVPDYA	9	27|28	330					blocked_software_unavailable	No visible GPU/torch/transformers/esm; torch-transformers install rejected by platform usage-limit escalation.
HA	YPYDVPDYA	9	28|29	330					blocked_software_unavailable	No visible GPU/torch/transformers/esm; torch-transformers install rejected by platform usage-limit escalation.
HA	YPYDVPDYA	9	29|30	330					blocked_software_unavailable	No visible GPU/torch/transformers/esm; torch-transformers install rejected by platform usage-limit escalation.
HA	YPYDVPDYA	9	30|31	330					blocked_software_unavailable	No visible GPU/torch/transformers/esm; torch-transformers install rejected by platform usage-limit escalation.
HA	YPYDVPDYA	9	31|32	330					blocked_software_unavailable	No visible GPU/torch/transformers/esm; torch-transformers install rejected by platform usage-limit escalation.
HA	YPYDVPDYA	9	32|33	330					blocked_software_unavailable	No visible GPU/torch/transformers/esm; torch-transformers install rejected by platform usage-limit escalation.
HA	YPYDVPDYA	9	33|34	330					blocked_software_unavailable	No visible GPU/torch/transformers/esm; torch-transformers install rejected by platform usage-limit escalation.
HA	YPYDVPDYA	9	34|35	330					blocked_software_unavailable	No visible GPU/torch/transformers/esm; torch-transformers install rejected by platform usage-limit escalation.
HA	YPYDVPDYA	9	35|36	330					blocked_software_unavailable	No visible GPU/torch/transformers/esm; torch-transformers install rejected by platform usage-limit escalation.
HA	YPYDVPDYA	9	36|37	330					blocked_software_unavailable	No visible GPU/torch/transformers/esm; torch-transformers install rejected by platform usage-limit escalation.
HA	YPYDVPDYA	9	37|38	330					blocked_software_unavailable	No visible GPU/torch/transformers/esm; torch-transformers install rejected by platform usage-limit escalation.
HA	YPYDVPDYA	9	38|39	330					blocked_software_unavailable	No visible GPU/torch/transformers/esm; torch-transformers install rejected by platform usage-limit escalation.
HA	YPYDVPDYA	9	39|40	330					blocked_software_unavailable	No visible GPU/torch/transformers/esm; torch-transformers install rejected by platform usage-limit escalation.
HA	YPYDVPDYA	9	40|41	330					blocked_software_unavailable	No visible GPU/torch/transformers/esm; torch-transformers install rejected by platform usage-limit escalation.
HA	YPYDVPDYA	9	41|42	330					blocked_software_unavailable	No visible GPU/torch/transformers/esm; torch-transformers install rejected by platform usage-limit escalation.
HA	YPYDVPDYA	9	42|43	330					blocked_software_unavailable	No visible GPU/torch/transformers/esm; torch-transformers install rejected by platform usage-limit escalation.
HA	YPYDVPDYA	9	43|44	330					blocked_software_unavailable	No visible GPU/torch/transformers/esm; torch-transformers install rejected by platform usage-limit escalation.
HA	YPYDVPDYA	9	44|45	330					blocked_software_unavailable	No visible GPU/torch/transformers/esm; torch-transformers install rejected by platform usage-limit escalation.
HA	YPYDVPDYA	9	45|46	330					blocked_software_unavailable	No visible GPU/torch/transformers/esm; torch-transformers install rejected by platform usage-limit escalation.
HA	YPYDVPDYA	9	46|47	330					blocked_software_unavailable	No visible GPU/torch/transformers/esm; torch-transformers install rejected by platform usage-limit escalation.
HA	YPYDVPDYA	9	47|48	330					blocked_software_unavailable	No visible GPU/torch/transformers/esm; torch-transformers install rejected by platform usage-limit escalation.
HA	YPYDVPDYA	9	48|49	330					blocked_software_unavailable	No visible GPU/torch/transformers/esm; torch-transformers install rejected by platform usage-limit escalation.
HA	YPYDVPDYA	9	49|50	330					blocked_software_unavailable	No visible GPU/torch/transformers/esm; torch-transformers install rejected by platform usage-limit escalation.
HA	YPYDVPDYA	9	50|51	330					blocked_software_unavailable	No visible GPU/torch/transformers/esm; torch-transformers install rejected by platform usage-limit escalation.
HA	YPYDVPDYA	9	51|52	330					blocked_software_unavailable	No visible GPU/torch/transformers/esm; torch-transformers install rejected by platform usage-limit escalation.
HA	YPYDVPDYA	9	52|53	330					blocked_software_unavailable	No visible GPU/torch/transformers/esm; torch-transformers install rejected by platform usage-limit escalation.
HA	YPYDVPDYA	9	53|54	330					blocked_software_unavailable	No visible GPU/torch/transformers/esm; torch-transformers install rejected by platform usage-limit escalation.
HA	YPYDVPDYA	9	54|55	330					blocked_software_unavailable	No visible GPU/torch/transformers/esm; torch-transformers install rejected by platform usage-limit escalation.
HA	YPYDVPDYA	9	55|56	330					blocked_software_unavailable	No visible GPU/torch/transformers/esm; torch-transformers install rejected by platform usage-limit escalation.
HA	YPYDVPDYA	9	56|57	330					blocked_software_unavailable	No visible GPU/torch/transformers/esm; torch-transformers install rejected by platform usage-limit escalation.
HA	YPYDVPDYA	9	57|58	330					blocked_software_unavailable	No visible GPU/torch/transformers/esm; torch-transformers install rejected by platform usage-limit escalation.
HA	YPYDVPDYA	9	58|59	330					blocked_software_unavailable	No visible GPU/torch/transformers/esm; torch-transformers install rejected by platform usage-limit escalation.
HA	YPYDVPDYA	9	59|60	330					blocked_software_unavailable	No visible GPU/torch/transformers/esm; torch-transformers install rejected by platform usage-limit escalation.
HA	YPYDVPDYA	9	60|61	330					blocked_software_unavailable	No visible GPU/torch/transformers/esm; torch-transformers install rejected by platform usage-limit escalation.
HA	YPYDVPDYA	9	61|62	330					blocked_software_unavailable	No visible GPU/torch/transformers/esm; torch-transformers install rejected by platform usage-limit escalation.
HA	YPYDVPDYA	9	62|63	330					blocked_software_unavailable	No visible GPU/torch/transformers/esm; torch-transformers install rejected by platform usage-limit escalation.
HA	YPYDVPDYA	9	63|64	330					blocked_software_unavailable	No visible GPU/torch/transformers/esm; torch-transformers install rejected by platform usage-limit escalation.
HA	YPYDVPDYA	9	64|65	330					blocked_software_unavailable	No visible GPU/torch/transformers/esm; torch-transformers install rejected by platform usage-limit escalation.
HA	YPYDVPDYA	9	65|66	330					blocked_software_unavailable	No visible GPU/torch/transformers/esm; torch-transformers install rejected by platform usage-limit escalation.
HA	YPYDVPDYA	9	66|67	330					blocked_software_unavailable	No visible GPU/torch/transformers/esm; torch-transformers install rejected by platform usage-limit escalation.
HA	YPYDVPDYA	9	67|68	330					blocked_software_unavailable	No visible GPU/torch/transformers/esm; torch-transformers install rejected by platform usage-limit escalation.
HA	YPYDVPDYA	9	68|69	330					blocked_software_unavailable	No visible GPU/torch/transformers/esm; torch-transformers install rejected by platform usage-limit escalation.
HA	YPYDVPDYA	9	69|70	330					blocked_software_unavailable	No visible GPU/torch/transformers/esm; torch-transformers install rejected by platform usage-limit escalation.
HA	YPYDVPDYA	9	70|71	330					blocked_software_unavailable	No visible GPU/torch/transformers/esm; torch-transformers install rejected by platform usage-limit escalation.
HA	YPYDVPDYA	9	71|72	330					blocked_software_unavailable	No visible GPU/torch/transformers/esm; torch-transformers install rejected by platform usage-limit escalation.
HA	YPYDVPDYA	9	72|73	330					blocked_software_unavailable	No visible GPU/torch/transformers/esm; torch-transformers install rejected by platform usage-limit escalation.
HA	YPYDVPDYA	9	73|74	330					blocked_software_unavailable	No visible GPU/torch/transformers/esm; torch-transformers install rejected by platform usage-limit escalation.
HA	YPYDVPDYA	9	74|75	330					blocked_software_unavailable	No visible GPU/torch/transformers/esm; torch-transformers install rejected by platform usage-limit escalation.
HA	YPYDVPDYA	9	75|76	330					blocked_software_unavailable	No visible GPU/torch/transformers/esm; torch-transformers install rejected by platform usage-limit escalation.
HA	YPYDVPDYA	9	76|77	330					blocked_software_unavailable	No visible GPU/torch/transformers/esm; torch-transformers install rejected by platform usage-limit escalation.
HA	YPYDVPDYA	9	77|78	330					blocked_software_unavailable	No visible GPU/torch/transformers/esm; torch-transformers install rejected by platform usage-limit escalation.
HA	YPYDVPDYA	9	78|79	330					blocked_software_unavailable	No visible GPU/torch/transformers/esm; torch-transformers install rejected by platform usage-limit escalation.
HA	YPYDVPDYA	9	79|80	330					blocked_software_unavailable	No visible GPU/torch/transformers/esm; torch-transformers install rejected by platform usage-limit escalation.
HA	YPYDVPDYA	9	80|81	330					blocked_software_unavailable	No visible GPU/torch/transformers/esm; torch-transformers install rejected by platform usage-limit escalation.
HA	YPYDVPDYA	9	81|82	330					blocked_software_unavailable	No visible GPU/torch/transformers/esm; torch-transformers install rejected by platform usage-limit escalation.
HA	YPYDVPDYA	9	82|83	330					blocked_software_unavailable	No visible GPU/torch/transformers/esm; torch-transformers install rejected by platform usage-limit escalation.
HA	YPYDVPDYA	9	83|84	330					blocked_software_unavailable	No visible GPU/torch/transformers/esm; torch-transformers install rejected by platform usage-limit escalation.
HA	YPYDVPDYA	9	84|85	330					blocked_software_unavailable	No visible GPU/torch/transformers/esm; torch-transformers install rejected by platform usage-limit escalation.
HA	YPYDVPDYA	9	85|86	330					blocked_software_unavailable	No visible GPU/torch/transformers/esm; torch-transformers install rejected by platform usage-limit escalation.
HA	YPYDVPDYA	9	86|87	330					blocked_software_unavailable	No visible GPU/torch/transformers/esm; torch-transformers install rejected by platform usage-limit escalation.
HA	YPYDVPDYA	9	87|88	330					blocked_software_unavailable	No visible GPU/torch/transformers/esm; torch-transformers install rejected by platform usage-limit escalation.
HA	YPYDVPDYA	9	88|89	330					blocked_software_unavailable	No visible GPU/torch/transformers/esm; torch-transformers install rejected by platform usage-limit escalation.
HA	YPYDVPDYA	9	89|90	330					blocked_software_unavailable	No visible GPU/torch/transformers/esm; torch-transformers install rejected by platform usage-limit escalation.
HA	YPYDVPDYA	9	90|91	330					blocked_software_unavailable	No visible GPU/torch/transformers/esm; torch-transformers install rejected by platform usage-limit escalation.
HA	YPYDVPDYA	9	91|92	330					blocked_software_unavailable	No visible GPU/torch/transformers/esm; torch-transformers install rejected by platform usage-limit escalation.
HA	YPYDVPDYA	9	92|93	330					blocked_software_unavailable	No visible GPU/torch/transformers/esm; torch-transformers install rejected by platform usage-limit escalation.
HA	YPYDVPDYA	9	93|94	330					blocked_software_unavailable	No visible GPU/torch/transformers/esm; torch-transformers install rejected by platform usage-limit escalation.
HA	YPYDVPDYA	9	94|95	330					blocked_software_unavailable	No visible GPU/torch/transformers/esm; torch-transformers install rejected by platform usage-limit escalation.
HA	YPYDVPDYA	9	95|96	330					blocked_software_unavailable	No visible GPU/torch/transformers/esm; torch-transformers install rejected by platform usage-limit escalation.
HA	YPYDVPDYA	9	96|97	330					blocked_software_unavailable	No visible GPU/torch/transformers/esm; torch-transformers install rejected by platform usage-limit escalation.
HA	YPYDVPDYA	9	97|98	330					blocked_software_unavailable	No visible GPU/torch/transformers/esm; torch-transformers install rejected by platform usage-limit escalation.
HA	YPYDVPDYA	9	98|99	330					blocked_software_unavailable	No visible GPU/torch/transformers/esm; torch-transformers install rejected by platform usage-limit escalation.
HA	YPYDVPDYA	9	99|100	330					blocked_software_unavailable	No visible GPU/torch/transformers/esm; torch-transformers install rejected by platform usage-limit escalation.
HA	YPYDVPDYA	9	100|101	330					blocked_software_unavailable	No visible GPU/torch/transformers/esm; torch-transformers install rejected by platform usage-limit escalation.
HA	YPYDVPDYA	9	101|102	330					blocked_software_unavailable	No visible GPU/torch/transformers/esm; torch-transformers install rejected by platform usage-limit escalation.
HA	YPYDVPDYA	9	102|103	330					blocked_software_unavailable	No visible GPU/torch/transformers/esm; torch-transformers install rejected by platform usage-limit escalation.
HA	YPYDVPDYA	9	103|104	330					blocked_software_unavailable	No visible GPU/torch/transformers/esm; torch-transformers install rejected by platform usage-limit escalation.
HA	YPYDVPDYA	9	104|105	330					blocked_software_unavailable	No visible GPU/torch/transformers/esm; torch-transformers install rejected by platform usage-limit escalation.
HA	YPYDVPDYA	9	105|106	330					blocked_software_unavailable	No visible GPU/torch/transformers/esm; torch-transformers install rejected by platform usage-limit escalation.
HA	YPYDVPDYA	9	106|107	330					blocked_software_unavailable	No visible GPU/torch/transformers/esm; torch-transformers install rejected by platform usage-limit escalation.
HA	YPYDVPDYA	9	107|108	330					blocked_software_unavailable	No visible GPU/torch/transformers/esm; torch-transformers install rejected by platform usage-limit escalation.
HA	YPYDVPDYA	9	108|109	330					blocked_software_unavailable	No visible GPU/torch/transformers/esm; torch-transformers install rejected by platform usage-limit escalation.
HA	YPYDVPDYA	9	109|110	330					blocked_software_unavailable	No visible GPU/torch/transformers/esm; torch-transformers install rejected by platform usage-limit escalation.
HA	YPYDVPDYA	9	110|111	330					blocked_software_unavailable	No visible GPU/torch/transformers/esm; torch-transformers install rejected by platform usage-limit escalation.
HA	YPYDVPDYA	9	111|112	330					blocked_software_unavailable	No visible GPU/torch/transformers/esm; torch-transformers install rejected by platform usage-limit escalation.
HA	YPYDVPDYA	9	112|113	330					blocked_software_unavailable	No visible GPU/torch/transformers/esm; torch-transformers install rejected by platform usage-limit escalation.
HA	YPYDVPDYA	9	113|114	330					blocked_software_unavailable	No visible GPU/torch/transformers/esm; torch-transformers install rejected by platform usage-limit escalation.
HA	YPYDVPDYA	9	114|115	330					blocked_software_unavailable	No visible GPU/torch/transformers/esm; torch-transformers install rejected by platform usage-limit escalation.
HA	YPYDVPDYA	9	115|116	330					blocked_software_unavailable	No visible GPU/torch/transformers/esm; torch-transformers install rejected by platform usage-limit escalation.
HA	YPYDVPDYA	9	116|117	330					blocked_software_unavailable	No visible GPU/torch/transformers/esm; torch-transformers install rejected by platform usage-limit escalation.
HA	YPYDVPDYA	9	117|118	330					blocked_software_unavailable	No visible GPU/torch/transformers/esm; torch-transformers install rejected by platform usage-limit escalation.
HA	YPYDVPDYA	9	118|119	330					blocked_software_unavailable	No visible GPU/torch/transformers/esm; torch-transformers install rejected by platform usage-limit escalation.
HA	YPYDVPDYA	9	119|120	330					blocked_software_unavailable	No visible GPU/torch/transformers/esm; torch-transformers install rejected by platform usage-limit escalation.
HA	YPYDVPDYA	9	120|121	330					blocked_software_unavailable	No visible GPU/torch/transformers/esm; torch-transformers install rejected by platform usage-limit escalation.
HA	YPYDVPDYA	9	121|122	330					blocked_software_unavailable	No visible GPU/torch/transformers/esm; torch-transformers install rejected by platform usage-limit escalation.
HA	YPYDVPDYA	9	122|123	330					blocked_software_unavailable	No visible GPU/torch/transformers/esm; torch-transformers install rejected by platform usage-limit escalation.
HA	YPYDVPDYA	9	123|124	330					blocked_software_unavailable	No visible GPU/torch/transformers/esm; torch-transformers install rejected by platform usage-limit escalation.
HA	YPYDVPDYA	9	124|125	330					blocked_software_unavailable	No visible GPU/torch/transformers/esm; torch-transformers install rejected by platform usage-limit escalation.
HA	YPYDVPDYA	9	125|126	330					blocked_software_unavailable	No visible GPU/torch/transformers/esm; torch-transformers install rejected by platform usage-limit escalation.
HA	YPYDVPDYA	9	126|127	330					blocked_software_unavailable	No visible GPU/torch/transformers/esm; torch-transformers install rejected by platform usage-limit escalation.
HA	YPYDVPDYA	9	127|128	330					blocked_software_unavailable	No visible GPU/torch/transformers/esm; torch-transformers install rejected by platform usage-limit escalation.
HA	YPYDVPDYA	9	128|129	330					blocked_software_unavailable	No visible GPU/torch/transformers/esm; torch-transformers install rejected by platform usage-limit escalation.
HA	YPYDVPDYA	9	129|130	330					blocked_software_unavailable	No visible GPU/torch/transformers/esm; torch-transformers install rejected by platform usage-limit escalation.
HA	YPYDVPDYA	9	130|131	330					blocked_software_unavailable	No visible GPU/torch/transformers/esm; torch-transformers install rejected by platform usage-limit escalation.
HA	YPYDVPDYA	9	131|132	330					blocked_software_unavailable	No visible GPU/torch/transformers/esm; torch-transformers install rejected by platform usage-limit escalation.
HA	YPYDVPDYA	9	132|133	330					blocked_software_unavailable	No visible GPU/torch/transformers/esm; torch-transformers install rejected by platform usage-limit escalation.
HA	YPYDVPDYA	9	133|134	330					blocked_software_unavailable	No visible GPU/torch/transformers/esm; torch-transformers install rejected by platform usage-limit escalation.
HA	YPYDVPDYA	9	134|135	330					blocked_software_unavailable	No visible GPU/torch/transformers/esm; torch-transformers install rejected by platform usage-limit escalation.
HA	YPYDVPDYA	9	135|136	330					blocked_software_unavailable	No visible GPU/torch/transformers/esm; torch-transformers install rejected by platform usage-limit escalation.
HA	YPYDVPDYA	9	136|137	330					blocked_software_unavailable	No visible GPU/torch/transformers/esm; torch-transformers install rejected by platform usage-limit escalation.
HA	YPYDVPDYA	9	137|138	330					blocked_software_unavailable	No visible GPU/torch/transformers/esm; torch-transformers install rejected by platform usage-limit escalation.
HA	YPYDVPDYA	9	138|139	330					blocked_software_unavailable	No visible GPU/torch/transformers/esm; torch-transformers install rejected by platform usage-limit escalation.
HA	YPYDVPDYA	9	139|140	330					blocked_software_unavailable	No visible GPU/torch/transformers/esm; torch-transformers install rejected by platform usage-limit escalation.
HA	YPYDVPDYA	9	140|141	330					blocked_software_unavailable	No visible GPU/torch/transformers/esm; torch-transformers install rejected by platform usage-limit escalation.
HA	YPYDVPDYA	9	141|142	330					blocked_software_unavailable	No visible GPU/torch/transformers/esm; torch-transformers install rejected by platform usage-limit escalation.
HA	YPYDVPDYA	9	142|143	330					blocked_software_unavailable	No visible GPU/torch/transformers/esm; torch-transformers install rejected by platform usage-limit escalation.
HA	YPYDVPDYA	9	143|144	330					blocked_software_unavailable	No visible GPU/torch/transformers/esm; torch-transformers install rejected by platform usage-limit escalation.
HA	YPYDVPDYA	9	144|145	330					blocked_software_unavailable	No visible GPU/torch/transformers/esm; torch-transformers install rejected by platform usage-limit escalation.
HA	YPYDVPDYA	9	145|146	330					blocked_software_unavailable	No visible GPU/torch/transformers/esm; torch-transformers install rejected by platform usage-limit escalation.
HA	YPYDVPDYA	9	146|147	330					blocked_software_unavailable	No visible GPU/torch/transformers/esm; torch-transformers install rejected by platform usage-limit escalation.
HA	YPYDVPDYA	9	147|148	330					blocked_software_unavailable	No visible GPU/torch/transformers/esm; torch-transformers install rejected by platform usage-limit escalation.
HA	YPYDVPDYA	9	148|149	330					blocked_software_unavailable	No visible GPU/torch/transformers/esm; torch-transformers install rejected by platform usage-limit escalation.
HA	YPYDVPDYA	9	149|150	330					blocked_software_unavailable	No visible GPU/torch/transformers/esm; torch-transformers install rejected by platform usage-limit escalation.
HA	YPYDVPDYA	9	150|151	330					blocked_software_unavailable	No visible GPU/torch/transformers/esm; torch-transformers install rejected by platform usage-limit escalation.
HA	YPYDVPDYA	9	151|152	330					blocked_software_unavailable	No visible GPU/torch/transformers/esm; torch-transformers install rejected by platform usage-limit escalation.
HA	YPYDVPDYA	9	152|153	330					blocked_software_unavailable	No visible GPU/torch/transformers/esm; torch-transformers install rejected by platform usage-limit escalation.
HA	YPYDVPDYA	9	153|154	330					blocked_software_unavailable	No visible GPU/torch/transformers/esm; torch-transformers install rejected by platform usage-limit escalation.
HA	YPYDVPDYA	9	154|155	330					blocked_software_unavailable	No visible GPU/torch/transformers/esm; torch-transformers install rejected by platform usage-limit escalation.
HA	YPYDVPDYA	9	155|156	330					blocked_software_unavailable	No visible GPU/torch/transformers/esm; torch-transformers install rejected by platform usage-limit escalation.
HA	YPYDVPDYA	9	156|157	330					blocked_software_unavailable	No visible GPU/torch/transformers/esm; torch-transformers install rejected by platform usage-limit escalation.
HA	YPYDVPDYA	9	157|158	330					blocked_software_unavailable	No visible GPU/torch/transformers/esm; torch-transformers install rejected by platform usage-limit escalation.
HA	YPYDVPDYA	9	158|159	330					blocked_software_unavailable	No visible GPU/torch/transformers/esm; torch-transformers install rejected by platform usage-limit escalation.
HA	YPYDVPDYA	9	159|160	330					blocked_software_unavailable	No visible GPU/torch/transformers/esm; torch-transformers install rejected by platform usage-limit escalation.
HA	YPYDVPDYA	9	160|161	330					blocked_software_unavailable	No visible GPU/torch/transformers/esm; torch-transformers install rejected by platform usage-limit escalation.
HA	YPYDVPDYA	9	161|162	330					blocked_software_unavailable	No visible GPU/torch/transformers/esm; torch-transformers install rejected by platform usage-limit escalation.
HA	YPYDVPDYA	9	162|163	330					blocked_software_unavailable	No visible GPU/torch/transformers/esm; torch-transformers install rejected by platform usage-limit escalation.
HA	YPYDVPDYA	9	163|164	330					blocked_software_unavailable	No visible GPU/torch/transformers/esm; torch-transformers install rejected by platform usage-limit escalation.
HA	YPYDVPDYA	9	164|165	330					blocked_software_unavailable	No visible GPU/torch/transformers/esm; torch-transformers install rejected by platform usage-limit escalation.
HA	YPYDVPDYA	9	165|166	330					blocked_software_unavailable	No visible GPU/torch/transformers/esm; torch-transformers install rejected by platform usage-limit escalation.
HA	YPYDVPDYA	9	166|167	330					blocked_software_unavailable	No visible GPU/torch/transformers/esm; torch-transformers install rejected by platform usage-limit escalation.
HA	YPYDVPDYA	9	167|168	330					blocked_software_unavailable	No visible GPU/torch/transformers/esm; torch-transformers install rejected by platform usage-limit escalation.
HA	YPYDVPDYA	9	168|169	330					blocked_software_unavailable	No visible GPU/torch/transformers/esm; torch-transformers install rejected by platform usage-limit escalation.
HA	YPYDVPDYA	9	169|170	330					blocked_software_unavailable	No visible GPU/torch/transformers/esm; torch-transformers install rejected by platform usage-limit escalation.
HA	YPYDVPDYA	9	170|171	330					blocked_software_unavailable	No visible GPU/torch/transformers/esm; torch-transformers install rejected by platform usage-limit escalation.
HA	YPYDVPDYA	9	171|172	330					blocked_software_unavailable	No visible GPU/torch/transformers/esm; torch-transformers install rejected by platform usage-limit escalation.
HA	YPYDVPDYA	9	172|173	330					blocked_software_unavailable	No visible GPU/torch/transformers/esm; torch-transformers install rejected by platform usage-limit escalation.
HA	YPYDVPDYA	9	173|174	330					blocked_software_unavailable	No visible GPU/torch/transformers/esm; torch-transformers install rejected by platform usage-limit escalation.
HA	YPYDVPDYA	9	174|175	330					blocked_software_unavailable	No visible GPU/torch/transformers/esm; torch-transformers install rejected by platform usage-limit escalation.
HA	YPYDVPDYA	9	175|176	330					blocked_software_unavailable	No visible GPU/torch/transformers/esm; torch-transformers install rejected by platform usage-limit escalation.
HA	YPYDVPDYA	9	176|177	330					blocked_software_unavailable	No visible GPU/torch/transformers/esm; torch-transformers install rejected by platform usage-limit escalation.
HA	YPYDVPDYA	9	177|178	330					blocked_software_unavailable	No visible GPU/torch/transformers/esm; torch-transformers install rejected by platform usage-limit escalation.
HA	YPYDVPDYA	9	178|179	330					blocked_software_unavailable	No visible GPU/torch/transformers/esm; torch-transformers install rejected by platform usage-limit escalation.
HA	YPYDVPDYA	9	179|180	330					blocked_software_unavailable	No visible GPU/torch/transformers/esm; torch-transformers install rejected by platform usage-limit escalation.
HA	YPYDVPDYA	9	180|181	330					blocked_software_unavailable	No visible GPU/torch/transformers/esm; torch-transformers install rejected by platform usage-limit escalation.
HA	YPYDVPDYA	9	181|182	330					blocked_software_unavailable	No visible GPU/torch/transformers/esm; torch-transformers install rejected by platform usage-limit escalation.
HA	YPYDVPDYA	9	182|183	330					blocked_software_unavailable	No visible GPU/torch/transformers/esm; torch-transformers install rejected by platform usage-limit escalation.
HA	YPYDVPDYA	9	183|184	330					blocked_software_unavailable	No visible GPU/torch/transformers/esm; torch-transformers install rejected by platform usage-limit escalation.
HA	YPYDVPDYA	9	184|185	330					blocked_software_unavailable	No visible GPU/torch/transformers/esm; torch-transformers install rejected by platform usage-limit escalation.
HA	YPYDVPDYA	9	185|186	330					blocked_software_unavailable	No visible GPU/torch/transformers/esm; torch-transformers install rejected by platform usage-limit escalation.
HA	YPYDVPDYA	9	186|187	330					blocked_software_unavailable	No visible GPU/torch/transformers/esm; torch-transformers install rejected by platform usage-limit escalation.
HA	YPYDVPDYA	9	187|188	330					blocked_software_unavailable	No visible GPU/torch/transformers/esm; torch-transformers install rejected by platform usage-limit escalation.
HA	YPYDVPDYA	9	188|189	330					blocked_software_unavailable	No visible GPU/torch/transformers/esm; torch-transformers install rejected by platform usage-limit escalation.
HA	YPYDVPDYA	9	189|190	330					blocked_software_unavailable	No visible GPU/torch/transformers/esm; torch-transformers install rejected by platform usage-limit escalation.
HA	YPYDVPDYA	9	190|191	330					blocked_software_unavailable	No visible GPU/torch/transformers/esm; torch-transformers install rejected by platform usage-limit escalation.
HA	YPYDVPDYA	9	191|192	330					blocked_software_unavailable	No visible GPU/torch/transformers/esm; torch-transformers install rejected by platform usage-limit escalation.
HA	YPYDVPDYA	9	192|193	330					blocked_software_unavailable	No visible GPU/torch/transformers/esm; torch-transformers install rejected by platform usage-limit escalation.
HA	YPYDVPDYA	9	193|194	330					blocked_software_unavailable	No visible GPU/torch/transformers/esm; torch-transformers install rejected by platform usage-limit escalation.
HA	YPYDVPDYA	9	194|195	330					blocked_software_unavailable	No visible GPU/torch/transformers/esm; torch-transformers install rejected by platform usage-limit escalation.
HA	YPYDVPDYA	9	195|196	330					blocked_software_unavailable	No visible GPU/torch/transformers/esm; torch-transformers install rejected by platform usage-limit escalation.
HA	YPYDVPDYA	9	196|197	330					blocked_software_unavailable	No visible GPU/torch/transformers/esm; torch-transformers install rejected by platform usage-limit escalation.
HA	YPYDVPDYA	9	197|198	330					blocked_software_unavailable	No visible GPU/torch/transformers/esm; torch-transformers install rejected by platform usage-limit escalation.
HA	YPYDVPDYA	9	198|199	330					blocked_software_unavailable	No visible GPU/torch/transformers/esm; torch-transformers install rejected by platform usage-limit escalation.
HA	YPYDVPDYA	9	199|200	330					blocked_software_unavailable	No visible GPU/torch/transformers/esm; torch-transformers install rejected by platform usage-limit escalation.
HA	YPYDVPDYA	9	200|201	330					blocked_software_unavailable	No visible GPU/torch/transformers/esm; torch-transformers install rejected by platform usage-limit escalation.
HA	YPYDVPDYA	9	201|202	330					blocked_software_unavailable	No visible GPU/torch/transformers/esm; torch-transformers install rejected by platform usage-limit escalation.
HA	YPYDVPDYA	9	202|203	330					blocked_software_unavailable	No visible GPU/torch/transformers/esm; torch-transformers install rejected by platform usage-limit escalation.
HA	YPYDVPDYA	9	203|204	330					blocked_software_unavailable	No visible GPU/torch/transformers/esm; torch-transformers install rejected by platform usage-limit escalation.
HA	YPYDVPDYA	9	204|205	330					blocked_software_unavailable	No visible GPU/torch/transformers/esm; torch-transformers install rejected by platform usage-limit escalation.
HA	YPYDVPDYA	9	205|206	330					blocked_software_unavailable	No visible GPU/torch/transformers/esm; torch-transformers install rejected by platform usage-limit escalation.
HA	YPYDVPDYA	9	206|207	330					blocked_software_unavailable	No visible GPU/torch/transformers/esm; torch-transformers install rejected by platform usage-limit escalation.
HA	YPYDVPDYA	9	207|208	330					blocked_software_unavailable	No visible GPU/torch/transformers/esm; torch-transformers install rejected by platform usage-limit escalation.
HA	YPYDVPDYA	9	208|209	330					blocked_software_unavailable	No visible GPU/torch/transformers/esm; torch-transformers install rejected by platform usage-limit escalation.
HA	YPYDVPDYA	9	209|210	330					blocked_software_unavailable	No visible GPU/torch/transformers/esm; torch-transformers install rejected by platform usage-limit escalation.
HA	YPYDVPDYA	9	210|211	330					blocked_software_unavailable	No visible GPU/torch/transformers/esm; torch-transformers install rejected by platform usage-limit escalation.
HA	YPYDVPDYA	9	211|212	330					blocked_software_unavailable	No visible GPU/torch/transformers/esm; torch-transformers install rejected by platform usage-limit escalation.
HA	YPYDVPDYA	9	212|213	330					blocked_software_unavailable	No visible GPU/torch/transformers/esm; torch-transformers install rejected by platform usage-limit escalation.
HA	YPYDVPDYA	9	213|214	330					blocked_software_unavailable	No visible GPU/torch/transformers/esm; torch-transformers install rejected by platform usage-limit escalation.
HA	YPYDVPDYA	9	214|215	330					blocked_software_unavailable	No visible GPU/torch/transformers/esm; torch-transformers install rejected by platform usage-limit escalation.
HA	YPYDVPDYA	9	215|216	330					blocked_software_unavailable	No visible GPU/torch/transformers/esm; torch-transformers install rejected by platform usage-limit escalation.
HA	YPYDVPDYA	9	216|217	330					blocked_software_unavailable	No visible GPU/torch/transformers/esm; torch-transformers install rejected by platform usage-limit escalation.
HA	YPYDVPDYA	9	217|218	330					blocked_software_unavailable	No visible GPU/torch/transformers/esm; torch-transformers install rejected by platform usage-limit escalation.
HA	YPYDVPDYA	9	218|219	330					blocked_software_unavailable	No visible GPU/torch/transformers/esm; torch-transformers install rejected by platform usage-limit escalation.
HA	YPYDVPDYA	9	219|220	330					blocked_software_unavailable	No visible GPU/torch/transformers/esm; torch-transformers install rejected by platform usage-limit escalation.
HA	YPYDVPDYA	9	220|221	330					blocked_software_unavailable	No visible GPU/torch/transformers/esm; torch-transformers install rejected by platform usage-limit escalation.
HA	YPYDVPDYA	9	221|222	330					blocked_software_unavailable	No visible GPU/torch/transformers/esm; torch-transformers install rejected by platform usage-limit escalation.
HA	YPYDVPDYA	9	222|223	330					blocked_software_unavailable	No visible GPU/torch/transformers/esm; torch-transformers install rejected by platform usage-limit escalation.
HA	YPYDVPDYA	9	223|224	330					blocked_software_unavailable	No visible GPU/torch/transformers/esm; torch-transformers install rejected by platform usage-limit escalation.
HA	YPYDVPDYA	9	224|225	330					blocked_software_unavailable	No visible GPU/torch/transformers/esm; torch-transformers install rejected by platform usage-limit escalation.
HA	YPYDVPDYA	9	225|226	330					blocked_software_unavailable	No visible GPU/torch/transformers/esm; torch-transformers install rejected by platform usage-limit escalation.
HA	YPYDVPDYA	9	226|227	330					blocked_software_unavailable	No visible GPU/torch/transformers/esm; torch-transformers install rejected by platform usage-limit escalation.
HA	YPYDVPDYA	9	227|228	330					blocked_software_unavailable	No visible GPU/torch/transformers/esm; torch-transformers install rejected by platform usage-limit escalation.
HA	YPYDVPDYA	9	228|229	330					blocked_software_unavailable	No visible GPU/torch/transformers/esm; torch-transformers install rejected by platform usage-limit escalation.
HA	YPYDVPDYA	9	229|230	330					blocked_software_unavailable	No visible GPU/torch/transformers/esm; torch-transformers install rejected by platform usage-limit escalation.
HA	YPYDVPDYA	9	230|231	330					blocked_software_unavailable	No visible GPU/torch/transformers/esm; torch-transformers install rejected by platform usage-limit escalation.
HA	YPYDVPDYA	9	231|232	330					blocked_software_unavailable	No visible GPU/torch/transformers/esm; torch-transformers install rejected by platform usage-limit escalation.
HA	YPYDVPDYA	9	232|233	330					blocked_software_unavailable	No visible GPU/torch/transformers/esm; torch-transformers install rejected by platform usage-limit escalation.
HA	YPYDVPDYA	9	233|234	330					blocked_software_unavailable	No visible GPU/torch/transformers/esm; torch-transformers install rejected by platform usage-limit escalation.
HA	YPYDVPDYA	9	234|235	330					blocked_software_unavailable	No visible GPU/torch/transformers/esm; torch-transformers install rejected by platform usage-limit escalation.
HA	YPYDVPDYA	9	235|236	330					blocked_software_unavailable	No visible GPU/torch/transformers/esm; torch-transformers install rejected by platform usage-limit escalation.
HA	YPYDVPDYA	9	236|237	330					blocked_software_unavailable	No visible GPU/torch/transformers/esm; torch-transformers install rejected by platform usage-limit escalation.
HA	YPYDVPDYA	9	237|238	330					blocked_software_unavailable	No visible GPU/torch/transformers/esm; torch-transformers install rejected by platform usage-limit escalation.
HA	YPYDVPDYA	9	238|239	330					blocked_software_unavailable	No visible GPU/torch/transformers/esm; torch-transformers install rejected by platform usage-limit escalation.
HA	YPYDVPDYA	9	239|240	330					blocked_software_unavailable	No visible GPU/torch/transformers/esm; torch-transformers install rejected by platform usage-limit escalation.
HA	YPYDVPDYA	9	240|241	330					blocked_software_unavailable	No visible GPU/torch/transformers/esm; torch-transformers install rejected by platform usage-limit escalation.
HA	YPYDVPDYA	9	241|242	330					blocked_software_unavailable	No visible GPU/torch/transformers/esm; torch-transformers install rejected by platform usage-limit escalation.
HA	YPYDVPDYA	9	242|243	330					blocked_software_unavailable	No visible GPU/torch/transformers/esm; torch-transformers install rejected by platform usage-limit escalation.
HA	YPYDVPDYA	9	243|244	330					blocked_software_unavailable	No visible GPU/torch/transformers/esm; torch-transformers install rejected by platform usage-limit escalation.
HA	YPYDVPDYA	9	244|245	330					blocked_software_unavailable	No visible GPU/torch/transformers/esm; torch-transformers install rejected by platform usage-limit escalation.
HA	YPYDVPDYA	9	245|246	330					blocked_software_unavailable	No visible GPU/torch/transformers/esm; torch-transformers install rejected by platform usage-limit escalation.
HA	YPYDVPDYA	9	246|247	330					blocked_software_unavailable	No visible GPU/torch/transformers/esm; torch-transformers install rejected by platform usage-limit escalation.
HA	YPYDVPDYA	9	247|248	330					blocked_software_unavailable	No visible GPU/torch/transformers/esm; torch-transformers install rejected by platform usage-limit escalation.
HA	YPYDVPDYA	9	248|249	330					blocked_software_unavailable	No visible GPU/torch/transformers/esm; torch-transformers install rejected by platform usage-limit escalation.
HA	YPYDVPDYA	9	249|250	330					blocked_software_unavailable	No visible GPU/torch/transformers/esm; torch-transformers install rejected by platform usage-limit escalation.
HA	YPYDVPDYA	9	250|251	330					blocked_software_unavailable	No visible GPU/torch/transformers/esm; torch-transformers install rejected by platform usage-limit escalation.
HA	YPYDVPDYA	9	251|252	330					blocked_software_unavailable	No visible GPU/torch/transformers/esm; torch-transformers install rejected by platform usage-limit escalation.
HA	YPYDVPDYA	9	252|253	330					blocked_software_unavailable	No visible GPU/torch/transformers/esm; torch-transformers install rejected by platform usage-limit escalation.
HA	YPYDVPDYA	9	253|254	330					blocked_software_unavailable	No visible GPU/torch/transformers/esm; torch-transformers install rejected by platform usage-limit escalation.
HA	YPYDVPDYA	9	254|255	330					blocked_software_unavailable	No visible GPU/torch/transformers/esm; torch-transformers install rejected by platform usage-limit escalation.
HA	YPYDVPDYA	9	255|256	330					blocked_software_unavailable	No visible GPU/torch/transformers/esm; torch-transformers install rejected by platform usage-limit escalation.
HA	YPYDVPDYA	9	256|257	330					blocked_software_unavailable	No visible GPU/torch/transformers/esm; torch-transformers install rejected by platform usage-limit escalation.
HA	YPYDVPDYA	9	257|258	330					blocked_software_unavailable	No visible GPU/torch/transformers/esm; torch-transformers install rejected by platform usage-limit escalation.
HA	YPYDVPDYA	9	258|259	330					blocked_software_unavailable	No visible GPU/torch/transformers/esm; torch-transformers install rejected by platform usage-limit escalation.
HA	YPYDVPDYA	9	259|260	330					blocked_software_unavailable	No visible GPU/torch/transformers/esm; torch-transformers install rejected by platform usage-limit escalation.
HA	YPYDVPDYA	9	260|261	330					blocked_software_unavailable	No visible GPU/torch/transformers/esm; torch-transformers install rejected by platform usage-limit escalation.
HA	YPYDVPDYA	9	261|262	330					blocked_software_unavailable	No visible GPU/torch/transformers/esm; torch-transformers install rejected by platform usage-limit escalation.
HA	YPYDVPDYA	9	262|263	330					blocked_software_unavailable	No visible GPU/torch/transformers/esm; torch-transformers install rejected by platform usage-limit escalation.
HA	YPYDVPDYA	9	263|264	330					blocked_software_unavailable	No visible GPU/torch/transformers/esm; torch-transformers install rejected by platform usage-limit escalation.
HA	YPYDVPDYA	9	264|265	330					blocked_software_unavailable	No visible GPU/torch/transformers/esm; torch-transformers install rejected by platform usage-limit escalation.
HA	YPYDVPDYA	9	265|266	330					blocked_software_unavailable	No visible GPU/torch/transformers/esm; torch-transformers install rejected by platform usage-limit escalation.
HA	YPYDVPDYA	9	266|267	330					blocked_software_unavailable	No visible GPU/torch/transformers/esm; torch-transformers install rejected by platform usage-limit escalation.
HA	YPYDVPDYA	9	267|268	330					blocked_software_unavailable	No visible GPU/torch/transformers/esm; torch-transformers install rejected by platform usage-limit escalation.
HA	YPYDVPDYA	9	268|269	330					blocked_software_unavailable	No visible GPU/torch/transformers/esm; torch-transformers install rejected by platform usage-limit escalation.
HA	YPYDVPDYA	9	269|270	330					blocked_software_unavailable	No visible GPU/torch/transformers/esm; torch-transformers install rejected by platform usage-limit escalation.
HA	YPYDVPDYA	9	270|271	330					blocked_software_unavailable	No visible GPU/torch/transformers/esm; torch-transformers install rejected by platform usage-limit escalation.
HA	YPYDVPDYA	9	271|272	330					blocked_software_unavailable	No visible GPU/torch/transformers/esm; torch-transformers install rejected by platform usage-limit escalation.
HA	YPYDVPDYA	9	272|273	330					blocked_software_unavailable	No visible GPU/torch/transformers/esm; torch-transformers install rejected by platform usage-limit escalation.
HA	YPYDVPDYA	9	273|274	330					blocked_software_unavailable	No visible GPU/torch/transformers/esm; torch-transformers install rejected by platform usage-limit escalation.
HA	YPYDVPDYA	9	274|275	330					blocked_software_unavailable	No visible GPU/torch/transformers/esm; torch-transformers install rejected by platform usage-limit escalation.
HA	YPYDVPDYA	9	275|276	330					blocked_software_unavailable	No visible GPU/torch/transformers/esm; torch-transformers install rejected by platform usage-limit escalation.
HA	YPYDVPDYA	9	276|277	330					blocked_software_unavailable	No visible GPU/torch/transformers/esm; torch-transformers install rejected by platform usage-limit escalation.
HA	YPYDVPDYA	9	277|278	330					blocked_software_unavailable	No visible GPU/torch/transformers/esm; torch-transformers install rejected by platform usage-limit escalation.
HA	YPYDVPDYA	9	278|279	330					blocked_software_unavailable	No visible GPU/torch/transformers/esm; torch-transformers install rejected by platform usage-limit escalation.
HA	YPYDVPDYA	9	279|280	330					blocked_software_unavailable	No visible GPU/torch/transformers/esm; torch-transformers install rejected by platform usage-limit escalation.
HA	YPYDVPDYA	9	280|281	330					blocked_software_unavailable	No visible GPU/torch/transformers/esm; torch-transformers install rejected by platform usage-limit escalation.
HA	YPYDVPDYA	9	281|282	330					blocked_software_unavailable	No visible GPU/torch/transformers/esm; torch-transformers install rejected by platform usage-limit escalation.
HA	YPYDVPDYA	9	282|283	330					blocked_software_unavailable	No visible GPU/torch/transformers/esm; torch-transformers install rejected by platform usage-limit escalation.
HA	YPYDVPDYA	9	283|284	330					blocked_software_unavailable	No visible GPU/torch/transformers/esm; torch-transformers install rejected by platform usage-limit escalation.
HA	YPYDVPDYA	9	284|285	330					blocked_software_unavailable	No visible GPU/torch/transformers/esm; torch-transformers install rejected by platform usage-limit escalation.
HA	YPYDVPDYA	9	285|286	330					blocked_software_unavailable	No visible GPU/torch/transformers/esm; torch-transformers install rejected by platform usage-limit escalation.
HA	YPYDVPDYA	9	286|287	330					blocked_software_unavailable	No visible GPU/torch/transformers/esm; torch-transformers install rejected by platform usage-limit escalation.
HA	YPYDVPDYA	9	287|288	330					blocked_software_unavailable	No visible GPU/torch/transformers/esm; torch-transformers install rejected by platform usage-limit escalation.
HA	YPYDVPDYA	9	288|289	330					blocked_software_unavailable	No visible GPU/torch/transformers/esm; torch-transformers install rejected by platform usage-limit escalation.
HA	YPYDVPDYA	9	289|290	330					blocked_software_unavailable	No visible GPU/torch/transformers/esm; torch-transformers install rejected by platform usage-limit escalation.
HA	YPYDVPDYA	9	290|291	330					blocked_software_unavailable	No visible GPU/torch/transformers/esm; torch-transformers install rejected by platform usage-limit escalation.
HA	YPYDVPDYA	9	291|292	330					blocked_software_unavailable	No visible GPU/torch/transformers/esm; torch-transformers install rejected by platform usage-limit escalation.
HA	YPYDVPDYA	9	292|293	330					blocked_software_unavailable	No visible GPU/torch/transformers/esm; torch-transformers install rejected by platform usage-limit escalation.
HA	YPYDVPDYA	9	293|294	330					blocked_software_unavailable	No visible GPU/torch/transformers/esm; torch-transformers install rejected by platform usage-limit escalation.
HA	YPYDVPDYA	9	294|295	330					blocked_software_unavailable	No visible GPU/torch/transformers/esm; torch-transformers install rejected by platform usage-limit escalation.
HA	YPYDVPDYA	9	295|296	330					blocked_software_unavailable	No visible GPU/torch/transformers/esm; torch-transformers install rejected by platform usage-limit escalation.
HA	YPYDVPDYA	9	296|297	330					blocked_software_unavailable	No visible GPU/torch/transformers/esm; torch-transformers install rejected by platform usage-limit escalation.
HA	YPYDVPDYA	9	297|298	330					blocked_software_unavailable	No visible GPU/torch/transformers/esm; torch-transformers install rejected by platform usage-limit escalation.
HA	YPYDVPDYA	9	298|299	330					blocked_software_unavailable	No visible GPU/torch/transformers/esm; torch-transformers install rejected by platform usage-limit escalation.
HA	YPYDVPDYA	9	299|300	330					blocked_software_unavailable	No visible GPU/torch/transformers/esm; torch-transformers install rejected by platform usage-limit escalation.
HA	YPYDVPDYA	9	300|301	330					blocked_software_unavailable	No visible GPU/torch/transformers/esm; torch-transformers install rejected by platform usage-limit escalation.
HA	YPYDVPDYA	9	301|302	330					blocked_software_unavailable	No visible GPU/torch/transformers/esm; torch-transformers install rejected by platform usage-limit escalation.
HA	YPYDVPDYA	9	302|303	330					blocked_software_unavailable	No visible GPU/torch/transformers/esm; torch-transformers install rejected by platform usage-limit escalation.
HA	YPYDVPDYA	9	303|304	330					blocked_software_unavailable	No visible GPU/torch/transformers/esm; torch-transformers install rejected by platform usage-limit escalation.
HA	YPYDVPDYA	9	304|305	330					blocked_software_unavailable	No visible GPU/torch/transformers/esm; torch-transformers install rejected by platform usage-limit escalation.
HA	YPYDVPDYA	9	305|306	330					blocked_software_unavailable	No visible GPU/torch/transformers/esm; torch-transformers install rejected by platform usage-limit escalation.
HA	YPYDVPDYA	9	306|307	330					blocked_software_unavailable	No visible GPU/torch/transformers/esm; torch-transformers install rejected by platform usage-limit escalation.
HA	YPYDVPDYA	9	307|308	330					blocked_software_unavailable	No visible GPU/torch/transformers/esm; torch-transformers install rejected by platform usage-limit escalation.
HA	YPYDVPDYA	9	308|309	330					blocked_software_unavailable	No visible GPU/torch/transformers/esm; torch-transformers install rejected by platform usage-limit escalation.
HA	YPYDVPDYA	9	309|310	330					blocked_software_unavailable	No visible GPU/torch/transformers/esm; torch-transformers install rejected by platform usage-limit escalation.
HA	YPYDVPDYA	9	310|311	330					blocked_software_unavailable	No visible GPU/torch/transformers/esm; torch-transformers install rejected by platform usage-limit escalation.
HA	YPYDVPDYA	9	311|312	330					blocked_software_unavailable	No visible GPU/torch/transformers/esm; torch-transformers install rejected by platform usage-limit escalation.
HA	YPYDVPDYA	9	312|313	330					blocked_software_unavailable	No visible GPU/torch/transformers/esm; torch-transformers install rejected by platform usage-limit escalation.
HA	YPYDVPDYA	9	313|314	330					blocked_software_unavailable	No visible GPU/torch/transformers/esm; torch-transformers install rejected by platform usage-limit escalation.
HA	YPYDVPDYA	9	314|315	330					blocked_software_unavailable	No visible GPU/torch/transformers/esm; torch-transformers install rejected by platform usage-limit escalation.
HA	YPYDVPDYA	9	315|316	330					blocked_software_unavailable	No visible GPU/torch/transformers/esm; torch-transformers install rejected by platform usage-limit escalation.
HA	YPYDVPDYA	9	316|317	330					blocked_software_unavailable	No visible GPU/torch/transformers/esm; torch-transformers install rejected by platform usage-limit escalation.
HA	YPYDVPDYA	9	317|318	330					blocked_software_unavailable	No visible GPU/torch/transformers/esm; torch-transformers install rejected by platform usage-limit escalation.
HA	YPYDVPDYA	9	318|319	330					blocked_software_unavailable	No visible GPU/torch/transformers/esm; torch-transformers install rejected by platform usage-limit escalation.
HA	YPYDVPDYA	9	319|320	330					blocked_software_unavailable	No visible GPU/torch/transformers/esm; torch-transformers install rejected by platform usage-limit escalation.
HA	YPYDVPDYA	9	320|321	330					blocked_software_unavailable	No visible GPU/torch/transformers/esm; torch-transformers install rejected by platform usage-limit escalation.
G196_minimal	DLVPR	5	1|2	326					blocked_software_unavailable	No visible GPU/torch/transformers/esm; torch-transformers install rejected by platform usage-limit escalation.
G196_minimal	DLVPR	5	2|3	326					blocked_software_unavailable	No visible GPU/torch/transformers/esm; torch-transformers install rejected by platform usage-limit escalation.
G196_minimal	DLVPR	5	3|4	326					blocked_software_unavailable	No visible GPU/torch/transformers/esm; torch-transformers install rejected by platform usage-limit escalation.
G196_minimal	DLVPR	5	4|5	326					blocked_software_unavailable	No visible GPU/torch/transformers/esm; torch-transformers install rejected by platform usage-limit escalation.
G196_minimal	DLVPR	5	5|6	326					blocked_software_unavailable	No visible GPU/torch/transformers/esm; torch-transformers install rejected by platform usage-limit escalation.
G196_minimal	DLVPR	5	6|7	326					blocked_software_unavailable	No visible GPU/torch/transformers/esm; torch-transformers install rejected by platform usage-limit escalation.
G196_minimal	DLVPR	5	7|8	326					blocked_software_unavailable	No visible GPU/torch/transformers/esm; torch-transformers install rejected by platform usage-limit escalation.
G196_minimal	DLVPR	5	8|9	326					blocked_software_unavailable	No visible GPU/torch/transformers/esm; torch-transformers install rejected by platform usage-limit escalation.
G196_minimal	DLVPR	5	9|10	326					blocked_software_unavailable	No visible GPU/torch/transformers/esm; torch-transformers install rejected by platform usage-limit escalation.
G196_minimal	DLVPR	5	10|11	326					blocked_software_unavailable	No visible GPU/torch/transformers/esm; torch-transformers install rejected by platform usage-limit escalation.
G196_minimal	DLVPR	5	11|12	326					blocked_software_unavailable	No visible GPU/torch/transformers/esm; torch-transformers install rejected by platform usage-limit escalation.
G196_minimal	DLVPR	5	12|13	326					blocked_software_unavailable	No visible GPU/torch/transformers/esm; torch-transformers install rejected by platform usage-limit escalation.
G196_minimal	DLVPR	5	13|14	326					blocked_software_unavailable	No visible GPU/torch/transformers/esm; torch-transformers install rejected by platform usage-limit escalation.
G196_minimal	DLVPR	5	14|15	326					blocked_software_unavailable	No visible GPU/torch/transformers/esm; torch-transformers install rejected by platform usage-limit escalation.
G196_minimal	DLVPR	5	15|16	326					blocked_software_unavailable	No visible GPU/torch/transformers/esm; torch-transformers install rejected by platform usage-limit escalation.
G196_minimal	DLVPR	5	16|17	326					blocked_software_unavailable	No visible GPU/torch/transformers/esm; torch-transformers install rejected by platform usage-limit escalation.
G196_minimal	DLVPR	5	17|18	326					blocked_software_unavailable	No visible GPU/torch/transformers/esm; torch-transformers install rejected by platform usage-limit escalation.
G196_minimal	DLVPR	5	18|19	326					blocked_software_unavailable	No visible GPU/torch/transformers/esm; torch-transformers install rejected by platform usage-limit escalation.
G196_minimal	DLVPR	5	19|20	326					blocked_software_unavailable	No visible GPU/torch/transformers/esm; torch-transformers install rejected by platform usage-limit escalation.
G196_minimal	DLVPR	5	20|21	326					blocked_software_unavailable	No visible GPU/torch/transformers/esm; torch-transformers install rejected by platform usage-limit escalation.
G196_minimal	DLVPR	5	21|22	326					blocked_software_unavailable	No visible GPU/torch/transformers/esm; torch-transformers install rejected by platform usage-limit escalation.
G196_minimal	DLVPR	5	22|23	326					blocked_software_unavailable	No visible GPU/torch/transformers/esm; torch-transformers install rejected by platform usage-limit escalation.
G196_minimal	DLVPR	5	23|24	326					blocked_software_unavailable	No visible GPU/torch/transformers/esm; torch-transformers install rejected by platform usage-limit escalation.
G196_minimal	DLVPR	5	24|25	326					blocked_software_unavailable	No visible GPU/torch/transformers/esm; torch-transformers install rejected by platform usage-limit escalation.
G196_minimal	DLVPR	5	25|26	326					blocked_software_unavailable	No visible GPU/torch/transformers/esm; torch-transformers install rejected by platform usage-limit escalation.
G196_minimal	DLVPR	5	26|27	326					blocked_software_unavailable	No visible GPU/torch/transformers/esm; torch-transformers install rejected by platform usage-limit escalation.
G196_minimal	DLVPR	5	27|28	326					blocked_software_unavailable	No visible GPU/torch/transformers/esm; torch-transformers install rejected by platform usage-limit escalation.
G196_minimal	DLVPR	5	28|29	326					blocked_software_unavailable	No visible GPU/torch/transformers/esm; torch-transformers install rejected by platform usage-limit escalation.
G196_minimal	DLVPR	5	29|30	326					blocked_software_unavailable	No visible GPU/torch/transformers/esm; torch-transformers install rejected by platform usage-limit escalation.
G196_minimal	DLVPR	5	30|31	326					blocked_software_unavailable	No visible GPU/torch/transformers/esm; torch-transformers install rejected by platform usage-limit escalation.
G196_minimal	DLVPR	5	31|32	326					blocked_software_unavailable	No visible GPU/torch/transformers/esm; torch-transformers install rejected by platform usage-limit escalation.
G196_minimal	DLVPR	5	32|33	326					blocked_software_unavailable	No visible GPU/torch/transformers/esm; torch-transformers install rejected by platform usage-limit escalation.
G196_minimal	DLVPR	5	33|34	326					blocked_software_unavailable	No visible GPU/torch/transformers/esm; torch-transformers install rejected by platform usage-limit escalation.
G196_minimal	DLVPR	5	34|35	326					blocked_software_unavailable	No visible GPU/torch/transformers/esm; torch-transformers install rejected by platform usage-limit escalation.
G196_minimal	DLVPR	5	35|36	326					blocked_software_unavailable	No visible GPU/torch/transformers/esm; torch-transformers install rejected by platform usage-limit escalation.
G196_minimal	DLVPR	5	36|37	326					blocked_software_unavailable	No visible GPU/torch/transformers/esm; torch-transformers install rejected by platform usage-limit escalation.
G196_minimal	DLVPR	5	37|38	326					blocked_software_unavailable	No visible GPU/torch/transformers/esm; torch-transformers install rejected by platform usage-limit escalation.
G196_minimal	DLVPR	5	38|39	326					blocked_software_unavailable	No visible GPU/torch/transformers/esm; torch-transformers install rejected by platform usage-limit escalation.
G196_minimal	DLVPR	5	39|40	326					blocked_software_unavailable	No visible GPU/torch/transformers/esm; torch-transformers install rejected by platform usage-limit escalation.
G196_minimal	DLVPR	5	40|41	326					blocked_software_unavailable	No visible GPU/torch/transformers/esm; torch-transformers install rejected by platform usage-limit escalation.
G196_minimal	DLVPR	5	41|42	326					blocked_software_unavailable	No visible GPU/torch/transformers/esm; torch-transformers install rejected by platform usage-limit escalation.
G196_minimal	DLVPR	5	42|43	326					blocked_software_unavailable	No visible GPU/torch/transformers/esm; torch-transformers install rejected by platform usage-limit escalation.
G196_minimal	DLVPR	5	43|44	326					blocked_software_unavailable	No visible GPU/torch/transformers/esm; torch-transformers install rejected by platform usage-limit escalation.
G196_minimal	DLVPR	5	44|45	326					blocked_software_unavailable	No visible GPU/torch/transformers/esm; torch-transformers install rejected by platform usage-limit escalation.
G196_minimal	DLVPR	5	45|46	326					blocked_software_unavailable	No visible GPU/torch/transformers/esm; torch-transformers install rejected by platform usage-limit escalation.
G196_minimal	DLVPR	5	46|47	326					blocked_software_unavailable	No visible GPU/torch/transformers/esm; torch-transformers install rejected by platform usage-limit escalation.
G196_minimal	DLVPR	5	47|48	326					blocked_software_unavailable	No visible GPU/torch/transformers/esm; torch-transformers install rejected by platform usage-limit escalation.
G196_minimal	DLVPR	5	48|49	326					blocked_software_unavailable	No visible GPU/torch/transformers/esm; torch-transformers install rejected by platform usage-limit escalation.
G196_minimal	DLVPR	5	49|50	326					blocked_software_unavailable	No visible GPU/torch/transformers/esm; torch-transformers install rejected by platform usage-limit escalation.
G196_minimal	DLVPR	5	50|51	326					blocked_software_unavailable	No visible GPU/torch/transformers/esm; torch-transformers install rejected by platform usage-limit escalation.
G196_minimal	DLVPR	5	51|52	326					blocked_software_unavailable	No visible GPU/torch/transformers/esm; torch-transformers install rejected by platform usage-limit escalation.
G196_minimal	DLVPR	5	52|53	326					blocked_software_unavailable	No visible GPU/torch/transformers/esm; torch-transformers install rejected by platform usage-limit escalation.
G196_minimal	DLVPR	5	53|54	326					blocked_software_unavailable	No visible GPU/torch/transformers/esm; torch-transformers install rejected by platform usage-limit escalation.
G196_minimal	DLVPR	5	54|55	326					blocked_software_unavailable	No visible GPU/torch/transformers/esm; torch-transformers install rejected by platform usage-limit escalation.
G196_minimal	DLVPR	5	55|56	326					blocked_software_unavailable	No visible GPU/torch/transformers/esm; torch-transformers install rejected by platform usage-limit escalation.
G196_minimal	DLVPR	5	56|57	326					blocked_software_unavailable	No visible GPU/torch/transformers/esm; torch-transformers install rejected by platform usage-limit escalation.
G196_minimal	DLVPR	5	57|58	326					blocked_software_unavailable	No visible GPU/torch/transformers/esm; torch-transformers install rejected by platform usage-limit escalation.
G196_minimal	DLVPR	5	58|59	326					blocked_software_unavailable	No visible GPU/torch/transformers/esm; torch-transformers install rejected by platform usage-limit escalation.
G196_minimal	DLVPR	5	59|60	326					blocked_software_unavailable	No visible GPU/torch/transformers/esm; torch-transformers install rejected by platform usage-limit escalation.
G196_minimal	DLVPR	5	60|61	326					blocked_software_unavailable	No visible GPU/torch/transformers/esm; torch-transformers install rejected by platform usage-limit escalation.
G196_minimal	DLVPR	5	61|62	326					blocked_software_unavailable	No visible GPU/torch/transformers/esm; torch-transformers install rejected by platform usage-limit escalation.
G196_minimal	DLVPR	5	62|63	326					blocked_software_unavailable	No visible GPU/torch/transformers/esm; torch-transformers install rejected by platform usage-limit escalation.
G196_minimal	DLVPR	5	63|64	326					blocked_software_unavailable	No visible GPU/torch/transformers/esm; torch-transformers install rejected by platform usage-limit escalation.
G196_minimal	DLVPR	5	64|65	326					blocked_software_unavailable	No visible GPU/torch/transformers/esm; torch-transformers install rejected by platform usage-limit escalation.
G196_minimal	DLVPR	5	65|66	326					blocked_software_unavailable	No visible GPU/torch/transformers/esm; torch-transformers install rejected by platform usage-limit escalation.
G196_minimal	DLVPR	5	66|67	326					blocked_software_unavailable	No visible GPU/torch/transformers/esm; torch-transformers install rejected by platform usage-limit escalation.
G196_minimal	DLVPR	5	67|68	326					blocked_software_unavailable	No visible GPU/torch/transformers/esm; torch-transformers install rejected by platform usage-limit escalation.
G196_minimal	DLVPR	5	68|69	326					blocked_software_unavailable	No visible GPU/torch/transformers/esm; torch-transformers install rejected by platform usage-limit escalation.
G196_minimal	DLVPR	5	69|70	326					blocked_software_unavailable	No visible GPU/torch/transformers/esm; torch-transformers install rejected by platform usage-limit escalation.
G196_minimal	DLVPR	5	70|71	326					blocked_software_unavailable	No visible GPU/torch/transformers/esm; torch-transformers install rejected by platform usage-limit escalation.
G196_minimal	DLVPR	5	71|72	326					blocked_software_unavailable	No visible GPU/torch/transformers/esm; torch-transformers install rejected by platform usage-limit escalation.
G196_minimal	DLVPR	5	72|73	326					blocked_software_unavailable	No visible GPU/torch/transformers/esm; torch-transformers install rejected by platform usage-limit escalation.
G196_minimal	DLVPR	5	73|74	326					blocked_software_unavailable	No visible GPU/torch/transformers/esm; torch-transformers install rejected by platform usage-limit escalation.
G196_minimal	DLVPR	5	74|75	326					blocked_software_unavailable	No visible GPU/torch/transformers/esm; torch-transformers install rejected by platform usage-limit escalation.
G196_minimal	DLVPR	5	75|76	326					blocked_software_unavailable	No visible GPU/torch/transformers/esm; torch-transformers install rejected by platform usage-limit escalation.
G196_minimal	DLVPR	5	76|77	326					blocked_software_unavailable	No visible GPU/torch/transformers/esm; torch-transformers install rejected by platform usage-limit escalation.
G196_minimal	DLVPR	5	77|78	326					blocked_software_unavailable	No visible GPU/torch/transformers/esm; torch-transformers install rejected by platform usage-limit escalation.
G196_minimal	DLVPR	5	78|79	326					blocked_software_unavailable	No visible GPU/torch/transformers/esm; torch-transformers install rejected by platform usage-limit escalation.
G196_minimal	DLVPR	5	79|80	326					blocked_software_unavailable	No visible GPU/torch/transformers/esm; torch-transformers install rejected by platform usage-limit escalation.
G196_minimal	DLVPR	5	80|81	326					blocked_software_unavailable	No visible GPU/torch/transformers/esm; torch-transformers install rejected by platform usage-limit escalation.
G196_minimal	DLVPR	5	81|82	326					blocked_software_unavailable	No visible GPU/torch/transformers/esm; torch-transformers install rejected by platform usage-limit escalation.
G196_minimal	DLVPR	5	82|83	326					blocked_software_unavailable	No visible GPU/torch/transformers/esm; torch-transformers install rejected by platform usage-limit escalation.
G196_minimal	DLVPR	5	83|84	326					blocked_software_unavailable	No visible GPU/torch/transformers/esm; torch-transformers install rejected by platform usage-limit escalation.
G196_minimal	DLVPR	5	84|85	326					blocked_software_unavailable	No visible GPU/torch/transformers/esm; torch-transformers install rejected by platform usage-limit escalation.
G196_minimal	DLVPR	5	85|86	326					blocked_software_unavailable	No visible GPU/torch/transformers/esm; torch-transformers install rejected by platform usage-limit escalation.
G196_minimal	DLVPR	5	86|87	326					blocked_software_unavailable	No visible GPU/torch/transformers/esm; torch-transformers install rejected by platform usage-limit escalation.
G196_minimal	DLVPR	5	87|88	326					blocked_software_unavailable	No visible GPU/torch/transformers/esm; torch-transformers install rejected by platform usage-limit escalation.
G196_minimal	DLVPR	5	88|89	326					blocked_software_unavailable	No visible GPU/torch/transformers/esm; torch-transformers install rejected by platform usage-limit escalation.
G196_minimal	DLVPR	5	89|90	326					blocked_software_unavailable	No visible GPU/torch/transformers/esm; torch-transformers install rejected by platform usage-limit escalation.
G196_minimal	DLVPR	5	90|91	326					blocked_software_unavailable	No visible GPU/torch/transformers/esm; torch-transformers install rejected by platform usage-limit escalation.
G196_minimal	DLVPR	5	91|92	326					blocked_software_unavailable	No visible GPU/torch/transformers/esm; torch-transformers install rejected by platform usage-limit escalation.
G196_minimal	DLVPR	5	92|93	326					blocked_software_unavailable	No visible GPU/torch/transformers/esm; torch-transformers install rejected by platform usage-limit escalation.
G196_minimal	DLVPR	5	93|94	326					blocked_software_unavailable	No visible GPU/torch/transformers/esm; torch-transformers install rejected by platform usage-limit escalation.
G196_minimal	DLVPR	5	94|95	326					blocked_software_unavailable	No visible GPU/torch/transformers/esm; torch-transformers install rejected by platform usage-limit escalation.
G196_minimal	DLVPR	5	95|96	326					blocked_software_unavailable	No visible GPU/torch/transformers/esm; torch-transformers install rejected by platform usage-limit escalation.
G196_minimal	DLVPR	5	96|97	326					blocked_software_unavailable	No visible GPU/torch/transformers/esm; torch-transformers install rejected by platform usage-limit escalation.
G196_minimal	DLVPR	5	97|98	326					blocked_software_unavailable	No visible GPU/torch/transformers/esm; torch-transformers install rejected by platform usage-limit escalation.
G196_minimal	DLVPR	5	98|99	326					blocked_software_unavailable	No visible GPU/torch/transformers/esm; torch-transformers install rejected by platform usage-limit escalation.
G196_minimal	DLVPR	5	99|100	326					blocked_software_unavailable	No visible GPU/torch/transformers/esm; torch-transformers install rejected by platform usage-limit escalation.
G196_minimal	DLVPR	5	100|101	326					blocked_software_unavailable	No visible GPU/torch/transformers/esm; torch-transformers install rejected by platform usage-limit escalation.
G196_minimal	DLVPR	5	101|102	326					blocked_software_unavailable	No visible GPU/torch/transformers/esm; torch-transformers install rejected by platform usage-limit escalation.
G196_minimal	DLVPR	5	102|103	326					blocked_software_unavailable	No visible GPU/torch/transformers/esm; torch-transformers install rejected by platform usage-limit escalation.
G196_minimal	DLVPR	5	103|104	326					blocked_software_unavailable	No visible GPU/torch/transformers/esm; torch-transformers install rejected by platform usage-limit escalation.
G196_minimal	DLVPR	5	104|105	326					blocked_software_unavailable	No visible GPU/torch/transformers/esm; torch-transformers install rejected by platform usage-limit escalation.
G196_minimal	DLVPR	5	105|106	326					blocked_software_unavailable	No visible GPU/torch/transformers/esm; torch-transformers install rejected by platform usage-limit escalation.
G196_minimal	DLVPR	5	106|107	326					blocked_software_unavailable	No visible GPU/torch/transformers/esm; torch-transformers install rejected by platform usage-limit escalation.
G196_minimal	DLVPR	5	107|108	326					blocked_software_unavailable	No visible GPU/torch/transformers/esm; torch-transformers install rejected by platform usage-limit escalation.
G196_minimal	DLVPR	5	108|109	326					blocked_software_unavailable	No visible GPU/torch/transformers/esm; torch-transformers install rejected by platform usage-limit escalation.
G196_minimal	DLVPR	5	109|110	326					blocked_software_unavailable	No visible GPU/torch/transformers/esm; torch-transformers install rejected by platform usage-limit escalation.
G196_minimal	DLVPR	5	110|111	326					blocked_software_unavailable	No visible GPU/torch/transformers/esm; torch-transformers install rejected by platform usage-limit escalation.
G196_minimal	DLVPR	5	111|112	326					blocked_software_unavailable	No visible GPU/torch/transformers/esm; torch-transformers install rejected by platform usage-limit escalation.
G196_minimal	DLVPR	5	112|113	326					blocked_software_unavailable	No visible GPU/torch/transformers/esm; torch-transformers install rejected by platform usage-limit escalation.
G196_minimal	DLVPR	5	113|114	326					blocked_software_unavailable	No visible GPU/torch/transformers/esm; torch-transformers install rejected by platform usage-limit escalation.
G196_minimal	DLVPR	5	114|115	326					blocked_software_unavailable	No visible GPU/torch/transformers/esm; torch-transformers install rejected by platform usage-limit escalation.
G196_minimal	DLVPR	5	115|116	326					blocked_software_unavailable	No visible GPU/torch/transformers/esm; torch-transformers install rejected by platform usage-limit escalation.
G196_minimal	DLVPR	5	116|117	326					blocked_software_unavailable	No visible GPU/torch/transformers/esm; torch-transformers install rejected by platform usage-limit escalation.
G196_minimal	DLVPR	5	117|118	326					blocked_software_unavailable	No visible GPU/torch/transformers/esm; torch-transformers install rejected by platform usage-limit escalation.
G196_minimal	DLVPR	5	118|119	326					blocked_software_unavailable	No visible GPU/torch/transformers/esm; torch-transformers install rejected by platform usage-limit escalation.
G196_minimal	DLVPR	5	119|120	326					blocked_software_unavailable	No visible GPU/torch/transformers/esm; torch-transformers install rejected by platform usage-limit escalation.
G196_minimal	DLVPR	5	120|121	326					blocked_software_unavailable	No visible GPU/torch/transformers/esm; torch-transformers install rejected by platform usage-limit escalation.
G196_minimal	DLVPR	5	121|122	326					blocked_software_unavailable	No visible GPU/torch/transformers/esm; torch-transformers install rejected by platform usage-limit escalation.
G196_minimal	DLVPR	5	122|123	326					blocked_software_unavailable	No visible GPU/torch/transformers/esm; torch-transformers install rejected by platform usage-limit escalation.
G196_minimal	DLVPR	5	123|124	326					blocked_software_unavailable	No visible GPU/torch/transformers/esm; torch-transformers install rejected by platform usage-limit escalation.
G196_minimal	DLVPR	5	124|125	326					blocked_software_unavailable	No visible GPU/torch/transformers/esm; torch-transformers install rejected by platform usage-limit escalation.
G196_minimal	DLVPR	5	125|126	326					blocked_software_unavailable	No visible GPU/torch/transformers/esm; torch-transformers install rejected by platform usage-limit escalation.
G196_minimal	DLVPR	5	126|127	326					blocked_software_unavailable	No visible GPU/torch/transformers/esm; torch-transformers install rejected by platform usage-limit escalation.
G196_minimal	DLVPR	5	127|128	326					blocked_software_unavailable	No visible GPU/torch/transformers/esm; torch-transformers install rejected by platform usage-limit escalation.
G196_minimal	DLVPR	5	128|129	326					blocked_software_unavailable	No visible GPU/torch/transformers/esm; torch-transformers install rejected by platform usage-limit escalation.
G196_minimal	DLVPR	5	129|130	326					blocked_software_unavailable	No visible GPU/torch/transformers/esm; torch-transformers install rejected by platform usage-limit escalation.
G196_minimal	DLVPR	5	130|131	326					blocked_software_unavailable	No visible GPU/torch/transformers/esm; torch-transformers install rejected by platform usage-limit escalation.
G196_minimal	DLVPR	5	131|132	326					blocked_software_unavailable	No visible GPU/torch/transformers/esm; torch-transformers install rejected by platform usage-limit escalation.
G196_minimal	DLVPR	5	132|133	326					blocked_software_unavailable	No visible GPU/torch/transformers/esm; torch-transformers install rejected by platform usage-limit escalation.
G196_minimal	DLVPR	5	133|134	326					blocked_software_unavailable	No visible GPU/torch/transformers/esm; torch-transformers install rejected by platform usage-limit escalation.
G196_minimal	DLVPR	5	134|135	326					blocked_software_unavailable	No visible GPU/torch/transformers/esm; torch-transformers install rejected by platform usage-limit escalation.
G196_minimal	DLVPR	5	135|136	326					blocked_software_unavailable	No visible GPU/torch/transformers/esm; torch-transformers install rejected by platform usage-limit escalation.
G196_minimal	DLVPR	5	136|137	326					blocked_software_unavailable	No visible GPU/torch/transformers/esm; torch-transformers install rejected by platform usage-limit escalation.
G196_minimal	DLVPR	5	137|138	326					blocked_software_unavailable	No visible GPU/torch/transformers/esm; torch-transformers install rejected by platform usage-limit escalation.
G196_minimal	DLVPR	5	138|139	326					blocked_software_unavailable	No visible GPU/torch/transformers/esm; torch-transformers install rejected by platform usage-limit escalation.
G196_minimal	DLVPR	5	139|140	326					blocked_software_unavailable	No visible GPU/torch/transformers/esm; torch-transformers install rejected by platform usage-limit escalation.
G196_minimal	DLVPR	5	140|141	326					blocked_software_unavailable	No visible GPU/torch/transformers/esm; torch-transformers install rejected by platform usage-limit escalation.
G196_minimal	DLVPR	5	141|142	326					blocked_software_unavailable	No visible GPU/torch/transformers/esm; torch-transformers install rejected by platform usage-limit escalation.
G196_minimal	DLVPR	5	142|143	326					blocked_software_unavailable	No visible GPU/torch/transformers/esm; torch-transformers install rejected by platform usage-limit escalation.
G196_minimal	DLVPR	5	143|144	326					blocked_software_unavailable	No visible GPU/torch/transformers/esm; torch-transformers install rejected by platform usage-limit escalation.
G196_minimal	DLVPR	5	144|145	326					blocked_software_unavailable	No visible GPU/torch/transformers/esm; torch-transformers install rejected by platform usage-limit escalation.
G196_minimal	DLVPR	5	145|146	326					blocked_software_unavailable	No visible GPU/torch/transformers/esm; torch-transformers install rejected by platform usage-limit escalation.
G196_minimal	DLVPR	5	146|147	326					blocked_software_unavailable	No visible GPU/torch/transformers/esm; torch-transformers install rejected by platform usage-limit escalation.
G196_minimal	DLVPR	5	147|148	326					blocked_software_unavailable	No visible GPU/torch/transformers/esm; torch-transformers install rejected by platform usage-limit escalation.
G196_minimal	DLVPR	5	148|149	326					blocked_software_unavailable	No visible GPU/torch/transformers/esm; torch-transformers install rejected by platform usage-limit escalation.
G196_minimal	DLVPR	5	149|150	326					blocked_software_unavailable	No visible GPU/torch/transformers/esm; torch-transformers install rejected by platform usage-limit escalation.
G196_minimal	DLVPR	5	150|151	326					blocked_software_unavailable	No visible GPU/torch/transformers/esm; torch-transformers install rejected by platform usage-limit escalation.
G196_minimal	DLVPR	5	151|152	326					blocked_software_unavailable	No visible GPU/torch/transformers/esm; torch-transformers install rejected by platform usage-limit escalation.
G196_minimal	DLVPR	5	152|153	326					blocked_software_unavailable	No visible GPU/torch/transformers/esm; torch-transformers install rejected by platform usage-limit escalation.
G196_minimal	DLVPR	5	153|154	326					blocked_software_unavailable	No visible GPU/torch/transformers/esm; torch-transformers install rejected by platform usage-limit escalation.
G196_minimal	DLVPR	5	154|155	326					blocked_software_unavailable	No visible GPU/torch/transformers/esm; torch-transformers install rejected by platform usage-limit escalation.
G196_minimal	DLVPR	5	155|156	326					blocked_software_unavailable	No visible GPU/torch/transformers/esm; torch-transformers install rejected by platform usage-limit escalation.
G196_minimal	DLVPR	5	156|157	326					blocked_software_unavailable	No visible GPU/torch/transformers/esm; torch-transformers install rejected by platform usage-limit escalation.
G196_minimal	DLVPR	5	157|158	326					blocked_software_unavailable	No visible GPU/torch/transformers/esm; torch-transformers install rejected by platform usage-limit escalation.
G196_minimal	DLVPR	5	158|159	326					blocked_software_unavailable	No visible GPU/torch/transformers/esm; torch-transformers install rejected by platform usage-limit escalation.
G196_minimal	DLVPR	5	159|160	326					blocked_software_unavailable	No visible GPU/torch/transformers/esm; torch-transformers install rejected by platform usage-limit escalation.
G196_minimal	DLVPR	5	160|161	326					blocked_software_unavailable	No visible GPU/torch/transformers/esm; torch-transformers install rejected by platform usage-limit escalation.
G196_minimal	DLVPR	5	161|162	326					blocked_software_unavailable	No visible GPU/torch/transformers/esm; torch-transformers install rejected by platform usage-limit escalation.
G196_minimal	DLVPR	5	162|163	326					blocked_software_unavailable	No visible GPU/torch/transformers/esm; torch-transformers install rejected by platform usage-limit escalation.
G196_minimal	DLVPR	5	163|164	326					blocked_software_unavailable	No visible GPU/torch/transformers/esm; torch-transformers install rejected by platform usage-limit escalation.
G196_minimal	DLVPR	5	164|165	326					blocked_software_unavailable	No visible GPU/torch/transformers/esm; torch-transformers install rejected by platform usage-limit escalation.
G196_minimal	DLVPR	5	165|166	326					blocked_software_unavailable	No visible GPU/torch/transformers/esm; torch-transformers install rejected by platform usage-limit escalation.
G196_minimal	DLVPR	5	166|167	326					blocked_software_unavailable	No visible GPU/torch/transformers/esm; torch-transformers install rejected by platform usage-limit escalation.
G196_minimal	DLVPR	5	167|168	326					blocked_software_unavailable	No visible GPU/torch/transformers/esm; torch-transformers install rejected by platform usage-limit escalation.
G196_minimal	DLVPR	5	168|169	326					blocked_software_unavailable	No visible GPU/torch/transformers/esm; torch-transformers install rejected by platform usage-limit escalation.
G196_minimal	DLVPR	5	169|170	326					blocked_software_unavailable	No visible GPU/torch/transformers/esm; torch-transformers install rejected by platform usage-limit escalation.
G196_minimal	DLVPR	5	170|171	326					blocked_software_unavailable	No visible GPU/torch/transformers/esm; torch-transformers install rejected by platform usage-limit escalation.
G196_minimal	DLVPR	5	171|172	326					blocked_software_unavailable	No visible GPU/torch/transformers/esm; torch-transformers install rejected by platform usage-limit escalation.
G196_minimal	DLVPR	5	172|173	326					blocked_software_unavailable	No visible GPU/torch/transformers/esm; torch-transformers install rejected by platform usage-limit escalation.
G196_minimal	DLVPR	5	173|174	326					blocked_software_unavailable	No visible GPU/torch/transformers/esm; torch-transformers install rejected by platform usage-limit escalation.
G196_minimal	DLVPR	5	174|175	326					blocked_software_unavailable	No visible GPU/torch/transformers/esm; torch-transformers install rejected by platform usage-limit escalation.
G196_minimal	DLVPR	5	175|176	326					blocked_software_unavailable	No visible GPU/torch/transformers/esm; torch-transformers install rejected by platform usage-limit escalation.
G196_minimal	DLVPR	5	176|177	326					blocked_software_unavailable	No visible GPU/torch/transformers/esm; torch-transformers install rejected by platform usage-limit escalation.
G196_minimal	DLVPR	5	177|178	326					blocked_software_unavailable	No visible GPU/torch/transformers/esm; torch-transformers install rejected by platform usage-limit escalation.
G196_minimal	DLVPR	5	178|179	326					blocked_software_unavailable	No visible GPU/torch/transformers/esm; torch-transformers install rejected by platform usage-limit escalation.
G196_minimal	DLVPR	5	179|180	326					blocked_software_unavailable	No visible GPU/torch/transformers/esm; torch-transformers install rejected by platform usage-limit escalation.
G196_minimal	DLVPR	5	180|181	326					blocked_software_unavailable	No visible GPU/torch/transformers/esm; torch-transformers install rejected by platform usage-limit escalation.
G196_minimal	DLVPR	5	181|182	326					blocked_software_unavailable	No visible GPU/torch/transformers/esm; torch-transformers install rejected by platform usage-limit escalation.
G196_minimal	DLVPR	5	182|183	326					blocked_software_unavailable	No visible GPU/torch/transformers/esm; torch-transformers install rejected by platform usage-limit escalation.
G196_minimal	DLVPR	5	183|184	326					blocked_software_unavailable	No visible GPU/torch/transformers/esm; torch-transformers install rejected by platform usage-limit escalation.
G196_minimal	DLVPR	5	184|185	326					blocked_software_unavailable	No visible GPU/torch/transformers/esm; torch-transformers install rejected by platform usage-limit escalation.
G196_minimal	DLVPR	5	185|186	326					blocked_software_unavailable	No visible GPU/torch/transformers/esm; torch-transformers install rejected by platform usage-limit escalation.
G196_minimal	DLVPR	5	186|187	326					blocked_software_unavailable	No visible GPU/torch/transformers/esm; torch-transformers install rejected by platform usage-limit escalation.
G196_minimal	DLVPR	5	187|188	326					blocked_software_unavailable	No visible GPU/torch/transformers/esm; torch-transformers install rejected by platform usage-limit escalation.
G196_minimal	DLVPR	5	188|189	326					blocked_software_unavailable	No visible GPU/torch/transformers/esm; torch-transformers install rejected by platform usage-limit escalation.
G196_minimal	DLVPR	5	189|190	326					blocked_software_unavailable	No visible GPU/torch/transformers/esm; torch-transformers install rejected by platform usage-limit escalation.
G196_minimal	DLVPR	5	190|191	326					blocked_software_unavailable	No visible GPU/torch/transformers/esm; torch-transformers install rejected by platform usage-limit escalation.
G196_minimal	DLVPR	5	191|192	326					blocked_software_unavailable	No visible GPU/torch/transformers/esm; torch-transformers install rejected by platform usage-limit escalation.
G196_minimal	DLVPR	5	192|193	326					blocked_software_unavailable	No visible GPU/torch/transformers/esm; torch-transformers install rejected by platform usage-limit escalation.
G196_minimal	DLVPR	5	193|194	326					blocked_software_unavailable	No visible GPU/torch/transformers/esm; torch-transformers install rejected by platform usage-limit escalation.
G196_minimal	DLVPR	5	194|195	326					blocked_software_unavailable	No visible GPU/torch/transformers/esm; torch-transformers install rejected by platform usage-limit escalation.
G196_minimal	DLVPR	5	195|196	326					blocked_software_unavailable	No visible GPU/torch/transformers/esm; torch-transformers install rejected by platform usage-limit escalation.
G196_minimal	DLVPR	5	196|197	326					blocked_software_unavailable	No visible GPU/torch/transformers/esm; torch-transformers install rejected by platform usage-limit escalation.
G196_minimal	DLVPR	5	197|198	326					blocked_software_unavailable	No visible GPU/torch/transformers/esm; torch-transformers install rejected by platform usage-limit escalation.
G196_minimal	DLVPR	5	198|199	326					blocked_software_unavailable	No visible GPU/torch/transformers/esm; torch-transformers install rejected by platform usage-limit escalation.
G196_minimal	DLVPR	5	199|200	326					blocked_software_unavailable	No visible GPU/torch/transformers/esm; torch-transformers install rejected by platform usage-limit escalation.
G196_minimal	DLVPR	5	200|201	326					blocked_software_unavailable	No visible GPU/torch/transformers/esm; torch-transformers install rejected by platform usage-limit escalation.
G196_minimal	DLVPR	5	201|202	326					blocked_software_unavailable	No visible GPU/torch/transformers/esm; torch-transformers install rejected by platform usage-limit escalation.
G196_minimal	DLVPR	5	202|203	326					blocked_software_unavailable	No visible GPU/torch/transformers/esm; torch-transformers install rejected by platform usage-limit escalation.
G196_minimal	DLVPR	5	203|204	326					blocked_software_unavailable	No visible GPU/torch/transformers/esm; torch-transformers install rejected by platform usage-limit escalation.
G196_minimal	DLVPR	5	204|205	326					blocked_software_unavailable	No visible GPU/torch/transformers/esm; torch-transformers install rejected by platform usage-limit escalation.
G196_minimal	DLVPR	5	205|206	326					blocked_software_unavailable	No visible GPU/torch/transformers/esm; torch-transformers install rejected by platform usage-limit escalation.
G196_minimal	DLVPR	5	206|207	326					blocked_software_unavailable	No visible GPU/torch/transformers/esm; torch-transformers install rejected by platform usage-limit escalation.
G196_minimal	DLVPR	5	207|208	326					blocked_software_unavailable	No visible GPU/torch/transformers/esm; torch-transformers install rejected by platform usage-limit escalation.
G196_minimal	DLVPR	5	208|209	326					blocked_software_unavailable	No visible GPU/torch/transformers/esm; torch-transformers install rejected by platform usage-limit escalation.
G196_minimal	DLVPR	5	209|210	326					blocked_software_unavailable	No visible GPU/torch/transformers/esm; torch-transformers install rejected by platform usage-limit escalation.
G196_minimal	DLVPR	5	210|211	326					blocked_software_unavailable	No visible GPU/torch/transformers/esm; torch-transformers install rejected by platform usage-limit escalation.
G196_minimal	DLVPR	5	211|212	326					blocked_software_unavailable	No visible GPU/torch/transformers/esm; torch-transformers install rejected by platform usage-limit escalation.
G196_minimal	DLVPR	5	212|213	326					blocked_software_unavailable	No visible GPU/torch/transformers/esm; torch-transformers install rejected by platform usage-limit escalation.
G196_minimal	DLVPR	5	213|214	326					blocked_software_unavailable	No visible GPU/torch/transformers/esm; torch-transformers install rejected by platform usage-limit escalation.
G196_minimal	DLVPR	5	214|215	326					blocked_software_unavailable	No visible GPU/torch/transformers/esm; torch-transformers install rejected by platform usage-limit escalation.
G196_minimal	DLVPR	5	215|216	326					blocked_software_unavailable	No visible GPU/torch/transformers/esm; torch-transformers install rejected by platform usage-limit escalation.
G196_minimal	DLVPR	5	216|217	326					blocked_software_unavailable	No visible GPU/torch/transformers/esm; torch-transformers install rejected by platform usage-limit escalation.
G196_minimal	DLVPR	5	217|218	326					blocked_software_unavailable	No visible GPU/torch/transformers/esm; torch-transformers install rejected by platform usage-limit escalation.
G196_minimal	DLVPR	5	218|219	326					blocked_software_unavailable	No visible GPU/torch/transformers/esm; torch-transformers install rejected by platform usage-limit escalation.
G196_minimal	DLVPR	5	219|220	326					blocked_software_unavailable	No visible GPU/torch/transformers/esm; torch-transformers install rejected by platform usage-limit escalation.
G196_minimal	DLVPR	5	220|221	326					blocked_software_unavailable	No visible GPU/torch/transformers/esm; torch-transformers install rejected by platform usage-limit escalation.
G196_minimal	DLVPR	5	221|222	326					blocked_software_unavailable	No visible GPU/torch/transformers/esm; torch-transformers install rejected by platform usage-limit escalation.
G196_minimal	DLVPR	5	222|223	326					blocked_software_unavailable	No visible GPU/torch/transformers/esm; torch-transformers install rejected by platform usage-limit escalation.
G196_minimal	DLVPR	5	223|224	326					blocked_software_unavailable	No visible GPU/torch/transformers/esm; torch-transformers install rejected by platform usage-limit escalation.
G196_minimal	DLVPR	5	224|225	326					blocked_software_unavailable	No visible GPU/torch/transformers/esm; torch-transformers install rejected by platform usage-limit escalation.
G196_minimal	DLVPR	5	225|226	326					blocked_software_unavailable	No visible GPU/torch/transformers/esm; torch-transformers install rejected by platform usage-limit escalation.
G196_minimal	DLVPR	5	226|227	326					blocked_software_unavailable	No visible GPU/torch/transformers/esm; torch-transformers install rejected by platform usage-limit escalation.
G196_minimal	DLVPR	5	227|228	326					blocked_software_unavailable	No visible GPU/torch/transformers/esm; torch-transformers install rejected by platform usage-limit escalation.
G196_minimal	DLVPR	5	228|229	326					blocked_software_unavailable	No visible GPU/torch/transformers/esm; torch-transformers install rejected by platform usage-limit escalation.
G196_minimal	DLVPR	5	229|230	326					blocked_software_unavailable	No visible GPU/torch/transformers/esm; torch-transformers install rejected by platform usage-limit escalation.
G196_minimal	DLVPR	5	230|231	326					blocked_software_unavailable	No visible GPU/torch/transformers/esm; torch-transformers install rejected by platform usage-limit escalation.
G196_minimal	DLVPR	5	231|232	326					blocked_software_unavailable	No visible GPU/torch/transformers/esm; torch-transformers install rejected by platform usage-limit escalation.
G196_minimal	DLVPR	5	232|233	326					blocked_software_unavailable	No visible GPU/torch/transformers/esm; torch-transformers install rejected by platform usage-limit escalation.
G196_minimal	DLVPR	5	233|234	326					blocked_software_unavailable	No visible GPU/torch/transformers/esm; torch-transformers install rejected by platform usage-limit escalation.
G196_minimal	DLVPR	5	234|235	326					blocked_software_unavailable	No visible GPU/torch/transformers/esm; torch-transformers install rejected by platform usage-limit escalation.
G196_minimal	DLVPR	5	235|236	326					blocked_software_unavailable	No visible GPU/torch/transformers/esm; torch-transformers install rejected by platform usage-limit escalation.
G196_minimal	DLVPR	5	236|237	326					blocked_software_unavailable	No visible GPU/torch/transformers/esm; torch-transformers install rejected by platform usage-limit escalation.
G196_minimal	DLVPR	5	237|238	326					blocked_software_unavailable	No visible GPU/torch/transformers/esm; torch-transformers install rejected by platform usage-limit escalation.
G196_minimal	DLVPR	5	238|239	326					blocked_software_unavailable	No visible GPU/torch/transformers/esm; torch-transformers install rejected by platform usage-limit escalation.
G196_minimal	DLVPR	5	239|240	326					blocked_software_unavailable	No visible GPU/torch/transformers/esm; torch-transformers install rejected by platform usage-limit escalation.
G196_minimal	DLVPR	5	240|241	326					blocked_software_unavailable	No visible GPU/torch/transformers/esm; torch-transformers install rejected by platform usage-limit escalation.
G196_minimal	DLVPR	5	241|242	326					blocked_software_unavailable	No visible GPU/torch/transformers/esm; torch-transformers install rejected by platform usage-limit escalation.
G196_minimal	DLVPR	5	242|243	326					blocked_software_unavailable	No visible GPU/torch/transformers/esm; torch-transformers install rejected by platform usage-limit escalation.
G196_minimal	DLVPR	5	243|244	326					blocked_software_unavailable	No visible GPU/torch/transformers/esm; torch-transformers install rejected by platform usage-limit escalation.
G196_minimal	DLVPR	5	244|245	326					blocked_software_unavailable	No visible GPU/torch/transformers/esm; torch-transformers install rejected by platform usage-limit escalation.
G196_minimal	DLVPR	5	245|246	326					blocked_software_unavailable	No visible GPU/torch/transformers/esm; torch-transformers install rejected by platform usage-limit escalation.
G196_minimal	DLVPR	5	246|247	326					blocked_software_unavailable	No visible GPU/torch/transformers/esm; torch-transformers install rejected by platform usage-limit escalation.
G196_minimal	DLVPR	5	247|248	326					blocked_software_unavailable	No visible GPU/torch/transformers/esm; torch-transformers install rejected by platform usage-limit escalation.
G196_minimal	DLVPR	5	248|249	326					blocked_software_unavailable	No visible GPU/torch/transformers/esm; torch-transformers install rejected by platform usage-limit escalation.
G196_minimal	DLVPR	5	249|250	326					blocked_software_unavailable	No visible GPU/torch/transformers/esm; torch-transformers install rejected by platform usage-limit escalation.
G196_minimal	DLVPR	5	250|251	326					blocked_software_unavailable	No visible GPU/torch/transformers/esm; torch-transformers install rejected by platform usage-limit escalation.
G196_minimal	DLVPR	5	251|252	326					blocked_software_unavailable	No visible GPU/torch/transformers/esm; torch-transformers install rejected by platform usage-limit escalation.
G196_minimal	DLVPR	5	252|253	326					blocked_software_unavailable	No visible GPU/torch/transformers/esm; torch-transformers install rejected by platform usage-limit escalation.
G196_minimal	DLVPR	5	253|254	326					blocked_software_unavailable	No visible GPU/torch/transformers/esm; torch-transformers install rejected by platform usage-limit escalation.
G196_minimal	DLVPR	5	254|255	326					blocked_software_unavailable	No visible GPU/torch/transformers/esm; torch-transformers install rejected by platform usage-limit escalation.
G196_minimal	DLVPR	5	255|256	326					blocked_software_unavailable	No visible GPU/torch/transformers/esm; torch-transformers install rejected by platform usage-limit escalation.
G196_minimal	DLVPR	5	256|257	326					blocked_software_unavailable	No visible GPU/torch/transformers/esm; torch-transformers install rejected by platform usage-limit escalation.
G196_minimal	DLVPR	5	257|258	326					blocked_software_unavailable	No visible GPU/torch/transformers/esm; torch-transformers install rejected by platform usage-limit escalation.
G196_minimal	DLVPR	5	258|259	326					blocked_software_unavailable	No visible GPU/torch/transformers/esm; torch-transformers install rejected by platform usage-limit escalation.
G196_minimal	DLVPR	5	259|260	326					blocked_software_unavailable	No visible GPU/torch/transformers/esm; torch-transformers install rejected by platform usage-limit escalation.
G196_minimal	DLVPR	5	260|261	326					blocked_software_unavailable	No visible GPU/torch/transformers/esm; torch-transformers install rejected by platform usage-limit escalation.
G196_minimal	DLVPR	5	261|262	326					blocked_software_unavailable	No visible GPU/torch/transformers/esm; torch-transformers install rejected by platform usage-limit escalation.
G196_minimal	DLVPR	5	262|263	326					blocked_software_unavailable	No visible GPU/torch/transformers/esm; torch-transformers install rejected by platform usage-limit escalation.
G196_minimal	DLVPR	5	263|264	326					blocked_software_unavailable	No visible GPU/torch/transformers/esm; torch-transformers install rejected by platform usage-limit escalation.
G196_minimal	DLVPR	5	264|265	326					blocked_software_unavailable	No visible GPU/torch/transformers/esm; torch-transformers install rejected by platform usage-limit escalation.
G196_minimal	DLVPR	5	265|266	326					blocked_software_unavailable	No visible GPU/torch/transformers/esm; torch-transformers install rejected by platform usage-limit escalation.
G196_minimal	DLVPR	5	266|267	326					blocked_software_unavailable	No visible GPU/torch/transformers/esm; torch-transformers install rejected by platform usage-limit escalation.
G196_minimal	DLVPR	5	267|268	326					blocked_software_unavailable	No visible GPU/torch/transformers/esm; torch-transformers install rejected by platform usage-limit escalation.
G196_minimal	DLVPR	5	268|269	326					blocked_software_unavailable	No visible GPU/torch/transformers/esm; torch-transformers install rejected by platform usage-limit escalation.
G196_minimal	DLVPR	5	269|270	326					blocked_software_unavailable	No visible GPU/torch/transformers/esm; torch-transformers install rejected by platform usage-limit escalation.
G196_minimal	DLVPR	5	270|271	326					blocked_software_unavailable	No visible GPU/torch/transformers/esm; torch-transformers install rejected by platform usage-limit escalation.
G196_minimal	DLVPR	5	271|272	326					blocked_software_unavailable	No visible GPU/torch/transformers/esm; torch-transformers install rejected by platform usage-limit escalation.
G196_minimal	DLVPR	5	272|273	326					blocked_software_unavailable	No visible GPU/torch/transformers/esm; torch-transformers install rejected by platform usage-limit escalation.
G196_minimal	DLVPR	5	273|274	326					blocked_software_unavailable	No visible GPU/torch/transformers/esm; torch-transformers install rejected by platform usage-limit escalation.
G196_minimal	DLVPR	5	274|275	326					blocked_software_unavailable	No visible GPU/torch/transformers/esm; torch-transformers install rejected by platform usage-limit escalation.
G196_minimal	DLVPR	5	275|276	326					blocked_software_unavailable	No visible GPU/torch/transformers/esm; torch-transformers install rejected by platform usage-limit escalation.
G196_minimal	DLVPR	5	276|277	326					blocked_software_unavailable	No visible GPU/torch/transformers/esm; torch-transformers install rejected by platform usage-limit escalation.
G196_minimal	DLVPR	5	277|278	326					blocked_software_unavailable	No visible GPU/torch/transformers/esm; torch-transformers install rejected by platform usage-limit escalation.
G196_minimal	DLVPR	5	278|279	326					blocked_software_unavailable	No visible GPU/torch/transformers/esm; torch-transformers install rejected by platform usage-limit escalation.
G196_minimal	DLVPR	5	279|280	326					blocked_software_unavailable	No visible GPU/torch/transformers/esm; torch-transformers install rejected by platform usage-limit escalation.
G196_minimal	DLVPR	5	280|281	326					blocked_software_unavailable	No visible GPU/torch/transformers/esm; torch-transformers install rejected by platform usage-limit escalation.
G196_minimal	DLVPR	5	281|282	326					blocked_software_unavailable	No visible GPU/torch/transformers/esm; torch-transformers install rejected by platform usage-limit escalation.
G196_minimal	DLVPR	5	282|283	326					blocked_software_unavailable	No visible GPU/torch/transformers/esm; torch-transformers install rejected by platform usage-limit escalation.
G196_minimal	DLVPR	5	283|284	326					blocked_software_unavailable	No visible GPU/torch/transformers/esm; torch-transformers install rejected by platform usage-limit escalation.
G196_minimal	DLVPR	5	284|285	326					blocked_software_unavailable	No visible GPU/torch/transformers/esm; torch-transformers install rejected by platform usage-limit escalation.
G196_minimal	DLVPR	5	285|286	326					blocked_software_unavailable	No visible GPU/torch/transformers/esm; torch-transformers install rejected by platform usage-limit escalation.
G196_minimal	DLVPR	5	286|287	326					blocked_software_unavailable	No visible GPU/torch/transformers/esm; torch-transformers install rejected by platform usage-limit escalation.
G196_minimal	DLVPR	5	287|288	326					blocked_software_unavailable	No visible GPU/torch/transformers/esm; torch-transformers install rejected by platform usage-limit escalation.
G196_minimal	DLVPR	5	288|289	326					blocked_software_unavailable	No visible GPU/torch/transformers/esm; torch-transformers install rejected by platform usage-limit escalation.
G196_minimal	DLVPR	5	289|290	326					blocked_software_unavailable	No visible GPU/torch/transformers/esm; torch-transformers install rejected by platform usage-limit escalation.
G196_minimal	DLVPR	5	290|291	326					blocked_software_unavailable	No visible GPU/torch/transformers/esm; torch-transformers install rejected by platform usage-limit escalation.
G196_minimal	DLVPR	5	291|292	326					blocked_software_unavailable	No visible GPU/torch/transformers/esm; torch-transformers install rejected by platform usage-limit escalation.
G196_minimal	DLVPR	5	292|293	326					blocked_software_unavailable	No visible GPU/torch/transformers/esm; torch-transformers install rejected by platform usage-limit escalation.
G196_minimal	DLVPR	5	293|294	326					blocked_software_unavailable	No visible GPU/torch/transformers/esm; torch-transformers install rejected by platform usage-limit escalation.
G196_minimal	DLVPR	5	294|295	326					blocked_software_unavailable	No visible GPU/torch/transformers/esm; torch-transformers install rejected by platform usage-limit escalation.
G196_minimal	DLVPR	5	295|296	326					blocked_software_unavailable	No visible GPU/torch/transformers/esm; torch-transformers install rejected by platform usage-limit escalation.
G196_minimal	DLVPR	5	296|297	326					blocked_software_unavailable	No visible GPU/torch/transformers/esm; torch-transformers install rejected by platform usage-limit escalation.
G196_minimal	DLVPR	5	297|298	326					blocked_software_unavailable	No visible GPU/torch/transformers/esm; torch-transformers install rejected by platform usage-limit escalation.
G196_minimal	DLVPR	5	298|299	326					blocked_software_unavailable	No visible GPU/torch/transformers/esm; torch-transformers install rejected by platform usage-limit escalation.
G196_minimal	DLVPR	5	299|300	326					blocked_software_unavailable	No visible GPU/torch/transformers/esm; torch-transformers install rejected by platform usage-limit escalation.
G196_minimal	DLVPR	5	300|301	326					blocked_software_unavailable	No visible GPU/torch/transformers/esm; torch-transformers install rejected by platform usage-limit escalation.
G196_minimal	DLVPR	5	301|302	326					blocked_software_unavailable	No visible GPU/torch/transformers/esm; torch-transformers install rejected by platform usage-limit escalation.
G196_minimal	DLVPR	5	302|303	326					blocked_software_unavailable	No visible GPU/torch/transformers/esm; torch-transformers install rejected by platform usage-limit escalation.
G196_minimal	DLVPR	5	303|304	326					blocked_software_unavailable	No visible GPU/torch/transformers/esm; torch-transformers install rejected by platform usage-limit escalation.
G196_minimal	DLVPR	5	304|305	326					blocked_software_unavailable	No visible GPU/torch/transformers/esm; torch-transformers install rejected by platform usage-limit escalation.
G196_minimal	DLVPR	5	305|306	326					blocked_software_unavailable	No visible GPU/torch/transformers/esm; torch-transformers install rejected by platform usage-limit escalation.
G196_minimal	DLVPR	5	306|307	326					blocked_software_unavailable	No visible GPU/torch/transformers/esm; torch-transformers install rejected by platform usage-limit escalation.
G196_minimal	DLVPR	5	307|308	326					blocked_software_unavailable	No visible GPU/torch/transformers/esm; torch-transformers install rejected by platform usage-limit escalation.
G196_minimal	DLVPR	5	308|309	326					blocked_software_unavailable	No visible GPU/torch/transformers/esm; torch-transformers install rejected by platform usage-limit escalation.
G196_minimal	DLVPR	5	309|310	326					blocked_software_unavailable	No visible GPU/torch/transformers/esm; torch-transformers install rejected by platform usage-limit escalation.
G196_minimal	DLVPR	5	310|311	326					blocked_software_unavailable	No visible GPU/torch/transformers/esm; torch-transformers install rejected by platform usage-limit escalation.
G196_minimal	DLVPR	5	311|312	326					blocked_software_unavailable	No visible GPU/torch/transformers/esm; torch-transformers install rejected by platform usage-limit escalation.
G196_minimal	DLVPR	5	312|313	326					blocked_software_unavailable	No visible GPU/torch/transformers/esm; torch-transformers install rejected by platform usage-limit escalation.
G196_minimal	DLVPR	5	313|314	326					blocked_software_unavailable	No visible GPU/torch/transformers/esm; torch-transformers install rejected by platform usage-limit escalation.
G196_minimal	DLVPR	5	314|315	326					blocked_software_unavailable	No visible GPU/torch/transformers/esm; torch-transformers install rejected by platform usage-limit escalation.
G196_minimal	DLVPR	5	315|316	326					blocked_software_unavailable	No visible GPU/torch/transformers/esm; torch-transformers install rejected by platform usage-limit escalation.
G196_minimal	DLVPR	5	316|317	326					blocked_software_unavailable	No visible GPU/torch/transformers/esm; torch-transformers install rejected by platform usage-limit escalation.
G196_minimal	DLVPR	5	317|318	326					blocked_software_unavailable	No visible GPU/torch/transformers/esm; torch-transformers install rejected by platform usage-limit escalation.
G196_minimal	DLVPR	5	318|319	326					blocked_software_unavailable	No visible GPU/torch/transformers/esm; torch-transformers install rejected by platform usage-limit escalation.
G196_minimal	DLVPR	5	319|320	326					blocked_software_unavailable	No visible GPU/torch/transformers/esm; torch-transformers install rejected by platform usage-limit escalation.
G196_minimal	DLVPR	5	320|321	326					blocked_software_unavailable	No visible GPU/torch/transformers/esm; torch-transformers install rejected by platform usage-limit escalation.
G196_practical_GS	GSDLVPRGS	9	1|2	330					blocked_software_unavailable	No visible GPU/torch/transformers/esm; torch-transformers install rejected by platform usage-limit escalation.
G196_practical_GS	GSDLVPRGS	9	2|3	330					blocked_software_unavailable	No visible GPU/torch/transformers/esm; torch-transformers install rejected by platform usage-limit escalation.
G196_practical_GS	GSDLVPRGS	9	3|4	330					blocked_software_unavailable	No visible GPU/torch/transformers/esm; torch-transformers install rejected by platform usage-limit escalation.
G196_practical_GS	GSDLVPRGS	9	4|5	330					blocked_software_unavailable	No visible GPU/torch/transformers/esm; torch-transformers install rejected by platform usage-limit escalation.
G196_practical_GS	GSDLVPRGS	9	5|6	330					blocked_software_unavailable	No visible GPU/torch/transformers/esm; torch-transformers install rejected by platform usage-limit escalation.
G196_practical_GS	GSDLVPRGS	9	6|7	330					blocked_software_unavailable	No visible GPU/torch/transformers/esm; torch-transformers install rejected by platform usage-limit escalation.
G196_practical_GS	GSDLVPRGS	9	7|8	330					blocked_software_unavailable	No visible GPU/torch/transformers/esm; torch-transformers install rejected by platform usage-limit escalation.
G196_practical_GS	GSDLVPRGS	9	8|9	330					blocked_software_unavailable	No visible GPU/torch/transformers/esm; torch-transformers install rejected by platform usage-limit escalation.
G196_practical_GS	GSDLVPRGS	9	9|10	330					blocked_software_unavailable	No visible GPU/torch/transformers/esm; torch-transformers install rejected by platform usage-limit escalation.
G196_practical_GS	GSDLVPRGS	9	10|11	330					blocked_software_unavailable	No visible GPU/torch/transformers/esm; torch-transformers install rejected by platform usage-limit escalation.
G196_practical_GS	GSDLVPRGS	9	11|12	330					blocked_software_unavailable	No visible GPU/torch/transformers/esm; torch-transformers install rejected by platform usage-limit escalation.
G196_practical_GS	GSDLVPRGS	9	12|13	330					blocked_software_unavailable	No visible GPU/torch/transformers/esm; torch-transformers install rejected by platform usage-limit escalation.
G196_practical_GS	GSDLVPRGS	9	13|14	330					blocked_software_unavailable	No visible GPU/torch/transformers/esm; torch-transformers install rejected by platform usage-limit escalation.
G196_practical_GS	GSDLVPRGS	9	14|15	330					blocked_software_unavailable	No visible GPU/torch/transformers/esm; torch-transformers install rejected by platform usage-limit escalation.
G196_practical_GS	GSDLVPRGS	9	15|16	330					blocked_software_unavailable	No visible GPU/torch/transformers/esm; torch-transformers install rejected by platform usage-limit escalation.
G196_practical_GS	GSDLVPRGS	9	16|17	330					blocked_software_unavailable	No visible GPU/torch/transformers/esm; torch-transformers install rejected by platform usage-limit escalation.
G196_practical_GS	GSDLVPRGS	9	17|18	330					blocked_software_unavailable	No visible GPU/torch/transformers/esm; torch-transformers install rejected by platform usage-limit escalation.
G196_practical_GS	GSDLVPRGS	9	18|19	330					blocked_software_unavailable	No visible GPU/torch/transformers/esm; torch-transformers install rejected by platform usage-limit escalation.
G196_practical_GS	GSDLVPRGS	9	19|20	330					blocked_software_unavailable	No visible GPU/torch/transformers/esm; torch-transformers install rejected by platform usage-limit escalation.
G196_practical_GS	GSDLVPRGS	9	20|21	330					blocked_software_unavailable	No visible GPU/torch/transformers/esm; torch-transformers install rejected by platform usage-limit escalation.
G196_practical_GS	GSDLVPRGS	9	21|22	330					blocked_software_unavailable	No visible GPU/torch/transformers/esm; torch-transformers install rejected by platform usage-limit escalation.
G196_practical_GS	GSDLVPRGS	9	22|23	330					blocked_software_unavailable	No visible GPU/torch/transformers/esm; torch-transformers install rejected by platform usage-limit escalation.
G196_practical_GS	GSDLVPRGS	9	23|24	330					blocked_software_unavailable	No visible GPU/torch/transformers/esm; torch-transformers install rejected by platform usage-limit escalation.
G196_practical_GS	GSDLVPRGS	9	24|25	330					blocked_software_unavailable	No visible GPU/torch/transformers/esm; torch-transformers install rejected by platform usage-limit escalation.
G196_practical_GS	GSDLVPRGS	9	25|26	330					blocked_software_unavailable	No visible GPU/torch/transformers/esm; torch-transformers install rejected by platform usage-limit escalation.
G196_practical_GS	GSDLVPRGS	9	26|27	330					blocked_software_unavailable	No visible GPU/torch/transformers/esm; torch-transformers install rejected by platform usage-limit escalation.
G196_practical_GS	GSDLVPRGS	9	27|28	330					blocked_software_unavailable	No visible GPU/torch/transformers/esm; torch-transformers install rejected by platform usage-limit escalation.
G196_practical_GS	GSDLVPRGS	9	28|29	330					blocked_software_unavailable	No visible GPU/torch/transformers/esm; torch-transformers install rejected by platform usage-limit escalation.
G196_practical_GS	GSDLVPRGS	9	29|30	330					blocked_software_unavailable	No visible GPU/torch/transformers/esm; torch-transformers install rejected by platform usage-limit escalation.
G196_practical_GS	GSDLVPRGS	9	30|31	330					blocked_software_unavailable	No visible GPU/torch/transformers/esm; torch-transformers install rejected by platform usage-limit escalation.
G196_practical_GS	GSDLVPRGS	9	31|32	330					blocked_software_unavailable	No visible GPU/torch/transformers/esm; torch-transformers install rejected by platform usage-limit escalation.
G196_practical_GS	GSDLVPRGS	9	32|33	330					blocked_software_unavailable	No visible GPU/torch/transformers/esm; torch-transformers install rejected by platform usage-limit escalation.
G196_practical_GS	GSDLVPRGS	9	33|34	330					blocked_software_unavailable	No visible GPU/torch/transformers/esm; torch-transformers install rejected by platform usage-limit escalation.
G196_practical_GS	GSDLVPRGS	9	34|35	330					blocked_software_unavailable	No visible GPU/torch/transformers/esm; torch-transformers install rejected by platform usage-limit escalation.
G196_practical_GS	GSDLVPRGS	9	35|36	330					blocked_software_unavailable	No visible GPU/torch/transformers/esm; torch-transformers install rejected by platform usage-limit escalation.
G196_practical_GS	GSDLVPRGS	9	36|37	330					blocked_software_unavailable	No visible GPU/torch/transformers/esm; torch-transformers install rejected by platform usage-limit escalation.
G196_practical_GS	GSDLVPRGS	9	37|38	330					blocked_software_unavailable	No visible GPU/torch/transformers/esm; torch-transformers install rejected by platform usage-limit escalation.
G196_practical_GS	GSDLVPRGS	9	38|39	330					blocked_software_unavailable	No visible GPU/torch/transformers/esm; torch-transformers install rejected by platform usage-limit escalation.
G196_practical_GS	GSDLVPRGS	9	39|40	330					blocked_software_unavailable	No visible GPU/torch/transformers/esm; torch-transformers install rejected by platform usage-limit escalation.
G196_practical_GS	GSDLVPRGS	9	40|41	330					blocked_software_unavailable	No visible GPU/torch/transformers/esm; torch-transformers install rejected by platform usage-limit escalation.
G196_practical_GS	GSDLVPRGS	9	41|42	330					blocked_software_unavailable	No visible GPU/torch/transformers/esm; torch-transformers install rejected by platform usage-limit escalation.
G196_practical_GS	GSDLVPRGS	9	42|43	330					blocked_software_unavailable	No visible GPU/torch/transformers/esm; torch-transformers install rejected by platform usage-limit escalation.
G196_practical_GS	GSDLVPRGS	9	43|44	330					blocked_software_unavailable	No visible GPU/torch/transformers/esm; torch-transformers install rejected by platform usage-limit escalation.
G196_practical_GS	GSDLVPRGS	9	44|45	330					blocked_software_unavailable	No visible GPU/torch/transformers/esm; torch-transformers install rejected by platform usage-limit escalation.
G196_practical_GS	GSDLVPRGS	9	45|46	330					blocked_software_unavailable	No visible GPU/torch/transformers/esm; torch-transformers install rejected by platform usage-limit escalation.
G196_practical_GS	GSDLVPRGS	9	46|47	330					blocked_software_unavailable	No visible GPU/torch/transformers/esm; torch-transformers install rejected by platform usage-limit escalation.
G196_practical_GS	GSDLVPRGS	9	47|48	330					blocked_software_unavailable	No visible GPU/torch/transformers/esm; torch-transformers install rejected by platform usage-limit escalation.
G196_practical_GS	GSDLVPRGS	9	48|49	330					blocked_software_unavailable	No visible GPU/torch/transformers/esm; torch-transformers install rejected by platform usage-limit escalation.
G196_practical_GS	GSDLVPRGS	9	49|50	330					blocked_software_unavailable	No visible GPU/torch/transformers/esm; torch-transformers install rejected by platform usage-limit escalation.
G196_practical_GS	GSDLVPRGS	9	50|51	330					blocked_software_unavailable	No visible GPU/torch/transformers/esm; torch-transformers install rejected by platform usage-limit escalation.
G196_practical_GS	GSDLVPRGS	9	51|52	330					blocked_software_unavailable	No visible GPU/torch/transformers/esm; torch-transformers install rejected by platform usage-limit escalation.
G196_practical_GS	GSDLVPRGS	9	52|53	330					blocked_software_unavailable	No visible GPU/torch/transformers/esm; torch-transformers install rejected by platform usage-limit escalation.
G196_practical_GS	GSDLVPRGS	9	53|54	330					blocked_software_unavailable	No visible GPU/torch/transformers/esm; torch-transformers install rejected by platform usage-limit escalation.
G196_practical_GS	GSDLVPRGS	9	54|55	330					blocked_software_unavailable	No visible GPU/torch/transformers/esm; torch-transformers install rejected by platform usage-limit escalation.
G196_practical_GS	GSDLVPRGS	9	55|56	330					blocked_software_unavailable	No visible GPU/torch/transformers/esm; torch-transformers install rejected by platform usage-limit escalation.
G196_practical_GS	GSDLVPRGS	9	56|57	330					blocked_software_unavailable	No visible GPU/torch/transformers/esm; torch-transformers install rejected by platform usage-limit escalation.
G196_practical_GS	GSDLVPRGS	9	57|58	330					blocked_software_unavailable	No visible GPU/torch/transformers/esm; torch-transformers install rejected by platform usage-limit escalation.
G196_practical_GS	GSDLVPRGS	9	58|59	330					blocked_software_unavailable	No visible GPU/torch/transformers/esm; torch-transformers install rejected by platform usage-limit escalation.
G196_practical_GS	GSDLVPRGS	9	59|60	330					blocked_software_unavailable	No visible GPU/torch/transformers/esm; torch-transformers install rejected by platform usage-limit escalation.
G196_practical_GS	GSDLVPRGS	9	60|61	330					blocked_software_unavailable	No visible GPU/torch/transformers/esm; torch-transformers install rejected by platform usage-limit escalation.
G196_practical_GS	GSDLVPRGS	9	61|62	330					blocked_software_unavailable	No visible GPU/torch/transformers/esm; torch-transformers install rejected by platform usage-limit escalation.
G196_practical_GS	GSDLVPRGS	9	62|63	330					blocked_software_unavailable	No visible GPU/torch/transformers/esm; torch-transformers install rejected by platform usage-limit escalation.
G196_practical_GS	GSDLVPRGS	9	63|64	330					blocked_software_unavailable	No visible GPU/torch/transformers/esm; torch-transformers install rejected by platform usage-limit escalation.
G196_practical_GS	GSDLVPRGS	9	64|65	330					blocked_software_unavailable	No visible GPU/torch/transformers/esm; torch-transformers install rejected by platform usage-limit escalation.
G196_practical_GS	GSDLVPRGS	9	65|66	330					blocked_software_unavailable	No visible GPU/torch/transformers/esm; torch-transformers install rejected by platform usage-limit escalation.
G196_practical_GS	GSDLVPRGS	9	66|67	330					blocked_software_unavailable	No visible GPU/torch/transformers/esm; torch-transformers install rejected by platform usage-limit escalation.
G196_practical_GS	GSDLVPRGS	9	67|68	330					blocked_software_unavailable	No visible GPU/torch/transformers/esm; torch-transformers install rejected by platform usage-limit escalation.
G196_practical_GS	GSDLVPRGS	9	68|69	330					blocked_software_unavailable	No visible GPU/torch/transformers/esm; torch-transformers install rejected by platform usage-limit escalation.
G196_practical_GS	GSDLVPRGS	9	69|70	330					blocked_software_unavailable	No visible GPU/torch/transformers/esm; torch-transformers install rejected by platform usage-limit escalation.
G196_practical_GS	GSDLVPRGS	9	70|71	330					blocked_software_unavailable	No visible GPU/torch/transformers/esm; torch-transformers install rejected by platform usage-limit escalation.
G196_practical_GS	GSDLVPRGS	9	71|72	330					blocked_software_unavailable	No visible GPU/torch/transformers/esm; torch-transformers install rejected by platform usage-limit escalation.
G196_practical_GS	GSDLVPRGS	9	72|73	330					blocked_software_unavailable	No visible GPU/torch/transformers/esm; torch-transformers install rejected by platform usage-limit escalation.
G196_practical_GS	GSDLVPRGS	9	73|74	330					blocked_software_unavailable	No visible GPU/torch/transformers/esm; torch-transformers install rejected by platform usage-limit escalation.
G196_practical_GS	GSDLVPRGS	9	74|75	330					blocked_software_unavailable	No visible GPU/torch/transformers/esm; torch-transformers install rejected by platform usage-limit escalation.
G196_practical_GS	GSDLVPRGS	9	75|76	330					blocked_software_unavailable	No visible GPU/torch/transformers/esm; torch-transformers install rejected by platform usage-limit escalation.
G196_practical_GS	GSDLVPRGS	9	76|77	330					blocked_software_unavailable	No visible GPU/torch/transformers/esm; torch-transformers install rejected by platform usage-limit escalation.
G196_practical_GS	GSDLVPRGS	9	77|78	330					blocked_software_unavailable	No visible GPU/torch/transformers/esm; torch-transformers install rejected by platform usage-limit escalation.
G196_practical_GS	GSDLVPRGS	9	78|79	330					blocked_software_unavailable	No visible GPU/torch/transformers/esm; torch-transformers install rejected by platform usage-limit escalation.
G196_practical_GS	GSDLVPRGS	9	79|80	330					blocked_software_unavailable	No visible GPU/torch/transformers/esm; torch-transformers install rejected by platform usage-limit escalation.
G196_practical_GS	GSDLVPRGS	9	80|81	330					blocked_software_unavailable	No visible GPU/torch/transformers/esm; torch-transformers install rejected by platform usage-limit escalation.
G196_practical_GS	GSDLVPRGS	9	81|82	330					blocked_software_unavailable	No visible GPU/torch/transformers/esm; torch-transformers install rejected by platform usage-limit escalation.
G196_practical_GS	GSDLVPRGS	9	82|83	330					blocked_software_unavailable	No visible GPU/torch/transformers/esm; torch-transformers install rejected by platform usage-limit escalation.
G196_practical_GS	GSDLVPRGS	9	83|84	330					blocked_software_unavailable	No visible GPU/torch/transformers/esm; torch-transformers install rejected by platform usage-limit escalation.
G196_practical_GS	GSDLVPRGS	9	84|85	330					blocked_software_unavailable	No visible GPU/torch/transformers/esm; torch-transformers install rejected by platform usage-limit escalation.
G196_practical_GS	GSDLVPRGS	9	85|86	330					blocked_software_unavailable	No visible GPU/torch/transformers/esm; torch-transformers install rejected by platform usage-limit escalation.
G196_practical_GS	GSDLVPRGS	9	86|87	330					blocked_software_unavailable	No visible GPU/torch/transformers/esm; torch-transformers install rejected by platform usage-limit escalation.
G196_practical_GS	GSDLVPRGS	9	87|88	330					blocked_software_unavailable	No visible GPU/torch/transformers/esm; torch-transformers install rejected by platform usage-limit escalation.
G196_practical_GS	GSDLVPRGS	9	88|89	330					blocked_software_unavailable	No visible GPU/torch/transformers/esm; torch-transformers install rejected by platform usage-limit escalation.
G196_practical_GS	GSDLVPRGS	9	89|90	330					blocked_software_unavailable	No visible GPU/torch/transformers/esm; torch-transformers install rejected by platform usage-limit escalation.
G196_practical_GS	GSDLVPRGS	9	90|91	330					blocked_software_unavailable	No visible GPU/torch/transformers/esm; torch-transformers install rejected by platform usage-limit escalation.
G196_practical_GS	GSDLVPRGS	9	91|92	330					blocked_software_unavailable	No visible GPU/torch/transformers/esm; torch-transformers install rejected by platform usage-limit escalation.
G196_practical_GS	GSDLVPRGS	9	92|93	330					blocked_software_unavailable	No visible GPU/torch/transformers/esm; torch-transformers install rejected by platform usage-limit escalation.
G196_practical_GS	GSDLVPRGS	9	93|94	330					blocked_software_unavailable	No visible GPU/torch/transformers/esm; torch-transformers install rejected by platform usage-limit escalation.
G196_practical_GS	GSDLVPRGS	9	94|95	330					blocked_software_unavailable	No visible GPU/torch/transformers/esm; torch-transformers install rejected by platform usage-limit escalation.
G196_practical_GS	GSDLVPRGS	9	95|96	330					blocked_software_unavailable	No visible GPU/torch/transformers/esm; torch-transformers install rejected by platform usage-limit escalation.
G196_practical_GS	GSDLVPRGS	9	96|97	330					blocked_software_unavailable	No visible GPU/torch/transformers/esm; torch-transformers install rejected by platform usage-limit escalation.
G196_practical_GS	GSDLVPRGS	9	97|98	330					blocked_software_unavailable	No visible GPU/torch/transformers/esm; torch-transformers install rejected by platform usage-limit escalation.
G196_practical_GS	GSDLVPRGS	9	98|99	330					blocked_software_unavailable	No visible GPU/torch/transformers/esm; torch-transformers install rejected by platform usage-limit escalation.
G196_practical_GS	GSDLVPRGS	9	99|100	330					blocked_software_unavailable	No visible GPU/torch/transformers/esm; torch-transformers install rejected by platform usage-limit escalation.
G196_practical_GS	GSDLVPRGS	9	100|101	330					blocked_software_unavailable	No visible GPU/torch/transformers/esm; torch-transformers install rejected by platform usage-limit escalation.
G196_practical_GS	GSDLVPRGS	9	101|102	330					blocked_software_unavailable	No visible GPU/torch/transformers/esm; torch-transformers install rejected by platform usage-limit escalation.
G196_practical_GS	GSDLVPRGS	9	102|103	330					blocked_software_unavailable	No visible GPU/torch/transformers/esm; torch-transformers install rejected by platform usage-limit escalation.
G196_practical_GS	GSDLVPRGS	9	103|104	330					blocked_software_unavailable	No visible GPU/torch/transformers/esm; torch-transformers install rejected by platform usage-limit escalation.
G196_practical_GS	GSDLVPRGS	9	104|105	330					blocked_software_unavailable	No visible GPU/torch/transformers/esm; torch-transformers install rejected by platform usage-limit escalation.
G196_practical_GS	GSDLVPRGS	9	105|106	330					blocked_software_unavailable	No visible GPU/torch/transformers/esm; torch-transformers install rejected by platform usage-limit escalation.
G196_practical_GS	GSDLVPRGS	9	106|107	330					blocked_software_unavailable	No visible GPU/torch/transformers/esm; torch-transformers install rejected by platform usage-limit escalation.
G196_practical_GS	GSDLVPRGS	9	107|108	330					blocked_software_unavailable	No visible GPU/torch/transformers/esm; torch-transformers install rejected by platform usage-limit escalation.
G196_practical_GS	GSDLVPRGS	9	108|109	330					blocked_software_unavailable	No visible GPU/torch/transformers/esm; torch-transformers install rejected by platform usage-limit escalation.
G196_practical_GS	GSDLVPRGS	9	109|110	330					blocked_software_unavailable	No visible GPU/torch/transformers/esm; torch-transformers install rejected by platform usage-limit escalation.
G196_practical_GS	GSDLVPRGS	9	110|111	330					blocked_software_unavailable	No visible GPU/torch/transformers/esm; torch-transformers install rejected by platform usage-limit escalation.
G196_practical_GS	GSDLVPRGS	9	111|112	330					blocked_software_unavailable	No visible GPU/torch/transformers/esm; torch-transformers install rejected by platform usage-limit escalation.
G196_practical_GS	GSDLVPRGS	9	112|113	330					blocked_software_unavailable	No visible GPU/torch/transformers/esm; torch-transformers install rejected by platform usage-limit escalation.
G196_practical_GS	GSDLVPRGS	9	113|114	330					blocked_software_unavailable	No visible GPU/torch/transformers/esm; torch-transformers install rejected by platform usage-limit escalation.
G196_practical_GS	GSDLVPRGS	9	114|115	330					blocked_software_unavailable	No visible GPU/torch/transformers/esm; torch-transformers install rejected by platform usage-limit escalation.
G196_practical_GS	GSDLVPRGS	9	115|116	330					blocked_software_unavailable	No visible GPU/torch/transformers/esm; torch-transformers install rejected by platform usage-limit escalation.
G196_practical_GS	GSDLVPRGS	9	116|117	330					blocked_software_unavailable	No visible GPU/torch/transformers/esm; torch-transformers install rejected by platform usage-limit escalation.
G196_practical_GS	GSDLVPRGS	9	117|118	330					blocked_software_unavailable	No visible GPU/torch/transformers/esm; torch-transformers install rejected by platform usage-limit escalation.
G196_practical_GS	GSDLVPRGS	9	118|119	330					blocked_software_unavailable	No visible GPU/torch/transformers/esm; torch-transformers install rejected by platform usage-limit escalation.
G196_practical_GS	GSDLVPRGS	9	119|120	330					blocked_software_unavailable	No visible GPU/torch/transformers/esm; torch-transformers install rejected by platform usage-limit escalation.
G196_practical_GS	GSDLVPRGS	9	120|121	330					blocked_software_unavailable	No visible GPU/torch/transformers/esm; torch-transformers install rejected by platform usage-limit escalation.
G196_practical_GS	GSDLVPRGS	9	121|122	330					blocked_software_unavailable	No visible GPU/torch/transformers/esm; torch-transformers install rejected by platform usage-limit escalation.
G196_practical_GS	GSDLVPRGS	9	122|123	330					blocked_software_unavailable	No visible GPU/torch/transformers/esm; torch-transformers install rejected by platform usage-limit escalation.
G196_practical_GS	GSDLVPRGS	9	123|124	330					blocked_software_unavailable	No visible GPU/torch/transformers/esm; torch-transformers install rejected by platform usage-limit escalation.
G196_practical_GS	GSDLVPRGS	9	124|125	330					blocked_software_unavailable	No visible GPU/torch/transformers/esm; torch-transformers install rejected by platform usage-limit escalation.
G196_practical_GS	GSDLVPRGS	9	125|126	330					blocked_software_unavailable	No visible GPU/torch/transformers/esm; torch-transformers install rejected by platform usage-limit escalation.
G196_practical_GS	GSDLVPRGS	9	126|127	330					blocked_software_unavailable	No visible GPU/torch/transformers/esm; torch-transformers install rejected by platform usage-limit escalation.
G196_practical_GS	GSDLVPRGS	9	127|128	330					blocked_software_unavailable	No visible GPU/torch/transformers/esm; torch-transformers install rejected by platform usage-limit escalation.
G196_practical_GS	GSDLVPRGS	9	128|129	330					blocked_software_unavailable	No visible GPU/torch/transformers/esm; torch-transformers install rejected by platform usage-limit escalation.
G196_practical_GS	GSDLVPRGS	9	129|130	330					blocked_software_unavailable	No visible GPU/torch/transformers/esm; torch-transformers install rejected by platform usage-limit escalation.
G196_practical_GS	GSDLVPRGS	9	130|131	330					blocked_software_unavailable	No visible GPU/torch/transformers/esm; torch-transformers install rejected by platform usage-limit escalation.
G196_practical_GS	GSDLVPRGS	9	131|132	330					blocked_software_unavailable	No visible GPU/torch/transformers/esm; torch-transformers install rejected by platform usage-limit escalation.
G196_practical_GS	GSDLVPRGS	9	132|133	330					blocked_software_unavailable	No visible GPU/torch/transformers/esm; torch-transformers install rejected by platform usage-limit escalation.
G196_practical_GS	GSDLVPRGS	9	133|134	330					blocked_software_unavailable	No visible GPU/torch/transformers/esm; torch-transformers install rejected by platform usage-limit escalation.
G196_practical_GS	GSDLVPRGS	9	134|135	330					blocked_software_unavailable	No visible GPU/torch/transformers/esm; torch-transformers install rejected by platform usage-limit escalation.
G196_practical_GS	GSDLVPRGS	9	135|136	330					blocked_software_unavailable	No visible GPU/torch/transformers/esm; torch-transformers install rejected by platform usage-limit escalation.
G196_practical_GS	GSDLVPRGS	9	136|137	330					blocked_software_unavailable	No visible GPU/torch/transformers/esm; torch-transformers install rejected by platform usage-limit escalation.
G196_practical_GS	GSDLVPRGS	9	137|138	330					blocked_software_unavailable	No visible GPU/torch/transformers/esm; torch-transformers install rejected by platform usage-limit escalation.
G196_practical_GS	GSDLVPRGS	9	138|139	330					blocked_software_unavailable	No visible GPU/torch/transformers/esm; torch-transformers install rejected by platform usage-limit escalation.
G196_practical_GS	GSDLVPRGS	9	139|140	330					blocked_software_unavailable	No visible GPU/torch/transformers/esm; torch-transformers install rejected by platform usage-limit escalation.
G196_practical_GS	GSDLVPRGS	9	140|141	330					blocked_software_unavailable	No visible GPU/torch/transformers/esm; torch-transformers install rejected by platform usage-limit escalation.
G196_practical_GS	GSDLVPRGS	9	141|142	330					blocked_software_unavailable	No visible GPU/torch/transformers/esm; torch-transformers install rejected by platform usage-limit escalation.
G196_practical_GS	GSDLVPRGS	9	142|143	330					blocked_software_unavailable	No visible GPU/torch/transformers/esm; torch-transformers install rejected by platform usage-limit escalation.
G196_practical_GS	GSDLVPRGS	9	143|144	330					blocked_software_unavailable	No visible GPU/torch/transformers/esm; torch-transformers install rejected by platform usage-limit escalation.
G196_practical_GS	GSDLVPRGS	9	144|145	330					blocked_software_unavailable	No visible GPU/torch/transformers/esm; torch-transformers install rejected by platform usage-limit escalation.
G196_practical_GS	GSDLVPRGS	9	145|146	330					blocked_software_unavailable	No visible GPU/torch/transformers/esm; torch-transformers install rejected by platform usage-limit escalation.
G196_practical_GS	GSDLVPRGS	9	146|147	330					blocked_software_unavailable	No visible GPU/torch/transformers/esm; torch-transformers install rejected by platform usage-limit escalation.
G196_practical_GS	GSDLVPRGS	9	147|148	330					blocked_software_unavailable	No visible GPU/torch/transformers/esm; torch-transformers install rejected by platform usage-limit escalation.
G196_practical_GS	GSDLVPRGS	9	148|149	330					blocked_software_unavailable	No visible GPU/torch/transformers/esm; torch-transformers install rejected by platform usage-limit escalation.
G196_practical_GS	GSDLVPRGS	9	149|150	330					blocked_software_unavailable	No visible GPU/torch/transformers/esm; torch-transformers install rejected by platform usage-limit escalation.
G196_practical_GS	GSDLVPRGS	9	150|151	330					blocked_software_unavailable	No visible GPU/torch/transformers/esm; torch-transformers install rejected by platform usage-limit escalation.
G196_practical_GS	GSDLVPRGS	9	151|152	330					blocked_software_unavailable	No visible GPU/torch/transformers/esm; torch-transformers install rejected by platform usage-limit escalation.
G196_practical_GS	GSDLVPRGS	9	152|153	330					blocked_software_unavailable	No visible GPU/torch/transformers/esm; torch-transformers install rejected by platform usage-limit escalation.
G196_practical_GS	GSDLVPRGS	9	153|154	330					blocked_software_unavailable	No visible GPU/torch/transformers/esm; torch-transformers install rejected by platform usage-limit escalation.
G196_practical_GS	GSDLVPRGS	9	154|155	330					blocked_software_unavailable	No visible GPU/torch/transformers/esm; torch-transformers install rejected by platform usage-limit escalation.
G196_practical_GS	GSDLVPRGS	9	155|156	330					blocked_software_unavailable	No visible GPU/torch/transformers/esm; torch-transformers install rejected by platform usage-limit escalation.
G196_practical_GS	GSDLVPRGS	9	156|157	330					blocked_software_unavailable	No visible GPU/torch/transformers/esm; torch-transformers install rejected by platform usage-limit escalation.
G196_practical_GS	GSDLVPRGS	9	157|158	330					blocked_software_unavailable	No visible GPU/torch/transformers/esm; torch-transformers install rejected by platform usage-limit escalation.
G196_practical_GS	GSDLVPRGS	9	158|159	330					blocked_software_unavailable	No visible GPU/torch/transformers/esm; torch-transformers install rejected by platform usage-limit escalation.
G196_practical_GS	GSDLVPRGS	9	159|160	330					blocked_software_unavailable	No visible GPU/torch/transformers/esm; torch-transformers install rejected by platform usage-limit escalation.
G196_practical_GS	GSDLVPRGS	9	160|161	330					blocked_software_unavailable	No visible GPU/torch/transformers/esm; torch-transformers install rejected by platform usage-limit escalation.
G196_practical_GS	GSDLVPRGS	9	161|162	330					blocked_software_unavailable	No visible GPU/torch/transformers/esm; torch-transformers install rejected by platform usage-limit escalation.
G196_practical_GS	GSDLVPRGS	9	162|163	330					blocked_software_unavailable	No visible GPU/torch/transformers/esm; torch-transformers install rejected by platform usage-limit escalation.
G196_practical_GS	GSDLVPRGS	9	163|164	330					blocked_software_unavailable	No visible GPU/torch/transformers/esm; torch-transformers install rejected by platform usage-limit escalation.
G196_practical_GS	GSDLVPRGS	9	164|165	330					blocked_software_unavailable	No visible GPU/torch/transformers/esm; torch-transformers install rejected by platform usage-limit escalation.
G196_practical_GS	GSDLVPRGS	9	165|166	330					blocked_software_unavailable	No visible GPU/torch/transformers/esm; torch-transformers install rejected by platform usage-limit escalation.
G196_practical_GS	GSDLVPRGS	9	166|167	330					blocked_software_unavailable	No visible GPU/torch/transformers/esm; torch-transformers install rejected by platform usage-limit escalation.
G196_practical_GS	GSDLVPRGS	9	167|168	330					blocked_software_unavailable	No visible GPU/torch/transformers/esm; torch-transformers install rejected by platform usage-limit escalation.
G196_practical_GS	GSDLVPRGS	9	168|169	330					blocked_software_unavailable	No visible GPU/torch/transformers/esm; torch-transformers install rejected by platform usage-limit escalation.
G196_practical_GS	GSDLVPRGS	9	169|170	330					blocked_software_unavailable	No visible GPU/torch/transformers/esm; torch-transformers install rejected by platform usage-limit escalation.
G196_practical_GS	GSDLVPRGS	9	170|171	330					blocked_software_unavailable	No visible GPU/torch/transformers/esm; torch-transformers install rejected by platform usage-limit escalation.
G196_practical_GS	GSDLVPRGS	9	171|172	330					blocked_software_unavailable	No visible GPU/torch/transformers/esm; torch-transformers install rejected by platform usage-limit escalation.
G196_practical_GS	GSDLVPRGS	9	172|173	330					blocked_software_unavailable	No visible GPU/torch/transformers/esm; torch-transformers install rejected by platform usage-limit escalation.
G196_practical_GS	GSDLVPRGS	9	173|174	330					blocked_software_unavailable	No visible GPU/torch/transformers/esm; torch-transformers install rejected by platform usage-limit escalation.
G196_practical_GS	GSDLVPRGS	9	174|175	330					blocked_software_unavailable	No visible GPU/torch/transformers/esm; torch-transformers install rejected by platform usage-limit escalation.
G196_practical_GS	GSDLVPRGS	9	175|176	330					blocked_software_unavailable	No visible GPU/torch/transformers/esm; torch-transformers install rejected by platform usage-limit escalation.
G196_practical_GS	GSDLVPRGS	9	176|177	330					blocked_software_unavailable	No visible GPU/torch/transformers/esm; torch-transformers install rejected by platform usage-limit escalation.
G196_practical_GS	GSDLVPRGS	9	177|178	330					blocked_software_unavailable	No visible GPU/torch/transformers/esm; torch-transformers install rejected by platform usage-limit escalation.
G196_practical_GS	GSDLVPRGS	9	178|179	330					blocked_software_unavailable	No visible GPU/torch/transformers/esm; torch-transformers install rejected by platform usage-limit escalation.
G196_practical_GS	GSDLVPRGS	9	179|180	330					blocked_software_unavailable	No visible GPU/torch/transformers/esm; torch-transformers install rejected by platform usage-limit escalation.
G196_practical_GS	GSDLVPRGS	9	180|181	330					blocked_software_unavailable	No visible GPU/torch/transformers/esm; torch-transformers install rejected by platform usage-limit escalation.
G196_practical_GS	GSDLVPRGS	9	181|182	330					blocked_software_unavailable	No visible GPU/torch/transformers/esm; torch-transformers install rejected by platform usage-limit escalation.
G196_practical_GS	GSDLVPRGS	9	182|183	330					blocked_software_unavailable	No visible GPU/torch/transformers/esm; torch-transformers install rejected by platform usage-limit escalation.
G196_practical_GS	GSDLVPRGS	9	183|184	330					blocked_software_unavailable	No visible GPU/torch/transformers/esm; torch-transformers install rejected by platform usage-limit escalation.
G196_practical_GS	GSDLVPRGS	9	184|185	330					blocked_software_unavailable	No visible GPU/torch/transformers/esm; torch-transformers install rejected by platform usage-limit escalation.
G196_practical_GS	GSDLVPRGS	9	185|186	330					blocked_software_unavailable	No visible GPU/torch/transformers/esm; torch-transformers install rejected by platform usage-limit escalation.
G196_practical_GS	GSDLVPRGS	9	186|187	330					blocked_software_unavailable	No visible GPU/torch/transformers/esm; torch-transformers install rejected by platform usage-limit escalation.
G196_practical_GS	GSDLVPRGS	9	187|188	330					blocked_software_unavailable	No visible GPU/torch/transformers/esm; torch-transformers install rejected by platform usage-limit escalation.
G196_practical_GS	GSDLVPRGS	9	188|189	330					blocked_software_unavailable	No visible GPU/torch/transformers/esm; torch-transformers install rejected by platform usage-limit escalation.
G196_practical_GS	GSDLVPRGS	9	189|190	330					blocked_software_unavailable	No visible GPU/torch/transformers/esm; torch-transformers install rejected by platform usage-limit escalation.
G196_practical_GS	GSDLVPRGS	9	190|191	330					blocked_software_unavailable	No visible GPU/torch/transformers/esm; torch-transformers install rejected by platform usage-limit escalation.
G196_practical_GS	GSDLVPRGS	9	191|192	330					blocked_software_unavailable	No visible GPU/torch/transformers/esm; torch-transformers install rejected by platform usage-limit escalation.
G196_practical_GS	GSDLVPRGS	9	192|193	330					blocked_software_unavailable	No visible GPU/torch/transformers/esm; torch-transformers install rejected by platform usage-limit escalation.
G196_practical_GS	GSDLVPRGS	9	193|194	330					blocked_software_unavailable	No visible GPU/torch/transformers/esm; torch-transformers install rejected by platform usage-limit escalation.
G196_practical_GS	GSDLVPRGS	9	194|195	330					blocked_software_unavailable	No visible GPU/torch/transformers/esm; torch-transformers install rejected by platform usage-limit escalation.
G196_practical_GS	GSDLVPRGS	9	195|196	330					blocked_software_unavailable	No visible GPU/torch/transformers/esm; torch-transformers install rejected by platform usage-limit escalation.
G196_practical_GS	GSDLVPRGS	9	196|197	330					blocked_software_unavailable	No visible GPU/torch/transformers/esm; torch-transformers install rejected by platform usage-limit escalation.
G196_practical_GS	GSDLVPRGS	9	197|198	330					blocked_software_unavailable	No visible GPU/torch/transformers/esm; torch-transformers install rejected by platform usage-limit escalation.
G196_practical_GS	GSDLVPRGS	9	198|199	330					blocked_software_unavailable	No visible GPU/torch/transformers/esm; torch-transformers install rejected by platform usage-limit escalation.
G196_practical_GS	GSDLVPRGS	9	199|200	330					blocked_software_unavailable	No visible GPU/torch/transformers/esm; torch-transformers install rejected by platform usage-limit escalation.
G196_practical_GS	GSDLVPRGS	9	200|201	330					blocked_software_unavailable	No visible GPU/torch/transformers/esm; torch-transformers install rejected by platform usage-limit escalation.
G196_practical_GS	GSDLVPRGS	9	201|202	330					blocked_software_unavailable	No visible GPU/torch/transformers/esm; torch-transformers install rejected by platform usage-limit escalation.
G196_practical_GS	GSDLVPRGS	9	202|203	330					blocked_software_unavailable	No visible GPU/torch/transformers/esm; torch-transformers install rejected by platform usage-limit escalation.
G196_practical_GS	GSDLVPRGS	9	203|204	330					blocked_software_unavailable	No visible GPU/torch/transformers/esm; torch-transformers install rejected by platform usage-limit escalation.
G196_practical_GS	GSDLVPRGS	9	204|205	330					blocked_software_unavailable	No visible GPU/torch/transformers/esm; torch-transformers install rejected by platform usage-limit escalation.
G196_practical_GS	GSDLVPRGS	9	205|206	330					blocked_software_unavailable	No visible GPU/torch/transformers/esm; torch-transformers install rejected by platform usage-limit escalation.
G196_practical_GS	GSDLVPRGS	9	206|207	330					blocked_software_unavailable	No visible GPU/torch/transformers/esm; torch-transformers install rejected by platform usage-limit escalation.
G196_practical_GS	GSDLVPRGS	9	207|208	330					blocked_software_unavailable	No visible GPU/torch/transformers/esm; torch-transformers install rejected by platform usage-limit escalation.
G196_practical_GS	GSDLVPRGS	9	208|209	330					blocked_software_unavailable	No visible GPU/torch/transformers/esm; torch-transformers install rejected by platform usage-limit escalation.
G196_practical_GS	GSDLVPRGS	9	209|210	330					blocked_software_unavailable	No visible GPU/torch/transformers/esm; torch-transformers install rejected by platform usage-limit escalation.
G196_practical_GS	GSDLVPRGS	9	210|211	330					blocked_software_unavailable	No visible GPU/torch/transformers/esm; torch-transformers install rejected by platform usage-limit escalation.
G196_practical_GS	GSDLVPRGS	9	211|212	330					blocked_software_unavailable	No visible GPU/torch/transformers/esm; torch-transformers install rejected by platform usage-limit escalation.
G196_practical_GS	GSDLVPRGS	9	212|213	330					blocked_software_unavailable	No visible GPU/torch/transformers/esm; torch-transformers install rejected by platform usage-limit escalation.
G196_practical_GS	GSDLVPRGS	9	213|214	330					blocked_software_unavailable	No visible GPU/torch/transformers/esm; torch-transformers install rejected by platform usage-limit escalation.
G196_practical_GS	GSDLVPRGS	9	214|215	330					blocked_software_unavailable	No visible GPU/torch/transformers/esm; torch-transformers install rejected by platform usage-limit escalation.
G196_practical_GS	GSDLVPRGS	9	215|216	330					blocked_software_unavailable	No visible GPU/torch/transformers/esm; torch-transformers install rejected by platform usage-limit escalation.
G196_practical_GS	GSDLVPRGS	9	216|217	330					blocked_software_unavailable	No visible GPU/torch/transformers/esm; torch-transformers install rejected by platform usage-limit escalation.
G196_practical_GS	GSDLVPRGS	9	217|218	330					blocked_software_unavailable	No visible GPU/torch/transformers/esm; torch-transformers install rejected by platform usage-limit escalation.
G196_practical_GS	GSDLVPRGS	9	218|219	330					blocked_software_unavailable	No visible GPU/torch/transformers/esm; torch-transformers install rejected by platform usage-limit escalation.
G196_practical_GS	GSDLVPRGS	9	219|220	330					blocked_software_unavailable	No visible GPU/torch/transformers/esm; torch-transformers install rejected by platform usage-limit escalation.
G196_practical_GS	GSDLVPRGS	9	220|221	330					blocked_software_unavailable	No visible GPU/torch/transformers/esm; torch-transformers install rejected by platform usage-limit escalation.
G196_practical_GS	GSDLVPRGS	9	221|222	330					blocked_software_unavailable	No visible GPU/torch/transformers/esm; torch-transformers install rejected by platform usage-limit escalation.
G196_practical_GS	GSDLVPRGS	9	222|223	330					blocked_software_unavailable	No visible GPU/torch/transformers/esm; torch-transformers install rejected by platform usage-limit escalation.
G196_practical_GS	GSDLVPRGS	9	223|224	330					blocked_software_unavailable	No visible GPU/torch/transformers/esm; torch-transformers install rejected by platform usage-limit escalation.
G196_practical_GS	GSDLVPRGS	9	224|225	330					blocked_software_unavailable	No visible GPU/torch/transformers/esm; torch-transformers install rejected by platform usage-limit escalation.
G196_practical_GS	GSDLVPRGS	9	225|226	330					blocked_software_unavailable	No visible GPU/torch/transformers/esm; torch-transformers install rejected by platform usage-limit escalation.
G196_practical_GS	GSDLVPRGS	9	226|227	330					blocked_software_unavailable	No visible GPU/torch/transformers/esm; torch-transformers install rejected by platform usage-limit escalation.
G196_practical_GS	GSDLVPRGS	9	227|228	330					blocked_software_unavailable	No visible GPU/torch/transformers/esm; torch-transformers install rejected by platform usage-limit escalation.
G196_practical_GS	GSDLVPRGS	9	228|229	330					blocked_software_unavailable	No visible GPU/torch/transformers/esm; torch-transformers install rejected by platform usage-limit escalation.
G196_practical_GS	GSDLVPRGS	9	229|230	330					blocked_software_unavailable	No visible GPU/torch/transformers/esm; torch-transformers install rejected by platform usage-limit escalation.
G196_practical_GS	GSDLVPRGS	9	230|231	330					blocked_software_unavailable	No visible GPU/torch/transformers/esm; torch-transformers install rejected by platform usage-limit escalation.
G196_practical_GS	GSDLVPRGS	9	231|232	330					blocked_software_unavailable	No visible GPU/torch/transformers/esm; torch-transformers install rejected by platform usage-limit escalation.
G196_practical_GS	GSDLVPRGS	9	232|233	330					blocked_software_unavailable	No visible GPU/torch/transformers/esm; torch-transformers install rejected by platform usage-limit escalation.
G196_practical_GS	GSDLVPRGS	9	233|234	330					blocked_software_unavailable	No visible GPU/torch/transformers/esm; torch-transformers install rejected by platform usage-limit escalation.
G196_practical_GS	GSDLVPRGS	9	234|235	330					blocked_software_unavailable	No visible GPU/torch/transformers/esm; torch-transformers install rejected by platform usage-limit escalation.
G196_practical_GS	GSDLVPRGS	9	235|236	330					blocked_software_unavailable	No visible GPU/torch/transformers/esm; torch-transformers install rejected by platform usage-limit escalation.
G196_practical_GS	GSDLVPRGS	9	236|237	330					blocked_software_unavailable	No visible GPU/torch/transformers/esm; torch-transformers install rejected by platform usage-limit escalation.
G196_practical_GS	GSDLVPRGS	9	237|238	330					blocked_software_unavailable	No visible GPU/torch/transformers/esm; torch-transformers install rejected by platform usage-limit escalation.
G196_practical_GS	GSDLVPRGS	9	238|239	330					blocked_software_unavailable	No visible GPU/torch/transformers/esm; torch-transformers install rejected by platform usage-limit escalation.
G196_practical_GS	GSDLVPRGS	9	239|240	330					blocked_software_unavailable	No visible GPU/torch/transformers/esm; torch-transformers install rejected by platform usage-limit escalation.
G196_practical_GS	GSDLVPRGS	9	240|241	330					blocked_software_unavailable	No visible GPU/torch/transformers/esm; torch-transformers install rejected by platform usage-limit escalation.
G196_practical_GS	GSDLVPRGS	9	241|242	330					blocked_software_unavailable	No visible GPU/torch/transformers/esm; torch-transformers install rejected by platform usage-limit escalation.
G196_practical_GS	GSDLVPRGS	9	242|243	330					blocked_software_unavailable	No visible GPU/torch/transformers/esm; torch-transformers install rejected by platform usage-limit escalation.
G196_practical_GS	GSDLVPRGS	9	243|244	330					blocked_software_unavailable	No visible GPU/torch/transformers/esm; torch-transformers install rejected by platform usage-limit escalation.
G196_practical_GS	GSDLVPRGS	9	244|245	330					blocked_software_unavailable	No visible GPU/torch/transformers/esm; torch-transformers install rejected by platform usage-limit escalation.
G196_practical_GS	GSDLVPRGS	9	245|246	330					blocked_software_unavailable	No visible GPU/torch/transformers/esm; torch-transformers install rejected by platform usage-limit escalation.
G196_practical_GS	GSDLVPRGS	9	246|247	330					blocked_software_unavailable	No visible GPU/torch/transformers/esm; torch-transformers install rejected by platform usage-limit escalation.
G196_practical_GS	GSDLVPRGS	9	247|248	330					blocked_software_unavailable	No visible GPU/torch/transformers/esm; torch-transformers install rejected by platform usage-limit escalation.
G196_practical_GS	GSDLVPRGS	9	248|249	330					blocked_software_unavailable	No visible GPU/torch/transformers/esm; torch-transformers install rejected by platform usage-limit escalation.
G196_practical_GS	GSDLVPRGS	9	249|250	330					blocked_software_unavailable	No visible GPU/torch/transformers/esm; torch-transformers install rejected by platform usage-limit escalation.
G196_practical_GS	GSDLVPRGS	9	250|251	330					blocked_software_unavailable	No visible GPU/torch/transformers/esm; torch-transformers install rejected by platform usage-limit escalation.
G196_practical_GS	GSDLVPRGS	9	251|252	330					blocked_software_unavailable	No visible GPU/torch/transformers/esm; torch-transformers install rejected by platform usage-limit escalation.
G196_practical_GS	GSDLVPRGS	9	252|253	330					blocked_software_unavailable	No visible GPU/torch/transformers/esm; torch-transformers install rejected by platform usage-limit escalation.
G196_practical_GS	GSDLVPRGS	9	253|254	330					blocked_software_unavailable	No visible GPU/torch/transformers/esm; torch-transformers install rejected by platform usage-limit escalation.
G196_practical_GS	GSDLVPRGS	9	254|255	330					blocked_software_unavailable	No visible GPU/torch/transformers/esm; torch-transformers install rejected by platform usage-limit escalation.
G196_practical_GS	GSDLVPRGS	9	255|256	330					blocked_software_unavailable	No visible GPU/torch/transformers/esm; torch-transformers install rejected by platform usage-limit escalation.
G196_practical_GS	GSDLVPRGS	9	256|257	330					blocked_software_unavailable	No visible GPU/torch/transformers/esm; torch-transformers install rejected by platform usage-limit escalation.
G196_practical_GS	GSDLVPRGS	9	257|258	330					blocked_software_unavailable	No visible GPU/torch/transformers/esm; torch-transformers install rejected by platform usage-limit escalation.
G196_practical_GS	GSDLVPRGS	9	258|259	330					blocked_software_unavailable	No visible GPU/torch/transformers/esm; torch-transformers install rejected by platform usage-limit escalation.
G196_practical_GS	GSDLVPRGS	9	259|260	330					blocked_software_unavailable	No visible GPU/torch/transformers/esm; torch-transformers install rejected by platform usage-limit escalation.
G196_practical_GS	GSDLVPRGS	9	260|261	330					blocked_software_unavailable	No visible GPU/torch/transformers/esm; torch-transformers install rejected by platform usage-limit escalation.
G196_practical_GS	GSDLVPRGS	9	261|262	330					blocked_software_unavailable	No visible GPU/torch/transformers/esm; torch-transformers install rejected by platform usage-limit escalation.
G196_practical_GS	GSDLVPRGS	9	262|263	330					blocked_software_unavailable	No visible GPU/torch/transformers/esm; torch-transformers install rejected by platform usage-limit escalation.
G196_practical_GS	GSDLVPRGS	9	263|264	330					blocked_software_unavailable	No visible GPU/torch/transformers/esm; torch-transformers install rejected by platform usage-limit escalation.
G196_practical_GS	GSDLVPRGS	9	264|265	330					blocked_software_unavailable	No visible GPU/torch/transformers/esm; torch-transformers install rejected by platform usage-limit escalation.
G196_practical_GS	GSDLVPRGS	9	265|266	330					blocked_software_unavailable	No visible GPU/torch/transformers/esm; torch-transformers install rejected by platform usage-limit escalation.
G196_practical_GS	GSDLVPRGS	9	266|267	330					blocked_software_unavailable	No visible GPU/torch/transformers/esm; torch-transformers install rejected by platform usage-limit escalation.
G196_practical_GS	GSDLVPRGS	9	267|268	330					blocked_software_unavailable	No visible GPU/torch/transformers/esm; torch-transformers install rejected by platform usage-limit escalation.
G196_practical_GS	GSDLVPRGS	9	268|269	330					blocked_software_unavailable	No visible GPU/torch/transformers/esm; torch-transformers install rejected by platform usage-limit escalation.
G196_practical_GS	GSDLVPRGS	9	269|270	330					blocked_software_unavailable	No visible GPU/torch/transformers/esm; torch-transformers install rejected by platform usage-limit escalation.
G196_practical_GS	GSDLVPRGS	9	270|271	330					blocked_software_unavailable	No visible GPU/torch/transformers/esm; torch-transformers install rejected by platform usage-limit escalation.
G196_practical_GS	GSDLVPRGS	9	271|272	330					blocked_software_unavailable	No visible GPU/torch/transformers/esm; torch-transformers install rejected by platform usage-limit escalation.
G196_practical_GS	GSDLVPRGS	9	272|273	330					blocked_software_unavailable	No visible GPU/torch/transformers/esm; torch-transformers install rejected by platform usage-limit escalation.
G196_practical_GS	GSDLVPRGS	9	273|274	330					blocked_software_unavailable	No visible GPU/torch/transformers/esm; torch-transformers install rejected by platform usage-limit escalation.
G196_practical_GS	GSDLVPRGS	9	274|275	330					blocked_software_unavailable	No visible GPU/torch/transformers/esm; torch-transformers install rejected by platform usage-limit escalation.
G196_practical_GS	GSDLVPRGS	9	275|276	330					blocked_software_unavailable	No visible GPU/torch/transformers/esm; torch-transformers install rejected by platform usage-limit escalation.
G196_practical_GS	GSDLVPRGS	9	276|277	330					blocked_software_unavailable	No visible GPU/torch/transformers/esm; torch-transformers install rejected by platform usage-limit escalation.
G196_practical_GS	GSDLVPRGS	9	277|278	330					blocked_software_unavailable	No visible GPU/torch/transformers/esm; torch-transformers install rejected by platform usage-limit escalation.
G196_practical_GS	GSDLVPRGS	9	278|279	330					blocked_software_unavailable	No visible GPU/torch/transformers/esm; torch-transformers install rejected by platform usage-limit escalation.
G196_practical_GS	GSDLVPRGS	9	279|280	330					blocked_software_unavailable	No visible GPU/torch/transformers/esm; torch-transformers install rejected by platform usage-limit escalation.
G196_practical_GS	GSDLVPRGS	9	280|281	330					blocked_software_unavailable	No visible GPU/torch/transformers/esm; torch-transformers install rejected by platform usage-limit escalation.
G196_practical_GS	GSDLVPRGS	9	281|282	330					blocked_software_unavailable	No visible GPU/torch/transformers/esm; torch-transformers install rejected by platform usage-limit escalation.
G196_practical_GS	GSDLVPRGS	9	282|283	330					blocked_software_unavailable	No visible GPU/torch/transformers/esm; torch-transformers install rejected by platform usage-limit escalation.
G196_practical_GS	GSDLVPRGS	9	283|284	330					blocked_software_unavailable	No visible GPU/torch/transformers/esm; torch-transformers install rejected by platform usage-limit escalation.
G196_practical_GS	GSDLVPRGS	9	284|285	330					blocked_software_unavailable	No visible GPU/torch/transformers/esm; torch-transformers install rejected by platform usage-limit escalation.
G196_practical_GS	GSDLVPRGS	9	285|286	330					blocked_software_unavailable	No visible GPU/torch/transformers/esm; torch-transformers install rejected by platform usage-limit escalation.
G196_practical_GS	GSDLVPRGS	9	286|287	330					blocked_software_unavailable	No visible GPU/torch/transformers/esm; torch-transformers install rejected by platform usage-limit escalation.
G196_practical_GS	GSDLVPRGS	9	287|288	330					blocked_software_unavailable	No visible GPU/torch/transformers/esm; torch-transformers install rejected by platform usage-limit escalation.
G196_practical_GS	GSDLVPRGS	9	288|289	330					blocked_software_unavailable	No visible GPU/torch/transformers/esm; torch-transformers install rejected by platform usage-limit escalation.
G196_practical_GS	GSDLVPRGS	9	289|290	330					blocked_software_unavailable	No visible GPU/torch/transformers/esm; torch-transformers install rejected by platform usage-limit escalation.
G196_practical_GS	GSDLVPRGS	9	290|291	330					blocked_software_unavailable	No visible GPU/torch/transformers/esm; torch-transformers install rejected by platform usage-limit escalation.
G196_practical_GS	GSDLVPRGS	9	291|292	330					blocked_software_unavailable	No visible GPU/torch/transformers/esm; torch-transformers install rejected by platform usage-limit escalation.
G196_practical_GS	GSDLVPRGS	9	292|293	330					blocked_software_unavailable	No visible GPU/torch/transformers/esm; torch-transformers install rejected by platform usage-limit escalation.
G196_practical_GS	GSDLVPRGS	9	293|294	330					blocked_software_unavailable	No visible GPU/torch/transformers/esm; torch-transformers install rejected by platform usage-limit escalation.
G196_practical_GS	GSDLVPRGS	9	294|295	330					blocked_software_unavailable	No visible GPU/torch/transformers/esm; torch-transformers install rejected by platform usage-limit escalation.
G196_practical_GS	GSDLVPRGS	9	295|296	330					blocked_software_unavailable	No visible GPU/torch/transformers/esm; torch-transformers install rejected by platform usage-limit escalation.
G196_practical_GS	GSDLVPRGS	9	296|297	330					blocked_software_unavailable	No visible GPU/torch/transformers/esm; torch-transformers install rejected by platform usage-limit escalation.
G196_practical_GS	GSDLVPRGS	9	297|298	330					blocked_software_unavailable	No visible GPU/torch/transformers/esm; torch-transformers install rejected by platform usage-limit escalation.
G196_practical_GS	GSDLVPRGS	9	298|299	330					blocked_software_unavailable	No visible GPU/torch/transformers/esm; torch-transformers install rejected by platform usage-limit escalation.
G196_practical_GS	GSDLVPRGS	9	299|300	330					blocked_software_unavailable	No visible GPU/torch/transformers/esm; torch-transformers install rejected by platform usage-limit escalation.
G196_practical_GS	GSDLVPRGS	9	300|301	330					blocked_software_unavailable	No visible GPU/torch/transformers/esm; torch-transformers install rejected by platform usage-limit escalation.
G196_practical_GS	GSDLVPRGS	9	301|302	330					blocked_software_unavailable	No visible GPU/torch/transformers/esm; torch-transformers install rejected by platform usage-limit escalation.
G196_practical_GS	GSDLVPRGS	9	302|303	330					blocked_software_unavailable	No visible GPU/torch/transformers/esm; torch-transformers install rejected by platform usage-limit escalation.
G196_practical_GS	GSDLVPRGS	9	303|304	330					blocked_software_unavailable	No visible GPU/torch/transformers/esm; torch-transformers install rejected by platform usage-limit escalation.
G196_practical_GS	GSDLVPRGS	9	304|305	330					blocked_software_unavailable	No visible GPU/torch/transformers/esm; torch-transformers install rejected by platform usage-limit escalation.
G196_practical_GS	GSDLVPRGS	9	305|306	330					blocked_software_unavailable	No visible GPU/torch/transformers/esm; torch-transformers install rejected by platform usage-limit escalation.
G196_practical_GS	GSDLVPRGS	9	306|307	330					blocked_software_unavailable	No visible GPU/torch/transformers/esm; torch-transformers install rejected by platform usage-limit escalation.
G196_practical_GS	GSDLVPRGS	9	307|308	330					blocked_software_unavailable	No visible GPU/torch/transformers/esm; torch-transformers install rejected by platform usage-limit escalation.
G196_practical_GS	GSDLVPRGS	9	308|309	330					blocked_software_unavailable	No visible GPU/torch/transformers/esm; torch-transformers install rejected by platform usage-limit escalation.
G196_practical_GS	GSDLVPRGS	9	309|310	330					blocked_software_unavailable	No visible GPU/torch/transformers/esm; torch-transformers install rejected by platform usage-limit escalation.
G196_practical_GS	GSDLVPRGS	9	310|311	330					blocked_software_unavailable	No visible GPU/torch/transformers/esm; torch-transformers install rejected by platform usage-limit escalation.
G196_practical_GS	GSDLVPRGS	9	311|312	330					blocked_software_unavailable	No visible GPU/torch/transformers/esm; torch-transformers install rejected by platform usage-limit escalation.
G196_practical_GS	GSDLVPRGS	9	312|313	330					blocked_software_unavailable	No visible GPU/torch/transformers/esm; torch-transformers install rejected by platform usage-limit escalation.
G196_practical_GS	GSDLVPRGS	9	313|314	330					blocked_software_unavailable	No visible GPU/torch/transformers/esm; torch-transformers install rejected by platform usage-limit escalation.
G196_practical_GS	GSDLVPRGS	9	314|315	330					blocked_software_unavailable	No visible GPU/torch/transformers/esm; torch-transformers install rejected by platform usage-limit escalation.
G196_practical_GS	GSDLVPRGS	9	315|316	330					blocked_software_unavailable	No visible GPU/torch/transformers/esm; torch-transformers install rejected by platform usage-limit escalation.
G196_practical_GS	GSDLVPRGS	9	316|317	330					blocked_software_unavailable	No visible GPU/torch/transformers/esm; torch-transformers install rejected by platform usage-limit escalation.
G196_practical_GS	GSDLVPRGS	9	317|318	330					blocked_software_unavailable	No visible GPU/torch/transformers/esm; torch-transformers install rejected by platform usage-limit escalation.
G196_practical_GS	GSDLVPRGS	9	318|319	330					blocked_software_unavailable	No visible GPU/torch/transformers/esm; torch-transformers install rejected by platform usage-limit escalation.
G196_practical_GS	GSDLVPRGS	9	319|320	330					blocked_software_unavailable	No visible GPU/torch/transformers/esm; torch-transformers install rejected by platform usage-limit escalation.
G196_practical_GS	GSDLVPRGS	9	320|321	330					blocked_software_unavailable	No visible GPU/torch/transformers/esm; torch-transformers install rejected by platform usage-limit escalation.
