system_id	construct_id	junction	tag_form	sim_resid	residue_class	native_A89_resid	tag_resid
WT_112_321	WT_112_321	WT	WT	1	native_A89_2C	112	NA
WT_112_321	WT_112_321	WT	WT	2	native_A89_2C	113	NA
WT_112_321	WT_112_321	WT	WT	3	native_A89_2C	114	NA
WT_112_321	WT_112_321	WT	WT	4	native_A89_2C	115	NA
WT_112_321	WT_112_321	WT	WT	5	native_A89_2C	116	NA
WT_112_321	WT_112_321	WT	WT	6	native_A89_2C	117	NA
WT_112_321	WT_112_321	WT	WT	7	native_A89_2C	118	NA
WT_112_321	WT_112_321	WT	WT	8	native_A89_2C	119	NA
WT_112_321	WT_112_321	WT	WT	9	native_A89_2C	120	NA
WT_112_321	WT_112_321	WT	WT	10	native_A89_2C	121	NA
WT_112_321	WT_112_321	WT	WT	11	native_A89_2C	122	NA
WT_112_321	WT_112_321	WT	WT	12	native_A89_2C	123	NA
WT_112_321	WT_112_321	WT	WT	13	native_A89_2C	124	NA
WT_112_321	WT_112_321	WT	WT	14	native_A89_2C	125	NA
WT_112_321	WT_112_321	WT	WT	15	native_A89_2C	126	NA
WT_112_321	WT_112_321	WT	WT	16	native_A89_2C	127	NA
WT_112_321	WT_112_321	WT	WT	17	native_A89_2C	128	NA
WT_112_321	WT_112_321	WT	WT	18	native_A89_2C	129	NA
WT_112_321	WT_112_321	WT	WT	19	native_A89_2C	130	NA
WT_112_321	WT_112_321	WT	WT	20	native_A89_2C	131	NA
WT_112_321	WT_112_321	WT	WT	21	native_A89_2C	132	NA
WT_112_321	WT_112_321	WT	WT	22	native_A89_2C	133	NA
WT_112_321	WT_112_321	WT	WT	23	native_A89_2C	134	NA
WT_112_321	WT_112_321	WT	WT	24	native_A89_2C	135	NA
WT_112_321	WT_112_321	WT	WT	25	native_A89_2C	136	NA
WT_112_321	WT_112_321	WT	WT	26	native_A89_2C	137	NA
WT_112_321	WT_112_321	WT	WT	27	native_A89_2C	138	NA
WT_112_321	WT_112_321	WT	WT	28	native_A89_2C	139	NA
WT_112_321	WT_112_321	WT	WT	29	native_A89_2C	140	NA
WT_112_321	WT_112_321	WT	WT	30	native_A89_2C	141	NA
WT_112_321	WT_112_321	WT	WT	31	native_A89_2C	142	NA
WT_112_321	WT_112_321	WT	WT	32	native_A89_2C	143	NA
WT_112_321	WT_112_321	WT	WT	33	native_A89_2C	144	NA
WT_112_321	WT_112_321	WT	WT	34	native_A89_2C	145	NA
WT_112_321	WT_112_321	WT	WT	35	native_A89_2C	146	NA
WT_112_321	WT_112_321	WT	WT	36	native_A89_2C	147	NA
WT_112_321	WT_112_321	WT	WT	37	native_A89_2C	148	NA
WT_112_321	WT_112_321	WT	WT	38	native_A89_2C	149	NA
WT_112_321	WT_112_321	WT	WT	39	native_A89_2C	150	NA
WT_112_321	WT_112_321	WT	WT	40	native_A89_2C	151	NA
WT_112_321	WT_112_321	WT	WT	41	native_A89_2C	152	NA
WT_112_321	WT_112_321	WT	WT	42	native_A89_2C	153	NA
WT_112_321	WT_112_321	WT	WT	43	native_A89_2C	154	NA
WT_112_321	WT_112_321	WT	WT	44	native_A89_2C	155	NA
WT_112_321	WT_112_321	WT	WT	45	native_A89_2C	156	NA
WT_112_321	WT_112_321	WT	WT	46	native_A89_2C	157	NA
WT_112_321	WT_112_321	WT	WT	47	native_A89_2C	158	NA
WT_112_321	WT_112_321	WT	WT	48	native_A89_2C	159	NA
WT_112_321	WT_112_321	WT	WT	49	native_A89_2C	160	NA
WT_112_321	WT_112_321	WT	WT	50	native_A89_2C	161	NA
WT_112_321	WT_112_321	WT	WT	51	native_A89_2C	162	NA
WT_112_321	WT_112_321	WT	WT	52	native_A89_2C	163	NA
WT_112_321	WT_112_321	WT	WT	53	native_A89_2C	164	NA
WT_112_321	WT_112_321	WT	WT	54	native_A89_2C	165	NA
WT_112_321	WT_112_321	WT	WT	55	native_A89_2C	166	NA
WT_112_321	WT_112_321	WT	WT	56	native_A89_2C	167	NA
WT_112_321	WT_112_321	WT	WT	57	native_A89_2C	168	NA
WT_112_321	WT_112_321	WT	WT	58	native_A89_2C	169	NA
WT_112_321	WT_112_321	WT	WT	59	native_A89_2C	170	NA
WT_112_321	WT_112_321	WT	WT	60	native_A89_2C	171	NA
WT_112_321	WT_112_321	WT	WT	61	native_A89_2C	172	NA
WT_112_321	WT_112_321	WT	WT	62	native_A89_2C	173	NA
WT_112_321	WT_112_321	WT	WT	63	native_A89_2C	174	NA
WT_112_321	WT_112_321	WT	WT	64	native_A89_2C	175	NA
WT_112_321	WT_112_321	WT	WT	65	native_A89_2C	176	NA
WT_112_321	WT_112_321	WT	WT	66	native_A89_2C	177	NA
WT_112_321	WT_112_321	WT	WT	67	native_A89_2C	178	NA
WT_112_321	WT_112_321	WT	WT	68	native_A89_2C	179	NA
WT_112_321	WT_112_321	WT	WT	69	native_A89_2C	180	NA
WT_112_321	WT_112_321	WT	WT	70	native_A89_2C	181	NA
WT_112_321	WT_112_321	WT	WT	71	native_A89_2C	182	NA
WT_112_321	WT_112_321	WT	WT	72	native_A89_2C	183	NA
WT_112_321	WT_112_321	WT	WT	73	native_A89_2C	184	NA
WT_112_321	WT_112_321	WT	WT	74	native_A89_2C	185	NA
WT_112_321	WT_112_321	WT	WT	75	native_A89_2C	186	NA
WT_112_321	WT_112_321	WT	WT	76	native_A89_2C	187	NA
WT_112_321	WT_112_321	WT	WT	77	native_A89_2C	188	NA
WT_112_321	WT_112_321	WT	WT	78	native_A89_2C	189	NA
WT_112_321	WT_112_321	WT	WT	79	native_A89_2C	190	NA
WT_112_321	WT_112_321	WT	WT	80	native_A89_2C	191	NA
WT_112_321	WT_112_321	WT	WT	81	native_A89_2C	192	NA
WT_112_321	WT_112_321	WT	WT	82	native_A89_2C	193	NA
WT_112_321	WT_112_321	WT	WT	83	native_A89_2C	194	NA
WT_112_321	WT_112_321	WT	WT	84	native_A89_2C	195	NA
WT_112_321	WT_112_321	WT	WT	85	native_A89_2C	196	NA
WT_112_321	WT_112_321	WT	WT	86	native_A89_2C	197	NA
WT_112_321	WT_112_321	WT	WT	87	native_A89_2C	198	NA
WT_112_321	WT_112_321	WT	WT	88	native_A89_2C	199	NA
WT_112_321	WT_112_321	WT	WT	89	native_A89_2C	200	NA
WT_112_321	WT_112_321	WT	WT	90	native_A89_2C	201	NA
WT_112_321	WT_112_321	WT	WT	91	native_A89_2C	202	NA
WT_112_321	WT_112_321	WT	WT	92	native_A89_2C	203	NA
WT_112_321	WT_112_321	WT	WT	93	native_A89_2C	204	NA
WT_112_321	WT_112_321	WT	WT	94	native_A89_2C	205	NA
WT_112_321	WT_112_321	WT	WT	95	native_A89_2C	206	NA
WT_112_321	WT_112_321	WT	WT	96	native_A89_2C	207	NA
WT_112_321	WT_112_321	WT	WT	97	native_A89_2C	208	NA
WT_112_321	WT_112_321	WT	WT	98	native_A89_2C	209	NA
WT_112_321	WT_112_321	WT	WT	99	native_A89_2C	210	NA
WT_112_321	WT_112_321	WT	WT	100	native_A89_2C	211	NA
WT_112_321	WT_112_321	WT	WT	101	native_A89_2C	212	NA
WT_112_321	WT_112_321	WT	WT	102	native_A89_2C	213	NA
WT_112_321	WT_112_321	WT	WT	103	native_A89_2C	214	NA
WT_112_321	WT_112_321	WT	WT	104	native_A89_2C	215	NA
WT_112_321	WT_112_321	WT	WT	105	native_A89_2C	216	NA
WT_112_321	WT_112_321	WT	WT	106	native_A89_2C	217	NA
WT_112_321	WT_112_321	WT	WT	107	native_A89_2C	218	NA
WT_112_321	WT_112_321	WT	WT	108	native_A89_2C	219	NA
WT_112_321	WT_112_321	WT	WT	109	native_A89_2C	220	NA
WT_112_321	WT_112_321	WT	WT	110	native_A89_2C	221	NA
WT_112_321	WT_112_321	WT	WT	111	native_A89_2C	222	NA
WT_112_321	WT_112_321	WT	WT	112	native_A89_2C	223	NA
WT_112_321	WT_112_321	WT	WT	113	native_A89_2C	224	NA
WT_112_321	WT_112_321	WT	WT	114	native_A89_2C	225	NA
WT_112_321	WT_112_321	WT	WT	115	native_A89_2C	226	NA
WT_112_321	WT_112_321	WT	WT	116	native_A89_2C	227	NA
WT_112_321	WT_112_321	WT	WT	117	native_A89_2C	228	NA
WT_112_321	WT_112_321	WT	WT	118	native_A89_2C	229	NA
WT_112_321	WT_112_321	WT	WT	119	native_A89_2C	230	NA
WT_112_321	WT_112_321	WT	WT	120	native_A89_2C	231	NA
WT_112_321	WT_112_321	WT	WT	121	native_A89_2C	232	NA
WT_112_321	WT_112_321	WT	WT	122	native_A89_2C	233	NA
WT_112_321	WT_112_321	WT	WT	123	native_A89_2C	234	NA
WT_112_321	WT_112_321	WT	WT	124	native_A89_2C	235	NA
WT_112_321	WT_112_321	WT	WT	125	native_A89_2C	236	NA
WT_112_321	WT_112_321	WT	WT	126	native_A89_2C	237	NA
WT_112_321	WT_112_321	WT	WT	127	native_A89_2C	238	NA
WT_112_321	WT_112_321	WT	WT	128	native_A89_2C	239	NA
WT_112_321	WT_112_321	WT	WT	129	native_A89_2C	240	NA
WT_112_321	WT_112_321	WT	WT	130	native_A89_2C	241	NA
WT_112_321	WT_112_321	WT	WT	131	native_A89_2C	242	NA
WT_112_321	WT_112_321	WT	WT	132	native_A89_2C	243	NA
WT_112_321	WT_112_321	WT	WT	133	native_A89_2C	244	NA
WT_112_321	WT_112_321	WT	WT	134	native_A89_2C	245	NA
WT_112_321	WT_112_321	WT	WT	135	native_A89_2C	246	NA
WT_112_321	WT_112_321	WT	WT	136	native_A89_2C	247	NA
WT_112_321	WT_112_321	WT	WT	137	native_A89_2C	248	NA
WT_112_321	WT_112_321	WT	WT	138	native_A89_2C	249	NA
WT_112_321	WT_112_321	WT	WT	139	native_A89_2C	250	NA
WT_112_321	WT_112_321	WT	WT	140	native_A89_2C	251	NA
WT_112_321	WT_112_321	WT	WT	141	native_A89_2C	252	NA
WT_112_321	WT_112_321	WT	WT	142	native_A89_2C	253	NA
WT_112_321	WT_112_321	WT	WT	143	native_A89_2C	254	NA
WT_112_321	WT_112_321	WT	WT	144	native_A89_2C	255	NA
WT_112_321	WT_112_321	WT	WT	145	native_A89_2C	256	NA
WT_112_321	WT_112_321	WT	WT	146	native_A89_2C	257	NA
WT_112_321	WT_112_321	WT	WT	147	native_A89_2C	258	NA
WT_112_321	WT_112_321	WT	WT	148	native_A89_2C	259	NA
WT_112_321	WT_112_321	WT	WT	149	native_A89_2C	260	NA
WT_112_321	WT_112_321	WT	WT	150	native_A89_2C	261	NA
WT_112_321	WT_112_321	WT	WT	151	native_A89_2C	262	NA
WT_112_321	WT_112_321	WT	WT	152	native_A89_2C	263	NA
WT_112_321	WT_112_321	WT	WT	153	native_A89_2C	264	NA
WT_112_321	WT_112_321	WT	WT	154	native_A89_2C	265	NA
WT_112_321	WT_112_321	WT	WT	155	native_A89_2C	266	NA
WT_112_321	WT_112_321	WT	WT	156	native_A89_2C	267	NA
WT_112_321	WT_112_321	WT	WT	157	native_A89_2C	268	NA
WT_112_321	WT_112_321	WT	WT	158	native_A89_2C	269	NA
WT_112_321	WT_112_321	WT	WT	159	native_A89_2C	270	NA
WT_112_321	WT_112_321	WT	WT	160	native_A89_2C	271	NA
WT_112_321	WT_112_321	WT	WT	161	native_A89_2C	272	NA
WT_112_321	WT_112_321	WT	WT	162	native_A89_2C	273	NA
WT_112_321	WT_112_321	WT	WT	163	native_A89_2C	274	NA
WT_112_321	WT_112_321	WT	WT	164	native_A89_2C	275	NA
WT_112_321	WT_112_321	WT	WT	165	native_A89_2C	276	NA
WT_112_321	WT_112_321	WT	WT	166	native_A89_2C	277	NA
WT_112_321	WT_112_321	WT	WT	167	native_A89_2C	278	NA
WT_112_321	WT_112_321	WT	WT	168	native_A89_2C	279	NA
WT_112_321	WT_112_321	WT	WT	169	native_A89_2C	280	NA
WT_112_321	WT_112_321	WT	WT	170	native_A89_2C	281	NA
WT_112_321	WT_112_321	WT	WT	171	native_A89_2C	282	NA
WT_112_321	WT_112_321	WT	WT	172	native_A89_2C	283	NA
WT_112_321	WT_112_321	WT	WT	173	native_A89_2C	284	NA
WT_112_321	WT_112_321	WT	WT	174	native_A89_2C	285	NA
WT_112_321	WT_112_321	WT	WT	175	native_A89_2C	286	NA
WT_112_321	WT_112_321	WT	WT	176	native_A89_2C	287	NA
WT_112_321	WT_112_321	WT	WT	177	native_A89_2C	288	NA
WT_112_321	WT_112_321	WT	WT	178	native_A89_2C	289	NA
WT_112_321	WT_112_321	WT	WT	179	native_A89_2C	290	NA
WT_112_321	WT_112_321	WT	WT	180	native_A89_2C	291	NA
WT_112_321	WT_112_321	WT	WT	181	native_A89_2C	292	NA
WT_112_321	WT_112_321	WT	WT	182	native_A89_2C	293	NA
WT_112_321	WT_112_321	WT	WT	183	native_A89_2C	294	NA
WT_112_321	WT_112_321	WT	WT	184	native_A89_2C	295	NA
WT_112_321	WT_112_321	WT	WT	185	native_A89_2C	296	NA
WT_112_321	WT_112_321	WT	WT	186	native_A89_2C	297	NA
WT_112_321	WT_112_321	WT	WT	187	native_A89_2C	298	NA
WT_112_321	WT_112_321	WT	WT	188	native_A89_2C	299	NA
WT_112_321	WT_112_321	WT	WT	189	native_A89_2C	300	NA
WT_112_321	WT_112_321	WT	WT	190	native_A89_2C	301	NA
WT_112_321	WT_112_321	WT	WT	191	native_A89_2C	302	NA
WT_112_321	WT_112_321	WT	WT	192	native_A89_2C	303	NA
WT_112_321	WT_112_321	WT	WT	193	native_A89_2C	304	NA
WT_112_321	WT_112_321	WT	WT	194	native_A89_2C	305	NA
WT_112_321	WT_112_321	WT	WT	195	native_A89_2C	306	NA
WT_112_321	WT_112_321	WT	WT	196	native_A89_2C	307	NA
WT_112_321	WT_112_321	WT	WT	197	native_A89_2C	308	NA
WT_112_321	WT_112_321	WT	WT	198	native_A89_2C	309	NA
WT_112_321	WT_112_321	WT	WT	199	native_A89_2C	310	NA
WT_112_321	WT_112_321	WT	WT	200	native_A89_2C	311	NA
WT_112_321	WT_112_321	WT	WT	201	native_A89_2C	312	NA
WT_112_321	WT_112_321	WT	WT	202	native_A89_2C	313	NA
WT_112_321	WT_112_321	WT	WT	203	native_A89_2C	314	NA
WT_112_321	WT_112_321	WT	WT	204	native_A89_2C	315	NA
WT_112_321	WT_112_321	WT	WT	205	native_A89_2C	316	NA
WT_112_321	WT_112_321	WT	WT	206	native_A89_2C	317	NA
WT_112_321	WT_112_321	WT	WT	207	native_A89_2C	318	NA
WT_112_321	WT_112_321	WT	WT	208	native_A89_2C	319	NA
WT_112_321	WT_112_321	WT	WT	209	native_A89_2C	320	NA
WT_112_321	WT_112_321	WT	WT	210	native_A89_2C	321	NA
A89_2C_289_290_MAP8_112_321	A89_2C_289_290_MAP8	289|290	MAP8	1	native_A89_2C	112	NA
A89_2C_289_290_MAP8_112_321	A89_2C_289_290_MAP8	289|290	MAP8	2	native_A89_2C	113	NA
A89_2C_289_290_MAP8_112_321	A89_2C_289_290_MAP8	289|290	MAP8	3	native_A89_2C	114	NA
A89_2C_289_290_MAP8_112_321	A89_2C_289_290_MAP8	289|290	MAP8	4	native_A89_2C	115	NA
A89_2C_289_290_MAP8_112_321	A89_2C_289_290_MAP8	289|290	MAP8	5	native_A89_2C	116	NA
A89_2C_289_290_MAP8_112_321	A89_2C_289_290_MAP8	289|290	MAP8	6	native_A89_2C	117	NA
A89_2C_289_290_MAP8_112_321	A89_2C_289_290_MAP8	289|290	MAP8	7	native_A89_2C	118	NA
A89_2C_289_290_MAP8_112_321	A89_2C_289_290_MAP8	289|290	MAP8	8	native_A89_2C	119	NA
A89_2C_289_290_MAP8_112_321	A89_2C_289_290_MAP8	289|290	MAP8	9	native_A89_2C	120	NA
A89_2C_289_290_MAP8_112_321	A89_2C_289_290_MAP8	289|290	MAP8	10	native_A89_2C	121	NA
A89_2C_289_290_MAP8_112_321	A89_2C_289_290_MAP8	289|290	MAP8	11	native_A89_2C	122	NA
A89_2C_289_290_MAP8_112_321	A89_2C_289_290_MAP8	289|290	MAP8	12	native_A89_2C	123	NA
A89_2C_289_290_MAP8_112_321	A89_2C_289_290_MAP8	289|290	MAP8	13	native_A89_2C	124	NA
A89_2C_289_290_MAP8_112_321	A89_2C_289_290_MAP8	289|290	MAP8	14	native_A89_2C	125	NA
A89_2C_289_290_MAP8_112_321	A89_2C_289_290_MAP8	289|290	MAP8	15	native_A89_2C	126	NA
A89_2C_289_290_MAP8_112_321	A89_2C_289_290_MAP8	289|290	MAP8	16	native_A89_2C	127	NA
A89_2C_289_290_MAP8_112_321	A89_2C_289_290_MAP8	289|290	MAP8	17	native_A89_2C	128	NA
A89_2C_289_290_MAP8_112_321	A89_2C_289_290_MAP8	289|290	MAP8	18	native_A89_2C	129	NA
A89_2C_289_290_MAP8_112_321	A89_2C_289_290_MAP8	289|290	MAP8	19	native_A89_2C	130	NA
A89_2C_289_290_MAP8_112_321	A89_2C_289_290_MAP8	289|290	MAP8	20	native_A89_2C	131	NA
A89_2C_289_290_MAP8_112_321	A89_2C_289_290_MAP8	289|290	MAP8	21	native_A89_2C	132	NA
A89_2C_289_290_MAP8_112_321	A89_2C_289_290_MAP8	289|290	MAP8	22	native_A89_2C	133	NA
A89_2C_289_290_MAP8_112_321	A89_2C_289_290_MAP8	289|290	MAP8	23	native_A89_2C	134	NA
A89_2C_289_290_MAP8_112_321	A89_2C_289_290_MAP8	289|290	MAP8	24	native_A89_2C	135	NA
A89_2C_289_290_MAP8_112_321	A89_2C_289_290_MAP8	289|290	MAP8	25	native_A89_2C	136	NA
A89_2C_289_290_MAP8_112_321	A89_2C_289_290_MAP8	289|290	MAP8	26	native_A89_2C	137	NA
A89_2C_289_290_MAP8_112_321	A89_2C_289_290_MAP8	289|290	MAP8	27	native_A89_2C	138	NA
A89_2C_289_290_MAP8_112_321	A89_2C_289_290_MAP8	289|290	MAP8	28	native_A89_2C	139	NA
A89_2C_289_290_MAP8_112_321	A89_2C_289_290_MAP8	289|290	MAP8	29	native_A89_2C	140	NA
A89_2C_289_290_MAP8_112_321	A89_2C_289_290_MAP8	289|290	MAP8	30	native_A89_2C	141	NA
A89_2C_289_290_MAP8_112_321	A89_2C_289_290_MAP8	289|290	MAP8	31	native_A89_2C	142	NA
A89_2C_289_290_MAP8_112_321	A89_2C_289_290_MAP8	289|290	MAP8	32	native_A89_2C	143	NA
A89_2C_289_290_MAP8_112_321	A89_2C_289_290_MAP8	289|290	MAP8	33	native_A89_2C	144	NA
A89_2C_289_290_MAP8_112_321	A89_2C_289_290_MAP8	289|290	MAP8	34	native_A89_2C	145	NA
A89_2C_289_290_MAP8_112_321	A89_2C_289_290_MAP8	289|290	MAP8	35	native_A89_2C	146	NA
A89_2C_289_290_MAP8_112_321	A89_2C_289_290_MAP8	289|290	MAP8	36	native_A89_2C	147	NA
A89_2C_289_290_MAP8_112_321	A89_2C_289_290_MAP8	289|290	MAP8	37	native_A89_2C	148	NA
A89_2C_289_290_MAP8_112_321	A89_2C_289_290_MAP8	289|290	MAP8	38	native_A89_2C	149	NA
A89_2C_289_290_MAP8_112_321	A89_2C_289_290_MAP8	289|290	MAP8	39	native_A89_2C	150	NA
A89_2C_289_290_MAP8_112_321	A89_2C_289_290_MAP8	289|290	MAP8	40	native_A89_2C	151	NA
A89_2C_289_290_MAP8_112_321	A89_2C_289_290_MAP8	289|290	MAP8	41	native_A89_2C	152	NA
A89_2C_289_290_MAP8_112_321	A89_2C_289_290_MAP8	289|290	MAP8	42	native_A89_2C	153	NA
A89_2C_289_290_MAP8_112_321	A89_2C_289_290_MAP8	289|290	MAP8	43	native_A89_2C	154	NA
A89_2C_289_290_MAP8_112_321	A89_2C_289_290_MAP8	289|290	MAP8	44	native_A89_2C	155	NA
A89_2C_289_290_MAP8_112_321	A89_2C_289_290_MAP8	289|290	MAP8	45	native_A89_2C	156	NA
A89_2C_289_290_MAP8_112_321	A89_2C_289_290_MAP8	289|290	MAP8	46	native_A89_2C	157	NA
A89_2C_289_290_MAP8_112_321	A89_2C_289_290_MAP8	289|290	MAP8	47	native_A89_2C	158	NA
A89_2C_289_290_MAP8_112_321	A89_2C_289_290_MAP8	289|290	MAP8	48	native_A89_2C	159	NA
A89_2C_289_290_MAP8_112_321	A89_2C_289_290_MAP8	289|290	MAP8	49	native_A89_2C	160	NA
A89_2C_289_290_MAP8_112_321	A89_2C_289_290_MAP8	289|290	MAP8	50	native_A89_2C	161	NA
A89_2C_289_290_MAP8_112_321	A89_2C_289_290_MAP8	289|290	MAP8	51	native_A89_2C	162	NA
A89_2C_289_290_MAP8_112_321	A89_2C_289_290_MAP8	289|290	MAP8	52	native_A89_2C	163	NA
A89_2C_289_290_MAP8_112_321	A89_2C_289_290_MAP8	289|290	MAP8	53	native_A89_2C	164	NA
A89_2C_289_290_MAP8_112_321	A89_2C_289_290_MAP8	289|290	MAP8	54	native_A89_2C	165	NA
A89_2C_289_290_MAP8_112_321	A89_2C_289_290_MAP8	289|290	MAP8	55	native_A89_2C	166	NA
A89_2C_289_290_MAP8_112_321	A89_2C_289_290_MAP8	289|290	MAP8	56	native_A89_2C	167	NA
A89_2C_289_290_MAP8_112_321	A89_2C_289_290_MAP8	289|290	MAP8	57	native_A89_2C	168	NA
A89_2C_289_290_MAP8_112_321	A89_2C_289_290_MAP8	289|290	MAP8	58	native_A89_2C	169	NA
A89_2C_289_290_MAP8_112_321	A89_2C_289_290_MAP8	289|290	MAP8	59	native_A89_2C	170	NA
A89_2C_289_290_MAP8_112_321	A89_2C_289_290_MAP8	289|290	MAP8	60	native_A89_2C	171	NA
A89_2C_289_290_MAP8_112_321	A89_2C_289_290_MAP8	289|290	MAP8	61	native_A89_2C	172	NA
A89_2C_289_290_MAP8_112_321	A89_2C_289_290_MAP8	289|290	MAP8	62	native_A89_2C	173	NA
A89_2C_289_290_MAP8_112_321	A89_2C_289_290_MAP8	289|290	MAP8	63	native_A89_2C	174	NA
A89_2C_289_290_MAP8_112_321	A89_2C_289_290_MAP8	289|290	MAP8	64	native_A89_2C	175	NA
A89_2C_289_290_MAP8_112_321	A89_2C_289_290_MAP8	289|290	MAP8	65	native_A89_2C	176	NA
A89_2C_289_290_MAP8_112_321	A89_2C_289_290_MAP8	289|290	MAP8	66	native_A89_2C	177	NA
A89_2C_289_290_MAP8_112_321	A89_2C_289_290_MAP8	289|290	MAP8	67	native_A89_2C	178	NA
A89_2C_289_290_MAP8_112_321	A89_2C_289_290_MAP8	289|290	MAP8	68	native_A89_2C	179	NA
A89_2C_289_290_MAP8_112_321	A89_2C_289_290_MAP8	289|290	MAP8	69	native_A89_2C	180	NA
A89_2C_289_290_MAP8_112_321	A89_2C_289_290_MAP8	289|290	MAP8	70	native_A89_2C	181	NA
A89_2C_289_290_MAP8_112_321	A89_2C_289_290_MAP8	289|290	MAP8	71	native_A89_2C	182	NA
A89_2C_289_290_MAP8_112_321	A89_2C_289_290_MAP8	289|290	MAP8	72	native_A89_2C	183	NA
A89_2C_289_290_MAP8_112_321	A89_2C_289_290_MAP8	289|290	MAP8	73	native_A89_2C	184	NA
A89_2C_289_290_MAP8_112_321	A89_2C_289_290_MAP8	289|290	MAP8	74	native_A89_2C	185	NA
A89_2C_289_290_MAP8_112_321	A89_2C_289_290_MAP8	289|290	MAP8	75	native_A89_2C	186	NA
A89_2C_289_290_MAP8_112_321	A89_2C_289_290_MAP8	289|290	MAP8	76	native_A89_2C	187	NA
A89_2C_289_290_MAP8_112_321	A89_2C_289_290_MAP8	289|290	MAP8	77	native_A89_2C	188	NA
A89_2C_289_290_MAP8_112_321	A89_2C_289_290_MAP8	289|290	MAP8	78	native_A89_2C	189	NA
A89_2C_289_290_MAP8_112_321	A89_2C_289_290_MAP8	289|290	MAP8	79	native_A89_2C	190	NA
A89_2C_289_290_MAP8_112_321	A89_2C_289_290_MAP8	289|290	MAP8	80	native_A89_2C	191	NA
A89_2C_289_290_MAP8_112_321	A89_2C_289_290_MAP8	289|290	MAP8	81	native_A89_2C	192	NA
A89_2C_289_290_MAP8_112_321	A89_2C_289_290_MAP8	289|290	MAP8	82	native_A89_2C	193	NA
A89_2C_289_290_MAP8_112_321	A89_2C_289_290_MAP8	289|290	MAP8	83	native_A89_2C	194	NA
A89_2C_289_290_MAP8_112_321	A89_2C_289_290_MAP8	289|290	MAP8	84	native_A89_2C	195	NA
A89_2C_289_290_MAP8_112_321	A89_2C_289_290_MAP8	289|290	MAP8	85	native_A89_2C	196	NA
A89_2C_289_290_MAP8_112_321	A89_2C_289_290_MAP8	289|290	MAP8	86	native_A89_2C	197	NA
A89_2C_289_290_MAP8_112_321	A89_2C_289_290_MAP8	289|290	MAP8	87	native_A89_2C	198	NA
A89_2C_289_290_MAP8_112_321	A89_2C_289_290_MAP8	289|290	MAP8	88	native_A89_2C	199	NA
A89_2C_289_290_MAP8_112_321	A89_2C_289_290_MAP8	289|290	MAP8	89	native_A89_2C	200	NA
A89_2C_289_290_MAP8_112_321	A89_2C_289_290_MAP8	289|290	MAP8	90	native_A89_2C	201	NA
A89_2C_289_290_MAP8_112_321	A89_2C_289_290_MAP8	289|290	MAP8	91	native_A89_2C	202	NA
A89_2C_289_290_MAP8_112_321	A89_2C_289_290_MAP8	289|290	MAP8	92	native_A89_2C	203	NA
A89_2C_289_290_MAP8_112_321	A89_2C_289_290_MAP8	289|290	MAP8	93	native_A89_2C	204	NA
A89_2C_289_290_MAP8_112_321	A89_2C_289_290_MAP8	289|290	MAP8	94	native_A89_2C	205	NA
A89_2C_289_290_MAP8_112_321	A89_2C_289_290_MAP8	289|290	MAP8	95	native_A89_2C	206	NA
A89_2C_289_290_MAP8_112_321	A89_2C_289_290_MAP8	289|290	MAP8	96	native_A89_2C	207	NA
A89_2C_289_290_MAP8_112_321	A89_2C_289_290_MAP8	289|290	MAP8	97	native_A89_2C	208	NA
A89_2C_289_290_MAP8_112_321	A89_2C_289_290_MAP8	289|290	MAP8	98	native_A89_2C	209	NA
A89_2C_289_290_MAP8_112_321	A89_2C_289_290_MAP8	289|290	MAP8	99	native_A89_2C	210	NA
A89_2C_289_290_MAP8_112_321	A89_2C_289_290_MAP8	289|290	MAP8	100	native_A89_2C	211	NA
A89_2C_289_290_MAP8_112_321	A89_2C_289_290_MAP8	289|290	MAP8	101	native_A89_2C	212	NA
A89_2C_289_290_MAP8_112_321	A89_2C_289_290_MAP8	289|290	MAP8	102	native_A89_2C	213	NA
A89_2C_289_290_MAP8_112_321	A89_2C_289_290_MAP8	289|290	MAP8	103	native_A89_2C	214	NA
A89_2C_289_290_MAP8_112_321	A89_2C_289_290_MAP8	289|290	MAP8	104	native_A89_2C	215	NA
A89_2C_289_290_MAP8_112_321	A89_2C_289_290_MAP8	289|290	MAP8	105	native_A89_2C	216	NA
A89_2C_289_290_MAP8_112_321	A89_2C_289_290_MAP8	289|290	MAP8	106	native_A89_2C	217	NA
A89_2C_289_290_MAP8_112_321	A89_2C_289_290_MAP8	289|290	MAP8	107	native_A89_2C	218	NA
A89_2C_289_290_MAP8_112_321	A89_2C_289_290_MAP8	289|290	MAP8	108	native_A89_2C	219	NA
A89_2C_289_290_MAP8_112_321	A89_2C_289_290_MAP8	289|290	MAP8	109	native_A89_2C	220	NA
A89_2C_289_290_MAP8_112_321	A89_2C_289_290_MAP8	289|290	MAP8	110	native_A89_2C	221	NA
A89_2C_289_290_MAP8_112_321	A89_2C_289_290_MAP8	289|290	MAP8	111	native_A89_2C	222	NA
A89_2C_289_290_MAP8_112_321	A89_2C_289_290_MAP8	289|290	MAP8	112	native_A89_2C	223	NA
A89_2C_289_290_MAP8_112_321	A89_2C_289_290_MAP8	289|290	MAP8	113	native_A89_2C	224	NA
A89_2C_289_290_MAP8_112_321	A89_2C_289_290_MAP8	289|290	MAP8	114	native_A89_2C	225	NA
A89_2C_289_290_MAP8_112_321	A89_2C_289_290_MAP8	289|290	MAP8	115	native_A89_2C	226	NA
A89_2C_289_290_MAP8_112_321	A89_2C_289_290_MAP8	289|290	MAP8	116	native_A89_2C	227	NA
A89_2C_289_290_MAP8_112_321	A89_2C_289_290_MAP8	289|290	MAP8	117	native_A89_2C	228	NA
A89_2C_289_290_MAP8_112_321	A89_2C_289_290_MAP8	289|290	MAP8	118	native_A89_2C	229	NA
A89_2C_289_290_MAP8_112_321	A89_2C_289_290_MAP8	289|290	MAP8	119	native_A89_2C	230	NA
A89_2C_289_290_MAP8_112_321	A89_2C_289_290_MAP8	289|290	MAP8	120	native_A89_2C	231	NA
A89_2C_289_290_MAP8_112_321	A89_2C_289_290_MAP8	289|290	MAP8	121	native_A89_2C	232	NA
A89_2C_289_290_MAP8_112_321	A89_2C_289_290_MAP8	289|290	MAP8	122	native_A89_2C	233	NA
A89_2C_289_290_MAP8_112_321	A89_2C_289_290_MAP8	289|290	MAP8	123	native_A89_2C	234	NA
A89_2C_289_290_MAP8_112_321	A89_2C_289_290_MAP8	289|290	MAP8	124	native_A89_2C	235	NA
A89_2C_289_290_MAP8_112_321	A89_2C_289_290_MAP8	289|290	MAP8	125	native_A89_2C	236	NA
A89_2C_289_290_MAP8_112_321	A89_2C_289_290_MAP8	289|290	MAP8	126	native_A89_2C	237	NA
A89_2C_289_290_MAP8_112_321	A89_2C_289_290_MAP8	289|290	MAP8	127	native_A89_2C	238	NA
A89_2C_289_290_MAP8_112_321	A89_2C_289_290_MAP8	289|290	MAP8	128	native_A89_2C	239	NA
A89_2C_289_290_MAP8_112_321	A89_2C_289_290_MAP8	289|290	MAP8	129	native_A89_2C	240	NA
A89_2C_289_290_MAP8_112_321	A89_2C_289_290_MAP8	289|290	MAP8	130	native_A89_2C	241	NA
A89_2C_289_290_MAP8_112_321	A89_2C_289_290_MAP8	289|290	MAP8	131	native_A89_2C	242	NA
A89_2C_289_290_MAP8_112_321	A89_2C_289_290_MAP8	289|290	MAP8	132	native_A89_2C	243	NA
A89_2C_289_290_MAP8_112_321	A89_2C_289_290_MAP8	289|290	MAP8	133	native_A89_2C	244	NA
A89_2C_289_290_MAP8_112_321	A89_2C_289_290_MAP8	289|290	MAP8	134	native_A89_2C	245	NA
A89_2C_289_290_MAP8_112_321	A89_2C_289_290_MAP8	289|290	MAP8	135	native_A89_2C	246	NA
A89_2C_289_290_MAP8_112_321	A89_2C_289_290_MAP8	289|290	MAP8	136	native_A89_2C	247	NA
A89_2C_289_290_MAP8_112_321	A89_2C_289_290_MAP8	289|290	MAP8	137	native_A89_2C	248	NA
A89_2C_289_290_MAP8_112_321	A89_2C_289_290_MAP8	289|290	MAP8	138	native_A89_2C	249	NA
A89_2C_289_290_MAP8_112_321	A89_2C_289_290_MAP8	289|290	MAP8	139	native_A89_2C	250	NA
A89_2C_289_290_MAP8_112_321	A89_2C_289_290_MAP8	289|290	MAP8	140	native_A89_2C	251	NA
A89_2C_289_290_MAP8_112_321	A89_2C_289_290_MAP8	289|290	MAP8	141	native_A89_2C	252	NA
A89_2C_289_290_MAP8_112_321	A89_2C_289_290_MAP8	289|290	MAP8	142	native_A89_2C	253	NA
A89_2C_289_290_MAP8_112_321	A89_2C_289_290_MAP8	289|290	MAP8	143	native_A89_2C	254	NA
A89_2C_289_290_MAP8_112_321	A89_2C_289_290_MAP8	289|290	MAP8	144	native_A89_2C	255	NA
A89_2C_289_290_MAP8_112_321	A89_2C_289_290_MAP8	289|290	MAP8	145	native_A89_2C	256	NA
A89_2C_289_290_MAP8_112_321	A89_2C_289_290_MAP8	289|290	MAP8	146	native_A89_2C	257	NA
A89_2C_289_290_MAP8_112_321	A89_2C_289_290_MAP8	289|290	MAP8	147	native_A89_2C	258	NA
A89_2C_289_290_MAP8_112_321	A89_2C_289_290_MAP8	289|290	MAP8	148	native_A89_2C	259	NA
A89_2C_289_290_MAP8_112_321	A89_2C_289_290_MAP8	289|290	MAP8	149	native_A89_2C	260	NA
A89_2C_289_290_MAP8_112_321	A89_2C_289_290_MAP8	289|290	MAP8	150	native_A89_2C	261	NA
A89_2C_289_290_MAP8_112_321	A89_2C_289_290_MAP8	289|290	MAP8	151	native_A89_2C	262	NA
A89_2C_289_290_MAP8_112_321	A89_2C_289_290_MAP8	289|290	MAP8	152	native_A89_2C	263	NA
A89_2C_289_290_MAP8_112_321	A89_2C_289_290_MAP8	289|290	MAP8	153	native_A89_2C	264	NA
A89_2C_289_290_MAP8_112_321	A89_2C_289_290_MAP8	289|290	MAP8	154	native_A89_2C	265	NA
A89_2C_289_290_MAP8_112_321	A89_2C_289_290_MAP8	289|290	MAP8	155	native_A89_2C	266	NA
A89_2C_289_290_MAP8_112_321	A89_2C_289_290_MAP8	289|290	MAP8	156	native_A89_2C	267	NA
A89_2C_289_290_MAP8_112_321	A89_2C_289_290_MAP8	289|290	MAP8	157	native_A89_2C	268	NA
A89_2C_289_290_MAP8_112_321	A89_2C_289_290_MAP8	289|290	MAP8	158	native_A89_2C	269	NA
A89_2C_289_290_MAP8_112_321	A89_2C_289_290_MAP8	289|290	MAP8	159	native_A89_2C	270	NA
A89_2C_289_290_MAP8_112_321	A89_2C_289_290_MAP8	289|290	MAP8	160	native_A89_2C	271	NA
A89_2C_289_290_MAP8_112_321	A89_2C_289_290_MAP8	289|290	MAP8	161	native_A89_2C	272	NA
A89_2C_289_290_MAP8_112_321	A89_2C_289_290_MAP8	289|290	MAP8	162	native_A89_2C	273	NA
A89_2C_289_290_MAP8_112_321	A89_2C_289_290_MAP8	289|290	MAP8	163	native_A89_2C	274	NA
A89_2C_289_290_MAP8_112_321	A89_2C_289_290_MAP8	289|290	MAP8	164	native_A89_2C	275	NA
A89_2C_289_290_MAP8_112_321	A89_2C_289_290_MAP8	289|290	MAP8	165	native_A89_2C	276	NA
A89_2C_289_290_MAP8_112_321	A89_2C_289_290_MAP8	289|290	MAP8	166	native_A89_2C	277	NA
A89_2C_289_290_MAP8_112_321	A89_2C_289_290_MAP8	289|290	MAP8	167	native_A89_2C	278	NA
A89_2C_289_290_MAP8_112_321	A89_2C_289_290_MAP8	289|290	MAP8	168	native_A89_2C	279	NA
A89_2C_289_290_MAP8_112_321	A89_2C_289_290_MAP8	289|290	MAP8	169	native_A89_2C	280	NA
A89_2C_289_290_MAP8_112_321	A89_2C_289_290_MAP8	289|290	MAP8	170	native_A89_2C	281	NA
A89_2C_289_290_MAP8_112_321	A89_2C_289_290_MAP8	289|290	MAP8	171	native_A89_2C	282	NA
A89_2C_289_290_MAP8_112_321	A89_2C_289_290_MAP8	289|290	MAP8	172	native_A89_2C	283	NA
A89_2C_289_290_MAP8_112_321	A89_2C_289_290_MAP8	289|290	MAP8	173	native_A89_2C	284	NA
A89_2C_289_290_MAP8_112_321	A89_2C_289_290_MAP8	289|290	MAP8	174	native_A89_2C	285	NA
A89_2C_289_290_MAP8_112_321	A89_2C_289_290_MAP8	289|290	MAP8	175	native_A89_2C	286	NA
A89_2C_289_290_MAP8_112_321	A89_2C_289_290_MAP8	289|290	MAP8	176	native_A89_2C	287	NA
A89_2C_289_290_MAP8_112_321	A89_2C_289_290_MAP8	289|290	MAP8	177	native_A89_2C	288	NA
A89_2C_289_290_MAP8_112_321	A89_2C_289_290_MAP8	289|290	MAP8	178	native_A89_2C	289	NA
A89_2C_289_290_MAP8_112_321	A89_2C_289_290_MAP8	289|290	MAP8	179	inserted_tag	NA	1
A89_2C_289_290_MAP8_112_321	A89_2C_289_290_MAP8	289|290	MAP8	180	inserted_tag	NA	2
A89_2C_289_290_MAP8_112_321	A89_2C_289_290_MAP8	289|290	MAP8	181	inserted_tag	NA	3
A89_2C_289_290_MAP8_112_321	A89_2C_289_290_MAP8	289|290	MAP8	182	inserted_tag	NA	4
A89_2C_289_290_MAP8_112_321	A89_2C_289_290_MAP8	289|290	MAP8	183	inserted_tag	NA	5
A89_2C_289_290_MAP8_112_321	A89_2C_289_290_MAP8	289|290	MAP8	184	inserted_tag	NA	6
A89_2C_289_290_MAP8_112_321	A89_2C_289_290_MAP8	289|290	MAP8	185	inserted_tag	NA	7
A89_2C_289_290_MAP8_112_321	A89_2C_289_290_MAP8	289|290	MAP8	186	inserted_tag	NA	8
A89_2C_289_290_MAP8_112_321	A89_2C_289_290_MAP8	289|290	MAP8	187	native_A89_2C	290	NA
A89_2C_289_290_MAP8_112_321	A89_2C_289_290_MAP8	289|290	MAP8	188	native_A89_2C	291	NA
A89_2C_289_290_MAP8_112_321	A89_2C_289_290_MAP8	289|290	MAP8	189	native_A89_2C	292	NA
A89_2C_289_290_MAP8_112_321	A89_2C_289_290_MAP8	289|290	MAP8	190	native_A89_2C	293	NA
A89_2C_289_290_MAP8_112_321	A89_2C_289_290_MAP8	289|290	MAP8	191	native_A89_2C	294	NA
A89_2C_289_290_MAP8_112_321	A89_2C_289_290_MAP8	289|290	MAP8	192	native_A89_2C	295	NA
A89_2C_289_290_MAP8_112_321	A89_2C_289_290_MAP8	289|290	MAP8	193	native_A89_2C	296	NA
A89_2C_289_290_MAP8_112_321	A89_2C_289_290_MAP8	289|290	MAP8	194	native_A89_2C	297	NA
A89_2C_289_290_MAP8_112_321	A89_2C_289_290_MAP8	289|290	MAP8	195	native_A89_2C	298	NA
A89_2C_289_290_MAP8_112_321	A89_2C_289_290_MAP8	289|290	MAP8	196	native_A89_2C	299	NA
A89_2C_289_290_MAP8_112_321	A89_2C_289_290_MAP8	289|290	MAP8	197	native_A89_2C	300	NA
A89_2C_289_290_MAP8_112_321	A89_2C_289_290_MAP8	289|290	MAP8	198	native_A89_2C	301	NA
A89_2C_289_290_MAP8_112_321	A89_2C_289_290_MAP8	289|290	MAP8	199	native_A89_2C	302	NA
A89_2C_289_290_MAP8_112_321	A89_2C_289_290_MAP8	289|290	MAP8	200	native_A89_2C	303	NA
A89_2C_289_290_MAP8_112_321	A89_2C_289_290_MAP8	289|290	MAP8	201	native_A89_2C	304	NA
A89_2C_289_290_MAP8_112_321	A89_2C_289_290_MAP8	289|290	MAP8	202	native_A89_2C	305	NA
A89_2C_289_290_MAP8_112_321	A89_2C_289_290_MAP8	289|290	MAP8	203	native_A89_2C	306	NA
A89_2C_289_290_MAP8_112_321	A89_2C_289_290_MAP8	289|290	MAP8	204	native_A89_2C	307	NA
A89_2C_289_290_MAP8_112_321	A89_2C_289_290_MAP8	289|290	MAP8	205	native_A89_2C	308	NA
A89_2C_289_290_MAP8_112_321	A89_2C_289_290_MAP8	289|290	MAP8	206	native_A89_2C	309	NA
A89_2C_289_290_MAP8_112_321	A89_2C_289_290_MAP8	289|290	MAP8	207	native_A89_2C	310	NA
A89_2C_289_290_MAP8_112_321	A89_2C_289_290_MAP8	289|290	MAP8	208	native_A89_2C	311	NA
A89_2C_289_290_MAP8_112_321	A89_2C_289_290_MAP8	289|290	MAP8	209	native_A89_2C	312	NA
A89_2C_289_290_MAP8_112_321	A89_2C_289_290_MAP8	289|290	MAP8	210	native_A89_2C	313	NA
A89_2C_289_290_MAP8_112_321	A89_2C_289_290_MAP8	289|290	MAP8	211	native_A89_2C	314	NA
A89_2C_289_290_MAP8_112_321	A89_2C_289_290_MAP8	289|290	MAP8	212	native_A89_2C	315	NA
A89_2C_289_290_MAP8_112_321	A89_2C_289_290_MAP8	289|290	MAP8	213	native_A89_2C	316	NA
A89_2C_289_290_MAP8_112_321	A89_2C_289_290_MAP8	289|290	MAP8	214	native_A89_2C	317	NA
A89_2C_289_290_MAP8_112_321	A89_2C_289_290_MAP8	289|290	MAP8	215	native_A89_2C	318	NA
A89_2C_289_290_MAP8_112_321	A89_2C_289_290_MAP8	289|290	MAP8	216	native_A89_2C	319	NA
A89_2C_289_290_MAP8_112_321	A89_2C_289_290_MAP8	289|290	MAP8	217	native_A89_2C	320	NA
A89_2C_289_290_MAP8_112_321	A89_2C_289_290_MAP8	289|290	MAP8	218	native_A89_2C	321	NA
A89_2C_289_290_G196_minimal_112_321	A89_2C_289_290_G196_minimal	289|290	G196_minimal	1	native_A89_2C	112	NA
A89_2C_289_290_G196_minimal_112_321	A89_2C_289_290_G196_minimal	289|290	G196_minimal	2	native_A89_2C	113	NA
A89_2C_289_290_G196_minimal_112_321	A89_2C_289_290_G196_minimal	289|290	G196_minimal	3	native_A89_2C	114	NA
A89_2C_289_290_G196_minimal_112_321	A89_2C_289_290_G196_minimal	289|290	G196_minimal	4	native_A89_2C	115	NA
A89_2C_289_290_G196_minimal_112_321	A89_2C_289_290_G196_minimal	289|290	G196_minimal	5	native_A89_2C	116	NA
A89_2C_289_290_G196_minimal_112_321	A89_2C_289_290_G196_minimal	289|290	G196_minimal	6	native_A89_2C	117	NA
A89_2C_289_290_G196_minimal_112_321	A89_2C_289_290_G196_minimal	289|290	G196_minimal	7	native_A89_2C	118	NA
A89_2C_289_290_G196_minimal_112_321	A89_2C_289_290_G196_minimal	289|290	G196_minimal	8	native_A89_2C	119	NA
A89_2C_289_290_G196_minimal_112_321	A89_2C_289_290_G196_minimal	289|290	G196_minimal	9	native_A89_2C	120	NA
A89_2C_289_290_G196_minimal_112_321	A89_2C_289_290_G196_minimal	289|290	G196_minimal	10	native_A89_2C	121	NA
A89_2C_289_290_G196_minimal_112_321	A89_2C_289_290_G196_minimal	289|290	G196_minimal	11	native_A89_2C	122	NA
A89_2C_289_290_G196_minimal_112_321	A89_2C_289_290_G196_minimal	289|290	G196_minimal	12	native_A89_2C	123	NA
A89_2C_289_290_G196_minimal_112_321	A89_2C_289_290_G196_minimal	289|290	G196_minimal	13	native_A89_2C	124	NA
A89_2C_289_290_G196_minimal_112_321	A89_2C_289_290_G196_minimal	289|290	G196_minimal	14	native_A89_2C	125	NA
A89_2C_289_290_G196_minimal_112_321	A89_2C_289_290_G196_minimal	289|290	G196_minimal	15	native_A89_2C	126	NA
A89_2C_289_290_G196_minimal_112_321	A89_2C_289_290_G196_minimal	289|290	G196_minimal	16	native_A89_2C	127	NA
A89_2C_289_290_G196_minimal_112_321	A89_2C_289_290_G196_minimal	289|290	G196_minimal	17	native_A89_2C	128	NA
A89_2C_289_290_G196_minimal_112_321	A89_2C_289_290_G196_minimal	289|290	G196_minimal	18	native_A89_2C	129	NA
A89_2C_289_290_G196_minimal_112_321	A89_2C_289_290_G196_minimal	289|290	G196_minimal	19	native_A89_2C	130	NA
A89_2C_289_290_G196_minimal_112_321	A89_2C_289_290_G196_minimal	289|290	G196_minimal	20	native_A89_2C	131	NA
A89_2C_289_290_G196_minimal_112_321	A89_2C_289_290_G196_minimal	289|290	G196_minimal	21	native_A89_2C	132	NA
A89_2C_289_290_G196_minimal_112_321	A89_2C_289_290_G196_minimal	289|290	G196_minimal	22	native_A89_2C	133	NA
A89_2C_289_290_G196_minimal_112_321	A89_2C_289_290_G196_minimal	289|290	G196_minimal	23	native_A89_2C	134	NA
A89_2C_289_290_G196_minimal_112_321	A89_2C_289_290_G196_minimal	289|290	G196_minimal	24	native_A89_2C	135	NA
A89_2C_289_290_G196_minimal_112_321	A89_2C_289_290_G196_minimal	289|290	G196_minimal	25	native_A89_2C	136	NA
A89_2C_289_290_G196_minimal_112_321	A89_2C_289_290_G196_minimal	289|290	G196_minimal	26	native_A89_2C	137	NA
A89_2C_289_290_G196_minimal_112_321	A89_2C_289_290_G196_minimal	289|290	G196_minimal	27	native_A89_2C	138	NA
A89_2C_289_290_G196_minimal_112_321	A89_2C_289_290_G196_minimal	289|290	G196_minimal	28	native_A89_2C	139	NA
A89_2C_289_290_G196_minimal_112_321	A89_2C_289_290_G196_minimal	289|290	G196_minimal	29	native_A89_2C	140	NA
A89_2C_289_290_G196_minimal_112_321	A89_2C_289_290_G196_minimal	289|290	G196_minimal	30	native_A89_2C	141	NA
A89_2C_289_290_G196_minimal_112_321	A89_2C_289_290_G196_minimal	289|290	G196_minimal	31	native_A89_2C	142	NA
A89_2C_289_290_G196_minimal_112_321	A89_2C_289_290_G196_minimal	289|290	G196_minimal	32	native_A89_2C	143	NA
A89_2C_289_290_G196_minimal_112_321	A89_2C_289_290_G196_minimal	289|290	G196_minimal	33	native_A89_2C	144	NA
A89_2C_289_290_G196_minimal_112_321	A89_2C_289_290_G196_minimal	289|290	G196_minimal	34	native_A89_2C	145	NA
A89_2C_289_290_G196_minimal_112_321	A89_2C_289_290_G196_minimal	289|290	G196_minimal	35	native_A89_2C	146	NA
A89_2C_289_290_G196_minimal_112_321	A89_2C_289_290_G196_minimal	289|290	G196_minimal	36	native_A89_2C	147	NA
A89_2C_289_290_G196_minimal_112_321	A89_2C_289_290_G196_minimal	289|290	G196_minimal	37	native_A89_2C	148	NA
A89_2C_289_290_G196_minimal_112_321	A89_2C_289_290_G196_minimal	289|290	G196_minimal	38	native_A89_2C	149	NA
A89_2C_289_290_G196_minimal_112_321	A89_2C_289_290_G196_minimal	289|290	G196_minimal	39	native_A89_2C	150	NA
A89_2C_289_290_G196_minimal_112_321	A89_2C_289_290_G196_minimal	289|290	G196_minimal	40	native_A89_2C	151	NA
A89_2C_289_290_G196_minimal_112_321	A89_2C_289_290_G196_minimal	289|290	G196_minimal	41	native_A89_2C	152	NA
A89_2C_289_290_G196_minimal_112_321	A89_2C_289_290_G196_minimal	289|290	G196_minimal	42	native_A89_2C	153	NA
A89_2C_289_290_G196_minimal_112_321	A89_2C_289_290_G196_minimal	289|290	G196_minimal	43	native_A89_2C	154	NA
A89_2C_289_290_G196_minimal_112_321	A89_2C_289_290_G196_minimal	289|290	G196_minimal	44	native_A89_2C	155	NA
A89_2C_289_290_G196_minimal_112_321	A89_2C_289_290_G196_minimal	289|290	G196_minimal	45	native_A89_2C	156	NA
A89_2C_289_290_G196_minimal_112_321	A89_2C_289_290_G196_minimal	289|290	G196_minimal	46	native_A89_2C	157	NA
A89_2C_289_290_G196_minimal_112_321	A89_2C_289_290_G196_minimal	289|290	G196_minimal	47	native_A89_2C	158	NA
A89_2C_289_290_G196_minimal_112_321	A89_2C_289_290_G196_minimal	289|290	G196_minimal	48	native_A89_2C	159	NA
A89_2C_289_290_G196_minimal_112_321	A89_2C_289_290_G196_minimal	289|290	G196_minimal	49	native_A89_2C	160	NA
A89_2C_289_290_G196_minimal_112_321	A89_2C_289_290_G196_minimal	289|290	G196_minimal	50	native_A89_2C	161	NA
A89_2C_289_290_G196_minimal_112_321	A89_2C_289_290_G196_minimal	289|290	G196_minimal	51	native_A89_2C	162	NA
A89_2C_289_290_G196_minimal_112_321	A89_2C_289_290_G196_minimal	289|290	G196_minimal	52	native_A89_2C	163	NA
A89_2C_289_290_G196_minimal_112_321	A89_2C_289_290_G196_minimal	289|290	G196_minimal	53	native_A89_2C	164	NA
A89_2C_289_290_G196_minimal_112_321	A89_2C_289_290_G196_minimal	289|290	G196_minimal	54	native_A89_2C	165	NA
A89_2C_289_290_G196_minimal_112_321	A89_2C_289_290_G196_minimal	289|290	G196_minimal	55	native_A89_2C	166	NA
A89_2C_289_290_G196_minimal_112_321	A89_2C_289_290_G196_minimal	289|290	G196_minimal	56	native_A89_2C	167	NA
A89_2C_289_290_G196_minimal_112_321	A89_2C_289_290_G196_minimal	289|290	G196_minimal	57	native_A89_2C	168	NA
A89_2C_289_290_G196_minimal_112_321	A89_2C_289_290_G196_minimal	289|290	G196_minimal	58	native_A89_2C	169	NA
A89_2C_289_290_G196_minimal_112_321	A89_2C_289_290_G196_minimal	289|290	G196_minimal	59	native_A89_2C	170	NA
A89_2C_289_290_G196_minimal_112_321	A89_2C_289_290_G196_minimal	289|290	G196_minimal	60	native_A89_2C	171	NA
A89_2C_289_290_G196_minimal_112_321	A89_2C_289_290_G196_minimal	289|290	G196_minimal	61	native_A89_2C	172	NA
A89_2C_289_290_G196_minimal_112_321	A89_2C_289_290_G196_minimal	289|290	G196_minimal	62	native_A89_2C	173	NA
A89_2C_289_290_G196_minimal_112_321	A89_2C_289_290_G196_minimal	289|290	G196_minimal	63	native_A89_2C	174	NA
A89_2C_289_290_G196_minimal_112_321	A89_2C_289_290_G196_minimal	289|290	G196_minimal	64	native_A89_2C	175	NA
A89_2C_289_290_G196_minimal_112_321	A89_2C_289_290_G196_minimal	289|290	G196_minimal	65	native_A89_2C	176	NA
A89_2C_289_290_G196_minimal_112_321	A89_2C_289_290_G196_minimal	289|290	G196_minimal	66	native_A89_2C	177	NA
A89_2C_289_290_G196_minimal_112_321	A89_2C_289_290_G196_minimal	289|290	G196_minimal	67	native_A89_2C	178	NA
A89_2C_289_290_G196_minimal_112_321	A89_2C_289_290_G196_minimal	289|290	G196_minimal	68	native_A89_2C	179	NA
A89_2C_289_290_G196_minimal_112_321	A89_2C_289_290_G196_minimal	289|290	G196_minimal	69	native_A89_2C	180	NA
A89_2C_289_290_G196_minimal_112_321	A89_2C_289_290_G196_minimal	289|290	G196_minimal	70	native_A89_2C	181	NA
A89_2C_289_290_G196_minimal_112_321	A89_2C_289_290_G196_minimal	289|290	G196_minimal	71	native_A89_2C	182	NA
A89_2C_289_290_G196_minimal_112_321	A89_2C_289_290_G196_minimal	289|290	G196_minimal	72	native_A89_2C	183	NA
A89_2C_289_290_G196_minimal_112_321	A89_2C_289_290_G196_minimal	289|290	G196_minimal	73	native_A89_2C	184	NA
A89_2C_289_290_G196_minimal_112_321	A89_2C_289_290_G196_minimal	289|290	G196_minimal	74	native_A89_2C	185	NA
A89_2C_289_290_G196_minimal_112_321	A89_2C_289_290_G196_minimal	289|290	G196_minimal	75	native_A89_2C	186	NA
A89_2C_289_290_G196_minimal_112_321	A89_2C_289_290_G196_minimal	289|290	G196_minimal	76	native_A89_2C	187	NA
A89_2C_289_290_G196_minimal_112_321	A89_2C_289_290_G196_minimal	289|290	G196_minimal	77	native_A89_2C	188	NA
A89_2C_289_290_G196_minimal_112_321	A89_2C_289_290_G196_minimal	289|290	G196_minimal	78	native_A89_2C	189	NA
A89_2C_289_290_G196_minimal_112_321	A89_2C_289_290_G196_minimal	289|290	G196_minimal	79	native_A89_2C	190	NA
A89_2C_289_290_G196_minimal_112_321	A89_2C_289_290_G196_minimal	289|290	G196_minimal	80	native_A89_2C	191	NA
A89_2C_289_290_G196_minimal_112_321	A89_2C_289_290_G196_minimal	289|290	G196_minimal	81	native_A89_2C	192	NA
A89_2C_289_290_G196_minimal_112_321	A89_2C_289_290_G196_minimal	289|290	G196_minimal	82	native_A89_2C	193	NA
A89_2C_289_290_G196_minimal_112_321	A89_2C_289_290_G196_minimal	289|290	G196_minimal	83	native_A89_2C	194	NA
A89_2C_289_290_G196_minimal_112_321	A89_2C_289_290_G196_minimal	289|290	G196_minimal	84	native_A89_2C	195	NA
A89_2C_289_290_G196_minimal_112_321	A89_2C_289_290_G196_minimal	289|290	G196_minimal	85	native_A89_2C	196	NA
A89_2C_289_290_G196_minimal_112_321	A89_2C_289_290_G196_minimal	289|290	G196_minimal	86	native_A89_2C	197	NA
A89_2C_289_290_G196_minimal_112_321	A89_2C_289_290_G196_minimal	289|290	G196_minimal	87	native_A89_2C	198	NA
A89_2C_289_290_G196_minimal_112_321	A89_2C_289_290_G196_minimal	289|290	G196_minimal	88	native_A89_2C	199	NA
A89_2C_289_290_G196_minimal_112_321	A89_2C_289_290_G196_minimal	289|290	G196_minimal	89	native_A89_2C	200	NA
A89_2C_289_290_G196_minimal_112_321	A89_2C_289_290_G196_minimal	289|290	G196_minimal	90	native_A89_2C	201	NA
A89_2C_289_290_G196_minimal_112_321	A89_2C_289_290_G196_minimal	289|290	G196_minimal	91	native_A89_2C	202	NA
A89_2C_289_290_G196_minimal_112_321	A89_2C_289_290_G196_minimal	289|290	G196_minimal	92	native_A89_2C	203	NA
A89_2C_289_290_G196_minimal_112_321	A89_2C_289_290_G196_minimal	289|290	G196_minimal	93	native_A89_2C	204	NA
A89_2C_289_290_G196_minimal_112_321	A89_2C_289_290_G196_minimal	289|290	G196_minimal	94	native_A89_2C	205	NA
A89_2C_289_290_G196_minimal_112_321	A89_2C_289_290_G196_minimal	289|290	G196_minimal	95	native_A89_2C	206	NA
A89_2C_289_290_G196_minimal_112_321	A89_2C_289_290_G196_minimal	289|290	G196_minimal	96	native_A89_2C	207	NA
A89_2C_289_290_G196_minimal_112_321	A89_2C_289_290_G196_minimal	289|290	G196_minimal	97	native_A89_2C	208	NA
A89_2C_289_290_G196_minimal_112_321	A89_2C_289_290_G196_minimal	289|290	G196_minimal	98	native_A89_2C	209	NA
A89_2C_289_290_G196_minimal_112_321	A89_2C_289_290_G196_minimal	289|290	G196_minimal	99	native_A89_2C	210	NA
A89_2C_289_290_G196_minimal_112_321	A89_2C_289_290_G196_minimal	289|290	G196_minimal	100	native_A89_2C	211	NA
A89_2C_289_290_G196_minimal_112_321	A89_2C_289_290_G196_minimal	289|290	G196_minimal	101	native_A89_2C	212	NA
A89_2C_289_290_G196_minimal_112_321	A89_2C_289_290_G196_minimal	289|290	G196_minimal	102	native_A89_2C	213	NA
A89_2C_289_290_G196_minimal_112_321	A89_2C_289_290_G196_minimal	289|290	G196_minimal	103	native_A89_2C	214	NA
A89_2C_289_290_G196_minimal_112_321	A89_2C_289_290_G196_minimal	289|290	G196_minimal	104	native_A89_2C	215	NA
A89_2C_289_290_G196_minimal_112_321	A89_2C_289_290_G196_minimal	289|290	G196_minimal	105	native_A89_2C	216	NA
A89_2C_289_290_G196_minimal_112_321	A89_2C_289_290_G196_minimal	289|290	G196_minimal	106	native_A89_2C	217	NA
A89_2C_289_290_G196_minimal_112_321	A89_2C_289_290_G196_minimal	289|290	G196_minimal	107	native_A89_2C	218	NA
A89_2C_289_290_G196_minimal_112_321	A89_2C_289_290_G196_minimal	289|290	G196_minimal	108	native_A89_2C	219	NA
A89_2C_289_290_G196_minimal_112_321	A89_2C_289_290_G196_minimal	289|290	G196_minimal	109	native_A89_2C	220	NA
A89_2C_289_290_G196_minimal_112_321	A89_2C_289_290_G196_minimal	289|290	G196_minimal	110	native_A89_2C	221	NA
A89_2C_289_290_G196_minimal_112_321	A89_2C_289_290_G196_minimal	289|290	G196_minimal	111	native_A89_2C	222	NA
A89_2C_289_290_G196_minimal_112_321	A89_2C_289_290_G196_minimal	289|290	G196_minimal	112	native_A89_2C	223	NA
A89_2C_289_290_G196_minimal_112_321	A89_2C_289_290_G196_minimal	289|290	G196_minimal	113	native_A89_2C	224	NA
A89_2C_289_290_G196_minimal_112_321	A89_2C_289_290_G196_minimal	289|290	G196_minimal	114	native_A89_2C	225	NA
A89_2C_289_290_G196_minimal_112_321	A89_2C_289_290_G196_minimal	289|290	G196_minimal	115	native_A89_2C	226	NA
A89_2C_289_290_G196_minimal_112_321	A89_2C_289_290_G196_minimal	289|290	G196_minimal	116	native_A89_2C	227	NA
A89_2C_289_290_G196_minimal_112_321	A89_2C_289_290_G196_minimal	289|290	G196_minimal	117	native_A89_2C	228	NA
A89_2C_289_290_G196_minimal_112_321	A89_2C_289_290_G196_minimal	289|290	G196_minimal	118	native_A89_2C	229	NA
A89_2C_289_290_G196_minimal_112_321	A89_2C_289_290_G196_minimal	289|290	G196_minimal	119	native_A89_2C	230	NA
A89_2C_289_290_G196_minimal_112_321	A89_2C_289_290_G196_minimal	289|290	G196_minimal	120	native_A89_2C	231	NA
A89_2C_289_290_G196_minimal_112_321	A89_2C_289_290_G196_minimal	289|290	G196_minimal	121	native_A89_2C	232	NA
A89_2C_289_290_G196_minimal_112_321	A89_2C_289_290_G196_minimal	289|290	G196_minimal	122	native_A89_2C	233	NA
A89_2C_289_290_G196_minimal_112_321	A89_2C_289_290_G196_minimal	289|290	G196_minimal	123	native_A89_2C	234	NA
A89_2C_289_290_G196_minimal_112_321	A89_2C_289_290_G196_minimal	289|290	G196_minimal	124	native_A89_2C	235	NA
A89_2C_289_290_G196_minimal_112_321	A89_2C_289_290_G196_minimal	289|290	G196_minimal	125	native_A89_2C	236	NA
A89_2C_289_290_G196_minimal_112_321	A89_2C_289_290_G196_minimal	289|290	G196_minimal	126	native_A89_2C	237	NA
A89_2C_289_290_G196_minimal_112_321	A89_2C_289_290_G196_minimal	289|290	G196_minimal	127	native_A89_2C	238	NA
A89_2C_289_290_G196_minimal_112_321	A89_2C_289_290_G196_minimal	289|290	G196_minimal	128	native_A89_2C	239	NA
A89_2C_289_290_G196_minimal_112_321	A89_2C_289_290_G196_minimal	289|290	G196_minimal	129	native_A89_2C	240	NA
A89_2C_289_290_G196_minimal_112_321	A89_2C_289_290_G196_minimal	289|290	G196_minimal	130	native_A89_2C	241	NA
A89_2C_289_290_G196_minimal_112_321	A89_2C_289_290_G196_minimal	289|290	G196_minimal	131	native_A89_2C	242	NA
A89_2C_289_290_G196_minimal_112_321	A89_2C_289_290_G196_minimal	289|290	G196_minimal	132	native_A89_2C	243	NA
A89_2C_289_290_G196_minimal_112_321	A89_2C_289_290_G196_minimal	289|290	G196_minimal	133	native_A89_2C	244	NA
A89_2C_289_290_G196_minimal_112_321	A89_2C_289_290_G196_minimal	289|290	G196_minimal	134	native_A89_2C	245	NA
A89_2C_289_290_G196_minimal_112_321	A89_2C_289_290_G196_minimal	289|290	G196_minimal	135	native_A89_2C	246	NA
A89_2C_289_290_G196_minimal_112_321	A89_2C_289_290_G196_minimal	289|290	G196_minimal	136	native_A89_2C	247	NA
A89_2C_289_290_G196_minimal_112_321	A89_2C_289_290_G196_minimal	289|290	G196_minimal	137	native_A89_2C	248	NA
A89_2C_289_290_G196_minimal_112_321	A89_2C_289_290_G196_minimal	289|290	G196_minimal	138	native_A89_2C	249	NA
A89_2C_289_290_G196_minimal_112_321	A89_2C_289_290_G196_minimal	289|290	G196_minimal	139	native_A89_2C	250	NA
A89_2C_289_290_G196_minimal_112_321	A89_2C_289_290_G196_minimal	289|290	G196_minimal	140	native_A89_2C	251	NA
A89_2C_289_290_G196_minimal_112_321	A89_2C_289_290_G196_minimal	289|290	G196_minimal	141	native_A89_2C	252	NA
A89_2C_289_290_G196_minimal_112_321	A89_2C_289_290_G196_minimal	289|290	G196_minimal	142	native_A89_2C	253	NA
A89_2C_289_290_G196_minimal_112_321	A89_2C_289_290_G196_minimal	289|290	G196_minimal	143	native_A89_2C	254	NA
A89_2C_289_290_G196_minimal_112_321	A89_2C_289_290_G196_minimal	289|290	G196_minimal	144	native_A89_2C	255	NA
A89_2C_289_290_G196_minimal_112_321	A89_2C_289_290_G196_minimal	289|290	G196_minimal	145	native_A89_2C	256	NA
A89_2C_289_290_G196_minimal_112_321	A89_2C_289_290_G196_minimal	289|290	G196_minimal	146	native_A89_2C	257	NA
A89_2C_289_290_G196_minimal_112_321	A89_2C_289_290_G196_minimal	289|290	G196_minimal	147	native_A89_2C	258	NA
A89_2C_289_290_G196_minimal_112_321	A89_2C_289_290_G196_minimal	289|290	G196_minimal	148	native_A89_2C	259	NA
A89_2C_289_290_G196_minimal_112_321	A89_2C_289_290_G196_minimal	289|290	G196_minimal	149	native_A89_2C	260	NA
A89_2C_289_290_G196_minimal_112_321	A89_2C_289_290_G196_minimal	289|290	G196_minimal	150	native_A89_2C	261	NA
A89_2C_289_290_G196_minimal_112_321	A89_2C_289_290_G196_minimal	289|290	G196_minimal	151	native_A89_2C	262	NA
A89_2C_289_290_G196_minimal_112_321	A89_2C_289_290_G196_minimal	289|290	G196_minimal	152	native_A89_2C	263	NA
A89_2C_289_290_G196_minimal_112_321	A89_2C_289_290_G196_minimal	289|290	G196_minimal	153	native_A89_2C	264	NA
A89_2C_289_290_G196_minimal_112_321	A89_2C_289_290_G196_minimal	289|290	G196_minimal	154	native_A89_2C	265	NA
A89_2C_289_290_G196_minimal_112_321	A89_2C_289_290_G196_minimal	289|290	G196_minimal	155	native_A89_2C	266	NA
A89_2C_289_290_G196_minimal_112_321	A89_2C_289_290_G196_minimal	289|290	G196_minimal	156	native_A89_2C	267	NA
A89_2C_289_290_G196_minimal_112_321	A89_2C_289_290_G196_minimal	289|290	G196_minimal	157	native_A89_2C	268	NA
A89_2C_289_290_G196_minimal_112_321	A89_2C_289_290_G196_minimal	289|290	G196_minimal	158	native_A89_2C	269	NA
A89_2C_289_290_G196_minimal_112_321	A89_2C_289_290_G196_minimal	289|290	G196_minimal	159	native_A89_2C	270	NA
A89_2C_289_290_G196_minimal_112_321	A89_2C_289_290_G196_minimal	289|290	G196_minimal	160	native_A89_2C	271	NA
A89_2C_289_290_G196_minimal_112_321	A89_2C_289_290_G196_minimal	289|290	G196_minimal	161	native_A89_2C	272	NA
A89_2C_289_290_G196_minimal_112_321	A89_2C_289_290_G196_minimal	289|290	G196_minimal	162	native_A89_2C	273	NA
A89_2C_289_290_G196_minimal_112_321	A89_2C_289_290_G196_minimal	289|290	G196_minimal	163	native_A89_2C	274	NA
A89_2C_289_290_G196_minimal_112_321	A89_2C_289_290_G196_minimal	289|290	G196_minimal	164	native_A89_2C	275	NA
A89_2C_289_290_G196_minimal_112_321	A89_2C_289_290_G196_minimal	289|290	G196_minimal	165	native_A89_2C	276	NA
A89_2C_289_290_G196_minimal_112_321	A89_2C_289_290_G196_minimal	289|290	G196_minimal	166	native_A89_2C	277	NA
A89_2C_289_290_G196_minimal_112_321	A89_2C_289_290_G196_minimal	289|290	G196_minimal	167	native_A89_2C	278	NA
A89_2C_289_290_G196_minimal_112_321	A89_2C_289_290_G196_minimal	289|290	G196_minimal	168	native_A89_2C	279	NA
A89_2C_289_290_G196_minimal_112_321	A89_2C_289_290_G196_minimal	289|290	G196_minimal	169	native_A89_2C	280	NA
A89_2C_289_290_G196_minimal_112_321	A89_2C_289_290_G196_minimal	289|290	G196_minimal	170	native_A89_2C	281	NA
A89_2C_289_290_G196_minimal_112_321	A89_2C_289_290_G196_minimal	289|290	G196_minimal	171	native_A89_2C	282	NA
A89_2C_289_290_G196_minimal_112_321	A89_2C_289_290_G196_minimal	289|290	G196_minimal	172	native_A89_2C	283	NA
A89_2C_289_290_G196_minimal_112_321	A89_2C_289_290_G196_minimal	289|290	G196_minimal	173	native_A89_2C	284	NA
A89_2C_289_290_G196_minimal_112_321	A89_2C_289_290_G196_minimal	289|290	G196_minimal	174	native_A89_2C	285	NA
A89_2C_289_290_G196_minimal_112_321	A89_2C_289_290_G196_minimal	289|290	G196_minimal	175	native_A89_2C	286	NA
A89_2C_289_290_G196_minimal_112_321	A89_2C_289_290_G196_minimal	289|290	G196_minimal	176	native_A89_2C	287	NA
A89_2C_289_290_G196_minimal_112_321	A89_2C_289_290_G196_minimal	289|290	G196_minimal	177	native_A89_2C	288	NA
A89_2C_289_290_G196_minimal_112_321	A89_2C_289_290_G196_minimal	289|290	G196_minimal	178	native_A89_2C	289	NA
A89_2C_289_290_G196_minimal_112_321	A89_2C_289_290_G196_minimal	289|290	G196_minimal	179	inserted_tag	NA	1
A89_2C_289_290_G196_minimal_112_321	A89_2C_289_290_G196_minimal	289|290	G196_minimal	180	inserted_tag	NA	2
A89_2C_289_290_G196_minimal_112_321	A89_2C_289_290_G196_minimal	289|290	G196_minimal	181	inserted_tag	NA	3
A89_2C_289_290_G196_minimal_112_321	A89_2C_289_290_G196_minimal	289|290	G196_minimal	182	inserted_tag	NA	4
A89_2C_289_290_G196_minimal_112_321	A89_2C_289_290_G196_minimal	289|290	G196_minimal	183	inserted_tag	NA	5
A89_2C_289_290_G196_minimal_112_321	A89_2C_289_290_G196_minimal	289|290	G196_minimal	184	native_A89_2C	290	NA
A89_2C_289_290_G196_minimal_112_321	A89_2C_289_290_G196_minimal	289|290	G196_minimal	185	native_A89_2C	291	NA
A89_2C_289_290_G196_minimal_112_321	A89_2C_289_290_G196_minimal	289|290	G196_minimal	186	native_A89_2C	292	NA
A89_2C_289_290_G196_minimal_112_321	A89_2C_289_290_G196_minimal	289|290	G196_minimal	187	native_A89_2C	293	NA
A89_2C_289_290_G196_minimal_112_321	A89_2C_289_290_G196_minimal	289|290	G196_minimal	188	native_A89_2C	294	NA
A89_2C_289_290_G196_minimal_112_321	A89_2C_289_290_G196_minimal	289|290	G196_minimal	189	native_A89_2C	295	NA
A89_2C_289_290_G196_minimal_112_321	A89_2C_289_290_G196_minimal	289|290	G196_minimal	190	native_A89_2C	296	NA
A89_2C_289_290_G196_minimal_112_321	A89_2C_289_290_G196_minimal	289|290	G196_minimal	191	native_A89_2C	297	NA
A89_2C_289_290_G196_minimal_112_321	A89_2C_289_290_G196_minimal	289|290	G196_minimal	192	native_A89_2C	298	NA
A89_2C_289_290_G196_minimal_112_321	A89_2C_289_290_G196_minimal	289|290	G196_minimal	193	native_A89_2C	299	NA
A89_2C_289_290_G196_minimal_112_321	A89_2C_289_290_G196_minimal	289|290	G196_minimal	194	native_A89_2C	300	NA
A89_2C_289_290_G196_minimal_112_321	A89_2C_289_290_G196_minimal	289|290	G196_minimal	195	native_A89_2C	301	NA
A89_2C_289_290_G196_minimal_112_321	A89_2C_289_290_G196_minimal	289|290	G196_minimal	196	native_A89_2C	302	NA
A89_2C_289_290_G196_minimal_112_321	A89_2C_289_290_G196_minimal	289|290	G196_minimal	197	native_A89_2C	303	NA
A89_2C_289_290_G196_minimal_112_321	A89_2C_289_290_G196_minimal	289|290	G196_minimal	198	native_A89_2C	304	NA
A89_2C_289_290_G196_minimal_112_321	A89_2C_289_290_G196_minimal	289|290	G196_minimal	199	native_A89_2C	305	NA
A89_2C_289_290_G196_minimal_112_321	A89_2C_289_290_G196_minimal	289|290	G196_minimal	200	native_A89_2C	306	NA
A89_2C_289_290_G196_minimal_112_321	A89_2C_289_290_G196_minimal	289|290	G196_minimal	201	native_A89_2C	307	NA
A89_2C_289_290_G196_minimal_112_321	A89_2C_289_290_G196_minimal	289|290	G196_minimal	202	native_A89_2C	308	NA
A89_2C_289_290_G196_minimal_112_321	A89_2C_289_290_G196_minimal	289|290	G196_minimal	203	native_A89_2C	309	NA
A89_2C_289_290_G196_minimal_112_321	A89_2C_289_290_G196_minimal	289|290	G196_minimal	204	native_A89_2C	310	NA
A89_2C_289_290_G196_minimal_112_321	A89_2C_289_290_G196_minimal	289|290	G196_minimal	205	native_A89_2C	311	NA
A89_2C_289_290_G196_minimal_112_321	A89_2C_289_290_G196_minimal	289|290	G196_minimal	206	native_A89_2C	312	NA
A89_2C_289_290_G196_minimal_112_321	A89_2C_289_290_G196_minimal	289|290	G196_minimal	207	native_A89_2C	313	NA
A89_2C_289_290_G196_minimal_112_321	A89_2C_289_290_G196_minimal	289|290	G196_minimal	208	native_A89_2C	314	NA
A89_2C_289_290_G196_minimal_112_321	A89_2C_289_290_G196_minimal	289|290	G196_minimal	209	native_A89_2C	315	NA
A89_2C_289_290_G196_minimal_112_321	A89_2C_289_290_G196_minimal	289|290	G196_minimal	210	native_A89_2C	316	NA
A89_2C_289_290_G196_minimal_112_321	A89_2C_289_290_G196_minimal	289|290	G196_minimal	211	native_A89_2C	317	NA
A89_2C_289_290_G196_minimal_112_321	A89_2C_289_290_G196_minimal	289|290	G196_minimal	212	native_A89_2C	318	NA
A89_2C_289_290_G196_minimal_112_321	A89_2C_289_290_G196_minimal	289|290	G196_minimal	213	native_A89_2C	319	NA
A89_2C_289_290_G196_minimal_112_321	A89_2C_289_290_G196_minimal	289|290	G196_minimal	214	native_A89_2C	320	NA
A89_2C_289_290_G196_minimal_112_321	A89_2C_289_290_G196_minimal	289|290	G196_minimal	215	native_A89_2C	321	NA
A89_2C_288_289_HA_112_321	A89_2C_288_289_HA	288|289	HA	1	native_A89_2C	112	NA
A89_2C_288_289_HA_112_321	A89_2C_288_289_HA	288|289	HA	2	native_A89_2C	113	NA
A89_2C_288_289_HA_112_321	A89_2C_288_289_HA	288|289	HA	3	native_A89_2C	114	NA
A89_2C_288_289_HA_112_321	A89_2C_288_289_HA	288|289	HA	4	native_A89_2C	115	NA
A89_2C_288_289_HA_112_321	A89_2C_288_289_HA	288|289	HA	5	native_A89_2C	116	NA
A89_2C_288_289_HA_112_321	A89_2C_288_289_HA	288|289	HA	6	native_A89_2C	117	NA
A89_2C_288_289_HA_112_321	A89_2C_288_289_HA	288|289	HA	7	native_A89_2C	118	NA
A89_2C_288_289_HA_112_321	A89_2C_288_289_HA	288|289	HA	8	native_A89_2C	119	NA
A89_2C_288_289_HA_112_321	A89_2C_288_289_HA	288|289	HA	9	native_A89_2C	120	NA
A89_2C_288_289_HA_112_321	A89_2C_288_289_HA	288|289	HA	10	native_A89_2C	121	NA
A89_2C_288_289_HA_112_321	A89_2C_288_289_HA	288|289	HA	11	native_A89_2C	122	NA
A89_2C_288_289_HA_112_321	A89_2C_288_289_HA	288|289	HA	12	native_A89_2C	123	NA
A89_2C_288_289_HA_112_321	A89_2C_288_289_HA	288|289	HA	13	native_A89_2C	124	NA
A89_2C_288_289_HA_112_321	A89_2C_288_289_HA	288|289	HA	14	native_A89_2C	125	NA
A89_2C_288_289_HA_112_321	A89_2C_288_289_HA	288|289	HA	15	native_A89_2C	126	NA
A89_2C_288_289_HA_112_321	A89_2C_288_289_HA	288|289	HA	16	native_A89_2C	127	NA
A89_2C_288_289_HA_112_321	A89_2C_288_289_HA	288|289	HA	17	native_A89_2C	128	NA
A89_2C_288_289_HA_112_321	A89_2C_288_289_HA	288|289	HA	18	native_A89_2C	129	NA
A89_2C_288_289_HA_112_321	A89_2C_288_289_HA	288|289	HA	19	native_A89_2C	130	NA
A89_2C_288_289_HA_112_321	A89_2C_288_289_HA	288|289	HA	20	native_A89_2C	131	NA
A89_2C_288_289_HA_112_321	A89_2C_288_289_HA	288|289	HA	21	native_A89_2C	132	NA
A89_2C_288_289_HA_112_321	A89_2C_288_289_HA	288|289	HA	22	native_A89_2C	133	NA
A89_2C_288_289_HA_112_321	A89_2C_288_289_HA	288|289	HA	23	native_A89_2C	134	NA
A89_2C_288_289_HA_112_321	A89_2C_288_289_HA	288|289	HA	24	native_A89_2C	135	NA
A89_2C_288_289_HA_112_321	A89_2C_288_289_HA	288|289	HA	25	native_A89_2C	136	NA
A89_2C_288_289_HA_112_321	A89_2C_288_289_HA	288|289	HA	26	native_A89_2C	137	NA
A89_2C_288_289_HA_112_321	A89_2C_288_289_HA	288|289	HA	27	native_A89_2C	138	NA
A89_2C_288_289_HA_112_321	A89_2C_288_289_HA	288|289	HA	28	native_A89_2C	139	NA
A89_2C_288_289_HA_112_321	A89_2C_288_289_HA	288|289	HA	29	native_A89_2C	140	NA
A89_2C_288_289_HA_112_321	A89_2C_288_289_HA	288|289	HA	30	native_A89_2C	141	NA
A89_2C_288_289_HA_112_321	A89_2C_288_289_HA	288|289	HA	31	native_A89_2C	142	NA
A89_2C_288_289_HA_112_321	A89_2C_288_289_HA	288|289	HA	32	native_A89_2C	143	NA
A89_2C_288_289_HA_112_321	A89_2C_288_289_HA	288|289	HA	33	native_A89_2C	144	NA
A89_2C_288_289_HA_112_321	A89_2C_288_289_HA	288|289	HA	34	native_A89_2C	145	NA
A89_2C_288_289_HA_112_321	A89_2C_288_289_HA	288|289	HA	35	native_A89_2C	146	NA
A89_2C_288_289_HA_112_321	A89_2C_288_289_HA	288|289	HA	36	native_A89_2C	147	NA
A89_2C_288_289_HA_112_321	A89_2C_288_289_HA	288|289	HA	37	native_A89_2C	148	NA
A89_2C_288_289_HA_112_321	A89_2C_288_289_HA	288|289	HA	38	native_A89_2C	149	NA
A89_2C_288_289_HA_112_321	A89_2C_288_289_HA	288|289	HA	39	native_A89_2C	150	NA
A89_2C_288_289_HA_112_321	A89_2C_288_289_HA	288|289	HA	40	native_A89_2C	151	NA
A89_2C_288_289_HA_112_321	A89_2C_288_289_HA	288|289	HA	41	native_A89_2C	152	NA
A89_2C_288_289_HA_112_321	A89_2C_288_289_HA	288|289	HA	42	native_A89_2C	153	NA
A89_2C_288_289_HA_112_321	A89_2C_288_289_HA	288|289	HA	43	native_A89_2C	154	NA
A89_2C_288_289_HA_112_321	A89_2C_288_289_HA	288|289	HA	44	native_A89_2C	155	NA
A89_2C_288_289_HA_112_321	A89_2C_288_289_HA	288|289	HA	45	native_A89_2C	156	NA
A89_2C_288_289_HA_112_321	A89_2C_288_289_HA	288|289	HA	46	native_A89_2C	157	NA
A89_2C_288_289_HA_112_321	A89_2C_288_289_HA	288|289	HA	47	native_A89_2C	158	NA
A89_2C_288_289_HA_112_321	A89_2C_288_289_HA	288|289	HA	48	native_A89_2C	159	NA
A89_2C_288_289_HA_112_321	A89_2C_288_289_HA	288|289	HA	49	native_A89_2C	160	NA
A89_2C_288_289_HA_112_321	A89_2C_288_289_HA	288|289	HA	50	native_A89_2C	161	NA
A89_2C_288_289_HA_112_321	A89_2C_288_289_HA	288|289	HA	51	native_A89_2C	162	NA
A89_2C_288_289_HA_112_321	A89_2C_288_289_HA	288|289	HA	52	native_A89_2C	163	NA
A89_2C_288_289_HA_112_321	A89_2C_288_289_HA	288|289	HA	53	native_A89_2C	164	NA
A89_2C_288_289_HA_112_321	A89_2C_288_289_HA	288|289	HA	54	native_A89_2C	165	NA
A89_2C_288_289_HA_112_321	A89_2C_288_289_HA	288|289	HA	55	native_A89_2C	166	NA
A89_2C_288_289_HA_112_321	A89_2C_288_289_HA	288|289	HA	56	native_A89_2C	167	NA
A89_2C_288_289_HA_112_321	A89_2C_288_289_HA	288|289	HA	57	native_A89_2C	168	NA
A89_2C_288_289_HA_112_321	A89_2C_288_289_HA	288|289	HA	58	native_A89_2C	169	NA
A89_2C_288_289_HA_112_321	A89_2C_288_289_HA	288|289	HA	59	native_A89_2C	170	NA
A89_2C_288_289_HA_112_321	A89_2C_288_289_HA	288|289	HA	60	native_A89_2C	171	NA
A89_2C_288_289_HA_112_321	A89_2C_288_289_HA	288|289	HA	61	native_A89_2C	172	NA
A89_2C_288_289_HA_112_321	A89_2C_288_289_HA	288|289	HA	62	native_A89_2C	173	NA
A89_2C_288_289_HA_112_321	A89_2C_288_289_HA	288|289	HA	63	native_A89_2C	174	NA
A89_2C_288_289_HA_112_321	A89_2C_288_289_HA	288|289	HA	64	native_A89_2C	175	NA
A89_2C_288_289_HA_112_321	A89_2C_288_289_HA	288|289	HA	65	native_A89_2C	176	NA
A89_2C_288_289_HA_112_321	A89_2C_288_289_HA	288|289	HA	66	native_A89_2C	177	NA
A89_2C_288_289_HA_112_321	A89_2C_288_289_HA	288|289	HA	67	native_A89_2C	178	NA
A89_2C_288_289_HA_112_321	A89_2C_288_289_HA	288|289	HA	68	native_A89_2C	179	NA
A89_2C_288_289_HA_112_321	A89_2C_288_289_HA	288|289	HA	69	native_A89_2C	180	NA
A89_2C_288_289_HA_112_321	A89_2C_288_289_HA	288|289	HA	70	native_A89_2C	181	NA
A89_2C_288_289_HA_112_321	A89_2C_288_289_HA	288|289	HA	71	native_A89_2C	182	NA
A89_2C_288_289_HA_112_321	A89_2C_288_289_HA	288|289	HA	72	native_A89_2C	183	NA
A89_2C_288_289_HA_112_321	A89_2C_288_289_HA	288|289	HA	73	native_A89_2C	184	NA
A89_2C_288_289_HA_112_321	A89_2C_288_289_HA	288|289	HA	74	native_A89_2C	185	NA
A89_2C_288_289_HA_112_321	A89_2C_288_289_HA	288|289	HA	75	native_A89_2C	186	NA
A89_2C_288_289_HA_112_321	A89_2C_288_289_HA	288|289	HA	76	native_A89_2C	187	NA
A89_2C_288_289_HA_112_321	A89_2C_288_289_HA	288|289	HA	77	native_A89_2C	188	NA
A89_2C_288_289_HA_112_321	A89_2C_288_289_HA	288|289	HA	78	native_A89_2C	189	NA
A89_2C_288_289_HA_112_321	A89_2C_288_289_HA	288|289	HA	79	native_A89_2C	190	NA
A89_2C_288_289_HA_112_321	A89_2C_288_289_HA	288|289	HA	80	native_A89_2C	191	NA
A89_2C_288_289_HA_112_321	A89_2C_288_289_HA	288|289	HA	81	native_A89_2C	192	NA
A89_2C_288_289_HA_112_321	A89_2C_288_289_HA	288|289	HA	82	native_A89_2C	193	NA
A89_2C_288_289_HA_112_321	A89_2C_288_289_HA	288|289	HA	83	native_A89_2C	194	NA
A89_2C_288_289_HA_112_321	A89_2C_288_289_HA	288|289	HA	84	native_A89_2C	195	NA
A89_2C_288_289_HA_112_321	A89_2C_288_289_HA	288|289	HA	85	native_A89_2C	196	NA
A89_2C_288_289_HA_112_321	A89_2C_288_289_HA	288|289	HA	86	native_A89_2C	197	NA
A89_2C_288_289_HA_112_321	A89_2C_288_289_HA	288|289	HA	87	native_A89_2C	198	NA
A89_2C_288_289_HA_112_321	A89_2C_288_289_HA	288|289	HA	88	native_A89_2C	199	NA
A89_2C_288_289_HA_112_321	A89_2C_288_289_HA	288|289	HA	89	native_A89_2C	200	NA
A89_2C_288_289_HA_112_321	A89_2C_288_289_HA	288|289	HA	90	native_A89_2C	201	NA
A89_2C_288_289_HA_112_321	A89_2C_288_289_HA	288|289	HA	91	native_A89_2C	202	NA
A89_2C_288_289_HA_112_321	A89_2C_288_289_HA	288|289	HA	92	native_A89_2C	203	NA
A89_2C_288_289_HA_112_321	A89_2C_288_289_HA	288|289	HA	93	native_A89_2C	204	NA
A89_2C_288_289_HA_112_321	A89_2C_288_289_HA	288|289	HA	94	native_A89_2C	205	NA
A89_2C_288_289_HA_112_321	A89_2C_288_289_HA	288|289	HA	95	native_A89_2C	206	NA
A89_2C_288_289_HA_112_321	A89_2C_288_289_HA	288|289	HA	96	native_A89_2C	207	NA
A89_2C_288_289_HA_112_321	A89_2C_288_289_HA	288|289	HA	97	native_A89_2C	208	NA
A89_2C_288_289_HA_112_321	A89_2C_288_289_HA	288|289	HA	98	native_A89_2C	209	NA
A89_2C_288_289_HA_112_321	A89_2C_288_289_HA	288|289	HA	99	native_A89_2C	210	NA
A89_2C_288_289_HA_112_321	A89_2C_288_289_HA	288|289	HA	100	native_A89_2C	211	NA
A89_2C_288_289_HA_112_321	A89_2C_288_289_HA	288|289	HA	101	native_A89_2C	212	NA
A89_2C_288_289_HA_112_321	A89_2C_288_289_HA	288|289	HA	102	native_A89_2C	213	NA
A89_2C_288_289_HA_112_321	A89_2C_288_289_HA	288|289	HA	103	native_A89_2C	214	NA
A89_2C_288_289_HA_112_321	A89_2C_288_289_HA	288|289	HA	104	native_A89_2C	215	NA
A89_2C_288_289_HA_112_321	A89_2C_288_289_HA	288|289	HA	105	native_A89_2C	216	NA
A89_2C_288_289_HA_112_321	A89_2C_288_289_HA	288|289	HA	106	native_A89_2C	217	NA
A89_2C_288_289_HA_112_321	A89_2C_288_289_HA	288|289	HA	107	native_A89_2C	218	NA
A89_2C_288_289_HA_112_321	A89_2C_288_289_HA	288|289	HA	108	native_A89_2C	219	NA
A89_2C_288_289_HA_112_321	A89_2C_288_289_HA	288|289	HA	109	native_A89_2C	220	NA
A89_2C_288_289_HA_112_321	A89_2C_288_289_HA	288|289	HA	110	native_A89_2C	221	NA
A89_2C_288_289_HA_112_321	A89_2C_288_289_HA	288|289	HA	111	native_A89_2C	222	NA
A89_2C_288_289_HA_112_321	A89_2C_288_289_HA	288|289	HA	112	native_A89_2C	223	NA
A89_2C_288_289_HA_112_321	A89_2C_288_289_HA	288|289	HA	113	native_A89_2C	224	NA
A89_2C_288_289_HA_112_321	A89_2C_288_289_HA	288|289	HA	114	native_A89_2C	225	NA
A89_2C_288_289_HA_112_321	A89_2C_288_289_HA	288|289	HA	115	native_A89_2C	226	NA
A89_2C_288_289_HA_112_321	A89_2C_288_289_HA	288|289	HA	116	native_A89_2C	227	NA
A89_2C_288_289_HA_112_321	A89_2C_288_289_HA	288|289	HA	117	native_A89_2C	228	NA
A89_2C_288_289_HA_112_321	A89_2C_288_289_HA	288|289	HA	118	native_A89_2C	229	NA
A89_2C_288_289_HA_112_321	A89_2C_288_289_HA	288|289	HA	119	native_A89_2C	230	NA
A89_2C_288_289_HA_112_321	A89_2C_288_289_HA	288|289	HA	120	native_A89_2C	231	NA
A89_2C_288_289_HA_112_321	A89_2C_288_289_HA	288|289	HA	121	native_A89_2C	232	NA
A89_2C_288_289_HA_112_321	A89_2C_288_289_HA	288|289	HA	122	native_A89_2C	233	NA
A89_2C_288_289_HA_112_321	A89_2C_288_289_HA	288|289	HA	123	native_A89_2C	234	NA
A89_2C_288_289_HA_112_321	A89_2C_288_289_HA	288|289	HA	124	native_A89_2C	235	NA
A89_2C_288_289_HA_112_321	A89_2C_288_289_HA	288|289	HA	125	native_A89_2C	236	NA
A89_2C_288_289_HA_112_321	A89_2C_288_289_HA	288|289	HA	126	native_A89_2C	237	NA
A89_2C_288_289_HA_112_321	A89_2C_288_289_HA	288|289	HA	127	native_A89_2C	238	NA
A89_2C_288_289_HA_112_321	A89_2C_288_289_HA	288|289	HA	128	native_A89_2C	239	NA
A89_2C_288_289_HA_112_321	A89_2C_288_289_HA	288|289	HA	129	native_A89_2C	240	NA
A89_2C_288_289_HA_112_321	A89_2C_288_289_HA	288|289	HA	130	native_A89_2C	241	NA
A89_2C_288_289_HA_112_321	A89_2C_288_289_HA	288|289	HA	131	native_A89_2C	242	NA
A89_2C_288_289_HA_112_321	A89_2C_288_289_HA	288|289	HA	132	native_A89_2C	243	NA
A89_2C_288_289_HA_112_321	A89_2C_288_289_HA	288|289	HA	133	native_A89_2C	244	NA
A89_2C_288_289_HA_112_321	A89_2C_288_289_HA	288|289	HA	134	native_A89_2C	245	NA
A89_2C_288_289_HA_112_321	A89_2C_288_289_HA	288|289	HA	135	native_A89_2C	246	NA
A89_2C_288_289_HA_112_321	A89_2C_288_289_HA	288|289	HA	136	native_A89_2C	247	NA
A89_2C_288_289_HA_112_321	A89_2C_288_289_HA	288|289	HA	137	native_A89_2C	248	NA
A89_2C_288_289_HA_112_321	A89_2C_288_289_HA	288|289	HA	138	native_A89_2C	249	NA
A89_2C_288_289_HA_112_321	A89_2C_288_289_HA	288|289	HA	139	native_A89_2C	250	NA
A89_2C_288_289_HA_112_321	A89_2C_288_289_HA	288|289	HA	140	native_A89_2C	251	NA
A89_2C_288_289_HA_112_321	A89_2C_288_289_HA	288|289	HA	141	native_A89_2C	252	NA
A89_2C_288_289_HA_112_321	A89_2C_288_289_HA	288|289	HA	142	native_A89_2C	253	NA
A89_2C_288_289_HA_112_321	A89_2C_288_289_HA	288|289	HA	143	native_A89_2C	254	NA
A89_2C_288_289_HA_112_321	A89_2C_288_289_HA	288|289	HA	144	native_A89_2C	255	NA
A89_2C_288_289_HA_112_321	A89_2C_288_289_HA	288|289	HA	145	native_A89_2C	256	NA
A89_2C_288_289_HA_112_321	A89_2C_288_289_HA	288|289	HA	146	native_A89_2C	257	NA
A89_2C_288_289_HA_112_321	A89_2C_288_289_HA	288|289	HA	147	native_A89_2C	258	NA
A89_2C_288_289_HA_112_321	A89_2C_288_289_HA	288|289	HA	148	native_A89_2C	259	NA
A89_2C_288_289_HA_112_321	A89_2C_288_289_HA	288|289	HA	149	native_A89_2C	260	NA
A89_2C_288_289_HA_112_321	A89_2C_288_289_HA	288|289	HA	150	native_A89_2C	261	NA
A89_2C_288_289_HA_112_321	A89_2C_288_289_HA	288|289	HA	151	native_A89_2C	262	NA
A89_2C_288_289_HA_112_321	A89_2C_288_289_HA	288|289	HA	152	native_A89_2C	263	NA
A89_2C_288_289_HA_112_321	A89_2C_288_289_HA	288|289	HA	153	native_A89_2C	264	NA
A89_2C_288_289_HA_112_321	A89_2C_288_289_HA	288|289	HA	154	native_A89_2C	265	NA
A89_2C_288_289_HA_112_321	A89_2C_288_289_HA	288|289	HA	155	native_A89_2C	266	NA
A89_2C_288_289_HA_112_321	A89_2C_288_289_HA	288|289	HA	156	native_A89_2C	267	NA
A89_2C_288_289_HA_112_321	A89_2C_288_289_HA	288|289	HA	157	native_A89_2C	268	NA
A89_2C_288_289_HA_112_321	A89_2C_288_289_HA	288|289	HA	158	native_A89_2C	269	NA
A89_2C_288_289_HA_112_321	A89_2C_288_289_HA	288|289	HA	159	native_A89_2C	270	NA
A89_2C_288_289_HA_112_321	A89_2C_288_289_HA	288|289	HA	160	native_A89_2C	271	NA
A89_2C_288_289_HA_112_321	A89_2C_288_289_HA	288|289	HA	161	native_A89_2C	272	NA
A89_2C_288_289_HA_112_321	A89_2C_288_289_HA	288|289	HA	162	native_A89_2C	273	NA
A89_2C_288_289_HA_112_321	A89_2C_288_289_HA	288|289	HA	163	native_A89_2C	274	NA
A89_2C_288_289_HA_112_321	A89_2C_288_289_HA	288|289	HA	164	native_A89_2C	275	NA
A89_2C_288_289_HA_112_321	A89_2C_288_289_HA	288|289	HA	165	native_A89_2C	276	NA
A89_2C_288_289_HA_112_321	A89_2C_288_289_HA	288|289	HA	166	native_A89_2C	277	NA
A89_2C_288_289_HA_112_321	A89_2C_288_289_HA	288|289	HA	167	native_A89_2C	278	NA
A89_2C_288_289_HA_112_321	A89_2C_288_289_HA	288|289	HA	168	native_A89_2C	279	NA
A89_2C_288_289_HA_112_321	A89_2C_288_289_HA	288|289	HA	169	native_A89_2C	280	NA
A89_2C_288_289_HA_112_321	A89_2C_288_289_HA	288|289	HA	170	native_A89_2C	281	NA
A89_2C_288_289_HA_112_321	A89_2C_288_289_HA	288|289	HA	171	native_A89_2C	282	NA
A89_2C_288_289_HA_112_321	A89_2C_288_289_HA	288|289	HA	172	native_A89_2C	283	NA
A89_2C_288_289_HA_112_321	A89_2C_288_289_HA	288|289	HA	173	native_A89_2C	284	NA
A89_2C_288_289_HA_112_321	A89_2C_288_289_HA	288|289	HA	174	native_A89_2C	285	NA
A89_2C_288_289_HA_112_321	A89_2C_288_289_HA	288|289	HA	175	native_A89_2C	286	NA
A89_2C_288_289_HA_112_321	A89_2C_288_289_HA	288|289	HA	176	native_A89_2C	287	NA
A89_2C_288_289_HA_112_321	A89_2C_288_289_HA	288|289	HA	177	native_A89_2C	288	NA
A89_2C_288_289_HA_112_321	A89_2C_288_289_HA	288|289	HA	178	inserted_tag	NA	1
A89_2C_288_289_HA_112_321	A89_2C_288_289_HA	288|289	HA	179	inserted_tag	NA	2
A89_2C_288_289_HA_112_321	A89_2C_288_289_HA	288|289	HA	180	inserted_tag	NA	3
A89_2C_288_289_HA_112_321	A89_2C_288_289_HA	288|289	HA	181	inserted_tag	NA	4
A89_2C_288_289_HA_112_321	A89_2C_288_289_HA	288|289	HA	182	inserted_tag	NA	5
A89_2C_288_289_HA_112_321	A89_2C_288_289_HA	288|289	HA	183	inserted_tag	NA	6
A89_2C_288_289_HA_112_321	A89_2C_288_289_HA	288|289	HA	184	inserted_tag	NA	7
A89_2C_288_289_HA_112_321	A89_2C_288_289_HA	288|289	HA	185	inserted_tag	NA	8
A89_2C_288_289_HA_112_321	A89_2C_288_289_HA	288|289	HA	186	inserted_tag	NA	9
A89_2C_288_289_HA_112_321	A89_2C_288_289_HA	288|289	HA	187	native_A89_2C	289	NA
A89_2C_288_289_HA_112_321	A89_2C_288_289_HA	288|289	HA	188	native_A89_2C	290	NA
A89_2C_288_289_HA_112_321	A89_2C_288_289_HA	288|289	HA	189	native_A89_2C	291	NA
A89_2C_288_289_HA_112_321	A89_2C_288_289_HA	288|289	HA	190	native_A89_2C	292	NA
A89_2C_288_289_HA_112_321	A89_2C_288_289_HA	288|289	HA	191	native_A89_2C	293	NA
A89_2C_288_289_HA_112_321	A89_2C_288_289_HA	288|289	HA	192	native_A89_2C	294	NA
A89_2C_288_289_HA_112_321	A89_2C_288_289_HA	288|289	HA	193	native_A89_2C	295	NA
A89_2C_288_289_HA_112_321	A89_2C_288_289_HA	288|289	HA	194	native_A89_2C	296	NA
A89_2C_288_289_HA_112_321	A89_2C_288_289_HA	288|289	HA	195	native_A89_2C	297	NA
A89_2C_288_289_HA_112_321	A89_2C_288_289_HA	288|289	HA	196	native_A89_2C	298	NA
A89_2C_288_289_HA_112_321	A89_2C_288_289_HA	288|289	HA	197	native_A89_2C	299	NA
A89_2C_288_289_HA_112_321	A89_2C_288_289_HA	288|289	HA	198	native_A89_2C	300	NA
A89_2C_288_289_HA_112_321	A89_2C_288_289_HA	288|289	HA	199	native_A89_2C	301	NA
A89_2C_288_289_HA_112_321	A89_2C_288_289_HA	288|289	HA	200	native_A89_2C	302	NA
A89_2C_288_289_HA_112_321	A89_2C_288_289_HA	288|289	HA	201	native_A89_2C	303	NA
A89_2C_288_289_HA_112_321	A89_2C_288_289_HA	288|289	HA	202	native_A89_2C	304	NA
A89_2C_288_289_HA_112_321	A89_2C_288_289_HA	288|289	HA	203	native_A89_2C	305	NA
A89_2C_288_289_HA_112_321	A89_2C_288_289_HA	288|289	HA	204	native_A89_2C	306	NA
A89_2C_288_289_HA_112_321	A89_2C_288_289_HA	288|289	HA	205	native_A89_2C	307	NA
A89_2C_288_289_HA_112_321	A89_2C_288_289_HA	288|289	HA	206	native_A89_2C	308	NA
A89_2C_288_289_HA_112_321	A89_2C_288_289_HA	288|289	HA	207	native_A89_2C	309	NA
A89_2C_288_289_HA_112_321	A89_2C_288_289_HA	288|289	HA	208	native_A89_2C	310	NA
A89_2C_288_289_HA_112_321	A89_2C_288_289_HA	288|289	HA	209	native_A89_2C	311	NA
A89_2C_288_289_HA_112_321	A89_2C_288_289_HA	288|289	HA	210	native_A89_2C	312	NA
A89_2C_288_289_HA_112_321	A89_2C_288_289_HA	288|289	HA	211	native_A89_2C	313	NA
A89_2C_288_289_HA_112_321	A89_2C_288_289_HA	288|289	HA	212	native_A89_2C	314	NA
A89_2C_288_289_HA_112_321	A89_2C_288_289_HA	288|289	HA	213	native_A89_2C	315	NA
A89_2C_288_289_HA_112_321	A89_2C_288_289_HA	288|289	HA	214	native_A89_2C	316	NA
A89_2C_288_289_HA_112_321	A89_2C_288_289_HA	288|289	HA	215	native_A89_2C	317	NA
A89_2C_288_289_HA_112_321	A89_2C_288_289_HA	288|289	HA	216	native_A89_2C	318	NA
A89_2C_288_289_HA_112_321	A89_2C_288_289_HA	288|289	HA	217	native_A89_2C	319	NA
A89_2C_288_289_HA_112_321	A89_2C_288_289_HA	288|289	HA	218	native_A89_2C	320	NA
A89_2C_288_289_HA_112_321	A89_2C_288_289_HA	288|289	HA	219	native_A89_2C	321	NA
A89_2C_288_289_MAP8_112_321	A89_2C_288_289_MAP8	288|289	MAP8	1	native_A89_2C	112	NA
A89_2C_288_289_MAP8_112_321	A89_2C_288_289_MAP8	288|289	MAP8	2	native_A89_2C	113	NA
A89_2C_288_289_MAP8_112_321	A89_2C_288_289_MAP8	288|289	MAP8	3	native_A89_2C	114	NA
A89_2C_288_289_MAP8_112_321	A89_2C_288_289_MAP8	288|289	MAP8	4	native_A89_2C	115	NA
A89_2C_288_289_MAP8_112_321	A89_2C_288_289_MAP8	288|289	MAP8	5	native_A89_2C	116	NA
A89_2C_288_289_MAP8_112_321	A89_2C_288_289_MAP8	288|289	MAP8	6	native_A89_2C	117	NA
A89_2C_288_289_MAP8_112_321	A89_2C_288_289_MAP8	288|289	MAP8	7	native_A89_2C	118	NA
A89_2C_288_289_MAP8_112_321	A89_2C_288_289_MAP8	288|289	MAP8	8	native_A89_2C	119	NA
A89_2C_288_289_MAP8_112_321	A89_2C_288_289_MAP8	288|289	MAP8	9	native_A89_2C	120	NA
A89_2C_288_289_MAP8_112_321	A89_2C_288_289_MAP8	288|289	MAP8	10	native_A89_2C	121	NA
A89_2C_288_289_MAP8_112_321	A89_2C_288_289_MAP8	288|289	MAP8	11	native_A89_2C	122	NA
A89_2C_288_289_MAP8_112_321	A89_2C_288_289_MAP8	288|289	MAP8	12	native_A89_2C	123	NA
A89_2C_288_289_MAP8_112_321	A89_2C_288_289_MAP8	288|289	MAP8	13	native_A89_2C	124	NA
A89_2C_288_289_MAP8_112_321	A89_2C_288_289_MAP8	288|289	MAP8	14	native_A89_2C	125	NA
A89_2C_288_289_MAP8_112_321	A89_2C_288_289_MAP8	288|289	MAP8	15	native_A89_2C	126	NA
A89_2C_288_289_MAP8_112_321	A89_2C_288_289_MAP8	288|289	MAP8	16	native_A89_2C	127	NA
A89_2C_288_289_MAP8_112_321	A89_2C_288_289_MAP8	288|289	MAP8	17	native_A89_2C	128	NA
A89_2C_288_289_MAP8_112_321	A89_2C_288_289_MAP8	288|289	MAP8	18	native_A89_2C	129	NA
A89_2C_288_289_MAP8_112_321	A89_2C_288_289_MAP8	288|289	MAP8	19	native_A89_2C	130	NA
A89_2C_288_289_MAP8_112_321	A89_2C_288_289_MAP8	288|289	MAP8	20	native_A89_2C	131	NA
A89_2C_288_289_MAP8_112_321	A89_2C_288_289_MAP8	288|289	MAP8	21	native_A89_2C	132	NA
A89_2C_288_289_MAP8_112_321	A89_2C_288_289_MAP8	288|289	MAP8	22	native_A89_2C	133	NA
A89_2C_288_289_MAP8_112_321	A89_2C_288_289_MAP8	288|289	MAP8	23	native_A89_2C	134	NA
A89_2C_288_289_MAP8_112_321	A89_2C_288_289_MAP8	288|289	MAP8	24	native_A89_2C	135	NA
A89_2C_288_289_MAP8_112_321	A89_2C_288_289_MAP8	288|289	MAP8	25	native_A89_2C	136	NA
A89_2C_288_289_MAP8_112_321	A89_2C_288_289_MAP8	288|289	MAP8	26	native_A89_2C	137	NA
A89_2C_288_289_MAP8_112_321	A89_2C_288_289_MAP8	288|289	MAP8	27	native_A89_2C	138	NA
A89_2C_288_289_MAP8_112_321	A89_2C_288_289_MAP8	288|289	MAP8	28	native_A89_2C	139	NA
A89_2C_288_289_MAP8_112_321	A89_2C_288_289_MAP8	288|289	MAP8	29	native_A89_2C	140	NA
A89_2C_288_289_MAP8_112_321	A89_2C_288_289_MAP8	288|289	MAP8	30	native_A89_2C	141	NA
A89_2C_288_289_MAP8_112_321	A89_2C_288_289_MAP8	288|289	MAP8	31	native_A89_2C	142	NA
A89_2C_288_289_MAP8_112_321	A89_2C_288_289_MAP8	288|289	MAP8	32	native_A89_2C	143	NA
A89_2C_288_289_MAP8_112_321	A89_2C_288_289_MAP8	288|289	MAP8	33	native_A89_2C	144	NA
A89_2C_288_289_MAP8_112_321	A89_2C_288_289_MAP8	288|289	MAP8	34	native_A89_2C	145	NA
A89_2C_288_289_MAP8_112_321	A89_2C_288_289_MAP8	288|289	MAP8	35	native_A89_2C	146	NA
A89_2C_288_289_MAP8_112_321	A89_2C_288_289_MAP8	288|289	MAP8	36	native_A89_2C	147	NA
A89_2C_288_289_MAP8_112_321	A89_2C_288_289_MAP8	288|289	MAP8	37	native_A89_2C	148	NA
A89_2C_288_289_MAP8_112_321	A89_2C_288_289_MAP8	288|289	MAP8	38	native_A89_2C	149	NA
A89_2C_288_289_MAP8_112_321	A89_2C_288_289_MAP8	288|289	MAP8	39	native_A89_2C	150	NA
A89_2C_288_289_MAP8_112_321	A89_2C_288_289_MAP8	288|289	MAP8	40	native_A89_2C	151	NA
A89_2C_288_289_MAP8_112_321	A89_2C_288_289_MAP8	288|289	MAP8	41	native_A89_2C	152	NA
A89_2C_288_289_MAP8_112_321	A89_2C_288_289_MAP8	288|289	MAP8	42	native_A89_2C	153	NA
A89_2C_288_289_MAP8_112_321	A89_2C_288_289_MAP8	288|289	MAP8	43	native_A89_2C	154	NA
A89_2C_288_289_MAP8_112_321	A89_2C_288_289_MAP8	288|289	MAP8	44	native_A89_2C	155	NA
A89_2C_288_289_MAP8_112_321	A89_2C_288_289_MAP8	288|289	MAP8	45	native_A89_2C	156	NA
A89_2C_288_289_MAP8_112_321	A89_2C_288_289_MAP8	288|289	MAP8	46	native_A89_2C	157	NA
A89_2C_288_289_MAP8_112_321	A89_2C_288_289_MAP8	288|289	MAP8	47	native_A89_2C	158	NA
A89_2C_288_289_MAP8_112_321	A89_2C_288_289_MAP8	288|289	MAP8	48	native_A89_2C	159	NA
A89_2C_288_289_MAP8_112_321	A89_2C_288_289_MAP8	288|289	MAP8	49	native_A89_2C	160	NA
A89_2C_288_289_MAP8_112_321	A89_2C_288_289_MAP8	288|289	MAP8	50	native_A89_2C	161	NA
A89_2C_288_289_MAP8_112_321	A89_2C_288_289_MAP8	288|289	MAP8	51	native_A89_2C	162	NA
A89_2C_288_289_MAP8_112_321	A89_2C_288_289_MAP8	288|289	MAP8	52	native_A89_2C	163	NA
A89_2C_288_289_MAP8_112_321	A89_2C_288_289_MAP8	288|289	MAP8	53	native_A89_2C	164	NA
A89_2C_288_289_MAP8_112_321	A89_2C_288_289_MAP8	288|289	MAP8	54	native_A89_2C	165	NA
A89_2C_288_289_MAP8_112_321	A89_2C_288_289_MAP8	288|289	MAP8	55	native_A89_2C	166	NA
A89_2C_288_289_MAP8_112_321	A89_2C_288_289_MAP8	288|289	MAP8	56	native_A89_2C	167	NA
A89_2C_288_289_MAP8_112_321	A89_2C_288_289_MAP8	288|289	MAP8	57	native_A89_2C	168	NA
A89_2C_288_289_MAP8_112_321	A89_2C_288_289_MAP8	288|289	MAP8	58	native_A89_2C	169	NA
A89_2C_288_289_MAP8_112_321	A89_2C_288_289_MAP8	288|289	MAP8	59	native_A89_2C	170	NA
A89_2C_288_289_MAP8_112_321	A89_2C_288_289_MAP8	288|289	MAP8	60	native_A89_2C	171	NA
A89_2C_288_289_MAP8_112_321	A89_2C_288_289_MAP8	288|289	MAP8	61	native_A89_2C	172	NA
A89_2C_288_289_MAP8_112_321	A89_2C_288_289_MAP8	288|289	MAP8	62	native_A89_2C	173	NA
A89_2C_288_289_MAP8_112_321	A89_2C_288_289_MAP8	288|289	MAP8	63	native_A89_2C	174	NA
A89_2C_288_289_MAP8_112_321	A89_2C_288_289_MAP8	288|289	MAP8	64	native_A89_2C	175	NA
A89_2C_288_289_MAP8_112_321	A89_2C_288_289_MAP8	288|289	MAP8	65	native_A89_2C	176	NA
A89_2C_288_289_MAP8_112_321	A89_2C_288_289_MAP8	288|289	MAP8	66	native_A89_2C	177	NA
A89_2C_288_289_MAP8_112_321	A89_2C_288_289_MAP8	288|289	MAP8	67	native_A89_2C	178	NA
A89_2C_288_289_MAP8_112_321	A89_2C_288_289_MAP8	288|289	MAP8	68	native_A89_2C	179	NA
A89_2C_288_289_MAP8_112_321	A89_2C_288_289_MAP8	288|289	MAP8	69	native_A89_2C	180	NA
A89_2C_288_289_MAP8_112_321	A89_2C_288_289_MAP8	288|289	MAP8	70	native_A89_2C	181	NA
A89_2C_288_289_MAP8_112_321	A89_2C_288_289_MAP8	288|289	MAP8	71	native_A89_2C	182	NA
A89_2C_288_289_MAP8_112_321	A89_2C_288_289_MAP8	288|289	MAP8	72	native_A89_2C	183	NA
A89_2C_288_289_MAP8_112_321	A89_2C_288_289_MAP8	288|289	MAP8	73	native_A89_2C	184	NA
A89_2C_288_289_MAP8_112_321	A89_2C_288_289_MAP8	288|289	MAP8	74	native_A89_2C	185	NA
A89_2C_288_289_MAP8_112_321	A89_2C_288_289_MAP8	288|289	MAP8	75	native_A89_2C	186	NA
A89_2C_288_289_MAP8_112_321	A89_2C_288_289_MAP8	288|289	MAP8	76	native_A89_2C	187	NA
A89_2C_288_289_MAP8_112_321	A89_2C_288_289_MAP8	288|289	MAP8	77	native_A89_2C	188	NA
A89_2C_288_289_MAP8_112_321	A89_2C_288_289_MAP8	288|289	MAP8	78	native_A89_2C	189	NA
A89_2C_288_289_MAP8_112_321	A89_2C_288_289_MAP8	288|289	MAP8	79	native_A89_2C	190	NA
A89_2C_288_289_MAP8_112_321	A89_2C_288_289_MAP8	288|289	MAP8	80	native_A89_2C	191	NA
A89_2C_288_289_MAP8_112_321	A89_2C_288_289_MAP8	288|289	MAP8	81	native_A89_2C	192	NA
A89_2C_288_289_MAP8_112_321	A89_2C_288_289_MAP8	288|289	MAP8	82	native_A89_2C	193	NA
A89_2C_288_289_MAP8_112_321	A89_2C_288_289_MAP8	288|289	MAP8	83	native_A89_2C	194	NA
A89_2C_288_289_MAP8_112_321	A89_2C_288_289_MAP8	288|289	MAP8	84	native_A89_2C	195	NA
A89_2C_288_289_MAP8_112_321	A89_2C_288_289_MAP8	288|289	MAP8	85	native_A89_2C	196	NA
A89_2C_288_289_MAP8_112_321	A89_2C_288_289_MAP8	288|289	MAP8	86	native_A89_2C	197	NA
A89_2C_288_289_MAP8_112_321	A89_2C_288_289_MAP8	288|289	MAP8	87	native_A89_2C	198	NA
A89_2C_288_289_MAP8_112_321	A89_2C_288_289_MAP8	288|289	MAP8	88	native_A89_2C	199	NA
A89_2C_288_289_MAP8_112_321	A89_2C_288_289_MAP8	288|289	MAP8	89	native_A89_2C	200	NA
A89_2C_288_289_MAP8_112_321	A89_2C_288_289_MAP8	288|289	MAP8	90	native_A89_2C	201	NA
A89_2C_288_289_MAP8_112_321	A89_2C_288_289_MAP8	288|289	MAP8	91	native_A89_2C	202	NA
A89_2C_288_289_MAP8_112_321	A89_2C_288_289_MAP8	288|289	MAP8	92	native_A89_2C	203	NA
A89_2C_288_289_MAP8_112_321	A89_2C_288_289_MAP8	288|289	MAP8	93	native_A89_2C	204	NA
A89_2C_288_289_MAP8_112_321	A89_2C_288_289_MAP8	288|289	MAP8	94	native_A89_2C	205	NA
A89_2C_288_289_MAP8_112_321	A89_2C_288_289_MAP8	288|289	MAP8	95	native_A89_2C	206	NA
A89_2C_288_289_MAP8_112_321	A89_2C_288_289_MAP8	288|289	MAP8	96	native_A89_2C	207	NA
A89_2C_288_289_MAP8_112_321	A89_2C_288_289_MAP8	288|289	MAP8	97	native_A89_2C	208	NA
A89_2C_288_289_MAP8_112_321	A89_2C_288_289_MAP8	288|289	MAP8	98	native_A89_2C	209	NA
A89_2C_288_289_MAP8_112_321	A89_2C_288_289_MAP8	288|289	MAP8	99	native_A89_2C	210	NA
A89_2C_288_289_MAP8_112_321	A89_2C_288_289_MAP8	288|289	MAP8	100	native_A89_2C	211	NA
A89_2C_288_289_MAP8_112_321	A89_2C_288_289_MAP8	288|289	MAP8	101	native_A89_2C	212	NA
A89_2C_288_289_MAP8_112_321	A89_2C_288_289_MAP8	288|289	MAP8	102	native_A89_2C	213	NA
A89_2C_288_289_MAP8_112_321	A89_2C_288_289_MAP8	288|289	MAP8	103	native_A89_2C	214	NA
A89_2C_288_289_MAP8_112_321	A89_2C_288_289_MAP8	288|289	MAP8	104	native_A89_2C	215	NA
A89_2C_288_289_MAP8_112_321	A89_2C_288_289_MAP8	288|289	MAP8	105	native_A89_2C	216	NA
A89_2C_288_289_MAP8_112_321	A89_2C_288_289_MAP8	288|289	MAP8	106	native_A89_2C	217	NA
A89_2C_288_289_MAP8_112_321	A89_2C_288_289_MAP8	288|289	MAP8	107	native_A89_2C	218	NA
A89_2C_288_289_MAP8_112_321	A89_2C_288_289_MAP8	288|289	MAP8	108	native_A89_2C	219	NA
A89_2C_288_289_MAP8_112_321	A89_2C_288_289_MAP8	288|289	MAP8	109	native_A89_2C	220	NA
A89_2C_288_289_MAP8_112_321	A89_2C_288_289_MAP8	288|289	MAP8	110	native_A89_2C	221	NA
A89_2C_288_289_MAP8_112_321	A89_2C_288_289_MAP8	288|289	MAP8	111	native_A89_2C	222	NA
A89_2C_288_289_MAP8_112_321	A89_2C_288_289_MAP8	288|289	MAP8	112	native_A89_2C	223	NA
A89_2C_288_289_MAP8_112_321	A89_2C_288_289_MAP8	288|289	MAP8	113	native_A89_2C	224	NA
A89_2C_288_289_MAP8_112_321	A89_2C_288_289_MAP8	288|289	MAP8	114	native_A89_2C	225	NA
A89_2C_288_289_MAP8_112_321	A89_2C_288_289_MAP8	288|289	MAP8	115	native_A89_2C	226	NA
A89_2C_288_289_MAP8_112_321	A89_2C_288_289_MAP8	288|289	MAP8	116	native_A89_2C	227	NA
A89_2C_288_289_MAP8_112_321	A89_2C_288_289_MAP8	288|289	MAP8	117	native_A89_2C	228	NA
A89_2C_288_289_MAP8_112_321	A89_2C_288_289_MAP8	288|289	MAP8	118	native_A89_2C	229	NA
A89_2C_288_289_MAP8_112_321	A89_2C_288_289_MAP8	288|289	MAP8	119	native_A89_2C	230	NA
A89_2C_288_289_MAP8_112_321	A89_2C_288_289_MAP8	288|289	MAP8	120	native_A89_2C	231	NA
A89_2C_288_289_MAP8_112_321	A89_2C_288_289_MAP8	288|289	MAP8	121	native_A89_2C	232	NA
A89_2C_288_289_MAP8_112_321	A89_2C_288_289_MAP8	288|289	MAP8	122	native_A89_2C	233	NA
A89_2C_288_289_MAP8_112_321	A89_2C_288_289_MAP8	288|289	MAP8	123	native_A89_2C	234	NA
A89_2C_288_289_MAP8_112_321	A89_2C_288_289_MAP8	288|289	MAP8	124	native_A89_2C	235	NA
A89_2C_288_289_MAP8_112_321	A89_2C_288_289_MAP8	288|289	MAP8	125	native_A89_2C	236	NA
A89_2C_288_289_MAP8_112_321	A89_2C_288_289_MAP8	288|289	MAP8	126	native_A89_2C	237	NA
A89_2C_288_289_MAP8_112_321	A89_2C_288_289_MAP8	288|289	MAP8	127	native_A89_2C	238	NA
A89_2C_288_289_MAP8_112_321	A89_2C_288_289_MAP8	288|289	MAP8	128	native_A89_2C	239	NA
A89_2C_288_289_MAP8_112_321	A89_2C_288_289_MAP8	288|289	MAP8	129	native_A89_2C	240	NA
A89_2C_288_289_MAP8_112_321	A89_2C_288_289_MAP8	288|289	MAP8	130	native_A89_2C	241	NA
A89_2C_288_289_MAP8_112_321	A89_2C_288_289_MAP8	288|289	MAP8	131	native_A89_2C	242	NA
A89_2C_288_289_MAP8_112_321	A89_2C_288_289_MAP8	288|289	MAP8	132	native_A89_2C	243	NA
A89_2C_288_289_MAP8_112_321	A89_2C_288_289_MAP8	288|289	MAP8	133	native_A89_2C	244	NA
A89_2C_288_289_MAP8_112_321	A89_2C_288_289_MAP8	288|289	MAP8	134	native_A89_2C	245	NA
A89_2C_288_289_MAP8_112_321	A89_2C_288_289_MAP8	288|289	MAP8	135	native_A89_2C	246	NA
A89_2C_288_289_MAP8_112_321	A89_2C_288_289_MAP8	288|289	MAP8	136	native_A89_2C	247	NA
A89_2C_288_289_MAP8_112_321	A89_2C_288_289_MAP8	288|289	MAP8	137	native_A89_2C	248	NA
A89_2C_288_289_MAP8_112_321	A89_2C_288_289_MAP8	288|289	MAP8	138	native_A89_2C	249	NA
A89_2C_288_289_MAP8_112_321	A89_2C_288_289_MAP8	288|289	MAP8	139	native_A89_2C	250	NA
A89_2C_288_289_MAP8_112_321	A89_2C_288_289_MAP8	288|289	MAP8	140	native_A89_2C	251	NA
A89_2C_288_289_MAP8_112_321	A89_2C_288_289_MAP8	288|289	MAP8	141	native_A89_2C	252	NA
A89_2C_288_289_MAP8_112_321	A89_2C_288_289_MAP8	288|289	MAP8	142	native_A89_2C	253	NA
A89_2C_288_289_MAP8_112_321	A89_2C_288_289_MAP8	288|289	MAP8	143	native_A89_2C	254	NA
A89_2C_288_289_MAP8_112_321	A89_2C_288_289_MAP8	288|289	MAP8	144	native_A89_2C	255	NA
A89_2C_288_289_MAP8_112_321	A89_2C_288_289_MAP8	288|289	MAP8	145	native_A89_2C	256	NA
A89_2C_288_289_MAP8_112_321	A89_2C_288_289_MAP8	288|289	MAP8	146	native_A89_2C	257	NA
A89_2C_288_289_MAP8_112_321	A89_2C_288_289_MAP8	288|289	MAP8	147	native_A89_2C	258	NA
A89_2C_288_289_MAP8_112_321	A89_2C_288_289_MAP8	288|289	MAP8	148	native_A89_2C	259	NA
A89_2C_288_289_MAP8_112_321	A89_2C_288_289_MAP8	288|289	MAP8	149	native_A89_2C	260	NA
A89_2C_288_289_MAP8_112_321	A89_2C_288_289_MAP8	288|289	MAP8	150	native_A89_2C	261	NA
A89_2C_288_289_MAP8_112_321	A89_2C_288_289_MAP8	288|289	MAP8	151	native_A89_2C	262	NA
A89_2C_288_289_MAP8_112_321	A89_2C_288_289_MAP8	288|289	MAP8	152	native_A89_2C	263	NA
A89_2C_288_289_MAP8_112_321	A89_2C_288_289_MAP8	288|289	MAP8	153	native_A89_2C	264	NA
A89_2C_288_289_MAP8_112_321	A89_2C_288_289_MAP8	288|289	MAP8	154	native_A89_2C	265	NA
A89_2C_288_289_MAP8_112_321	A89_2C_288_289_MAP8	288|289	MAP8	155	native_A89_2C	266	NA
A89_2C_288_289_MAP8_112_321	A89_2C_288_289_MAP8	288|289	MAP8	156	native_A89_2C	267	NA
A89_2C_288_289_MAP8_112_321	A89_2C_288_289_MAP8	288|289	MAP8	157	native_A89_2C	268	NA
A89_2C_288_289_MAP8_112_321	A89_2C_288_289_MAP8	288|289	MAP8	158	native_A89_2C	269	NA
A89_2C_288_289_MAP8_112_321	A89_2C_288_289_MAP8	288|289	MAP8	159	native_A89_2C	270	NA
A89_2C_288_289_MAP8_112_321	A89_2C_288_289_MAP8	288|289	MAP8	160	native_A89_2C	271	NA
A89_2C_288_289_MAP8_112_321	A89_2C_288_289_MAP8	288|289	MAP8	161	native_A89_2C	272	NA
A89_2C_288_289_MAP8_112_321	A89_2C_288_289_MAP8	288|289	MAP8	162	native_A89_2C	273	NA
A89_2C_288_289_MAP8_112_321	A89_2C_288_289_MAP8	288|289	MAP8	163	native_A89_2C	274	NA
A89_2C_288_289_MAP8_112_321	A89_2C_288_289_MAP8	288|289	MAP8	164	native_A89_2C	275	NA
A89_2C_288_289_MAP8_112_321	A89_2C_288_289_MAP8	288|289	MAP8	165	native_A89_2C	276	NA
A89_2C_288_289_MAP8_112_321	A89_2C_288_289_MAP8	288|289	MAP8	166	native_A89_2C	277	NA
A89_2C_288_289_MAP8_112_321	A89_2C_288_289_MAP8	288|289	MAP8	167	native_A89_2C	278	NA
A89_2C_288_289_MAP8_112_321	A89_2C_288_289_MAP8	288|289	MAP8	168	native_A89_2C	279	NA
A89_2C_288_289_MAP8_112_321	A89_2C_288_289_MAP8	288|289	MAP8	169	native_A89_2C	280	NA
A89_2C_288_289_MAP8_112_321	A89_2C_288_289_MAP8	288|289	MAP8	170	native_A89_2C	281	NA
A89_2C_288_289_MAP8_112_321	A89_2C_288_289_MAP8	288|289	MAP8	171	native_A89_2C	282	NA
A89_2C_288_289_MAP8_112_321	A89_2C_288_289_MAP8	288|289	MAP8	172	native_A89_2C	283	NA
A89_2C_288_289_MAP8_112_321	A89_2C_288_289_MAP8	288|289	MAP8	173	native_A89_2C	284	NA
A89_2C_288_289_MAP8_112_321	A89_2C_288_289_MAP8	288|289	MAP8	174	native_A89_2C	285	NA
A89_2C_288_289_MAP8_112_321	A89_2C_288_289_MAP8	288|289	MAP8	175	native_A89_2C	286	NA
A89_2C_288_289_MAP8_112_321	A89_2C_288_289_MAP8	288|289	MAP8	176	native_A89_2C	287	NA
A89_2C_288_289_MAP8_112_321	A89_2C_288_289_MAP8	288|289	MAP8	177	native_A89_2C	288	NA
A89_2C_288_289_MAP8_112_321	A89_2C_288_289_MAP8	288|289	MAP8	178	inserted_tag	NA	1
A89_2C_288_289_MAP8_112_321	A89_2C_288_289_MAP8	288|289	MAP8	179	inserted_tag	NA	2
A89_2C_288_289_MAP8_112_321	A89_2C_288_289_MAP8	288|289	MAP8	180	inserted_tag	NA	3
A89_2C_288_289_MAP8_112_321	A89_2C_288_289_MAP8	288|289	MAP8	181	inserted_tag	NA	4
A89_2C_288_289_MAP8_112_321	A89_2C_288_289_MAP8	288|289	MAP8	182	inserted_tag	NA	5
A89_2C_288_289_MAP8_112_321	A89_2C_288_289_MAP8	288|289	MAP8	183	inserted_tag	NA	6
A89_2C_288_289_MAP8_112_321	A89_2C_288_289_MAP8	288|289	MAP8	184	inserted_tag	NA	7
A89_2C_288_289_MAP8_112_321	A89_2C_288_289_MAP8	288|289	MAP8	185	inserted_tag	NA	8
A89_2C_288_289_MAP8_112_321	A89_2C_288_289_MAP8	288|289	MAP8	186	native_A89_2C	289	NA
A89_2C_288_289_MAP8_112_321	A89_2C_288_289_MAP8	288|289	MAP8	187	native_A89_2C	290	NA
A89_2C_288_289_MAP8_112_321	A89_2C_288_289_MAP8	288|289	MAP8	188	native_A89_2C	291	NA
A89_2C_288_289_MAP8_112_321	A89_2C_288_289_MAP8	288|289	MAP8	189	native_A89_2C	292	NA
A89_2C_288_289_MAP8_112_321	A89_2C_288_289_MAP8	288|289	MAP8	190	native_A89_2C	293	NA
A89_2C_288_289_MAP8_112_321	A89_2C_288_289_MAP8	288|289	MAP8	191	native_A89_2C	294	NA
A89_2C_288_289_MAP8_112_321	A89_2C_288_289_MAP8	288|289	MAP8	192	native_A89_2C	295	NA
A89_2C_288_289_MAP8_112_321	A89_2C_288_289_MAP8	288|289	MAP8	193	native_A89_2C	296	NA
A89_2C_288_289_MAP8_112_321	A89_2C_288_289_MAP8	288|289	MAP8	194	native_A89_2C	297	NA
A89_2C_288_289_MAP8_112_321	A89_2C_288_289_MAP8	288|289	MAP8	195	native_A89_2C	298	NA
A89_2C_288_289_MAP8_112_321	A89_2C_288_289_MAP8	288|289	MAP8	196	native_A89_2C	299	NA
A89_2C_288_289_MAP8_112_321	A89_2C_288_289_MAP8	288|289	MAP8	197	native_A89_2C	300	NA
A89_2C_288_289_MAP8_112_321	A89_2C_288_289_MAP8	288|289	MAP8	198	native_A89_2C	301	NA
A89_2C_288_289_MAP8_112_321	A89_2C_288_289_MAP8	288|289	MAP8	199	native_A89_2C	302	NA
A89_2C_288_289_MAP8_112_321	A89_2C_288_289_MAP8	288|289	MAP8	200	native_A89_2C	303	NA
A89_2C_288_289_MAP8_112_321	A89_2C_288_289_MAP8	288|289	MAP8	201	native_A89_2C	304	NA
A89_2C_288_289_MAP8_112_321	A89_2C_288_289_MAP8	288|289	MAP8	202	native_A89_2C	305	NA
A89_2C_288_289_MAP8_112_321	A89_2C_288_289_MAP8	288|289	MAP8	203	native_A89_2C	306	NA
A89_2C_288_289_MAP8_112_321	A89_2C_288_289_MAP8	288|289	MAP8	204	native_A89_2C	307	NA
A89_2C_288_289_MAP8_112_321	A89_2C_288_289_MAP8	288|289	MAP8	205	native_A89_2C	308	NA
A89_2C_288_289_MAP8_112_321	A89_2C_288_289_MAP8	288|289	MAP8	206	native_A89_2C	309	NA
A89_2C_288_289_MAP8_112_321	A89_2C_288_289_MAP8	288|289	MAP8	207	native_A89_2C	310	NA
A89_2C_288_289_MAP8_112_321	A89_2C_288_289_MAP8	288|289	MAP8	208	native_A89_2C	311	NA
A89_2C_288_289_MAP8_112_321	A89_2C_288_289_MAP8	288|289	MAP8	209	native_A89_2C	312	NA
A89_2C_288_289_MAP8_112_321	A89_2C_288_289_MAP8	288|289	MAP8	210	native_A89_2C	313	NA
A89_2C_288_289_MAP8_112_321	A89_2C_288_289_MAP8	288|289	MAP8	211	native_A89_2C	314	NA
A89_2C_288_289_MAP8_112_321	A89_2C_288_289_MAP8	288|289	MAP8	212	native_A89_2C	315	NA
A89_2C_288_289_MAP8_112_321	A89_2C_288_289_MAP8	288|289	MAP8	213	native_A89_2C	316	NA
A89_2C_288_289_MAP8_112_321	A89_2C_288_289_MAP8	288|289	MAP8	214	native_A89_2C	317	NA
A89_2C_288_289_MAP8_112_321	A89_2C_288_289_MAP8	288|289	MAP8	215	native_A89_2C	318	NA
A89_2C_288_289_MAP8_112_321	A89_2C_288_289_MAP8	288|289	MAP8	216	native_A89_2C	319	NA
A89_2C_288_289_MAP8_112_321	A89_2C_288_289_MAP8	288|289	MAP8	217	native_A89_2C	320	NA
A89_2C_288_289_MAP8_112_321	A89_2C_288_289_MAP8	288|289	MAP8	218	native_A89_2C	321	NA
A89_2C_290_291_MAP8_112_321	A89_2C_290_291_MAP8	290|291	MAP8	1	native_A89_2C	112	NA
A89_2C_290_291_MAP8_112_321	A89_2C_290_291_MAP8	290|291	MAP8	2	native_A89_2C	113	NA
A89_2C_290_291_MAP8_112_321	A89_2C_290_291_MAP8	290|291	MAP8	3	native_A89_2C	114	NA
A89_2C_290_291_MAP8_112_321	A89_2C_290_291_MAP8	290|291	MAP8	4	native_A89_2C	115	NA
A89_2C_290_291_MAP8_112_321	A89_2C_290_291_MAP8	290|291	MAP8	5	native_A89_2C	116	NA
A89_2C_290_291_MAP8_112_321	A89_2C_290_291_MAP8	290|291	MAP8	6	native_A89_2C	117	NA
A89_2C_290_291_MAP8_112_321	A89_2C_290_291_MAP8	290|291	MAP8	7	native_A89_2C	118	NA
A89_2C_290_291_MAP8_112_321	A89_2C_290_291_MAP8	290|291	MAP8	8	native_A89_2C	119	NA
A89_2C_290_291_MAP8_112_321	A89_2C_290_291_MAP8	290|291	MAP8	9	native_A89_2C	120	NA
A89_2C_290_291_MAP8_112_321	A89_2C_290_291_MAP8	290|291	MAP8	10	native_A89_2C	121	NA
A89_2C_290_291_MAP8_112_321	A89_2C_290_291_MAP8	290|291	MAP8	11	native_A89_2C	122	NA
A89_2C_290_291_MAP8_112_321	A89_2C_290_291_MAP8	290|291	MAP8	12	native_A89_2C	123	NA
A89_2C_290_291_MAP8_112_321	A89_2C_290_291_MAP8	290|291	MAP8	13	native_A89_2C	124	NA
A89_2C_290_291_MAP8_112_321	A89_2C_290_291_MAP8	290|291	MAP8	14	native_A89_2C	125	NA
A89_2C_290_291_MAP8_112_321	A89_2C_290_291_MAP8	290|291	MAP8	15	native_A89_2C	126	NA
A89_2C_290_291_MAP8_112_321	A89_2C_290_291_MAP8	290|291	MAP8	16	native_A89_2C	127	NA
A89_2C_290_291_MAP8_112_321	A89_2C_290_291_MAP8	290|291	MAP8	17	native_A89_2C	128	NA
A89_2C_290_291_MAP8_112_321	A89_2C_290_291_MAP8	290|291	MAP8	18	native_A89_2C	129	NA
A89_2C_290_291_MAP8_112_321	A89_2C_290_291_MAP8	290|291	MAP8	19	native_A89_2C	130	NA
A89_2C_290_291_MAP8_112_321	A89_2C_290_291_MAP8	290|291	MAP8	20	native_A89_2C	131	NA
A89_2C_290_291_MAP8_112_321	A89_2C_290_291_MAP8	290|291	MAP8	21	native_A89_2C	132	NA
A89_2C_290_291_MAP8_112_321	A89_2C_290_291_MAP8	290|291	MAP8	22	native_A89_2C	133	NA
A89_2C_290_291_MAP8_112_321	A89_2C_290_291_MAP8	290|291	MAP8	23	native_A89_2C	134	NA
A89_2C_290_291_MAP8_112_321	A89_2C_290_291_MAP8	290|291	MAP8	24	native_A89_2C	135	NA
A89_2C_290_291_MAP8_112_321	A89_2C_290_291_MAP8	290|291	MAP8	25	native_A89_2C	136	NA
A89_2C_290_291_MAP8_112_321	A89_2C_290_291_MAP8	290|291	MAP8	26	native_A89_2C	137	NA
A89_2C_290_291_MAP8_112_321	A89_2C_290_291_MAP8	290|291	MAP8	27	native_A89_2C	138	NA
A89_2C_290_291_MAP8_112_321	A89_2C_290_291_MAP8	290|291	MAP8	28	native_A89_2C	139	NA
A89_2C_290_291_MAP8_112_321	A89_2C_290_291_MAP8	290|291	MAP8	29	native_A89_2C	140	NA
A89_2C_290_291_MAP8_112_321	A89_2C_290_291_MAP8	290|291	MAP8	30	native_A89_2C	141	NA
A89_2C_290_291_MAP8_112_321	A89_2C_290_291_MAP8	290|291	MAP8	31	native_A89_2C	142	NA
A89_2C_290_291_MAP8_112_321	A89_2C_290_291_MAP8	290|291	MAP8	32	native_A89_2C	143	NA
A89_2C_290_291_MAP8_112_321	A89_2C_290_291_MAP8	290|291	MAP8	33	native_A89_2C	144	NA
A89_2C_290_291_MAP8_112_321	A89_2C_290_291_MAP8	290|291	MAP8	34	native_A89_2C	145	NA
A89_2C_290_291_MAP8_112_321	A89_2C_290_291_MAP8	290|291	MAP8	35	native_A89_2C	146	NA
A89_2C_290_291_MAP8_112_321	A89_2C_290_291_MAP8	290|291	MAP8	36	native_A89_2C	147	NA
A89_2C_290_291_MAP8_112_321	A89_2C_290_291_MAP8	290|291	MAP8	37	native_A89_2C	148	NA
A89_2C_290_291_MAP8_112_321	A89_2C_290_291_MAP8	290|291	MAP8	38	native_A89_2C	149	NA
A89_2C_290_291_MAP8_112_321	A89_2C_290_291_MAP8	290|291	MAP8	39	native_A89_2C	150	NA
A89_2C_290_291_MAP8_112_321	A89_2C_290_291_MAP8	290|291	MAP8	40	native_A89_2C	151	NA
A89_2C_290_291_MAP8_112_321	A89_2C_290_291_MAP8	290|291	MAP8	41	native_A89_2C	152	NA
A89_2C_290_291_MAP8_112_321	A89_2C_290_291_MAP8	290|291	MAP8	42	native_A89_2C	153	NA
A89_2C_290_291_MAP8_112_321	A89_2C_290_291_MAP8	290|291	MAP8	43	native_A89_2C	154	NA
A89_2C_290_291_MAP8_112_321	A89_2C_290_291_MAP8	290|291	MAP8	44	native_A89_2C	155	NA
A89_2C_290_291_MAP8_112_321	A89_2C_290_291_MAP8	290|291	MAP8	45	native_A89_2C	156	NA
A89_2C_290_291_MAP8_112_321	A89_2C_290_291_MAP8	290|291	MAP8	46	native_A89_2C	157	NA
A89_2C_290_291_MAP8_112_321	A89_2C_290_291_MAP8	290|291	MAP8	47	native_A89_2C	158	NA
A89_2C_290_291_MAP8_112_321	A89_2C_290_291_MAP8	290|291	MAP8	48	native_A89_2C	159	NA
A89_2C_290_291_MAP8_112_321	A89_2C_290_291_MAP8	290|291	MAP8	49	native_A89_2C	160	NA
A89_2C_290_291_MAP8_112_321	A89_2C_290_291_MAP8	290|291	MAP8	50	native_A89_2C	161	NA
A89_2C_290_291_MAP8_112_321	A89_2C_290_291_MAP8	290|291	MAP8	51	native_A89_2C	162	NA
A89_2C_290_291_MAP8_112_321	A89_2C_290_291_MAP8	290|291	MAP8	52	native_A89_2C	163	NA
A89_2C_290_291_MAP8_112_321	A89_2C_290_291_MAP8	290|291	MAP8	53	native_A89_2C	164	NA
A89_2C_290_291_MAP8_112_321	A89_2C_290_291_MAP8	290|291	MAP8	54	native_A89_2C	165	NA
A89_2C_290_291_MAP8_112_321	A89_2C_290_291_MAP8	290|291	MAP8	55	native_A89_2C	166	NA
A89_2C_290_291_MAP8_112_321	A89_2C_290_291_MAP8	290|291	MAP8	56	native_A89_2C	167	NA
A89_2C_290_291_MAP8_112_321	A89_2C_290_291_MAP8	290|291	MAP8	57	native_A89_2C	168	NA
A89_2C_290_291_MAP8_112_321	A89_2C_290_291_MAP8	290|291	MAP8	58	native_A89_2C	169	NA
A89_2C_290_291_MAP8_112_321	A89_2C_290_291_MAP8	290|291	MAP8	59	native_A89_2C	170	NA
A89_2C_290_291_MAP8_112_321	A89_2C_290_291_MAP8	290|291	MAP8	60	native_A89_2C	171	NA
A89_2C_290_291_MAP8_112_321	A89_2C_290_291_MAP8	290|291	MAP8	61	native_A89_2C	172	NA
A89_2C_290_291_MAP8_112_321	A89_2C_290_291_MAP8	290|291	MAP8	62	native_A89_2C	173	NA
A89_2C_290_291_MAP8_112_321	A89_2C_290_291_MAP8	290|291	MAP8	63	native_A89_2C	174	NA
A89_2C_290_291_MAP8_112_321	A89_2C_290_291_MAP8	290|291	MAP8	64	native_A89_2C	175	NA
A89_2C_290_291_MAP8_112_321	A89_2C_290_291_MAP8	290|291	MAP8	65	native_A89_2C	176	NA
A89_2C_290_291_MAP8_112_321	A89_2C_290_291_MAP8	290|291	MAP8	66	native_A89_2C	177	NA
A89_2C_290_291_MAP8_112_321	A89_2C_290_291_MAP8	290|291	MAP8	67	native_A89_2C	178	NA
A89_2C_290_291_MAP8_112_321	A89_2C_290_291_MAP8	290|291	MAP8	68	native_A89_2C	179	NA
A89_2C_290_291_MAP8_112_321	A89_2C_290_291_MAP8	290|291	MAP8	69	native_A89_2C	180	NA
A89_2C_290_291_MAP8_112_321	A89_2C_290_291_MAP8	290|291	MAP8	70	native_A89_2C	181	NA
A89_2C_290_291_MAP8_112_321	A89_2C_290_291_MAP8	290|291	MAP8	71	native_A89_2C	182	NA
A89_2C_290_291_MAP8_112_321	A89_2C_290_291_MAP8	290|291	MAP8	72	native_A89_2C	183	NA
A89_2C_290_291_MAP8_112_321	A89_2C_290_291_MAP8	290|291	MAP8	73	native_A89_2C	184	NA
A89_2C_290_291_MAP8_112_321	A89_2C_290_291_MAP8	290|291	MAP8	74	native_A89_2C	185	NA
A89_2C_290_291_MAP8_112_321	A89_2C_290_291_MAP8	290|291	MAP8	75	native_A89_2C	186	NA
A89_2C_290_291_MAP8_112_321	A89_2C_290_291_MAP8	290|291	MAP8	76	native_A89_2C	187	NA
A89_2C_290_291_MAP8_112_321	A89_2C_290_291_MAP8	290|291	MAP8	77	native_A89_2C	188	NA
A89_2C_290_291_MAP8_112_321	A89_2C_290_291_MAP8	290|291	MAP8	78	native_A89_2C	189	NA
A89_2C_290_291_MAP8_112_321	A89_2C_290_291_MAP8	290|291	MAP8	79	native_A89_2C	190	NA
A89_2C_290_291_MAP8_112_321	A89_2C_290_291_MAP8	290|291	MAP8	80	native_A89_2C	191	NA
A89_2C_290_291_MAP8_112_321	A89_2C_290_291_MAP8	290|291	MAP8	81	native_A89_2C	192	NA
A89_2C_290_291_MAP8_112_321	A89_2C_290_291_MAP8	290|291	MAP8	82	native_A89_2C	193	NA
A89_2C_290_291_MAP8_112_321	A89_2C_290_291_MAP8	290|291	MAP8	83	native_A89_2C	194	NA
A89_2C_290_291_MAP8_112_321	A89_2C_290_291_MAP8	290|291	MAP8	84	native_A89_2C	195	NA
A89_2C_290_291_MAP8_112_321	A89_2C_290_291_MAP8	290|291	MAP8	85	native_A89_2C	196	NA
A89_2C_290_291_MAP8_112_321	A89_2C_290_291_MAP8	290|291	MAP8	86	native_A89_2C	197	NA
A89_2C_290_291_MAP8_112_321	A89_2C_290_291_MAP8	290|291	MAP8	87	native_A89_2C	198	NA
A89_2C_290_291_MAP8_112_321	A89_2C_290_291_MAP8	290|291	MAP8	88	native_A89_2C	199	NA
A89_2C_290_291_MAP8_112_321	A89_2C_290_291_MAP8	290|291	MAP8	89	native_A89_2C	200	NA
A89_2C_290_291_MAP8_112_321	A89_2C_290_291_MAP8	290|291	MAP8	90	native_A89_2C	201	NA
A89_2C_290_291_MAP8_112_321	A89_2C_290_291_MAP8	290|291	MAP8	91	native_A89_2C	202	NA
A89_2C_290_291_MAP8_112_321	A89_2C_290_291_MAP8	290|291	MAP8	92	native_A89_2C	203	NA
A89_2C_290_291_MAP8_112_321	A89_2C_290_291_MAP8	290|291	MAP8	93	native_A89_2C	204	NA
A89_2C_290_291_MAP8_112_321	A89_2C_290_291_MAP8	290|291	MAP8	94	native_A89_2C	205	NA
A89_2C_290_291_MAP8_112_321	A89_2C_290_291_MAP8	290|291	MAP8	95	native_A89_2C	206	NA
A89_2C_290_291_MAP8_112_321	A89_2C_290_291_MAP8	290|291	MAP8	96	native_A89_2C	207	NA
A89_2C_290_291_MAP8_112_321	A89_2C_290_291_MAP8	290|291	MAP8	97	native_A89_2C	208	NA
A89_2C_290_291_MAP8_112_321	A89_2C_290_291_MAP8	290|291	MAP8	98	native_A89_2C	209	NA
A89_2C_290_291_MAP8_112_321	A89_2C_290_291_MAP8	290|291	MAP8	99	native_A89_2C	210	NA
A89_2C_290_291_MAP8_112_321	A89_2C_290_291_MAP8	290|291	MAP8	100	native_A89_2C	211	NA
A89_2C_290_291_MAP8_112_321	A89_2C_290_291_MAP8	290|291	MAP8	101	native_A89_2C	212	NA
A89_2C_290_291_MAP8_112_321	A89_2C_290_291_MAP8	290|291	MAP8	102	native_A89_2C	213	NA
A89_2C_290_291_MAP8_112_321	A89_2C_290_291_MAP8	290|291	MAP8	103	native_A89_2C	214	NA
A89_2C_290_291_MAP8_112_321	A89_2C_290_291_MAP8	290|291	MAP8	104	native_A89_2C	215	NA
A89_2C_290_291_MAP8_112_321	A89_2C_290_291_MAP8	290|291	MAP8	105	native_A89_2C	216	NA
A89_2C_290_291_MAP8_112_321	A89_2C_290_291_MAP8	290|291	MAP8	106	native_A89_2C	217	NA
A89_2C_290_291_MAP8_112_321	A89_2C_290_291_MAP8	290|291	MAP8	107	native_A89_2C	218	NA
A89_2C_290_291_MAP8_112_321	A89_2C_290_291_MAP8	290|291	MAP8	108	native_A89_2C	219	NA
A89_2C_290_291_MAP8_112_321	A89_2C_290_291_MAP8	290|291	MAP8	109	native_A89_2C	220	NA
A89_2C_290_291_MAP8_112_321	A89_2C_290_291_MAP8	290|291	MAP8	110	native_A89_2C	221	NA
A89_2C_290_291_MAP8_112_321	A89_2C_290_291_MAP8	290|291	MAP8	111	native_A89_2C	222	NA
A89_2C_290_291_MAP8_112_321	A89_2C_290_291_MAP8	290|291	MAP8	112	native_A89_2C	223	NA
A89_2C_290_291_MAP8_112_321	A89_2C_290_291_MAP8	290|291	MAP8	113	native_A89_2C	224	NA
A89_2C_290_291_MAP8_112_321	A89_2C_290_291_MAP8	290|291	MAP8	114	native_A89_2C	225	NA
A89_2C_290_291_MAP8_112_321	A89_2C_290_291_MAP8	290|291	MAP8	115	native_A89_2C	226	NA
A89_2C_290_291_MAP8_112_321	A89_2C_290_291_MAP8	290|291	MAP8	116	native_A89_2C	227	NA
A89_2C_290_291_MAP8_112_321	A89_2C_290_291_MAP8	290|291	MAP8	117	native_A89_2C	228	NA
A89_2C_290_291_MAP8_112_321	A89_2C_290_291_MAP8	290|291	MAP8	118	native_A89_2C	229	NA
A89_2C_290_291_MAP8_112_321	A89_2C_290_291_MAP8	290|291	MAP8	119	native_A89_2C	230	NA
A89_2C_290_291_MAP8_112_321	A89_2C_290_291_MAP8	290|291	MAP8	120	native_A89_2C	231	NA
A89_2C_290_291_MAP8_112_321	A89_2C_290_291_MAP8	290|291	MAP8	121	native_A89_2C	232	NA
A89_2C_290_291_MAP8_112_321	A89_2C_290_291_MAP8	290|291	MAP8	122	native_A89_2C	233	NA
A89_2C_290_291_MAP8_112_321	A89_2C_290_291_MAP8	290|291	MAP8	123	native_A89_2C	234	NA
A89_2C_290_291_MAP8_112_321	A89_2C_290_291_MAP8	290|291	MAP8	124	native_A89_2C	235	NA
A89_2C_290_291_MAP8_112_321	A89_2C_290_291_MAP8	290|291	MAP8	125	native_A89_2C	236	NA
A89_2C_290_291_MAP8_112_321	A89_2C_290_291_MAP8	290|291	MAP8	126	native_A89_2C	237	NA
A89_2C_290_291_MAP8_112_321	A89_2C_290_291_MAP8	290|291	MAP8	127	native_A89_2C	238	NA
A89_2C_290_291_MAP8_112_321	A89_2C_290_291_MAP8	290|291	MAP8	128	native_A89_2C	239	NA
A89_2C_290_291_MAP8_112_321	A89_2C_290_291_MAP8	290|291	MAP8	129	native_A89_2C	240	NA
A89_2C_290_291_MAP8_112_321	A89_2C_290_291_MAP8	290|291	MAP8	130	native_A89_2C	241	NA
A89_2C_290_291_MAP8_112_321	A89_2C_290_291_MAP8	290|291	MAP8	131	native_A89_2C	242	NA
A89_2C_290_291_MAP8_112_321	A89_2C_290_291_MAP8	290|291	MAP8	132	native_A89_2C	243	NA
A89_2C_290_291_MAP8_112_321	A89_2C_290_291_MAP8	290|291	MAP8	133	native_A89_2C	244	NA
A89_2C_290_291_MAP8_112_321	A89_2C_290_291_MAP8	290|291	MAP8	134	native_A89_2C	245	NA
A89_2C_290_291_MAP8_112_321	A89_2C_290_291_MAP8	290|291	MAP8	135	native_A89_2C	246	NA
A89_2C_290_291_MAP8_112_321	A89_2C_290_291_MAP8	290|291	MAP8	136	native_A89_2C	247	NA
A89_2C_290_291_MAP8_112_321	A89_2C_290_291_MAP8	290|291	MAP8	137	native_A89_2C	248	NA
A89_2C_290_291_MAP8_112_321	A89_2C_290_291_MAP8	290|291	MAP8	138	native_A89_2C	249	NA
A89_2C_290_291_MAP8_112_321	A89_2C_290_291_MAP8	290|291	MAP8	139	native_A89_2C	250	NA
A89_2C_290_291_MAP8_112_321	A89_2C_290_291_MAP8	290|291	MAP8	140	native_A89_2C	251	NA
A89_2C_290_291_MAP8_112_321	A89_2C_290_291_MAP8	290|291	MAP8	141	native_A89_2C	252	NA
A89_2C_290_291_MAP8_112_321	A89_2C_290_291_MAP8	290|291	MAP8	142	native_A89_2C	253	NA
A89_2C_290_291_MAP8_112_321	A89_2C_290_291_MAP8	290|291	MAP8	143	native_A89_2C	254	NA
A89_2C_290_291_MAP8_112_321	A89_2C_290_291_MAP8	290|291	MAP8	144	native_A89_2C	255	NA
A89_2C_290_291_MAP8_112_321	A89_2C_290_291_MAP8	290|291	MAP8	145	native_A89_2C	256	NA
A89_2C_290_291_MAP8_112_321	A89_2C_290_291_MAP8	290|291	MAP8	146	native_A89_2C	257	NA
A89_2C_290_291_MAP8_112_321	A89_2C_290_291_MAP8	290|291	MAP8	147	native_A89_2C	258	NA
A89_2C_290_291_MAP8_112_321	A89_2C_290_291_MAP8	290|291	MAP8	148	native_A89_2C	259	NA
A89_2C_290_291_MAP8_112_321	A89_2C_290_291_MAP8	290|291	MAP8	149	native_A89_2C	260	NA
A89_2C_290_291_MAP8_112_321	A89_2C_290_291_MAP8	290|291	MAP8	150	native_A89_2C	261	NA
A89_2C_290_291_MAP8_112_321	A89_2C_290_291_MAP8	290|291	MAP8	151	native_A89_2C	262	NA
A89_2C_290_291_MAP8_112_321	A89_2C_290_291_MAP8	290|291	MAP8	152	native_A89_2C	263	NA
A89_2C_290_291_MAP8_112_321	A89_2C_290_291_MAP8	290|291	MAP8	153	native_A89_2C	264	NA
A89_2C_290_291_MAP8_112_321	A89_2C_290_291_MAP8	290|291	MAP8	154	native_A89_2C	265	NA
A89_2C_290_291_MAP8_112_321	A89_2C_290_291_MAP8	290|291	MAP8	155	native_A89_2C	266	NA
A89_2C_290_291_MAP8_112_321	A89_2C_290_291_MAP8	290|291	MAP8	156	native_A89_2C	267	NA
A89_2C_290_291_MAP8_112_321	A89_2C_290_291_MAP8	290|291	MAP8	157	native_A89_2C	268	NA
A89_2C_290_291_MAP8_112_321	A89_2C_290_291_MAP8	290|291	MAP8	158	native_A89_2C	269	NA
A89_2C_290_291_MAP8_112_321	A89_2C_290_291_MAP8	290|291	MAP8	159	native_A89_2C	270	NA
A89_2C_290_291_MAP8_112_321	A89_2C_290_291_MAP8	290|291	MAP8	160	native_A89_2C	271	NA
A89_2C_290_291_MAP8_112_321	A89_2C_290_291_MAP8	290|291	MAP8	161	native_A89_2C	272	NA
A89_2C_290_291_MAP8_112_321	A89_2C_290_291_MAP8	290|291	MAP8	162	native_A89_2C	273	NA
A89_2C_290_291_MAP8_112_321	A89_2C_290_291_MAP8	290|291	MAP8	163	native_A89_2C	274	NA
A89_2C_290_291_MAP8_112_321	A89_2C_290_291_MAP8	290|291	MAP8	164	native_A89_2C	275	NA
A89_2C_290_291_MAP8_112_321	A89_2C_290_291_MAP8	290|291	MAP8	165	native_A89_2C	276	NA
A89_2C_290_291_MAP8_112_321	A89_2C_290_291_MAP8	290|291	MAP8	166	native_A89_2C	277	NA
A89_2C_290_291_MAP8_112_321	A89_2C_290_291_MAP8	290|291	MAP8	167	native_A89_2C	278	NA
A89_2C_290_291_MAP8_112_321	A89_2C_290_291_MAP8	290|291	MAP8	168	native_A89_2C	279	NA
A89_2C_290_291_MAP8_112_321	A89_2C_290_291_MAP8	290|291	MAP8	169	native_A89_2C	280	NA
A89_2C_290_291_MAP8_112_321	A89_2C_290_291_MAP8	290|291	MAP8	170	native_A89_2C	281	NA
A89_2C_290_291_MAP8_112_321	A89_2C_290_291_MAP8	290|291	MAP8	171	native_A89_2C	282	NA
A89_2C_290_291_MAP8_112_321	A89_2C_290_291_MAP8	290|291	MAP8	172	native_A89_2C	283	NA
A89_2C_290_291_MAP8_112_321	A89_2C_290_291_MAP8	290|291	MAP8	173	native_A89_2C	284	NA
A89_2C_290_291_MAP8_112_321	A89_2C_290_291_MAP8	290|291	MAP8	174	native_A89_2C	285	NA
A89_2C_290_291_MAP8_112_321	A89_2C_290_291_MAP8	290|291	MAP8	175	native_A89_2C	286	NA
A89_2C_290_291_MAP8_112_321	A89_2C_290_291_MAP8	290|291	MAP8	176	native_A89_2C	287	NA
A89_2C_290_291_MAP8_112_321	A89_2C_290_291_MAP8	290|291	MAP8	177	native_A89_2C	288	NA
A89_2C_290_291_MAP8_112_321	A89_2C_290_291_MAP8	290|291	MAP8	178	native_A89_2C	289	NA
A89_2C_290_291_MAP8_112_321	A89_2C_290_291_MAP8	290|291	MAP8	179	native_A89_2C	290	NA
A89_2C_290_291_MAP8_112_321	A89_2C_290_291_MAP8	290|291	MAP8	180	inserted_tag	NA	1
A89_2C_290_291_MAP8_112_321	A89_2C_290_291_MAP8	290|291	MAP8	181	inserted_tag	NA	2
A89_2C_290_291_MAP8_112_321	A89_2C_290_291_MAP8	290|291	MAP8	182	inserted_tag	NA	3
A89_2C_290_291_MAP8_112_321	A89_2C_290_291_MAP8	290|291	MAP8	183	inserted_tag	NA	4
A89_2C_290_291_MAP8_112_321	A89_2C_290_291_MAP8	290|291	MAP8	184	inserted_tag	NA	5
A89_2C_290_291_MAP8_112_321	A89_2C_290_291_MAP8	290|291	MAP8	185	inserted_tag	NA	6
A89_2C_290_291_MAP8_112_321	A89_2C_290_291_MAP8	290|291	MAP8	186	inserted_tag	NA	7
A89_2C_290_291_MAP8_112_321	A89_2C_290_291_MAP8	290|291	MAP8	187	inserted_tag	NA	8
A89_2C_290_291_MAP8_112_321	A89_2C_290_291_MAP8	290|291	MAP8	188	native_A89_2C	291	NA
A89_2C_290_291_MAP8_112_321	A89_2C_290_291_MAP8	290|291	MAP8	189	native_A89_2C	292	NA
A89_2C_290_291_MAP8_112_321	A89_2C_290_291_MAP8	290|291	MAP8	190	native_A89_2C	293	NA
A89_2C_290_291_MAP8_112_321	A89_2C_290_291_MAP8	290|291	MAP8	191	native_A89_2C	294	NA
A89_2C_290_291_MAP8_112_321	A89_2C_290_291_MAP8	290|291	MAP8	192	native_A89_2C	295	NA
A89_2C_290_291_MAP8_112_321	A89_2C_290_291_MAP8	290|291	MAP8	193	native_A89_2C	296	NA
A89_2C_290_291_MAP8_112_321	A89_2C_290_291_MAP8	290|291	MAP8	194	native_A89_2C	297	NA
A89_2C_290_291_MAP8_112_321	A89_2C_290_291_MAP8	290|291	MAP8	195	native_A89_2C	298	NA
A89_2C_290_291_MAP8_112_321	A89_2C_290_291_MAP8	290|291	MAP8	196	native_A89_2C	299	NA
A89_2C_290_291_MAP8_112_321	A89_2C_290_291_MAP8	290|291	MAP8	197	native_A89_2C	300	NA
A89_2C_290_291_MAP8_112_321	A89_2C_290_291_MAP8	290|291	MAP8	198	native_A89_2C	301	NA
A89_2C_290_291_MAP8_112_321	A89_2C_290_291_MAP8	290|291	MAP8	199	native_A89_2C	302	NA
A89_2C_290_291_MAP8_112_321	A89_2C_290_291_MAP8	290|291	MAP8	200	native_A89_2C	303	NA
A89_2C_290_291_MAP8_112_321	A89_2C_290_291_MAP8	290|291	MAP8	201	native_A89_2C	304	NA
A89_2C_290_291_MAP8_112_321	A89_2C_290_291_MAP8	290|291	MAP8	202	native_A89_2C	305	NA
A89_2C_290_291_MAP8_112_321	A89_2C_290_291_MAP8	290|291	MAP8	203	native_A89_2C	306	NA
A89_2C_290_291_MAP8_112_321	A89_2C_290_291_MAP8	290|291	MAP8	204	native_A89_2C	307	NA
A89_2C_290_291_MAP8_112_321	A89_2C_290_291_MAP8	290|291	MAP8	205	native_A89_2C	308	NA
A89_2C_290_291_MAP8_112_321	A89_2C_290_291_MAP8	290|291	MAP8	206	native_A89_2C	309	NA
A89_2C_290_291_MAP8_112_321	A89_2C_290_291_MAP8	290|291	MAP8	207	native_A89_2C	310	NA
A89_2C_290_291_MAP8_112_321	A89_2C_290_291_MAP8	290|291	MAP8	208	native_A89_2C	311	NA
A89_2C_290_291_MAP8_112_321	A89_2C_290_291_MAP8	290|291	MAP8	209	native_A89_2C	312	NA
A89_2C_290_291_MAP8_112_321	A89_2C_290_291_MAP8	290|291	MAP8	210	native_A89_2C	313	NA
A89_2C_290_291_MAP8_112_321	A89_2C_290_291_MAP8	290|291	MAP8	211	native_A89_2C	314	NA
A89_2C_290_291_MAP8_112_321	A89_2C_290_291_MAP8	290|291	MAP8	212	native_A89_2C	315	NA
A89_2C_290_291_MAP8_112_321	A89_2C_290_291_MAP8	290|291	MAP8	213	native_A89_2C	316	NA
A89_2C_290_291_MAP8_112_321	A89_2C_290_291_MAP8	290|291	MAP8	214	native_A89_2C	317	NA
A89_2C_290_291_MAP8_112_321	A89_2C_290_291_MAP8	290|291	MAP8	215	native_A89_2C	318	NA
A89_2C_290_291_MAP8_112_321	A89_2C_290_291_MAP8	290|291	MAP8	216	native_A89_2C	319	NA
A89_2C_290_291_MAP8_112_321	A89_2C_290_291_MAP8	290|291	MAP8	217	native_A89_2C	320	NA
A89_2C_290_291_MAP8_112_321	A89_2C_290_291_MAP8	290|291	MAP8	218	native_A89_2C	321	NA
A89_2C_224_225_HA_112_321	A89_2C_224_225_HA	224|225	HA	1	native_A89_2C	112	NA
A89_2C_224_225_HA_112_321	A89_2C_224_225_HA	224|225	HA	2	native_A89_2C	113	NA
A89_2C_224_225_HA_112_321	A89_2C_224_225_HA	224|225	HA	3	native_A89_2C	114	NA
A89_2C_224_225_HA_112_321	A89_2C_224_225_HA	224|225	HA	4	native_A89_2C	115	NA
A89_2C_224_225_HA_112_321	A89_2C_224_225_HA	224|225	HA	5	native_A89_2C	116	NA
A89_2C_224_225_HA_112_321	A89_2C_224_225_HA	224|225	HA	6	native_A89_2C	117	NA
A89_2C_224_225_HA_112_321	A89_2C_224_225_HA	224|225	HA	7	native_A89_2C	118	NA
A89_2C_224_225_HA_112_321	A89_2C_224_225_HA	224|225	HA	8	native_A89_2C	119	NA
A89_2C_224_225_HA_112_321	A89_2C_224_225_HA	224|225	HA	9	native_A89_2C	120	NA
A89_2C_224_225_HA_112_321	A89_2C_224_225_HA	224|225	HA	10	native_A89_2C	121	NA
A89_2C_224_225_HA_112_321	A89_2C_224_225_HA	224|225	HA	11	native_A89_2C	122	NA
A89_2C_224_225_HA_112_321	A89_2C_224_225_HA	224|225	HA	12	native_A89_2C	123	NA
A89_2C_224_225_HA_112_321	A89_2C_224_225_HA	224|225	HA	13	native_A89_2C	124	NA
A89_2C_224_225_HA_112_321	A89_2C_224_225_HA	224|225	HA	14	native_A89_2C	125	NA
A89_2C_224_225_HA_112_321	A89_2C_224_225_HA	224|225	HA	15	native_A89_2C	126	NA
A89_2C_224_225_HA_112_321	A89_2C_224_225_HA	224|225	HA	16	native_A89_2C	127	NA
A89_2C_224_225_HA_112_321	A89_2C_224_225_HA	224|225	HA	17	native_A89_2C	128	NA
A89_2C_224_225_HA_112_321	A89_2C_224_225_HA	224|225	HA	18	native_A89_2C	129	NA
A89_2C_224_225_HA_112_321	A89_2C_224_225_HA	224|225	HA	19	native_A89_2C	130	NA
A89_2C_224_225_HA_112_321	A89_2C_224_225_HA	224|225	HA	20	native_A89_2C	131	NA
A89_2C_224_225_HA_112_321	A89_2C_224_225_HA	224|225	HA	21	native_A89_2C	132	NA
A89_2C_224_225_HA_112_321	A89_2C_224_225_HA	224|225	HA	22	native_A89_2C	133	NA
A89_2C_224_225_HA_112_321	A89_2C_224_225_HA	224|225	HA	23	native_A89_2C	134	NA
A89_2C_224_225_HA_112_321	A89_2C_224_225_HA	224|225	HA	24	native_A89_2C	135	NA
A89_2C_224_225_HA_112_321	A89_2C_224_225_HA	224|225	HA	25	native_A89_2C	136	NA
A89_2C_224_225_HA_112_321	A89_2C_224_225_HA	224|225	HA	26	native_A89_2C	137	NA
A89_2C_224_225_HA_112_321	A89_2C_224_225_HA	224|225	HA	27	native_A89_2C	138	NA
A89_2C_224_225_HA_112_321	A89_2C_224_225_HA	224|225	HA	28	native_A89_2C	139	NA
A89_2C_224_225_HA_112_321	A89_2C_224_225_HA	224|225	HA	29	native_A89_2C	140	NA
A89_2C_224_225_HA_112_321	A89_2C_224_225_HA	224|225	HA	30	native_A89_2C	141	NA
A89_2C_224_225_HA_112_321	A89_2C_224_225_HA	224|225	HA	31	native_A89_2C	142	NA
A89_2C_224_225_HA_112_321	A89_2C_224_225_HA	224|225	HA	32	native_A89_2C	143	NA
A89_2C_224_225_HA_112_321	A89_2C_224_225_HA	224|225	HA	33	native_A89_2C	144	NA
A89_2C_224_225_HA_112_321	A89_2C_224_225_HA	224|225	HA	34	native_A89_2C	145	NA
A89_2C_224_225_HA_112_321	A89_2C_224_225_HA	224|225	HA	35	native_A89_2C	146	NA
A89_2C_224_225_HA_112_321	A89_2C_224_225_HA	224|225	HA	36	native_A89_2C	147	NA
A89_2C_224_225_HA_112_321	A89_2C_224_225_HA	224|225	HA	37	native_A89_2C	148	NA
A89_2C_224_225_HA_112_321	A89_2C_224_225_HA	224|225	HA	38	native_A89_2C	149	NA
A89_2C_224_225_HA_112_321	A89_2C_224_225_HA	224|225	HA	39	native_A89_2C	150	NA
A89_2C_224_225_HA_112_321	A89_2C_224_225_HA	224|225	HA	40	native_A89_2C	151	NA
A89_2C_224_225_HA_112_321	A89_2C_224_225_HA	224|225	HA	41	native_A89_2C	152	NA
A89_2C_224_225_HA_112_321	A89_2C_224_225_HA	224|225	HA	42	native_A89_2C	153	NA
A89_2C_224_225_HA_112_321	A89_2C_224_225_HA	224|225	HA	43	native_A89_2C	154	NA
A89_2C_224_225_HA_112_321	A89_2C_224_225_HA	224|225	HA	44	native_A89_2C	155	NA
A89_2C_224_225_HA_112_321	A89_2C_224_225_HA	224|225	HA	45	native_A89_2C	156	NA
A89_2C_224_225_HA_112_321	A89_2C_224_225_HA	224|225	HA	46	native_A89_2C	157	NA
A89_2C_224_225_HA_112_321	A89_2C_224_225_HA	224|225	HA	47	native_A89_2C	158	NA
A89_2C_224_225_HA_112_321	A89_2C_224_225_HA	224|225	HA	48	native_A89_2C	159	NA
A89_2C_224_225_HA_112_321	A89_2C_224_225_HA	224|225	HA	49	native_A89_2C	160	NA
A89_2C_224_225_HA_112_321	A89_2C_224_225_HA	224|225	HA	50	native_A89_2C	161	NA
A89_2C_224_225_HA_112_321	A89_2C_224_225_HA	224|225	HA	51	native_A89_2C	162	NA
A89_2C_224_225_HA_112_321	A89_2C_224_225_HA	224|225	HA	52	native_A89_2C	163	NA
A89_2C_224_225_HA_112_321	A89_2C_224_225_HA	224|225	HA	53	native_A89_2C	164	NA
A89_2C_224_225_HA_112_321	A89_2C_224_225_HA	224|225	HA	54	native_A89_2C	165	NA
A89_2C_224_225_HA_112_321	A89_2C_224_225_HA	224|225	HA	55	native_A89_2C	166	NA
A89_2C_224_225_HA_112_321	A89_2C_224_225_HA	224|225	HA	56	native_A89_2C	167	NA
A89_2C_224_225_HA_112_321	A89_2C_224_225_HA	224|225	HA	57	native_A89_2C	168	NA
A89_2C_224_225_HA_112_321	A89_2C_224_225_HA	224|225	HA	58	native_A89_2C	169	NA
A89_2C_224_225_HA_112_321	A89_2C_224_225_HA	224|225	HA	59	native_A89_2C	170	NA
A89_2C_224_225_HA_112_321	A89_2C_224_225_HA	224|225	HA	60	native_A89_2C	171	NA
A89_2C_224_225_HA_112_321	A89_2C_224_225_HA	224|225	HA	61	native_A89_2C	172	NA
A89_2C_224_225_HA_112_321	A89_2C_224_225_HA	224|225	HA	62	native_A89_2C	173	NA
A89_2C_224_225_HA_112_321	A89_2C_224_225_HA	224|225	HA	63	native_A89_2C	174	NA
A89_2C_224_225_HA_112_321	A89_2C_224_225_HA	224|225	HA	64	native_A89_2C	175	NA
A89_2C_224_225_HA_112_321	A89_2C_224_225_HA	224|225	HA	65	native_A89_2C	176	NA
A89_2C_224_225_HA_112_321	A89_2C_224_225_HA	224|225	HA	66	native_A89_2C	177	NA
A89_2C_224_225_HA_112_321	A89_2C_224_225_HA	224|225	HA	67	native_A89_2C	178	NA
A89_2C_224_225_HA_112_321	A89_2C_224_225_HA	224|225	HA	68	native_A89_2C	179	NA
A89_2C_224_225_HA_112_321	A89_2C_224_225_HA	224|225	HA	69	native_A89_2C	180	NA
A89_2C_224_225_HA_112_321	A89_2C_224_225_HA	224|225	HA	70	native_A89_2C	181	NA
A89_2C_224_225_HA_112_321	A89_2C_224_225_HA	224|225	HA	71	native_A89_2C	182	NA
A89_2C_224_225_HA_112_321	A89_2C_224_225_HA	224|225	HA	72	native_A89_2C	183	NA
A89_2C_224_225_HA_112_321	A89_2C_224_225_HA	224|225	HA	73	native_A89_2C	184	NA
A89_2C_224_225_HA_112_321	A89_2C_224_225_HA	224|225	HA	74	native_A89_2C	185	NA
A89_2C_224_225_HA_112_321	A89_2C_224_225_HA	224|225	HA	75	native_A89_2C	186	NA
A89_2C_224_225_HA_112_321	A89_2C_224_225_HA	224|225	HA	76	native_A89_2C	187	NA
A89_2C_224_225_HA_112_321	A89_2C_224_225_HA	224|225	HA	77	native_A89_2C	188	NA
A89_2C_224_225_HA_112_321	A89_2C_224_225_HA	224|225	HA	78	native_A89_2C	189	NA
A89_2C_224_225_HA_112_321	A89_2C_224_225_HA	224|225	HA	79	native_A89_2C	190	NA
A89_2C_224_225_HA_112_321	A89_2C_224_225_HA	224|225	HA	80	native_A89_2C	191	NA
A89_2C_224_225_HA_112_321	A89_2C_224_225_HA	224|225	HA	81	native_A89_2C	192	NA
A89_2C_224_225_HA_112_321	A89_2C_224_225_HA	224|225	HA	82	native_A89_2C	193	NA
A89_2C_224_225_HA_112_321	A89_2C_224_225_HA	224|225	HA	83	native_A89_2C	194	NA
A89_2C_224_225_HA_112_321	A89_2C_224_225_HA	224|225	HA	84	native_A89_2C	195	NA
A89_2C_224_225_HA_112_321	A89_2C_224_225_HA	224|225	HA	85	native_A89_2C	196	NA
A89_2C_224_225_HA_112_321	A89_2C_224_225_HA	224|225	HA	86	native_A89_2C	197	NA
A89_2C_224_225_HA_112_321	A89_2C_224_225_HA	224|225	HA	87	native_A89_2C	198	NA
A89_2C_224_225_HA_112_321	A89_2C_224_225_HA	224|225	HA	88	native_A89_2C	199	NA
A89_2C_224_225_HA_112_321	A89_2C_224_225_HA	224|225	HA	89	native_A89_2C	200	NA
A89_2C_224_225_HA_112_321	A89_2C_224_225_HA	224|225	HA	90	native_A89_2C	201	NA
A89_2C_224_225_HA_112_321	A89_2C_224_225_HA	224|225	HA	91	native_A89_2C	202	NA
A89_2C_224_225_HA_112_321	A89_2C_224_225_HA	224|225	HA	92	native_A89_2C	203	NA
A89_2C_224_225_HA_112_321	A89_2C_224_225_HA	224|225	HA	93	native_A89_2C	204	NA
A89_2C_224_225_HA_112_321	A89_2C_224_225_HA	224|225	HA	94	native_A89_2C	205	NA
A89_2C_224_225_HA_112_321	A89_2C_224_225_HA	224|225	HA	95	native_A89_2C	206	NA
A89_2C_224_225_HA_112_321	A89_2C_224_225_HA	224|225	HA	96	native_A89_2C	207	NA
A89_2C_224_225_HA_112_321	A89_2C_224_225_HA	224|225	HA	97	native_A89_2C	208	NA
A89_2C_224_225_HA_112_321	A89_2C_224_225_HA	224|225	HA	98	native_A89_2C	209	NA
A89_2C_224_225_HA_112_321	A89_2C_224_225_HA	224|225	HA	99	native_A89_2C	210	NA
A89_2C_224_225_HA_112_321	A89_2C_224_225_HA	224|225	HA	100	native_A89_2C	211	NA
A89_2C_224_225_HA_112_321	A89_2C_224_225_HA	224|225	HA	101	native_A89_2C	212	NA
A89_2C_224_225_HA_112_321	A89_2C_224_225_HA	224|225	HA	102	native_A89_2C	213	NA
A89_2C_224_225_HA_112_321	A89_2C_224_225_HA	224|225	HA	103	native_A89_2C	214	NA
A89_2C_224_225_HA_112_321	A89_2C_224_225_HA	224|225	HA	104	native_A89_2C	215	NA
A89_2C_224_225_HA_112_321	A89_2C_224_225_HA	224|225	HA	105	native_A89_2C	216	NA
A89_2C_224_225_HA_112_321	A89_2C_224_225_HA	224|225	HA	106	native_A89_2C	217	NA
A89_2C_224_225_HA_112_321	A89_2C_224_225_HA	224|225	HA	107	native_A89_2C	218	NA
A89_2C_224_225_HA_112_321	A89_2C_224_225_HA	224|225	HA	108	native_A89_2C	219	NA
A89_2C_224_225_HA_112_321	A89_2C_224_225_HA	224|225	HA	109	native_A89_2C	220	NA
A89_2C_224_225_HA_112_321	A89_2C_224_225_HA	224|225	HA	110	native_A89_2C	221	NA
A89_2C_224_225_HA_112_321	A89_2C_224_225_HA	224|225	HA	111	native_A89_2C	222	NA
A89_2C_224_225_HA_112_321	A89_2C_224_225_HA	224|225	HA	112	native_A89_2C	223	NA
A89_2C_224_225_HA_112_321	A89_2C_224_225_HA	224|225	HA	113	native_A89_2C	224	NA
A89_2C_224_225_HA_112_321	A89_2C_224_225_HA	224|225	HA	114	inserted_tag	NA	1
A89_2C_224_225_HA_112_321	A89_2C_224_225_HA	224|225	HA	115	inserted_tag	NA	2
A89_2C_224_225_HA_112_321	A89_2C_224_225_HA	224|225	HA	116	inserted_tag	NA	3
A89_2C_224_225_HA_112_321	A89_2C_224_225_HA	224|225	HA	117	inserted_tag	NA	4
A89_2C_224_225_HA_112_321	A89_2C_224_225_HA	224|225	HA	118	inserted_tag	NA	5
A89_2C_224_225_HA_112_321	A89_2C_224_225_HA	224|225	HA	119	inserted_tag	NA	6
A89_2C_224_225_HA_112_321	A89_2C_224_225_HA	224|225	HA	120	inserted_tag	NA	7
A89_2C_224_225_HA_112_321	A89_2C_224_225_HA	224|225	HA	121	inserted_tag	NA	8
A89_2C_224_225_HA_112_321	A89_2C_224_225_HA	224|225	HA	122	inserted_tag	NA	9
A89_2C_224_225_HA_112_321	A89_2C_224_225_HA	224|225	HA	123	native_A89_2C	225	NA
A89_2C_224_225_HA_112_321	A89_2C_224_225_HA	224|225	HA	124	native_A89_2C	226	NA
A89_2C_224_225_HA_112_321	A89_2C_224_225_HA	224|225	HA	125	native_A89_2C	227	NA
A89_2C_224_225_HA_112_321	A89_2C_224_225_HA	224|225	HA	126	native_A89_2C	228	NA
A89_2C_224_225_HA_112_321	A89_2C_224_225_HA	224|225	HA	127	native_A89_2C	229	NA
A89_2C_224_225_HA_112_321	A89_2C_224_225_HA	224|225	HA	128	native_A89_2C	230	NA
A89_2C_224_225_HA_112_321	A89_2C_224_225_HA	224|225	HA	129	native_A89_2C	231	NA
A89_2C_224_225_HA_112_321	A89_2C_224_225_HA	224|225	HA	130	native_A89_2C	232	NA
A89_2C_224_225_HA_112_321	A89_2C_224_225_HA	224|225	HA	131	native_A89_2C	233	NA
A89_2C_224_225_HA_112_321	A89_2C_224_225_HA	224|225	HA	132	native_A89_2C	234	NA
A89_2C_224_225_HA_112_321	A89_2C_224_225_HA	224|225	HA	133	native_A89_2C	235	NA
A89_2C_224_225_HA_112_321	A89_2C_224_225_HA	224|225	HA	134	native_A89_2C	236	NA
A89_2C_224_225_HA_112_321	A89_2C_224_225_HA	224|225	HA	135	native_A89_2C	237	NA
A89_2C_224_225_HA_112_321	A89_2C_224_225_HA	224|225	HA	136	native_A89_2C	238	NA
A89_2C_224_225_HA_112_321	A89_2C_224_225_HA	224|225	HA	137	native_A89_2C	239	NA
A89_2C_224_225_HA_112_321	A89_2C_224_225_HA	224|225	HA	138	native_A89_2C	240	NA
A89_2C_224_225_HA_112_321	A89_2C_224_225_HA	224|225	HA	139	native_A89_2C	241	NA
A89_2C_224_225_HA_112_321	A89_2C_224_225_HA	224|225	HA	140	native_A89_2C	242	NA
A89_2C_224_225_HA_112_321	A89_2C_224_225_HA	224|225	HA	141	native_A89_2C	243	NA
A89_2C_224_225_HA_112_321	A89_2C_224_225_HA	224|225	HA	142	native_A89_2C	244	NA
A89_2C_224_225_HA_112_321	A89_2C_224_225_HA	224|225	HA	143	native_A89_2C	245	NA
A89_2C_224_225_HA_112_321	A89_2C_224_225_HA	224|225	HA	144	native_A89_2C	246	NA
A89_2C_224_225_HA_112_321	A89_2C_224_225_HA	224|225	HA	145	native_A89_2C	247	NA
A89_2C_224_225_HA_112_321	A89_2C_224_225_HA	224|225	HA	146	native_A89_2C	248	NA
A89_2C_224_225_HA_112_321	A89_2C_224_225_HA	224|225	HA	147	native_A89_2C	249	NA
A89_2C_224_225_HA_112_321	A89_2C_224_225_HA	224|225	HA	148	native_A89_2C	250	NA
A89_2C_224_225_HA_112_321	A89_2C_224_225_HA	224|225	HA	149	native_A89_2C	251	NA
A89_2C_224_225_HA_112_321	A89_2C_224_225_HA	224|225	HA	150	native_A89_2C	252	NA
A89_2C_224_225_HA_112_321	A89_2C_224_225_HA	224|225	HA	151	native_A89_2C	253	NA
A89_2C_224_225_HA_112_321	A89_2C_224_225_HA	224|225	HA	152	native_A89_2C	254	NA
A89_2C_224_225_HA_112_321	A89_2C_224_225_HA	224|225	HA	153	native_A89_2C	255	NA
A89_2C_224_225_HA_112_321	A89_2C_224_225_HA	224|225	HA	154	native_A89_2C	256	NA
A89_2C_224_225_HA_112_321	A89_2C_224_225_HA	224|225	HA	155	native_A89_2C	257	NA
A89_2C_224_225_HA_112_321	A89_2C_224_225_HA	224|225	HA	156	native_A89_2C	258	NA
A89_2C_224_225_HA_112_321	A89_2C_224_225_HA	224|225	HA	157	native_A89_2C	259	NA
A89_2C_224_225_HA_112_321	A89_2C_224_225_HA	224|225	HA	158	native_A89_2C	260	NA
A89_2C_224_225_HA_112_321	A89_2C_224_225_HA	224|225	HA	159	native_A89_2C	261	NA
A89_2C_224_225_HA_112_321	A89_2C_224_225_HA	224|225	HA	160	native_A89_2C	262	NA
A89_2C_224_225_HA_112_321	A89_2C_224_225_HA	224|225	HA	161	native_A89_2C	263	NA
A89_2C_224_225_HA_112_321	A89_2C_224_225_HA	224|225	HA	162	native_A89_2C	264	NA
A89_2C_224_225_HA_112_321	A89_2C_224_225_HA	224|225	HA	163	native_A89_2C	265	NA
A89_2C_224_225_HA_112_321	A89_2C_224_225_HA	224|225	HA	164	native_A89_2C	266	NA
A89_2C_224_225_HA_112_321	A89_2C_224_225_HA	224|225	HA	165	native_A89_2C	267	NA
A89_2C_224_225_HA_112_321	A89_2C_224_225_HA	224|225	HA	166	native_A89_2C	268	NA
A89_2C_224_225_HA_112_321	A89_2C_224_225_HA	224|225	HA	167	native_A89_2C	269	NA
A89_2C_224_225_HA_112_321	A89_2C_224_225_HA	224|225	HA	168	native_A89_2C	270	NA
A89_2C_224_225_HA_112_321	A89_2C_224_225_HA	224|225	HA	169	native_A89_2C	271	NA
A89_2C_224_225_HA_112_321	A89_2C_224_225_HA	224|225	HA	170	native_A89_2C	272	NA
A89_2C_224_225_HA_112_321	A89_2C_224_225_HA	224|225	HA	171	native_A89_2C	273	NA
A89_2C_224_225_HA_112_321	A89_2C_224_225_HA	224|225	HA	172	native_A89_2C	274	NA
A89_2C_224_225_HA_112_321	A89_2C_224_225_HA	224|225	HA	173	native_A89_2C	275	NA
A89_2C_224_225_HA_112_321	A89_2C_224_225_HA	224|225	HA	174	native_A89_2C	276	NA
A89_2C_224_225_HA_112_321	A89_2C_224_225_HA	224|225	HA	175	native_A89_2C	277	NA
A89_2C_224_225_HA_112_321	A89_2C_224_225_HA	224|225	HA	176	native_A89_2C	278	NA
A89_2C_224_225_HA_112_321	A89_2C_224_225_HA	224|225	HA	177	native_A89_2C	279	NA
A89_2C_224_225_HA_112_321	A89_2C_224_225_HA	224|225	HA	178	native_A89_2C	280	NA
A89_2C_224_225_HA_112_321	A89_2C_224_225_HA	224|225	HA	179	native_A89_2C	281	NA
A89_2C_224_225_HA_112_321	A89_2C_224_225_HA	224|225	HA	180	native_A89_2C	282	NA
A89_2C_224_225_HA_112_321	A89_2C_224_225_HA	224|225	HA	181	native_A89_2C	283	NA
A89_2C_224_225_HA_112_321	A89_2C_224_225_HA	224|225	HA	182	native_A89_2C	284	NA
A89_2C_224_225_HA_112_321	A89_2C_224_225_HA	224|225	HA	183	native_A89_2C	285	NA
A89_2C_224_225_HA_112_321	A89_2C_224_225_HA	224|225	HA	184	native_A89_2C	286	NA
A89_2C_224_225_HA_112_321	A89_2C_224_225_HA	224|225	HA	185	native_A89_2C	287	NA
A89_2C_224_225_HA_112_321	A89_2C_224_225_HA	224|225	HA	186	native_A89_2C	288	NA
A89_2C_224_225_HA_112_321	A89_2C_224_225_HA	224|225	HA	187	native_A89_2C	289	NA
A89_2C_224_225_HA_112_321	A89_2C_224_225_HA	224|225	HA	188	native_A89_2C	290	NA
A89_2C_224_225_HA_112_321	A89_2C_224_225_HA	224|225	HA	189	native_A89_2C	291	NA
A89_2C_224_225_HA_112_321	A89_2C_224_225_HA	224|225	HA	190	native_A89_2C	292	NA
A89_2C_224_225_HA_112_321	A89_2C_224_225_HA	224|225	HA	191	native_A89_2C	293	NA
A89_2C_224_225_HA_112_321	A89_2C_224_225_HA	224|225	HA	192	native_A89_2C	294	NA
A89_2C_224_225_HA_112_321	A89_2C_224_225_HA	224|225	HA	193	native_A89_2C	295	NA
A89_2C_224_225_HA_112_321	A89_2C_224_225_HA	224|225	HA	194	native_A89_2C	296	NA
A89_2C_224_225_HA_112_321	A89_2C_224_225_HA	224|225	HA	195	native_A89_2C	297	NA
A89_2C_224_225_HA_112_321	A89_2C_224_225_HA	224|225	HA	196	native_A89_2C	298	NA
A89_2C_224_225_HA_112_321	A89_2C_224_225_HA	224|225	HA	197	native_A89_2C	299	NA
A89_2C_224_225_HA_112_321	A89_2C_224_225_HA	224|225	HA	198	native_A89_2C	300	NA
A89_2C_224_225_HA_112_321	A89_2C_224_225_HA	224|225	HA	199	native_A89_2C	301	NA
A89_2C_224_225_HA_112_321	A89_2C_224_225_HA	224|225	HA	200	native_A89_2C	302	NA
A89_2C_224_225_HA_112_321	A89_2C_224_225_HA	224|225	HA	201	native_A89_2C	303	NA
A89_2C_224_225_HA_112_321	A89_2C_224_225_HA	224|225	HA	202	native_A89_2C	304	NA
A89_2C_224_225_HA_112_321	A89_2C_224_225_HA	224|225	HA	203	native_A89_2C	305	NA
A89_2C_224_225_HA_112_321	A89_2C_224_225_HA	224|225	HA	204	native_A89_2C	306	NA
A89_2C_224_225_HA_112_321	A89_2C_224_225_HA	224|225	HA	205	native_A89_2C	307	NA
A89_2C_224_225_HA_112_321	A89_2C_224_225_HA	224|225	HA	206	native_A89_2C	308	NA
A89_2C_224_225_HA_112_321	A89_2C_224_225_HA	224|225	HA	207	native_A89_2C	309	NA
A89_2C_224_225_HA_112_321	A89_2C_224_225_HA	224|225	HA	208	native_A89_2C	310	NA
A89_2C_224_225_HA_112_321	A89_2C_224_225_HA	224|225	HA	209	native_A89_2C	311	NA
A89_2C_224_225_HA_112_321	A89_2C_224_225_HA	224|225	HA	210	native_A89_2C	312	NA
A89_2C_224_225_HA_112_321	A89_2C_224_225_HA	224|225	HA	211	native_A89_2C	313	NA
A89_2C_224_225_HA_112_321	A89_2C_224_225_HA	224|225	HA	212	native_A89_2C	314	NA
A89_2C_224_225_HA_112_321	A89_2C_224_225_HA	224|225	HA	213	native_A89_2C	315	NA
A89_2C_224_225_HA_112_321	A89_2C_224_225_HA	224|225	HA	214	native_A89_2C	316	NA
A89_2C_224_225_HA_112_321	A89_2C_224_225_HA	224|225	HA	215	native_A89_2C	317	NA
A89_2C_224_225_HA_112_321	A89_2C_224_225_HA	224|225	HA	216	native_A89_2C	318	NA
A89_2C_224_225_HA_112_321	A89_2C_224_225_HA	224|225	HA	217	native_A89_2C	319	NA
A89_2C_224_225_HA_112_321	A89_2C_224_225_HA	224|225	HA	218	native_A89_2C	320	NA
A89_2C_224_225_HA_112_321	A89_2C_224_225_HA	224|225	HA	219	native_A89_2C	321	NA
A89_2C_224_225_MAP8_112_321	A89_2C_224_225_MAP8	224|225	MAP8	1	native_A89_2C	112	NA
A89_2C_224_225_MAP8_112_321	A89_2C_224_225_MAP8	224|225	MAP8	2	native_A89_2C	113	NA
A89_2C_224_225_MAP8_112_321	A89_2C_224_225_MAP8	224|225	MAP8	3	native_A89_2C	114	NA
A89_2C_224_225_MAP8_112_321	A89_2C_224_225_MAP8	224|225	MAP8	4	native_A89_2C	115	NA
A89_2C_224_225_MAP8_112_321	A89_2C_224_225_MAP8	224|225	MAP8	5	native_A89_2C	116	NA
A89_2C_224_225_MAP8_112_321	A89_2C_224_225_MAP8	224|225	MAP8	6	native_A89_2C	117	NA
A89_2C_224_225_MAP8_112_321	A89_2C_224_225_MAP8	224|225	MAP8	7	native_A89_2C	118	NA
A89_2C_224_225_MAP8_112_321	A89_2C_224_225_MAP8	224|225	MAP8	8	native_A89_2C	119	NA
A89_2C_224_225_MAP8_112_321	A89_2C_224_225_MAP8	224|225	MAP8	9	native_A89_2C	120	NA
A89_2C_224_225_MAP8_112_321	A89_2C_224_225_MAP8	224|225	MAP8	10	native_A89_2C	121	NA
A89_2C_224_225_MAP8_112_321	A89_2C_224_225_MAP8	224|225	MAP8	11	native_A89_2C	122	NA
A89_2C_224_225_MAP8_112_321	A89_2C_224_225_MAP8	224|225	MAP8	12	native_A89_2C	123	NA
A89_2C_224_225_MAP8_112_321	A89_2C_224_225_MAP8	224|225	MAP8	13	native_A89_2C	124	NA
A89_2C_224_225_MAP8_112_321	A89_2C_224_225_MAP8	224|225	MAP8	14	native_A89_2C	125	NA
A89_2C_224_225_MAP8_112_321	A89_2C_224_225_MAP8	224|225	MAP8	15	native_A89_2C	126	NA
A89_2C_224_225_MAP8_112_321	A89_2C_224_225_MAP8	224|225	MAP8	16	native_A89_2C	127	NA
A89_2C_224_225_MAP8_112_321	A89_2C_224_225_MAP8	224|225	MAP8	17	native_A89_2C	128	NA
A89_2C_224_225_MAP8_112_321	A89_2C_224_225_MAP8	224|225	MAP8	18	native_A89_2C	129	NA
A89_2C_224_225_MAP8_112_321	A89_2C_224_225_MAP8	224|225	MAP8	19	native_A89_2C	130	NA
A89_2C_224_225_MAP8_112_321	A89_2C_224_225_MAP8	224|225	MAP8	20	native_A89_2C	131	NA
A89_2C_224_225_MAP8_112_321	A89_2C_224_225_MAP8	224|225	MAP8	21	native_A89_2C	132	NA
A89_2C_224_225_MAP8_112_321	A89_2C_224_225_MAP8	224|225	MAP8	22	native_A89_2C	133	NA
A89_2C_224_225_MAP8_112_321	A89_2C_224_225_MAP8	224|225	MAP8	23	native_A89_2C	134	NA
A89_2C_224_225_MAP8_112_321	A89_2C_224_225_MAP8	224|225	MAP8	24	native_A89_2C	135	NA
A89_2C_224_225_MAP8_112_321	A89_2C_224_225_MAP8	224|225	MAP8	25	native_A89_2C	136	NA
A89_2C_224_225_MAP8_112_321	A89_2C_224_225_MAP8	224|225	MAP8	26	native_A89_2C	137	NA
A89_2C_224_225_MAP8_112_321	A89_2C_224_225_MAP8	224|225	MAP8	27	native_A89_2C	138	NA
A89_2C_224_225_MAP8_112_321	A89_2C_224_225_MAP8	224|225	MAP8	28	native_A89_2C	139	NA
A89_2C_224_225_MAP8_112_321	A89_2C_224_225_MAP8	224|225	MAP8	29	native_A89_2C	140	NA
A89_2C_224_225_MAP8_112_321	A89_2C_224_225_MAP8	224|225	MAP8	30	native_A89_2C	141	NA
A89_2C_224_225_MAP8_112_321	A89_2C_224_225_MAP8	224|225	MAP8	31	native_A89_2C	142	NA
A89_2C_224_225_MAP8_112_321	A89_2C_224_225_MAP8	224|225	MAP8	32	native_A89_2C	143	NA
A89_2C_224_225_MAP8_112_321	A89_2C_224_225_MAP8	224|225	MAP8	33	native_A89_2C	144	NA
A89_2C_224_225_MAP8_112_321	A89_2C_224_225_MAP8	224|225	MAP8	34	native_A89_2C	145	NA
A89_2C_224_225_MAP8_112_321	A89_2C_224_225_MAP8	224|225	MAP8	35	native_A89_2C	146	NA
A89_2C_224_225_MAP8_112_321	A89_2C_224_225_MAP8	224|225	MAP8	36	native_A89_2C	147	NA
A89_2C_224_225_MAP8_112_321	A89_2C_224_225_MAP8	224|225	MAP8	37	native_A89_2C	148	NA
A89_2C_224_225_MAP8_112_321	A89_2C_224_225_MAP8	224|225	MAP8	38	native_A89_2C	149	NA
A89_2C_224_225_MAP8_112_321	A89_2C_224_225_MAP8	224|225	MAP8	39	native_A89_2C	150	NA
A89_2C_224_225_MAP8_112_321	A89_2C_224_225_MAP8	224|225	MAP8	40	native_A89_2C	151	NA
A89_2C_224_225_MAP8_112_321	A89_2C_224_225_MAP8	224|225	MAP8	41	native_A89_2C	152	NA
A89_2C_224_225_MAP8_112_321	A89_2C_224_225_MAP8	224|225	MAP8	42	native_A89_2C	153	NA
A89_2C_224_225_MAP8_112_321	A89_2C_224_225_MAP8	224|225	MAP8	43	native_A89_2C	154	NA
A89_2C_224_225_MAP8_112_321	A89_2C_224_225_MAP8	224|225	MAP8	44	native_A89_2C	155	NA
A89_2C_224_225_MAP8_112_321	A89_2C_224_225_MAP8	224|225	MAP8	45	native_A89_2C	156	NA
A89_2C_224_225_MAP8_112_321	A89_2C_224_225_MAP8	224|225	MAP8	46	native_A89_2C	157	NA
A89_2C_224_225_MAP8_112_321	A89_2C_224_225_MAP8	224|225	MAP8	47	native_A89_2C	158	NA
A89_2C_224_225_MAP8_112_321	A89_2C_224_225_MAP8	224|225	MAP8	48	native_A89_2C	159	NA
A89_2C_224_225_MAP8_112_321	A89_2C_224_225_MAP8	224|225	MAP8	49	native_A89_2C	160	NA
A89_2C_224_225_MAP8_112_321	A89_2C_224_225_MAP8	224|225	MAP8	50	native_A89_2C	161	NA
A89_2C_224_225_MAP8_112_321	A89_2C_224_225_MAP8	224|225	MAP8	51	native_A89_2C	162	NA
A89_2C_224_225_MAP8_112_321	A89_2C_224_225_MAP8	224|225	MAP8	52	native_A89_2C	163	NA
A89_2C_224_225_MAP8_112_321	A89_2C_224_225_MAP8	224|225	MAP8	53	native_A89_2C	164	NA
A89_2C_224_225_MAP8_112_321	A89_2C_224_225_MAP8	224|225	MAP8	54	native_A89_2C	165	NA
A89_2C_224_225_MAP8_112_321	A89_2C_224_225_MAP8	224|225	MAP8	55	native_A89_2C	166	NA
A89_2C_224_225_MAP8_112_321	A89_2C_224_225_MAP8	224|225	MAP8	56	native_A89_2C	167	NA
A89_2C_224_225_MAP8_112_321	A89_2C_224_225_MAP8	224|225	MAP8	57	native_A89_2C	168	NA
A89_2C_224_225_MAP8_112_321	A89_2C_224_225_MAP8	224|225	MAP8	58	native_A89_2C	169	NA
A89_2C_224_225_MAP8_112_321	A89_2C_224_225_MAP8	224|225	MAP8	59	native_A89_2C	170	NA
A89_2C_224_225_MAP8_112_321	A89_2C_224_225_MAP8	224|225	MAP8	60	native_A89_2C	171	NA
A89_2C_224_225_MAP8_112_321	A89_2C_224_225_MAP8	224|225	MAP8	61	native_A89_2C	172	NA
A89_2C_224_225_MAP8_112_321	A89_2C_224_225_MAP8	224|225	MAP8	62	native_A89_2C	173	NA
A89_2C_224_225_MAP8_112_321	A89_2C_224_225_MAP8	224|225	MAP8	63	native_A89_2C	174	NA
A89_2C_224_225_MAP8_112_321	A89_2C_224_225_MAP8	224|225	MAP8	64	native_A89_2C	175	NA
A89_2C_224_225_MAP8_112_321	A89_2C_224_225_MAP8	224|225	MAP8	65	native_A89_2C	176	NA
A89_2C_224_225_MAP8_112_321	A89_2C_224_225_MAP8	224|225	MAP8	66	native_A89_2C	177	NA
A89_2C_224_225_MAP8_112_321	A89_2C_224_225_MAP8	224|225	MAP8	67	native_A89_2C	178	NA
A89_2C_224_225_MAP8_112_321	A89_2C_224_225_MAP8	224|225	MAP8	68	native_A89_2C	179	NA
A89_2C_224_225_MAP8_112_321	A89_2C_224_225_MAP8	224|225	MAP8	69	native_A89_2C	180	NA
A89_2C_224_225_MAP8_112_321	A89_2C_224_225_MAP8	224|225	MAP8	70	native_A89_2C	181	NA
A89_2C_224_225_MAP8_112_321	A89_2C_224_225_MAP8	224|225	MAP8	71	native_A89_2C	182	NA
A89_2C_224_225_MAP8_112_321	A89_2C_224_225_MAP8	224|225	MAP8	72	native_A89_2C	183	NA
A89_2C_224_225_MAP8_112_321	A89_2C_224_225_MAP8	224|225	MAP8	73	native_A89_2C	184	NA
A89_2C_224_225_MAP8_112_321	A89_2C_224_225_MAP8	224|225	MAP8	74	native_A89_2C	185	NA
A89_2C_224_225_MAP8_112_321	A89_2C_224_225_MAP8	224|225	MAP8	75	native_A89_2C	186	NA
A89_2C_224_225_MAP8_112_321	A89_2C_224_225_MAP8	224|225	MAP8	76	native_A89_2C	187	NA
A89_2C_224_225_MAP8_112_321	A89_2C_224_225_MAP8	224|225	MAP8	77	native_A89_2C	188	NA
A89_2C_224_225_MAP8_112_321	A89_2C_224_225_MAP8	224|225	MAP8	78	native_A89_2C	189	NA
A89_2C_224_225_MAP8_112_321	A89_2C_224_225_MAP8	224|225	MAP8	79	native_A89_2C	190	NA
A89_2C_224_225_MAP8_112_321	A89_2C_224_225_MAP8	224|225	MAP8	80	native_A89_2C	191	NA
A89_2C_224_225_MAP8_112_321	A89_2C_224_225_MAP8	224|225	MAP8	81	native_A89_2C	192	NA
A89_2C_224_225_MAP8_112_321	A89_2C_224_225_MAP8	224|225	MAP8	82	native_A89_2C	193	NA
A89_2C_224_225_MAP8_112_321	A89_2C_224_225_MAP8	224|225	MAP8	83	native_A89_2C	194	NA
A89_2C_224_225_MAP8_112_321	A89_2C_224_225_MAP8	224|225	MAP8	84	native_A89_2C	195	NA
A89_2C_224_225_MAP8_112_321	A89_2C_224_225_MAP8	224|225	MAP8	85	native_A89_2C	196	NA
A89_2C_224_225_MAP8_112_321	A89_2C_224_225_MAP8	224|225	MAP8	86	native_A89_2C	197	NA
A89_2C_224_225_MAP8_112_321	A89_2C_224_225_MAP8	224|225	MAP8	87	native_A89_2C	198	NA
A89_2C_224_225_MAP8_112_321	A89_2C_224_225_MAP8	224|225	MAP8	88	native_A89_2C	199	NA
A89_2C_224_225_MAP8_112_321	A89_2C_224_225_MAP8	224|225	MAP8	89	native_A89_2C	200	NA
A89_2C_224_225_MAP8_112_321	A89_2C_224_225_MAP8	224|225	MAP8	90	native_A89_2C	201	NA
A89_2C_224_225_MAP8_112_321	A89_2C_224_225_MAP8	224|225	MAP8	91	native_A89_2C	202	NA
A89_2C_224_225_MAP8_112_321	A89_2C_224_225_MAP8	224|225	MAP8	92	native_A89_2C	203	NA
A89_2C_224_225_MAP8_112_321	A89_2C_224_225_MAP8	224|225	MAP8	93	native_A89_2C	204	NA
A89_2C_224_225_MAP8_112_321	A89_2C_224_225_MAP8	224|225	MAP8	94	native_A89_2C	205	NA
A89_2C_224_225_MAP8_112_321	A89_2C_224_225_MAP8	224|225	MAP8	95	native_A89_2C	206	NA
A89_2C_224_225_MAP8_112_321	A89_2C_224_225_MAP8	224|225	MAP8	96	native_A89_2C	207	NA
A89_2C_224_225_MAP8_112_321	A89_2C_224_225_MAP8	224|225	MAP8	97	native_A89_2C	208	NA
A89_2C_224_225_MAP8_112_321	A89_2C_224_225_MAP8	224|225	MAP8	98	native_A89_2C	209	NA
A89_2C_224_225_MAP8_112_321	A89_2C_224_225_MAP8	224|225	MAP8	99	native_A89_2C	210	NA
A89_2C_224_225_MAP8_112_321	A89_2C_224_225_MAP8	224|225	MAP8	100	native_A89_2C	211	NA
A89_2C_224_225_MAP8_112_321	A89_2C_224_225_MAP8	224|225	MAP8	101	native_A89_2C	212	NA
A89_2C_224_225_MAP8_112_321	A89_2C_224_225_MAP8	224|225	MAP8	102	native_A89_2C	213	NA
A89_2C_224_225_MAP8_112_321	A89_2C_224_225_MAP8	224|225	MAP8	103	native_A89_2C	214	NA
A89_2C_224_225_MAP8_112_321	A89_2C_224_225_MAP8	224|225	MAP8	104	native_A89_2C	215	NA
A89_2C_224_225_MAP8_112_321	A89_2C_224_225_MAP8	224|225	MAP8	105	native_A89_2C	216	NA
A89_2C_224_225_MAP8_112_321	A89_2C_224_225_MAP8	224|225	MAP8	106	native_A89_2C	217	NA
A89_2C_224_225_MAP8_112_321	A89_2C_224_225_MAP8	224|225	MAP8	107	native_A89_2C	218	NA
A89_2C_224_225_MAP8_112_321	A89_2C_224_225_MAP8	224|225	MAP8	108	native_A89_2C	219	NA
A89_2C_224_225_MAP8_112_321	A89_2C_224_225_MAP8	224|225	MAP8	109	native_A89_2C	220	NA
A89_2C_224_225_MAP8_112_321	A89_2C_224_225_MAP8	224|225	MAP8	110	native_A89_2C	221	NA
A89_2C_224_225_MAP8_112_321	A89_2C_224_225_MAP8	224|225	MAP8	111	native_A89_2C	222	NA
A89_2C_224_225_MAP8_112_321	A89_2C_224_225_MAP8	224|225	MAP8	112	native_A89_2C	223	NA
A89_2C_224_225_MAP8_112_321	A89_2C_224_225_MAP8	224|225	MAP8	113	native_A89_2C	224	NA
A89_2C_224_225_MAP8_112_321	A89_2C_224_225_MAP8	224|225	MAP8	114	inserted_tag	NA	1
A89_2C_224_225_MAP8_112_321	A89_2C_224_225_MAP8	224|225	MAP8	115	inserted_tag	NA	2
A89_2C_224_225_MAP8_112_321	A89_2C_224_225_MAP8	224|225	MAP8	116	inserted_tag	NA	3
A89_2C_224_225_MAP8_112_321	A89_2C_224_225_MAP8	224|225	MAP8	117	inserted_tag	NA	4
A89_2C_224_225_MAP8_112_321	A89_2C_224_225_MAP8	224|225	MAP8	118	inserted_tag	NA	5
A89_2C_224_225_MAP8_112_321	A89_2C_224_225_MAP8	224|225	MAP8	119	inserted_tag	NA	6
A89_2C_224_225_MAP8_112_321	A89_2C_224_225_MAP8	224|225	MAP8	120	inserted_tag	NA	7
A89_2C_224_225_MAP8_112_321	A89_2C_224_225_MAP8	224|225	MAP8	121	inserted_tag	NA	8
A89_2C_224_225_MAP8_112_321	A89_2C_224_225_MAP8	224|225	MAP8	122	native_A89_2C	225	NA
A89_2C_224_225_MAP8_112_321	A89_2C_224_225_MAP8	224|225	MAP8	123	native_A89_2C	226	NA
A89_2C_224_225_MAP8_112_321	A89_2C_224_225_MAP8	224|225	MAP8	124	native_A89_2C	227	NA
A89_2C_224_225_MAP8_112_321	A89_2C_224_225_MAP8	224|225	MAP8	125	native_A89_2C	228	NA
A89_2C_224_225_MAP8_112_321	A89_2C_224_225_MAP8	224|225	MAP8	126	native_A89_2C	229	NA
A89_2C_224_225_MAP8_112_321	A89_2C_224_225_MAP8	224|225	MAP8	127	native_A89_2C	230	NA
A89_2C_224_225_MAP8_112_321	A89_2C_224_225_MAP8	224|225	MAP8	128	native_A89_2C	231	NA
A89_2C_224_225_MAP8_112_321	A89_2C_224_225_MAP8	224|225	MAP8	129	native_A89_2C	232	NA
A89_2C_224_225_MAP8_112_321	A89_2C_224_225_MAP8	224|225	MAP8	130	native_A89_2C	233	NA
A89_2C_224_225_MAP8_112_321	A89_2C_224_225_MAP8	224|225	MAP8	131	native_A89_2C	234	NA
A89_2C_224_225_MAP8_112_321	A89_2C_224_225_MAP8	224|225	MAP8	132	native_A89_2C	235	NA
A89_2C_224_225_MAP8_112_321	A89_2C_224_225_MAP8	224|225	MAP8	133	native_A89_2C	236	NA
A89_2C_224_225_MAP8_112_321	A89_2C_224_225_MAP8	224|225	MAP8	134	native_A89_2C	237	NA
A89_2C_224_225_MAP8_112_321	A89_2C_224_225_MAP8	224|225	MAP8	135	native_A89_2C	238	NA
A89_2C_224_225_MAP8_112_321	A89_2C_224_225_MAP8	224|225	MAP8	136	native_A89_2C	239	NA
A89_2C_224_225_MAP8_112_321	A89_2C_224_225_MAP8	224|225	MAP8	137	native_A89_2C	240	NA
A89_2C_224_225_MAP8_112_321	A89_2C_224_225_MAP8	224|225	MAP8	138	native_A89_2C	241	NA
A89_2C_224_225_MAP8_112_321	A89_2C_224_225_MAP8	224|225	MAP8	139	native_A89_2C	242	NA
A89_2C_224_225_MAP8_112_321	A89_2C_224_225_MAP8	224|225	MAP8	140	native_A89_2C	243	NA
A89_2C_224_225_MAP8_112_321	A89_2C_224_225_MAP8	224|225	MAP8	141	native_A89_2C	244	NA
A89_2C_224_225_MAP8_112_321	A89_2C_224_225_MAP8	224|225	MAP8	142	native_A89_2C	245	NA
A89_2C_224_225_MAP8_112_321	A89_2C_224_225_MAP8	224|225	MAP8	143	native_A89_2C	246	NA
A89_2C_224_225_MAP8_112_321	A89_2C_224_225_MAP8	224|225	MAP8	144	native_A89_2C	247	NA
A89_2C_224_225_MAP8_112_321	A89_2C_224_225_MAP8	224|225	MAP8	145	native_A89_2C	248	NA
A89_2C_224_225_MAP8_112_321	A89_2C_224_225_MAP8	224|225	MAP8	146	native_A89_2C	249	NA
A89_2C_224_225_MAP8_112_321	A89_2C_224_225_MAP8	224|225	MAP8	147	native_A89_2C	250	NA
A89_2C_224_225_MAP8_112_321	A89_2C_224_225_MAP8	224|225	MAP8	148	native_A89_2C	251	NA
A89_2C_224_225_MAP8_112_321	A89_2C_224_225_MAP8	224|225	MAP8	149	native_A89_2C	252	NA
A89_2C_224_225_MAP8_112_321	A89_2C_224_225_MAP8	224|225	MAP8	150	native_A89_2C	253	NA
A89_2C_224_225_MAP8_112_321	A89_2C_224_225_MAP8	224|225	MAP8	151	native_A89_2C	254	NA
A89_2C_224_225_MAP8_112_321	A89_2C_224_225_MAP8	224|225	MAP8	152	native_A89_2C	255	NA
A89_2C_224_225_MAP8_112_321	A89_2C_224_225_MAP8	224|225	MAP8	153	native_A89_2C	256	NA
A89_2C_224_225_MAP8_112_321	A89_2C_224_225_MAP8	224|225	MAP8	154	native_A89_2C	257	NA
A89_2C_224_225_MAP8_112_321	A89_2C_224_225_MAP8	224|225	MAP8	155	native_A89_2C	258	NA
A89_2C_224_225_MAP8_112_321	A89_2C_224_225_MAP8	224|225	MAP8	156	native_A89_2C	259	NA
A89_2C_224_225_MAP8_112_321	A89_2C_224_225_MAP8	224|225	MAP8	157	native_A89_2C	260	NA
A89_2C_224_225_MAP8_112_321	A89_2C_224_225_MAP8	224|225	MAP8	158	native_A89_2C	261	NA
A89_2C_224_225_MAP8_112_321	A89_2C_224_225_MAP8	224|225	MAP8	159	native_A89_2C	262	NA
A89_2C_224_225_MAP8_112_321	A89_2C_224_225_MAP8	224|225	MAP8	160	native_A89_2C	263	NA
A89_2C_224_225_MAP8_112_321	A89_2C_224_225_MAP8	224|225	MAP8	161	native_A89_2C	264	NA
A89_2C_224_225_MAP8_112_321	A89_2C_224_225_MAP8	224|225	MAP8	162	native_A89_2C	265	NA
A89_2C_224_225_MAP8_112_321	A89_2C_224_225_MAP8	224|225	MAP8	163	native_A89_2C	266	NA
A89_2C_224_225_MAP8_112_321	A89_2C_224_225_MAP8	224|225	MAP8	164	native_A89_2C	267	NA
A89_2C_224_225_MAP8_112_321	A89_2C_224_225_MAP8	224|225	MAP8	165	native_A89_2C	268	NA
A89_2C_224_225_MAP8_112_321	A89_2C_224_225_MAP8	224|225	MAP8	166	native_A89_2C	269	NA
A89_2C_224_225_MAP8_112_321	A89_2C_224_225_MAP8	224|225	MAP8	167	native_A89_2C	270	NA
A89_2C_224_225_MAP8_112_321	A89_2C_224_225_MAP8	224|225	MAP8	168	native_A89_2C	271	NA
A89_2C_224_225_MAP8_112_321	A89_2C_224_225_MAP8	224|225	MAP8	169	native_A89_2C	272	NA
A89_2C_224_225_MAP8_112_321	A89_2C_224_225_MAP8	224|225	MAP8	170	native_A89_2C	273	NA
A89_2C_224_225_MAP8_112_321	A89_2C_224_225_MAP8	224|225	MAP8	171	native_A89_2C	274	NA
A89_2C_224_225_MAP8_112_321	A89_2C_224_225_MAP8	224|225	MAP8	172	native_A89_2C	275	NA
A89_2C_224_225_MAP8_112_321	A89_2C_224_225_MAP8	224|225	MAP8	173	native_A89_2C	276	NA
A89_2C_224_225_MAP8_112_321	A89_2C_224_225_MAP8	224|225	MAP8	174	native_A89_2C	277	NA
A89_2C_224_225_MAP8_112_321	A89_2C_224_225_MAP8	224|225	MAP8	175	native_A89_2C	278	NA
A89_2C_224_225_MAP8_112_321	A89_2C_224_225_MAP8	224|225	MAP8	176	native_A89_2C	279	NA
A89_2C_224_225_MAP8_112_321	A89_2C_224_225_MAP8	224|225	MAP8	177	native_A89_2C	280	NA
A89_2C_224_225_MAP8_112_321	A89_2C_224_225_MAP8	224|225	MAP8	178	native_A89_2C	281	NA
A89_2C_224_225_MAP8_112_321	A89_2C_224_225_MAP8	224|225	MAP8	179	native_A89_2C	282	NA
A89_2C_224_225_MAP8_112_321	A89_2C_224_225_MAP8	224|225	MAP8	180	native_A89_2C	283	NA
A89_2C_224_225_MAP8_112_321	A89_2C_224_225_MAP8	224|225	MAP8	181	native_A89_2C	284	NA
A89_2C_224_225_MAP8_112_321	A89_2C_224_225_MAP8	224|225	MAP8	182	native_A89_2C	285	NA
A89_2C_224_225_MAP8_112_321	A89_2C_224_225_MAP8	224|225	MAP8	183	native_A89_2C	286	NA
A89_2C_224_225_MAP8_112_321	A89_2C_224_225_MAP8	224|225	MAP8	184	native_A89_2C	287	NA
A89_2C_224_225_MAP8_112_321	A89_2C_224_225_MAP8	224|225	MAP8	185	native_A89_2C	288	NA
A89_2C_224_225_MAP8_112_321	A89_2C_224_225_MAP8	224|225	MAP8	186	native_A89_2C	289	NA
A89_2C_224_225_MAP8_112_321	A89_2C_224_225_MAP8	224|225	MAP8	187	native_A89_2C	290	NA
A89_2C_224_225_MAP8_112_321	A89_2C_224_225_MAP8	224|225	MAP8	188	native_A89_2C	291	NA
A89_2C_224_225_MAP8_112_321	A89_2C_224_225_MAP8	224|225	MAP8	189	native_A89_2C	292	NA
A89_2C_224_225_MAP8_112_321	A89_2C_224_225_MAP8	224|225	MAP8	190	native_A89_2C	293	NA
A89_2C_224_225_MAP8_112_321	A89_2C_224_225_MAP8	224|225	MAP8	191	native_A89_2C	294	NA
A89_2C_224_225_MAP8_112_321	A89_2C_224_225_MAP8	224|225	MAP8	192	native_A89_2C	295	NA
A89_2C_224_225_MAP8_112_321	A89_2C_224_225_MAP8	224|225	MAP8	193	native_A89_2C	296	NA
A89_2C_224_225_MAP8_112_321	A89_2C_224_225_MAP8	224|225	MAP8	194	native_A89_2C	297	NA
A89_2C_224_225_MAP8_112_321	A89_2C_224_225_MAP8	224|225	MAP8	195	native_A89_2C	298	NA
A89_2C_224_225_MAP8_112_321	A89_2C_224_225_MAP8	224|225	MAP8	196	native_A89_2C	299	NA
A89_2C_224_225_MAP8_112_321	A89_2C_224_225_MAP8	224|225	MAP8	197	native_A89_2C	300	NA
A89_2C_224_225_MAP8_112_321	A89_2C_224_225_MAP8	224|225	MAP8	198	native_A89_2C	301	NA
A89_2C_224_225_MAP8_112_321	A89_2C_224_225_MAP8	224|225	MAP8	199	native_A89_2C	302	NA
A89_2C_224_225_MAP8_112_321	A89_2C_224_225_MAP8	224|225	MAP8	200	native_A89_2C	303	NA
A89_2C_224_225_MAP8_112_321	A89_2C_224_225_MAP8	224|225	MAP8	201	native_A89_2C	304	NA
A89_2C_224_225_MAP8_112_321	A89_2C_224_225_MAP8	224|225	MAP8	202	native_A89_2C	305	NA
A89_2C_224_225_MAP8_112_321	A89_2C_224_225_MAP8	224|225	MAP8	203	native_A89_2C	306	NA
A89_2C_224_225_MAP8_112_321	A89_2C_224_225_MAP8	224|225	MAP8	204	native_A89_2C	307	NA
A89_2C_224_225_MAP8_112_321	A89_2C_224_225_MAP8	224|225	MAP8	205	native_A89_2C	308	NA
A89_2C_224_225_MAP8_112_321	A89_2C_224_225_MAP8	224|225	MAP8	206	native_A89_2C	309	NA
A89_2C_224_225_MAP8_112_321	A89_2C_224_225_MAP8	224|225	MAP8	207	native_A89_2C	310	NA
A89_2C_224_225_MAP8_112_321	A89_2C_224_225_MAP8	224|225	MAP8	208	native_A89_2C	311	NA
A89_2C_224_225_MAP8_112_321	A89_2C_224_225_MAP8	224|225	MAP8	209	native_A89_2C	312	NA
A89_2C_224_225_MAP8_112_321	A89_2C_224_225_MAP8	224|225	MAP8	210	native_A89_2C	313	NA
A89_2C_224_225_MAP8_112_321	A89_2C_224_225_MAP8	224|225	MAP8	211	native_A89_2C	314	NA
A89_2C_224_225_MAP8_112_321	A89_2C_224_225_MAP8	224|225	MAP8	212	native_A89_2C	315	NA
A89_2C_224_225_MAP8_112_321	A89_2C_224_225_MAP8	224|225	MAP8	213	native_A89_2C	316	NA
A89_2C_224_225_MAP8_112_321	A89_2C_224_225_MAP8	224|225	MAP8	214	native_A89_2C	317	NA
A89_2C_224_225_MAP8_112_321	A89_2C_224_225_MAP8	224|225	MAP8	215	native_A89_2C	318	NA
A89_2C_224_225_MAP8_112_321	A89_2C_224_225_MAP8	224|225	MAP8	216	native_A89_2C	319	NA
A89_2C_224_225_MAP8_112_321	A89_2C_224_225_MAP8	224|225	MAP8	217	native_A89_2C	320	NA
A89_2C_224_225_MAP8_112_321	A89_2C_224_225_MAP8	224|225	MAP8	218	native_A89_2C	321	NA
A89_2C_248_249_MAP8_112_321	A89_2C_248_249_MAP8	248|249	MAP8	1	native_A89_2C	112	NA
A89_2C_248_249_MAP8_112_321	A89_2C_248_249_MAP8	248|249	MAP8	2	native_A89_2C	113	NA
A89_2C_248_249_MAP8_112_321	A89_2C_248_249_MAP8	248|249	MAP8	3	native_A89_2C	114	NA
A89_2C_248_249_MAP8_112_321	A89_2C_248_249_MAP8	248|249	MAP8	4	native_A89_2C	115	NA
A89_2C_248_249_MAP8_112_321	A89_2C_248_249_MAP8	248|249	MAP8	5	native_A89_2C	116	NA
A89_2C_248_249_MAP8_112_321	A89_2C_248_249_MAP8	248|249	MAP8	6	native_A89_2C	117	NA
A89_2C_248_249_MAP8_112_321	A89_2C_248_249_MAP8	248|249	MAP8	7	native_A89_2C	118	NA
A89_2C_248_249_MAP8_112_321	A89_2C_248_249_MAP8	248|249	MAP8	8	native_A89_2C	119	NA
A89_2C_248_249_MAP8_112_321	A89_2C_248_249_MAP8	248|249	MAP8	9	native_A89_2C	120	NA
A89_2C_248_249_MAP8_112_321	A89_2C_248_249_MAP8	248|249	MAP8	10	native_A89_2C	121	NA
A89_2C_248_249_MAP8_112_321	A89_2C_248_249_MAP8	248|249	MAP8	11	native_A89_2C	122	NA
A89_2C_248_249_MAP8_112_321	A89_2C_248_249_MAP8	248|249	MAP8	12	native_A89_2C	123	NA
A89_2C_248_249_MAP8_112_321	A89_2C_248_249_MAP8	248|249	MAP8	13	native_A89_2C	124	NA
A89_2C_248_249_MAP8_112_321	A89_2C_248_249_MAP8	248|249	MAP8	14	native_A89_2C	125	NA
A89_2C_248_249_MAP8_112_321	A89_2C_248_249_MAP8	248|249	MAP8	15	native_A89_2C	126	NA
A89_2C_248_249_MAP8_112_321	A89_2C_248_249_MAP8	248|249	MAP8	16	native_A89_2C	127	NA
A89_2C_248_249_MAP8_112_321	A89_2C_248_249_MAP8	248|249	MAP8	17	native_A89_2C	128	NA
A89_2C_248_249_MAP8_112_321	A89_2C_248_249_MAP8	248|249	MAP8	18	native_A89_2C	129	NA
A89_2C_248_249_MAP8_112_321	A89_2C_248_249_MAP8	248|249	MAP8	19	native_A89_2C	130	NA
A89_2C_248_249_MAP8_112_321	A89_2C_248_249_MAP8	248|249	MAP8	20	native_A89_2C	131	NA
A89_2C_248_249_MAP8_112_321	A89_2C_248_249_MAP8	248|249	MAP8	21	native_A89_2C	132	NA
A89_2C_248_249_MAP8_112_321	A89_2C_248_249_MAP8	248|249	MAP8	22	native_A89_2C	133	NA
A89_2C_248_249_MAP8_112_321	A89_2C_248_249_MAP8	248|249	MAP8	23	native_A89_2C	134	NA
A89_2C_248_249_MAP8_112_321	A89_2C_248_249_MAP8	248|249	MAP8	24	native_A89_2C	135	NA
A89_2C_248_249_MAP8_112_321	A89_2C_248_249_MAP8	248|249	MAP8	25	native_A89_2C	136	NA
A89_2C_248_249_MAP8_112_321	A89_2C_248_249_MAP8	248|249	MAP8	26	native_A89_2C	137	NA
A89_2C_248_249_MAP8_112_321	A89_2C_248_249_MAP8	248|249	MAP8	27	native_A89_2C	138	NA
A89_2C_248_249_MAP8_112_321	A89_2C_248_249_MAP8	248|249	MAP8	28	native_A89_2C	139	NA
A89_2C_248_249_MAP8_112_321	A89_2C_248_249_MAP8	248|249	MAP8	29	native_A89_2C	140	NA
A89_2C_248_249_MAP8_112_321	A89_2C_248_249_MAP8	248|249	MAP8	30	native_A89_2C	141	NA
A89_2C_248_249_MAP8_112_321	A89_2C_248_249_MAP8	248|249	MAP8	31	native_A89_2C	142	NA
A89_2C_248_249_MAP8_112_321	A89_2C_248_249_MAP8	248|249	MAP8	32	native_A89_2C	143	NA
A89_2C_248_249_MAP8_112_321	A89_2C_248_249_MAP8	248|249	MAP8	33	native_A89_2C	144	NA
A89_2C_248_249_MAP8_112_321	A89_2C_248_249_MAP8	248|249	MAP8	34	native_A89_2C	145	NA
A89_2C_248_249_MAP8_112_321	A89_2C_248_249_MAP8	248|249	MAP8	35	native_A89_2C	146	NA
A89_2C_248_249_MAP8_112_321	A89_2C_248_249_MAP8	248|249	MAP8	36	native_A89_2C	147	NA
A89_2C_248_249_MAP8_112_321	A89_2C_248_249_MAP8	248|249	MAP8	37	native_A89_2C	148	NA
A89_2C_248_249_MAP8_112_321	A89_2C_248_249_MAP8	248|249	MAP8	38	native_A89_2C	149	NA
A89_2C_248_249_MAP8_112_321	A89_2C_248_249_MAP8	248|249	MAP8	39	native_A89_2C	150	NA
A89_2C_248_249_MAP8_112_321	A89_2C_248_249_MAP8	248|249	MAP8	40	native_A89_2C	151	NA
A89_2C_248_249_MAP8_112_321	A89_2C_248_249_MAP8	248|249	MAP8	41	native_A89_2C	152	NA
A89_2C_248_249_MAP8_112_321	A89_2C_248_249_MAP8	248|249	MAP8	42	native_A89_2C	153	NA
A89_2C_248_249_MAP8_112_321	A89_2C_248_249_MAP8	248|249	MAP8	43	native_A89_2C	154	NA
A89_2C_248_249_MAP8_112_321	A89_2C_248_249_MAP8	248|249	MAP8	44	native_A89_2C	155	NA
A89_2C_248_249_MAP8_112_321	A89_2C_248_249_MAP8	248|249	MAP8	45	native_A89_2C	156	NA
A89_2C_248_249_MAP8_112_321	A89_2C_248_249_MAP8	248|249	MAP8	46	native_A89_2C	157	NA
A89_2C_248_249_MAP8_112_321	A89_2C_248_249_MAP8	248|249	MAP8	47	native_A89_2C	158	NA
A89_2C_248_249_MAP8_112_321	A89_2C_248_249_MAP8	248|249	MAP8	48	native_A89_2C	159	NA
A89_2C_248_249_MAP8_112_321	A89_2C_248_249_MAP8	248|249	MAP8	49	native_A89_2C	160	NA
A89_2C_248_249_MAP8_112_321	A89_2C_248_249_MAP8	248|249	MAP8	50	native_A89_2C	161	NA
A89_2C_248_249_MAP8_112_321	A89_2C_248_249_MAP8	248|249	MAP8	51	native_A89_2C	162	NA
A89_2C_248_249_MAP8_112_321	A89_2C_248_249_MAP8	248|249	MAP8	52	native_A89_2C	163	NA
A89_2C_248_249_MAP8_112_321	A89_2C_248_249_MAP8	248|249	MAP8	53	native_A89_2C	164	NA
A89_2C_248_249_MAP8_112_321	A89_2C_248_249_MAP8	248|249	MAP8	54	native_A89_2C	165	NA
A89_2C_248_249_MAP8_112_321	A89_2C_248_249_MAP8	248|249	MAP8	55	native_A89_2C	166	NA
A89_2C_248_249_MAP8_112_321	A89_2C_248_249_MAP8	248|249	MAP8	56	native_A89_2C	167	NA
A89_2C_248_249_MAP8_112_321	A89_2C_248_249_MAP8	248|249	MAP8	57	native_A89_2C	168	NA
A89_2C_248_249_MAP8_112_321	A89_2C_248_249_MAP8	248|249	MAP8	58	native_A89_2C	169	NA
A89_2C_248_249_MAP8_112_321	A89_2C_248_249_MAP8	248|249	MAP8	59	native_A89_2C	170	NA
A89_2C_248_249_MAP8_112_321	A89_2C_248_249_MAP8	248|249	MAP8	60	native_A89_2C	171	NA
A89_2C_248_249_MAP8_112_321	A89_2C_248_249_MAP8	248|249	MAP8	61	native_A89_2C	172	NA
A89_2C_248_249_MAP8_112_321	A89_2C_248_249_MAP8	248|249	MAP8	62	native_A89_2C	173	NA
A89_2C_248_249_MAP8_112_321	A89_2C_248_249_MAP8	248|249	MAP8	63	native_A89_2C	174	NA
A89_2C_248_249_MAP8_112_321	A89_2C_248_249_MAP8	248|249	MAP8	64	native_A89_2C	175	NA
A89_2C_248_249_MAP8_112_321	A89_2C_248_249_MAP8	248|249	MAP8	65	native_A89_2C	176	NA
A89_2C_248_249_MAP8_112_321	A89_2C_248_249_MAP8	248|249	MAP8	66	native_A89_2C	177	NA
A89_2C_248_249_MAP8_112_321	A89_2C_248_249_MAP8	248|249	MAP8	67	native_A89_2C	178	NA
A89_2C_248_249_MAP8_112_321	A89_2C_248_249_MAP8	248|249	MAP8	68	native_A89_2C	179	NA
A89_2C_248_249_MAP8_112_321	A89_2C_248_249_MAP8	248|249	MAP8	69	native_A89_2C	180	NA
A89_2C_248_249_MAP8_112_321	A89_2C_248_249_MAP8	248|249	MAP8	70	native_A89_2C	181	NA
A89_2C_248_249_MAP8_112_321	A89_2C_248_249_MAP8	248|249	MAP8	71	native_A89_2C	182	NA
A89_2C_248_249_MAP8_112_321	A89_2C_248_249_MAP8	248|249	MAP8	72	native_A89_2C	183	NA
A89_2C_248_249_MAP8_112_321	A89_2C_248_249_MAP8	248|249	MAP8	73	native_A89_2C	184	NA
A89_2C_248_249_MAP8_112_321	A89_2C_248_249_MAP8	248|249	MAP8	74	native_A89_2C	185	NA
A89_2C_248_249_MAP8_112_321	A89_2C_248_249_MAP8	248|249	MAP8	75	native_A89_2C	186	NA
A89_2C_248_249_MAP8_112_321	A89_2C_248_249_MAP8	248|249	MAP8	76	native_A89_2C	187	NA
A89_2C_248_249_MAP8_112_321	A89_2C_248_249_MAP8	248|249	MAP8	77	native_A89_2C	188	NA
A89_2C_248_249_MAP8_112_321	A89_2C_248_249_MAP8	248|249	MAP8	78	native_A89_2C	189	NA
A89_2C_248_249_MAP8_112_321	A89_2C_248_249_MAP8	248|249	MAP8	79	native_A89_2C	190	NA
A89_2C_248_249_MAP8_112_321	A89_2C_248_249_MAP8	248|249	MAP8	80	native_A89_2C	191	NA
A89_2C_248_249_MAP8_112_321	A89_2C_248_249_MAP8	248|249	MAP8	81	native_A89_2C	192	NA
A89_2C_248_249_MAP8_112_321	A89_2C_248_249_MAP8	248|249	MAP8	82	native_A89_2C	193	NA
A89_2C_248_249_MAP8_112_321	A89_2C_248_249_MAP8	248|249	MAP8	83	native_A89_2C	194	NA
A89_2C_248_249_MAP8_112_321	A89_2C_248_249_MAP8	248|249	MAP8	84	native_A89_2C	195	NA
A89_2C_248_249_MAP8_112_321	A89_2C_248_249_MAP8	248|249	MAP8	85	native_A89_2C	196	NA
A89_2C_248_249_MAP8_112_321	A89_2C_248_249_MAP8	248|249	MAP8	86	native_A89_2C	197	NA
A89_2C_248_249_MAP8_112_321	A89_2C_248_249_MAP8	248|249	MAP8	87	native_A89_2C	198	NA
A89_2C_248_249_MAP8_112_321	A89_2C_248_249_MAP8	248|249	MAP8	88	native_A89_2C	199	NA
A89_2C_248_249_MAP8_112_321	A89_2C_248_249_MAP8	248|249	MAP8	89	native_A89_2C	200	NA
A89_2C_248_249_MAP8_112_321	A89_2C_248_249_MAP8	248|249	MAP8	90	native_A89_2C	201	NA
A89_2C_248_249_MAP8_112_321	A89_2C_248_249_MAP8	248|249	MAP8	91	native_A89_2C	202	NA
A89_2C_248_249_MAP8_112_321	A89_2C_248_249_MAP8	248|249	MAP8	92	native_A89_2C	203	NA
A89_2C_248_249_MAP8_112_321	A89_2C_248_249_MAP8	248|249	MAP8	93	native_A89_2C	204	NA
A89_2C_248_249_MAP8_112_321	A89_2C_248_249_MAP8	248|249	MAP8	94	native_A89_2C	205	NA
A89_2C_248_249_MAP8_112_321	A89_2C_248_249_MAP8	248|249	MAP8	95	native_A89_2C	206	NA
A89_2C_248_249_MAP8_112_321	A89_2C_248_249_MAP8	248|249	MAP8	96	native_A89_2C	207	NA
A89_2C_248_249_MAP8_112_321	A89_2C_248_249_MAP8	248|249	MAP8	97	native_A89_2C	208	NA
A89_2C_248_249_MAP8_112_321	A89_2C_248_249_MAP8	248|249	MAP8	98	native_A89_2C	209	NA
A89_2C_248_249_MAP8_112_321	A89_2C_248_249_MAP8	248|249	MAP8	99	native_A89_2C	210	NA
A89_2C_248_249_MAP8_112_321	A89_2C_248_249_MAP8	248|249	MAP8	100	native_A89_2C	211	NA
A89_2C_248_249_MAP8_112_321	A89_2C_248_249_MAP8	248|249	MAP8	101	native_A89_2C	212	NA
A89_2C_248_249_MAP8_112_321	A89_2C_248_249_MAP8	248|249	MAP8	102	native_A89_2C	213	NA
A89_2C_248_249_MAP8_112_321	A89_2C_248_249_MAP8	248|249	MAP8	103	native_A89_2C	214	NA
A89_2C_248_249_MAP8_112_321	A89_2C_248_249_MAP8	248|249	MAP8	104	native_A89_2C	215	NA
A89_2C_248_249_MAP8_112_321	A89_2C_248_249_MAP8	248|249	MAP8	105	native_A89_2C	216	NA
A89_2C_248_249_MAP8_112_321	A89_2C_248_249_MAP8	248|249	MAP8	106	native_A89_2C	217	NA
A89_2C_248_249_MAP8_112_321	A89_2C_248_249_MAP8	248|249	MAP8	107	native_A89_2C	218	NA
A89_2C_248_249_MAP8_112_321	A89_2C_248_249_MAP8	248|249	MAP8	108	native_A89_2C	219	NA
A89_2C_248_249_MAP8_112_321	A89_2C_248_249_MAP8	248|249	MAP8	109	native_A89_2C	220	NA
A89_2C_248_249_MAP8_112_321	A89_2C_248_249_MAP8	248|249	MAP8	110	native_A89_2C	221	NA
A89_2C_248_249_MAP8_112_321	A89_2C_248_249_MAP8	248|249	MAP8	111	native_A89_2C	222	NA
A89_2C_248_249_MAP8_112_321	A89_2C_248_249_MAP8	248|249	MAP8	112	native_A89_2C	223	NA
A89_2C_248_249_MAP8_112_321	A89_2C_248_249_MAP8	248|249	MAP8	113	native_A89_2C	224	NA
A89_2C_248_249_MAP8_112_321	A89_2C_248_249_MAP8	248|249	MAP8	114	native_A89_2C	225	NA
A89_2C_248_249_MAP8_112_321	A89_2C_248_249_MAP8	248|249	MAP8	115	native_A89_2C	226	NA
A89_2C_248_249_MAP8_112_321	A89_2C_248_249_MAP8	248|249	MAP8	116	native_A89_2C	227	NA
A89_2C_248_249_MAP8_112_321	A89_2C_248_249_MAP8	248|249	MAP8	117	native_A89_2C	228	NA
A89_2C_248_249_MAP8_112_321	A89_2C_248_249_MAP8	248|249	MAP8	118	native_A89_2C	229	NA
A89_2C_248_249_MAP8_112_321	A89_2C_248_249_MAP8	248|249	MAP8	119	native_A89_2C	230	NA
A89_2C_248_249_MAP8_112_321	A89_2C_248_249_MAP8	248|249	MAP8	120	native_A89_2C	231	NA
A89_2C_248_249_MAP8_112_321	A89_2C_248_249_MAP8	248|249	MAP8	121	native_A89_2C	232	NA
A89_2C_248_249_MAP8_112_321	A89_2C_248_249_MAP8	248|249	MAP8	122	native_A89_2C	233	NA
A89_2C_248_249_MAP8_112_321	A89_2C_248_249_MAP8	248|249	MAP8	123	native_A89_2C	234	NA
A89_2C_248_249_MAP8_112_321	A89_2C_248_249_MAP8	248|249	MAP8	124	native_A89_2C	235	NA
A89_2C_248_249_MAP8_112_321	A89_2C_248_249_MAP8	248|249	MAP8	125	native_A89_2C	236	NA
A89_2C_248_249_MAP8_112_321	A89_2C_248_249_MAP8	248|249	MAP8	126	native_A89_2C	237	NA
A89_2C_248_249_MAP8_112_321	A89_2C_248_249_MAP8	248|249	MAP8	127	native_A89_2C	238	NA
A89_2C_248_249_MAP8_112_321	A89_2C_248_249_MAP8	248|249	MAP8	128	native_A89_2C	239	NA
A89_2C_248_249_MAP8_112_321	A89_2C_248_249_MAP8	248|249	MAP8	129	native_A89_2C	240	NA
A89_2C_248_249_MAP8_112_321	A89_2C_248_249_MAP8	248|249	MAP8	130	native_A89_2C	241	NA
A89_2C_248_249_MAP8_112_321	A89_2C_248_249_MAP8	248|249	MAP8	131	native_A89_2C	242	NA
A89_2C_248_249_MAP8_112_321	A89_2C_248_249_MAP8	248|249	MAP8	132	native_A89_2C	243	NA
A89_2C_248_249_MAP8_112_321	A89_2C_248_249_MAP8	248|249	MAP8	133	native_A89_2C	244	NA
A89_2C_248_249_MAP8_112_321	A89_2C_248_249_MAP8	248|249	MAP8	134	native_A89_2C	245	NA
A89_2C_248_249_MAP8_112_321	A89_2C_248_249_MAP8	248|249	MAP8	135	native_A89_2C	246	NA
A89_2C_248_249_MAP8_112_321	A89_2C_248_249_MAP8	248|249	MAP8	136	native_A89_2C	247	NA
A89_2C_248_249_MAP8_112_321	A89_2C_248_249_MAP8	248|249	MAP8	137	native_A89_2C	248	NA
A89_2C_248_249_MAP8_112_321	A89_2C_248_249_MAP8	248|249	MAP8	138	inserted_tag	NA	1
A89_2C_248_249_MAP8_112_321	A89_2C_248_249_MAP8	248|249	MAP8	139	inserted_tag	NA	2
A89_2C_248_249_MAP8_112_321	A89_2C_248_249_MAP8	248|249	MAP8	140	inserted_tag	NA	3
A89_2C_248_249_MAP8_112_321	A89_2C_248_249_MAP8	248|249	MAP8	141	inserted_tag	NA	4
A89_2C_248_249_MAP8_112_321	A89_2C_248_249_MAP8	248|249	MAP8	142	inserted_tag	NA	5
A89_2C_248_249_MAP8_112_321	A89_2C_248_249_MAP8	248|249	MAP8	143	inserted_tag	NA	6
A89_2C_248_249_MAP8_112_321	A89_2C_248_249_MAP8	248|249	MAP8	144	inserted_tag	NA	7
A89_2C_248_249_MAP8_112_321	A89_2C_248_249_MAP8	248|249	MAP8	145	inserted_tag	NA	8
A89_2C_248_249_MAP8_112_321	A89_2C_248_249_MAP8	248|249	MAP8	146	native_A89_2C	249	NA
A89_2C_248_249_MAP8_112_321	A89_2C_248_249_MAP8	248|249	MAP8	147	native_A89_2C	250	NA
A89_2C_248_249_MAP8_112_321	A89_2C_248_249_MAP8	248|249	MAP8	148	native_A89_2C	251	NA
A89_2C_248_249_MAP8_112_321	A89_2C_248_249_MAP8	248|249	MAP8	149	native_A89_2C	252	NA
A89_2C_248_249_MAP8_112_321	A89_2C_248_249_MAP8	248|249	MAP8	150	native_A89_2C	253	NA
A89_2C_248_249_MAP8_112_321	A89_2C_248_249_MAP8	248|249	MAP8	151	native_A89_2C	254	NA
A89_2C_248_249_MAP8_112_321	A89_2C_248_249_MAP8	248|249	MAP8	152	native_A89_2C	255	NA
A89_2C_248_249_MAP8_112_321	A89_2C_248_249_MAP8	248|249	MAP8	153	native_A89_2C	256	NA
A89_2C_248_249_MAP8_112_321	A89_2C_248_249_MAP8	248|249	MAP8	154	native_A89_2C	257	NA
A89_2C_248_249_MAP8_112_321	A89_2C_248_249_MAP8	248|249	MAP8	155	native_A89_2C	258	NA
A89_2C_248_249_MAP8_112_321	A89_2C_248_249_MAP8	248|249	MAP8	156	native_A89_2C	259	NA
A89_2C_248_249_MAP8_112_321	A89_2C_248_249_MAP8	248|249	MAP8	157	native_A89_2C	260	NA
A89_2C_248_249_MAP8_112_321	A89_2C_248_249_MAP8	248|249	MAP8	158	native_A89_2C	261	NA
A89_2C_248_249_MAP8_112_321	A89_2C_248_249_MAP8	248|249	MAP8	159	native_A89_2C	262	NA
A89_2C_248_249_MAP8_112_321	A89_2C_248_249_MAP8	248|249	MAP8	160	native_A89_2C	263	NA
A89_2C_248_249_MAP8_112_321	A89_2C_248_249_MAP8	248|249	MAP8	161	native_A89_2C	264	NA
A89_2C_248_249_MAP8_112_321	A89_2C_248_249_MAP8	248|249	MAP8	162	native_A89_2C	265	NA
A89_2C_248_249_MAP8_112_321	A89_2C_248_249_MAP8	248|249	MAP8	163	native_A89_2C	266	NA
A89_2C_248_249_MAP8_112_321	A89_2C_248_249_MAP8	248|249	MAP8	164	native_A89_2C	267	NA
A89_2C_248_249_MAP8_112_321	A89_2C_248_249_MAP8	248|249	MAP8	165	native_A89_2C	268	NA
A89_2C_248_249_MAP8_112_321	A89_2C_248_249_MAP8	248|249	MAP8	166	native_A89_2C	269	NA
A89_2C_248_249_MAP8_112_321	A89_2C_248_249_MAP8	248|249	MAP8	167	native_A89_2C	270	NA
A89_2C_248_249_MAP8_112_321	A89_2C_248_249_MAP8	248|249	MAP8	168	native_A89_2C	271	NA
A89_2C_248_249_MAP8_112_321	A89_2C_248_249_MAP8	248|249	MAP8	169	native_A89_2C	272	NA
A89_2C_248_249_MAP8_112_321	A89_2C_248_249_MAP8	248|249	MAP8	170	native_A89_2C	273	NA
A89_2C_248_249_MAP8_112_321	A89_2C_248_249_MAP8	248|249	MAP8	171	native_A89_2C	274	NA
A89_2C_248_249_MAP8_112_321	A89_2C_248_249_MAP8	248|249	MAP8	172	native_A89_2C	275	NA
A89_2C_248_249_MAP8_112_321	A89_2C_248_249_MAP8	248|249	MAP8	173	native_A89_2C	276	NA
A89_2C_248_249_MAP8_112_321	A89_2C_248_249_MAP8	248|249	MAP8	174	native_A89_2C	277	NA
A89_2C_248_249_MAP8_112_321	A89_2C_248_249_MAP8	248|249	MAP8	175	native_A89_2C	278	NA
A89_2C_248_249_MAP8_112_321	A89_2C_248_249_MAP8	248|249	MAP8	176	native_A89_2C	279	NA
A89_2C_248_249_MAP8_112_321	A89_2C_248_249_MAP8	248|249	MAP8	177	native_A89_2C	280	NA
A89_2C_248_249_MAP8_112_321	A89_2C_248_249_MAP8	248|249	MAP8	178	native_A89_2C	281	NA
A89_2C_248_249_MAP8_112_321	A89_2C_248_249_MAP8	248|249	MAP8	179	native_A89_2C	282	NA
A89_2C_248_249_MAP8_112_321	A89_2C_248_249_MAP8	248|249	MAP8	180	native_A89_2C	283	NA
A89_2C_248_249_MAP8_112_321	A89_2C_248_249_MAP8	248|249	MAP8	181	native_A89_2C	284	NA
A89_2C_248_249_MAP8_112_321	A89_2C_248_249_MAP8	248|249	MAP8	182	native_A89_2C	285	NA
A89_2C_248_249_MAP8_112_321	A89_2C_248_249_MAP8	248|249	MAP8	183	native_A89_2C	286	NA
A89_2C_248_249_MAP8_112_321	A89_2C_248_249_MAP8	248|249	MAP8	184	native_A89_2C	287	NA
A89_2C_248_249_MAP8_112_321	A89_2C_248_249_MAP8	248|249	MAP8	185	native_A89_2C	288	NA
A89_2C_248_249_MAP8_112_321	A89_2C_248_249_MAP8	248|249	MAP8	186	native_A89_2C	289	NA
A89_2C_248_249_MAP8_112_321	A89_2C_248_249_MAP8	248|249	MAP8	187	native_A89_2C	290	NA
A89_2C_248_249_MAP8_112_321	A89_2C_248_249_MAP8	248|249	MAP8	188	native_A89_2C	291	NA
A89_2C_248_249_MAP8_112_321	A89_2C_248_249_MAP8	248|249	MAP8	189	native_A89_2C	292	NA
A89_2C_248_249_MAP8_112_321	A89_2C_248_249_MAP8	248|249	MAP8	190	native_A89_2C	293	NA
A89_2C_248_249_MAP8_112_321	A89_2C_248_249_MAP8	248|249	MAP8	191	native_A89_2C	294	NA
A89_2C_248_249_MAP8_112_321	A89_2C_248_249_MAP8	248|249	MAP8	192	native_A89_2C	295	NA
A89_2C_248_249_MAP8_112_321	A89_2C_248_249_MAP8	248|249	MAP8	193	native_A89_2C	296	NA
A89_2C_248_249_MAP8_112_321	A89_2C_248_249_MAP8	248|249	MAP8	194	native_A89_2C	297	NA
A89_2C_248_249_MAP8_112_321	A89_2C_248_249_MAP8	248|249	MAP8	195	native_A89_2C	298	NA
A89_2C_248_249_MAP8_112_321	A89_2C_248_249_MAP8	248|249	MAP8	196	native_A89_2C	299	NA
A89_2C_248_249_MAP8_112_321	A89_2C_248_249_MAP8	248|249	MAP8	197	native_A89_2C	300	NA
A89_2C_248_249_MAP8_112_321	A89_2C_248_249_MAP8	248|249	MAP8	198	native_A89_2C	301	NA
A89_2C_248_249_MAP8_112_321	A89_2C_248_249_MAP8	248|249	MAP8	199	native_A89_2C	302	NA
A89_2C_248_249_MAP8_112_321	A89_2C_248_249_MAP8	248|249	MAP8	200	native_A89_2C	303	NA
A89_2C_248_249_MAP8_112_321	A89_2C_248_249_MAP8	248|249	MAP8	201	native_A89_2C	304	NA
A89_2C_248_249_MAP8_112_321	A89_2C_248_249_MAP8	248|249	MAP8	202	native_A89_2C	305	NA
A89_2C_248_249_MAP8_112_321	A89_2C_248_249_MAP8	248|249	MAP8	203	native_A89_2C	306	NA
A89_2C_248_249_MAP8_112_321	A89_2C_248_249_MAP8	248|249	MAP8	204	native_A89_2C	307	NA
A89_2C_248_249_MAP8_112_321	A89_2C_248_249_MAP8	248|249	MAP8	205	native_A89_2C	308	NA
A89_2C_248_249_MAP8_112_321	A89_2C_248_249_MAP8	248|249	MAP8	206	native_A89_2C	309	NA
A89_2C_248_249_MAP8_112_321	A89_2C_248_249_MAP8	248|249	MAP8	207	native_A89_2C	310	NA
A89_2C_248_249_MAP8_112_321	A89_2C_248_249_MAP8	248|249	MAP8	208	native_A89_2C	311	NA
A89_2C_248_249_MAP8_112_321	A89_2C_248_249_MAP8	248|249	MAP8	209	native_A89_2C	312	NA
A89_2C_248_249_MAP8_112_321	A89_2C_248_249_MAP8	248|249	MAP8	210	native_A89_2C	313	NA
A89_2C_248_249_MAP8_112_321	A89_2C_248_249_MAP8	248|249	MAP8	211	native_A89_2C	314	NA
A89_2C_248_249_MAP8_112_321	A89_2C_248_249_MAP8	248|249	MAP8	212	native_A89_2C	315	NA
A89_2C_248_249_MAP8_112_321	A89_2C_248_249_MAP8	248|249	MAP8	213	native_A89_2C	316	NA
A89_2C_248_249_MAP8_112_321	A89_2C_248_249_MAP8	248|249	MAP8	214	native_A89_2C	317	NA
A89_2C_248_249_MAP8_112_321	A89_2C_248_249_MAP8	248|249	MAP8	215	native_A89_2C	318	NA
A89_2C_248_249_MAP8_112_321	A89_2C_248_249_MAP8	248|249	MAP8	216	native_A89_2C	319	NA
A89_2C_248_249_MAP8_112_321	A89_2C_248_249_MAP8	248|249	MAP8	217	native_A89_2C	320	NA
A89_2C_248_249_MAP8_112_321	A89_2C_248_249_MAP8	248|249	MAP8	218	native_A89_2C	321	NA
A89_2C_248_249_HA_112_321	A89_2C_248_249_HA	248|249	HA	1	native_A89_2C	112	NA
A89_2C_248_249_HA_112_321	A89_2C_248_249_HA	248|249	HA	2	native_A89_2C	113	NA
A89_2C_248_249_HA_112_321	A89_2C_248_249_HA	248|249	HA	3	native_A89_2C	114	NA
A89_2C_248_249_HA_112_321	A89_2C_248_249_HA	248|249	HA	4	native_A89_2C	115	NA
A89_2C_248_249_HA_112_321	A89_2C_248_249_HA	248|249	HA	5	native_A89_2C	116	NA
A89_2C_248_249_HA_112_321	A89_2C_248_249_HA	248|249	HA	6	native_A89_2C	117	NA
A89_2C_248_249_HA_112_321	A89_2C_248_249_HA	248|249	HA	7	native_A89_2C	118	NA
A89_2C_248_249_HA_112_321	A89_2C_248_249_HA	248|249	HA	8	native_A89_2C	119	NA
A89_2C_248_249_HA_112_321	A89_2C_248_249_HA	248|249	HA	9	native_A89_2C	120	NA
A89_2C_248_249_HA_112_321	A89_2C_248_249_HA	248|249	HA	10	native_A89_2C	121	NA
A89_2C_248_249_HA_112_321	A89_2C_248_249_HA	248|249	HA	11	native_A89_2C	122	NA
A89_2C_248_249_HA_112_321	A89_2C_248_249_HA	248|249	HA	12	native_A89_2C	123	NA
A89_2C_248_249_HA_112_321	A89_2C_248_249_HA	248|249	HA	13	native_A89_2C	124	NA
A89_2C_248_249_HA_112_321	A89_2C_248_249_HA	248|249	HA	14	native_A89_2C	125	NA
A89_2C_248_249_HA_112_321	A89_2C_248_249_HA	248|249	HA	15	native_A89_2C	126	NA
A89_2C_248_249_HA_112_321	A89_2C_248_249_HA	248|249	HA	16	native_A89_2C	127	NA
A89_2C_248_249_HA_112_321	A89_2C_248_249_HA	248|249	HA	17	native_A89_2C	128	NA
A89_2C_248_249_HA_112_321	A89_2C_248_249_HA	248|249	HA	18	native_A89_2C	129	NA
A89_2C_248_249_HA_112_321	A89_2C_248_249_HA	248|249	HA	19	native_A89_2C	130	NA
A89_2C_248_249_HA_112_321	A89_2C_248_249_HA	248|249	HA	20	native_A89_2C	131	NA
A89_2C_248_249_HA_112_321	A89_2C_248_249_HA	248|249	HA	21	native_A89_2C	132	NA
A89_2C_248_249_HA_112_321	A89_2C_248_249_HA	248|249	HA	22	native_A89_2C	133	NA
A89_2C_248_249_HA_112_321	A89_2C_248_249_HA	248|249	HA	23	native_A89_2C	134	NA
A89_2C_248_249_HA_112_321	A89_2C_248_249_HA	248|249	HA	24	native_A89_2C	135	NA
A89_2C_248_249_HA_112_321	A89_2C_248_249_HA	248|249	HA	25	native_A89_2C	136	NA
A89_2C_248_249_HA_112_321	A89_2C_248_249_HA	248|249	HA	26	native_A89_2C	137	NA
A89_2C_248_249_HA_112_321	A89_2C_248_249_HA	248|249	HA	27	native_A89_2C	138	NA
A89_2C_248_249_HA_112_321	A89_2C_248_249_HA	248|249	HA	28	native_A89_2C	139	NA
A89_2C_248_249_HA_112_321	A89_2C_248_249_HA	248|249	HA	29	native_A89_2C	140	NA
A89_2C_248_249_HA_112_321	A89_2C_248_249_HA	248|249	HA	30	native_A89_2C	141	NA
A89_2C_248_249_HA_112_321	A89_2C_248_249_HA	248|249	HA	31	native_A89_2C	142	NA
A89_2C_248_249_HA_112_321	A89_2C_248_249_HA	248|249	HA	32	native_A89_2C	143	NA
A89_2C_248_249_HA_112_321	A89_2C_248_249_HA	248|249	HA	33	native_A89_2C	144	NA
A89_2C_248_249_HA_112_321	A89_2C_248_249_HA	248|249	HA	34	native_A89_2C	145	NA
A89_2C_248_249_HA_112_321	A89_2C_248_249_HA	248|249	HA	35	native_A89_2C	146	NA
A89_2C_248_249_HA_112_321	A89_2C_248_249_HA	248|249	HA	36	native_A89_2C	147	NA
A89_2C_248_249_HA_112_321	A89_2C_248_249_HA	248|249	HA	37	native_A89_2C	148	NA
A89_2C_248_249_HA_112_321	A89_2C_248_249_HA	248|249	HA	38	native_A89_2C	149	NA
A89_2C_248_249_HA_112_321	A89_2C_248_249_HA	248|249	HA	39	native_A89_2C	150	NA
A89_2C_248_249_HA_112_321	A89_2C_248_249_HA	248|249	HA	40	native_A89_2C	151	NA
A89_2C_248_249_HA_112_321	A89_2C_248_249_HA	248|249	HA	41	native_A89_2C	152	NA
A89_2C_248_249_HA_112_321	A89_2C_248_249_HA	248|249	HA	42	native_A89_2C	153	NA
A89_2C_248_249_HA_112_321	A89_2C_248_249_HA	248|249	HA	43	native_A89_2C	154	NA
A89_2C_248_249_HA_112_321	A89_2C_248_249_HA	248|249	HA	44	native_A89_2C	155	NA
A89_2C_248_249_HA_112_321	A89_2C_248_249_HA	248|249	HA	45	native_A89_2C	156	NA
A89_2C_248_249_HA_112_321	A89_2C_248_249_HA	248|249	HA	46	native_A89_2C	157	NA
A89_2C_248_249_HA_112_321	A89_2C_248_249_HA	248|249	HA	47	native_A89_2C	158	NA
A89_2C_248_249_HA_112_321	A89_2C_248_249_HA	248|249	HA	48	native_A89_2C	159	NA
A89_2C_248_249_HA_112_321	A89_2C_248_249_HA	248|249	HA	49	native_A89_2C	160	NA
A89_2C_248_249_HA_112_321	A89_2C_248_249_HA	248|249	HA	50	native_A89_2C	161	NA
A89_2C_248_249_HA_112_321	A89_2C_248_249_HA	248|249	HA	51	native_A89_2C	162	NA
A89_2C_248_249_HA_112_321	A89_2C_248_249_HA	248|249	HA	52	native_A89_2C	163	NA
A89_2C_248_249_HA_112_321	A89_2C_248_249_HA	248|249	HA	53	native_A89_2C	164	NA
A89_2C_248_249_HA_112_321	A89_2C_248_249_HA	248|249	HA	54	native_A89_2C	165	NA
A89_2C_248_249_HA_112_321	A89_2C_248_249_HA	248|249	HA	55	native_A89_2C	166	NA
A89_2C_248_249_HA_112_321	A89_2C_248_249_HA	248|249	HA	56	native_A89_2C	167	NA
A89_2C_248_249_HA_112_321	A89_2C_248_249_HA	248|249	HA	57	native_A89_2C	168	NA
A89_2C_248_249_HA_112_321	A89_2C_248_249_HA	248|249	HA	58	native_A89_2C	169	NA
A89_2C_248_249_HA_112_321	A89_2C_248_249_HA	248|249	HA	59	native_A89_2C	170	NA
A89_2C_248_249_HA_112_321	A89_2C_248_249_HA	248|249	HA	60	native_A89_2C	171	NA
A89_2C_248_249_HA_112_321	A89_2C_248_249_HA	248|249	HA	61	native_A89_2C	172	NA
A89_2C_248_249_HA_112_321	A89_2C_248_249_HA	248|249	HA	62	native_A89_2C	173	NA
A89_2C_248_249_HA_112_321	A89_2C_248_249_HA	248|249	HA	63	native_A89_2C	174	NA
A89_2C_248_249_HA_112_321	A89_2C_248_249_HA	248|249	HA	64	native_A89_2C	175	NA
A89_2C_248_249_HA_112_321	A89_2C_248_249_HA	248|249	HA	65	native_A89_2C	176	NA
A89_2C_248_249_HA_112_321	A89_2C_248_249_HA	248|249	HA	66	native_A89_2C	177	NA
A89_2C_248_249_HA_112_321	A89_2C_248_249_HA	248|249	HA	67	native_A89_2C	178	NA
A89_2C_248_249_HA_112_321	A89_2C_248_249_HA	248|249	HA	68	native_A89_2C	179	NA
A89_2C_248_249_HA_112_321	A89_2C_248_249_HA	248|249	HA	69	native_A89_2C	180	NA
A89_2C_248_249_HA_112_321	A89_2C_248_249_HA	248|249	HA	70	native_A89_2C	181	NA
A89_2C_248_249_HA_112_321	A89_2C_248_249_HA	248|249	HA	71	native_A89_2C	182	NA
A89_2C_248_249_HA_112_321	A89_2C_248_249_HA	248|249	HA	72	native_A89_2C	183	NA
A89_2C_248_249_HA_112_321	A89_2C_248_249_HA	248|249	HA	73	native_A89_2C	184	NA
A89_2C_248_249_HA_112_321	A89_2C_248_249_HA	248|249	HA	74	native_A89_2C	185	NA
A89_2C_248_249_HA_112_321	A89_2C_248_249_HA	248|249	HA	75	native_A89_2C	186	NA
A89_2C_248_249_HA_112_321	A89_2C_248_249_HA	248|249	HA	76	native_A89_2C	187	NA
A89_2C_248_249_HA_112_321	A89_2C_248_249_HA	248|249	HA	77	native_A89_2C	188	NA
A89_2C_248_249_HA_112_321	A89_2C_248_249_HA	248|249	HA	78	native_A89_2C	189	NA
A89_2C_248_249_HA_112_321	A89_2C_248_249_HA	248|249	HA	79	native_A89_2C	190	NA
A89_2C_248_249_HA_112_321	A89_2C_248_249_HA	248|249	HA	80	native_A89_2C	191	NA
A89_2C_248_249_HA_112_321	A89_2C_248_249_HA	248|249	HA	81	native_A89_2C	192	NA
A89_2C_248_249_HA_112_321	A89_2C_248_249_HA	248|249	HA	82	native_A89_2C	193	NA
A89_2C_248_249_HA_112_321	A89_2C_248_249_HA	248|249	HA	83	native_A89_2C	194	NA
A89_2C_248_249_HA_112_321	A89_2C_248_249_HA	248|249	HA	84	native_A89_2C	195	NA
A89_2C_248_249_HA_112_321	A89_2C_248_249_HA	248|249	HA	85	native_A89_2C	196	NA
A89_2C_248_249_HA_112_321	A89_2C_248_249_HA	248|249	HA	86	native_A89_2C	197	NA
A89_2C_248_249_HA_112_321	A89_2C_248_249_HA	248|249	HA	87	native_A89_2C	198	NA
A89_2C_248_249_HA_112_321	A89_2C_248_249_HA	248|249	HA	88	native_A89_2C	199	NA
A89_2C_248_249_HA_112_321	A89_2C_248_249_HA	248|249	HA	89	native_A89_2C	200	NA
A89_2C_248_249_HA_112_321	A89_2C_248_249_HA	248|249	HA	90	native_A89_2C	201	NA
A89_2C_248_249_HA_112_321	A89_2C_248_249_HA	248|249	HA	91	native_A89_2C	202	NA
A89_2C_248_249_HA_112_321	A89_2C_248_249_HA	248|249	HA	92	native_A89_2C	203	NA
A89_2C_248_249_HA_112_321	A89_2C_248_249_HA	248|249	HA	93	native_A89_2C	204	NA
A89_2C_248_249_HA_112_321	A89_2C_248_249_HA	248|249	HA	94	native_A89_2C	205	NA
A89_2C_248_249_HA_112_321	A89_2C_248_249_HA	248|249	HA	95	native_A89_2C	206	NA
A89_2C_248_249_HA_112_321	A89_2C_248_249_HA	248|249	HA	96	native_A89_2C	207	NA
A89_2C_248_249_HA_112_321	A89_2C_248_249_HA	248|249	HA	97	native_A89_2C	208	NA
A89_2C_248_249_HA_112_321	A89_2C_248_249_HA	248|249	HA	98	native_A89_2C	209	NA
A89_2C_248_249_HA_112_321	A89_2C_248_249_HA	248|249	HA	99	native_A89_2C	210	NA
A89_2C_248_249_HA_112_321	A89_2C_248_249_HA	248|249	HA	100	native_A89_2C	211	NA
A89_2C_248_249_HA_112_321	A89_2C_248_249_HA	248|249	HA	101	native_A89_2C	212	NA
A89_2C_248_249_HA_112_321	A89_2C_248_249_HA	248|249	HA	102	native_A89_2C	213	NA
A89_2C_248_249_HA_112_321	A89_2C_248_249_HA	248|249	HA	103	native_A89_2C	214	NA
A89_2C_248_249_HA_112_321	A89_2C_248_249_HA	248|249	HA	104	native_A89_2C	215	NA
A89_2C_248_249_HA_112_321	A89_2C_248_249_HA	248|249	HA	105	native_A89_2C	216	NA
A89_2C_248_249_HA_112_321	A89_2C_248_249_HA	248|249	HA	106	native_A89_2C	217	NA
A89_2C_248_249_HA_112_321	A89_2C_248_249_HA	248|249	HA	107	native_A89_2C	218	NA
A89_2C_248_249_HA_112_321	A89_2C_248_249_HA	248|249	HA	108	native_A89_2C	219	NA
A89_2C_248_249_HA_112_321	A89_2C_248_249_HA	248|249	HA	109	native_A89_2C	220	NA
A89_2C_248_249_HA_112_321	A89_2C_248_249_HA	248|249	HA	110	native_A89_2C	221	NA
A89_2C_248_249_HA_112_321	A89_2C_248_249_HA	248|249	HA	111	native_A89_2C	222	NA
A89_2C_248_249_HA_112_321	A89_2C_248_249_HA	248|249	HA	112	native_A89_2C	223	NA
A89_2C_248_249_HA_112_321	A89_2C_248_249_HA	248|249	HA	113	native_A89_2C	224	NA
A89_2C_248_249_HA_112_321	A89_2C_248_249_HA	248|249	HA	114	native_A89_2C	225	NA
A89_2C_248_249_HA_112_321	A89_2C_248_249_HA	248|249	HA	115	native_A89_2C	226	NA
A89_2C_248_249_HA_112_321	A89_2C_248_249_HA	248|249	HA	116	native_A89_2C	227	NA
A89_2C_248_249_HA_112_321	A89_2C_248_249_HA	248|249	HA	117	native_A89_2C	228	NA
A89_2C_248_249_HA_112_321	A89_2C_248_249_HA	248|249	HA	118	native_A89_2C	229	NA
A89_2C_248_249_HA_112_321	A89_2C_248_249_HA	248|249	HA	119	native_A89_2C	230	NA
A89_2C_248_249_HA_112_321	A89_2C_248_249_HA	248|249	HA	120	native_A89_2C	231	NA
A89_2C_248_249_HA_112_321	A89_2C_248_249_HA	248|249	HA	121	native_A89_2C	232	NA
A89_2C_248_249_HA_112_321	A89_2C_248_249_HA	248|249	HA	122	native_A89_2C	233	NA
A89_2C_248_249_HA_112_321	A89_2C_248_249_HA	248|249	HA	123	native_A89_2C	234	NA
A89_2C_248_249_HA_112_321	A89_2C_248_249_HA	248|249	HA	124	native_A89_2C	235	NA
A89_2C_248_249_HA_112_321	A89_2C_248_249_HA	248|249	HA	125	native_A89_2C	236	NA
A89_2C_248_249_HA_112_321	A89_2C_248_249_HA	248|249	HA	126	native_A89_2C	237	NA
A89_2C_248_249_HA_112_321	A89_2C_248_249_HA	248|249	HA	127	native_A89_2C	238	NA
A89_2C_248_249_HA_112_321	A89_2C_248_249_HA	248|249	HA	128	native_A89_2C	239	NA
A89_2C_248_249_HA_112_321	A89_2C_248_249_HA	248|249	HA	129	native_A89_2C	240	NA
A89_2C_248_249_HA_112_321	A89_2C_248_249_HA	248|249	HA	130	native_A89_2C	241	NA
A89_2C_248_249_HA_112_321	A89_2C_248_249_HA	248|249	HA	131	native_A89_2C	242	NA
A89_2C_248_249_HA_112_321	A89_2C_248_249_HA	248|249	HA	132	native_A89_2C	243	NA
A89_2C_248_249_HA_112_321	A89_2C_248_249_HA	248|249	HA	133	native_A89_2C	244	NA
A89_2C_248_249_HA_112_321	A89_2C_248_249_HA	248|249	HA	134	native_A89_2C	245	NA
A89_2C_248_249_HA_112_321	A89_2C_248_249_HA	248|249	HA	135	native_A89_2C	246	NA
A89_2C_248_249_HA_112_321	A89_2C_248_249_HA	248|249	HA	136	native_A89_2C	247	NA
A89_2C_248_249_HA_112_321	A89_2C_248_249_HA	248|249	HA	137	native_A89_2C	248	NA
A89_2C_248_249_HA_112_321	A89_2C_248_249_HA	248|249	HA	138	inserted_tag	NA	1
A89_2C_248_249_HA_112_321	A89_2C_248_249_HA	248|249	HA	139	inserted_tag	NA	2
A89_2C_248_249_HA_112_321	A89_2C_248_249_HA	248|249	HA	140	inserted_tag	NA	3
A89_2C_248_249_HA_112_321	A89_2C_248_249_HA	248|249	HA	141	inserted_tag	NA	4
A89_2C_248_249_HA_112_321	A89_2C_248_249_HA	248|249	HA	142	inserted_tag	NA	5
A89_2C_248_249_HA_112_321	A89_2C_248_249_HA	248|249	HA	143	inserted_tag	NA	6
A89_2C_248_249_HA_112_321	A89_2C_248_249_HA	248|249	HA	144	inserted_tag	NA	7
A89_2C_248_249_HA_112_321	A89_2C_248_249_HA	248|249	HA	145	inserted_tag	NA	8
A89_2C_248_249_HA_112_321	A89_2C_248_249_HA	248|249	HA	146	inserted_tag	NA	9
A89_2C_248_249_HA_112_321	A89_2C_248_249_HA	248|249	HA	147	native_A89_2C	249	NA
A89_2C_248_249_HA_112_321	A89_2C_248_249_HA	248|249	HA	148	native_A89_2C	250	NA
A89_2C_248_249_HA_112_321	A89_2C_248_249_HA	248|249	HA	149	native_A89_2C	251	NA
A89_2C_248_249_HA_112_321	A89_2C_248_249_HA	248|249	HA	150	native_A89_2C	252	NA
A89_2C_248_249_HA_112_321	A89_2C_248_249_HA	248|249	HA	151	native_A89_2C	253	NA
A89_2C_248_249_HA_112_321	A89_2C_248_249_HA	248|249	HA	152	native_A89_2C	254	NA
A89_2C_248_249_HA_112_321	A89_2C_248_249_HA	248|249	HA	153	native_A89_2C	255	NA
A89_2C_248_249_HA_112_321	A89_2C_248_249_HA	248|249	HA	154	native_A89_2C	256	NA
A89_2C_248_249_HA_112_321	A89_2C_248_249_HA	248|249	HA	155	native_A89_2C	257	NA
A89_2C_248_249_HA_112_321	A89_2C_248_249_HA	248|249	HA	156	native_A89_2C	258	NA
A89_2C_248_249_HA_112_321	A89_2C_248_249_HA	248|249	HA	157	native_A89_2C	259	NA
A89_2C_248_249_HA_112_321	A89_2C_248_249_HA	248|249	HA	158	native_A89_2C	260	NA
A89_2C_248_249_HA_112_321	A89_2C_248_249_HA	248|249	HA	159	native_A89_2C	261	NA
A89_2C_248_249_HA_112_321	A89_2C_248_249_HA	248|249	HA	160	native_A89_2C	262	NA
A89_2C_248_249_HA_112_321	A89_2C_248_249_HA	248|249	HA	161	native_A89_2C	263	NA
A89_2C_248_249_HA_112_321	A89_2C_248_249_HA	248|249	HA	162	native_A89_2C	264	NA
A89_2C_248_249_HA_112_321	A89_2C_248_249_HA	248|249	HA	163	native_A89_2C	265	NA
A89_2C_248_249_HA_112_321	A89_2C_248_249_HA	248|249	HA	164	native_A89_2C	266	NA
A89_2C_248_249_HA_112_321	A89_2C_248_249_HA	248|249	HA	165	native_A89_2C	267	NA
A89_2C_248_249_HA_112_321	A89_2C_248_249_HA	248|249	HA	166	native_A89_2C	268	NA
A89_2C_248_249_HA_112_321	A89_2C_248_249_HA	248|249	HA	167	native_A89_2C	269	NA
A89_2C_248_249_HA_112_321	A89_2C_248_249_HA	248|249	HA	168	native_A89_2C	270	NA
A89_2C_248_249_HA_112_321	A89_2C_248_249_HA	248|249	HA	169	native_A89_2C	271	NA
A89_2C_248_249_HA_112_321	A89_2C_248_249_HA	248|249	HA	170	native_A89_2C	272	NA
A89_2C_248_249_HA_112_321	A89_2C_248_249_HA	248|249	HA	171	native_A89_2C	273	NA
A89_2C_248_249_HA_112_321	A89_2C_248_249_HA	248|249	HA	172	native_A89_2C	274	NA
A89_2C_248_249_HA_112_321	A89_2C_248_249_HA	248|249	HA	173	native_A89_2C	275	NA
A89_2C_248_249_HA_112_321	A89_2C_248_249_HA	248|249	HA	174	native_A89_2C	276	NA
A89_2C_248_249_HA_112_321	A89_2C_248_249_HA	248|249	HA	175	native_A89_2C	277	NA
A89_2C_248_249_HA_112_321	A89_2C_248_249_HA	248|249	HA	176	native_A89_2C	278	NA
A89_2C_248_249_HA_112_321	A89_2C_248_249_HA	248|249	HA	177	native_A89_2C	279	NA
A89_2C_248_249_HA_112_321	A89_2C_248_249_HA	248|249	HA	178	native_A89_2C	280	NA
A89_2C_248_249_HA_112_321	A89_2C_248_249_HA	248|249	HA	179	native_A89_2C	281	NA
A89_2C_248_249_HA_112_321	A89_2C_248_249_HA	248|249	HA	180	native_A89_2C	282	NA
A89_2C_248_249_HA_112_321	A89_2C_248_249_HA	248|249	HA	181	native_A89_2C	283	NA
A89_2C_248_249_HA_112_321	A89_2C_248_249_HA	248|249	HA	182	native_A89_2C	284	NA
A89_2C_248_249_HA_112_321	A89_2C_248_249_HA	248|249	HA	183	native_A89_2C	285	NA
A89_2C_248_249_HA_112_321	A89_2C_248_249_HA	248|249	HA	184	native_A89_2C	286	NA
A89_2C_248_249_HA_112_321	A89_2C_248_249_HA	248|249	HA	185	native_A89_2C	287	NA
A89_2C_248_249_HA_112_321	A89_2C_248_249_HA	248|249	HA	186	native_A89_2C	288	NA
A89_2C_248_249_HA_112_321	A89_2C_248_249_HA	248|249	HA	187	native_A89_2C	289	NA
A89_2C_248_249_HA_112_321	A89_2C_248_249_HA	248|249	HA	188	native_A89_2C	290	NA
A89_2C_248_249_HA_112_321	A89_2C_248_249_HA	248|249	HA	189	native_A89_2C	291	NA
A89_2C_248_249_HA_112_321	A89_2C_248_249_HA	248|249	HA	190	native_A89_2C	292	NA
A89_2C_248_249_HA_112_321	A89_2C_248_249_HA	248|249	HA	191	native_A89_2C	293	NA
A89_2C_248_249_HA_112_321	A89_2C_248_249_HA	248|249	HA	192	native_A89_2C	294	NA
A89_2C_248_249_HA_112_321	A89_2C_248_249_HA	248|249	HA	193	native_A89_2C	295	NA
A89_2C_248_249_HA_112_321	A89_2C_248_249_HA	248|249	HA	194	native_A89_2C	296	NA
A89_2C_248_249_HA_112_321	A89_2C_248_249_HA	248|249	HA	195	native_A89_2C	297	NA
A89_2C_248_249_HA_112_321	A89_2C_248_249_HA	248|249	HA	196	native_A89_2C	298	NA
A89_2C_248_249_HA_112_321	A89_2C_248_249_HA	248|249	HA	197	native_A89_2C	299	NA
A89_2C_248_249_HA_112_321	A89_2C_248_249_HA	248|249	HA	198	native_A89_2C	300	NA
A89_2C_248_249_HA_112_321	A89_2C_248_249_HA	248|249	HA	199	native_A89_2C	301	NA
A89_2C_248_249_HA_112_321	A89_2C_248_249_HA	248|249	HA	200	native_A89_2C	302	NA
A89_2C_248_249_HA_112_321	A89_2C_248_249_HA	248|249	HA	201	native_A89_2C	303	NA
A89_2C_248_249_HA_112_321	A89_2C_248_249_HA	248|249	HA	202	native_A89_2C	304	NA
A89_2C_248_249_HA_112_321	A89_2C_248_249_HA	248|249	HA	203	native_A89_2C	305	NA
A89_2C_248_249_HA_112_321	A89_2C_248_249_HA	248|249	HA	204	native_A89_2C	306	NA
A89_2C_248_249_HA_112_321	A89_2C_248_249_HA	248|249	HA	205	native_A89_2C	307	NA
A89_2C_248_249_HA_112_321	A89_2C_248_249_HA	248|249	HA	206	native_A89_2C	308	NA
A89_2C_248_249_HA_112_321	A89_2C_248_249_HA	248|249	HA	207	native_A89_2C	309	NA
A89_2C_248_249_HA_112_321	A89_2C_248_249_HA	248|249	HA	208	native_A89_2C	310	NA
A89_2C_248_249_HA_112_321	A89_2C_248_249_HA	248|249	HA	209	native_A89_2C	311	NA
A89_2C_248_249_HA_112_321	A89_2C_248_249_HA	248|249	HA	210	native_A89_2C	312	NA
A89_2C_248_249_HA_112_321	A89_2C_248_249_HA	248|249	HA	211	native_A89_2C	313	NA
A89_2C_248_249_HA_112_321	A89_2C_248_249_HA	248|249	HA	212	native_A89_2C	314	NA
A89_2C_248_249_HA_112_321	A89_2C_248_249_HA	248|249	HA	213	native_A89_2C	315	NA
A89_2C_248_249_HA_112_321	A89_2C_248_249_HA	248|249	HA	214	native_A89_2C	316	NA
A89_2C_248_249_HA_112_321	A89_2C_248_249_HA	248|249	HA	215	native_A89_2C	317	NA
A89_2C_248_249_HA_112_321	A89_2C_248_249_HA	248|249	HA	216	native_A89_2C	318	NA
A89_2C_248_249_HA_112_321	A89_2C_248_249_HA	248|249	HA	217	native_A89_2C	319	NA
A89_2C_248_249_HA_112_321	A89_2C_248_249_HA	248|249	HA	218	native_A89_2C	320	NA
A89_2C_248_249_HA_112_321	A89_2C_248_249_HA	248|249	HA	219	native_A89_2C	321	NA
A89_2C_203_204_G196_minimal_112_321	A89_2C_203_204_G196_minimal	203|204	G196_minimal	1	native_A89_2C	112	NA
A89_2C_203_204_G196_minimal_112_321	A89_2C_203_204_G196_minimal	203|204	G196_minimal	2	native_A89_2C	113	NA
A89_2C_203_204_G196_minimal_112_321	A89_2C_203_204_G196_minimal	203|204	G196_minimal	3	native_A89_2C	114	NA
A89_2C_203_204_G196_minimal_112_321	A89_2C_203_204_G196_minimal	203|204	G196_minimal	4	native_A89_2C	115	NA
A89_2C_203_204_G196_minimal_112_321	A89_2C_203_204_G196_minimal	203|204	G196_minimal	5	native_A89_2C	116	NA
A89_2C_203_204_G196_minimal_112_321	A89_2C_203_204_G196_minimal	203|204	G196_minimal	6	native_A89_2C	117	NA
A89_2C_203_204_G196_minimal_112_321	A89_2C_203_204_G196_minimal	203|204	G196_minimal	7	native_A89_2C	118	NA
A89_2C_203_204_G196_minimal_112_321	A89_2C_203_204_G196_minimal	203|204	G196_minimal	8	native_A89_2C	119	NA
A89_2C_203_204_G196_minimal_112_321	A89_2C_203_204_G196_minimal	203|204	G196_minimal	9	native_A89_2C	120	NA
A89_2C_203_204_G196_minimal_112_321	A89_2C_203_204_G196_minimal	203|204	G196_minimal	10	native_A89_2C	121	NA
A89_2C_203_204_G196_minimal_112_321	A89_2C_203_204_G196_minimal	203|204	G196_minimal	11	native_A89_2C	122	NA
A89_2C_203_204_G196_minimal_112_321	A89_2C_203_204_G196_minimal	203|204	G196_minimal	12	native_A89_2C	123	NA
A89_2C_203_204_G196_minimal_112_321	A89_2C_203_204_G196_minimal	203|204	G196_minimal	13	native_A89_2C	124	NA
A89_2C_203_204_G196_minimal_112_321	A89_2C_203_204_G196_minimal	203|204	G196_minimal	14	native_A89_2C	125	NA
A89_2C_203_204_G196_minimal_112_321	A89_2C_203_204_G196_minimal	203|204	G196_minimal	15	native_A89_2C	126	NA
A89_2C_203_204_G196_minimal_112_321	A89_2C_203_204_G196_minimal	203|204	G196_minimal	16	native_A89_2C	127	NA
A89_2C_203_204_G196_minimal_112_321	A89_2C_203_204_G196_minimal	203|204	G196_minimal	17	native_A89_2C	128	NA
A89_2C_203_204_G196_minimal_112_321	A89_2C_203_204_G196_minimal	203|204	G196_minimal	18	native_A89_2C	129	NA
A89_2C_203_204_G196_minimal_112_321	A89_2C_203_204_G196_minimal	203|204	G196_minimal	19	native_A89_2C	130	NA
A89_2C_203_204_G196_minimal_112_321	A89_2C_203_204_G196_minimal	203|204	G196_minimal	20	native_A89_2C	131	NA
A89_2C_203_204_G196_minimal_112_321	A89_2C_203_204_G196_minimal	203|204	G196_minimal	21	native_A89_2C	132	NA
A89_2C_203_204_G196_minimal_112_321	A89_2C_203_204_G196_minimal	203|204	G196_minimal	22	native_A89_2C	133	NA
A89_2C_203_204_G196_minimal_112_321	A89_2C_203_204_G196_minimal	203|204	G196_minimal	23	native_A89_2C	134	NA
A89_2C_203_204_G196_minimal_112_321	A89_2C_203_204_G196_minimal	203|204	G196_minimal	24	native_A89_2C	135	NA
A89_2C_203_204_G196_minimal_112_321	A89_2C_203_204_G196_minimal	203|204	G196_minimal	25	native_A89_2C	136	NA
A89_2C_203_204_G196_minimal_112_321	A89_2C_203_204_G196_minimal	203|204	G196_minimal	26	native_A89_2C	137	NA
A89_2C_203_204_G196_minimal_112_321	A89_2C_203_204_G196_minimal	203|204	G196_minimal	27	native_A89_2C	138	NA
A89_2C_203_204_G196_minimal_112_321	A89_2C_203_204_G196_minimal	203|204	G196_minimal	28	native_A89_2C	139	NA
A89_2C_203_204_G196_minimal_112_321	A89_2C_203_204_G196_minimal	203|204	G196_minimal	29	native_A89_2C	140	NA
A89_2C_203_204_G196_minimal_112_321	A89_2C_203_204_G196_minimal	203|204	G196_minimal	30	native_A89_2C	141	NA
A89_2C_203_204_G196_minimal_112_321	A89_2C_203_204_G196_minimal	203|204	G196_minimal	31	native_A89_2C	142	NA
A89_2C_203_204_G196_minimal_112_321	A89_2C_203_204_G196_minimal	203|204	G196_minimal	32	native_A89_2C	143	NA
A89_2C_203_204_G196_minimal_112_321	A89_2C_203_204_G196_minimal	203|204	G196_minimal	33	native_A89_2C	144	NA
A89_2C_203_204_G196_minimal_112_321	A89_2C_203_204_G196_minimal	203|204	G196_minimal	34	native_A89_2C	145	NA
A89_2C_203_204_G196_minimal_112_321	A89_2C_203_204_G196_minimal	203|204	G196_minimal	35	native_A89_2C	146	NA
A89_2C_203_204_G196_minimal_112_321	A89_2C_203_204_G196_minimal	203|204	G196_minimal	36	native_A89_2C	147	NA
A89_2C_203_204_G196_minimal_112_321	A89_2C_203_204_G196_minimal	203|204	G196_minimal	37	native_A89_2C	148	NA
A89_2C_203_204_G196_minimal_112_321	A89_2C_203_204_G196_minimal	203|204	G196_minimal	38	native_A89_2C	149	NA
A89_2C_203_204_G196_minimal_112_321	A89_2C_203_204_G196_minimal	203|204	G196_minimal	39	native_A89_2C	150	NA
A89_2C_203_204_G196_minimal_112_321	A89_2C_203_204_G196_minimal	203|204	G196_minimal	40	native_A89_2C	151	NA
A89_2C_203_204_G196_minimal_112_321	A89_2C_203_204_G196_minimal	203|204	G196_minimal	41	native_A89_2C	152	NA
A89_2C_203_204_G196_minimal_112_321	A89_2C_203_204_G196_minimal	203|204	G196_minimal	42	native_A89_2C	153	NA
A89_2C_203_204_G196_minimal_112_321	A89_2C_203_204_G196_minimal	203|204	G196_minimal	43	native_A89_2C	154	NA
A89_2C_203_204_G196_minimal_112_321	A89_2C_203_204_G196_minimal	203|204	G196_minimal	44	native_A89_2C	155	NA
A89_2C_203_204_G196_minimal_112_321	A89_2C_203_204_G196_minimal	203|204	G196_minimal	45	native_A89_2C	156	NA
A89_2C_203_204_G196_minimal_112_321	A89_2C_203_204_G196_minimal	203|204	G196_minimal	46	native_A89_2C	157	NA
A89_2C_203_204_G196_minimal_112_321	A89_2C_203_204_G196_minimal	203|204	G196_minimal	47	native_A89_2C	158	NA
A89_2C_203_204_G196_minimal_112_321	A89_2C_203_204_G196_minimal	203|204	G196_minimal	48	native_A89_2C	159	NA
A89_2C_203_204_G196_minimal_112_321	A89_2C_203_204_G196_minimal	203|204	G196_minimal	49	native_A89_2C	160	NA
A89_2C_203_204_G196_minimal_112_321	A89_2C_203_204_G196_minimal	203|204	G196_minimal	50	native_A89_2C	161	NA
A89_2C_203_204_G196_minimal_112_321	A89_2C_203_204_G196_minimal	203|204	G196_minimal	51	native_A89_2C	162	NA
A89_2C_203_204_G196_minimal_112_321	A89_2C_203_204_G196_minimal	203|204	G196_minimal	52	native_A89_2C	163	NA
A89_2C_203_204_G196_minimal_112_321	A89_2C_203_204_G196_minimal	203|204	G196_minimal	53	native_A89_2C	164	NA
A89_2C_203_204_G196_minimal_112_321	A89_2C_203_204_G196_minimal	203|204	G196_minimal	54	native_A89_2C	165	NA
A89_2C_203_204_G196_minimal_112_321	A89_2C_203_204_G196_minimal	203|204	G196_minimal	55	native_A89_2C	166	NA
A89_2C_203_204_G196_minimal_112_321	A89_2C_203_204_G196_minimal	203|204	G196_minimal	56	native_A89_2C	167	NA
A89_2C_203_204_G196_minimal_112_321	A89_2C_203_204_G196_minimal	203|204	G196_minimal	57	native_A89_2C	168	NA
A89_2C_203_204_G196_minimal_112_321	A89_2C_203_204_G196_minimal	203|204	G196_minimal	58	native_A89_2C	169	NA
A89_2C_203_204_G196_minimal_112_321	A89_2C_203_204_G196_minimal	203|204	G196_minimal	59	native_A89_2C	170	NA
A89_2C_203_204_G196_minimal_112_321	A89_2C_203_204_G196_minimal	203|204	G196_minimal	60	native_A89_2C	171	NA
A89_2C_203_204_G196_minimal_112_321	A89_2C_203_204_G196_minimal	203|204	G196_minimal	61	native_A89_2C	172	NA
A89_2C_203_204_G196_minimal_112_321	A89_2C_203_204_G196_minimal	203|204	G196_minimal	62	native_A89_2C	173	NA
A89_2C_203_204_G196_minimal_112_321	A89_2C_203_204_G196_minimal	203|204	G196_minimal	63	native_A89_2C	174	NA
A89_2C_203_204_G196_minimal_112_321	A89_2C_203_204_G196_minimal	203|204	G196_minimal	64	native_A89_2C	175	NA
A89_2C_203_204_G196_minimal_112_321	A89_2C_203_204_G196_minimal	203|204	G196_minimal	65	native_A89_2C	176	NA
A89_2C_203_204_G196_minimal_112_321	A89_2C_203_204_G196_minimal	203|204	G196_minimal	66	native_A89_2C	177	NA
A89_2C_203_204_G196_minimal_112_321	A89_2C_203_204_G196_minimal	203|204	G196_minimal	67	native_A89_2C	178	NA
A89_2C_203_204_G196_minimal_112_321	A89_2C_203_204_G196_minimal	203|204	G196_minimal	68	native_A89_2C	179	NA
A89_2C_203_204_G196_minimal_112_321	A89_2C_203_204_G196_minimal	203|204	G196_minimal	69	native_A89_2C	180	NA
A89_2C_203_204_G196_minimal_112_321	A89_2C_203_204_G196_minimal	203|204	G196_minimal	70	native_A89_2C	181	NA
A89_2C_203_204_G196_minimal_112_321	A89_2C_203_204_G196_minimal	203|204	G196_minimal	71	native_A89_2C	182	NA
A89_2C_203_204_G196_minimal_112_321	A89_2C_203_204_G196_minimal	203|204	G196_minimal	72	native_A89_2C	183	NA
A89_2C_203_204_G196_minimal_112_321	A89_2C_203_204_G196_minimal	203|204	G196_minimal	73	native_A89_2C	184	NA
A89_2C_203_204_G196_minimal_112_321	A89_2C_203_204_G196_minimal	203|204	G196_minimal	74	native_A89_2C	185	NA
A89_2C_203_204_G196_minimal_112_321	A89_2C_203_204_G196_minimal	203|204	G196_minimal	75	native_A89_2C	186	NA
A89_2C_203_204_G196_minimal_112_321	A89_2C_203_204_G196_minimal	203|204	G196_minimal	76	native_A89_2C	187	NA
A89_2C_203_204_G196_minimal_112_321	A89_2C_203_204_G196_minimal	203|204	G196_minimal	77	native_A89_2C	188	NA
A89_2C_203_204_G196_minimal_112_321	A89_2C_203_204_G196_minimal	203|204	G196_minimal	78	native_A89_2C	189	NA
A89_2C_203_204_G196_minimal_112_321	A89_2C_203_204_G196_minimal	203|204	G196_minimal	79	native_A89_2C	190	NA
A89_2C_203_204_G196_minimal_112_321	A89_2C_203_204_G196_minimal	203|204	G196_minimal	80	native_A89_2C	191	NA
A89_2C_203_204_G196_minimal_112_321	A89_2C_203_204_G196_minimal	203|204	G196_minimal	81	native_A89_2C	192	NA
A89_2C_203_204_G196_minimal_112_321	A89_2C_203_204_G196_minimal	203|204	G196_minimal	82	native_A89_2C	193	NA
A89_2C_203_204_G196_minimal_112_321	A89_2C_203_204_G196_minimal	203|204	G196_minimal	83	native_A89_2C	194	NA
A89_2C_203_204_G196_minimal_112_321	A89_2C_203_204_G196_minimal	203|204	G196_minimal	84	native_A89_2C	195	NA
A89_2C_203_204_G196_minimal_112_321	A89_2C_203_204_G196_minimal	203|204	G196_minimal	85	native_A89_2C	196	NA
A89_2C_203_204_G196_minimal_112_321	A89_2C_203_204_G196_minimal	203|204	G196_minimal	86	native_A89_2C	197	NA
A89_2C_203_204_G196_minimal_112_321	A89_2C_203_204_G196_minimal	203|204	G196_minimal	87	native_A89_2C	198	NA
A89_2C_203_204_G196_minimal_112_321	A89_2C_203_204_G196_minimal	203|204	G196_minimal	88	native_A89_2C	199	NA
A89_2C_203_204_G196_minimal_112_321	A89_2C_203_204_G196_minimal	203|204	G196_minimal	89	native_A89_2C	200	NA
A89_2C_203_204_G196_minimal_112_321	A89_2C_203_204_G196_minimal	203|204	G196_minimal	90	native_A89_2C	201	NA
A89_2C_203_204_G196_minimal_112_321	A89_2C_203_204_G196_minimal	203|204	G196_minimal	91	native_A89_2C	202	NA
A89_2C_203_204_G196_minimal_112_321	A89_2C_203_204_G196_minimal	203|204	G196_minimal	92	native_A89_2C	203	NA
A89_2C_203_204_G196_minimal_112_321	A89_2C_203_204_G196_minimal	203|204	G196_minimal	93	inserted_tag	NA	1
A89_2C_203_204_G196_minimal_112_321	A89_2C_203_204_G196_minimal	203|204	G196_minimal	94	inserted_tag	NA	2
A89_2C_203_204_G196_minimal_112_321	A89_2C_203_204_G196_minimal	203|204	G196_minimal	95	inserted_tag	NA	3
A89_2C_203_204_G196_minimal_112_321	A89_2C_203_204_G196_minimal	203|204	G196_minimal	96	inserted_tag	NA	4
A89_2C_203_204_G196_minimal_112_321	A89_2C_203_204_G196_minimal	203|204	G196_minimal	97	inserted_tag	NA	5
A89_2C_203_204_G196_minimal_112_321	A89_2C_203_204_G196_minimal	203|204	G196_minimal	98	native_A89_2C	204	NA
A89_2C_203_204_G196_minimal_112_321	A89_2C_203_204_G196_minimal	203|204	G196_minimal	99	native_A89_2C	205	NA
A89_2C_203_204_G196_minimal_112_321	A89_2C_203_204_G196_minimal	203|204	G196_minimal	100	native_A89_2C	206	NA
A89_2C_203_204_G196_minimal_112_321	A89_2C_203_204_G196_minimal	203|204	G196_minimal	101	native_A89_2C	207	NA
A89_2C_203_204_G196_minimal_112_321	A89_2C_203_204_G196_minimal	203|204	G196_minimal	102	native_A89_2C	208	NA
A89_2C_203_204_G196_minimal_112_321	A89_2C_203_204_G196_minimal	203|204	G196_minimal	103	native_A89_2C	209	NA
A89_2C_203_204_G196_minimal_112_321	A89_2C_203_204_G196_minimal	203|204	G196_minimal	104	native_A89_2C	210	NA
A89_2C_203_204_G196_minimal_112_321	A89_2C_203_204_G196_minimal	203|204	G196_minimal	105	native_A89_2C	211	NA
A89_2C_203_204_G196_minimal_112_321	A89_2C_203_204_G196_minimal	203|204	G196_minimal	106	native_A89_2C	212	NA
A89_2C_203_204_G196_minimal_112_321	A89_2C_203_204_G196_minimal	203|204	G196_minimal	107	native_A89_2C	213	NA
A89_2C_203_204_G196_minimal_112_321	A89_2C_203_204_G196_minimal	203|204	G196_minimal	108	native_A89_2C	214	NA
A89_2C_203_204_G196_minimal_112_321	A89_2C_203_204_G196_minimal	203|204	G196_minimal	109	native_A89_2C	215	NA
A89_2C_203_204_G196_minimal_112_321	A89_2C_203_204_G196_minimal	203|204	G196_minimal	110	native_A89_2C	216	NA
A89_2C_203_204_G196_minimal_112_321	A89_2C_203_204_G196_minimal	203|204	G196_minimal	111	native_A89_2C	217	NA
A89_2C_203_204_G196_minimal_112_321	A89_2C_203_204_G196_minimal	203|204	G196_minimal	112	native_A89_2C	218	NA
A89_2C_203_204_G196_minimal_112_321	A89_2C_203_204_G196_minimal	203|204	G196_minimal	113	native_A89_2C	219	NA
A89_2C_203_204_G196_minimal_112_321	A89_2C_203_204_G196_minimal	203|204	G196_minimal	114	native_A89_2C	220	NA
A89_2C_203_204_G196_minimal_112_321	A89_2C_203_204_G196_minimal	203|204	G196_minimal	115	native_A89_2C	221	NA
A89_2C_203_204_G196_minimal_112_321	A89_2C_203_204_G196_minimal	203|204	G196_minimal	116	native_A89_2C	222	NA
A89_2C_203_204_G196_minimal_112_321	A89_2C_203_204_G196_minimal	203|204	G196_minimal	117	native_A89_2C	223	NA
A89_2C_203_204_G196_minimal_112_321	A89_2C_203_204_G196_minimal	203|204	G196_minimal	118	native_A89_2C	224	NA
A89_2C_203_204_G196_minimal_112_321	A89_2C_203_204_G196_minimal	203|204	G196_minimal	119	native_A89_2C	225	NA
A89_2C_203_204_G196_minimal_112_321	A89_2C_203_204_G196_minimal	203|204	G196_minimal	120	native_A89_2C	226	NA
A89_2C_203_204_G196_minimal_112_321	A89_2C_203_204_G196_minimal	203|204	G196_minimal	121	native_A89_2C	227	NA
A89_2C_203_204_G196_minimal_112_321	A89_2C_203_204_G196_minimal	203|204	G196_minimal	122	native_A89_2C	228	NA
A89_2C_203_204_G196_minimal_112_321	A89_2C_203_204_G196_minimal	203|204	G196_minimal	123	native_A89_2C	229	NA
A89_2C_203_204_G196_minimal_112_321	A89_2C_203_204_G196_minimal	203|204	G196_minimal	124	native_A89_2C	230	NA
A89_2C_203_204_G196_minimal_112_321	A89_2C_203_204_G196_minimal	203|204	G196_minimal	125	native_A89_2C	231	NA
A89_2C_203_204_G196_minimal_112_321	A89_2C_203_204_G196_minimal	203|204	G196_minimal	126	native_A89_2C	232	NA
A89_2C_203_204_G196_minimal_112_321	A89_2C_203_204_G196_minimal	203|204	G196_minimal	127	native_A89_2C	233	NA
A89_2C_203_204_G196_minimal_112_321	A89_2C_203_204_G196_minimal	203|204	G196_minimal	128	native_A89_2C	234	NA
A89_2C_203_204_G196_minimal_112_321	A89_2C_203_204_G196_minimal	203|204	G196_minimal	129	native_A89_2C	235	NA
A89_2C_203_204_G196_minimal_112_321	A89_2C_203_204_G196_minimal	203|204	G196_minimal	130	native_A89_2C	236	NA
A89_2C_203_204_G196_minimal_112_321	A89_2C_203_204_G196_minimal	203|204	G196_minimal	131	native_A89_2C	237	NA
A89_2C_203_204_G196_minimal_112_321	A89_2C_203_204_G196_minimal	203|204	G196_minimal	132	native_A89_2C	238	NA
A89_2C_203_204_G196_minimal_112_321	A89_2C_203_204_G196_minimal	203|204	G196_minimal	133	native_A89_2C	239	NA
A89_2C_203_204_G196_minimal_112_321	A89_2C_203_204_G196_minimal	203|204	G196_minimal	134	native_A89_2C	240	NA
A89_2C_203_204_G196_minimal_112_321	A89_2C_203_204_G196_minimal	203|204	G196_minimal	135	native_A89_2C	241	NA
A89_2C_203_204_G196_minimal_112_321	A89_2C_203_204_G196_minimal	203|204	G196_minimal	136	native_A89_2C	242	NA
A89_2C_203_204_G196_minimal_112_321	A89_2C_203_204_G196_minimal	203|204	G196_minimal	137	native_A89_2C	243	NA
A89_2C_203_204_G196_minimal_112_321	A89_2C_203_204_G196_minimal	203|204	G196_minimal	138	native_A89_2C	244	NA
A89_2C_203_204_G196_minimal_112_321	A89_2C_203_204_G196_minimal	203|204	G196_minimal	139	native_A89_2C	245	NA
A89_2C_203_204_G196_minimal_112_321	A89_2C_203_204_G196_minimal	203|204	G196_minimal	140	native_A89_2C	246	NA
A89_2C_203_204_G196_minimal_112_321	A89_2C_203_204_G196_minimal	203|204	G196_minimal	141	native_A89_2C	247	NA
A89_2C_203_204_G196_minimal_112_321	A89_2C_203_204_G196_minimal	203|204	G196_minimal	142	native_A89_2C	248	NA
A89_2C_203_204_G196_minimal_112_321	A89_2C_203_204_G196_minimal	203|204	G196_minimal	143	native_A89_2C	249	NA
A89_2C_203_204_G196_minimal_112_321	A89_2C_203_204_G196_minimal	203|204	G196_minimal	144	native_A89_2C	250	NA
A89_2C_203_204_G196_minimal_112_321	A89_2C_203_204_G196_minimal	203|204	G196_minimal	145	native_A89_2C	251	NA
A89_2C_203_204_G196_minimal_112_321	A89_2C_203_204_G196_minimal	203|204	G196_minimal	146	native_A89_2C	252	NA
A89_2C_203_204_G196_minimal_112_321	A89_2C_203_204_G196_minimal	203|204	G196_minimal	147	native_A89_2C	253	NA
A89_2C_203_204_G196_minimal_112_321	A89_2C_203_204_G196_minimal	203|204	G196_minimal	148	native_A89_2C	254	NA
A89_2C_203_204_G196_minimal_112_321	A89_2C_203_204_G196_minimal	203|204	G196_minimal	149	native_A89_2C	255	NA
A89_2C_203_204_G196_minimal_112_321	A89_2C_203_204_G196_minimal	203|204	G196_minimal	150	native_A89_2C	256	NA
A89_2C_203_204_G196_minimal_112_321	A89_2C_203_204_G196_minimal	203|204	G196_minimal	151	native_A89_2C	257	NA
A89_2C_203_204_G196_minimal_112_321	A89_2C_203_204_G196_minimal	203|204	G196_minimal	152	native_A89_2C	258	NA
A89_2C_203_204_G196_minimal_112_321	A89_2C_203_204_G196_minimal	203|204	G196_minimal	153	native_A89_2C	259	NA
A89_2C_203_204_G196_minimal_112_321	A89_2C_203_204_G196_minimal	203|204	G196_minimal	154	native_A89_2C	260	NA
A89_2C_203_204_G196_minimal_112_321	A89_2C_203_204_G196_minimal	203|204	G196_minimal	155	native_A89_2C	261	NA
A89_2C_203_204_G196_minimal_112_321	A89_2C_203_204_G196_minimal	203|204	G196_minimal	156	native_A89_2C	262	NA
A89_2C_203_204_G196_minimal_112_321	A89_2C_203_204_G196_minimal	203|204	G196_minimal	157	native_A89_2C	263	NA
A89_2C_203_204_G196_minimal_112_321	A89_2C_203_204_G196_minimal	203|204	G196_minimal	158	native_A89_2C	264	NA
A89_2C_203_204_G196_minimal_112_321	A89_2C_203_204_G196_minimal	203|204	G196_minimal	159	native_A89_2C	265	NA
A89_2C_203_204_G196_minimal_112_321	A89_2C_203_204_G196_minimal	203|204	G196_minimal	160	native_A89_2C	266	NA
A89_2C_203_204_G196_minimal_112_321	A89_2C_203_204_G196_minimal	203|204	G196_minimal	161	native_A89_2C	267	NA
A89_2C_203_204_G196_minimal_112_321	A89_2C_203_204_G196_minimal	203|204	G196_minimal	162	native_A89_2C	268	NA
A89_2C_203_204_G196_minimal_112_321	A89_2C_203_204_G196_minimal	203|204	G196_minimal	163	native_A89_2C	269	NA
A89_2C_203_204_G196_minimal_112_321	A89_2C_203_204_G196_minimal	203|204	G196_minimal	164	native_A89_2C	270	NA
A89_2C_203_204_G196_minimal_112_321	A89_2C_203_204_G196_minimal	203|204	G196_minimal	165	native_A89_2C	271	NA
A89_2C_203_204_G196_minimal_112_321	A89_2C_203_204_G196_minimal	203|204	G196_minimal	166	native_A89_2C	272	NA
A89_2C_203_204_G196_minimal_112_321	A89_2C_203_204_G196_minimal	203|204	G196_minimal	167	native_A89_2C	273	NA
A89_2C_203_204_G196_minimal_112_321	A89_2C_203_204_G196_minimal	203|204	G196_minimal	168	native_A89_2C	274	NA
A89_2C_203_204_G196_minimal_112_321	A89_2C_203_204_G196_minimal	203|204	G196_minimal	169	native_A89_2C	275	NA
A89_2C_203_204_G196_minimal_112_321	A89_2C_203_204_G196_minimal	203|204	G196_minimal	170	native_A89_2C	276	NA
A89_2C_203_204_G196_minimal_112_321	A89_2C_203_204_G196_minimal	203|204	G196_minimal	171	native_A89_2C	277	NA
A89_2C_203_204_G196_minimal_112_321	A89_2C_203_204_G196_minimal	203|204	G196_minimal	172	native_A89_2C	278	NA
A89_2C_203_204_G196_minimal_112_321	A89_2C_203_204_G196_minimal	203|204	G196_minimal	173	native_A89_2C	279	NA
A89_2C_203_204_G196_minimal_112_321	A89_2C_203_204_G196_minimal	203|204	G196_minimal	174	native_A89_2C	280	NA
A89_2C_203_204_G196_minimal_112_321	A89_2C_203_204_G196_minimal	203|204	G196_minimal	175	native_A89_2C	281	NA
A89_2C_203_204_G196_minimal_112_321	A89_2C_203_204_G196_minimal	203|204	G196_minimal	176	native_A89_2C	282	NA
A89_2C_203_204_G196_minimal_112_321	A89_2C_203_204_G196_minimal	203|204	G196_minimal	177	native_A89_2C	283	NA
A89_2C_203_204_G196_minimal_112_321	A89_2C_203_204_G196_minimal	203|204	G196_minimal	178	native_A89_2C	284	NA
A89_2C_203_204_G196_minimal_112_321	A89_2C_203_204_G196_minimal	203|204	G196_minimal	179	native_A89_2C	285	NA
A89_2C_203_204_G196_minimal_112_321	A89_2C_203_204_G196_minimal	203|204	G196_minimal	180	native_A89_2C	286	NA
A89_2C_203_204_G196_minimal_112_321	A89_2C_203_204_G196_minimal	203|204	G196_minimal	181	native_A89_2C	287	NA
A89_2C_203_204_G196_minimal_112_321	A89_2C_203_204_G196_minimal	203|204	G196_minimal	182	native_A89_2C	288	NA
A89_2C_203_204_G196_minimal_112_321	A89_2C_203_204_G196_minimal	203|204	G196_minimal	183	native_A89_2C	289	NA
A89_2C_203_204_G196_minimal_112_321	A89_2C_203_204_G196_minimal	203|204	G196_minimal	184	native_A89_2C	290	NA
A89_2C_203_204_G196_minimal_112_321	A89_2C_203_204_G196_minimal	203|204	G196_minimal	185	native_A89_2C	291	NA
A89_2C_203_204_G196_minimal_112_321	A89_2C_203_204_G196_minimal	203|204	G196_minimal	186	native_A89_2C	292	NA
A89_2C_203_204_G196_minimal_112_321	A89_2C_203_204_G196_minimal	203|204	G196_minimal	187	native_A89_2C	293	NA
A89_2C_203_204_G196_minimal_112_321	A89_2C_203_204_G196_minimal	203|204	G196_minimal	188	native_A89_2C	294	NA
A89_2C_203_204_G196_minimal_112_321	A89_2C_203_204_G196_minimal	203|204	G196_minimal	189	native_A89_2C	295	NA
A89_2C_203_204_G196_minimal_112_321	A89_2C_203_204_G196_minimal	203|204	G196_minimal	190	native_A89_2C	296	NA
A89_2C_203_204_G196_minimal_112_321	A89_2C_203_204_G196_minimal	203|204	G196_minimal	191	native_A89_2C	297	NA
A89_2C_203_204_G196_minimal_112_321	A89_2C_203_204_G196_minimal	203|204	G196_minimal	192	native_A89_2C	298	NA
A89_2C_203_204_G196_minimal_112_321	A89_2C_203_204_G196_minimal	203|204	G196_minimal	193	native_A89_2C	299	NA
A89_2C_203_204_G196_minimal_112_321	A89_2C_203_204_G196_minimal	203|204	G196_minimal	194	native_A89_2C	300	NA
A89_2C_203_204_G196_minimal_112_321	A89_2C_203_204_G196_minimal	203|204	G196_minimal	195	native_A89_2C	301	NA
A89_2C_203_204_G196_minimal_112_321	A89_2C_203_204_G196_minimal	203|204	G196_minimal	196	native_A89_2C	302	NA
A89_2C_203_204_G196_minimal_112_321	A89_2C_203_204_G196_minimal	203|204	G196_minimal	197	native_A89_2C	303	NA
A89_2C_203_204_G196_minimal_112_321	A89_2C_203_204_G196_minimal	203|204	G196_minimal	198	native_A89_2C	304	NA
A89_2C_203_204_G196_minimal_112_321	A89_2C_203_204_G196_minimal	203|204	G196_minimal	199	native_A89_2C	305	NA
A89_2C_203_204_G196_minimal_112_321	A89_2C_203_204_G196_minimal	203|204	G196_minimal	200	native_A89_2C	306	NA
A89_2C_203_204_G196_minimal_112_321	A89_2C_203_204_G196_minimal	203|204	G196_minimal	201	native_A89_2C	307	NA
A89_2C_203_204_G196_minimal_112_321	A89_2C_203_204_G196_minimal	203|204	G196_minimal	202	native_A89_2C	308	NA
A89_2C_203_204_G196_minimal_112_321	A89_2C_203_204_G196_minimal	203|204	G196_minimal	203	native_A89_2C	309	NA
A89_2C_203_204_G196_minimal_112_321	A89_2C_203_204_G196_minimal	203|204	G196_minimal	204	native_A89_2C	310	NA
A89_2C_203_204_G196_minimal_112_321	A89_2C_203_204_G196_minimal	203|204	G196_minimal	205	native_A89_2C	311	NA
A89_2C_203_204_G196_minimal_112_321	A89_2C_203_204_G196_minimal	203|204	G196_minimal	206	native_A89_2C	312	NA
A89_2C_203_204_G196_minimal_112_321	A89_2C_203_204_G196_minimal	203|204	G196_minimal	207	native_A89_2C	313	NA
A89_2C_203_204_G196_minimal_112_321	A89_2C_203_204_G196_minimal	203|204	G196_minimal	208	native_A89_2C	314	NA
A89_2C_203_204_G196_minimal_112_321	A89_2C_203_204_G196_minimal	203|204	G196_minimal	209	native_A89_2C	315	NA
A89_2C_203_204_G196_minimal_112_321	A89_2C_203_204_G196_minimal	203|204	G196_minimal	210	native_A89_2C	316	NA
A89_2C_203_204_G196_minimal_112_321	A89_2C_203_204_G196_minimal	203|204	G196_minimal	211	native_A89_2C	317	NA
A89_2C_203_204_G196_minimal_112_321	A89_2C_203_204_G196_minimal	203|204	G196_minimal	212	native_A89_2C	318	NA
A89_2C_203_204_G196_minimal_112_321	A89_2C_203_204_G196_minimal	203|204	G196_minimal	213	native_A89_2C	319	NA
A89_2C_203_204_G196_minimal_112_321	A89_2C_203_204_G196_minimal	203|204	G196_minimal	214	native_A89_2C	320	NA
A89_2C_203_204_G196_minimal_112_321	A89_2C_203_204_G196_minimal	203|204	G196_minimal	215	native_A89_2C	321	NA
A89_2C_256_257_MAP8_112_321	A89_2C_256_257_MAP8	256|257	MAP8	1	native_A89_2C	112	NA
A89_2C_256_257_MAP8_112_321	A89_2C_256_257_MAP8	256|257	MAP8	2	native_A89_2C	113	NA
A89_2C_256_257_MAP8_112_321	A89_2C_256_257_MAP8	256|257	MAP8	3	native_A89_2C	114	NA
A89_2C_256_257_MAP8_112_321	A89_2C_256_257_MAP8	256|257	MAP8	4	native_A89_2C	115	NA
A89_2C_256_257_MAP8_112_321	A89_2C_256_257_MAP8	256|257	MAP8	5	native_A89_2C	116	NA
A89_2C_256_257_MAP8_112_321	A89_2C_256_257_MAP8	256|257	MAP8	6	native_A89_2C	117	NA
A89_2C_256_257_MAP8_112_321	A89_2C_256_257_MAP8	256|257	MAP8	7	native_A89_2C	118	NA
A89_2C_256_257_MAP8_112_321	A89_2C_256_257_MAP8	256|257	MAP8	8	native_A89_2C	119	NA
A89_2C_256_257_MAP8_112_321	A89_2C_256_257_MAP8	256|257	MAP8	9	native_A89_2C	120	NA
A89_2C_256_257_MAP8_112_321	A89_2C_256_257_MAP8	256|257	MAP8	10	native_A89_2C	121	NA
A89_2C_256_257_MAP8_112_321	A89_2C_256_257_MAP8	256|257	MAP8	11	native_A89_2C	122	NA
A89_2C_256_257_MAP8_112_321	A89_2C_256_257_MAP8	256|257	MAP8	12	native_A89_2C	123	NA
A89_2C_256_257_MAP8_112_321	A89_2C_256_257_MAP8	256|257	MAP8	13	native_A89_2C	124	NA
A89_2C_256_257_MAP8_112_321	A89_2C_256_257_MAP8	256|257	MAP8	14	native_A89_2C	125	NA
A89_2C_256_257_MAP8_112_321	A89_2C_256_257_MAP8	256|257	MAP8	15	native_A89_2C	126	NA
A89_2C_256_257_MAP8_112_321	A89_2C_256_257_MAP8	256|257	MAP8	16	native_A89_2C	127	NA
A89_2C_256_257_MAP8_112_321	A89_2C_256_257_MAP8	256|257	MAP8	17	native_A89_2C	128	NA
A89_2C_256_257_MAP8_112_321	A89_2C_256_257_MAP8	256|257	MAP8	18	native_A89_2C	129	NA
A89_2C_256_257_MAP8_112_321	A89_2C_256_257_MAP8	256|257	MAP8	19	native_A89_2C	130	NA
A89_2C_256_257_MAP8_112_321	A89_2C_256_257_MAP8	256|257	MAP8	20	native_A89_2C	131	NA
A89_2C_256_257_MAP8_112_321	A89_2C_256_257_MAP8	256|257	MAP8	21	native_A89_2C	132	NA
A89_2C_256_257_MAP8_112_321	A89_2C_256_257_MAP8	256|257	MAP8	22	native_A89_2C	133	NA
A89_2C_256_257_MAP8_112_321	A89_2C_256_257_MAP8	256|257	MAP8	23	native_A89_2C	134	NA
A89_2C_256_257_MAP8_112_321	A89_2C_256_257_MAP8	256|257	MAP8	24	native_A89_2C	135	NA
A89_2C_256_257_MAP8_112_321	A89_2C_256_257_MAP8	256|257	MAP8	25	native_A89_2C	136	NA
A89_2C_256_257_MAP8_112_321	A89_2C_256_257_MAP8	256|257	MAP8	26	native_A89_2C	137	NA
A89_2C_256_257_MAP8_112_321	A89_2C_256_257_MAP8	256|257	MAP8	27	native_A89_2C	138	NA
A89_2C_256_257_MAP8_112_321	A89_2C_256_257_MAP8	256|257	MAP8	28	native_A89_2C	139	NA
A89_2C_256_257_MAP8_112_321	A89_2C_256_257_MAP8	256|257	MAP8	29	native_A89_2C	140	NA
A89_2C_256_257_MAP8_112_321	A89_2C_256_257_MAP8	256|257	MAP8	30	native_A89_2C	141	NA
A89_2C_256_257_MAP8_112_321	A89_2C_256_257_MAP8	256|257	MAP8	31	native_A89_2C	142	NA
A89_2C_256_257_MAP8_112_321	A89_2C_256_257_MAP8	256|257	MAP8	32	native_A89_2C	143	NA
A89_2C_256_257_MAP8_112_321	A89_2C_256_257_MAP8	256|257	MAP8	33	native_A89_2C	144	NA
A89_2C_256_257_MAP8_112_321	A89_2C_256_257_MAP8	256|257	MAP8	34	native_A89_2C	145	NA
A89_2C_256_257_MAP8_112_321	A89_2C_256_257_MAP8	256|257	MAP8	35	native_A89_2C	146	NA
A89_2C_256_257_MAP8_112_321	A89_2C_256_257_MAP8	256|257	MAP8	36	native_A89_2C	147	NA
A89_2C_256_257_MAP8_112_321	A89_2C_256_257_MAP8	256|257	MAP8	37	native_A89_2C	148	NA
A89_2C_256_257_MAP8_112_321	A89_2C_256_257_MAP8	256|257	MAP8	38	native_A89_2C	149	NA
A89_2C_256_257_MAP8_112_321	A89_2C_256_257_MAP8	256|257	MAP8	39	native_A89_2C	150	NA
A89_2C_256_257_MAP8_112_321	A89_2C_256_257_MAP8	256|257	MAP8	40	native_A89_2C	151	NA
A89_2C_256_257_MAP8_112_321	A89_2C_256_257_MAP8	256|257	MAP8	41	native_A89_2C	152	NA
A89_2C_256_257_MAP8_112_321	A89_2C_256_257_MAP8	256|257	MAP8	42	native_A89_2C	153	NA
A89_2C_256_257_MAP8_112_321	A89_2C_256_257_MAP8	256|257	MAP8	43	native_A89_2C	154	NA
A89_2C_256_257_MAP8_112_321	A89_2C_256_257_MAP8	256|257	MAP8	44	native_A89_2C	155	NA
A89_2C_256_257_MAP8_112_321	A89_2C_256_257_MAP8	256|257	MAP8	45	native_A89_2C	156	NA
A89_2C_256_257_MAP8_112_321	A89_2C_256_257_MAP8	256|257	MAP8	46	native_A89_2C	157	NA
A89_2C_256_257_MAP8_112_321	A89_2C_256_257_MAP8	256|257	MAP8	47	native_A89_2C	158	NA
A89_2C_256_257_MAP8_112_321	A89_2C_256_257_MAP8	256|257	MAP8	48	native_A89_2C	159	NA
A89_2C_256_257_MAP8_112_321	A89_2C_256_257_MAP8	256|257	MAP8	49	native_A89_2C	160	NA
A89_2C_256_257_MAP8_112_321	A89_2C_256_257_MAP8	256|257	MAP8	50	native_A89_2C	161	NA
A89_2C_256_257_MAP8_112_321	A89_2C_256_257_MAP8	256|257	MAP8	51	native_A89_2C	162	NA
A89_2C_256_257_MAP8_112_321	A89_2C_256_257_MAP8	256|257	MAP8	52	native_A89_2C	163	NA
A89_2C_256_257_MAP8_112_321	A89_2C_256_257_MAP8	256|257	MAP8	53	native_A89_2C	164	NA
A89_2C_256_257_MAP8_112_321	A89_2C_256_257_MAP8	256|257	MAP8	54	native_A89_2C	165	NA
A89_2C_256_257_MAP8_112_321	A89_2C_256_257_MAP8	256|257	MAP8	55	native_A89_2C	166	NA
A89_2C_256_257_MAP8_112_321	A89_2C_256_257_MAP8	256|257	MAP8	56	native_A89_2C	167	NA
A89_2C_256_257_MAP8_112_321	A89_2C_256_257_MAP8	256|257	MAP8	57	native_A89_2C	168	NA
A89_2C_256_257_MAP8_112_321	A89_2C_256_257_MAP8	256|257	MAP8	58	native_A89_2C	169	NA
A89_2C_256_257_MAP8_112_321	A89_2C_256_257_MAP8	256|257	MAP8	59	native_A89_2C	170	NA
A89_2C_256_257_MAP8_112_321	A89_2C_256_257_MAP8	256|257	MAP8	60	native_A89_2C	171	NA
A89_2C_256_257_MAP8_112_321	A89_2C_256_257_MAP8	256|257	MAP8	61	native_A89_2C	172	NA
A89_2C_256_257_MAP8_112_321	A89_2C_256_257_MAP8	256|257	MAP8	62	native_A89_2C	173	NA
A89_2C_256_257_MAP8_112_321	A89_2C_256_257_MAP8	256|257	MAP8	63	native_A89_2C	174	NA
A89_2C_256_257_MAP8_112_321	A89_2C_256_257_MAP8	256|257	MAP8	64	native_A89_2C	175	NA
A89_2C_256_257_MAP8_112_321	A89_2C_256_257_MAP8	256|257	MAP8	65	native_A89_2C	176	NA
A89_2C_256_257_MAP8_112_321	A89_2C_256_257_MAP8	256|257	MAP8	66	native_A89_2C	177	NA
A89_2C_256_257_MAP8_112_321	A89_2C_256_257_MAP8	256|257	MAP8	67	native_A89_2C	178	NA
A89_2C_256_257_MAP8_112_321	A89_2C_256_257_MAP8	256|257	MAP8	68	native_A89_2C	179	NA
A89_2C_256_257_MAP8_112_321	A89_2C_256_257_MAP8	256|257	MAP8	69	native_A89_2C	180	NA
A89_2C_256_257_MAP8_112_321	A89_2C_256_257_MAP8	256|257	MAP8	70	native_A89_2C	181	NA
A89_2C_256_257_MAP8_112_321	A89_2C_256_257_MAP8	256|257	MAP8	71	native_A89_2C	182	NA
A89_2C_256_257_MAP8_112_321	A89_2C_256_257_MAP8	256|257	MAP8	72	native_A89_2C	183	NA
A89_2C_256_257_MAP8_112_321	A89_2C_256_257_MAP8	256|257	MAP8	73	native_A89_2C	184	NA
A89_2C_256_257_MAP8_112_321	A89_2C_256_257_MAP8	256|257	MAP8	74	native_A89_2C	185	NA
A89_2C_256_257_MAP8_112_321	A89_2C_256_257_MAP8	256|257	MAP8	75	native_A89_2C	186	NA
A89_2C_256_257_MAP8_112_321	A89_2C_256_257_MAP8	256|257	MAP8	76	native_A89_2C	187	NA
A89_2C_256_257_MAP8_112_321	A89_2C_256_257_MAP8	256|257	MAP8	77	native_A89_2C	188	NA
A89_2C_256_257_MAP8_112_321	A89_2C_256_257_MAP8	256|257	MAP8	78	native_A89_2C	189	NA
A89_2C_256_257_MAP8_112_321	A89_2C_256_257_MAP8	256|257	MAP8	79	native_A89_2C	190	NA
A89_2C_256_257_MAP8_112_321	A89_2C_256_257_MAP8	256|257	MAP8	80	native_A89_2C	191	NA
A89_2C_256_257_MAP8_112_321	A89_2C_256_257_MAP8	256|257	MAP8	81	native_A89_2C	192	NA
A89_2C_256_257_MAP8_112_321	A89_2C_256_257_MAP8	256|257	MAP8	82	native_A89_2C	193	NA
A89_2C_256_257_MAP8_112_321	A89_2C_256_257_MAP8	256|257	MAP8	83	native_A89_2C	194	NA
A89_2C_256_257_MAP8_112_321	A89_2C_256_257_MAP8	256|257	MAP8	84	native_A89_2C	195	NA
A89_2C_256_257_MAP8_112_321	A89_2C_256_257_MAP8	256|257	MAP8	85	native_A89_2C	196	NA
A89_2C_256_257_MAP8_112_321	A89_2C_256_257_MAP8	256|257	MAP8	86	native_A89_2C	197	NA
A89_2C_256_257_MAP8_112_321	A89_2C_256_257_MAP8	256|257	MAP8	87	native_A89_2C	198	NA
A89_2C_256_257_MAP8_112_321	A89_2C_256_257_MAP8	256|257	MAP8	88	native_A89_2C	199	NA
A89_2C_256_257_MAP8_112_321	A89_2C_256_257_MAP8	256|257	MAP8	89	native_A89_2C	200	NA
A89_2C_256_257_MAP8_112_321	A89_2C_256_257_MAP8	256|257	MAP8	90	native_A89_2C	201	NA
A89_2C_256_257_MAP8_112_321	A89_2C_256_257_MAP8	256|257	MAP8	91	native_A89_2C	202	NA
A89_2C_256_257_MAP8_112_321	A89_2C_256_257_MAP8	256|257	MAP8	92	native_A89_2C	203	NA
A89_2C_256_257_MAP8_112_321	A89_2C_256_257_MAP8	256|257	MAP8	93	native_A89_2C	204	NA
A89_2C_256_257_MAP8_112_321	A89_2C_256_257_MAP8	256|257	MAP8	94	native_A89_2C	205	NA
A89_2C_256_257_MAP8_112_321	A89_2C_256_257_MAP8	256|257	MAP8	95	native_A89_2C	206	NA
A89_2C_256_257_MAP8_112_321	A89_2C_256_257_MAP8	256|257	MAP8	96	native_A89_2C	207	NA
A89_2C_256_257_MAP8_112_321	A89_2C_256_257_MAP8	256|257	MAP8	97	native_A89_2C	208	NA
A89_2C_256_257_MAP8_112_321	A89_2C_256_257_MAP8	256|257	MAP8	98	native_A89_2C	209	NA
A89_2C_256_257_MAP8_112_321	A89_2C_256_257_MAP8	256|257	MAP8	99	native_A89_2C	210	NA
A89_2C_256_257_MAP8_112_321	A89_2C_256_257_MAP8	256|257	MAP8	100	native_A89_2C	211	NA
A89_2C_256_257_MAP8_112_321	A89_2C_256_257_MAP8	256|257	MAP8	101	native_A89_2C	212	NA
A89_2C_256_257_MAP8_112_321	A89_2C_256_257_MAP8	256|257	MAP8	102	native_A89_2C	213	NA
A89_2C_256_257_MAP8_112_321	A89_2C_256_257_MAP8	256|257	MAP8	103	native_A89_2C	214	NA
A89_2C_256_257_MAP8_112_321	A89_2C_256_257_MAP8	256|257	MAP8	104	native_A89_2C	215	NA
A89_2C_256_257_MAP8_112_321	A89_2C_256_257_MAP8	256|257	MAP8	105	native_A89_2C	216	NA
A89_2C_256_257_MAP8_112_321	A89_2C_256_257_MAP8	256|257	MAP8	106	native_A89_2C	217	NA
A89_2C_256_257_MAP8_112_321	A89_2C_256_257_MAP8	256|257	MAP8	107	native_A89_2C	218	NA
A89_2C_256_257_MAP8_112_321	A89_2C_256_257_MAP8	256|257	MAP8	108	native_A89_2C	219	NA
A89_2C_256_257_MAP8_112_321	A89_2C_256_257_MAP8	256|257	MAP8	109	native_A89_2C	220	NA
A89_2C_256_257_MAP8_112_321	A89_2C_256_257_MAP8	256|257	MAP8	110	native_A89_2C	221	NA
A89_2C_256_257_MAP8_112_321	A89_2C_256_257_MAP8	256|257	MAP8	111	native_A89_2C	222	NA
A89_2C_256_257_MAP8_112_321	A89_2C_256_257_MAP8	256|257	MAP8	112	native_A89_2C	223	NA
A89_2C_256_257_MAP8_112_321	A89_2C_256_257_MAP8	256|257	MAP8	113	native_A89_2C	224	NA
A89_2C_256_257_MAP8_112_321	A89_2C_256_257_MAP8	256|257	MAP8	114	native_A89_2C	225	NA
A89_2C_256_257_MAP8_112_321	A89_2C_256_257_MAP8	256|257	MAP8	115	native_A89_2C	226	NA
A89_2C_256_257_MAP8_112_321	A89_2C_256_257_MAP8	256|257	MAP8	116	native_A89_2C	227	NA
A89_2C_256_257_MAP8_112_321	A89_2C_256_257_MAP8	256|257	MAP8	117	native_A89_2C	228	NA
A89_2C_256_257_MAP8_112_321	A89_2C_256_257_MAP8	256|257	MAP8	118	native_A89_2C	229	NA
A89_2C_256_257_MAP8_112_321	A89_2C_256_257_MAP8	256|257	MAP8	119	native_A89_2C	230	NA
A89_2C_256_257_MAP8_112_321	A89_2C_256_257_MAP8	256|257	MAP8	120	native_A89_2C	231	NA
A89_2C_256_257_MAP8_112_321	A89_2C_256_257_MAP8	256|257	MAP8	121	native_A89_2C	232	NA
A89_2C_256_257_MAP8_112_321	A89_2C_256_257_MAP8	256|257	MAP8	122	native_A89_2C	233	NA
A89_2C_256_257_MAP8_112_321	A89_2C_256_257_MAP8	256|257	MAP8	123	native_A89_2C	234	NA
A89_2C_256_257_MAP8_112_321	A89_2C_256_257_MAP8	256|257	MAP8	124	native_A89_2C	235	NA
A89_2C_256_257_MAP8_112_321	A89_2C_256_257_MAP8	256|257	MAP8	125	native_A89_2C	236	NA
A89_2C_256_257_MAP8_112_321	A89_2C_256_257_MAP8	256|257	MAP8	126	native_A89_2C	237	NA
A89_2C_256_257_MAP8_112_321	A89_2C_256_257_MAP8	256|257	MAP8	127	native_A89_2C	238	NA
A89_2C_256_257_MAP8_112_321	A89_2C_256_257_MAP8	256|257	MAP8	128	native_A89_2C	239	NA
A89_2C_256_257_MAP8_112_321	A89_2C_256_257_MAP8	256|257	MAP8	129	native_A89_2C	240	NA
A89_2C_256_257_MAP8_112_321	A89_2C_256_257_MAP8	256|257	MAP8	130	native_A89_2C	241	NA
A89_2C_256_257_MAP8_112_321	A89_2C_256_257_MAP8	256|257	MAP8	131	native_A89_2C	242	NA
A89_2C_256_257_MAP8_112_321	A89_2C_256_257_MAP8	256|257	MAP8	132	native_A89_2C	243	NA
A89_2C_256_257_MAP8_112_321	A89_2C_256_257_MAP8	256|257	MAP8	133	native_A89_2C	244	NA
A89_2C_256_257_MAP8_112_321	A89_2C_256_257_MAP8	256|257	MAP8	134	native_A89_2C	245	NA
A89_2C_256_257_MAP8_112_321	A89_2C_256_257_MAP8	256|257	MAP8	135	native_A89_2C	246	NA
A89_2C_256_257_MAP8_112_321	A89_2C_256_257_MAP8	256|257	MAP8	136	native_A89_2C	247	NA
A89_2C_256_257_MAP8_112_321	A89_2C_256_257_MAP8	256|257	MAP8	137	native_A89_2C	248	NA
A89_2C_256_257_MAP8_112_321	A89_2C_256_257_MAP8	256|257	MAP8	138	native_A89_2C	249	NA
A89_2C_256_257_MAP8_112_321	A89_2C_256_257_MAP8	256|257	MAP8	139	native_A89_2C	250	NA
A89_2C_256_257_MAP8_112_321	A89_2C_256_257_MAP8	256|257	MAP8	140	native_A89_2C	251	NA
A89_2C_256_257_MAP8_112_321	A89_2C_256_257_MAP8	256|257	MAP8	141	native_A89_2C	252	NA
A89_2C_256_257_MAP8_112_321	A89_2C_256_257_MAP8	256|257	MAP8	142	native_A89_2C	253	NA
A89_2C_256_257_MAP8_112_321	A89_2C_256_257_MAP8	256|257	MAP8	143	native_A89_2C	254	NA
A89_2C_256_257_MAP8_112_321	A89_2C_256_257_MAP8	256|257	MAP8	144	native_A89_2C	255	NA
A89_2C_256_257_MAP8_112_321	A89_2C_256_257_MAP8	256|257	MAP8	145	native_A89_2C	256	NA
A89_2C_256_257_MAP8_112_321	A89_2C_256_257_MAP8	256|257	MAP8	146	inserted_tag	NA	1
A89_2C_256_257_MAP8_112_321	A89_2C_256_257_MAP8	256|257	MAP8	147	inserted_tag	NA	2
A89_2C_256_257_MAP8_112_321	A89_2C_256_257_MAP8	256|257	MAP8	148	inserted_tag	NA	3
A89_2C_256_257_MAP8_112_321	A89_2C_256_257_MAP8	256|257	MAP8	149	inserted_tag	NA	4
A89_2C_256_257_MAP8_112_321	A89_2C_256_257_MAP8	256|257	MAP8	150	inserted_tag	NA	5
A89_2C_256_257_MAP8_112_321	A89_2C_256_257_MAP8	256|257	MAP8	151	inserted_tag	NA	6
A89_2C_256_257_MAP8_112_321	A89_2C_256_257_MAP8	256|257	MAP8	152	inserted_tag	NA	7
A89_2C_256_257_MAP8_112_321	A89_2C_256_257_MAP8	256|257	MAP8	153	inserted_tag	NA	8
A89_2C_256_257_MAP8_112_321	A89_2C_256_257_MAP8	256|257	MAP8	154	native_A89_2C	257	NA
A89_2C_256_257_MAP8_112_321	A89_2C_256_257_MAP8	256|257	MAP8	155	native_A89_2C	258	NA
A89_2C_256_257_MAP8_112_321	A89_2C_256_257_MAP8	256|257	MAP8	156	native_A89_2C	259	NA
A89_2C_256_257_MAP8_112_321	A89_2C_256_257_MAP8	256|257	MAP8	157	native_A89_2C	260	NA
A89_2C_256_257_MAP8_112_321	A89_2C_256_257_MAP8	256|257	MAP8	158	native_A89_2C	261	NA
A89_2C_256_257_MAP8_112_321	A89_2C_256_257_MAP8	256|257	MAP8	159	native_A89_2C	262	NA
A89_2C_256_257_MAP8_112_321	A89_2C_256_257_MAP8	256|257	MAP8	160	native_A89_2C	263	NA
A89_2C_256_257_MAP8_112_321	A89_2C_256_257_MAP8	256|257	MAP8	161	native_A89_2C	264	NA
A89_2C_256_257_MAP8_112_321	A89_2C_256_257_MAP8	256|257	MAP8	162	native_A89_2C	265	NA
A89_2C_256_257_MAP8_112_321	A89_2C_256_257_MAP8	256|257	MAP8	163	native_A89_2C	266	NA
A89_2C_256_257_MAP8_112_321	A89_2C_256_257_MAP8	256|257	MAP8	164	native_A89_2C	267	NA
A89_2C_256_257_MAP8_112_321	A89_2C_256_257_MAP8	256|257	MAP8	165	native_A89_2C	268	NA
A89_2C_256_257_MAP8_112_321	A89_2C_256_257_MAP8	256|257	MAP8	166	native_A89_2C	269	NA
A89_2C_256_257_MAP8_112_321	A89_2C_256_257_MAP8	256|257	MAP8	167	native_A89_2C	270	NA
A89_2C_256_257_MAP8_112_321	A89_2C_256_257_MAP8	256|257	MAP8	168	native_A89_2C	271	NA
A89_2C_256_257_MAP8_112_321	A89_2C_256_257_MAP8	256|257	MAP8	169	native_A89_2C	272	NA
A89_2C_256_257_MAP8_112_321	A89_2C_256_257_MAP8	256|257	MAP8	170	native_A89_2C	273	NA
A89_2C_256_257_MAP8_112_321	A89_2C_256_257_MAP8	256|257	MAP8	171	native_A89_2C	274	NA
A89_2C_256_257_MAP8_112_321	A89_2C_256_257_MAP8	256|257	MAP8	172	native_A89_2C	275	NA
A89_2C_256_257_MAP8_112_321	A89_2C_256_257_MAP8	256|257	MAP8	173	native_A89_2C	276	NA
A89_2C_256_257_MAP8_112_321	A89_2C_256_257_MAP8	256|257	MAP8	174	native_A89_2C	277	NA
A89_2C_256_257_MAP8_112_321	A89_2C_256_257_MAP8	256|257	MAP8	175	native_A89_2C	278	NA
A89_2C_256_257_MAP8_112_321	A89_2C_256_257_MAP8	256|257	MAP8	176	native_A89_2C	279	NA
A89_2C_256_257_MAP8_112_321	A89_2C_256_257_MAP8	256|257	MAP8	177	native_A89_2C	280	NA
A89_2C_256_257_MAP8_112_321	A89_2C_256_257_MAP8	256|257	MAP8	178	native_A89_2C	281	NA
A89_2C_256_257_MAP8_112_321	A89_2C_256_257_MAP8	256|257	MAP8	179	native_A89_2C	282	NA
A89_2C_256_257_MAP8_112_321	A89_2C_256_257_MAP8	256|257	MAP8	180	native_A89_2C	283	NA
A89_2C_256_257_MAP8_112_321	A89_2C_256_257_MAP8	256|257	MAP8	181	native_A89_2C	284	NA
A89_2C_256_257_MAP8_112_321	A89_2C_256_257_MAP8	256|257	MAP8	182	native_A89_2C	285	NA
A89_2C_256_257_MAP8_112_321	A89_2C_256_257_MAP8	256|257	MAP8	183	native_A89_2C	286	NA
A89_2C_256_257_MAP8_112_321	A89_2C_256_257_MAP8	256|257	MAP8	184	native_A89_2C	287	NA
A89_2C_256_257_MAP8_112_321	A89_2C_256_257_MAP8	256|257	MAP8	185	native_A89_2C	288	NA
A89_2C_256_257_MAP8_112_321	A89_2C_256_257_MAP8	256|257	MAP8	186	native_A89_2C	289	NA
A89_2C_256_257_MAP8_112_321	A89_2C_256_257_MAP8	256|257	MAP8	187	native_A89_2C	290	NA
A89_2C_256_257_MAP8_112_321	A89_2C_256_257_MAP8	256|257	MAP8	188	native_A89_2C	291	NA
A89_2C_256_257_MAP8_112_321	A89_2C_256_257_MAP8	256|257	MAP8	189	native_A89_2C	292	NA
A89_2C_256_257_MAP8_112_321	A89_2C_256_257_MAP8	256|257	MAP8	190	native_A89_2C	293	NA
A89_2C_256_257_MAP8_112_321	A89_2C_256_257_MAP8	256|257	MAP8	191	native_A89_2C	294	NA
A89_2C_256_257_MAP8_112_321	A89_2C_256_257_MAP8	256|257	MAP8	192	native_A89_2C	295	NA
A89_2C_256_257_MAP8_112_321	A89_2C_256_257_MAP8	256|257	MAP8	193	native_A89_2C	296	NA
A89_2C_256_257_MAP8_112_321	A89_2C_256_257_MAP8	256|257	MAP8	194	native_A89_2C	297	NA
A89_2C_256_257_MAP8_112_321	A89_2C_256_257_MAP8	256|257	MAP8	195	native_A89_2C	298	NA
A89_2C_256_257_MAP8_112_321	A89_2C_256_257_MAP8	256|257	MAP8	196	native_A89_2C	299	NA
A89_2C_256_257_MAP8_112_321	A89_2C_256_257_MAP8	256|257	MAP8	197	native_A89_2C	300	NA
A89_2C_256_257_MAP8_112_321	A89_2C_256_257_MAP8	256|257	MAP8	198	native_A89_2C	301	NA
A89_2C_256_257_MAP8_112_321	A89_2C_256_257_MAP8	256|257	MAP8	199	native_A89_2C	302	NA
A89_2C_256_257_MAP8_112_321	A89_2C_256_257_MAP8	256|257	MAP8	200	native_A89_2C	303	NA
A89_2C_256_257_MAP8_112_321	A89_2C_256_257_MAP8	256|257	MAP8	201	native_A89_2C	304	NA
A89_2C_256_257_MAP8_112_321	A89_2C_256_257_MAP8	256|257	MAP8	202	native_A89_2C	305	NA
A89_2C_256_257_MAP8_112_321	A89_2C_256_257_MAP8	256|257	MAP8	203	native_A89_2C	306	NA
A89_2C_256_257_MAP8_112_321	A89_2C_256_257_MAP8	256|257	MAP8	204	native_A89_2C	307	NA
A89_2C_256_257_MAP8_112_321	A89_2C_256_257_MAP8	256|257	MAP8	205	native_A89_2C	308	NA
A89_2C_256_257_MAP8_112_321	A89_2C_256_257_MAP8	256|257	MAP8	206	native_A89_2C	309	NA
A89_2C_256_257_MAP8_112_321	A89_2C_256_257_MAP8	256|257	MAP8	207	native_A89_2C	310	NA
A89_2C_256_257_MAP8_112_321	A89_2C_256_257_MAP8	256|257	MAP8	208	native_A89_2C	311	NA
A89_2C_256_257_MAP8_112_321	A89_2C_256_257_MAP8	256|257	MAP8	209	native_A89_2C	312	NA
A89_2C_256_257_MAP8_112_321	A89_2C_256_257_MAP8	256|257	MAP8	210	native_A89_2C	313	NA
A89_2C_256_257_MAP8_112_321	A89_2C_256_257_MAP8	256|257	MAP8	211	native_A89_2C	314	NA
A89_2C_256_257_MAP8_112_321	A89_2C_256_257_MAP8	256|257	MAP8	212	native_A89_2C	315	NA
A89_2C_256_257_MAP8_112_321	A89_2C_256_257_MAP8	256|257	MAP8	213	native_A89_2C	316	NA
A89_2C_256_257_MAP8_112_321	A89_2C_256_257_MAP8	256|257	MAP8	214	native_A89_2C	317	NA
A89_2C_256_257_MAP8_112_321	A89_2C_256_257_MAP8	256|257	MAP8	215	native_A89_2C	318	NA
A89_2C_256_257_MAP8_112_321	A89_2C_256_257_MAP8	256|257	MAP8	216	native_A89_2C	319	NA
A89_2C_256_257_MAP8_112_321	A89_2C_256_257_MAP8	256|257	MAP8	217	native_A89_2C	320	NA
A89_2C_256_257_MAP8_112_321	A89_2C_256_257_MAP8	256|257	MAP8	218	native_A89_2C	321	NA
A89_2C_155_156_MAP8_112_321	A89_2C_155_156_MAP8	155|156	MAP8	1	native_A89_2C	112	NA
A89_2C_155_156_MAP8_112_321	A89_2C_155_156_MAP8	155|156	MAP8	2	native_A89_2C	113	NA
A89_2C_155_156_MAP8_112_321	A89_2C_155_156_MAP8	155|156	MAP8	3	native_A89_2C	114	NA
A89_2C_155_156_MAP8_112_321	A89_2C_155_156_MAP8	155|156	MAP8	4	native_A89_2C	115	NA
A89_2C_155_156_MAP8_112_321	A89_2C_155_156_MAP8	155|156	MAP8	5	native_A89_2C	116	NA
A89_2C_155_156_MAP8_112_321	A89_2C_155_156_MAP8	155|156	MAP8	6	native_A89_2C	117	NA
A89_2C_155_156_MAP8_112_321	A89_2C_155_156_MAP8	155|156	MAP8	7	native_A89_2C	118	NA
A89_2C_155_156_MAP8_112_321	A89_2C_155_156_MAP8	155|156	MAP8	8	native_A89_2C	119	NA
A89_2C_155_156_MAP8_112_321	A89_2C_155_156_MAP8	155|156	MAP8	9	native_A89_2C	120	NA
A89_2C_155_156_MAP8_112_321	A89_2C_155_156_MAP8	155|156	MAP8	10	native_A89_2C	121	NA
A89_2C_155_156_MAP8_112_321	A89_2C_155_156_MAP8	155|156	MAP8	11	native_A89_2C	122	NA
A89_2C_155_156_MAP8_112_321	A89_2C_155_156_MAP8	155|156	MAP8	12	native_A89_2C	123	NA
A89_2C_155_156_MAP8_112_321	A89_2C_155_156_MAP8	155|156	MAP8	13	native_A89_2C	124	NA
A89_2C_155_156_MAP8_112_321	A89_2C_155_156_MAP8	155|156	MAP8	14	native_A89_2C	125	NA
A89_2C_155_156_MAP8_112_321	A89_2C_155_156_MAP8	155|156	MAP8	15	native_A89_2C	126	NA
A89_2C_155_156_MAP8_112_321	A89_2C_155_156_MAP8	155|156	MAP8	16	native_A89_2C	127	NA
A89_2C_155_156_MAP8_112_321	A89_2C_155_156_MAP8	155|156	MAP8	17	native_A89_2C	128	NA
A89_2C_155_156_MAP8_112_321	A89_2C_155_156_MAP8	155|156	MAP8	18	native_A89_2C	129	NA
A89_2C_155_156_MAP8_112_321	A89_2C_155_156_MAP8	155|156	MAP8	19	native_A89_2C	130	NA
A89_2C_155_156_MAP8_112_321	A89_2C_155_156_MAP8	155|156	MAP8	20	native_A89_2C	131	NA
A89_2C_155_156_MAP8_112_321	A89_2C_155_156_MAP8	155|156	MAP8	21	native_A89_2C	132	NA
A89_2C_155_156_MAP8_112_321	A89_2C_155_156_MAP8	155|156	MAP8	22	native_A89_2C	133	NA
A89_2C_155_156_MAP8_112_321	A89_2C_155_156_MAP8	155|156	MAP8	23	native_A89_2C	134	NA
A89_2C_155_156_MAP8_112_321	A89_2C_155_156_MAP8	155|156	MAP8	24	native_A89_2C	135	NA
A89_2C_155_156_MAP8_112_321	A89_2C_155_156_MAP8	155|156	MAP8	25	native_A89_2C	136	NA
A89_2C_155_156_MAP8_112_321	A89_2C_155_156_MAP8	155|156	MAP8	26	native_A89_2C	137	NA
A89_2C_155_156_MAP8_112_321	A89_2C_155_156_MAP8	155|156	MAP8	27	native_A89_2C	138	NA
A89_2C_155_156_MAP8_112_321	A89_2C_155_156_MAP8	155|156	MAP8	28	native_A89_2C	139	NA
A89_2C_155_156_MAP8_112_321	A89_2C_155_156_MAP8	155|156	MAP8	29	native_A89_2C	140	NA
A89_2C_155_156_MAP8_112_321	A89_2C_155_156_MAP8	155|156	MAP8	30	native_A89_2C	141	NA
A89_2C_155_156_MAP8_112_321	A89_2C_155_156_MAP8	155|156	MAP8	31	native_A89_2C	142	NA
A89_2C_155_156_MAP8_112_321	A89_2C_155_156_MAP8	155|156	MAP8	32	native_A89_2C	143	NA
A89_2C_155_156_MAP8_112_321	A89_2C_155_156_MAP8	155|156	MAP8	33	native_A89_2C	144	NA
A89_2C_155_156_MAP8_112_321	A89_2C_155_156_MAP8	155|156	MAP8	34	native_A89_2C	145	NA
A89_2C_155_156_MAP8_112_321	A89_2C_155_156_MAP8	155|156	MAP8	35	native_A89_2C	146	NA
A89_2C_155_156_MAP8_112_321	A89_2C_155_156_MAP8	155|156	MAP8	36	native_A89_2C	147	NA
A89_2C_155_156_MAP8_112_321	A89_2C_155_156_MAP8	155|156	MAP8	37	native_A89_2C	148	NA
A89_2C_155_156_MAP8_112_321	A89_2C_155_156_MAP8	155|156	MAP8	38	native_A89_2C	149	NA
A89_2C_155_156_MAP8_112_321	A89_2C_155_156_MAP8	155|156	MAP8	39	native_A89_2C	150	NA
A89_2C_155_156_MAP8_112_321	A89_2C_155_156_MAP8	155|156	MAP8	40	native_A89_2C	151	NA
A89_2C_155_156_MAP8_112_321	A89_2C_155_156_MAP8	155|156	MAP8	41	native_A89_2C	152	NA
A89_2C_155_156_MAP8_112_321	A89_2C_155_156_MAP8	155|156	MAP8	42	native_A89_2C	153	NA
A89_2C_155_156_MAP8_112_321	A89_2C_155_156_MAP8	155|156	MAP8	43	native_A89_2C	154	NA
A89_2C_155_156_MAP8_112_321	A89_2C_155_156_MAP8	155|156	MAP8	44	native_A89_2C	155	NA
A89_2C_155_156_MAP8_112_321	A89_2C_155_156_MAP8	155|156	MAP8	45	inserted_tag	NA	1
A89_2C_155_156_MAP8_112_321	A89_2C_155_156_MAP8	155|156	MAP8	46	inserted_tag	NA	2
A89_2C_155_156_MAP8_112_321	A89_2C_155_156_MAP8	155|156	MAP8	47	inserted_tag	NA	3
A89_2C_155_156_MAP8_112_321	A89_2C_155_156_MAP8	155|156	MAP8	48	inserted_tag	NA	4
A89_2C_155_156_MAP8_112_321	A89_2C_155_156_MAP8	155|156	MAP8	49	inserted_tag	NA	5
A89_2C_155_156_MAP8_112_321	A89_2C_155_156_MAP8	155|156	MAP8	50	inserted_tag	NA	6
A89_2C_155_156_MAP8_112_321	A89_2C_155_156_MAP8	155|156	MAP8	51	inserted_tag	NA	7
A89_2C_155_156_MAP8_112_321	A89_2C_155_156_MAP8	155|156	MAP8	52	inserted_tag	NA	8
A89_2C_155_156_MAP8_112_321	A89_2C_155_156_MAP8	155|156	MAP8	53	native_A89_2C	156	NA
A89_2C_155_156_MAP8_112_321	A89_2C_155_156_MAP8	155|156	MAP8	54	native_A89_2C	157	NA
A89_2C_155_156_MAP8_112_321	A89_2C_155_156_MAP8	155|156	MAP8	55	native_A89_2C	158	NA
A89_2C_155_156_MAP8_112_321	A89_2C_155_156_MAP8	155|156	MAP8	56	native_A89_2C	159	NA
A89_2C_155_156_MAP8_112_321	A89_2C_155_156_MAP8	155|156	MAP8	57	native_A89_2C	160	NA
A89_2C_155_156_MAP8_112_321	A89_2C_155_156_MAP8	155|156	MAP8	58	native_A89_2C	161	NA
A89_2C_155_156_MAP8_112_321	A89_2C_155_156_MAP8	155|156	MAP8	59	native_A89_2C	162	NA
A89_2C_155_156_MAP8_112_321	A89_2C_155_156_MAP8	155|156	MAP8	60	native_A89_2C	163	NA
A89_2C_155_156_MAP8_112_321	A89_2C_155_156_MAP8	155|156	MAP8	61	native_A89_2C	164	NA
A89_2C_155_156_MAP8_112_321	A89_2C_155_156_MAP8	155|156	MAP8	62	native_A89_2C	165	NA
A89_2C_155_156_MAP8_112_321	A89_2C_155_156_MAP8	155|156	MAP8	63	native_A89_2C	166	NA
A89_2C_155_156_MAP8_112_321	A89_2C_155_156_MAP8	155|156	MAP8	64	native_A89_2C	167	NA
A89_2C_155_156_MAP8_112_321	A89_2C_155_156_MAP8	155|156	MAP8	65	native_A89_2C	168	NA
A89_2C_155_156_MAP8_112_321	A89_2C_155_156_MAP8	155|156	MAP8	66	native_A89_2C	169	NA
A89_2C_155_156_MAP8_112_321	A89_2C_155_156_MAP8	155|156	MAP8	67	native_A89_2C	170	NA
A89_2C_155_156_MAP8_112_321	A89_2C_155_156_MAP8	155|156	MAP8	68	native_A89_2C	171	NA
A89_2C_155_156_MAP8_112_321	A89_2C_155_156_MAP8	155|156	MAP8	69	native_A89_2C	172	NA
A89_2C_155_156_MAP8_112_321	A89_2C_155_156_MAP8	155|156	MAP8	70	native_A89_2C	173	NA
A89_2C_155_156_MAP8_112_321	A89_2C_155_156_MAP8	155|156	MAP8	71	native_A89_2C	174	NA
A89_2C_155_156_MAP8_112_321	A89_2C_155_156_MAP8	155|156	MAP8	72	native_A89_2C	175	NA
A89_2C_155_156_MAP8_112_321	A89_2C_155_156_MAP8	155|156	MAP8	73	native_A89_2C	176	NA
A89_2C_155_156_MAP8_112_321	A89_2C_155_156_MAP8	155|156	MAP8	74	native_A89_2C	177	NA
A89_2C_155_156_MAP8_112_321	A89_2C_155_156_MAP8	155|156	MAP8	75	native_A89_2C	178	NA
A89_2C_155_156_MAP8_112_321	A89_2C_155_156_MAP8	155|156	MAP8	76	native_A89_2C	179	NA
A89_2C_155_156_MAP8_112_321	A89_2C_155_156_MAP8	155|156	MAP8	77	native_A89_2C	180	NA
A89_2C_155_156_MAP8_112_321	A89_2C_155_156_MAP8	155|156	MAP8	78	native_A89_2C	181	NA
A89_2C_155_156_MAP8_112_321	A89_2C_155_156_MAP8	155|156	MAP8	79	native_A89_2C	182	NA
A89_2C_155_156_MAP8_112_321	A89_2C_155_156_MAP8	155|156	MAP8	80	native_A89_2C	183	NA
A89_2C_155_156_MAP8_112_321	A89_2C_155_156_MAP8	155|156	MAP8	81	native_A89_2C	184	NA
A89_2C_155_156_MAP8_112_321	A89_2C_155_156_MAP8	155|156	MAP8	82	native_A89_2C	185	NA
A89_2C_155_156_MAP8_112_321	A89_2C_155_156_MAP8	155|156	MAP8	83	native_A89_2C	186	NA
A89_2C_155_156_MAP8_112_321	A89_2C_155_156_MAP8	155|156	MAP8	84	native_A89_2C	187	NA
A89_2C_155_156_MAP8_112_321	A89_2C_155_156_MAP8	155|156	MAP8	85	native_A89_2C	188	NA
A89_2C_155_156_MAP8_112_321	A89_2C_155_156_MAP8	155|156	MAP8	86	native_A89_2C	189	NA
A89_2C_155_156_MAP8_112_321	A89_2C_155_156_MAP8	155|156	MAP8	87	native_A89_2C	190	NA
A89_2C_155_156_MAP8_112_321	A89_2C_155_156_MAP8	155|156	MAP8	88	native_A89_2C	191	NA
A89_2C_155_156_MAP8_112_321	A89_2C_155_156_MAP8	155|156	MAP8	89	native_A89_2C	192	NA
A89_2C_155_156_MAP8_112_321	A89_2C_155_156_MAP8	155|156	MAP8	90	native_A89_2C	193	NA
A89_2C_155_156_MAP8_112_321	A89_2C_155_156_MAP8	155|156	MAP8	91	native_A89_2C	194	NA
A89_2C_155_156_MAP8_112_321	A89_2C_155_156_MAP8	155|156	MAP8	92	native_A89_2C	195	NA
A89_2C_155_156_MAP8_112_321	A89_2C_155_156_MAP8	155|156	MAP8	93	native_A89_2C	196	NA
A89_2C_155_156_MAP8_112_321	A89_2C_155_156_MAP8	155|156	MAP8	94	native_A89_2C	197	NA
A89_2C_155_156_MAP8_112_321	A89_2C_155_156_MAP8	155|156	MAP8	95	native_A89_2C	198	NA
A89_2C_155_156_MAP8_112_321	A89_2C_155_156_MAP8	155|156	MAP8	96	native_A89_2C	199	NA
A89_2C_155_156_MAP8_112_321	A89_2C_155_156_MAP8	155|156	MAP8	97	native_A89_2C	200	NA
A89_2C_155_156_MAP8_112_321	A89_2C_155_156_MAP8	155|156	MAP8	98	native_A89_2C	201	NA
A89_2C_155_156_MAP8_112_321	A89_2C_155_156_MAP8	155|156	MAP8	99	native_A89_2C	202	NA
A89_2C_155_156_MAP8_112_321	A89_2C_155_156_MAP8	155|156	MAP8	100	native_A89_2C	203	NA
A89_2C_155_156_MAP8_112_321	A89_2C_155_156_MAP8	155|156	MAP8	101	native_A89_2C	204	NA
A89_2C_155_156_MAP8_112_321	A89_2C_155_156_MAP8	155|156	MAP8	102	native_A89_2C	205	NA
A89_2C_155_156_MAP8_112_321	A89_2C_155_156_MAP8	155|156	MAP8	103	native_A89_2C	206	NA
A89_2C_155_156_MAP8_112_321	A89_2C_155_156_MAP8	155|156	MAP8	104	native_A89_2C	207	NA
A89_2C_155_156_MAP8_112_321	A89_2C_155_156_MAP8	155|156	MAP8	105	native_A89_2C	208	NA
A89_2C_155_156_MAP8_112_321	A89_2C_155_156_MAP8	155|156	MAP8	106	native_A89_2C	209	NA
A89_2C_155_156_MAP8_112_321	A89_2C_155_156_MAP8	155|156	MAP8	107	native_A89_2C	210	NA
A89_2C_155_156_MAP8_112_321	A89_2C_155_156_MAP8	155|156	MAP8	108	native_A89_2C	211	NA
A89_2C_155_156_MAP8_112_321	A89_2C_155_156_MAP8	155|156	MAP8	109	native_A89_2C	212	NA
A89_2C_155_156_MAP8_112_321	A89_2C_155_156_MAP8	155|156	MAP8	110	native_A89_2C	213	NA
A89_2C_155_156_MAP8_112_321	A89_2C_155_156_MAP8	155|156	MAP8	111	native_A89_2C	214	NA
A89_2C_155_156_MAP8_112_321	A89_2C_155_156_MAP8	155|156	MAP8	112	native_A89_2C	215	NA
A89_2C_155_156_MAP8_112_321	A89_2C_155_156_MAP8	155|156	MAP8	113	native_A89_2C	216	NA
A89_2C_155_156_MAP8_112_321	A89_2C_155_156_MAP8	155|156	MAP8	114	native_A89_2C	217	NA
A89_2C_155_156_MAP8_112_321	A89_2C_155_156_MAP8	155|156	MAP8	115	native_A89_2C	218	NA
A89_2C_155_156_MAP8_112_321	A89_2C_155_156_MAP8	155|156	MAP8	116	native_A89_2C	219	NA
A89_2C_155_156_MAP8_112_321	A89_2C_155_156_MAP8	155|156	MAP8	117	native_A89_2C	220	NA
A89_2C_155_156_MAP8_112_321	A89_2C_155_156_MAP8	155|156	MAP8	118	native_A89_2C	221	NA
A89_2C_155_156_MAP8_112_321	A89_2C_155_156_MAP8	155|156	MAP8	119	native_A89_2C	222	NA
A89_2C_155_156_MAP8_112_321	A89_2C_155_156_MAP8	155|156	MAP8	120	native_A89_2C	223	NA
A89_2C_155_156_MAP8_112_321	A89_2C_155_156_MAP8	155|156	MAP8	121	native_A89_2C	224	NA
A89_2C_155_156_MAP8_112_321	A89_2C_155_156_MAP8	155|156	MAP8	122	native_A89_2C	225	NA
A89_2C_155_156_MAP8_112_321	A89_2C_155_156_MAP8	155|156	MAP8	123	native_A89_2C	226	NA
A89_2C_155_156_MAP8_112_321	A89_2C_155_156_MAP8	155|156	MAP8	124	native_A89_2C	227	NA
A89_2C_155_156_MAP8_112_321	A89_2C_155_156_MAP8	155|156	MAP8	125	native_A89_2C	228	NA
A89_2C_155_156_MAP8_112_321	A89_2C_155_156_MAP8	155|156	MAP8	126	native_A89_2C	229	NA
A89_2C_155_156_MAP8_112_321	A89_2C_155_156_MAP8	155|156	MAP8	127	native_A89_2C	230	NA
A89_2C_155_156_MAP8_112_321	A89_2C_155_156_MAP8	155|156	MAP8	128	native_A89_2C	231	NA
A89_2C_155_156_MAP8_112_321	A89_2C_155_156_MAP8	155|156	MAP8	129	native_A89_2C	232	NA
A89_2C_155_156_MAP8_112_321	A89_2C_155_156_MAP8	155|156	MAP8	130	native_A89_2C	233	NA
A89_2C_155_156_MAP8_112_321	A89_2C_155_156_MAP8	155|156	MAP8	131	native_A89_2C	234	NA
A89_2C_155_156_MAP8_112_321	A89_2C_155_156_MAP8	155|156	MAP8	132	native_A89_2C	235	NA
A89_2C_155_156_MAP8_112_321	A89_2C_155_156_MAP8	155|156	MAP8	133	native_A89_2C	236	NA
A89_2C_155_156_MAP8_112_321	A89_2C_155_156_MAP8	155|156	MAP8	134	native_A89_2C	237	NA
A89_2C_155_156_MAP8_112_321	A89_2C_155_156_MAP8	155|156	MAP8	135	native_A89_2C	238	NA
A89_2C_155_156_MAP8_112_321	A89_2C_155_156_MAP8	155|156	MAP8	136	native_A89_2C	239	NA
A89_2C_155_156_MAP8_112_321	A89_2C_155_156_MAP8	155|156	MAP8	137	native_A89_2C	240	NA
A89_2C_155_156_MAP8_112_321	A89_2C_155_156_MAP8	155|156	MAP8	138	native_A89_2C	241	NA
A89_2C_155_156_MAP8_112_321	A89_2C_155_156_MAP8	155|156	MAP8	139	native_A89_2C	242	NA
A89_2C_155_156_MAP8_112_321	A89_2C_155_156_MAP8	155|156	MAP8	140	native_A89_2C	243	NA
A89_2C_155_156_MAP8_112_321	A89_2C_155_156_MAP8	155|156	MAP8	141	native_A89_2C	244	NA
A89_2C_155_156_MAP8_112_321	A89_2C_155_156_MAP8	155|156	MAP8	142	native_A89_2C	245	NA
A89_2C_155_156_MAP8_112_321	A89_2C_155_156_MAP8	155|156	MAP8	143	native_A89_2C	246	NA
A89_2C_155_156_MAP8_112_321	A89_2C_155_156_MAP8	155|156	MAP8	144	native_A89_2C	247	NA
A89_2C_155_156_MAP8_112_321	A89_2C_155_156_MAP8	155|156	MAP8	145	native_A89_2C	248	NA
A89_2C_155_156_MAP8_112_321	A89_2C_155_156_MAP8	155|156	MAP8	146	native_A89_2C	249	NA
A89_2C_155_156_MAP8_112_321	A89_2C_155_156_MAP8	155|156	MAP8	147	native_A89_2C	250	NA
A89_2C_155_156_MAP8_112_321	A89_2C_155_156_MAP8	155|156	MAP8	148	native_A89_2C	251	NA
A89_2C_155_156_MAP8_112_321	A89_2C_155_156_MAP8	155|156	MAP8	149	native_A89_2C	252	NA
A89_2C_155_156_MAP8_112_321	A89_2C_155_156_MAP8	155|156	MAP8	150	native_A89_2C	253	NA
A89_2C_155_156_MAP8_112_321	A89_2C_155_156_MAP8	155|156	MAP8	151	native_A89_2C	254	NA
A89_2C_155_156_MAP8_112_321	A89_2C_155_156_MAP8	155|156	MAP8	152	native_A89_2C	255	NA
A89_2C_155_156_MAP8_112_321	A89_2C_155_156_MAP8	155|156	MAP8	153	native_A89_2C	256	NA
A89_2C_155_156_MAP8_112_321	A89_2C_155_156_MAP8	155|156	MAP8	154	native_A89_2C	257	NA
A89_2C_155_156_MAP8_112_321	A89_2C_155_156_MAP8	155|156	MAP8	155	native_A89_2C	258	NA
A89_2C_155_156_MAP8_112_321	A89_2C_155_156_MAP8	155|156	MAP8	156	native_A89_2C	259	NA
A89_2C_155_156_MAP8_112_321	A89_2C_155_156_MAP8	155|156	MAP8	157	native_A89_2C	260	NA
A89_2C_155_156_MAP8_112_321	A89_2C_155_156_MAP8	155|156	MAP8	158	native_A89_2C	261	NA
A89_2C_155_156_MAP8_112_321	A89_2C_155_156_MAP8	155|156	MAP8	159	native_A89_2C	262	NA
A89_2C_155_156_MAP8_112_321	A89_2C_155_156_MAP8	155|156	MAP8	160	native_A89_2C	263	NA
A89_2C_155_156_MAP8_112_321	A89_2C_155_156_MAP8	155|156	MAP8	161	native_A89_2C	264	NA
A89_2C_155_156_MAP8_112_321	A89_2C_155_156_MAP8	155|156	MAP8	162	native_A89_2C	265	NA
A89_2C_155_156_MAP8_112_321	A89_2C_155_156_MAP8	155|156	MAP8	163	native_A89_2C	266	NA
A89_2C_155_156_MAP8_112_321	A89_2C_155_156_MAP8	155|156	MAP8	164	native_A89_2C	267	NA
A89_2C_155_156_MAP8_112_321	A89_2C_155_156_MAP8	155|156	MAP8	165	native_A89_2C	268	NA
A89_2C_155_156_MAP8_112_321	A89_2C_155_156_MAP8	155|156	MAP8	166	native_A89_2C	269	NA
A89_2C_155_156_MAP8_112_321	A89_2C_155_156_MAP8	155|156	MAP8	167	native_A89_2C	270	NA
A89_2C_155_156_MAP8_112_321	A89_2C_155_156_MAP8	155|156	MAP8	168	native_A89_2C	271	NA
A89_2C_155_156_MAP8_112_321	A89_2C_155_156_MAP8	155|156	MAP8	169	native_A89_2C	272	NA
A89_2C_155_156_MAP8_112_321	A89_2C_155_156_MAP8	155|156	MAP8	170	native_A89_2C	273	NA
A89_2C_155_156_MAP8_112_321	A89_2C_155_156_MAP8	155|156	MAP8	171	native_A89_2C	274	NA
A89_2C_155_156_MAP8_112_321	A89_2C_155_156_MAP8	155|156	MAP8	172	native_A89_2C	275	NA
A89_2C_155_156_MAP8_112_321	A89_2C_155_156_MAP8	155|156	MAP8	173	native_A89_2C	276	NA
A89_2C_155_156_MAP8_112_321	A89_2C_155_156_MAP8	155|156	MAP8	174	native_A89_2C	277	NA
A89_2C_155_156_MAP8_112_321	A89_2C_155_156_MAP8	155|156	MAP8	175	native_A89_2C	278	NA
A89_2C_155_156_MAP8_112_321	A89_2C_155_156_MAP8	155|156	MAP8	176	native_A89_2C	279	NA
A89_2C_155_156_MAP8_112_321	A89_2C_155_156_MAP8	155|156	MAP8	177	native_A89_2C	280	NA
A89_2C_155_156_MAP8_112_321	A89_2C_155_156_MAP8	155|156	MAP8	178	native_A89_2C	281	NA
A89_2C_155_156_MAP8_112_321	A89_2C_155_156_MAP8	155|156	MAP8	179	native_A89_2C	282	NA
A89_2C_155_156_MAP8_112_321	A89_2C_155_156_MAP8	155|156	MAP8	180	native_A89_2C	283	NA
A89_2C_155_156_MAP8_112_321	A89_2C_155_156_MAP8	155|156	MAP8	181	native_A89_2C	284	NA
A89_2C_155_156_MAP8_112_321	A89_2C_155_156_MAP8	155|156	MAP8	182	native_A89_2C	285	NA
A89_2C_155_156_MAP8_112_321	A89_2C_155_156_MAP8	155|156	MAP8	183	native_A89_2C	286	NA
A89_2C_155_156_MAP8_112_321	A89_2C_155_156_MAP8	155|156	MAP8	184	native_A89_2C	287	NA
A89_2C_155_156_MAP8_112_321	A89_2C_155_156_MAP8	155|156	MAP8	185	native_A89_2C	288	NA
A89_2C_155_156_MAP8_112_321	A89_2C_155_156_MAP8	155|156	MAP8	186	native_A89_2C	289	NA
A89_2C_155_156_MAP8_112_321	A89_2C_155_156_MAP8	155|156	MAP8	187	native_A89_2C	290	NA
A89_2C_155_156_MAP8_112_321	A89_2C_155_156_MAP8	155|156	MAP8	188	native_A89_2C	291	NA
A89_2C_155_156_MAP8_112_321	A89_2C_155_156_MAP8	155|156	MAP8	189	native_A89_2C	292	NA
A89_2C_155_156_MAP8_112_321	A89_2C_155_156_MAP8	155|156	MAP8	190	native_A89_2C	293	NA
A89_2C_155_156_MAP8_112_321	A89_2C_155_156_MAP8	155|156	MAP8	191	native_A89_2C	294	NA
A89_2C_155_156_MAP8_112_321	A89_2C_155_156_MAP8	155|156	MAP8	192	native_A89_2C	295	NA
A89_2C_155_156_MAP8_112_321	A89_2C_155_156_MAP8	155|156	MAP8	193	native_A89_2C	296	NA
A89_2C_155_156_MAP8_112_321	A89_2C_155_156_MAP8	155|156	MAP8	194	native_A89_2C	297	NA
A89_2C_155_156_MAP8_112_321	A89_2C_155_156_MAP8	155|156	MAP8	195	native_A89_2C	298	NA
A89_2C_155_156_MAP8_112_321	A89_2C_155_156_MAP8	155|156	MAP8	196	native_A89_2C	299	NA
A89_2C_155_156_MAP8_112_321	A89_2C_155_156_MAP8	155|156	MAP8	197	native_A89_2C	300	NA
A89_2C_155_156_MAP8_112_321	A89_2C_155_156_MAP8	155|156	MAP8	198	native_A89_2C	301	NA
A89_2C_155_156_MAP8_112_321	A89_2C_155_156_MAP8	155|156	MAP8	199	native_A89_2C	302	NA
A89_2C_155_156_MAP8_112_321	A89_2C_155_156_MAP8	155|156	MAP8	200	native_A89_2C	303	NA
A89_2C_155_156_MAP8_112_321	A89_2C_155_156_MAP8	155|156	MAP8	201	native_A89_2C	304	NA
A89_2C_155_156_MAP8_112_321	A89_2C_155_156_MAP8	155|156	MAP8	202	native_A89_2C	305	NA
A89_2C_155_156_MAP8_112_321	A89_2C_155_156_MAP8	155|156	MAP8	203	native_A89_2C	306	NA
A89_2C_155_156_MAP8_112_321	A89_2C_155_156_MAP8	155|156	MAP8	204	native_A89_2C	307	NA
A89_2C_155_156_MAP8_112_321	A89_2C_155_156_MAP8	155|156	MAP8	205	native_A89_2C	308	NA
A89_2C_155_156_MAP8_112_321	A89_2C_155_156_MAP8	155|156	MAP8	206	native_A89_2C	309	NA
A89_2C_155_156_MAP8_112_321	A89_2C_155_156_MAP8	155|156	MAP8	207	native_A89_2C	310	NA
A89_2C_155_156_MAP8_112_321	A89_2C_155_156_MAP8	155|156	MAP8	208	native_A89_2C	311	NA
A89_2C_155_156_MAP8_112_321	A89_2C_155_156_MAP8	155|156	MAP8	209	native_A89_2C	312	NA
A89_2C_155_156_MAP8_112_321	A89_2C_155_156_MAP8	155|156	MAP8	210	native_A89_2C	313	NA
A89_2C_155_156_MAP8_112_321	A89_2C_155_156_MAP8	155|156	MAP8	211	native_A89_2C	314	NA
A89_2C_155_156_MAP8_112_321	A89_2C_155_156_MAP8	155|156	MAP8	212	native_A89_2C	315	NA
A89_2C_155_156_MAP8_112_321	A89_2C_155_156_MAP8	155|156	MAP8	213	native_A89_2C	316	NA
A89_2C_155_156_MAP8_112_321	A89_2C_155_156_MAP8	155|156	MAP8	214	native_A89_2C	317	NA
A89_2C_155_156_MAP8_112_321	A89_2C_155_156_MAP8	155|156	MAP8	215	native_A89_2C	318	NA
A89_2C_155_156_MAP8_112_321	A89_2C_155_156_MAP8	155|156	MAP8	216	native_A89_2C	319	NA
A89_2C_155_156_MAP8_112_321	A89_2C_155_156_MAP8	155|156	MAP8	217	native_A89_2C	320	NA
A89_2C_155_156_MAP8_112_321	A89_2C_155_156_MAP8	155|156	MAP8	218	native_A89_2C	321	NA
